100000
199998
299994
399988
499980
599970
699958
799944
899928
999910
1099890
1199868
1299844
1399818
1499790
1599760
1699728
1799694
1899658
1999620
2099580
2199538
2299494
2399448
2499400
2599350
2699298
2799244
2899188
2999130
3099070
3199008
3298944
3398878
3498810
3598740
3698668
3798594
3898518
3998440
4098360
4198278
4298194
4398108
4498020
4597930
4697838
4797744
4897648
4997550
5097450
5197348
5297244
5397138
5497030
5596920
5696808
5796694
5896578
5996460
6096340
6196218
6296094
6395968
6495840
6595710
6695578
6795444
6895308
6995170
7095030
7194888
7294744
7394598
7494450
7594300
7694148
7793994
7893838
7993680
8093520
8193358
8293194
8393028
8492860
8592690
8692518
8792344
8892168
8991990
9091810
9191628
9291444
9391258
9491070
9590880
9690688
9790494
9890298
9990100
10089900
10189698
10289494
10389288
10489080
10588870
10688658
10788444
10888228
10988010
11087790
11187568
11287344
11387118
11486890
11586660
11686428
11786194
11885958
11985720
12085480
12185238
12284994
12384748
12484500
12584250
12683998
12783744
12883488
12983230
13082970
13182708
13282444
13382178
13481910
13581640
13681368
13781094
13880818
13980540
14080260
14179978
14279694
14379408
14479120
14578830
14678538
14778244
14877948
14977650
15077350
15177048
15276744
15376438
15476130
15575820
15675508
15775194
15874878
15974560
16074240
16173918
16273594
16373268
16472940
16572610
16672278
16771944
16871608
16971270
17070930
17170588
17270244
17369898
17469550
17569200
17668848
17768494
17868138
17967780
18067420
18167058
18266694
18366328
18465960
18565590
18665218
18764844
18864468
18964090
19063710
19163328
19262944
19362558
19462170
19561780
19661388
19760994
19860598
19960200
20059800
20159398
20258994
20358588
20458180
20557770
20657358
20756944
20856528
20956110
21055690
21155268
21254844
21354418
21453990
21553560
21653128
21752694
21852258
21951820
22051380
22150938
22250494
22350048
22449600
22549150
22648698
22748244
22847788
22947330
23046870
23146408
23245944
23345478
23445010
23544540
23644068
23743594
23843118
23942640
24042160
24141678
24241194
24340708
24440220
24539730
24639238
24738744
24838248
24937750
25037250
25136748
25236244
25335738
25435230
25534720
25634208
25733694
25833178
25932660
26032140
26131618
26231094
26330568
26430040
26529510
26628978
26728444
26827908
26927370
27026830
27126288
27225744
27325198
27424650
27524100
27623548
27722994
27822438
27921880
28021320
28120758
28220194
28319628
28419060
28518490
28617918
28717344
28816768
28916190
29015610
29115028
29214444
29313858
29413270
29512680
29612088
29711494
29810898
29910300
30009700
30109098
30208494
30307888
30407280
30506670
30606058
30705444
30804828
30904210
31003590
31102968
31202344
31301718
31401090
31500460
31599828
31699194
31798558
31897920
31997280
32096638
32195994
32295348
32394700
32494050
32593398
32692744
32792088
32891430
32990770
33090108
33189444
33288778
33388110
33487440
33586768
33686094
33785418
33884740
33984060
34083378
34182694
34282008
34381320
34480630
34579938
34679244
34778548
34877850
34977150
35076448
35175744
35275038
35374330
35473620
35572908
35672194
35771478
35870760
35970040
36069318
36168594
36267868
36367140
36466410
36565678
36664944
36764208
36863470
36962730
37061988
37161244
37260498
37359750
37459000
37558248
37657494
37756738
37855980
37955220
38054458
38153694
38252928
38352160
38451390
38550618
38649844
38749068
38848290
38947510
39046728
39145944
39245158
39344370
39443580
39542788
39641994
39741198
39840400
39939600
40038798
40137994
40237188
40336380
40435570
40534758
40633944
40733128
40832310
40931490
41030668
41129844
41229018
41328190
41427360
41526528
41625694
41724858
41824020
41923180
42022338
42121494
42220648
42319800
42418950
42518098
42617244
42716388
42815530
42914670
43013808
43112944
43212078
43311210
43410340
43509468
43608594
43707718
43806840
43905960
44005078
44104194
44203308
44302420
44401530
44500638
44599744
44698848
44797950
44897050
44996148
45095244
45194338
45293430
45392520
45491608
45590694
45689778
45788860
45887940
45987018
46086094
46185168
46284240
46383310
46482378
46581444
46680508
46779570
46878630
46977688
47076744
47175798
47274850
47373900
47472948
47571994
47671038
47770080
47869120
47968158
48067194
48166228
48265260
48364290
48463318
48562344
48661368
48760390
48859410
48958428
49057444
49156458
49255470
49354480
49453488
49552494
49651498
49750500
49849500
49948498
50047494
50146488
50245480
50344470
50443458
50542444
50641428
50740410
50839390
50938368
51037344
51136318
51235290
51334260
51433228
51532194
51631158
51730120
51829080
51928038
52026994
52125948
52224900
52323850
52422798
52521744
52620688
52719630
52818570
52917508
53016444
53115378
53214310
53313240
53412168
53511094
53610018
53708940
53807860
53906778
54005694
54104608
54203520
54302430
54401338
54500244
54599148
54698050
54796950
54895848
54994744
55093638
55192530
55291420
55390308
55489194
55588078
55686960
55785840
55884718
55983594
56082468
56181340
56280210
56379078
56477944
56576808
56675670
56774530
56873388
56972244
57071098
57169950
57268800
57367648
57466494
57565338
57664180
57763020
57861858
57960694
58059528
58158360
58257190
58356018
58454844
58553668
58652490
58751310
58850128
58948944
59047758
59146570
59245380
59344188
59442994
59541798
59640600
59739400
59838198
59936994
60035788
60134580
60233370
60332158
60430944
60529728
60628510
60727290
60826068
60924844
61023618
61122390
61221160
61319928
61418694
61517458
61616220
61714980
61813738
61912494
62011248
62110000
62208750
62307498
62406244
62504988
62603730
62702470
62801208
62899944
62998678
63097410
63196140
63294868
63393594
63492318
63591040
63689760
63788478
63887194
63985908
64084620
64183330
64282038
64380744
64479448
64578150
64676850
64775548
64874244
64972938
65071630
65170320
65269008
65367694
65466378
65565060
65663740
65762418
65861094
65959768
66058440
66157110
66255778
66354444
66453108
66551770
66650430
66749088
66847744
66946398
67045050
67143700
67242348
67340994
67439638
67538280
67636920
67735558
67834194
67932828
68031460
68130090
68228718
68327344
68425968
68524590
68623210
68721828
68820444
68919058
69017670
69116280
69214888
69313494
69412098
69510700
69609300
69707898
69806494
69905088
70003680
70102270
70200858
70299444
70398028
70496610
70595190
70693768
70792344
70890918
70989490
71088060
71186628
71285194
71383758
71482320
71580880
71679438
71777994
71876548
71975100
72073650
72172198
72270744
72369288
72467830
72566370
72664908
72763444
72861978
72960510
73059040
73157568
73256094
73354618
73453140
73551660
73650178
73748694
73847208
73945720
74044230
74142738
74241244
74339748
74438250
74536750
74635248
74733744
74832238
74930730
75029220
75127708
75226194
75324678
75423160
75521640
75620118
75718594
75817068
75915540
76014010
76112478
76210944
76309408
76407870
76506330
76604788
76703244
76801698
76900150
76998600
77097048
77195494
77293938
77392380
77490820
77589258
77687694
77786128
77884560
77982990
78081418
78179844
78278268
78376690
78475110
78573528
78671944
78770358
78868770
78967180
79065588
79163994
79262398
79360800
79459200
79557598
79655994
79754388
79852780
79951170
80049558
80147944
80246328
80344710
80443090
80541468
80639844
80738218
80836590
80934960
81033328
81131694
81230058
81328420
81426780
81525138
81623494
81721848
81820200
81918550
82016898
82115244
82213588
82311930
82410270
82508608
82606944
82705278
82803610
82901940
83000268
83098594
83196918
83295240
83393560
83491878
83590194
83688508
83786820
83885130
83983438
84081744
84180048
84278350
84376650
84474948
84573244
84671538
84769830
84868120
84966408
85064694
85162978
85261260
85359540
85457818
85556094
85654368
85752640
85850910
85949178
86047444
86145708
86243970
86342230
86440488
86538744
86636998
86735250
86833500
86931748
87029994
87128238
87226480
87324720
87422958
87521194
87619428
87717660
87815890
87914118
88012344
88110568
88208790
88307010
88405228
88503444
88601658
88699870
88798080
88896288
88994494
89092698
89190900
89289100
89387298
89485494
89583688
89681880
89780070
89878258
89976444
90074628
90172810
90270990
90369168
90467344
90565518
90663690
90761860
90860028
90958194
91056358
91154520
91252680
91350838
91448994
91547148
91645300
91743450
91841598
91939744
92037888
92136030
92234170
92332308
92430444
92528578
92626710
92724840
92822968
92921094
93019218
93117340
93215460
93313578
93411694
93509808
93607920
93706030
93804138
93902244
94000348
94098450
94196550
94294648
94392744
94490838
94588930
94687020
94785108
94883194
94981278
95079360
95177440
95275518
95373594
95471668
95569740
95667810
95765878
95863944
95962008
96060070
96158130
96256188
96354244
96452298
96550350
96648400
96746448
96844494
96942538
97040580
97138620
97236658
97334694
97432728
97530760
97628790
97726818
97824844
97922868
98020890
98118910
98216928
98314944
98412958
98510970
98608980
98706988
98804994
98902998
99001000
99099000
99196998
99294994
99392988
99490980
99588970
99686958
99784944
99882928
99980910
100078890
100176868
100274844
100372818
100470790
100568760
100666728
100764694
100862658
100960620
101058580
101156538
101254494
101352448
101450400
101548350
101646298
101744244
101842188
101940130
102038070
102136008
102233944
102331878
102429810
102527740
102625668
102723594
102821518
102919440
103017360
103115278
103213194
103311108
103409020
103506930
103604838
103702744
103800648
103898550
103996450
104094348
104192244
104290138
104388030
104485920
104583808
104681694
104779578
104877460
104975340
105073218
105171094
105268968
105366840
105464710
105562578
105660444
105758308
105856170
105954030
106051888
106149744
106247598
106345450
106443300
106541148
106638994
106736838
106834680
106932520
107030358
107128194
107226028
107323860
107421690
107519518
107617344
107715168
107812990
107910810
108008628
108106444
108204258
108302070
108399880
108497688
108595494
108693298
108791100
108888900
108986698
109084494
109182288
109280080
109377870
109475658
109573444
109671228
109769010
109866790
109964568
110062344
110160118
110257890
110355660
110453428
110551194
110648958
110746720
110844480
110942238
111039994
111137748
111235500
111333250
111430998
111528744
111626488
111724230
111821970
111919708
112017444
112115178
112212910
112310640
112408368
112506094
112603818
112701540
112799260
112896978
112994694
113092408
113190120
113287830
113385538
113483244
113580948
113678650
113776350
113874048
113971744
114069438
114167130
114264820
114362508
114460194
114557878
114655560
114753240
114850918
114948594
115046268
115143940
115241610
115339278
115436944
115534608
115632270
115729930
115827588
115925244
116022898
116120550
116218200
116315848
116413494
116511138
116608780
116706420
116804058
116901694
116999328
117096960
117194590
117292218
117389844
117487468
117585090
117682710
117780328
117877944
117975558
118073170
118170780
118268388
118365994
118463598
118561200
118658800
118756398
118853994
118951588
119049180
119146770
119244358
119341944
119439528
119537110
119634690
119732268
119829844
119927418
120024990
120122560
120220128
120317694
120415258
120512820
120610380
120707938
120805494
120903048
121000600
121098150
121195698
121293244
121390788
121488330
121585870
121683408
121780944
121878478
121976010
122073540
122171068
122268594
122366118
122463640
122561160
122658678
122756194
122853708
122951220
123048730
123146238
123243744
123341248
123438750
123536250
123633748
123731244
123828738
123926230
124023720
124121208
124218694
124316178
124413660
124511140
124608618
124706094
124803568
124901040
124998510
125095978
125193444
125290908
125388370
125485830
125583288
125680744
125778198
125875650
125973100
126070548
126167994
126265438
126362880
126460320
126557758
126655194
126752628
126850060
126947490
127044918
127142344
127239768
127337190
127434610
127532028
127629444
127726858
127824270
127921680
128019088
128116494
128213898
128311300
128408700
128506098
128603494
128700888
128798280
128895670
128993058
129090444
129187828
129285210
129382590
129479968
129577344
129674718
129772090
129869460
129966828
130064194
130161558
130258920
130356280
130453638
130550994
130648348
130745700
130843050
130940398
131037744
131135088
131232430
131329770
131427108
131524444
131621778
131719110
131816440
131913768
132011094
132108418
132205740
132303060
132400378
132497694
132595008
132692320
132789630
132886938
132984244
133081548
133178850
133276150
133373448
133470744
133568038
133665330
133762620
133859908
133957194
134054478
134151760
134249040
134346318
134443594
134540868
134638140
134735410
134832678
134929944
135027208
135124470
135221730
135318988
135416244
135513498
135610750
135708000
135805248
135902494
135999738
136096980
136194220
136291458
136388694
136485928
136583160
136680390
136777618
136874844
136972068
137069290
137166510
137263728
137360944
137458158
137555370
137652580
137749788
137846994
137944198
138041400
138138600
138235798
138332994
138430188
138527380
138624570
138721758
138818944
138916128
139013310
139110490
139207668
139304844
139402018
139499190
139596360
139693528
139790694
139887858
139985020
140082180
140179338
140276494
140373648
140470800
140567950
140665098
140762244
140859388
140956530
141053670
141150808
141247944
141345078
141442210
141539340
141636468
141733594
141830718
141927840
142024960
142122078
142219194
142316308
142413420
142510530
142607638
142704744
142801848
142898950
142996050
143093148
143190244
143287338
143384430
143481520
143578608
143675694
143772778
143869860
143966940
144064018
144161094
144258168
144355240
144452310
144549378
144646444
144743508
144840570
144937630
145034688
145131744
145228798
145325850
145422900
145519948
145616994
145714038
145811080
145908120
146005158
146102194
146199228
146296260
146393290
146490318
146587344
146684368
146781390
146878410
146975428
147072444
147169458
147266470
147363480
147460488
147557494
147654498
147751500
147848500
147945498
148042494
148139488
148236480
148333470
148430458
148527444
148624428
148721410
148818390
148915368
149012344
149109318
149206290
149303260
149400228
149497194
149594158
149691120
149788080
149885038
149981994
150078948
150175900
150272850
150369798
150466744
150563688
150660630
150757570
150854508
150951444
151048378
151145310
151242240
151339168
151436094
151533018
151629940
151726860
151823778
151920694
152017608
152114520
152211430
152308338
152405244
152502148
152599050
152695950
152792848
152889744
152986638
153083530
153180420
153277308
153374194
153471078
153567960
153664840
153761718
153858594
153955468
154052340
154149210
154246078
154342944
154439808
154536670
154633530
154730388
154827244
154924098
155020950
155117800
155214648
155311494
155408338
155505180
155602020
155698858
155795694
155892528
155989360
156086190
156183018
156279844
156376668
156473490
156570310
156667128
156763944
156860758
156957570
157054380
157151188
157247994
157344798
157441600
157538400
157635198
157731994
157828788
157925580
158022370
158119158
158215944
158312728
158409510
158506290
158603068
158699844
158796618
158893390
158990160
159086928
159183694
159280458
159377220
159473980
159570738
159667494
159764248
159861000
159957750
160054498
160151244
160247988
160344730
160441470
160538208
160634944
160731678
160828410
160925140
161021868
161118594
161215318
161312040
161408760
161505478
161602194
161698908
161795620
161892330
161989038
162085744
162182448
162279150
162375850
162472548
162569244
162665938
162762630
162859320
162956008
163052694
163149378
163246060
163342740
163439418
163536094
163632768
163729440
163826110
163922778
164019444
164116108
164212770
164309430
164406088
164502744
164599398
164696050
164792700
164889348
164985994
165082638
165179280
165275920
165372558
165469194
165565828
165662460
165759090
165855718
165952344
166048968
166145590
166242210
166338828
166435444
166532058
166628670
166725280
166821888
166918494
167015098
167111700
167208300
167304898
167401494
167498088
167594680
167691270
167787858
167884444
167981028
168077610
168174190
168270768
168367344
168463918
168560490
168657060
168753628
168850194
168946758
169043320
169139880
169236438
169332994
169429548
169526100
169622650
169719198
169815744
169912288
170008830
170105370
170201908
170298444
170394978
170491510
170588040
170684568
170781094
170877618
170974140
171070660
171167178
171263694
171360208
171456720
171553230
171649738
171746244
171842748
171939250
172035750
172132248
172228744
172325238
172421730
172518220
172614708
172711194
172807678
172904160
173000640
173097118
173193594
173290068
173386540
173483010
173579478
173675944
173772408
173868870
173965330
174061788
174158244
174254698
174351150
174447600
174544048
174640494
174736938
174833380
174929820
175026258
175122694
175219128
175315560
175411990
175508418
175604844
175701268
175797690
175894110
175990528
176086944
176183358
176279770
176376180
176472588
176568994
176665398
176761800
176858200
176954598
177050994
177147388
177243780
177340170
177436558
177532944
177629328
177725710
177822090
177918468
178014844
178111218
178207590
178303960
178400328
178496694
178593058
178689420
178785780
178882138
178978494
179074848
179171200
179267550
179363898
179460244
179556588
179652930
179749270
179845608
179941944
180038278
180134610
180230940
180327268
180423594
180519918
180616240
180712560
180808878
180905194
181001508
181097820
181194130
181290438
181386744
181483048
181579350
181675650
181771948
181868244
181964538
182060830
182157120
182253408
182349694
182445978
182542260
182638540
182734818
182831094
182927368
183023640
183119910
183216178
183312444
183408708
183504970
183601230
183697488
183793744
183889998
183986250
184082500
184178748
184274994
184371238
184467480
184563720
184659958
184756194
184852428
184948660
185044890
185141118
185237344
185333568
185429790
185526010
185622228
185718444
185814658
185910870
186007080
186103288
186199494
186295698
186391900
186488100
186584298
186680494
186776688
186872880
186969070
187065258
187161444
187257628
187353810
187449990
187546168
187642344
187738518
187834690
187930860
188027028
188123194
188219358
188315520
188411680
188507838
188603994
188700148
188796300
188892450
188988598
189084744
189180888
189277030
189373170
189469308
189565444
189661578
189757710
189853840
189949968
190046094
190142218
190238340
190334460
190430578
190526694
190622808
190718920
190815030
190911138
191007244
191103348
191199450
191295550
191391648
191487744
191583838
191679930
191776020
191872108
191968194
192064278
192160360
192256440
192352518
192448594
192544668
192640740
192736810
192832878
192928944
193025008
193121070
193217130
193313188
193409244
193505298
193601350
193697400
193793448
193889494
193985538
194081580
194177620
194273658
194369694
194465728
194561760
194657790
194753818
194849844
194945868
195041890
195137910
195233928
195329944
195425958
195521970
195617980
195713988
195809994
195905998
196002000
196098000
196193998
196289994
196385988
196481980
196577970
196673958
196769944
196865928
196961910
197057890
197153868
197249844
197345818
197441790
197537760
197633728
197729694
197825658
197921620
198017580
198113538
198209494
198305448
198401400
198497350
198593298
198689244
198785188
198881130
198977070
199073008
199168944
199264878
199360810
199456740
199552668
199648594
199744518
199840440
199936360
200032278
200128194
200224108
200320020
200415930
200511838
200607744
200703648
200799550
200895450
200991348
201087244
201183138
201279030
201374920
201470808
201566694
201662578
201758460
201854340
201950218
202046094
202141968
202237840
202333710
202429578
202525444
202621308
202717170
202813030
202908888
203004744
203100598
203196450
203292300
203388148
203483994
203579838
203675680
203771520
203867358
203963194
204059028
204154860
204250690
204346518
204442344
204538168
204633990
204729810
204825628
204921444
205017258
205113070
205208880
205304688
205400494
205496298
205592100
205687900
205783698
205879494
205975288
206071080
206166870
206262658
206358444
206454228
206550010
206645790
206741568
206837344
206933118
207028890
207124660
207220428
207316194
207411958
207507720
207603480
207699238
207794994
207890748
207986500
208082250
208177998
208273744
208369488
208465230
208560970
208656708
208752444
208848178
208943910
209039640
209135368
209231094
209326818
209422540
209518260
209613978
209709694
209805408
209901120
209996830
210092538
210188244
210283948
210379650
210475350
210571048
210666744
210762438
210858130
210953820
211049508
211145194
211240878
211336560
211432240
211527918
211623594
211719268
211814940
211910610
212006278
212101944
212197608
212293270
212388930
212484588
212580244
212675898
212771550
212867200
212962848
213058494
213154138
213249780
213345420
213441058
213536694
213632328
213727960
213823590
213919218
214014844
214110468
214206090
214301710
214397328
214492944
214588558
214684170
214779780
214875388
214970994
215066598
215162200
215257800
215353398
215448994
215544588
215640180
215735770
215831358
215926944
216022528
216118110
216213690
216309268
216404844
216500418
216595990
216691560
216787128
216882694
216978258
217073820
217169380
217264938
217360494
217456048
217551600
217647150
217742698
217838244
217933788
218029330
218124870
218220408
218315944
218411478
218507010
218602540
218698068
218793594
218889118
218984640
219080160
219175678
219271194
219366708
219462220
219557730
219653238
219748744
219844248
219939750
220035250
220130748
220226244
220321738
220417230
220512720
220608208
220703694
220799178
220894660
220990140
221085618
221181094
221276568
221372040
221467510
221562978
221658444
221753908
221849370
221944830
222040288
222135744
222231198
222326650
222422100
222517548
222612994
222708438
222803880
222899320
222994758
223090194
223185628
223281060
223376490
223471918
223567344
223662768
223758190
223853610
223949028
224044444
224139858
224235270
224330680
224426088
224521494
224616898
224712300
224807700
224903098
224998494
225093888
225189280
225284670
225380058
225475444
225570828
225666210
225761590
225856968
225952344
226047718
226143090
226238460
226333828
226429194
226524558
226619920
226715280
226810638
226905994
227001348
227096700
227192050
227287398
227382744
227478088
227573430
227668770
227764108
227859444
227954778
228050110
228145440
228240768
228336094
228431418
228526740
228622060
228717378
228812694
228908008
229003320
229098630
229193938
229289244
229384548
229479850
229575150
229670448
229765744
229861038
229956330
230051620
230146908
230242194
230337478
230432760
230528040
230623318
230718594
230813868
230909140
231004410
231099678
231194944
231290208
231385470
231480730
231575988
231671244
231766498
231861750
231957000
232052248
232147494
232242738
232337980
232433220
232528458
232623694
232718928
232814160
232909390
233004618
233099844
233195068
233290290
233385510
233480728
233575944
233671158
233766370
233861580
233956788
234051994
234147198
234242400
234337600
234432798
234527994
234623188
234718380
234813570
234908758
235003944
235099128
235194310
235289490
235384668
235479844
235575018
235670190
235765360
235860528
235955694
236050858
236146020
236241180
236336338
236431494
236526648
236621800
236716950
236812098
236907244
237002388
237097530
237192670
237287808
237382944
237478078
237573210
237668340
237763468
237858594
237953718
238048840
238143960
238239078
238334194
238429308
238524420
238619530
238714638
238809744
238904848
238999950
239095050
239190148
239285244
239380338
239475430
239570520
239665608
239760694
239855778
239950860
240045940
240141018
240236094
240331168
240426240
240521310
240616378
240711444
240806508
240901570
240996630
241091688
241186744
241281798
241376850
241471900
241566948
241661994
241757038
241852080
241947120
242042158
242137194
242232228
242327260
242422290
242517318
242612344
242707368
242802390
242897410
242992428
243087444
243182458
243277470
243372480
243467488
243562494
243657498
243752500
243847500
243942498
244037494
244132488
244227480
244322470
244417458
244512444
244607428
244702410
244797390
244892368
244987344
245082318
245177290
245272260
245367228
245462194
245557158
245652120
245747080
245842038
245936994
246031948
246126900
246221850
246316798
246411744
246506688
246601630
246696570
246791508
246886444
246981378
247076310
247171240
247266168
247361094
247456018
247550940
247645860
247740778
247835694
247930608
248025520
248120430
248215338
248310244
248405148
248500050
248594950
248689848
248784744
248879638
248974530
249069420
249164308
249259194
249354078
249448960
249543840
249638718
249733594
249828468
249923340
250018210
250113078
250207944
250302808
250397670
250492530
250587388
250682244
250777098
250871950
250966800
251061648
251156494
251251338
251346180
251441020
251535858
251630694
251725528
251820360
251915190
252010018
252104844
252199668
252294490
252389310
252484128
252578944
252673758
252768570
252863380
252958188
253052994
253147798
253242600
253337400
253432198
253526994
253621788
253716580
253811370
253906158
254000944
254095728
254190510
254285290
254380068
254474844
254569618
254664390
254759160
254853928
254948694
255043458
255138220
255232980
255327738
255422494
255517248
255612000
255706750
255801498
255896244
255990988
256085730
256180470
256275208
256369944
256464678
256559410
256654140
256748868
256843594
256938318
257033040
257127760
257222478
257317194
257411908
257506620
257601330
257696038
257790744
257885448
257980150
258074850
258169548
258264244
258358938
258453630
258548320
258643008
258737694
258832378
258927060
259021740
259116418
259211094
259305768
259400440
259495110
259589778
259684444
259779108
259873770
259968430
260063088
260157744
260252398
260347050
260441700
260536348
260630994
260725638
260820280
260914920
261009558
261104194
261198828
261293460
261388090
261482718
261577344
261671968
261766590
261861210
261955828
262050444
262145058
262239670
262334280
262428888
262523494
262618098
262712700
262807300
262901898
262996494
263091088
263185680
263280270
263374858
263469444
263564028
263658610
263753190
263847768
263942344
264036918
264131490
264226060
264320628
264415194
264509758
264604320
264698880
264793438
264887994
264982548
265077100
265171650
265266198
265360744
265455288
265549830
265644370
265738908
265833444
265927978
266022510
266117040
266211568
266306094
266400618
266495140
266589660
266684178
266778694
266873208
266967720
267062230
267156738
267251244
267345748
267440250
267534750
267629248
267723744
267818238
267912730
268007220
268101708
268196194
268290678
268385160
268479640
268574118
268668594
268763068
268857540
268952010
269046478
269140944
269235408
269329870
269424330
269518788
269613244
269707698
269802150
269896600
269991048
270085494
270179938
270274380
270368820
270463258
270557694
270652128
270746560
270840990
270935418
271029844
271124268
271218690
271313110
271407528
271501944
271596358
271690770
271785180
271879588
271973994
272068398
272162800
272257200
272351598
272445994
272540388
272634780
272729170
272823558
272917944
273012328
273106710
273201090
273295468
273389844
273484218
273578590
273672960
273767328
273861694
273956058
274050420
274144780
274239138
274333494
274427848
274522200
274616550
274710898
274805244
274899588
274993930
275088270
275182608
275276944
275371278
275465610
275559940
275654268
275748594
275842918
275937240
276031560
276125878
276220194
276314508
276408820
276503130
276597438
276691744
276786048
276880350
276974650
277068948
277163244
277257538
277351830
277446120
277540408
277634694
277728978
277823260
277917540
278011818
278106094
278200368
278294640
278388910
278483178
278577444
278671708
278765970
278860230
278954488
279048744
279142998
279237250
279331500
279425748
279519994
279614238
279708480
279802720
279896958
279991194
280085428
280179660
280273890
280368118
280462344
280556568
280650790
280745010
280839228
280933444
281027658
281121870
281216080
281310288
281404494
281498698
281592900
281687100
281781298
281875494
281969688
282063880
282158070
282252258
282346444
282440628
282534810
282628990
282723168
282817344
282911518
283005690
283099860
283194028
283288194
283382358
283476520
283570680
283664838
283758994
283853148
283947300
284041450
284135598
284229744
284323888
284418030
284512170
284606308
284700444
284794578
284888710
284982840
285076968
285171094
285265218
285359340
285453460
285547578
285641694
285735808
285829920
285924030
286018138
286112244
286206348
286300450
286394550
286488648
286582744
286676838
286770930
286865020
286959108
287053194
287147278
287241360
287335440
287429518
287523594
287617668
287711740
287805810
287899878
287993944
288088008
288182070
288276130
288370188
288464244
288558298
288652350
288746400
288840448
288934494
289028538
289122580
289216620
289310658
289404694
289498728
289592760
289686790
289780818
289874844
289968868
290062890
290156910
290250928
290344944
290438958
290532970
290626980
290720988
290814994
290908998
291003000
291097000
291190998
291284994
291378988
291472980
291566970
291660958
291754944
291848928
291942910
292036890
292130868
292224844
292318818
292412790
292506760
292600728
292694694
292788658
292882620
292976580
293070538
293164494
293258448
293352400
293446350
293540298
293634244
293728188
293822130
293916070
294010008
294103944
294197878
294291810
294385740
294479668
294573594
294667518
294761440
294855360
294949278
295043194
295137108
295231020
295324930
295418838
295512744
295606648
295700550
295794450
295888348
295982244
296076138
296170030
296263920
296357808
296451694
296545578
296639460
296733340
296827218
296921094
297014968
297108840
297202710
297296578
297390444
297484308
297578170
297672030
297765888
297859744
297953598
298047450
298141300
298235148
298328994
298422838
298516680
298610520
298704358
298798194
298892028
298985860
299079690
299173518
299267344
299361168
299454990
299548810
299642628
299736444
299830258
299924070
300017880
300111688
300205494
300299298
300393100
300486900
300580698
300674494
300768288
300862080
300955870
301049658
301143444
301237228
301331010
301424790
301518568
301612344
301706118
301799890
301893660
301987428
302081194
302174958
302268720
302362480
302456238
302549994
302643748
302737500
302831250
302924998
303018744
303112488
303206230
303299970
303393708
303487444
303581178
303674910
303768640
303862368
303956094
304049818
304143540
304237260
304330978
304424694
304518408
304612120
304705830
304799538
304893244
304986948
305080650
305174350
305268048
305361744
305455438
305549130
305642820
305736508
305830194
305923878
306017560
306111240
306204918
306298594
306392268
306485940
306579610
306673278
306766944
306860608
306954270
307047930
307141588
307235244
307328898
307422550
307516200
307609848
307703494
307797138
307890780
307984420
308078058
308171694
308265328
308358960
308452590
308546218
308639844
308733468
308827090
308920710
309014328
309107944
309201558
309295170
309388780
309482388
309575994
309669598
309763200
309856800
309950398
310043994
310137588
310231180
310324770
310418358
310511944
310605528
310699110
310792690
310886268
310979844
311073418
311166990
311260560
311354128
311447694
311541258
311634820
311728380
311821938
311915494
312009048
312102600
312196150
312289698
312383244
312476788
312570330
312663870
312757408
312850944
312944478
313038010
313131540
313225068
313318594
313412118
313505640
313599160
313692678
313786194
313879708
313973220
314066730
314160238
314253744
314347248
314440750
314534250
314627748
314721244
314814738
314908230
315001720
315095208
315188694
315282178
315375660
315469140
315562618
315656094
315749568
315843040
315936510
316029978
316123444
316216908
316310370
316403830
316497288
316590744
316684198
316777650
316871100
316964548
317057994
317151438
317244880
317338320
317431758
317525194
317618628
317712060
317805490
317898918
317992344
318085768
318179190
318272610
318366028
318459444
318552858
318646270
318739680
318833088
318926494
319019898
319113300
319206700
319300098
319393494
319486888
319580280
319673670
319767058
319860444
319953828
320047210
320140590
320233968
320327344
320420718
320514090
320607460
320700828
320794194
320887558
320980920
321074280
321167638
321260994
321354348
321447700
321541050
321634398
321727744
321821088
321914430
322007770
322101108
322194444
322287778
322381110
322474440
322567768
322661094
322754418
322847740
322941060
323034378
323127694
323221008
323314320
323407630
323500938
323594244
323687548
323780850
323874150
323967448
324060744
324154038
324247330
324340620
324433908
324527194
324620478
324713760
324807040
324900318
324993594
325086868
325180140
325273410
325366678
325459944
325553208
325646470
325739730
325832988
325926244
326019498
326112750
326206000
326299248
326392494
326485738
326578980
326672220
326765458
326858694
326951928
327045160
327138390
327231618
327324844
327418068
327511290
327604510
327697728
327790944
327884158
327977370
328070580
328163788
328256994
328350198
328443400
328536600
328629798
328722994
328816188
328909380
329002570
329095758
329188944
329282128
329375310
329468490
329561668
329654844
329748018
329841190
329934360
330027528
330120694
330213858
330307020
330400180
330493338
330586494
330679648
330772800
330865950
330959098
331052244
331145388
331238530
331331670
331424808
331517944
331611078
331704210
331797340
331890468
331983594
332076718
332169840
332262960
332356078
332449194
332542308
332635420
332728530
332821638
332914744
333007848
333100950
333194050
333287148
333380244
333473338
333566430
333659520
333752608
333845694
333938778
334031860
334124940
334218018
334311094
334404168
334497240
334590310
334683378
334776444
334869508
334962570
335055630
335148688
335241744
335334798
335427850
335520900
335613948
335706994
335800038
335893080
335986120
336079158
336172194
336265228
336358260
336451290
336544318
336637344
336730368
336823390
336916410
337009428
337102444
337195458
337288470
337381480
337474488
337567494
337660498
337753500
337846500
337939498
338032494
338125488
338218480
338311470
338404458
338497444
338590428
338683410
338776390
338869368
338962344
339055318
339148290
339241260
339334228
339427194
339520158
339613120
339706080
339799038
339891994
339984948
340077900
340170850
340263798
340356744
340449688
340542630
340635570
340728508
340821444
340914378
341007310
341100240
341193168
341286094
341379018
341471940
341564860
341657778
341750694
341843608
341936520
342029430
342122338
342215244
342308148
342401050
342493950
342586848
342679744
342772638
342865530
342958420
343051308
343144194
343237078
343329960
343422840
343515718
343608594
343701468
343794340
343887210
343980078
344072944
344165808
344258670
344351530
344444388
344537244
344630098
344722950
344815800
344908648
345001494
345094338
345187180
345280020
345372858
345465694
345558528
345651360
345744190
345837018
345929844
346022668
346115490
346208310
346301128
346393944
346486758
346579570
346672380
346765188
346857994
346950798
347043600
347136400
347229198
347321994
347414788
347507580
347600370
347693158
347785944
347878728
347971510
348064290
348157068
348249844
348342618
348435390
348528160
348620928
348713694
348806458
348899220
348991980
349084738
349177494
349270248
349363000
349455750
349548498
349641244
349733988
349826730
349919470
350012208
350104944
350197678
350290410
350383140
350475868
350568594
350661318
350754040
350846760
350939478
351032194
351124908
351217620
351310330
351403038
351495744
351588448
351681150
351773850
351866548
351959244
352051938
352144630
352237320
352330008
352422694
352515378
352608060
352700740
352793418
352886094
352978768
353071440
353164110
353256778
353349444
353442108
353534770
353627430
353720088
353812744
353905398
353998050
354090700
354183348
354275994
354368638
354461280
354553920
354646558
354739194
354831828
354924460
355017090
355109718
355202344
355294968
355387590
355480210
355572828
355665444
355758058
355850670
355943280
356035888
356128494
356221098
356313700
356406300
356498898
356591494
356684088
356776680
356869270
356961858
357054444
357147028
357239610
357332190
357424768
357517344
357609918
357702490
357795060
357887628
357980194
358072758
358165320
358257880
358350438
358442994
358535548
358628100
358720650
358813198
358905744
358998288
359090830
359183370
359275908
359368444
359460978
359553510
359646040
359738568
359831094
359923618
360016140
360108660
360201178
360293694
360386208
360478720
360571230
360663738
360756244
360848748
360941250
361033750
361126248
361218744
361311238
361403730
361496220
361588708
361681194
361773678
361866160
361958640
362051118
362143594
362236068
362328540
362421010
362513478
362605944
362698408
362790870
362883330
362975788
363068244
363160698
363253150
363345600
363438048
363530494
363622938
363715380
363807820
363900258
363992694
364085128
364177560
364269990
364362418
364454844
364547268
364639690
364732110
364824528
364916944
365009358
365101770
365194180
365286588
365378994
365471398
365563800
365656200
365748598
365840994
365933388
366025780
366118170
366210558
366302944
366395328
366487710
366580090
366672468
366764844
366857218
366949590
367041960
367134328
367226694
367319058
367411420
367503780
367596138
367688494
367780848
367873200
367965550
368057898
368150244
368242588
368334930
368427270
368519608
368611944
368704278
368796610
368888940
368981268
369073594
369165918
369258240
369350560
369442878
369535194
369627508
369719820
369812130
369904438
369996744
370089048
370181350
370273650
370365948
370458244
370550538
370642830
370735120
370827408
370919694
371011978
371104260
371196540
371288818
371381094
371473368
371565640
371657910
371750178
371842444
371934708
372026970
372119230
372211488
372303744
372395998
372488250
372580500
372672748
372764994
372857238
372949480
373041720
373133958
373226194
373318428
373410660
373502890
373595118
373687344
373779568
373871790
373964010
374056228
374148444
374240658
374332870
374425080
374517288
374609494
374701698
374793900
374886100
374978298
375070494
375162688
375254880
375347070
375439258
375531444
375623628
375715810
375807990
375900168
375992344
376084518
376176690
376268860
376361028
376453194
376545358
376637520
376729680
376821838
376913994
377006148
377098300
377190450
377282598
377374744
377466888
377559030
377651170
377743308
377835444
377927578
378019710
378111840
378203968
378296094
378388218
378480340
378572460
378664578
378756694
378848808
378940920
379033030
379125138
379217244
379309348
379401450
379493550
379585648
379677744
379769838
379861930
379954020
380046108
380138194
380230278
380322360
380414440
380506518
380598594
380690668
380782740
380874810
380966878
381058944
381151008
381243070
381335130
381427188
381519244
381611298
381703350
381795400
381887448
381979494
382071538
382163580
382255620
382347658
382439694
382531728
382623760
382715790
382807818
382899844
382991868
383083890
383175910
383267928
383359944
383451958
383543970
383635980
383727988
383819994
383911998
384004000
384096000
384187998
384279994
384371988
384463980
384555970
384647958
384739944
384831928
384923910
385015890
385107868
385199844
385291818
385383790
385475760
385567728
385659694
385751658
385843620
385935580
386027538
386119494
386211448
386303400
386395350
386487298
386579244
386671188
386763130
386855070
386947008
387038944
387130878
387222810
387314740
387406668
387498594
387590518
387682440
387774360
387866278
387958194
388050108
388142020
388233930
388325838
388417744
388509648
388601550
388693450
388785348
388877244
388969138
389061030
389152920
389244808
389336694
389428578
389520460
389612340
389704218
389796094
389887968
389979840
390071710
390163578
390255444
390347308
390439170
390531030
390622888
390714744
390806598
390898450
390990300
391082148
391173994
391265838
391357680
391449520
391541358
391633194
391725028
391816860
391908690
392000518
392092344
392184168
392275990
392367810
392459628
392551444
392643258
392735070
392826880
392918688
393010494
393102298
393194100
393285900
393377698
393469494
393561288
393653080
393744870
393836658
393928444
394020228
394112010
394203790
394295568
394387344
394479118
394570890
394662660
394754428
394846194
394937958
395029720
395121480
395213238
395304994
395396748
395488500
395580250
395671998
395763744
395855488
395947230
396038970
396130708
396222444
396314178
396405910
396497640
396589368
396681094
396772818
396864540
396956260
397047978
397139694
397231408
397323120
397414830
397506538
397598244
397689948
397781650
397873350
397965048
398056744
398148438
398240130
398331820
398423508
398515194
398606878
398698560
398790240
398881918
398973594
399065268
399156940
399248610
399340278
399431944
399523608
399615270
399706930
399798588
399890244
399981898
400073550
400165200
400256848
400348494
400440138
400531780
400623420
400715058
400806694
400898328
400989960
401081590
401173218
401264844
401356468
401448090
401539710
401631328
401722944
401814558
401906170
401997780
402089388
402180994
402272598
402364200
402455800
402547398
402638994
402730588
402822180
402913770
403005358
403096944
403188528
403280110
403371690
403463268
403554844
403646418
403737990
403829560
403921128
404012694
404104258
404195820
404287380
404378938
404470494
404562048
404653600
404745150
404836698
404928244
405019788
405111330
405202870
405294408
405385944
405477478
405569010
405660540
405752068
405843594
405935118
406026640
406118160
406209678
406301194
406392708
406484220
406575730
406667238
406758744
406850248
406941750
407033250
407124748
407216244
407307738
407399230
407490720
407582208
407673694
407765178
407856660
407948140
408039618
408131094
408222568
408314040
408405510
408496978
408588444
408679908
408771370
408862830
408954288
409045744
409137198
409228650
409320100
409411548
409502994
409594438
409685880
409777320
409868758
409960194
410051628
410143060
410234490
410325918
410417344
410508768
410600190
410691610
410783028
410874444
410965858
411057270
411148680
411240088
411331494
411422898
411514300
411605700
411697098
411788494
411879888
411971280
412062670
412154058
412245444
412336828
412428210
412519590
412610968
412702344
412793718
412885090
412976460
413067828
413159194
413250558
413341920
413433280
413524638
413615994
413707348
413798700
413890050
413981398
414072744
414164088
414255430
414346770
414438108
414529444
414620778
414712110
414803440
414894768
414986094
415077418
415168740
415260060
415351378
415442694
415534008
415625320
415716630
415807938
415899244
415990548
416081850
416173150
416264448
416355744
416447038
416538330
416629620
416720908
416812194
416903478
416994760
417086040
417177318
417268594
417359868
417451140
417542410
417633678
417724944
417816208
417907470
417998730
418089988
418181244
418272498
418363750
418455000
418546248
418637494
418728738
418819980
418911220
419002458
419093694
419184928
419276160
419367390
419458618
419549844
419641068
419732290
419823510
419914728
420005944
420097158
420188370
420279580
420370788
420461994
420553198
420644400
420735600
420826798
420917994
421009188
421100380
421191570
421282758
421373944
421465128
421556310
421647490
421738668
421829844
421921018
422012190
422103360
422194528
422285694
422376858
422468020
422559180
422650338
422741494
422832648
422923800
423014950
423106098
423197244
423288388
423379530
423470670
423561808
423652944
423744078
423835210
423926340
424017468
424108594
424199718
424290840
424381960
424473078
424564194
424655308
424746420
424837530
424928638
425019744
425110848
425201950
425293050
425384148
425475244
425566338
425657430
425748520
425839608
425930694
426021778
426112860
426203940
426295018
426386094
426477168
426568240
426659310
426750378
426841444
426932508
427023570
427114630
427205688
427296744
427387798
427478850
427569900
427660948
427751994
427843038
427934080
428025120
428116158
428207194
428298228
428389260
428480290
428571318
428662344
428753368
428844390
428935410
429026428
429117444
429208458
429299470
429390480
429481488
429572494
429663498
429754500
429845500
429936498
430027494
430118488
430209480
430300470
430391458
430482444
430573428
430664410
430755390
430846368
430937344
431028318
431119290
431210260
431301228
431392194
431483158
431574120
431665080
431756038
431846994
431937948
432028900
432119850
432210798
432301744
432392688
432483630
432574570
432665508
432756444
432847378
432938310
433029240
433120168
433211094
433302018
433392940
433483860
433574778
433665694
433756608
433847520
433938430
434029338
434120244
434211148
434302050
434392950
434483848
434574744
434665638
434756530
434847420
434938308
435029194
435120078
435210960
435301840
435392718
435483594
435574468
435665340
435756210
435847078
435937944
436028808
436119670
436210530
436301388
436392244
436483098
436573950
436664800
436755648
436846494
436937338
437028180
437119020
437209858
437300694
437391528
437482360
437573190
437664018
437754844
437845668
437936490
438027310
438118128
438208944
438299758
438390570
438481380
438572188
438662994
438753798
438844600
438935400
439026198
439116994
439207788
439298580
439389370
439480158
439570944
439661728
439752510
439843290
439934068
440024844
440115618
440206390
440297160
440387928
440478694
440569458
440660220
440750980
440841738
440932494
441023248
441114000
441204750
441295498
441386244
441476988
441567730
441658470
441749208
441839944
441930678
442021410
442112140
442202868
442293594
442384318
442475040
442565760
442656478
442747194
442837908
442928620
443019330
443110038
443200744
443291448
443382150
443472850
443563548
443654244
443744938
443835630
443926320
444017008
444107694
444198378
444289060
444379740
444470418
444561094
444651768
444742440
444833110
444923778
445014444
445105108
445195770
445286430
445377088
445467744
445558398
445649050
445739700
445830348
445920994
446011638
446102280
446192920
446283558
446374194
446464828
446555460
446646090
446736718
446827344
446917968
447008590
447099210
447189828
447280444
447371058
447461670
447552280
447642888
447733494
447824098
447914700
448005300
448095898
448186494
448277088
448367680
448458270
448548858
448639444
448730028
448820610
448911190
449001768
449092344
449182918
449273490
449364060
449454628
449545194
449635758
449726320
449816880
449907438
449997994
450088548
450179100
450269650
450360198
450450744
450541288
450631830
450722370
450812908
450903444
450993978
451084510
451175040
451265568
451356094
451446618
451537140
451627660
451718178
451808694
451899208
451989720
452080230
452170738
452261244
452351748
452442250
452532750
452623248
452713744
452804238
452894730
452985220
453075708
453166194
453256678
453347160
453437640
453528118
453618594
453709068
453799540
453890010
453980478
454070944
454161408
454251870
454342330
454432788
454523244
454613698
454704150
454794600
454885048
454975494
455065938
455156380
455246820
455337258
455427694
455518128
455608560
455698990
455789418
455879844
455970268
456060690
456151110
456241528
456331944
456422358
456512770
456603180
456693588
456783994
456874398
456964800
457055200
457145598
457235994
457326388
457416780
457507170
457597558
457687944
457778328
457868710
457959090
458049468
458139844
458230218
458320590
458410960
458501328
458591694
458682058
458772420
458862780
458953138
459043494
459133848
459224200
459314550
459404898
459495244
459585588
459675930
459766270
459856608
459946944
460037278
460127610
460217940
460308268
460398594
460488918
460579240
460669560
460759878
460850194
460940508
461030820
461121130
461211438
461301744
461392048
461482350
461572650
461662948
461753244
461843538
461933830
462024120
462114408
462204694
462294978
462385260
462475540
462565818
462656094
462746368
462836640
462926910
463017178
463107444
463197708
463287970
463378230
463468488
463558744
463648998
463739250
463829500
463919748
464009994
464100238
464190480
464280720
464370958
464461194
464551428
464641660
464731890
464822118
464912344
465002568
465092790
465183010
465273228
465363444
465453658
465543870
465634080
465724288
465814494
465904698
465994900
466085100
466175298
466265494
466355688
466445880
466536070
466626258
466716444
466806628
466896810
466986990
467077168
467167344
467257518
467347690
467437860
467528028
467618194
467708358
467798520
467888680
467978838
468068994
468159148
468249300
468339450
468429598
468519744
468609888
468700030
468790170
468880308
468970444
469060578
469150710
469240840
469330968
469421094
469511218
469601340
469691460
469781578
469871694
469961808
470051920
470142030
470232138
470322244
470412348
470502450
470592550
470682648
470772744
470862838
470952930
471043020
471133108
471223194
471313278
471403360
471493440
471583518
471673594
471763668
471853740
471943810
472033878
472123944
472214008
472304070
472394130
472484188
472574244
472664298
472754350
472844400
472934448
473024494
473114538
473204580
473294620
473384658
473474694
473564728
473654760
473744790
473834818
473924844
474014868
474104890
474194910
474284928
474374944
474464958
474554970
474644980
474734988
474824994
474914998
475005000
475095000
475184998
475274994
475364988
475454980
475544970
475634958
475724944
475814928
475904910
475994890
476084868
476174844
476264818
476354790
476444760
476534728
476624694
476714658
476804620
476894580
476984538
477074494
477164448
477254400
477344350
477434298
477524244
477614188
477704130
477794070
477884008
477973944
478063878
478153810
478243740
478333668
478423594
478513518
478603440
478693360
478783278
478873194
478963108
479053020
479142930
479232838
479322744
479412648
479502550
479592450
479682348
479772244
479862138
479952030
480041920
480131808
480221694
480311578
480401460
480491340
480581218
480671094
480760968
480850840
480940710
481030578
481120444
481210308
481300170
481390030
481479888
481569744
481659598
481749450
481839300
481929148
482018994
482108838
482198680
482288520
482378358
482468194
482558028
482647860
482737690
482827518
482917344
483007168
483096990
483186810
483276628
483366444
483456258
483546070
483635880
483725688
483815494
483905298
483995100
484084900
484174698
484264494
484354288
484444080
484533870
484623658
484713444
484803228
484893010
484982790
485072568
485162344
485252118
485341890
485431660
485521428
485611194
485700958
485790720
485880480
485970238
486059994
486149748
486239500
486329250
486418998
486508744
486598488
486688230
486777970
486867708
486957444
487047178
487136910
487226640
487316368
487406094
487495818
487585540
487675260
487764978
487854694
487944408
488034120
488123830
488213538
488303244
488392948
488482650
488572350
488662048
488751744
488841438
488931130
489020820
489110508
489200194
489289878
489379560
489469240
489558918
489648594
489738268
489827940
489917610
490007278
490096944
490186608
490276270
490365930
490455588
490545244
490634898
490724550
490814200
490903848
490993494
491083138
491172780
491262420
491352058
491441694
491531328
491620960
491710590
491800218
491889844
491979468
492069090
492158710
492248328
492337944
492427558
492517170
492606780
492696388
492785994
492875598
492965200
493054800
493144398
493233994
493323588
493413180
493502770
493592358
493681944
493771528
493861110
493950690
494040268
494129844
494219418
494308990
494398560
494488128
494577694
494667258
494756820
494846380
494935938
495025494
495115048
495204600
495294150
495383698
495473244
495562788
495652330
495741870
495831408
495920944
496010478
496100010
496189540
496279068
496368594
496458118
496547640
496637160
496726678
496816194
496905708
496995220
497084730
497174238
497263744
497353248
497442750
497532250
497621748
497711244
497800738
497890230
497979720
498069208
498158694
498248178
498337660
498427140
498516618
498606094
498695568
498785040
498874510
498963978
499053444
499142908
499232370
499321830
499411288
499500744
499590198
499679650
499769100
499858548
499947994
500037438
500126880
500216320
500305758
500395194
500484628
500574060
500663490
500752918
500842344
500931768
501021190
501110610
501200028
501289444
501378858
501468270
501557680
501647088
501736494
501825898
501915300
502004700
502094098
502183494
502272888
502362280
502451670
502541058
502630444
502719828
502809210
502898590
502987968
503077344
503166718
503256090
503345460
503434828
503524194
503613558
503702920
503792280
503881638
503970994
504060348
504149700
504239050
504328398
504417744
504507088
504596430
504685770
504775108
504864444
504953778
505043110
505132440
505221768
505311094
505400418
505489740
505579060
505668378
505757694
505847008
505936320
506025630
506114938
506204244
506293548
506382850
506472150
506561448
506650744
506740038
506829330
506918620
507007908
507097194
507186478
507275760
507365040
507454318
507543594
507632868
507722140
507811410
507900678
507989944
508079208
508168470
508257730
508346988
508436244
508525498
508614750
508704000
508793248
508882494
508971738
509060980
509150220
509239458
509328694
509417928
509507160
509596390
509685618
509774844
509864068
509953290
510042510
510131728
510220944
510310158
510399370
510488580
510577788
510666994
510756198
510845400
510934600
511023798
511112994
511202188
511291380
511380570
511469758
511558944
511648128
511737310
511826490
511915668
512004844
512094018
512183190
512272360
512361528
512450694
512539858
512629020
512718180
512807338
512896494
512985648
513074800
513163950
513253098
513342244
513431388
513520530
513609670
513698808
513787944
513877078
513966210
514055340
514144468
514233594
514322718
514411840
514500960
514590078
514679194
514768308
514857420
514946530
515035638
515124744
515213848
515302950
515392050
515481148
515570244
515659338
515748430
515837520
515926608
516015694
516104778
516193860
516282940
516372018
516461094
516550168
516639240
516728310
516817378
516906444
516995508
517084570
517173630
517262688
517351744
517440798
517529850
517618900
517707948
517796994
517886038
517975080
518064120
518153158
518242194
518331228
518420260
518509290
518598318
518687344
518776368
518865390
518954410
519043428
519132444
519221458
519310470
519399480
519488488
519577494
519666498
519755500
519844500
519933498
520022494
520111488
520200480
520289470
520378458
520467444
520556428
520645410
520734390
520823368
520912344
521001318
521090290
521179260
521268228
521357194
521446158
521535120
521624080
521713038
521801994
521890948
521979900
522068850
522157798
522246744
522335688
522424630
522513570
522602508
522691444
522780378
522869310
522958240
523047168
523136094
523225018
523313940
523402860
523491778
523580694
523669608
523758520
523847430
523936338
524025244
524114148
524203050
524291950
524380848
524469744
524558638
524647530
524736420
524825308
524914194
525003078
525091960
525180840
525269718
525358594
525447468
525536340
525625210
525714078
525802944
525891808
525980670
526069530
526158388
526247244
526336098
526424950
526513800
526602648
526691494
526780338
526869180
526958020
527046858
527135694
527224528
527313360
527402190
527491018
527579844
527668668
527757490
527846310
527935128
528023944
528112758
528201570
528290380
528379188
528467994
528556798
528645600
528734400
528823198
528911994
529000788
529089580
529178370
529267158
529355944
529444728
529533510
529622290
529711068
529799844
529888618
529977390
530066160
530154928
530243694
530332458
530421220
530509980
530598738
530687494
530776248
530865000
530953750
531042498
531131244
531219988
531308730
531397470
531486208
531574944
531663678
531752410
531841140
531929868
532018594
532107318
532196040
532284760
532373478
532462194
532550908
532639620
532728330
532817038
532905744
532994448
533083150
533171850
533260548
533349244
533437938
533526630
533615320
533704008
533792694
533881378
533970060
534058740
534147418
534236094
534324768
534413440
534502110
534590778
534679444
534768108
534856770
534945430
535034088
535122744
535211398
535300050
535388700
535477348
535565994
535654638
535743280
535831920
535920558
536009194
536097828
536186460
536275090
536363718
536452344
536540968
536629590
536718210
536806828
536895444
536984058
537072670
537161280
537249888
537338494
537427098
537515700
537604300
537692898
537781494
537870088
537958680
538047270
538135858
538224444
538313028
538401610
538490190
538578768
538667344
538755918
538844490
538933060
539021628
539110194
539198758
539287320
539375880
539464438
539552994
539641548
539730100
539818650
539907198
539995744
540084288
540172830
540261370
540349908
540438444
540526978
540615510
540704040
540792568
540881094
540969618
541058140
541146660
541235178
541323694
541412208
541500720
541589230
541677738
541766244
541854748
541943250
542031750
542120248
542208744
542297238
542385730
542474220
542562708
542651194
542739678
542828160
542916640
543005118
543093594
543182068
543270540
543359010
543447478
543535944
543624408
543712870
543801330
543889788
543978244
544066698
544155150
544243600
544332048
544420494
544508938
544597380
544685820
544774258
544862694
544951128
545039560
545127990
545216418
545304844
545393268
545481690
545570110
545658528
545746944
545835358
545923770
546012180
546100588
546188994
546277398
546365800
546454200
546542598
546630994
546719388
546807780
546896170
546984558
547072944
547161328
547249710
547338090
547426468
547514844
547603218
547691590
547779960
547868328
547956694
548045058
548133420
548221780
548310138
548398494
548486848
548575200
548663550
548751898
548840244
548928588
549016930
549105270
549193608
549281944
549370278
549458610
549546940
549635268
549723594
549811918
549900240
549988560
550076878
550165194
550253508
550341820
550430130
550518438
550606744
550695048
550783350
550871650
550959948
551048244
551136538
551224830
551313120
551401408
551489694
551577978
551666260
551754540
551842818
551931094
552019368
552107640
552195910
552284178
552372444
552460708
552548970
552637230
552725488
552813744
552901998
552990250
553078500
553166748
553254994
553343238
553431480
553519720
553607958
553696194
553784428
553872660
553960890
554049118
554137344
554225568
554313790
554402010
554490228
554578444
554666658
554754870
554843080
554931288
555019494
555107698
555195900
555284100
555372298
555460494
555548688
555636880
555725070
555813258
555901444
555989628
556077810
556165990
556254168
556342344
556430518
556518690
556606860
556695028
556783194
556871358
556959520
557047680
557135838
557223994
557312148
557400300
557488450
557576598
557664744
557752888
557841030
557929170
558017308
558105444
558193578
558281710
558369840
558457968
558546094
558634218
558722340
558810460
558898578
558986694
559074808
559162920
559251030
559339138
559427244
559515348
559603450
559691550
559779648
559867744
559955838
560043930
560132020
560220108
560308194
560396278
560484360
560572440
560660518
560748594
560836668
560924740
561012810
561100878
561188944
561277008
561365070
561453130
561541188
561629244
561717298
561805350
561893400
561981448
562069494
562157538
562245580
562333620
562421658
562509694
562597728
562685760
562773790
562861818
562949844
563037868
563125890
563213910
563301928
563389944
563477958
563565970
563653980
563741988
563829994
563917998
564006000
564094000
564181998
564269994
564357988
564445980
564533970
564621958
564709944
564797928
564885910
564973890
565061868
565149844
565237818
565325790
565413760
565501728
565589694
565677658
565765620
565853580
565941538
566029494
566117448
566205400
566293350
566381298
566469244
566557188
566645130
566733070
566821008
566908944
566996878
567084810
567172740
567260668
567348594
567436518
567524440
567612360
567700278
567788194
567876108
567964020
568051930
568139838
568227744
568315648
568403550
568491450
568579348
568667244
568755138
568843030
568930920
569018808
569106694
569194578
569282460
569370340
569458218
569546094
569633968
569721840
569809710
569897578
569985444
570073308
570161170
570249030
570336888
570424744
570512598
570600450
570688300
570776148
570863994
570951838
571039680
571127520
571215358
571303194
571391028
571478860
571566690
571654518
571742344
571830168
571917990
572005810
572093628
572181444
572269258
572357070
572444880
572532688
572620494
572708298
572796100
572883900
572971698
573059494
573147288
573235080
573322870
573410658
573498444
573586228
573674010
573761790
573849568
573937344
574025118
574112890
574200660
574288428
574376194
574463958
574551720
574639480
574727238
574814994
574902748
574990500
575078250
575165998
575253744
575341488
575429230
575516970
575604708
575692444
575780178
575867910
575955640
576043368
576131094
576218818
576306540
576394260
576481978
576569694
576657408
576745120
576832830
576920538
577008244
577095948
577183650
577271350
577359048
577446744
577534438
577622130
577709820
577797508
577885194
577972878
578060560
578148240
578235918
578323594
578411268
578498940
578586610
578674278
578761944
578849608
578937270
579024930
579112588
579200244
579287898
579375550
579463200
579550848
579638494
579726138
579813780
579901420
579989058
580076694
580164328
580251960
580339590
580427218
580514844
580602468
580690090
580777710
580865328
580952944
581040558
581128170
581215780
581303388
581390994
581478598
581566200
581653800
581741398
581828994
581916588
582004180
582091770
582179358
582266944
582354528
582442110
582529690
582617268
582704844
582792418
582879990
582967560
583055128
583142694
583230258
583317820
583405380
583492938
583580494
583668048
583755600
583843150
583930698
584018244
584105788
584193330
584280870
584368408
584455944
584543478
584631010
584718540
584806068
584893594
584981118
585068640
585156160
585243678
585331194
585418708
585506220
585593730
585681238
585768744
585856248
585943750
586031250
586118748
586206244
586293738
586381230
586468720
586556208
586643694
586731178
586818660
586906140
586993618
587081094
587168568
587256040
587343510
587430978
587518444
587605908
587693370
587780830
587868288
587955744
588043198
588130650
588218100
588305548
588392994
588480438
588567880
588655320
588742758
588830194
588917628
589005060
589092490
589179918
589267344
589354768
589442190
589529610
589617028
589704444
589791858
589879270
589966680
590054088
590141494
590228898
590316300
590403700
590491098
590578494
590665888
590753280
590840670
590928058
591015444
591102828
591190210
591277590
591364968
591452344
591539718
591627090
591714460
591801828
591889194
591976558
592063920
592151280
592238638
592325994
592413348
592500700
592588050
592675398
592762744
592850088
592937430
593024770
593112108
593199444
593286778
593374110
593461440
593548768
593636094
593723418
593810740
593898060
593985378
594072694
594160008
594247320
594334630
594421938
594509244
594596548
594683850
594771150
594858448
594945744
595033038
595120330
595207620
595294908
595382194
595469478
595556760
595644040
595731318
595818594
595905868
595993140
596080410
596167678
596254944
596342208
596429470
596516730
596603988
596691244
596778498
596865750
596953000
597040248
597127494
597214738
597301980
597389220
597476458
597563694
597650928
597738160
597825390
597912618
597999844
598087068
598174290
598261510
598348728
598435944
598523158
598610370
598697580
598784788
598871994
598959198
599046400
599133600
599220798
599307994
599395188
599482380
599569570
599656758
599743944
599831128
599918310
600005490
600092668
600179844
600267018
600354190
600441360
600528528
600615694
600702858
600790020
600877180
600964338
601051494
601138648
601225800
601312950
601400098
601487244
601574388
601661530
601748670
601835808
601922944
602010078
602097210
602184340
602271468
602358594
602445718
602532840
602619960
602707078
602794194
602881308
602968420
603055530
603142638
603229744
603316848
603403950
603491050
603578148
603665244
603752338
603839430
603926520
604013608
604100694
604187778
604274860
604361940
604449018
604536094
604623168
604710240
604797310
604884378
604971444
605058508
605145570
605232630
605319688
605406744
605493798
605580850
605667900
605754948
605841994
605929038
606016080
606103120
606190158
606277194
606364228
606451260
606538290
606625318
606712344
606799368
606886390
606973410
607060428
607147444
607234458
607321470
607408480
607495488
607582494
607669498
607756500
607843500
607930498
608017494
608104488
608191480
608278470
608365458
608452444
608539428
608626410
608713390
608800368
608887344
608974318
609061290
609148260
609235228
609322194
609409158
609496120
609583080
609670038
609756994
609843948
609930900
610017850
610104798
610191744
610278688
610365630
610452570
610539508
610626444
610713378
610800310
610887240
610974168
611061094
611148018
611234940
611321860
611408778
611495694
611582608
611669520
611756430
611843338
611930244
612017148
612104050
612190950
612277848
612364744
612451638
612538530
612625420
612712308
612799194
612886078
612972960
613059840
613146718
613233594
613320468
613407340
613494210
613581078
613667944
613754808
613841670
613928530
614015388
614102244
614189098
614275950
614362800
614449648
614536494
614623338
614710180
614797020
614883858
614970694
615057528
615144360
615231190
615318018
615404844
615491668
615578490
615665310
615752128
615838944
615925758
616012570
616099380
616186188
616272994
616359798
616446600
616533400
616620198
616706994
616793788
616880580
616967370
617054158
617140944
617227728
617314510
617401290
617488068
617574844
617661618
617748390
617835160
617921928
618008694
618095458
618182220
618268980
618355738
618442494
618529248
618616000
618702750
618789498
618876244
618962988
619049730
619136470
619223208
619309944
619396678
619483410
619570140
619656868
619743594
619830318
619917040
620003760
620090478
620177194
620263908
620350620
620437330
620524038
620610744
620697448
620784150
620870850
620957548
621044244
621130938
621217630
621304320
621391008
621477694
621564378
621651060
621737740
621824418
621911094
621997768
622084440
622171110
622257778
622344444
622431108
622517770
622604430
622691088
622777744
622864398
622951050
623037700
623124348
623210994
623297638
623384280
623470920
623557558
623644194
623730828
623817460
623904090
623990718
624077344
624163968
624250590
624337210
624423828
624510444
624597058
624683670
624770280
624856888
624943494
625030098
625116700
625203300
625289898
625376494
625463088
625549680
625636270
625722858
625809444
625896028
625982610
626069190
626155768
626242344
626328918
626415490
626502060
626588628
626675194
626761758
626848320
626934880
627021438
627107994
627194548
627281100
627367650
627454198
627540744
627627288
627713830
627800370
627886908
627973444
628059978
628146510
628233040
628319568
628406094
628492618
628579140
628665660
628752178
628838694
628925208
629011720
629098230
629184738
629271244
629357748
629444250
629530750
629617248
629703744
629790238
629876730
629963220
630049708
630136194
630222678
630309160
630395640
630482118
630568594
630655068
630741540
630828010
630914478
631000944
631087408
631173870
631260330
631346788
631433244
631519698
631606150
631692600
631779048
631865494
631951938
632038380
632124820
632211258
632297694
632384128
632470560
632556990
632643418
632729844
632816268
632902690
632989110
633075528
633161944
633248358
633334770
633421180
633507588
633593994
633680398
633766800
633853200
633939598
634025994
634112388
634198780
634285170
634371558
634457944
634544328
634630710
634717090
634803468
634889844
634976218
635062590
635148960
635235328
635321694
635408058
635494420
635580780
635667138
635753494
635839848
635926200
636012550
636098898
636185244
636271588
636357930
636444270
636530608
636616944
636703278
636789610
636875940
636962268
637048594
637134918
637221240
637307560
637393878
637480194
637566508
637652820
637739130
637825438
637911744
637998048
638084350
638170650
638256948
638343244
638429538
638515830
638602120
638688408
638774694
638860978
638947260
639033540
639119818
639206094
639292368
639378640
639464910
639551178
639637444
639723708
639809970
639896230
639982488
640068744
640154998
640241250
640327500
640413748
640499994
640586238
640672480
640758720
640844958
640931194
641017428
641103660
641189890
641276118
641362344
641448568
641534790
641621010
641707228
641793444
641879658
641965870
642052080
642138288
642224494
642310698
642396900
642483100
642569298
642655494
642741688
642827880
642914070
643000258
643086444
643172628
643258810
643344990
643431168
643517344
643603518
643689690
643775860
643862028
643948194
644034358
644120520
644206680
644292838
644378994
644465148
644551300
644637450
644723598
644809744
644895888
644982030
645068170
645154308
645240444
645326578
645412710
645498840
645584968
645671094
645757218
645843340
645929460
646015578
646101694
646187808
646273920
646360030
646446138
646532244
646618348
646704450
646790550
646876648
646962744
647048838
647134930
647221020
647307108
647393194
647479278
647565360
647651440
647737518
647823594
647909668
647995740
648081810
648167878
648253944
648340008
648426070
648512130
648598188
648684244
648770298
648856350
648942400
649028448
649114494
649200538
649286580
649372620
649458658
649544694
649630728
649716760
649802790
649888818
649974844
650060868
650146890
650232910
650318928
650404944
650490958
650576970
650662980
650748988
650834994
650920998
651007000
651093000
651178998
651264994
651350988
651436980
651522970
651608958
651694944
651780928
651866910
651952890
652038868
652124844
652210818
652296790
652382760
652468728
652554694
652640658
652726620
652812580
652898538
652984494
653070448
653156400
653242350
653328298
653414244
653500188
653586130
653672070
653758008
653843944
653929878
654015810
654101740
654187668
654273594
654359518
654445440
654531360
654617278
654703194
654789108
654875020
654960930
655046838
655132744
655218648
655304550
655390450
655476348
655562244
655648138
655734030
655819920
655905808
655991694
656077578
656163460
656249340
656335218
656421094
656506968
656592840
656678710
656764578
656850444
656936308
657022170
657108030
657193888
657279744
657365598
657451450
657537300
657623148
657708994
657794838
657880680
657966520
658052358
658138194
658224028
658309860
658395690
658481518
658567344
658653168
658738990
658824810
658910628
658996444
659082258
659168070
659253880
659339688
659425494
659511298
659597100
659682900
659768698
659854494
659940288
660026080
660111870
660197658
660283444
660369228
660455010
660540790
660626568
660712344
660798118
660883890
660969660
661055428
661141194
661226958
661312720
661398480
661484238
661569994
661655748
661741500
661827250
661912998
661998744
662084488
662170230
662255970
662341708
662427444
662513178
662598910
662684640
662770368
662856094
662941818
663027540
663113260
663198978
663284694
663370408
663456120
663541830
663627538
663713244
663798948
663884650
663970350
664056048
664141744
664227438
664313130
664398820
664484508
664570194
664655878
664741560
664827240
664912918
664998594
665084268
665169940
665255610
665341278
665426944
665512608
665598270
665683930
665769588
665855244
665940898
666026550
666112200
666197848
666283494
666369138
666454780
666540420
666626058
666711694
666797328
666882960
666968590
667054218
667139844
667225468
667311090
667396710
667482328
667567944
667653558
667739170
667824780
667910388
667995994
668081598
668167200
668252800
668338398
668423994
668509588
668595180
668680770
668766358
668851944
668937528
669023110
669108690
669194268
669279844
669365418
669450990
669536560
669622128
669707694
669793258
669878820
669964380
670049938
670135494
670221048
670306600
670392150
670477698
670563244
670648788
670734330
670819870
670905408
670990944
671076478
671162010
671247540
671333068
671418594
671504118
671589640
671675160
671760678
671846194
671931708
672017220
672102730
672188238
672273744
672359248
672444750
672530250
672615748
672701244
672786738
672872230
672957720
673043208
673128694
673214178
673299660
673385140
673470618
673556094
673641568
673727040
673812510
673897978
673983444
674068908
674154370
674239830
674325288
674410744
674496198
674581650
674667100
674752548
674837994
674923438
675008880
675094320
675179758
675265194
675350628
675436060
675521490
675606918
675692344
675777768
675863190
675948610
676034028
676119444
676204858
676290270
676375680
676461088
676546494
676631898
676717300
676802700
676888098
676973494
677058888
677144280
677229670
677315058
677400444
677485828
677571210
677656590
677741968
677827344
677912718
677998090
678083460
678168828
678254194
678339558
678424920
678510280
678595638
678680994
678766348
678851700
678937050
679022398
679107744
679193088
679278430
679363770
679449108
679534444
679619778
679705110
679790440
679875768
679961094
680046418
680131740
680217060
680302378
680387694
680473008
680558320
680643630
680728938
680814244
680899548
680984850
681070150
681155448
681240744
681326038
681411330
681496620
681581908
681667194
681752478
681837760
681923040
682008318
682093594
682178868
682264140
682349410
682434678
682519944
682605208
682690470
682775730
682860988
682946244
683031498
683116750
683202000
683287248
683372494
683457738
683542980
683628220
683713458
683798694
683883928
683969160
684054390
684139618
684224844
684310068
684395290
684480510
684565728
684650944
684736158
684821370
684906580
684991788
685076994
685162198
685247400
685332600
685417798
685502994
685588188
685673380
685758570
685843758
685928944
686014128
686099310
686184490
686269668
686354844
686440018
686525190
686610360
686695528
686780694
686865858
686951020
687036180
687121338
687206494
687291648
687376800
687461950
687547098
687632244
687717388
687802530
687887670
687972808
688057944
688143078
688228210
688313340
688398468
688483594
688568718
688653840
688738960
688824078
688909194
688994308
689079420
689164530
689249638
689334744
689419848
689504950
689590050
689675148
689760244
689845338
689930430
690015520
690100608
690185694
690270778
690355860
690440940
690526018
690611094
690696168
690781240
690866310
690951378
691036444
691121508
691206570
691291630
691376688
691461744
691546798
691631850
691716900
691801948
691886994
691972038
692057080
692142120
692227158
692312194
692397228
692482260
692567290
692652318
692737344
692822368
692907390
692992410
693077428
693162444
693247458
693332470
693417480
693502488
693587494
693672498
693757500
693842500
693927498
694012494
694097488
694182480
694267470
694352458
694437444
694522428
694607410
694692390
694777368
694862344
694947318
695032290
695117260
695202228
695287194
695372158
695457120
695542080
695627038
695711994
695796948
695881900
695966850
696051798
696136744
696221688
696306630
696391570
696476508
696561444
696646378
696731310
696816240
696901168
696986094
697071018
697155940
697240860
697325778
697410694
697495608
697580520
697665430
697750338
697835244
697920148
698005050
698089950
698174848
698259744
698344638
698429530
698514420
698599308
698684194
698769078
698853960
698938840
699023718
699108594
699193468
699278340
699363210
699448078
699532944
699617808
699702670
699787530
699872388
699957244
700042098
700126950
700211800
700296648
700381494
700466338
700551180
700636020
700720858
700805694
700890528
700975360
701060190
701145018
701229844
701314668
701399490
701484310
701569128
701653944
701738758
701823570
701908380
701993188
702077994
702162798
702247600
702332400
702417198
702501994
702586788
702671580
702756370
702841158
702925944
703010728
703095510
703180290
703265068
703349844
703434618
703519390
703604160
703688928
703773694
703858458
703943220
704027980
704112738
704197494
704282248
704367000
704451750
704536498
704621244
704705988
704790730
704875470
704960208
705044944
705129678
705214410
705299140
705383868
705468594
705553318
705638040
705722760
705807478
705892194
705976908
706061620
706146330
706231038
706315744
706400448
706485150
706569850
706654548
706739244
706823938
706908630
706993320
707078008
707162694
707247378
707332060
707416740
707501418
707586094
707670768
707755440
707840110
707924778
708009444
708094108
708178770
708263430
708348088
708432744
708517398
708602050
708686700
708771348
708855994
708940638
709025280
709109920
709194558
709279194
709363828
709448460
709533090
709617718
709702344
709786968
709871590
709956210
710040828
710125444
710210058
710294670
710379280
710463888
710548494
710633098
710717700
710802300
710886898
710971494
711056088
711140680
711225270
711309858
711394444
711479028
711563610
711648190
711732768
711817344
711901918
711986490
712071060
712155628
712240194
712324758
712409320
712493880
712578438
712662994
712747548
712832100
712916650
713001198
713085744
713170288
713254830
713339370
713423908
713508444
713592978
713677510
713762040
713846568
713931094
714015618
714100140
714184660
714269178
714353694
714438208
714522720
714607230
714691738
714776244
714860748
714945250
715029750
715114248
715198744
715283238
715367730
715452220
715536708
715621194
715705678
715790160
715874640
715959118
716043594
716128068
716212540
716297010
716381478
716465944
716550408
716634870
716719330
716803788
716888244
716972698
717057150
717141600
717226048
717310494
717394938
717479380
717563820
717648258
717732694
717817128
717901560
717985990
718070418
718154844
718239268
718323690
718408110
718492528
718576944
718661358
718745770
718830180
718914588
718998994
719083398
719167800
719252200
719336598
719420994
719505388
719589780
719674170
719758558
719842944
719927328
720011710
720096090
720180468
720264844
720349218
720433590
720517960
720602328
720686694
720771058
720855420
720939780
721024138
721108494
721192848
721277200
721361550
721445898
721530244
721614588
721698930
721783270
721867608
721951944
722036278
722120610
722204940
722289268
722373594
722457918
722542240
722626560
722710878
722795194
722879508
722963820
723048130
723132438
723216744
723301048
723385350
723469650
723553948
723638244
723722538
723806830
723891120
723975408
724059694
724143978
724228260
724312540
724396818
724481094
724565368
724649640
724733910
724818178
724902444
724986708
725070970
725155230
725239488
725323744
725407998
725492250
725576500
725660748
725744994
725829238
725913480
725997720
726081958
726166194
726250428
726334660
726418890
726503118
726587344
726671568
726755790
726840010
726924228
727008444
727092658
727176870
727261080
727345288
727429494
727513698
727597900
727682100
727766298
727850494
727934688
728018880
728103070
728187258
728271444
728355628
728439810
728523990
728608168
728692344
728776518
728860690
728944860
729029028
729113194
729197358
729281520
729365680
729449838
729533994
729618148
729702300
729786450
729870598
729954744
730038888
730123030
730207170
730291308
730375444
730459578
730543710
730627840
730711968
730796094
730880218
730964340
731048460
731132578
731216694
731300808
731384920
731469030
731553138
731637244
731721348
731805450
731889550
731973648
732057744
732141838
732225930
732310020
732394108
732478194
732562278
732646360
732730440
732814518
732898594
732982668
733066740
733150810
733234878
733318944
733403008
733487070
733571130
733655188
733739244
733823298
733907350
733991400
734075448
734159494
734243538
734327580
734411620
734495658
734579694
734663728
734747760
734831790
734915818
734999844
735083868
735167890
735251910
735335928
735419944
735503958
735587970
735671980
735755988
735839994
735923998
736008000
736092000
736175998
736259994
736343988
736427980
736511970
736595958
736679944
736763928
736847910
736931890
737015868
737099844
737183818
737267790
737351760
737435728
737519694
737603658
737687620
737771580
737855538
737939494
738023448
738107400
738191350
738275298
738359244
738443188
738527130
738611070
738695008
738778944
738862878
738946810
739030740
739114668
739198594
739282518
739366440
739450360
739534278
739618194
739702108
739786020
739869930
739953838
740037744
740121648
740205550
740289450
740373348
740457244
740541138
740625030
740708920
740792808
740876694
740960578
741044460
741128340
741212218
741296094
741379968
741463840
741547710
741631578
741715444
741799308
741883170
741967030
742050888
742134744
742218598
742302450
742386300
742470148
742553994
742637838
742721680
742805520
742889358
742973194
743057028
743140860
743224690
743308518
743392344
743476168
743559990
743643810
743727628
743811444
743895258
743979070
744062880
744146688
744230494
744314298
744398100
744481900
744565698
744649494
744733288
744817080
744900870
744984658
745068444
745152228
745236010
745319790
745403568
745487344
745571118
745654890
745738660
745822428
745906194
745989958
746073720
746157480
746241238
746324994
746408748
746492500
746576250
746659998
746743744
746827488
746911230
746994970
747078708
747162444
747246178
747329910
747413640
747497368
747581094
747664818
747748540
747832260
747915978
747999694
748083408
748167120
748250830
748334538
748418244
748501948
748585650
748669350
748753048
748836744
748920438
749004130
749087820
749171508
749255194
749338878
749422560
749506240
749589918
749673594
749757268
749840940
749924610
750008278
750091944
750175608
750259270
750342930
750426588
750510244
750593898
750677550
750761200
750844848
750928494
751012138
751095780
751179420
751263058
751346694
751430328
751513960
751597590
751681218
751764844
751848468
751932090
752015710
752099328
752182944
752266558
752350170
752433780
752517388
752600994
752684598
752768200
752851800
752935398
753018994
753102588
753186180
753269770
753353358
753436944
753520528
753604110
753687690
753771268
753854844
753938418
754021990
754105560
754189128
754272694
754356258
754439820
754523380
754606938
754690494
754774048
754857600
754941150
755024698
755108244
755191788
755275330
755358870
755442408
755525944
755609478
755693010
755776540
755860068
755943594
756027118
756110640
756194160
756277678
756361194
756444708
756528220
756611730
756695238
756778744
756862248
756945750
757029250
757112748
757196244
757279738
757363230
757446720
757530208
757613694
757697178
757780660
757864140
757947618
758031094
758114568
758198040
758281510
758364978
758448444
758531908
758615370
758698830
758782288
758865744
758949198
759032650
759116100
759199548
759282994
759366438
759449880
759533320
759616758
759700194
759783628
759867060
759950490
760033918
760117344
760200768
760284190
760367610
760451028
760534444
760617858
760701270
760784680
760868088
760951494
761034898
761118300
761201700
761285098
761368494
761451888
761535280
761618670
761702058
761785444
761868828
761952210
762035590
762118968
762202344
762285718
762369090
762452460
762535828
762619194
762702558
762785920
762869280
762952638
763035994
763119348
763202700
763286050
763369398
763452744
763536088
763619430
763702770
763786108
763869444
763952778
764036110
764119440
764202768
764286094
764369418
764452740
764536060
764619378
764702694
764786008
764869320
764952630
765035938
765119244
765202548
765285850
765369150
765452448
765535744
765619038
765702330
765785620
765868908
765952194
766035478
766118760
766202040
766285318
766368594
766451868
766535140
766618410
766701678
766784944
766868208
766951470
767034730
767117988
767201244
767284498
767367750
767451000
767534248
767617494
767700738
767783980
767867220
767950458
768033694
768116928
768200160
768283390
768366618
768449844
768533068
768616290
768699510
768782728
768865944
768949158
769032370
769115580
769198788
769281994
769365198
769448400
769531600
769614798
769697994
769781188
769864380
769947570
770030758
770113944
770197128
770280310
770363490
770446668
770529844
770613018
770696190
770779360
770862528
770945694
771028858
771112020
771195180
771278338
771361494
771444648
771527800
771610950
771694098
771777244
771860388
771943530
772026670
772109808
772192944
772276078
772359210
772442340
772525468
772608594
772691718
772774840
772857960
772941078
773024194
773107308
773190420
773273530
773356638
773439744
773522848
773605950
773689050
773772148
773855244
773938338
774021430
774104520
774187608
774270694
774353778
774436860
774519940
774603018
774686094
774769168
774852240
774935310
775018378
775101444
775184508
775267570
775350630
775433688
775516744
775599798
775682850
775765900
775848948
775931994
776015038
776098080
776181120
776264158
776347194
776430228
776513260
776596290
776679318
776762344
776845368
776928390
777011410
777094428
777177444
777260458
777343470
777426480
777509488
777592494
777675498
777758500
777841500
777924498
778007494
778090488
778173480
778256470
778339458
778422444
778505428
778588410
778671390
778754368
778837344
778920318
779003290
779086260
779169228
779252194
779335158
779418120
779501080
779584038
779666994
779749948
779832900
779915850
779998798
780081744
780164688
780247630
780330570
780413508
780496444
780579378
780662310
780745240
780828168
780911094
780994018
781076940
781159860
781242778
781325694
781408608
781491520
781574430
781657338
781740244
781823148
781906050
781988950
782071848
782154744
782237638
782320530
782403420
782486308
782569194
782652078
782734960
782817840
782900718
782983594
783066468
783149340
783232210
783315078
783397944
783480808
783563670
783646530
783729388
783812244
783895098
783977950
784060800
784143648
784226494
784309338
784392180
784475020
784557858
784640694
784723528
784806360
784889190
784972018
785054844
785137668
785220490
785303310
785386128
785468944
785551758
785634570
785717380
785800188
785882994
785965798
786048600
786131400
786214198
786296994
786379788
786462580
786545370
786628158
786710944
786793728
786876510
786959290
787042068
787124844
787207618
787290390
787373160
787455928
787538694
787621458
787704220
787786980
787869738
787952494
788035248
788118000
788200750
788283498
788366244
788448988
788531730
788614470
788697208
788779944
788862678
788945410
789028140
789110868
789193594
789276318
789359040
789441760
789524478
789607194
789689908
789772620
789855330
789938038
790020744
790103448
790186150
790268850
790351548
790434244
790516938
790599630
790682320
790765008
790847694
790930378
791013060
791095740
791178418
791261094
791343768
791426440
791509110
791591778
791674444
791757108
791839770
791922430
792005088
792087744
792170398
792253050
792335700
792418348
792500994
792583638
792666280
792748920
792831558
792914194
792996828
793079460
793162090
793244718
793327344
793409968
793492590
793575210
793657828
793740444
793823058
793905670
793988280
794070888
794153494
794236098
794318700
794401300
794483898
794566494
794649088
794731680
794814270
794896858
794979444
795062028
795144610
795227190
795309768
795392344
795474918
795557490
795640060
795722628
795805194
795887758
795970320
796052880
796135438
796217994
796300548
796383100
796465650
796548198
796630744
796713288
796795830
796878370
796960908
797043444
797125978
797208510
797291040
797373568
797456094
797538618
797621140
797703660
797786178
797868694
797951208
798033720
798116230
798198738
798281244
798363748
798446250
798528750
798611248
798693744
798776238
798858730
798941220
799023708
799106194
799188678
799271160
799353640
799436118
799518594
799601068
799683540
799766010
799848478
799930944
800013408
800095870
800178330
800260788
800343244
800425698
800508150
800590600
800673048
800755494
800837938
800920380
801002820
801085258
801167694
801250128
801332560
801414990
801497418
801579844
801662268
801744690
801827110
801909528
801991944
802074358
802156770
802239180
802321588
802403994
802486398
802568800
802651200
802733598
802815994
802898388
802980780
803063170
803145558
803227944
803310328
803392710
803475090
803557468
803639844
803722218
803804590
803886960
803969328
804051694
804134058
804216420
804298780
804381138
804463494
804545848
804628200
804710550
804792898
804875244
804957588
805039930
805122270
805204608
805286944
805369278
805451610
805533940
805616268
805698594
805780918
805863240
805945560
806027878
806110194
806192508
806274820
806357130
806439438
806521744
806604048
806686350
806768650
806850948
806933244
807015538
807097830
807180120
807262408
807344694
807426978
807509260
807591540
807673818
807756094
807838368
807920640
808002910
808085178
808167444
808249708
808331970
808414230
808496488
808578744
808660998
808743250
808825500
808907748
808989994
809072238
809154480
809236720
809318958
809401194
809483428
809565660
809647890
809730118
809812344
809894568
809976790
810059010
810141228
810223444
810305658
810387870
810470080
810552288
810634494
810716698
810798900
810881100
810963298
811045494
811127688
811209880
811292070
811374258
811456444
811538628
811620810
811702990
811785168
811867344
811949518
812031690
812113860
812196028
812278194
812360358
812442520
812524680
812606838
812688994
812771148
812853300
812935450
813017598
813099744
813181888
813264030
813346170
813428308
813510444
813592578
813674710
813756840
813838968
813921094
814003218
814085340
814167460
814249578
814331694
814413808
814495920
814578030
814660138
814742244
814824348
814906450
814988550
815070648
815152744
815234838
815316930
815399020
815481108
815563194
815645278
815727360
815809440
815891518
815973594
816055668
816137740
816219810
816301878
816383944
816466008
816548070
816630130
816712188
816794244
816876298
816958350
817040400
817122448
817204494
817286538
817368580
817450620
817532658
817614694
817696728
817778760
817860790
817942818
818024844
818106868
818188890
818270910
818352928
818434944
818516958
818598970
818680980
818762988
818844994
818926998
819009000
819091000
819172998
819254994
819336988
819418980
819500970
819582958
819664944
819746928
819828910
819910890
819992868
820074844
820156818
820238790
820320760
820402728
820484694
820566658
820648620
820730580
820812538
820894494
820976448
821058400
821140350
821222298
821304244
821386188
821468130
821550070
821632008
821713944
821795878
821877810
821959740
822041668
822123594
822205518
822287440
822369360
822451278
822533194
822615108
822697020
822778930
822860838
822942744
823024648
823106550
823188450
823270348
823352244
823434138
823516030
823597920
823679808
823761694
823843578
823925460
824007340
824089218
824171094
824252968
824334840
824416710
824498578
824580444
824662308
824744170
824826030
824907888
824989744
825071598
825153450
825235300
825317148
825398994
825480838
825562680
825644520
825726358
825808194
825890028
825971860
826053690
826135518
826217344
826299168
826380990
826462810
826544628
826626444
826708258
826790070
826871880
826953688
827035494
827117298
827199100
827280900
827362698
827444494
827526288
827608080
827689870
827771658
827853444
827935228
828017010
828098790
828180568
828262344
828344118
828425890
828507660
828589428
828671194
828752958
828834720
828916480
828998238
829079994
829161748
829243500
829325250
829406998
829488744
829570488
829652230
829733970
829815708
829897444
829979178
830060910
830142640
830224368
830306094
830387818
830469540
830551260
830632978
830714694
830796408
830878120
830959830
831041538
831123244
831204948
831286650
831368350
831450048
831531744
831613438
831695130
831776820
831858508
831940194
832021878
832103560
832185240
832266918
832348594
832430268
832511940
832593610
832675278
832756944
832838608
832920270
833001930
833083588
833165244
833246898
833328550
833410200
833491848
833573494
833655138
833736780
833818420
833900058
833981694
834063328
834144960
834226590
834308218
834389844
834471468
834553090
834634710
834716328
834797944
834879558
834961170
835042780
835124388
835205994
835287598
835369200
835450800
835532398
835613994
835695588
835777180
835858770
835940358
836021944
836103528
836185110
836266690
836348268
836429844
836511418
836592990
836674560
836756128
836837694
836919258
837000820
837082380
837163938
837245494
837327048
837408600
837490150
837571698
837653244
837734788
837816330
837897870
837979408
838060944
838142478
838224010
838305540
838387068
838468594
838550118
838631640
838713160
838794678
838876194
838957708
839039220
839120730
839202238
839283744
839365248
839446750
839528250
839609748
839691244
839772738
839854230
839935720
840017208
840098694
840180178
840261660
840343140
840424618
840506094
840587568
840669040
840750510
840831978
840913444
840994908
841076370
841157830
841239288
841320744
841402198
841483650
841565100
841646548
841727994
841809438
841890880
841972320
842053758
842135194
842216628
842298060
842379490
842460918
842542344
842623768
842705190
842786610
842868028
842949444
843030858
843112270
843193680
843275088
843356494
843437898
843519300
843600700
843682098
843763494
843844888
843926280
844007670
844089058
844170444
844251828
844333210
844414590
844495968
844577344
844658718
844740090
844821460
844902828
844984194
845065558
845146920
845228280
845309638
845390994
845472348
845553700
845635050
845716398
845797744
845879088
845960430
846041770
846123108
846204444
846285778
846367110
846448440
846529768
846611094
846692418
846773740
846855060
846936378
847017694
847099008
847180320
847261630
847342938
847424244
847505548
847586850
847668150
847749448
847830744
847912038
847993330
848074620
848155908
848237194
848318478
848399760
848481040
848562318
848643594
848724868
848806140
848887410
848968678
849049944
849131208
849212470
849293730
849374988
849456244
849537498
849618750
849700000
849781248
849862494
849943738
850024980
850106220
850187458
850268694
850349928
850431160
850512390
850593618
850674844
850756068
850837290
850918510
850999728
851080944
851162158
851243370
851324580
851405788
851486994
851568198
851649400
851730600
851811798
851892994
851974188
852055380
852136570
852217758
852298944
852380128
852461310
852542490
852623668
852704844
852786018
852867190
852948360
853029528
853110694
853191858
853273020
853354180
853435338
853516494
853597648
853678800
853759950
853841098
853922244
854003388
854084530
854165670
854246808
854327944
854409078
854490210
854571340
854652468
854733594
854814718
854895840
854976960
855058078
855139194
855220308
855301420
855382530
855463638
855544744
855625848
855706950
855788050
855869148
855950244
856031338
856112430
856193520
856274608
856355694
856436778
856517860
856598940
856680018
856761094
856842168
856923240
857004310
857085378
857166444
857247508
857328570
857409630
857490688
857571744
857652798
857733850
857814900
857895948
857976994
858058038
858139080
858220120
858301158
858382194
858463228
858544260
858625290
858706318
858787344
858868368
858949390
859030410
859111428
859192444
859273458
859354470
859435480
859516488
859597494
859678498
859759500
859840500
859921498
860002494
860083488
860164480
860245470
860326458
860407444
860488428
860569410
860650390
860731368
860812344
860893318
860974290
861055260
861136228
861217194
861298158
861379120
861460080
861541038
861621994
861702948
861783900
861864850
861945798
862026744
862107688
862188630
862269570
862350508
862431444
862512378
862593310
862674240
862755168
862836094
862917018
862997940
863078860
863159778
863240694
863321608
863402520
863483430
863564338
863645244
863726148
863807050
863887950
863968848
864049744
864130638
864211530
864292420
864373308
864454194
864535078
864615960
864696840
864777718
864858594
864939468
865020340
865101210
865182078
865262944
865343808
865424670
865505530
865586388
865667244
865748098
865828950
865909800
865990648
866071494
866152338
866233180
866314020
866394858
866475694
866556528
866637360
866718190
866799018
866879844
866960668
867041490
867122310
867203128
867283944
867364758
867445570
867526380
867607188
867687994
867768798
867849600
867930400
868011198
868091994
868172788
868253580
868334370
868415158
868495944
868576728
868657510
868738290
868819068
868899844
868980618
869061390
869142160
869222928
869303694
869384458
869465220
869545980
869626738
869707494
869788248
869869000
869949750
870030498
870111244
870191988
870272730
870353470
870434208
870514944
870595678
870676410
870757140
870837868
870918594
870999318
871080040
871160760
871241478
871322194
871402908
871483620
871564330
871645038
871725744
871806448
871887150
871967850
872048548
872129244
872209938
872290630
872371320
872452008
872532694
872613378
872694060
872774740
872855418
872936094
873016768
873097440
873178110
873258778
873339444
873420108
873500770
873581430
873662088
873742744
873823398
873904050
873984700
874065348
874145994
874226638
874307280
874387920
874468558
874549194
874629828
874710460
874791090
874871718
874952344
875032968
875113590
875194210
875274828
875355444
875436058
875516670
875597280
875677888
875758494
875839098
875919700
876000300
876080898
876161494
876242088
876322680
876403270
876483858
876564444
876645028
876725610
876806190
876886768
876967344
877047918
877128490
877209060
877289628
877370194
877450758
877531320
877611880
877692438
877772994
877853548
877934100
878014650
878095198
878175744
878256288
878336830
878417370
878497908
878578444
878658978
878739510
878820040
878900568
878981094
879061618
879142140
879222660
879303178
879383694
879464208
879544720
879625230
879705738
879786244
879866748
879947250
880027750
880108248
880188744
880269238
880349730
880430220
880510708
880591194
880671678
880752160
880832640
880913118
880993594
881074068
881154540
881235010
881315478
881395944
881476408
881556870
881637330
881717788
881798244
881878698
881959150
882039600
882120048
882200494
882280938
882361380
882441820
882522258
882602694
882683128
882763560
882843990
882924418
883004844
883085268
883165690
883246110
883326528
883406944
883487358
883567770
883648180
883728588
883808994
883889398
883969800
884050200
884130598
884210994
884291388
884371780
884452170
884532558
884612944
884693328
884773710
884854090
884934468
885014844
885095218
885175590
885255960
885336328
885416694
885497058
885577420
885657780
885738138
885818494
885898848
885979200
886059550
886139898
886220244
886300588
886380930
886461270
886541608
886621944
886702278
886782610
886862940
886943268
887023594
887103918
887184240
887264560
887344878
887425194
887505508
887585820
887666130
887746438
887826744
887907048
887987350
888067650
888147948
888228244
888308538
888388830
888469120
888549408
888629694
888709978
888790260
888870540
888950818
889031094
889111368
889191640
889271910
889352178
889432444
889512708
889592970
889673230
889753488
889833744
889913998
889994250
890074500
890154748
890234994
890315238
890395480
890475720
890555958
890636194
890716428
890796660
890876890
890957118
891037344
891117568
891197790
891278010
891358228
891438444
891518658
891598870
891679080
891759288
891839494
891919698
891999900
892080100
892160298
892240494
892320688
892400880
892481070
892561258
892641444
892721628
892801810
892881990
892962168
893042344
893122518
893202690
893282860
893363028
893443194
893523358
893603520
893683680
893763838
893843994
893924148
894004300
894084450
894164598
894244744
894324888
894405030
894485170
894565308
894645444
894725578
894805710
894885840
894965968
895046094
895126218
895206340
895286460
895366578
895446694
895526808
895606920
895687030
895767138
895847244
895927348
896007450
896087550
896167648
896247744
896327838
896407930
896488020
896568108
896648194
896728278
896808360
896888440
896968518
897048594
897128668
897208740
897288810
897368878
897448944
897529008
897609070
897689130
897769188
897849244
897929298
898009350
898089400
898169448
898249494
898329538
898409580
898489620
898569658
898649694
898729728
898809760
898889790
898969818
899049844
899129868
899209890
899289910
899369928
899449944
899529958
899609970
899689980
899769988
899849994
899929998
900010000
900090000
900169998
900249994
900329988
900409980
900489970
900569958
900649944
900729928
900809910
900889890
900969868
901049844
901129818
901209790
901289760
901369728
901449694
901529658
901609620
901689580
901769538
901849494
901929448
902009400
902089350
902169298
902249244
902329188
902409130
902489070
902569008
902648944
902728878
902808810
902888740
902968668
903048594
903128518
903208440
903288360
903368278
903448194
903528108
903608020
903687930
903767838
903847744
903927648
904007550
904087450
904167348
904247244
904327138
904407030
904486920
904566808
904646694
904726578
904806460
904886340
904966218
905046094
905125968
905205840
905285710
905365578
905445444
905525308
905605170
905685030
905764888
905844744
905924598
906004450
906084300
906164148
906243994
906323838
906403680
906483520
906563358
906643194
906723028
906802860
906882690
906962518
907042344
907122168
907201990
907281810
907361628
907441444
907521258
907601070
907680880
907760688
907840494
907920298
908000100
908079900
908159698
908239494
908319288
908399080
908478870
908558658
908638444
908718228
908798010
908877790
908957568
909037344
909117118
909196890
909276660
909356428
909436194
909515958
909595720
909675480
909755238
909834994
909914748
909994500
910074250
910153998
910233744
910313488
910393230
910472970
910552708
910632444
910712178
910791910
910871640
910951368
911031094
911110818
911190540
911270260
911349978
911429694
911509408
911589120
911668830
911748538
911828244
911907948
911987650
912067350
912147048
912226744
912306438
912386130
912465820
912545508
912625194
912704878
912784560
912864240
912943918
913023594
913103268
913182940
913262610
913342278
913421944
913501608
913581270
913660930
913740588
913820244
913899898
913979550
914059200
914138848
914218494
914298138
914377780
914457420
914537058
914616694
914696328
914775960
914855590
914935218
915014844
915094468
915174090
915253710
915333328
915412944
915492558
915572170
915651780
915731388
915810994
915890598
915970200
916049800
916129398
916208994
916288588
916368180
916447770
916527358
916606944
916686528
916766110
916845690
916925268
917004844
917084418
917163990
917243560
917323128
917402694
917482258
917561820
917641380
917720938
917800494
917880048
917959600
918039150
918118698
918198244
918277788
918357330
918436870
918516408
918595944
918675478
918755010
918834540
918914068
918993594
919073118
919152640
919232160
919311678
919391194
919470708
919550220
919629730
919709238
919788744
919868248
919947750
920027250
920106748
920186244
920265738
920345230
920424720
920504208
920583694
920663178
920742660
920822140
920901618
920981094
921060568
921140040
921219510
921298978
921378444
921457908
921537370
921616830
921696288
921775744
921855198
921934650
922014100
922093548
922172994
922252438
922331880
922411320
922490758
922570194
922649628
922729060
922808490
922887918
922967344
923046768
923126190
923205610
923285028
923364444
923443858
923523270
923602680
923682088
923761494
923840898
923920300
923999700
924079098
924158494
924237888
924317280
924396670
924476058
924555444
924634828
924714210
924793590
924872968
924952344
925031718
925111090
925190460
925269828
925349194
925428558
925507920
925587280
925666638
925745994
925825348
925904700
925984050
926063398
926142744
926222088
926301430
926380770
926460108
926539444
926618778
926698110
926777440
926856768
926936094
927015418
927094740
927174060
927253378
927332694
927412008
927491320
927570630
927649938
927729244
927808548
927887850
927967150
928046448
928125744
928205038
928284330
928363620
928442908
928522194
928601478
928680760
928760040
928839318
928918594
928997868
929077140
929156410
929235678
929314944
929394208
929473470
929552730
929631988
929711244
929790498
929869750
929949000
930028248
930107494
930186738
930265980
930345220
930424458
930503694
930582928
930662160
930741390
930820618
930899844
930979068
931058290
931137510
931216728
931295944
931375158
931454370
931533580
931612788
931691994
931771198
931850400
931929600
932008798
932087994
932167188
932246380
932325570
932404758
932483944
932563128
932642310
932721490
932800668
932879844
932959018
933038190
933117360
933196528
933275694
933354858
933434020
933513180
933592338
933671494
933750648
933829800
933908950
933988098
934067244
934146388
934225530
934304670
934383808
934462944
934542078
934621210
934700340
934779468
934858594
934937718
935016840
935095960
935175078
935254194
935333308
935412420
935491530
935570638
935649744
935728848
935807950
935887050
935966148
936045244
936124338
936203430
936282520
936361608
936440694
936519778
936598860
936677940
936757018
936836094
936915168
936994240
937073310
937152378
937231444
937310508
937389570
937468630
937547688
937626744
937705798
937784850
937863900
937942948
938021994
938101038
938180080
938259120
938338158
938417194
938496228
938575260
938654290
938733318
938812344
938891368
938970390
939049410
939128428
939207444
939286458
939365470
939444480
939523488
939602494
939681498
939760500
939839500
939918498
939997494
940076488
940155480
940234470
940313458
940392444
940471428
940550410
940629390
940708368
940787344
940866318
940945290
941024260
941103228
941182194
941261158
941340120
941419080
941498038
941576994
941655948
941734900
941813850
941892798
941971744
942050688
942129630
942208570
942287508
942366444
942445378
942524310
942603240
942682168
942761094
942840018
942918940
942997860
943076778
943155694
943234608
943313520
943392430
943471338
943550244
943629148
943708050
943786950
943865848
943944744
944023638
944102530
944181420
944260308
944339194
944418078
944496960
944575840
944654718
944733594
944812468
944891340
944970210
945049078
945127944
945206808
945285670
945364530
945443388
945522244
945601098
945679950
945758800
945837648
945916494
945995338
946074180
946153020
946231858
946310694
946389528
946468360
946547190
946626018
946704844
946783668
946862490
946941310
947020128
947098944
947177758
947256570
947335380
947414188
947492994
947571798
947650600
947729400
947808198
947886994
947965788
948044580
948123370
948202158
948280944
948359728
948438510
948517290
948596068
948674844
948753618
948832390
948911160
948989928
949068694
949147458
949226220
949304980
949383738
949462494
949541248
949620000
949698750
949777498
949856244
949934988
950013730
950092470
950171208
950249944
950328678
950407410
950486140
950564868
950643594
950722318
950801040
950879760
950958478
951037194
951115908
951194620
951273330
951352038
951430744
951509448
951588150
951666850
951745548
951824244
951902938
951981630
952060320
952139008
952217694
952296378
952375060
952453740
952532418
952611094
952689768
952768440
952847110
952925778
953004444
953083108
953161770
953240430
953319088
953397744
953476398
953555050
953633700
953712348
953790994
953869638
953948280
954026920
954105558
954184194
954262828
954341460
954420090
954498718
954577344
954655968
954734590
954813210
954891828
954970444
955049058
955127670
955206280
955284888
955363494
955442098
955520700
955599300
955677898
955756494
955835088
955913680
955992270
956070858
956149444
956228028
956306610
956385190
956463768
956542344
956620918
956699490
956778060
956856628
956935194
957013758
957092320
957170880
957249438
957327994
957406548
957485100
957563650
957642198
957720744
957799288
957877830
957956370
958034908
958113444
958191978
958270510
958349040
958427568
958506094
958584618
958663140
958741660
958820178
958898694
958977208
959055720
959134230
959212738
959291244
959369748
959448250
959526750
959605248
959683744
959762238
959840730
959919220
959997708
960076194
960154678
960233160
960311640
960390118
960468594
960547068
960625540
960704010
960782478
960860944
960939408
961017870
961096330
961174788
961253244
961331698
961410150
961488600
961567048
961645494
961723938
961802380
961880820
961959258
962037694
962116128
962194560
962272990
962351418
962429844
962508268
962586690
962665110
962743528
962821944
962900358
962978770
963057180
963135588
963213994
963292398
963370800
963449200
963527598
963605994
963684388
963762780
963841170
963919558
963997944
964076328
964154710
964233090
964311468
964389844
964468218
964546590
964624960
964703328
964781694
964860058
964938420
965016780
965095138
965173494
965251848
965330200
965408550
965486898
965565244
965643588
965721930
965800270
965878608
965956944
966035278
966113610
966191940
966270268
966348594
966426918
966505240
966583560
966661878
966740194
966818508
966896820
966975130
967053438
967131744
967210048
967288350
967366650
967444948
967523244
967601538
967679830
967758120
967836408
967914694
967992978
968071260
968149540
968227818
968306094
968384368
968462640
968540910
968619178
968697444
968775708
968853970
968932230
969010488
969088744
969166998
969245250
969323500
969401748
969479994
969558238
969636480
969714720
969792958
969871194
969949428
970027660
970105890
970184118
970262344
970340568
970418790
970497010
970575228
970653444
970731658
970809870
970888080
970966288
971044494
971122698
971200900
971279100
971357298
971435494
971513688
971591880
971670070
971748258
971826444
971904628
971982810
972060990
972139168
972217344
972295518
972373690
972451860
972530028
972608194
972686358
972764520
972842680
972920838
972998994
973077148
973155300
973233450
973311598
973389744
973467888
973546030
973624170
973702308
973780444
973858578
973936710
974014840
974092968
974171094
974249218
974327340
974405460
974483578
974561694
974639808
974717920
974796030
974874138
974952244
975030348
975108450
975186550
975264648
975342744
975420838
975498930
975577020
975655108
975733194
975811278
975889360
975967440
976045518
976123594
976201668
976279740
976357810
976435878
976513944
976592008
976670070
976748130
976826188
976904244
976982298
977060350
977138400
977216448
977294494
977372538
977450580
977528620
977606658
977684694
977762728
977840760
977918790
977996818
978074844
978152868
978230890
978308910
978386928
978464944
978542958
978620970
978698980
978776988
978854994
978932998
979011000
979089000
979166998
979244994
979322988
979400980
979478970
979556958
979634944
979712928
979790910
979868890
979946868
980024844
980102818
980180790
980258760
980336728
980414694
980492658
980570620
980648580
980726538
980804494
980882448
980960400
981038350
981116298
981194244
981272188
981350130
981428070
981506008
981583944
981661878
981739810
981817740
981895668
981973594
982051518
982129440
982207360
982285278
982363194
982441108
982519020
982596930
982674838
982752744
982830648
982908550
982986450
983064348
983142244
983220138
983298030
983375920
983453808
983531694
983609578
983687460
983765340
983843218
983921094
983998968
984076840
984154710
984232578
984310444
984388308
984466170
984544030
984621888
984699744
984777598
984855450
984933300
985011148
985088994
985166838
985244680
985322520
985400358
985478194
985556028
985633860
985711690
985789518
985867344
985945168
986022990
986100810
986178628
986256444
986334258
986412070
986489880
986567688
986645494
986723298
986801100
986878900
986956698
987034494
987112288
987190080
987267870
987345658
987423444
987501228
987579010
987656790
987734568
987812344
987890118
987967890
988045660
988123428
988201194
988278958
988356720
988434480
988512238
988589994
988667748
988745500
988823250
988900998
988978744
989056488
989134230
989211970
989289708
989367444
989445178
989522910
989600640
989678368
989756094
989833818
989911540
989989260
990066978
990144694
990222408
990300120
990377830
990455538
990533244
990610948
990688650
990766350
990844048
990921744
990999438
991077130
991154820
991232508
991310194
991387878
991465560
991543240
991620918
991698594
991776268
991853940
991931610
992009278
992086944
992164608
992242270
992319930
992397588
992475244
992552898
992630550
992708200
992785848
992863494
992941138
993018780
993096420
993174058
993251694
993329328
993406960
993484590
993562218
993639844
993717468
993795090
993872710
993950328
994027944
994105558
994183170
994260780
994338388
994415994
994493598
994571200
994648800
994726398
994803994
994881588
994959180
995036770
995114358
995191944
995269528
995347110
995424690
995502268
995579844
995657418
995734990
995812560
995890128
995967694
996045258
996122820
996200380
996277938
996355494
996433048
996510600
996588150
996665698
996743244
996820788
996898330
996975870
997053408
997130944
997208478
997286010
997363540
997441068
997518594
997596118
997673640
997751160
997828678
997906194
997983708
998061220
998138730
998216238
998293744
998371248
998448750
998526250
998603748
998681244
998758738
998836230
998913720
998991208
999068694
999146178
999223660
999301140
999378618
999456094
999533568
999611040
999688510
999765978
999843444
999920908
999998370
75830
153288
230744
308198
385650
463100
540548
617994
695438
772880
850320
927758
1005194
1082628
1160060
1237490
1314918
1392344
1469768
1547190
1624610
1702028
1779444
1856858
1934270
2011680
2089088
2166494
2243898
2321300
2398700
2476098
2553494
2630888
2708280
2785670
2863058
2940444
3017828
3095210
3172590
3249968
3327344
3404718
3482090
3559460
3636828
3714194
3791558
3868920
3946280
4023638
4100994
4178348
4255700
4333050
4410398
4487744
4565088
4642430
4719770
4797108
4874444
4951778
5029110
5106440
5183768
5261094
5338418
5415740
5493060
5570378
5647694
5725008
5802320
5879630
5956938
6034244
6111548
6188850
6266150
6343448
6420744
6498038
6575330
6652620
6729908
6807194
6884478
6961760
7039040
7116318
7193594
7270868
7348140
7425410
7502678
7579944
7657208
7734470
7811730
7888988
7966244
8043498
8120750
8198000
8275248
8352494
8429738
8506980
8584220
8661458
8738694
8815928
8893160
8970390
9047618
9124844
9202068
9279290
9356510
9433728
9510944
9588158
9665370
9742580
9819788
9896994
9974198
10051400
10128600
10205798
10282994
10360188
10437380
10514570
10591758
10668944
10746128
10823310
10900490
10977668
11054844
11132018
11209190
11286360
11363528
11440694
11517858
11595020
11672180
11749338
11826494
11903648
11980800
12057950
12135098
12212244
12289388
12366530
12443670
12520808
12597944
12675078
12752210
12829340
12906468
12983594
13060718
13137840
13214960
13292078
13369194
13446308
13523420
13600530
13677638
13754744
13831848
13908950
13986050
14063148
14140244
14217338
14294430
14371520
14448608
14525694
14602778
14679860
14756940
14834018
14911094
14988168
15065240
15142310
15219378
15296444
15373508
15450570
15527630
15604688
15681744
15758798
15835850
15912900
15989948
16066994
16144038
16221080
16298120
16375158
16452194
16529228
16606260
16683290
16760318
16837344
16914368
16991390
17068410
17145428
17222444
17299458
17376470
17453480
17530488
17607494
17684498
17761500
17838500
17915498
17992494
18069488
18146480
18223470
18300458
18377444
18454428
18531410
18608390
18685368
18762344
18839318
18916290
18993260
19070228
19147194
19224158
19301120
19378080
19455038
19531994
19608948
19685900
19762850
19839798
19916744
19993688
20070630
20147570
20224508
20301444
20378378
20455310
20532240
20609168
20686094
20763018
20839940
20916860
20993778
21070694
21147608
21224520
21301430
21378338
21455244
21532148
21609050
21685950
21762848
21839744
21916638
21993530
22070420
22147308
22224194
22301078
22377960
22454840
22531718
22608594
22685468
22762340
22839210
22916078
22992944
23069808
23146670
23223530
23300388
23377244
23454098
23530950
23607800
23684648
23761494
23838338
23915180
23992020
24068858
24145694
24222528
24299360
24376190
24453018
24529844
24606668
24683490
24760310
24837128
24913944
24990758
25067570
25144380
25221188
25297994
25374798
25451600
25528400
25605198
25681994
25758788
25835580
25912370
25989158
26065944
26142728
26219510
26296290
26373068
26449844
26526618
26603390
26680160
26756928
26833694
26910458
26987220
27063980
27140738
27217494
27294248
27371000
27447750
27524498
27601244
27677988
27754730
27831470
27908208
27984944
28061678
28138410
28215140
28291868
28368594
28445318
28522040
28598760
28675478
28752194
28828908
28905620
28982330
29059038
29135744
29212448
29289150
29365850
29442548
29519244
29595938
29672630
29749320
29826008
29902694
29979378
30056060
30132740
30209418
30286094
30362768
30439440
30516110
30592778
30669444
30746108
30822770
30899430
30976088
31052744
31129398
31206050
31282700
31359348
31435994
31512638
31589280
31665920
31742558
31819194
31895828
31972460
32049090
32125718
32202344
32278968
32355590
32432210
32508828
32585444
32662058
32738670
32815280
32891888
32968494
33045098
33121700
33198300
33274898
33351494
33428088
33504680
33581270
33657858
33734444
33811028
33887610
33964190
34040768
34117344
34193918
34270490
34347060
34423628
34500194
34576758
34653320
34729880
34806438
34882994
34959548
35036100
35112650
35189198
35265744
35342288
35418830
35495370
35571908
35648444
35724978
35801510
35878040
35954568
36031094
36107618
36184140
36260660
36337178
36413694
36490208
36566720
36643230
36719738
36796244
36872748
36949250
37025750
37102248
37178744
37255238
37331730
37408220
37484708
37561194
37637678
37714160
37790640
37867118
37943594
38020068
38096540
38173010
38249478
38325944
38402408
38478870
38555330
38631788
38708244
38784698
38861150
38937600
39014048
39090494
39166938
39243380
39319820
39396258
39472694
39549128
39625560
39701990
39778418
39854844
39931268
40007690
40084110
40160528
40236944
40313358
40389770
40466180
40542588
40618994
40695398
40771800
40848200
40924598
41000994
41077388
41153780
41230170
41306558
41382944
41459328
41535710
41612090
41688468
41764844
41841218
41917590
41993960
42070328
42146694
42223058
42299420
42375780
42452138
42528494
42604848
42681200
42757550
42833898
42910244
42986588
43062930
43139270
43215608
43291944
43368278
43444610
43520940
43597268
43673594
43749918
43826240
43902560
43978878
44055194
44131508
44207820
44284130
44360438
44436744
44513048
44589350
44665650
44741948
44818244
44894538
44970830
45047120
45123408
45199694
45275978
45352260
45428540
45504818
45581094
45657368
45733640
45809910
45886178
45962444
46038708
46114970
46191230
46267488
46343744
46419998
46496250
46572500
46648748
46724994
46801238
46877480
46953720
47029958
47106194
47182428
47258660
47334890
47411118
47487344
47563568
47639790
47716010
47792228
47868444
47944658
48020870
48097080
48173288
48249494
48325698
48401900
48478100
48554298
48630494
48706688
48782880
48859070
48935258
49011444
49087628
49163810
49239990
49316168
49392344
49468518
49544690
49620860
49697028
49773194
49849358
49925520
50001680
50077838
50153994
50230148
50306300
50382450
50458598
50534744
50610888
50687030
50763170
50839308
50915444
50991578
51067710
51143840
51219968
51296094
51372218
51448340
51524460
51600578
51676694
51752808
51828920
51905030
51981138
52057244
52133348
52209450
52285550
52361648
52437744
52513838
52589930
52666020
52742108
52818194
52894278
52970360
53046440
53122518
53198594
53274668
53350740
53426810
53502878
53578944
53655008
53731070
53807130
53883188
53959244
54035298
54111350
54187400
54263448
54339494
54415538
54491580
54567620
54643658
54719694
54795728
54871760
54947790
55023818
55099844
55175868
55251890
55327910
55403928
55479944
55555958
55631970
55707980
55783988
55859994
55935998
56012000
56088000
56163998
56239994
56315988
56391980
56467970
56543958
56619944
56695928
56771910
56847890
56923868
56999844
57075818
57151790
57227760
57303728
57379694
57455658
57531620
57607580
57683538
57759494
57835448
57911400
57987350
58063298
58139244
58215188
58291130
58367070
58443008
58518944
58594878
58670810
58746740
58822668
58898594
58974518
59050440
59126360
59202278
59278194
59354108
59430020
59505930
59581838
59657744
59733648
59809550
59885450
59961348
60037244
60113138
60189030
60264920
60340808
60416694
60492578
60568460
60644340
60720218
60796094
60871968
60947840
61023710
61099578
61175444
61251308
61327170
61403030
61478888
61554744
61630598
61706450
61782300
61858148
61933994
62009838
62085680
62161520
62237358
62313194
62389028
62464860
62540690
62616518
62692344
62768168
62843990
62919810
62995628
63071444
63147258
63223070
63298880
63374688
63450494
63526298
63602100
63677900
63753698
63829494
63905288
63981080
64056870
64132658
64208444
64284228
64360010
64435790
64511568
64587344
64663118
64738890
64814660
64890428
64966194
65041958
65117720
65193480
65269238
65344994
65420748
65496500
65572250
65647998
65723744
65799488
65875230
65950970
66026708
66102444
66178178
66253910
66329640
66405368
66481094
66556818
66632540
66708260
66783978
66859694
66935408
67011120
67086830
67162538
67238244
67313948
67389650
67465350
67541048
67616744
67692438
67768130
67843820
67919508
67995194
68070878
68146560
68222240
68297918
68373594
68449268
68524940
68600610
68676278
68751944
68827608
68903270
68978930
69054588
69130244
69205898
69281550
69357200
69432848
69508494
69584138
69659780
69735420
69811058
69886694
69962328
70037960
70113590
70189218
70264844
70340468
70416090
70491710
70567328
70642944
70718558
70794170
70869780
70945388
71020994
71096598
71172200
71247800
71323398
71398994
71474588
71550180
71625770
71701358
71776944
71852528
71928110
72003690
72079268
72154844
72230418
72305990
72381560
72457128
72532694
72608258
72683820
72759380
72834938
72910494
72986048
73061600
73137150
73212698
73288244
73363788
73439330
73514870
73590408
73665944
73741478
73817010
73892540
73968068
74043594
74119118
74194640
74270160
74345678
74421194
74496708
74572220
74647730
74723238
74798744
74874248
74949750
75025250
75100748
75176244
75251738
75327230
75402720
75478208
75553694
75629178
75704660
75780140
75855618
75931094
76006568
76082040
76157510
76232978
76308444
76383908
76459370
76534830
76610288
76685744
76761198
76836650
76912100
76987548
77062994
77138438
77213880
77289320
77364758
77440194
77515628
77591060
77666490
77741918
77817344
77892768
77968190
78043610
78119028
78194444
78269858
78345270
78420680
78496088
78571494
78646898
78722300
78797700
78873098
78948494
79023888
79099280
79174670
79250058
79325444
79400828
79476210
79551590
79626968
79702344
79777718
79853090
79928460
80003828
80079194
80154558
80229920
80305280
80380638
80455994
80531348
80606700
80682050
80757398
80832744
80908088
80983430
81058770
81134108
81209444
81284778
81360110
81435440
81510768
81586094
81661418
81736740
81812060
81887378
81962694
82038008
82113320
82188630
82263938
82339244
82414548
82489850
82565150
82640448
82715744
82791038
82866330
82941620
83016908
83092194
83167478
83242760
83318040
83393318
83468594
83543868
83619140
83694410
83769678
83844944
83920208
83995470
84070730
84145988
84221244
84296498
84371750
84447000
84522248
84597494
84672738
84747980
84823220
84898458
84973694
85048928
85124160
85199390
85274618
85349844
85425068
85500290
85575510
85650728
85725944
85801158
85876370
85951580
86026788
86101994
86177198
86252400
86327600
86402798
86477994
86553188
86628380
86703570
86778758
86853944
86929128
87004310
87079490
87154668
87229844
87305018
87380190
87455360
87530528
87605694
87680858
87756020
87831180
87906338
87981494
88056648
88131800
88206950
88282098
88357244
88432388
88507530
88582670
88657808
88732944
88808078
88883210
88958340
89033468
89108594
89183718
89258840
89333960
89409078
89484194
89559308
89634420
89709530
89784638
89859744
89934848
90009950
90085050
90160148
90235244
90310338
90385430
90460520
90535608
90610694
90685778
90760860
90835940
90911018
90986094
91061168
91136240
91211310
91286378
91361444
91436508
91511570
91586630
91661688
91736744
91811798
91886850
91961900
92036948
92111994
92187038
92262080
92337120
92412158
92487194
92562228
92637260
92712290
92787318
92862344
92937368
93012390
93087410
93162428
93237444
93312458
93387470
93462480
93537488
93612494
93687498
93762500
93837500
93912498
93987494
94062488
94137480
94212470
94287458
94362444
94437428
94512410
94587390
94662368
94737344
94812318
94887290
94962260
95037228
95112194
95187158
95262120
95337080
95412038
95486994
95561948
95636900
95711850
95786798
95861744
95936688
96011630
96086570
96161508
96236444
96311378
96386310
96461240
96536168
96611094
96686018
96760940
96835860
96910778
96985694
97060608
97135520
97210430
97285338
97360244
97435148
97510050
97584950
97659848
97734744
97809638
97884530
97959420
98034308
98109194
98184078
98258960
98333840
98408718
98483594
98558468
98633340
98708210
98783078
98857944
98932808
99007670
99082530
99157388
99232244
99307098
99381950
99456800
99531648
99606494
99681338
99756180
99831020
99905858
99980694
100055528
100130360
100205190
100280018
100354844
100429668
100504490
100579310
100654128
100728944
100803758
100878570
100953380
101028188
101102994
101177798
101252600
101327400
101402198
101476994
101551788
101626580
101701370
101776158
101850944
101925728
102000510
102075290
102150068
102224844
102299618
102374390
102449160
102523928
102598694
102673458
102748220
102822980
102897738
102972494
103047248
103122000
103196750
103271498
103346244
103420988
103495730
103570470
103645208
103719944
103794678
103869410
103944140
104018868
104093594
104168318
104243040
104317760
104392478
104467194
104541908
104616620
104691330
104766038
104840744
104915448
104990150
105064850
105139548
105214244
105288938
105363630
105438320
105513008
105587694
105662378
105737060
105811740
105886418
105961094
106035768
106110440
106185110
106259778
106334444
106409108
106483770
106558430
106633088
106707744
106782398
106857050
106931700
107006348
107080994
107155638
107230280
107304920
107379558
107454194
107528828
107603460
107678090
107752718
107827344
107901968
107976590
108051210
108125828
108200444
108275058
108349670
108424280
108498888
108573494
108648098
108722700
108797300
108871898
108946494
109021088
109095680
109170270
109244858
109319444
109394028
109468610
109543190
109617768
109692344
109766918
109841490
109916060
109990628
110065194
110139758
110214320
110288880
110363438
110437994
110512548
110587100
110661650
110736198
110810744
110885288
110959830
111034370
111108908
111183444
111257978
111332510
111407040
111481568
111556094
111630618
111705140
111779660
111854178
111928694
112003208
112077720
112152230
112226738
112301244
112375748
112450250
112524750
112599248
112673744
112748238
112822730
112897220
112971708
113046194
113120678
113195160
113269640
113344118
113418594
113493068
113567540
113642010
113716478
113790944
113865408
113939870
114014330
114088788
114163244
114237698
114312150
114386600
114461048
114535494
114609938
114684380
114758820
114833258
114907694
114982128
115056560
115130990
115205418
115279844
115354268
115428690
115503110
115577528
115651944
115726358
115800770
115875180
115949588
116023994
116098398
116172800
116247200
116321598
116395994
116470388
116544780
116619170
116693558
116767944
116842328
116916710
116991090
117065468
117139844
117214218
117288590
117362960
117437328
117511694
117586058
117660420
117734780
117809138
117883494
117957848
118032200
118106550
118180898
118255244
118329588
118403930
118478270
118552608
118626944
118701278
118775610
118849940
118924268
118998594
119072918
119147240
119221560
119295878
119370194
119444508
119518820
119593130
119667438
119741744
119816048
119890350
119964650
120038948
120113244
120187538
120261830
120336120
120410408
120484694
120558978
120633260
120707540
120781818
120856094
120930368
121004640
121078910
121153178
121227444
121301708
121375970
121450230
121524488
121598744
121672998
121747250
121821500
121895748
121969994
122044238
122118480
122192720
122266958
122341194
122415428
122489660
122563890
122638118
122712344
122786568
122860790
122935010
123009228
123083444
123157658
123231870
123306080
123380288
123454494
123528698
123602900
123677100
123751298
123825494
123899688
123973880
124048070
124122258
124196444
124270628
124344810
124418990
124493168
124567344
124641518
124715690
124789860
124864028
124938194
125012358
125086520
125160680
125234838
125308994
125383148
125457300
125531450
125605598
125679744
125753888
125828030
125902170
125976308
126050444
126124578
126198710
126272840
126346968
126421094
126495218
126569340
126643460
126717578
126791694
126865808
126939920
127014030
127088138
127162244
127236348
127310450
127384550
127458648
127532744
127606838
127680930
127755020
127829108
127903194
127977278
128051360
128125440
128199518
128273594
128347668
128421740
128495810
128569878
128643944
128718008
128792070
128866130
128940188
129014244
129088298
129162350
129236400
129310448
129384494
129458538
129532580
129606620
129680658
129754694
129828728
129902760
129976790
130050818
130124844
130198868
130272890
130346910
130420928
130494944
130568958
130642970
130716980
130790988
130864994
130938998
131013000
131087000
131160998
131234994
131308988
131382980
131456970
131530958
131604944
131678928
131752910
131826890
131900868
131974844
132048818
132122790
132196760
132270728
132344694
132418658
132492620
132566580
132640538
132714494
132788448
132862400
132936350
133010298
133084244
133158188
133232130
133306070
133380008
133453944
133527878
133601810
133675740
133749668
133823594
133897518
133971440
134045360
134119278
134193194
134267108
134341020
134414930
134488838
134562744
134636648
134710550
134784450
134858348
134932244
135006138
135080030
135153920
135227808
135301694
135375578
135449460
135523340
135597218
135671094
135744968
135818840
135892710
135966578
136040444
136114308
136188170
136262030
136335888
136409744
136483598
136557450
136631300
136705148
136778994
136852838
136926680
137000520
137074358
137148194
137222028
137295860
137369690
137443518
137517344
137591168
137664990
137738810
137812628
137886444
137960258
138034070
138107880
138181688
138255494
138329298
138403100
138476900
138550698
138624494
138698288
138772080
138845870
138919658
138993444
139067228
139141010
139214790
139288568
139362344
139436118
139509890
139583660
139657428
139731194
139804958
139878720
139952480
140026238
140099994
140173748
140247500
140321250
140394998
140468744
140542488
140616230
140689970
140763708
140837444
140911178
140984910
141058640
141132368
141206094
141279818
141353540
141427260
141500978
141574694
141648408
141722120
141795830
141869538
141943244
142016948
142090650
142164350
142238048
142311744
142385438
142459130
142532820
142606508
142680194
142753878
142827560
142901240
142974918
143048594
143122268
143195940
143269610
143343278
143416944
143490608
143564270
143637930
143711588
143785244
143858898
143932550
144006200
144079848
144153494
144227138
144300780
144374420
144448058
144521694
144595328
144668960
144742590
144816218
144889844
144963468
145037090
145110710
145184328
145257944
145331558
145405170
145478780
145552388
145625994
145699598
145773200
145846800
145920398
145993994
146067588
146141180
146214770
146288358
146361944
146435528
146509110
146582690
146656268
146729844
146803418
146876990
146950560
147024128
147097694
147171258
147244820
147318380
147391938
147465494
147539048
147612600
147686150
147759698
147833244
147906788
147980330
148053870
148127408
148200944
148274478
148348010
148421540
148495068
148568594
148642118
148715640
148789160
148862678
148936194
149009708
149083220
149156730
149230238
149303744
149377248
149450750
149524250
149597748
149671244
149744738
149818230
149891720
149965208
150038694
150112178
150185660
150259140
150332618
150406094
150479568
150553040
150626510
150699978
150773444
150846908
150920370
150993830
151067288
151140744
151214198
151287650
151361100
151434548
151507994
151581438
151654880
151728320
151801758
151875194
151948628
152022060
152095490
152168918
152242344
152315768
152389190
152462610
152536028
152609444
152682858
152756270
152829680
152903088
152976494
153049898
153123300
153196700
153270098
153343494
153416888
153490280
153563670
153637058
153710444
153783828
153857210
153930590
154003968
154077344
154150718
154224090
154297460
154370828
154444194
154517558
154590920
154664280
154737638
154810994
154884348
154957700
155031050
155104398
155177744
155251088
155324430
155397770
155471108
155544444
155617778
155691110
155764440
155837768
155911094
155984418
156057740
156131060
156204378
156277694
156351008
156424320
156497630
156570938
156644244
156717548
156790850
156864150
156937448
157010744
157084038
157157330
157230620
157303908
157377194
157450478
157523760
157597040
157670318
157743594
157816868
157890140
157963410
158036678
158109944
158183208
158256470
158329730
158402988
158476244
158549498
158622750
158696000
158769248
158842494
158915738
158988980
159062220
159135458
159208694
159281928
159355160
159428390
159501618
159574844
159648068
159721290
159794510
159867728
159940944
160014158
160087370
160160580
160233788
160306994
160380198
160453400
160526600
160599798
160672994
160746188
160819380
160892570
160965758
161038944
161112128
161185310
161258490
161331668
161404844
161478018
161551190
161624360
161697528
161770694
161843858
161917020
161990180
162063338
162136494
162209648
162282800
162355950
162429098
162502244
162575388
162648530
162721670
162794808
162867944
162941078
163014210
163087340
163160468
163233594
163306718
163379840
163452960
163526078
163599194
163672308
163745420
163818530
163891638
163964744
164037848
164110950
164184050
164257148
164330244
164403338
164476430
164549520
164622608
164695694
164768778
164841860
164914940
164988018
165061094
165134168
165207240
165280310
165353378
165426444
165499508
165572570
165645630
165718688
165791744
165864798
165937850
166010900
166083948
166156994
166230038
166303080
166376120
166449158
166522194
166595228
166668260
166741290
166814318
166887344
166960368
167033390
167106410
167179428
167252444
167325458
167398470
167471480
167544488
167617494
167690498
167763500
167836500
167909498
167982494
168055488
168128480
168201470
168274458
168347444
168420428
168493410
168566390
168639368
168712344
168785318
168858290
168931260
169004228
169077194
169150158
169223120
169296080
169369038
169441994
169514948
169587900
169660850
169733798
169806744
169879688
169952630
170025570
170098508
170171444
170244378
170317310
170390240
170463168
170536094
170609018
170681940
170754860
170827778
170900694
170973608
171046520
171119430
171192338
171265244
171338148
171411050
171483950
171556848
171629744
171702638
171775530
171848420
171921308
171994194
172067078
172139960
172212840
172285718
172358594
172431468
172504340
172577210
172650078
172722944
172795808
172868670
172941530
173014388
173087244
173160098
173232950
173305800
173378648
173451494
173524338
173597180
173670020
173742858
173815694
173888528
173961360
174034190
174107018
174179844
174252668
174325490
174398310
174471128
174543944
174616758
174689570
174762380
174835188
174907994
174980798
175053600
175126400
175199198
175271994
175344788
175417580
175490370
175563158
175635944
175708728
175781510
175854290
175927068
175999844
176072618
176145390
176218160
176290928
176363694
176436458
176509220
176581980
176654738
176727494
176800248
176873000
176945750
177018498
177091244
177163988
177236730
177309470
177382208
177454944
177527678
177600410
177673140
177745868
177818594
177891318
177964040
178036760
178109478
178182194
178254908
178327620
178400330
178473038
178545744
178618448
178691150
178763850
178836548
178909244
178981938
179054630
179127320
179200008
179272694
179345378
179418060
179490740
179563418
179636094
179708768
179781440
179854110
179926778
179999444
180072108
180144770
180217430
180290088
180362744
180435398
180508050
180580700
180653348
180725994
180798638
180871280
180943920
181016558
181089194
181161828
181234460
181307090
181379718
181452344
181524968
181597590
181670210
181742828
181815444
181888058
181960670
182033280
182105888
182178494
182251098
182323700
182396300
182468898
182541494
182614088
182686680
182759270
182831858
182904444
182977028
183049610
183122190
183194768
183267344
183339918
183412490
183485060
183557628
183630194
183702758
183775320
183847880
183920438
183992994
184065548
184138100
184210650
184283198
184355744
184428288
184500830
184573370
184645908
184718444
184790978
184863510
184936040
185008568
185081094
185153618
185226140
185298660
185371178
185443694
185516208
185588720
185661230
185733738
185806244
185878748
185951250
186023750
186096248
186168744
186241238
186313730
186386220
186458708
186531194
186603678
186676160
186748640
186821118
186893594
186966068
187038540
187111010
187183478
187255944
187328408
187400870
187473330
187545788
187618244
187690698
187763150
187835600
187908048
187980494
188052938
188125380
188197820
188270258
188342694
188415128
188487560
188559990
188632418
188704844
188777268
188849690
188922110
188994528
189066944
189139358
189211770
189284180
189356588
189428994
189501398
189573800
189646200
189718598
189790994
189863388
189935780
190008170
190080558
190152944
190225328
190297710
190370090
190442468
190514844
190587218
190659590
190731960
190804328
190876694
190949058
191021420
191093780
191166138
191238494
191310848
191383200
191455550
191527898
191600244
191672588
191744930
191817270
191889608
191961944
192034278
192106610
192178940
192251268
192323594
192395918
192468240
192540560
192612878
192685194
192757508
192829820
192902130
192974438
193046744
193119048
193191350
193263650
193335948
193408244
193480538
193552830
193625120
193697408
193769694
193841978
193914260
193986540
194058818
194131094
194203368
194275640
194347910
194420178
194492444
194564708
194636970
194709230
194781488
194853744
194925998
194998250
195070500
195142748
195214994
195287238
195359480
195431720
195503958
195576194
195648428
195720660
195792890
195865118
195937344
196009568
196081790
196154010
196226228
196298444
196370658
196442870
196515080
196587288
196659494
196731698
196803900
196876100
196948298
197020494
197092688
197164880
197237070
197309258
197381444
197453628
197525810
197597990
197670168
197742344
197814518
197886690
197958860
198031028
198103194
198175358
198247520
198319680
198391838
198463994
198536148
198608300
198680450
198752598
198824744
198896888
198969030
199041170
199113308
199185444
199257578
199329710
199401840
199473968
199546094
199618218
199690340
199762460
199834578
199906694
199978808
200050920
200123030
200195138
200267244
200339348
200411450
200483550
200555648
200627744
200699838
200771930
200844020
200916108
200988194
201060278
201132360
201204440
201276518
201348594
201420668
201492740
201564810
201636878
201708944
201781008
201853070
201925130
201997188
202069244
202141298
202213350
202285400
202357448
202429494
202501538
202573580
202645620
202717658
202789694
202861728
202933760
203005790
203077818
203149844
203221868
203293890
203365910
203437928
203509944
203581958
203653970
203725980
203797988
203869994
203941998
204014000
204086000
204157998
204229994
204301988
204373980
204445970
204517958
204589944
204661928
204733910
204805890
204877868
204949844
205021818
205093790
205165760
205237728
205309694
205381658
205453620
205525580
205597538
205669494
205741448
205813400
205885350
205957298
206029244
206101188
206173130
206245070
206317008
206388944
206460878
206532810
206604740
206676668
206748594
206820518
206892440
206964360
207036278
207108194
207180108
207252020
207323930
207395838
207467744
207539648
207611550
207683450
207755348
207827244
207899138
207971030
208042920
208114808
208186694
208258578
208330460
208402340
208474218
208546094
208617968
208689840
208761710
208833578
208905444
208977308
209049170
209121030
209192888
209264744
209336598
209408450
209480300
209552148
209623994
209695838
209767680
209839520
209911358
209983194
210055028
210126860
210198690
210270518
210342344
210414168
210485990
210557810
210629628
210701444
210773258
210845070
210916880
210988688
211060494
211132298
211204100
211275900
211347698
211419494
211491288
211563080
211634870
211706658
211778444
211850228
211922010
211993790
212065568
212137344
212209118
212280890
212352660
212424428
212496194
212567958
212639720
212711480
212783238
212854994
212926748
212998500
213070250
213141998
213213744
213285488
213357230
213428970
213500708
213572444
213644178
213715910
213787640
213859368
213931094
214002818
214074540
214146260
214217978
214289694
214361408
214433120
214504830
214576538
214648244
214719948
214791650
214863350
214935048
215006744
215078438
215150130
215221820
215293508
215365194
215436878
215508560
215580240
215651918
215723594
215795268
215866940
215938610
216010278
216081944
216153608
216225270
216296930
216368588
216440244
216511898
216583550
216655200
216726848
216798494
216870138
216941780
217013420
217085058
217156694
217228328
217299960
217371590
217443218
217514844
217586468
217658090
217729710
217801328
217872944
217944558
218016170
218087780
218159388
218230994
218302598
218374200
218445800
218517398
218588994
218660588
218732180
218803770
218875358
218946944
219018528
219090110
219161690
219233268
219304844
219376418
219447990
219519560
219591128
219662694
219734258
219805820
219877380
219948938
220020494
220092048
220163600
220235150
220306698
220378244
220449788
220521330
220592870
220664408
220735944
220807478
220879010
220950540
221022068
221093594
221165118
221236640
221308160
221379678
221451194
221522708
221594220
221665730
221737238
221808744
221880248
221951750
222023250
222094748
222166244
222237738
222309230
222380720
222452208
222523694
222595178
222666660
222738140
222809618
222881094
222952568
223024040
223095510
223166978
223238444
223309908
223381370
223452830
223524288
223595744
223667198
223738650
223810100
223881548
223952994
224024438
224095880
224167320
224238758
224310194
224381628
224453060
224524490
224595918
224667344
224738768
224810190
224881610
224953028
225024444
225095858
225167270
225238680
225310088
225381494
225452898
225524300
225595700
225667098
225738494
225809888
225881280
225952670
226024058
226095444
226166828
226238210
226309590
226380968
226452344
226523718
226595090
226666460
226737828
226809194
226880558
226951920
227023280
227094638
227165994
227237348
227308700
227380050
227451398
227522744
227594088
227665430
227736770
227808108
227879444
227950778
228022110
228093440
228164768
228236094
228307418
228378740
228450060
228521378
228592694
228664008
228735320
228806630
228877938
228949244
229020548
229091850
229163150
229234448
229305744
229377038
229448330
229519620
229590908
229662194
229733478
229804760
229876040
229947318
230018594
230089868
230161140
230232410
230303678
230374944
230446208
230517470
230588730
230659988
230731244
230802498
230873750
230945000
231016248
231087494
231158738
231229980
231301220
231372458
231443694
231514928
231586160
231657390
231728618
231799844
231871068
231942290
232013510
232084728
232155944
232227158
232298370
232369580
232440788
232511994
232583198
232654400
232725600
232796798
232867994
232939188
233010380
233081570
233152758
233223944
233295128
233366310
233437490
233508668
233579844
233651018
233722190
233793360
233864528
233935694
234006858
234078020
234149180
234220338
234291494
234362648
234433800
234504950
234576098
234647244
234718388
234789530
234860670
234931808
235002944
235074078
235145210
235216340
235287468
235358594
235429718
235500840
235571960
235643078
235714194
235785308
235856420
235927530
235998638
236069744
236140848
236211950
236283050
236354148
236425244
236496338
236567430
236638520
236709608
236780694
236851778
236922860
236993940
237065018
237136094
237207168
237278240
237349310
237420378
237491444
237562508
237633570
237704630
237775688
237846744
237917798
237988850
238059900
238130948
238201994
238273038
238344080
238415120
238486158
238557194
238628228
238699260
238770290
238841318
238912344
238983368
239054390
239125410
239196428
239267444
239338458
239409470
239480480
239551488
239622494
239693498
239764500
239835500
239906498
239977494
240048488
240119480
240190470
240261458
240332444
240403428
240474410
240545390
240616368
240687344
240758318
240829290
240900260
240971228
241042194
241113158
241184120
241255080
241326038
241396994
241467948
241538900
241609850
241680798
241751744
241822688
241893630
241964570
242035508
242106444
242177378
242248310
242319240
242390168
242461094
242532018
242602940
242673860
242744778
242815694
242886608
242957520
243028430
243099338
243170244
243241148
243312050
243382950
243453848
243524744
243595638
243666530
243737420
243808308
243879194
243950078
244020960
244091840
244162718
244233594
244304468
244375340
244446210
244517078
244587944
244658808
244729670
244800530
244871388
244942244
245013098
245083950
245154800
245225648
245296494
245367338
245438180
245509020
245579858
245650694
245721528
245792360
245863190
245934018
246004844
246075668
246146490
246217310
246288128
246358944
246429758
246500570
246571380
246642188
246712994
246783798
246854600
246925400
246996198
247066994
247137788
247208580
247279370
247350158
247420944
247491728
247562510
247633290
247704068
247774844
247845618
247916390
247987160
248057928
248128694
248199458
248270220
248340980
248411738
248482494
248553248
248624000
248694750
248765498
248836244
248906988
248977730
249048470
249119208
249189944
249260678
249331410
249402140
249472868
249543594
249614318
249685040
249755760
249826478
249897194
249967908
250038620
250109330
250180038
250250744
250321448
250392150
250462850
250533548
250604244
250674938
250745630
250816320
250887008
250957694
251028378
251099060
251169740
251240418
251311094
251381768
251452440
251523110
251593778
251664444
251735108
251805770
251876430
251947088
252017744
252088398
252159050
252229700
252300348
252370994
252441638
252512280
252582920
252653558
252724194
252794828
252865460
252936090
253006718
253077344
253147968
253218590
253289210
253359828
253430444
253501058
253571670
253642280
253712888
253783494
253854098
253924700
253995300
254065898
254136494
254207088
254277680
254348270
254418858
254489444
254560028
254630610
254701190
254771768
254842344
254912918
254983490
255054060
255124628
255195194
255265758
255336320
255406880
255477438
255547994
255618548
255689100
255759650
255830198
255900744
255971288
256041830
256112370
256182908
256253444
256323978
256394510
256465040
256535568
256606094
256676618
256747140
256817660
256888178
256958694
257029208
257099720
257170230
257240738
257311244
257381748
257452250
257522750
257593248
257663744
257734238
257804730
257875220
257945708
258016194
258086678
258157160
258227640
258298118
258368594
258439068
258509540
258580010
258650478
258720944
258791408
258861870
258932330
259002788
259073244
259143698
259214150
259284600
259355048
259425494
259495938
259566380
259636820
259707258
259777694
259848128
259918560
259988990
260059418
260129844
260200268
260270690
260341110
260411528
260481944
260552358
260622770
260693180
260763588
260833994
260904398
260974800
261045200
261115598
261185994
261256388
261326780
261397170
261467558
261537944
261608328
261678710
261749090
261819468
261889844
261960218
262030590
262100960
262171328
262241694
262312058
262382420
262452780
262523138
262593494
262663848
262734200
262804550
262874898
262945244
263015588
263085930
263156270
263226608
263296944
263367278
263437610
263507940
263578268
263648594
263718918
263789240
263859560
263929878
264000194
264070508
264140820
264211130
264281438
264351744
264422048
264492350
264562650
264632948
264703244
264773538
264843830
264914120
264984408
265054694
265124978
265195260
265265540
265335818
265406094
265476368
265546640
265616910
265687178
265757444
265827708
265897970
265968230
266038488
266108744
266178998
266249250
266319500
266389748
266459994
266530238
266600480
266670720
266740958
266811194
266881428
266951660
267021890
267092118
267162344
267232568
267302790
267373010
267443228
267513444
267583658
267653870
267724080
267794288
267864494
267934698
268004900
268075100
268145298
268215494
268285688
268355880
268426070
268496258
268566444
268636628
268706810
268776990
268847168
268917344
268987518
269057690
269127860
269198028
269268194
269338358
269408520
269478680
269548838
269618994
269689148
269759300
269829450
269899598
269969744
270039888
270110030
270180170
270250308
270320444
270390578
270460710
270530840
270600968
270671094
270741218
270811340
270881460
270951578
271021694
271091808
271161920
271232030
271302138
271372244
271442348
271512450
271582550
271652648
271722744
271792838
271862930
271933020
272003108
272073194
272143278
272213360
272283440
272353518
272423594
272493668
272563740
272633810
272703878
272773944
272844008
272914070
272984130
273054188
273124244
273194298
273264350
273334400
273404448
273474494
273544538
273614580
273684620
273754658
273824694
273894728
273964760
274034790
274104818
274174844
274244868
274314890
274384910
274454928
274524944
274594958
274664970
274734980
274804988
274874994
274944998
275015000
275085000
275154998
275224994
275294988
275364980
275434970
275504958
275574944
275644928
275714910
275784890
275854868
275924844
275994818
276064790
276134760
276204728
276274694
276344658
276414620
276484580
276554538
276624494
276694448
276764400
276834350
276904298
276974244
277044188
277114130
277184070
277254008
277323944
277393878
277463810
277533740
277603668
277673594
277743518
277813440
277883360
277953278
278023194
278093108
278163020
278232930
278302838
278372744
278442648
278512550
278582450
278652348
278722244
278792138
278862030
278931920
279001808
279071694
279141578
279211460
279281340
279351218
279421094
279490968
279560840
279630710
279700578
279770444
279840308
279910170
279980030
280049888
280119744
280189598
280259450
280329300
280399148
280468994
280538838
280608680
280678520
280748358
280818194
280888028
280957860
281027690
281097518
281167344
281237168
281306990
281376810
281446628
281516444
281586258
281656070
281725880
281795688
281865494
281935298
282005100
282074900
282144698
282214494
282284288
282354080
282423870
282493658
282563444
282633228
282703010
282772790
282842568
282912344
282982118
283051890
283121660
283191428
283261194
283330958
283400720
283470480
283540238
283609994
283679748
283749500
283819250
283888998
283958744
284028488
284098230
284167970
284237708
284307444
284377178
284446910
284516640
284586368
284656094
284725818
284795540
284865260
284934978
285004694
285074408
285144120
285213830
285283538
285353244
285422948
285492650
285562350
285632048
285701744
285771438
285841130
285910820
285980508
286050194
286119878
286189560
286259240
286328918
286398594
286468268
286537940
286607610
286677278
286746944
286816608
286886270
286955930
287025588
287095244
287164898
287234550
287304200
287373848
287443494
287513138
287582780
287652420
287722058
287791694
287861328
287930960
288000590
288070218
288139844
288209468
288279090
288348710
288418328
288487944
288557558
288627170
288696780
288766388
288835994
288905598
288975200
289044800
289114398
289183994
289253588
289323180
289392770
289462358
289531944
289601528
289671110
289740690
289810268
289879844
289949418
290018990
290088560
290158128
290227694
290297258
290366820
290436380
290505938
290575494
290645048
290714600
290784150
290853698
290923244
290992788
291062330
291131870
291201408
291270944
291340478
291410010
291479540
291549068
291618594
291688118
291757640
291827160
291896678
291966194
292035708
292105220
292174730
292244238
292313744
292383248
292452750
292522250
292591748
292661244
292730738
292800230
292869720
292939208
293008694
293078178
293147660
293217140
293286618
293356094
293425568
293495040
293564510
293633978
293703444
293772908
293842370
293911830
293981288
294050744
294120198
294189650
294259100
294328548
294397994
294467438
294536880
294606320
294675758
294745194
294814628
294884060
294953490
295022918
295092344
295161768
295231190
295300610
295370028
295439444
295508858
295578270
295647680
295717088
295786494
295855898
295925300
295994700
296064098
296133494
296202888
296272280
296341670
296411058
296480444
296549828
296619210
296688590
296757968
296827344
296896718
296966090
297035460
297104828
297174194
297243558
297312920
297382280
297451638
297520994
297590348
297659700
297729050
297798398
297867744
297937088
298006430
298075770
298145108
298214444
298283778
298353110
298422440
298491768
298561094
298630418
298699740
298769060
298838378
298907694
298977008
299046320
299115630
299184938
299254244
299323548
299392850
299462150
299531448
299600744
299670038
299739330
299808620
299877908
299947194
300016478
300085760
300155040
300224318
300293594
300362868
300432140
300501410
300570678
300639944
300709208
300778470
300847730
300916988
300986244
301055498
301124750
301194000
301263248
301332494
301401738
301470980
301540220
301609458
301678694
301747928
301817160
301886390
301955618
302024844
302094068
302163290
302232510
302301728
302370944
302440158
302509370
302578580
302647788
302716994
302786198
302855400
302924600
302993798
303062994
303132188
303201380
303270570
303339758
303408944
303478128
303547310
303616490
303685668
303754844
303824018
303893190
303962360
304031528
304100694
304169858
304239020
304308180
304377338
304446494
304515648
304584800
304653950
304723098
304792244
304861388
304930530
304999670
305068808
305137944
305207078
305276210
305345340
305414468
305483594
305552718
305621840
305690960
305760078
305829194
305898308
305967420
306036530
306105638
306174744
306243848
306312950
306382050
306451148
306520244
306589338
306658430
306727520
306796608
306865694
306934778
307003860
307072940
307142018
307211094
307280168
307349240
307418310
307487378
307556444
307625508
307694570
307763630
307832688
307901744
307970798
308039850
308108900
308177948
308246994
308316038
308385080
308454120
308523158
308592194
308661228
308730260
308799290
308868318
308937344
309006368
309075390
309144410
309213428
309282444
309351458
309420470
309489480
309558488
309627494
309696498
309765500
309834500
309903498
309972494
310041488
310110480
310179470
310248458
310317444
310386428
310455410
310524390
310593368
310662344
310731318
310800290
310869260
310938228
311007194
311076158
311145120
311214080
311283038
311351994
311420948
311489900
311558850
311627798
311696744
311765688
311834630
311903570
311972508
312041444
312110378
312179310
312248240
312317168
312386094
312455018
312523940
312592860
312661778
312730694
312799608
312868520
312937430
313006338
313075244
313144148
313213050
313281950
313350848
313419744
313488638
313557530
313626420
313695308
313764194
313833078
313901960
313970840
314039718
314108594
314177468
314246340
314315210
314384078
314452944
314521808
314590670
314659530
314728388
314797244
314866098
314934950
315003800
315072648
315141494
315210338
315279180
315348020
315416858
315485694
315554528
315623360
315692190
315761018
315829844
315898668
315967490
316036310
316105128
316173944
316242758
316311570
316380380
316449188
316517994
316586798
316655600
316724400
316793198
316861994
316930788
316999580
317068370
317137158
317205944
317274728
317343510
317412290
317481068
317549844
317618618
317687390
317756160
317824928
317893694
317962458
318031220
318099980
318168738
318237494
318306248
318375000
318443750
318512498
318581244
318649988
318718730
318787470
318856208
318924944
318993678
319062410
319131140
319199868
319268594
319337318
319406040
319474760
319543478
319612194
319680908
319749620
319818330
319887038
319955744
320024448
320093150
320161850
320230548
320299244
320367938
320436630
320505320
320574008
320642694
320711378
320780060
320848740
320917418
320986094
321054768
321123440
321192110
321260778
321329444
321398108
321466770
321535430
321604088
321672744
321741398
321810050
321878700
321947348
322015994
322084638
322153280
322221920
322290558
322359194
322427828
322496460
322565090
322633718
322702344
322770968
322839590
322908210
322976828
323045444
323114058
323182670
323251280
323319888
323388494
323457098
323525700
323594300
323662898
323731494
323800088
323868680
323937270
324005858
324074444
324143028
324211610
324280190
324348768
324417344
324485918
324554490
324623060
324691628
324760194
324828758
324897320
324965880
325034438
325102994
325171548
325240100
325308650
325377198
325445744
325514288
325582830
325651370
325719908
325788444
325856978
325925510
325994040
326062568
326131094
326199618
326268140
326336660
326405178
326473694
326542208
326610720
326679230
326747738
326816244
326884748
326953250
327021750
327090248
327158744
327227238
327295730
327364220
327432708
327501194
327569678
327638160
327706640
327775118
327843594
327912068
327980540
328049010
328117478
328185944
328254408
328322870
328391330
328459788
328528244
328596698
328665150
328733600
328802048
328870494
328938938
329007380
329075820
329144258
329212694
329281128
329349560
329417990
329486418
329554844
329623268
329691690
329760110
329828528
329896944
329965358
330033770
330102180
330170588
330238994
330307398
330375800
330444200
330512598
330580994
330649388
330717780
330786170
330854558
330922944
330991328
331059710
331128090
331196468
331264844
331333218
331401590
331469960
331538328
331606694
331675058
331743420
331811780
331880138
331948494
332016848
332085200
332153550
332221898
332290244
332358588
332426930
332495270
332563608
332631944
332700278
332768610
332836940
332905268
332973594
333041918
333110240
333178560
333246878
333315194
333383508
333451820
333520130
333588438
333656744
333725048
333793350
333861650
333929948
333998244
334066538
334134830
334203120
334271408
334339694
334407978
334476260
334544540
334612818
334681094
334749368
334817640
334885910
334954178
335022444
335090708
335158970
335227230
335295488
335363744
335431998
335500250
335568500
335636748
335704994
335773238
335841480
335909720
335977958
336046194
336114428
336182660
336250890
336319118
336387344
336455568
336523790
336592010
336660228
336728444
336796658
336864870
336933080
337001288
337069494
337137698
337205900
337274100
337342298
337410494
337478688
337546880
337615070
337683258
337751444
337819628
337887810
337955990
338024168
338092344
338160518
338228690
338296860
338365028
338433194
338501358
338569520
338637680
338705838
338773994
338842148
338910300
338978450
339046598
339114744
339182888
339251030
339319170
339387308
339455444
339523578
339591710
339659840
339727968
339796094
339864218
339932340
340000460
340068578
340136694
340204808
340272920
340341030
340409138
340477244
340545348
340613450
340681550
340749648
340817744
340885838
340953930
341022020
341090108
341158194
341226278
341294360
341362440
341430518
341498594
341566668
341634740
341702810
341770878
341838944
341907008
341975070
342043130
342111188
342179244
342247298
342315350
342383400
342451448
342519494
342587538
342655580
342723620
342791658
342859694
342927728
342995760
343063790
343131818
343199844
343267868
343335890
343403910
343471928
343539944
343607958
343675970
343743980
343811988
343879994
343947998
344016000
344084000
344151998
344219994
344287988
344355980
344423970
344491958
344559944
344627928
344695910
344763890
344831868
344899844
344967818
345035790
345103760
345171728
345239694
345307658
345375620
345443580
345511538
345579494
345647448
345715400
345783350
345851298
345919244
345987188
346055130
346123070
346191008
346258944
346326878
346394810
346462740
346530668
346598594
346666518
346734440
346802360
346870278
346938194
347006108
347074020
347141930
347209838
347277744
347345648
347413550
347481450
347549348
347617244
347685138
347753030
347820920
347888808
347956694
348024578
348092460
348160340
348228218
348296094
348363968
348431840
348499710
348567578
348635444
348703308
348771170
348839030
348906888
348974744
349042598
349110450
349178300
349246148
349313994
349381838
349449680
349517520
349585358
349653194
349721028
349788860
349856690
349924518
349992344
350060168
350127990
350195810
350263628
350331444
350399258
350467070
350534880
350602688
350670494
350738298
350806100
350873900
350941698
351009494
351077288
351145080
351212870
351280658
351348444
351416228
351484010
351551790
351619568
351687344
351755118
351822890
351890660
351958428
352026194
352093958
352161720
352229480
352297238
352364994
352432748
352500500
352568250
352635998
352703744
352771488
352839230
352906970
352974708
353042444
353110178
353177910
353245640
353313368
353381094
353448818
353516540
353584260
353651978
353719694
353787408
353855120
353922830
353990538
354058244
354125948
354193650
354261350
354329048
354396744
354464438
354532130
354599820
354667508
354735194
354802878
354870560
354938240
355005918
355073594
355141268
355208940
355276610
355344278
355411944
355479608
355547270
355614930
355682588
355750244
355817898
355885550
355953200
356020848
356088494
356156138
356223780
356291420
356359058
356426694
356494328
356561960
356629590
356697218
356764844
356832468
356900090
356967710
357035328
357102944
357170558
357238170
357305780
357373388
357440994
357508598
357576200
357643800
357711398
357778994
357846588
357914180
357981770
358049358
358116944
358184528
358252110
358319690
358387268
358454844
358522418
358589990
358657560
358725128
358792694
358860258
358927820
358995380
359062938
359130494
359198048
359265600
359333150
359400698
359468244
359535788
359603330
359670870
359738408
359805944
359873478
359941010
360008540
360076068
360143594
360211118
360278640
360346160
360413678
360481194
360548708
360616220
360683730
360751238
360818744
360886248
360953750
361021250
361088748
361156244
361223738
361291230
361358720
361426208
361493694
361561178
361628660
361696140
361763618
361831094
361898568
361966040
362033510
362100978
362168444
362235908
362303370
362370830
362438288
362505744
362573198
362640650
362708100
362775548
362842994
362910438
362977880
363045320
363112758
363180194
363247628
363315060
363382490
363449918
363517344
363584768
363652190
363719610
363787028
363854444
363921858
363989270
364056680
364124088
364191494
364258898
364326300
364393700
364461098
364528494
364595888
364663280
364730670
364798058
364865444
364932828
365000210
365067590
365134968
365202344
365269718
365337090
365404460
365471828
365539194
365606558
365673920
365741280
365808638
365875994
365943348
366010700
366078050
366145398
366212744
366280088
366347430
366414770
366482108
366549444
366616778
366684110
366751440
366818768
366886094
366953418
367020740
367088060
367155378
367222694
367290008
367357320
367424630
367491938
367559244
367626548
367693850
367761150
367828448
367895744
367963038
368030330
368097620
368164908
368232194
368299478
368366760
368434040
368501318
368568594
368635868
368703140
368770410
368837678
368904944
368972208
369039470
369106730
369173988
369241244
369308498
369375750
369443000
369510248
369577494
369644738
369711980
369779220
369846458
369913694
369980928
370048160
370115390
370182618
370249844
370317068
370384290
370451510
370518728
370585944
370653158
370720370
370787580
370854788
370921994
370989198
371056400
371123600
371190798
371257994
371325188
371392380
371459570
371526758
371593944
371661128
371728310
371795490
371862668
371929844
371997018
372064190
372131360
372198528
372265694
372332858
372400020
372467180
372534338
372601494
372668648
372735800
372802950
372870098
372937244
373004388
373071530
373138670
373205808
373272944
373340078
373407210
373474340
373541468
373608594
373675718
373742840
373809960
373877078
373944194
374011308
374078420
374145530
374212638
374279744
374346848
374413950
374481050
374548148
374615244
374682338
374749430
374816520
374883608
374950694
375017778
375084860
375151940
375219018
375286094
375353168
375420240
375487310
375554378
375621444
375688508
375755570
375822630
375889688
375956744
376023798
376090850
376157900
376224948
376291994
376359038
376426080
376493120
376560158
376627194
376694228
376761260
376828290
376895318
376962344
377029368
377096390
377163410
377230428
377297444
377364458
377431470
377498480
377565488
377632494
377699498
377766500
377833500
377900498
377967494
378034488
378101480
378168470
378235458
378302444
378369428
378436410
378503390
378570368
378637344
378704318
378771290
378838260
378905228
378972194
379039158
379106120
379173080
379240038
379306994
379373948
379440900
379507850
379574798
379641744
379708688
379775630
379842570
379909508
379976444
380043378
380110310
380177240
380244168
380311094
380378018
380444940
380511860
380578778
380645694
380712608
380779520
380846430
380913338
380980244
381047148
381114050
381180950
381247848
381314744
381381638
381448530
381515420
381582308
381649194
381716078
381782960
381849840
381916718
381983594
382050468
382117340
382184210
382251078
382317944
382384808
382451670
382518530
382585388
382652244
382719098
382785950
382852800
382919648
382986494
383053338
383120180
383187020
383253858
383320694
383387528
383454360
383521190
383588018
383654844
383721668
383788490
383855310
383922128
383988944
384055758
384122570
384189380
384256188
384322994
384389798
384456600
384523400
384590198
384656994
384723788
384790580
384857370
384924158
384990944
385057728
385124510
385191290
385258068
385324844
385391618
385458390
385525160
385591928
385658694
385725458
385792220
385858980
385925738
385992494
386059248
386126000
386192750
386259498
386326244
386392988
386459730
386526470
386593208
386659944
386726678
386793410
386860140
386926868
386993594
387060318
387127040
387193760
387260478
387327194
387393908
387460620
387527330
387594038
387660744
387727448
387794150
387860850
387927548
387994244
388060938
388127630
388194320
388261008
388327694
388394378
388461060
388527740
388594418
388661094
388727768
388794440
388861110
388927778
388994444
389061108
389127770
389194430
389261088
389327744
389394398
389461050
389527700
389594348
389660994
389727638
389794280
389860920
389927558
389994194
390060828
390127460
390194090
390260718
390327344
390393968
390460590
390527210
390593828
390660444
390727058
390793670
390860280
390926888
390993494
391060098
391126700
391193300
391259898
391326494
391393088
391459680
391526270
391592858
391659444
391726028
391792610
391859190
391925768
391992344
392058918
392125490
392192060
392258628
392325194
392391758
392458320
392524880
392591438
392657994
392724548
392791100
392857650
392924198
392990744
393057288
393123830
393190370
393256908
393323444
393389978
393456510
393523040
393589568
393656094
393722618
393789140
393855660
393922178
393988694
394055208
394121720
394188230
394254738
394321244
394387748
394454250
394520750
394587248
394653744
394720238
394786730
394853220
394919708
394986194
395052678
395119160
395185640
395252118
395318594
395385068
395451540
395518010
395584478
395650944
395717408
395783870
395850330
395916788
395983244
396049698
396116150
396182600
396249048
396315494
396381938
396448380
396514820
396581258
396647694
396714128
396780560
396846990
396913418
396979844
397046268
397112690
397179110
397245528
397311944
397378358
397444770
397511180
397577588
397643994
397710398
397776800
397843200
397909598
397975994
398042388
398108780
398175170
398241558
398307944
398374328
398440710
398507090
398573468
398639844
398706218
398772590
398838960
398905328
398971694
399038058
399104420
399170780
399237138
399303494
399369848
399436200
399502550
399568898
399635244
399701588
399767930
399834270
399900608
399966944
400033278
400099610
400165940
400232268
400298594
400364918
400431240
400497560
400563878
400630194
400696508
400762820
400829130
400895438
400961744
401028048
401094350
401160650
401226948
401293244
401359538
401425830
401492120
401558408
401624694
401690978
401757260
401823540
401889818
401956094
402022368
402088640
402154910
402221178
402287444
402353708
402419970
402486230
402552488
402618744
402684998
402751250
402817500
402883748
402949994
403016238
403082480
403148720
403214958
403281194
403347428
403413660
403479890
403546118
403612344
403678568
403744790
403811010
403877228
403943444
404009658
404075870
404142080
404208288
404274494
404340698
404406900
404473100
404539298
404605494
404671688
404737880
404804070
404870258
404936444
405002628
405068810
405134990
405201168
405267344
405333518
405399690
405465860
405532028
405598194
405664358
405730520
405796680
405862838
405928994
405995148
406061300
406127450
406193598
406259744
406325888
406392030
406458170
406524308
406590444
406656578
406722710
406788840
406854968
406921094
406987218
407053340
407119460
407185578
407251694
407317808
407383920
407450030
407516138
407582244
407648348
407714450
407780550
407846648
407912744
407978838
408044930
408111020
408177108
408243194
408309278
408375360
408441440
408507518
408573594
408639668
408705740
408771810
408837878
408903944
408970008
409036070
409102130
409168188
409234244
409300298
409366350
409432400
409498448
409564494
409630538
409696580
409762620
409828658
409894694
409960728
410026760
410092790
410158818
410224844
410290868
410356890
410422910
410488928
410554944
410620958
410686970
410752980
410818988
410884994
410950998
411017000
411083000
411148998
411214994
411280988
411346980
411412970
411478958
411544944
411610928
411676910
411742890
411808868
411874844
411940818
412006790
412072760
412138728
412204694
412270658
412336620
412402580
412468538
412534494
412600448
412666400
412732350
412798298
412864244
412930188
412996130
413062070
413128008
413193944
413259878
413325810
413391740
413457668
413523594
413589518
413655440
413721360
413787278
413853194
413919108
413985020
414050930
414116838
414182744
414248648
414314550
414380450
414446348
414512244
414578138
414644030
414709920
414775808
414841694
414907578
414973460
415039340
415105218
415171094
415236968
415302840
415368710
415434578
415500444
415566308
415632170
415698030
415763888
415829744
415895598
415961450
416027300
416093148
416158994
416224838
416290680
416356520
416422358
416488194
416554028
416619860
416685690
416751518
416817344
416883168
416948990
417014810
417080628
417146444
417212258
417278070
417343880
417409688
417475494
417541298
417607100
417672900
417738698
417804494
417870288
417936080
418001870
418067658
418133444
418199228
418265010
418330790
418396568
418462344
418528118
418593890
418659660
418725428
418791194
418856958
418922720
418988480
419054238
419119994
419185748
419251500
419317250
419382998
419448744
419514488
419580230
419645970
419711708
419777444
419843178
419908910
419974640
420040368
420106094
420171818
420237540
420303260
420368978
420434694
420500408
420566120
420631830
420697538
420763244
420828948
420894650
420960350
421026048
421091744
421157438
421223130
421288820
421354508
421420194
421485878
421551560
421617240
421682918
421748594
421814268
421879940
421945610
422011278
422076944
422142608
422208270
422273930
422339588
422405244
422470898
422536550
422602200
422667848
422733494
422799138
422864780
422930420
422996058
423061694
423127328
423192960
423258590
423324218
423389844
423455468
423521090
423586710
423652328
423717944
423783558
423849170
423914780
423980388
424045994
424111598
424177200
424242800
424308398
424373994
424439588
424505180
424570770
424636358
424701944
424767528
424833110
424898690
424964268
425029844
425095418
425160990
425226560
425292128
425357694
425423258
425488820
425554380
425619938
425685494
425751048
425816600
425882150
425947698
426013244
426078788
426144330
426209870
426275408
426340944
426406478
426472010
426537540
426603068
426668594
426734118
426799640
426865160
426930678
426996194
427061708
427127220
427192730
427258238
427323744
427389248
427454750
427520250
427585748
427651244
427716738
427782230
427847720
427913208
427978694
428044178
428109660
428175140
428240618
428306094
428371568
428437040
428502510
428567978
428633444
428698908
428764370
428829830
428895288
428960744
429026198
429091650
429157100
429222548
429287994
429353438
429418880
429484320
429549758
429615194
429680628
429746060
429811490
429876918
429942344
430007768
430073190
430138610
430204028
430269444
430334858
430400270
430465680
430531088
430596494
430661898
430727300
430792700
430858098
430923494
430988888
431054280
431119670
431185058
431250444
431315828
431381210
431446590
431511968
431577344
431642718
431708090
431773460
431838828
431904194
431969558
432034920
432100280
432165638
432230994
432296348
432361700
432427050
432492398
432557744
432623088
432688430
432753770
432819108
432884444
432949778
433015110
433080440
433145768
433211094
433276418
433341740
433407060
433472378
433537694
433603008
433668320
433733630
433798938
433864244
433929548
433994850
434060150
434125448
434190744
434256038
434321330
434386620
434451908
434517194
434582478
434647760
434713040
434778318
434843594
434908868
434974140
435039410
435104678
435169944
435235208
435300470
435365730
435430988
435496244
435561498
435626750
435692000
435757248
435822494
435887738
435952980
436018220
436083458
436148694
436213928
436279160
436344390
436409618
436474844
436540068
436605290
436670510
436735728
436800944
436866158
436931370
436996580
437061788
437126994
437192198
437257400
437322600
437387798
437452994
437518188
437583380
437648570
437713758
437778944
437844128
437909310
437974490
438039668
438104844
438170018
438235190
438300360
438365528
438430694
438495858
438561020
438626180
438691338
438756494
438821648
438886800
438951950
439017098
439082244
439147388
439212530
439277670
439342808
439407944
439473078
439538210
439603340
439668468
439733594
439798718
439863840
439928960
439994078
440059194
440124308
440189420
440254530
440319638
440384744
440449848
440514950
440580050
440645148
440710244
440775338
440840430
440905520
440970608
441035694
441100778
441165860
441230940
441296018
441361094
441426168
441491240
441556310
441621378
441686444
441751508
441816570
441881630
441946688
442011744
442076798
442141850
442206900
442271948
442336994
442402038
442467080
442532120
442597158
442662194
442727228
442792260
442857290
442922318
442987344
443052368
443117390
443182410
443247428
443312444
443377458
443442470
443507480
443572488
443637494
443702498
443767500
443832500
443897498
443962494
444027488
444092480
444157470
444222458
444287444
444352428
444417410
444482390
444547368
444612344
444677318
444742290
444807260
444872228
444937194
445002158
445067120
445132080
445197038
445261994
445326948
445391900
445456850
445521798
445586744
445651688
445716630
445781570
445846508
445911444
445976378
446041310
446106240
446171168
446236094
446301018
446365940
446430860
446495778
446560694
446625608
446690520
446755430
446820338
446885244
446950148
447015050
447079950
447144848
447209744
447274638
447339530
447404420
447469308
447534194
447599078
447663960
447728840
447793718
447858594
447923468
447988340
448053210
448118078
448182944
448247808
448312670
448377530
448442388
448507244
448572098
448636950
448701800
448766648
448831494
448896338
448961180
449026020
449090858
449155694
449220528
449285360
449350190
449415018
449479844
449544668
449609490
449674310
449739128
449803944
449868758
449933570
449998380
450063188
450127994
450192798
450257600
450322400
450387198
450451994
450516788
450581580
450646370
450711158
450775944
450840728
450905510
450970290
451035068
451099844
451164618
451229390
451294160
451358928
451423694
451488458
451553220
451617980
451682738
451747494
451812248
451877000
451941750
452006498
452071244
452135988
452200730
452265470
452330208
452394944
452459678
452524410
452589140
452653868
452718594
452783318
452848040
452912760
452977478
453042194
453106908
453171620
453236330
453301038
453365744
453430448
453495150
453559850
453624548
453689244
453753938
453818630
453883320
453948008
454012694
454077378
454142060
454206740
454271418
454336094
454400768
454465440
454530110
454594778
454659444
454724108
454788770
454853430
454918088
454982744
455047398
455112050
455176700
455241348
455305994
455370638
455435280
455499920
455564558
455629194
455693828
455758460
455823090
455887718
455952344
456016968
456081590
456146210
456210828
456275444
456340058
456404670
456469280
456533888
456598494
456663098
456727700
456792300
456856898
456921494
456986088
457050680
457115270
457179858
457244444
457309028
457373610
457438190
457502768
457567344
457631918
457696490
457761060
457825628
457890194
457954758
458019320
458083880
458148438
458212994
458277548
458342100
458406650
458471198
458535744
458600288
458664830
458729370
458793908
458858444
458922978
458987510
459052040
459116568
459181094
459245618
459310140
459374660
459439178
459503694
459568208
459632720
459697230
459761738
459826244
459890748
459955250
460019750
460084248
460148744
460213238
460277730
460342220
460406708
460471194
460535678
460600160
460664640
460729118
460793594
460858068
460922540
460987010
461051478
461115944
461180408
461244870
461309330
461373788
461438244
461502698
461567150
461631600
461696048
461760494
461824938
461889380
461953820
462018258
462082694
462147128
462211560
462275990
462340418
462404844
462469268
462533690
462598110
462662528
462726944
462791358
462855770
462920180
462984588
463048994
463113398
463177800
463242200
463306598
463370994
463435388
463499780
463564170
463628558
463692944
463757328
463821710
463886090
463950468
464014844
464079218
464143590
464207960
464272328
464336694
464401058
464465420
464529780
464594138
464658494
464722848
464787200
464851550
464915898
464980244
465044588
465108930
465173270
465237608
465301944
465366278
465430610
465494940
465559268
465623594
465687918
465752240
465816560
465880878
465945194
466009508
466073820
466138130
466202438
466266744
466331048
466395350
466459650
466523948
466588244
466652538
466716830
466781120
466845408
466909694
466973978
467038260
467102540
467166818
467231094
467295368
467359640
467423910
467488178
467552444
467616708
467680970
467745230
467809488
467873744
467937998
468002250
468066500
468130748
468194994
468259238
468323480
468387720
468451958
468516194
468580428
468644660
468708890
468773118
468837344
468901568
468965790
469030010
469094228
469158444
469222658
469286870
469351080
469415288
469479494
469543698
469607900
469672100
469736298
469800494
469864688
469928880
469993070
470057258
470121444
470185628
470249810
470313990
470378168
470442344
470506518
470570690
470634860
470699028
470763194
470827358
470891520
470955680
471019838
471083994
471148148
471212300
471276450
471340598
471404744
471468888
471533030
471597170
471661308
471725444
471789578
471853710
471917840
471981968
472046094
472110218
472174340
472238460
472302578
472366694
472430808
472494920
472559030
472623138
472687244
472751348
472815450
472879550
472943648
473007744
473071838
473135930
473200020
473264108
473328194
473392278
473456360
473520440
473584518
473648594
473712668
473776740
473840810
473904878
473968944
474033008
474097070
474161130
474225188
474289244
474353298
474417350
474481400
474545448
474609494
474673538
474737580
474801620
474865658
474929694
474993728
475057760
475121790
475185818
475249844
475313868
475377890
475441910
475505928
475569944
475633958
475697970
475761980
475825988
475889994
475953998
476018000
476082000
476145998
476209994
476273988
476337980
476401970
476465958
476529944
476593928
476657910
476721890
476785868
476849844
476913818
476977790
477041760
477105728
477169694
477233658
477297620
477361580
477425538
477489494
477553448
477617400
477681350
477745298
477809244
477873188
477937130
478001070
478065008
478128944
478192878
478256810
478320740
478384668
478448594
478512518
478576440
478640360
478704278
478768194
478832108
478896020
478959930
479023838
479087744
479151648
479215550
479279450
479343348
479407244
479471138
479535030
479598920
479662808
479726694
479790578
479854460
479918340
479982218
480046094
480109968
480173840
480237710
480301578
480365444
480429308
480493170
480557030
480620888
480684744
480748598
480812450
480876300
480940148
481003994
481067838
481131680
481195520
481259358
481323194
481387028
481450860
481514690
481578518
481642344
481706168
481769990
481833810
481897628
481961444
482025258
482089070
482152880
482216688
482280494
482344298
482408100
482471900
482535698
482599494
482663288
482727080
482790870
482854658
482918444
482982228
483046010
483109790
483173568
483237344
483301118
483364890
483428660
483492428
483556194
483619958
483683720
483747480
483811238
483874994
483938748
484002500
484066250
484129998
484193744
484257488
484321230
484384970
484448708
484512444
484576178
484639910
484703640
484767368
484831094
484894818
484958540
485022260
485085978
485149694
485213408
485277120
485340830
485404538
485468244
485531948
485595650
485659350
485723048
485786744
485850438
485914130
485977820
486041508
486105194
486168878
486232560
486296240
486359918
486423594
486487268
486550940
486614610
486678278
486741944
486805608
486869270
486932930
486996588
487060244
487123898
487187550
487251200
487314848
487378494
487442138
487505780
487569420
487633058
487696694
487760328
487823960
487887590
487951218
488014844
488078468
488142090
488205710
488269328
488332944
488396558
488460170
488523780
488587388
488650994
488714598
488778200
488841800
488905398
488968994
489032588
489096180
489159770
489223358
489286944
489350528
489414110
489477690
489541268
489604844
489668418
489731990
489795560
489859128
489922694
489986258
490049820
490113380
490176938
490240494
490304048
490367600
490431150
490494698
490558244
490621788
490685330
490748870
490812408
490875944
490939478
491003010
491066540
491130068
491193594
491257118
491320640
491384160
491447678
491511194
491574708
491638220
491701730
491765238
491828744
491892248
491955750
492019250
492082748
492146244
492209738
492273230
492336720
492400208
492463694
492527178
492590660
492654140
492717618
492781094
492844568
492908040
492971510
493034978
493098444
493161908
493225370
493288830
493352288
493415744
493479198
493542650
493606100
493669548
493732994
493796438
493859880
493923320
493986758
494050194
494113628
494177060
494240490
494303918
494367344
494430768
494494190
494557610
494621028
494684444
494747858
494811270
494874680
494938088
495001494
495064898
495128300
495191700
495255098
495318494
495381888
495445280
495508670
495572058
495635444
495698828
495762210
495825590
495888968
495952344
496015718
496079090
496142460
496205828
496269194
496332558
496395920
496459280
496522638
496585994
496649348
496712700
496776050
496839398
496902744
496966088
497029430
497092770
497156108
497219444
497282778
497346110
497409440
497472768
497536094
497599418
497662740
497726060
497789378
497852694
497916008
497979320
498042630
498105938
498169244
498232548
498295850
498359150
498422448
498485744
498549038
498612330
498675620
498738908
498802194
498865478
498928760
498992040
499055318
499118594
499181868
499245140
499308410
499371678
499434944
499498208
499561470
499624730
499687988
499751244
499814498
499877750
499941000
500004248
500067494
500130738
500193980
500257220
500320458
500383694
500446928
500510160
500573390
500636618
500699844
500763068
500826290
500889510
500952728
501015944
501079158
501142370
501205580
501268788
501331994
501395198
501458400
501521600
501584798
501647994
501711188
501774380
501837570
501900758
501963944
502027128
502090310
502153490
502216668
502279844
502343018
502406190
502469360
502532528
502595694
502658858
502722020
502785180
502848338
502911494
502974648
503037800
503100950
503164098
503227244
503290388
503353530
503416670
503479808
503542944
503606078
503669210
503732340
503795468
503858594
503921718
503984840
504047960
504111078
504174194
504237308
504300420
504363530
504426638
504489744
504552848
504615950
504679050
504742148
504805244
504868338
504931430
504994520
505057608
505120694
505183778
505246860
505309940
505373018
505436094
505499168
505562240
505625310
505688378
505751444
505814508
505877570
505940630
506003688
506066744
506129798
506192850
506255900
506318948
506381994
506445038
506508080
506571120
506634158
506697194
506760228
506823260
506886290
506949318
507012344
507075368
507138390
507201410
507264428
507327444
507390458
507453470
507516480
507579488
507642494
507705498
507768500
507831500
507894498
507957494
508020488
508083480
508146470
508209458
508272444
508335428
508398410
508461390
508524368
508587344
508650318
508713290
508776260
508839228
508902194
508965158
509028120
509091080
509154038
509216994
509279948
509342900
509405850
509468798
509531744
509594688
509657630
509720570
509783508
509846444
509909378
509972310
510035240
510098168
510161094
510224018
510286940
510349860
510412778
510475694
510538608
510601520
510664430
510727338
510790244
510853148
510916050
510978950
511041848
511104744
511167638
511230530
511293420
511356308
511419194
511482078
511544960
511607840
511670718
511733594
511796468
511859340
511922210
511985078
512047944
512110808
512173670
512236530
512299388
512362244
512425098
512487950
512550800
512613648
512676494
512739338
512802180
512865020
512927858
512990694
513053528
513116360
513179190
513242018
513304844
513367668
513430490
513493310
513556128
513618944
513681758
513744570
513807380
513870188
513932994
513995798
514058600
514121400
514184198
514246994
514309788
514372580
514435370
514498158
514560944
514623728
514686510
514749290
514812068
514874844
514937618
515000390
515063160
515125928
515188694
515251458
515314220
515376980
515439738
515502494
515565248
515628000
515690750
515753498
515816244
515878988
515941730
516004470
516067208
516129944
516192678
516255410
516318140
516380868
516443594
516506318
516569040
516631760
516694478
516757194
516819908
516882620
516945330
517008038
517070744
517133448
517196150
517258850
517321548
517384244
517446938
517509630
517572320
517635008
517697694
517760378
517823060
517885740
517948418
518011094
518073768
518136440
518199110
518261778
518324444
518387108
518449770
518512430
518575088
518637744
518700398
518763050
518825700
518888348
518950994
519013638
519076280
519138920
519201558
519264194
519326828
519389460
519452090
519514718
519577344
519639968
519702590
519765210
519827828
519890444
519953058
520015670
520078280
520140888
520203494
520266098
520328700
520391300
520453898
520516494
520579088
520641680
520704270
520766858
520829444
520892028
520954610
521017190
521079768
521142344
521204918
521267490
521330060
521392628
521455194
521517758
521580320
521642880
521705438
521767994
521830548
521893100
521955650
522018198
522080744
522143288
522205830
522268370
522330908
522393444
522455978
522518510
522581040
522643568
522706094
522768618
522831140
522893660
522956178
523018694
523081208
523143720
523206230
523268738
523331244
523393748
523456250
523518750
523581248
523643744
523706238
523768730
523831220
523893708
523956194
524018678
524081160
524143640
524206118
524268594
524331068
524393540
524456010
524518478
524580944
524643408
524705870
524768330
524830788
524893244
524955698
525018150
525080600
525143048
525205494
525267938
525330380
525392820
525455258
525517694
525580128
525642560
525704990
525767418
525829844
525892268
525954690
526017110
526079528
526141944
526204358
526266770
526329180
526391588
526453994
526516398
526578800
526641200
526703598
526765994
526828388
526890780
526953170
527015558
527077944
527140328
527202710
527265090
527327468
527389844
527452218
527514590
527576960
527639328
527701694
527764058
527826420
527888780
527951138
528013494
528075848
528138200
528200550
528262898
528325244
528387588
528449930
528512270
528574608
528636944
528699278
528761610
528823940
528886268
528948594
529010918
529073240
529135560
529197878
529260194
529322508
529384820
529447130
529509438
529571744
529634048
529696350
529758650
529820948
529883244
529945538
530007830
530070120
530132408
530194694
530256978
530319260
530381540
530443818
530506094
530568368
530630640
530692910
530755178
530817444
530879708
530941970
531004230
531066488
531128744
531190998
531253250
531315500
531377748
531439994
531502238
531564480
531626720
531688958
531751194
531813428
531875660
531937890
532000118
532062344
532124568
532186790
532249010
532311228
532373444
532435658
532497870
532560080
532622288
532684494
532746698
532808900
532871100
532933298
532995494
533057688
533119880
533182070
533244258
533306444
533368628
533430810
533492990
533555168
533617344
533679518
533741690
533803860
533866028
533928194
533990358
534052520
534114680
534176838
534238994
534301148
534363300
534425450
534487598
534549744
534611888
534674030
534736170
534798308
534860444
534922578
534984710
535046840
535108968
535171094
535233218
535295340
535357460
535419578
535481694
535543808
535605920
535668030
535730138
535792244
535854348
535916450
535978550
536040648
536102744
536164838
536226930
536289020
536351108
536413194
536475278
536537360
536599440
536661518
536723594
536785668
536847740
536909810
536971878
537033944
537096008
537158070
537220130
537282188
537344244
537406298
537468350
537530400
537592448
537654494
537716538
537778580
537840620
537902658
537964694
538026728
538088760
538150790
538212818
538274844
538336868
538398890
538460910
538522928
538584944
538646958
538708970
538770980
538832988
538894994
538956998
539019000
539081000
539142998
539204994
539266988
539328980
539390970
539452958
539514944
539576928
539638910
539700890
539762868
539824844
539886818
539948790
540010760
540072728
540134694
540196658
540258620
540320580
540382538
540444494
540506448
540568400
540630350
540692298
540754244
540816188
540878130
540940070
541002008
541063944
541125878
541187810
541249740
541311668
541373594
541435518
541497440
541559360
541621278
541683194
541745108
541807020
541868930
541930838
541992744
542054648
542116550
542178450
542240348
542302244
542364138
542426030
542487920
542549808
542611694
542673578
542735460
542797340
542859218
542921094
542982968
543044840
543106710
543168578
543230444
543292308
543354170
543416030
543477888
543539744
543601598
543663450
543725300
543787148
543848994
543910838
543972680
544034520
544096358
544158194
544220028
544281860
544343690
544405518
544467344
544529168
544590990
544652810
544714628
544776444
544838258
544900070
544961880
545023688
545085494
545147298
545209100
545270900
545332698
545394494
545456288
545518080
545579870
545641658
545703444
545765228
545827010
545888790
545950568
546012344
546074118
546135890
546197660
546259428
546321194
546382958
546444720
546506480
546568238
546629994
546691748
546753500
546815250
546876998
546938744
547000488
547062230
547123970
547185708
547247444
547309178
547370910
547432640
547494368
547556094
547617818
547679540
547741260
547802978
547864694
547926408
547988120
548049830
548111538
548173244
548234948
548296650
548358350
548420048
548481744
548543438
548605130
548666820
548728508
548790194
548851878
548913560
548975240
549036918
549098594
549160268
549221940
549283610
549345278
549406944
549468608
549530270
549591930
549653588
549715244
549776898
549838550
549900200
549961848
550023494
550085138
550146780
550208420
550270058
550331694
550393328
550454960
550516590
550578218
550639844
550701468
550763090
550824710
550886328
550947944
551009558
551071170
551132780
551194388
551255994
551317598
551379200
551440800
551502398
551563994
551625588
551687180
551748770
551810358
551871944
551933528
551995110
552056690
552118268
552179844
552241418
552302990
552364560
552426128
552487694
552549258
552610820
552672380
552733938
552795494
552857048
552918600
552980150
553041698
553103244
553164788
553226330
553287870
553349408
553410944
553472478
553534010
553595540
553657068
553718594
553780118
553841640
553903160
553964678
554026194
554087708
554149220
554210730
554272238
554333744
554395248
554456750
554518250
554579748
554641244
554702738
554764230
554825720
554887208
554948694
555010178
555071660
555133140
555194618
555256094
555317568
555379040
555440510
555501978
555563444
555624908
555686370
555747830
555809288
555870744
555932198
555993650
556055100
556116548
556177994
556239438
556300880
556362320
556423758
556485194
556546628
556608060
556669490
556730918
556792344
556853768
556915190
556976610
557038028
557099444
557160858
557222270
557283680
557345088
557406494
557467898
557529300
557590700
557652098
557713494
557774888
557836280
557897670
557959058
558020444
558081828
558143210
558204590
558265968
558327344
558388718
558450090
558511460
558572828
558634194
558695558
558756920
558818280
558879638
558940994
559002348
559063700
559125050
559186398
559247744
559309088
559370430
559431770
559493108
559554444
559615778
559677110
559738440
559799768
559861094
559922418
559983740
560045060
560106378
560167694
560229008
560290320
560351630
560412938
560474244
560535548
560596850
560658150
560719448
560780744
560842038
560903330
560964620
561025908
561087194
561148478
561209760
561271040
561332318
561393594
561454868
561516140
561577410
561638678
561699944
561761208
561822470
561883730
561944988
562006244
562067498
562128750
562190000
562251248
562312494
562373738
562434980
562496220
562557458
562618694
562679928
562741160
562802390
562863618
562924844
562986068
563047290
563108510
563169728
563230944
563292158
563353370
563414580
563475788
563536994
563598198
563659400
563720600
563781798
563842994
563904188
563965380
564026570
564087758
564148944
564210128
564271310
564332490
564393668
564454844
564516018
564577190
564638360
564699528
564760694
564821858
564883020
564944180
565005338
565066494
565127648
565188800
565249950
565311098
565372244
565433388
565494530
565555670
565616808
565677944
565739078
565800210
565861340
565922468
565983594
566044718
566105840
566166960
566228078
566289194
566350308
566411420
566472530
566533638
566594744
566655848
566716950
566778050
566839148
566900244
566961338
567022430
567083520
567144608
567205694
567266778
567327860
567388940
567450018
567511094
567572168
567633240
567694310
567755378
567816444
567877508
567938570
567999630
568060688
568121744
568182798
568243850
568304900
568365948
568426994
568488038
568549080
568610120
568671158
568732194
568793228
568854260
568915290
568976318
569037344
569098368
569159390
569220410
569281428
569342444
569403458
569464470
569525480
569586488
569647494
569708498
569769500
569830500
569891498
569952494
570013488
570074480
570135470
570196458
570257444
570318428
570379410
570440390
570501368
570562344
570623318
570684290
570745260
570806228
570867194
570928158
570989120
571050080
571111038
571171994
571232948
571293900
571354850
571415798
571476744
571537688
571598630
571659570
571720508
571781444
571842378
571903310
571964240
572025168
572086094
572147018
572207940
572268860
572329778
572390694
572451608
572512520
572573430
572634338
572695244
572756148
572817050
572877950
572938848
572999744
573060638
573121530
573182420
573243308
573304194
573365078
573425960
573486840
573547718
573608594
573669468
573730340
573791210
573852078
573912944
573973808
574034670
574095530
574156388
574217244
574278098
574338950
574399800
574460648
574521494
574582338
574643180
574704020
574764858
574825694
574886528
574947360
575008190
575069018
575129844
575190668
575251490
575312310
575373128
575433944
575494758
575555570
575616380
575677188
575737994
575798798
575859600
575920400
575981198
576041994
576102788
576163580
576224370
576285158
576345944
576406728
576467510
576528290
576589068
576649844
576710618
576771390
576832160
576892928
576953694
577014458
577075220
577135980
577196738
577257494
577318248
577379000
577439750
577500498
577561244
577621988
577682730
577743470
577804208
577864944
577925678
577986410
578047140
578107868
578168594
578229318
578290040
578350760
578411478
578472194
578532908
578593620
578654330
578715038
578775744
578836448
578897150
578957850
579018548
579079244
579139938
579200630
579261320
579322008
579382694
579443378
579504060
579564740
579625418
579686094
579746768
579807440
579868110
579928778
579989444
580050108
580110770
580171430
580232088
580292744
580353398
580414050
580474700
580535348
580595994
580656638
580717280
580777920
580838558
580899194
580959828
581020460
581081090
581141718
581202344
581262968
581323590
581384210
581444828
581505444
581566058
581626670
581687280
581747888
581808494
581869098
581929700
581990300
582050898
582111494
582172088
582232680
582293270
582353858
582414444
582475028
582535610
582596190
582656768
582717344
582777918
582838490
582899060
582959628
583020194
583080758
583141320
583201880
583262438
583322994
583383548
583444100
583504650
583565198
583625744
583686288
583746830
583807370
583867908
583928444
583988978
584049510
584110040
584170568
584231094
584291618
584352140
584412660
584473178
584533694
584594208
584654720
584715230
584775738
584836244
584896748
584957250
585017750
585078248
585138744
585199238
585259730
585320220
585380708
585441194
585501678
585562160
585622640
585683118
585743594
585804068
585864540
585925010
585985478
586045944
586106408
586166870
586227330
586287788
586348244
586408698
586469150
586529600
586590048
586650494
586710938
586771380
586831820
586892258
586952694
587013128
587073560
587133990
587194418
587254844
587315268
587375690
587436110
587496528
587556944
587617358
587677770
587738180
587798588
587858994
587919398
587979800
588040200
588100598
588160994
588221388
588281780
588342170
588402558
588462944
588523328
588583710
588644090
588704468
588764844
588825218
588885590
588945960
589006328
589066694
589127058
589187420
589247780
589308138
589368494
589428848
589489200
589549550
589609898
589670244
589730588
589790930
589851270
589911608
589971944
590032278
590092610
590152940
590213268
590273594
590333918
590394240
590454560
590514878
590575194
590635508
590695820
590756130
590816438
590876744
590937048
590997350
591057650
591117948
591178244
591238538
591298830
591359120
591419408
591479694
591539978
591600260
591660540
591720818
591781094
591841368
591901640
591961910
592022178
592082444
592142708
592202970
592263230
592323488
592383744
592443998
592504250
592564500
592624748
592684994
592745238
592805480
592865720
592925958
592986194
593046428
593106660
593166890
593227118
593287344
593347568
593407790
593468010
593528228
593588444
593648658
593708870
593769080
593829288
593889494
593949698
594009900
594070100
594130298
594190494
594250688
594310880
594371070
594431258
594491444
594551628
594611810
594671990
594732168
594792344
594852518
594912690
594972860
595033028
595093194
595153358
595213520
595273680
595333838
595393994
595454148
595514300
595574450
595634598
595694744
595754888
595815030
595875170
595935308
595995444
596055578
596115710
596175840
596235968
596296094
596356218
596416340
596476460
596536578
596596694
596656808
596716920
596777030
596837138
596897244
596957348
597017450
597077550
597137648
597197744
597257838
597317930
597378020
597438108
597498194
597558278
597618360
597678440
597738518
597798594
597858668
597918740
597978810
598038878
598098944
598159008
598219070
598279130
598339188
598399244
598459298
598519350
598579400
598639448
598699494
598759538
598819580
598879620
598939658
598999694
599059728
599119760
599179790
599239818
599299844
599359868
599419890
599479910
599539928
599599944
599659958
599719970
599779980
599839988
599899994
599959998
600020000
600080000
600139998
600199994
600259988
600319980
600379970
600439958
600499944
600559928
600619910
600679890
600739868
600799844
600859818
600919790
600979760
601039728
601099694
601159658
601219620
601279580
601339538
601399494
601459448
601519400
601579350
601639298
601699244
601759188
601819130
601879070
601939008
601998944
602058878
602118810
602178740
602238668
602298594
602358518
602418440
602478360
602538278
602598194
602658108
602718020
602777930
602837838
602897744
602957648
603017550
603077450
603137348
603197244
603257138
603317030
603376920
603436808
603496694
603556578
603616460
603676340
603736218
603796094
603855968
603915840
603975710
604035578
604095444
604155308
604215170
604275030
604334888
604394744
604454598
604514450
604574300
604634148
604693994
604753838
604813680
604873520
604933358
604993194
605053028
605112860
605172690
605232518
605292344
605352168
605411990
605471810
605531628
605591444
605651258
605711070
605770880
605830688
605890494
605950298
606010100
606069900
606129698
606189494
606249288
606309080
606368870
606428658
606488444
606548228
606608010
606667790
606727568
606787344
606847118
606906890
606966660
607026428
607086194
607145958
607205720
607265480
607325238
607384994
607444748
607504500
607564250
607623998
607683744
607743488
607803230
607862970
607922708
607982444
608042178
608101910
608161640
608221368
608281094
608340818
608400540
608460260
608519978
608579694
608639408
608699120
608758830
608818538
608878244
608937948
608997650
609057350
609117048
609176744
609236438
609296130
609355820
609415508
609475194
609534878
609594560
609654240
609713918
609773594
609833268
609892940
609952610
610012278
610071944
610131608
610191270
610250930
610310588
610370244
610429898
610489550
610549200
610608848
610668494
610728138
610787780
610847420
610907058
610966694
611026328
611085960
611145590
611205218
611264844
611324468
611384090
611443710
611503328
611562944
611622558
611682170
611741780
611801388
611860994
611920598
611980200
612039800
612099398
612158994
612218588
612278180
612337770
612397358
612456944
612516528
612576110
612635690
612695268
612754844
612814418
612873990
612933560
612993128
613052694
613112258
613171820
613231380
613290938
613350494
613410048
613469600
613529150
613588698
613648244
613707788
613767330
613826870
613886408
613945944
614005478
614065010
614124540
614184068
614243594
614303118
614362640
614422160
614481678
614541194
614600708
614660220
614719730
614779238
614838744
614898248
614957750
615017250
615076748
615136244
615195738
615255230
615314720
615374208
615433694
615493178
615552660
615612140
615671618
615731094
615790568
615850040
615909510
615968978
616028444
616087908
616147370
616206830
616266288
616325744
616385198
616444650
616504100
616563548
616622994
616682438
616741880
616801320
616860758
616920194
616979628
617039060
617098490
617157918
617217344
617276768
617336190
617395610
617455028
617514444
617573858
617633270
617692680
617752088
617811494
617870898
617930300
617989700
618049098
618108494
618167888
618227280
618286670
618346058
618405444
618464828
618524210
618583590
618642968
618702344
618761718
618821090
618880460
618939828
618999194
619058558
619117920
619177280
619236638
619295994
619355348
619414700
619474050
619533398
619592744
619652088
619711430
619770770
619830108
619889444
619948778
620008110
620067440
620126768
620186094
620245418
620304740
620364060
620423378
620482694
620542008
620601320
620660630
620719938
620779244
620838548
620897850
620957150
621016448
621075744
621135038
621194330
621253620
621312908
621372194
621431478
621490760
621550040
621609318
621668594
621727868
621787140
621846410
621905678
621964944
622024208
622083470
622142730
622201988
622261244
622320498
622379750
622439000
622498248
622557494
622616738
622675980
622735220
622794458
622853694
622912928
622972160
623031390
623090618
623149844
623209068
623268290
623327510
623386728
623445944
623505158
623564370
623623580
623682788
623741994
623801198
623860400
623919600
623978798
624037994
624097188
624156380
624215570
624274758
624333944
624393128
624452310
624511490
624570668
624629844
624689018
624748190
624807360
624866528
624925694
624984858
625044020
625103180
625162338
625221494
625280648
625339800
625398950
625458098
625517244
625576388
625635530
625694670
625753808
625812944
625872078
625931210
625990340
626049468
626108594
626167718
626226840
626285960
626345078
626404194
626463308
626522420
626581530
626640638
626699744
626758848
626817950
626877050
626936148
626995244
627054338
627113430
627172520
627231608
627290694
627349778
627408860
627467940
627527018
627586094
627645168
627704240
627763310
627822378
627881444
627940508
627999570
628058630
628117688
628176744
628235798
628294850
628353900
628412948
628471994
628531038
628590080
628649120
628708158
628767194
628826228
628885260
628944290
629003318
629062344
629121368
629180390
629239410
629298428
629357444
629416458
629475470
629534480
629593488
629652494
629711498
629770500
629829500
629888498
629947494
630006488
630065480
630124470
630183458
630242444
630301428
630360410
630419390
630478368
630537344
630596318
630655290
630714260
630773228
630832194
630891158
630950120
631009080
631068038
631126994
631185948
631244900
631303850
631362798
631421744
631480688
631539630
631598570
631657508
631716444
631775378
631834310
631893240
631952168
632011094
632070018
632128940
632187860
632246778
632305694
632364608
632423520
632482430
632541338
632600244
632659148
632718050
632776950
632835848
632894744
632953638
633012530
633071420
633130308
633189194
633248078
633306960
633365840
633424718
633483594
633542468
633601340
633660210
633719078
633777944
633836808
633895670
633954530
634013388
634072244
634131098
634189950
634248800
634307648
634366494
634425338
634484180
634543020
634601858
634660694
634719528
634778360
634837190
634896018
634954844
635013668
635072490
635131310
635190128
635248944
635307758
635366570
635425380
635484188
635542994
635601798
635660600
635719400
635778198
635836994
635895788
635954580
636013370
636072158
636130944
636189728
636248510
636307290
636366068
636424844
636483618
636542390
636601160
636659928
636718694
636777458
636836220
636894980
636953738
637012494
637071248
637130000
637188750
637247498
637306244
637364988
637423730
637482470
637541208
637599944
637658678
637717410
637776140
637834868
637893594
637952318
638011040
638069760
638128478
638187194
638245908
638304620
638363330
638422038
638480744
638539448
638598150
638656850
638715548
638774244
638832938
638891630
638950320
639009008
639067694
639126378
639185060
639243740
639302418
639361094
639419768
639478440
639537110
639595778
639654444
639713108
639771770
639830430
639889088
639947744
640006398
640065050
640123700
640182348
640240994
640299638
640358280
640416920
640475558
640534194
640592828
640651460
640710090
640768718
640827344
640885968
640944590
641003210
641061828
641120444
641179058
641237670
641296280
641354888
641413494
641472098
641530700
641589300
641647898
641706494
641765088
641823680
641882270
641940858
641999444
642058028
642116610
642175190
642233768
642292344
642350918
642409490
642468060
642526628
642585194
642643758
642702320
642760880
642819438
642877994
642936548
642995100
643053650
643112198
643170744
643229288
643287830
643346370
643404908
643463444
643521978
643580510
643639040
643697568
643756094
643814618
643873140
643931660
643990178
644048694
644107208
644165720
644224230
644282738
644341244
644399748
644458250
644516750
644575248
644633744
644692238
644750730
644809220
644867708
644926194
644984678
645043160
645101640
645160118
645218594
645277068
645335540
645394010
645452478
645510944
645569408
645627870
645686330
645744788
645803244
645861698
645920150
645978600
646037048
646095494
646153938
646212380
646270820
646329258
646387694
646446128
646504560
646562990
646621418
646679844
646738268
646796690
646855110
646913528
646971944
647030358
647088770
647147180
647205588
647263994
647322398
647380800
647439200
647497598
647555994
647614388
647672780
647731170
647789558
647847944
647906328
647964710
648023090
648081468
648139844
648198218
648256590
648314960
648373328
648431694
648490058
648548420
648606780
648665138
648723494
648781848
648840200
648898550
648956898
649015244
649073588
649131930
649190270
649248608
649306944
649365278
649423610
649481940
649540268
649598594
649656918
649715240
649773560
649831878
649890194
649948508
650006820
650065130
650123438
650181744
650240048
650298350
650356650
650414948
650473244
650531538
650589830
650648120
650706408
650764694
650822978
650881260
650939540
650997818
651056094
651114368
651172640
651230910
651289178
651347444
651405708
651463970
651522230
651580488
651638744
651696998
651755250
651813500
651871748
651929994
651988238
652046480
652104720
652162958
652221194
652279428
652337660
652395890
652454118
652512344
652570568
652628790
652687010
652745228
652803444
652861658
652919870
652978080
653036288
653094494
653152698
653210900
653269100
653327298
653385494
653443688
653501880
653560070
653618258
653676444
653734628
653792810
653850990
653909168
653967344
654025518
654083690
654141860
654200028
654258194
654316358
654374520
654432680
654490838
654548994
654607148
654665300
654723450
654781598
654839744
654897888
654956030
655014170
655072308
655130444
655188578
655246710
655304840
655362968
655421094
655479218
655537340
655595460
655653578
655711694
655769808
655827920
655886030
655944138
656002244
656060348
656118450
656176550
656234648
656292744
656350838
656408930
656467020
656525108
656583194
656641278
656699360
656757440
656815518
656873594
656931668
656989740
657047810
657105878
657163944
657222008
657280070
657338130
657396188
657454244
657512298
657570350
657628400
657686448
657744494
657802538
657860580
657918620
657976658
658034694
658092728
658150760
658208790
658266818
658324844
658382868
658440890
658498910
658556928
658614944
658672958
658730970
658788980
658846988
658904994
658962998
659021000
659079000
659136998
659194994
659252988
659310980
659368970
659426958
659484944
659542928
659600910
659658890
659716868
659774844
659832818
659890790
659948760
660006728
660064694
660122658
660180620
660238580
660296538
660354494
660412448
660470400
660528350
660586298
660644244
660702188
660760130
660818070
660876008
660933944
660991878
661049810
661107740
661165668
661223594
661281518
661339440
661397360
661455278
661513194
661571108
661629020
661686930
661744838
661802744
661860648
661918550
661976450
662034348
662092244
662150138
662208030
662265920
662323808
662381694
662439578
662497460
662555340
662613218
662671094
662728968
662786840
662844710
662902578
662960444
663018308
663076170
663134030
663191888
663249744
663307598
663365450
663423300
663481148
663538994
663596838
663654680
663712520
663770358
663828194
663886028
663943860
664001690
664059518
664117344
664175168
664232990
664290810
664348628
664406444
664464258
664522070
664579880
664637688
664695494
664753298
664811100
664868900
664926698
664984494
665042288
665100080
665157870
665215658
665273444
665331228
665389010
665446790
665504568
665562344
665620118
665677890
665735660
665793428
665851194
665908958
665966720
666024480
666082238
666139994
666197748
666255500
666313250
666370998
666428744
666486488
666544230
666601970
666659708
666717444
666775178
666832910
666890640
666948368
667006094
667063818
667121540
667179260
667236978
667294694
667352408
667410120
667467830
667525538
667583244
667640948
667698650
667756350
667814048
667871744
667929438
667987130
668044820
668102508
668160194
668217878
668275560
668333240
668390918
668448594
668506268
668563940
668621610
668679278
668736944
668794608
668852270
668909930
668967588
669025244
669082898
669140550
669198200
669255848
669313494
669371138
669428780
669486420
669544058
669601694
669659328
669716960
669774590
669832218
669889844
669947468
670005090
670062710
670120328
670177944
670235558
670293170
670350780
670408388
670465994
670523598
670581200
670638800
670696398
670753994
670811588
670869180
670926770
670984358
671041944
671099528
671157110
671214690
671272268
671329844
671387418
671444990
671502560
671560128
671617694
671675258
671732820
671790380
671847938
671905494
671963048
672020600
672078150
672135698
672193244
672250788
672308330
672365870
672423408
672480944
672538478
672596010
672653540
672711068
672768594
672826118
672883640
672941160
672998678
673056194
673113708
673171220
673228730
673286238
673343744
673401248
673458750
673516250
673573748
673631244
673688738
673746230
673803720
673861208
673918694
673976178
674033660
674091140
674148618
674206094
674263568
674321040
674378510
674435978
674493444
674550908
674608370
674665830
674723288
674780744
674838198
674895650
674953100
675010548
675067994
675125438
675182880
675240320
675297758
675355194
675412628
675470060
675527490
675584918
675642344
675699768
675757190
675814610
675872028
675929444
675986858
676044270
676101680
676159088
676216494
676273898
676331300
676388700
676446098
676503494
676560888
676618280
676675670
676733058
676790444
676847828
676905210
676962590
677019968
677077344
677134718
677192090
677249460
677306828
677364194
677421558
677478920
677536280
677593638
677650994
677708348
677765700
677823050
677880398
677937744
677995088
678052430
678109770
678167108
678224444
678281778
678339110
678396440
678453768
678511094
678568418
678625740
678683060
678740378
678797694
678855008
678912320
678969630
679026938
679084244
679141548
679198850
679256150
679313448
679370744
679428038
679485330
679542620
679599908
679657194
679714478
679771760
679829040
679886318
679943594
680000868
680058140
680115410
680172678
680229944
680287208
680344470
680401730
680458988
680516244
680573498
680630750
680688000
680745248
680802494
680859738
680916980
680974220
681031458
681088694
681145928
681203160
681260390
681317618
681374844
681432068
681489290
681546510
681603728
681660944
681718158
681775370
681832580
681889788
681946994
682004198
682061400
682118600
682175798
682232994
682290188
682347380
682404570
682461758
682518944
682576128
682633310
682690490
682747668
682804844
682862018
682919190
682976360
683033528
683090694
683147858
683205020
683262180
683319338
683376494
683433648
683490800
683547950
683605098
683662244
683719388
683776530
683833670
683890808
683947944
684005078
684062210
684119340
684176468
684233594
684290718
684347840
684404960
684462078
684519194
684576308
684633420
684690530
684747638
684804744
684861848
684918950
684976050
685033148
685090244
685147338
685204430
685261520
685318608
685375694
685432778
685489860
685546940
685604018
685661094
685718168
685775240
685832310
685889378
685946444
686003508
686060570
686117630
686174688
686231744
686288798
686345850
686402900
686459948
686516994
686574038
686631080
686688120
686745158
686802194
686859228
686916260
686973290
687030318
687087344
687144368
687201390
687258410
687315428
687372444
687429458
687486470
687543480
687600488
687657494
687714498
687771500
687828500
687885498
687942494
687999488
688056480
688113470
688170458
688227444
688284428
688341410
688398390
688455368
688512344
688569318
688626290
688683260
688740228
688797194
688854158
688911120
688968080
689025038
689081994
689138948
689195900
689252850
689309798
689366744
689423688
689480630
689537570
689594508
689651444
689708378
689765310
689822240
689879168
689936094
689993018
690049940
690106860
690163778
690220694
690277608
690334520
690391430
690448338
690505244
690562148
690619050
690675950
690732848
690789744
690846638
690903530
690960420
691017308
691074194
691131078
691187960
691244840
691301718
691358594
691415468
691472340
691529210
691586078
691642944
691699808
691756670
691813530
691870388
691927244
691984098
692040950
692097800
692154648
692211494
692268338
692325180
692382020
692438858
692495694
692552528
692609360
692666190
692723018
692779844
692836668
692893490
692950310
693007128
693063944
693120758
693177570
693234380
693291188
693347994
693404798
693461600
693518400
693575198
693631994
693688788
693745580
693802370
693859158
693915944
693972728
694029510
694086290
694143068
694199844
694256618
694313390
694370160
694426928
694483694
694540458
694597220
694653980
694710738
694767494
694824248
694881000
694937750
694994498
695051244
695107988
695164730
695221470
695278208
695334944
695391678
695448410
695505140
695561868
695618594
695675318
695732040
695788760
695845478
695902194
695958908
696015620
696072330
696129038
696185744
696242448
696299150
696355850
696412548
696469244
696525938
696582630
696639320
696696008
696752694
696809378
696866060
696922740
696979418
697036094
697092768
697149440
697206110
697262778
697319444
697376108
697432770
697489430
697546088
697602744
697659398
697716050
697772700
697829348
697885994
697942638
697999280
698055920
698112558
698169194
698225828
698282460
698339090
698395718
698452344
698508968
698565590
698622210
698678828
698735444
698792058
698848670
698905280
698961888
699018494
699075098
699131700
699188300
699244898
699301494
699358088
699414680
699471270
699527858
699584444
699641028
699697610
699754190
699810768
699867344
699923918
699980490
700037060
700093628
700150194
700206758
700263320
700319880
700376438
700432994
700489548
700546100
700602650
700659198
700715744
700772288
700828830
700885370
700941908
700998444
701054978
701111510
701168040
701224568
701281094
701337618
701394140
701450660
701507178
701563694
701620208
701676720
701733230
701789738
701846244
701902748
701959250
702015750
702072248
702128744
702185238
702241730
702298220
702354708
702411194
702467678
702524160
702580640
702637118
702693594
702750068
702806540
702863010
702919478
702975944
703032408
703088870
703145330
703201788
703258244
703314698
703371150
703427600
703484048
703540494
703596938
703653380
703709820
703766258
703822694
703879128
703935560
703991990
704048418
704104844
704161268
704217690
704274110
704330528
704386944
704443358
704499770
704556180
704612588
704668994
704725398
704781800
704838200
704894598
704950994
705007388
705063780
705120170
705176558
705232944
705289328
705345710
705402090
705458468
705514844
705571218
705627590
705683960
705740328
705796694
705853058
705909420
705965780
706022138
706078494
706134848
706191200
706247550
706303898
706360244
706416588
706472930
706529270
706585608
706641944
706698278
706754610
706810940
706867268
706923594
706979918
707036240
707092560
707148878
707205194
707261508
707317820
707374130
707430438
707486744
707543048
707599350
707655650
707711948
707768244
707824538
707880830
707937120
707993408
708049694
708105978
708162260
708218540
708274818
708331094
708387368
708443640
708499910
708556178
708612444
708668708
708724970
708781230
708837488
708893744
708949998
709006250
709062500
709118748
709174994
709231238
709287480
709343720
709399958
709456194
709512428
709568660
709624890
709681118
709737344
709793568
709849790
709906010
709962228
710018444
710074658
710130870
710187080
710243288
710299494
710355698
710411900
710468100
710524298
710580494
710636688
710692880
710749070
710805258
710861444
710917628
710973810
711029990
711086168
711142344
711198518
711254690
711310860
711367028
711423194
711479358
711535520
711591680
711647838
711703994
711760148
711816300
711872450
711928598
711984744
712040888
712097030
712153170
712209308
712265444
712321578
712377710
712433840
712489968
712546094
712602218
712658340
712714460
712770578
712826694
712882808
712938920
712995030
713051138
713107244
713163348
713219450
713275550
713331648
713387744
713443838
713499930
713556020
713612108
713668194
713724278
713780360
713836440
713892518
713948594
714004668
714060740
714116810
714172878
714228944
714285008
714341070
714397130
714453188
714509244
714565298
714621350
714677400
714733448
714789494
714845538
714901580
714957620
715013658
715069694
715125728
715181760
715237790
715293818
715349844
715405868
715461890
715517910
715573928
715629944
715685958
715741970
715797980
715853988
715909994
715965998
716022000
716078000
716133998
716189994
716245988
716301980
716357970
716413958
716469944
716525928
716581910
716637890
716693868
716749844
716805818
716861790
716917760
716973728
717029694
717085658
717141620
717197580
717253538
717309494
717365448
717421400
717477350
717533298
717589244
717645188
717701130
717757070
717813008
717868944
717924878
717980810
718036740
718092668
718148594
718204518
718260440
718316360
718372278
718428194
718484108
718540020
718595930
718651838
718707744
718763648
718819550
718875450
718931348
718987244
719043138
719099030
719154920
719210808
719266694
719322578
719378460
719434340
719490218
719546094
719601968
719657840
719713710
719769578
719825444
719881308
719937170
719993030
720048888
720104744
720160598
720216450
720272300
720328148
720383994
720439838
720495680
720551520
720607358
720663194
720719028
720774860
720830690
720886518
720942344
720998168
721053990
721109810
721165628
721221444
721277258
721333070
721388880
721444688
721500494
721556298
721612100
721667900
721723698
721779494
721835288
721891080
721946870
722002658
722058444
722114228
722170010
722225790
722281568
722337344
722393118
722448890
722504660
722560428
722616194
722671958
722727720
722783480
722839238
722894994
722950748
723006500
723062250
723117998
723173744
723229488
723285230
723340970
723396708
723452444
723508178
723563910
723619640
723675368
723731094
723786818
723842540
723898260
723953978
724009694
724065408
724121120
724176830
724232538
724288244
724343948
724399650
724455350
724511048
724566744
724622438
724678130
724733820
724789508
724845194
724900878
724956560
725012240
725067918
725123594
725179268
725234940
725290610
725346278
725401944
725457608
725513270
725568930
725624588
725680244
725735898
725791550
725847200
725902848
725958494
726014138
726069780
726125420
726181058
726236694
726292328
726347960
726403590
726459218
726514844
726570468
726626090
726681710
726737328
726792944
726848558
726904170
726959780
727015388
727070994
727126598
727182200
727237800
727293398
727348994
727404588
727460180
727515770
727571358
727626944
727682528
727738110
727793690
727849268
727904844
727960418
728015990
728071560
728127128
728182694
728238258
728293820
728349380
728404938
728460494
728516048
728571600
728627150
728682698
728738244
728793788
728849330
728904870
728960408
729015944
729071478
729127010
729182540
729238068
729293594
729349118
729404640
729460160
729515678
729571194
729626708
729682220
729737730
729793238
729848744
729904248
729959750
730015250
730070748
730126244
730181738
730237230
730292720
730348208
730403694
730459178
730514660
730570140
730625618
730681094
730736568
730792040
730847510
730902978
730958444
731013908
731069370
731124830
731180288
731235744
731291198
731346650
731402100
731457548
731512994
731568438
731623880
731679320
731734758
731790194
731845628
731901060
731956490
732011918
732067344
732122768
732178190
732233610
732289028
732344444
732399858
732455270
732510680
732566088
732621494
732676898
732732300
732787700
732843098
732898494
732953888
733009280
733064670
733120058
733175444
733230828
733286210
733341590
733396968
733452344
733507718
733563090
733618460
733673828
733729194
733784558
733839920
733895280
733950638
734005994
734061348
734116700
734172050
734227398
734282744
734338088
734393430
734448770
734504108
734559444
734614778
734670110
734725440
734780768
734836094
734891418
734946740
735002060
735057378
735112694
735168008
735223320
735278630
735333938
735389244
735444548
735499850
735555150
735610448
735665744
735721038
735776330
735831620
735886908
735942194
735997478
736052760
736108040
736163318
736218594
736273868
736329140
736384410
736439678
736494944
736550208
736605470
736660730
736715988
736771244
736826498
736881750
736937000
736992248
737047494
737102738
737157980
737213220
737268458
737323694
737378928
737434160
737489390
737544618
737599844
737655068
737710290
737765510
737820728
737875944
737931158
737986370
738041580
738096788
738151994
738207198
738262400
738317600
738372798
738427994
738483188
738538380
738593570
738648758
738703944
738759128
738814310
738869490
738924668
738979844
739035018
739090190
739145360
739200528
739255694
739310858
739366020
739421180
739476338
739531494
739586648
739641800
739696950
739752098
739807244
739862388
739917530
739972670
740027808
740082944
740138078
740193210
740248340
740303468
740358594
740413718
740468840
740523960
740579078
740634194
740689308
740744420
740799530
740854638
740909744
740964848
741019950
741075050
741130148
741185244
741240338
741295430
741350520
741405608
741460694
741515778
741570860
741625940
741681018
741736094
741791168
741846240
741901310
741956378
742011444
742066508
742121570
742176630
742231688
742286744
742341798
742396850
742451900
742506948
742561994
742617038
742672080
742727120
742782158
742837194
742892228
742947260
743002290
743057318
743112344
743167368
743222390
743277410
743332428
743387444
743442458
743497470
743552480
743607488
743662494
743717498
743772500
743827500
743882498
743937494
743992488
744047480
744102470
744157458
744212444
744267428
744322410
744377390
744432368
744487344
744542318
744597290
744652260
744707228
744762194
744817158
744872120
744927080
744982038
745036994
745091948
745146900
745201850
745256798
745311744
745366688
745421630
745476570
745531508
745586444
745641378
745696310
745751240
745806168
745861094
745916018
745970940
746025860
746080778
746135694
746190608
746245520
746300430
746355338
746410244
746465148
746520050
746574950
746629848
746684744
746739638
746794530
746849420
746904308
746959194
747014078
747068960
747123840
747178718
747233594
747288468
747343340
747398210
747453078
747507944
747562808
747617670
747672530
747727388
747782244
747837098
747891950
747946800
748001648
748056494
748111338
748166180
748221020
748275858
748330694
748385528
748440360
748495190
748550018
748604844
748659668
748714490
748769310
748824128
748878944
748933758
748988570
749043380
749098188
749152994
749207798
749262600
749317400
749372198
749426994
749481788
749536580
749591370
749646158
749700944
749755728
749810510
749865290
749920068
749974844
750029618
750084390
750139160
750193928
750248694
750303458
750358220
750412980
750467738
750522494
750577248
750632000
750686750
750741498
750796244
750850988
750905730
750960470
751015208
751069944
751124678
751179410
751234140
751288868
751343594
751398318
751453040
751507760
751562478
751617194
751671908
751726620
751781330
751836038
751890744
751945448
752000150
752054850
752109548
752164244
752218938
752273630
752328320
752383008
752437694
752492378
752547060
752601740
752656418
752711094
752765768
752820440
752875110
752929778
752984444
753039108
753093770
753148430
753203088
753257744
753312398
753367050
753421700
753476348
753530994
753585638
753640280
753694920
753749558
753804194
753858828
753913460
753968090
754022718
754077344
754131968
754186590
754241210
754295828
754350444
754405058
754459670
754514280
754568888
754623494
754678098
754732700
754787300
754841898
754896494
754951088
755005680
755060270
755114858
755169444
755224028
755278610
755333190
755387768
755442344
755496918
755551490
755606060
755660628
755715194
755769758
755824320
755878880
755933438
755987994
756042548
756097100
756151650
756206198
756260744
756315288
756369830
756424370
756478908
756533444
756587978
756642510
756697040
756751568
756806094
756860618
756915140
756969660
757024178
757078694
757133208
757187720
757242230
757296738
757351244
757405748
757460250
757514750
757569248
757623744
757678238
757732730
757787220
757841708
757896194
757950678
758005160
758059640
758114118
758168594
758223068
758277540
758332010
758386478
758440944
758495408
758549870
758604330
758658788
758713244
758767698
758822150
758876600
758931048
758985494
759039938
759094380
759148820
759203258
759257694
759312128
759366560
759420990
759475418
759529844
759584268
759638690
759693110
759747528
759801944
759856358
759910770
759965180
760019588
760073994
760128398
760182800
760237200
760291598
760345994
760400388
760454780
760509170
760563558
760617944
760672328
760726710
760781090
760835468
760889844
760944218
760998590
761052960
761107328
761161694
761216058
761270420
761324780
761379138
761433494
761487848
761542200
761596550
761650898
761705244
761759588
761813930
761868270
761922608
761976944
762031278
762085610
762139940
762194268
762248594
762302918
762357240
762411560
762465878
762520194
762574508
762628820
762683130
762737438
762791744
762846048
762900350
762954650
763008948
763063244
763117538
763171830
763226120
763280408
763334694
763388978
763443260
763497540
763551818
763606094
763660368
763714640
763768910
763823178
763877444
763931708
763985970
764040230
764094488
764148744
764202998
764257250
764311500
764365748
764419994
764474238
764528480
764582720
764636958
764691194
764745428
764799660
764853890
764908118
764962344
765016568
765070790
765125010
765179228
765233444
765287658
765341870
765396080
765450288
765504494
765558698
765612900
765667100
765721298
765775494
765829688
765883880
765938070
765992258
766046444
766100628
766154810
766208990
766263168
766317344
766371518
766425690
766479860
766534028
766588194
766642358
766696520
766750680
766804838
766858994
766913148
766967300
767021450
767075598
767129744
767183888
767238030
767292170
767346308
767400444
767454578
767508710
767562840
767616968
767671094
767725218
767779340
767833460
767887578
767941694
767995808
768049920
768104030
768158138
768212244
768266348
768320450
768374550
768428648
768482744
768536838
768590930
768645020
768699108
768753194
768807278
768861360
768915440
768969518
769023594
769077668
769131740
769185810
769239878
769293944
769348008
769402070
769456130
769510188
769564244
769618298
769672350
769726400
769780448
769834494
769888538
769942580
769996620
770050658
770104694
770158728
770212760
770266790
770320818
770374844
770428868
770482890
770536910
770590928
770644944
770698958
770752970
770806980
770860988
770914994
770968998
771023000
771077000
771130998
771184994
771238988
771292980
771346970
771400958
771454944
771508928
771562910
771616890
771670868
771724844
771778818
771832790
771886760
771940728
771994694
772048658
772102620
772156580
772210538
772264494
772318448
772372400
772426350
772480298
772534244
772588188
772642130
772696070
772750008
772803944
772857878
772911810
772965740
773019668
773073594
773127518
773181440
773235360
773289278
773343194
773397108
773451020
773504930
773558838
773612744
773666648
773720550
773774450
773828348
773882244
773936138
773990030
774043920
774097808
774151694
774205578
774259460
774313340
774367218
774421094
774474968
774528840
774582710
774636578
774690444
774744308
774798170
774852030
774905888
774959744
775013598
775067450
775121300
775175148
775228994
775282838
775336680
775390520
775444358
775498194
775552028
775605860
775659690
775713518
775767344
775821168
775874990
775928810
775982628
776036444
776090258
776144070
776197880
776251688
776305494
776359298
776413100
776466900
776520698
776574494
776628288
776682080
776735870
776789658
776843444
776897228
776951010
777004790
777058568
777112344
777166118
777219890
777273660
777327428
777381194
777434958
777488720
777542480
777596238
777649994
777703748
777757500
777811250
777864998
777918744
777972488
778026230
778079970
778133708
778187444
778241178
778294910
778348640
778402368
778456094
778509818
778563540
778617260
778670978
778724694
778778408
778832120
778885830
778939538
778993244
779046948
779100650
779154350
779208048
779261744
779315438
779369130
779422820
779476508
779530194
779583878
779637560
779691240
779744918
779798594
779852268
779905940
779959610
780013278
780066944
780120608
780174270
780227930
780281588
780335244
780388898
780442550
780496200
780549848
780603494
780657138
780710780
780764420
780818058
780871694
780925328
780978960
781032590
781086218
781139844
781193468
781247090
781300710
781354328
781407944
781461558
781515170
781568780
781622388
781675994
781729598
781783200
781836800
781890398
781943994
781997588
782051180
782104770
782158358
782211944
782265528
782319110
782372690
782426268
782479844
782533418
782586990
782640560
782694128
782747694
782801258
782854820
782908380
782961938
783015494
783069048
783122600
783176150
783229698
783283244
783336788
783390330
783443870
783497408
783550944
783604478
783658010
783711540
783765068
783818594
783872118
783925640
783979160
784032678
784086194
784139708
784193220
784246730
784300238
784353744
784407248
784460750
784514250
784567748
784621244
784674738
784728230
784781720
784835208
784888694
784942178
784995660
785049140
785102618
785156094
785209568
785263040
785316510
785369978
785423444
785476908
785530370
785583830
785637288
785690744
785744198
785797650
785851100
785904548
785957994
786011438
786064880
786118320
786171758
786225194
786278628
786332060
786385490
786438918
786492344
786545768
786599190
786652610
786706028
786759444
786812858
786866270
786919680
786973088
787026494
787079898
787133300
787186700
787240098
787293494
787346888
787400280
787453670
787507058
787560444
787613828
787667210
787720590
787773968
787827344
787880718
787934090
787987460
788040828
788094194
788147558
788200920
788254280
788307638
788360994
788414348
788467700
788521050
788574398
788627744
788681088
788734430
788787770
788841108
788894444
788947778
789001110
789054440
789107768
789161094
789214418
789267740
789321060
789374378
789427694
789481008
789534320
789587630
789640938
789694244
789747548
789800850
789854150
789907448
789960744
790014038
790067330
790120620
790173908
790227194
790280478
790333760
790387040
790440318
790493594
790546868
790600140
790653410
790706678
790759944
790813208
790866470
790919730
790972988
791026244
791079498
791132750
791186000
791239248
791292494
791345738
791398980
791452220
791505458
791558694
791611928
791665160
791718390
791771618
791824844
791878068
791931290
791984510
792037728
792090944
792144158
792197370
792250580
792303788
792356994
792410198
792463400
792516600
792569798
792622994
792676188
792729380
792782570
792835758
792888944
792942128
792995310
793048490
793101668
793154844
793208018
793261190
793314360
793367528
793420694
793473858
793527020
793580180
793633338
793686494
793739648
793792800
793845950
793899098
793952244
794005388
794058530
794111670
794164808
794217944
794271078
794324210
794377340
794430468
794483594
794536718
794589840
794642960
794696078
794749194
794802308
794855420
794908530
794961638
795014744
795067848
795120950
795174050
795227148
795280244
795333338
795386430
795439520
795492608
795545694
795598778
795651860
795704940
795758018
795811094
795864168
795917240
795970310
796023378
796076444
796129508
796182570
796235630
796288688
796341744
796394798
796447850
796500900
796553948
796606994
796660038
796713080
796766120
796819158
796872194
796925228
796978260
797031290
797084318
797137344
797190368
797243390
797296410
797349428
797402444
797455458
797508470
797561480
797614488
797667494
797720498
797773500
797826500
797879498
797932494
797985488
798038480
798091470
798144458
798197444
798250428
798303410
798356390
798409368
798462344
798515318
798568290
798621260
798674228
798727194
798780158
798833120
798886080
798939038
798991994
799044948
799097900
799150850
799203798
799256744
799309688
799362630
799415570
799468508
799521444
799574378
799627310
799680240
799733168
799786094
799839018
799891940
799944860
799997778
800050694
800103608
800156520
800209430
800262338
800315244
800368148
800421050
800473950
800526848
800579744
800632638
800685530
800738420
800791308
800844194
800897078
800949960
801002840
801055718
801108594
801161468
801214340
801267210
801320078
801372944
801425808
801478670
801531530
801584388
801637244
801690098
801742950
801795800
801848648
801901494
801954338
802007180
802060020
802112858
802165694
802218528
802271360
802324190
802377018
802429844
802482668
802535490
802588310
802641128
802693944
802746758
802799570
802852380
802905188
802957994
803010798
803063600
803116400
803169198
803221994
803274788
803327580
803380370
803433158
803485944
803538728
803591510
803644290
803697068
803749844
803802618
803855390
803908160
803960928
804013694
804066458
804119220
804171980
804224738
804277494
804330248
804383000
804435750
804488498
804541244
804593988
804646730
804699470
804752208
804804944
804857678
804910410
804963140
805015868
805068594
805121318
805174040
805226760
805279478
805332194
805384908
805437620
805490330
805543038
805595744
805648448
805701150
805753850
805806548
805859244
805911938
805964630
806017320
806070008
806122694
806175378
806228060
806280740
806333418
806386094
806438768
806491440
806544110
806596778
806649444
806702108
806754770
806807430
806860088
806912744
806965398
807018050
807070700
807123348
807175994
807228638
807281280
807333920
807386558
807439194
807491828
807544460
807597090
807649718
807702344
807754968
807807590
807860210
807912828
807965444
808018058
808070670
808123280
808175888
808228494
808281098
808333700
808386300
808438898
808491494
808544088
808596680
808649270
808701858
808754444
808807028
808859610
808912190
808964768
809017344
809069918
809122490
809175060
809227628
809280194
809332758
809385320
809437880
809490438
809542994
809595548
809648100
809700650
809753198
809805744
809858288
809910830
809963370
810015908
810068444
810120978
810173510
810226040
810278568
810331094
810383618
810436140
810488660
810541178
810593694
810646208
810698720
810751230
810803738
810856244
810908748
810961250
811013750
811066248
811118744
811171238
811223730
811276220
811328708
811381194
811433678
811486160
811538640
811591118
811643594
811696068
811748540
811801010
811853478
811905944
811958408
812010870
812063330
812115788
812168244
812220698
812273150
812325600
812378048
812430494
812482938
812535380
812587820
812640258
812692694
812745128
812797560
812849990
812902418
812954844
813007268
813059690
813112110
813164528
813216944
813269358
813321770
813374180
813426588
813478994
813531398
813583800
813636200
813688598
813740994
813793388
813845780
813898170
813950558
814002944
814055328
814107710
814160090
814212468
814264844
814317218
814369590
814421960
814474328
814526694
814579058
814631420
814683780
814736138
814788494
814840848
814893200
814945550
814997898
815050244
815102588
815154930
815207270
815259608
815311944
815364278
815416610
815468940
815521268
815573594
815625918
815678240
815730560
815782878
815835194
815887508
815939820
815992130
816044438
816096744
816149048
816201350
816253650
816305948
816358244
816410538
816462830
816515120
816567408
816619694
816671978
816724260
816776540
816828818
816881094
816933368
816985640
817037910
817090178
817142444
817194708
817246970
817299230
817351488
817403744
817455998
817508250
817560500
817612748
817664994
817717238
817769480
817821720
817873958
817926194
817978428
818030660
818082890
818135118
818187344
818239568
818291790
818344010
818396228
818448444
818500658
818552870
818605080
818657288
818709494
818761698
818813900
818866100
818918298
818970494
819022688
819074880
819127070
819179258
819231444
819283628
819335810
819387990
819440168
819492344
819544518
819596690
819648860
819701028
819753194
819805358
819857520
819909680
819961838
820013994
820066148
820118300
820170450
820222598
820274744
820326888
820379030
820431170
820483308
820535444
820587578
820639710
820691840
820743968
820796094
820848218
820900340
820952460
821004578
821056694
821108808
821160920
821213030
821265138
821317244
821369348
821421450
821473550
821525648
821577744
821629838
821681930
821734020
821786108
821838194
821890278
821942360
821994440
822046518
822098594
822150668
822202740
822254810
822306878
822358944
822411008
822463070
822515130
822567188
822619244
822671298
822723350
822775400
822827448
822879494
822931538
822983580
823035620
823087658
823139694
823191728
823243760
823295790
823347818
823399844
823451868
823503890
823555910
823607928
823659944
823711958
823763970
823815980
823867988
823919994
823971998
824024000
824076000
824127998
824179994
824231988
824283980
824335970
824387958
824439944
824491928
824543910
824595890
824647868
824699844
824751818
824803790
824855760
824907728
824959694
825011658
825063620
825115580
825167538
825219494
825271448
825323400
825375350
825427298
825479244
825531188
825583130
825635070
825687008
825738944
825790878
825842810
825894740
825946668
825998594
826050518
826102440
826154360
826206278
826258194
826310108
826362020
826413930
826465838
826517744
826569648
826621550
826673450
826725348
826777244
826829138
826881030
826932920
826984808
827036694
827088578
827140460
827192340
827244218
827296094
827347968
827399840
827451710
827503578
827555444
827607308
827659170
827711030
827762888
827814744
827866598
827918450
827970300
828022148
828073994
828125838
828177680
828229520
828281358
828333194
828385028
828436860
828488690
828540518
828592344
828644168
828695990
828747810
828799628
828851444
828903258
828955070
829006880
829058688
829110494
829162298
829214100
829265900
829317698
829369494
829421288
829473080
829524870
829576658
829628444
829680228
829732010
829783790
829835568
829887344
829939118
829990890
830042660
830094428
830146194
830197958
830249720
830301480
830353238
830404994
830456748
830508500
830560250
830611998
830663744
830715488
830767230
830818970
830870708
830922444
830974178
831025910
831077640
831129368
831181094
831232818
831284540
831336260
831387978
831439694
831491408
831543120
831594830
831646538
831698244
831749948
831801650
831853350
831905048
831956744
832008438
832060130
832111820
832163508
832215194
832266878
832318560
832370240
832421918
832473594
832525268
832576940
832628610
832680278
832731944
832783608
832835270
832886930
832938588
832990244
833041898
833093550
833145200
833196848
833248494
833300138
833351780
833403420
833455058
833506694
833558328
833609960
833661590
833713218
833764844
833816468
833868090
833919710
833971328
834022944
834074558
834126170
834177780
834229388
834280994
834332598
834384200
834435800
834487398
834538994
834590588
834642180
834693770
834745358
834796944
834848528
834900110
834951690
835003268
835054844
835106418
835157990
835209560
835261128
835312694
835364258
835415820
835467380
835518938
835570494
835622048
835673600
835725150
835776698
835828244
835879788
835931330
835982870
836034408
836085944
836137478
836189010
836240540
836292068
836343594
836395118
836446640
836498160
836549678
836601194
836652708
836704220
836755730
836807238
836858744
836910248
836961750
837013250
837064748
837116244
837167738
837219230
837270720
837322208
837373694
837425178
837476660
837528140
837579618
837631094
837682568
837734040
837785510
837836978
837888444
837939908
837991370
838042830
838094288
838145744
838197198
838248650
838300100
838351548
838402994
838454438
838505880
838557320
838608758
838660194
838711628
838763060
838814490
838865918
838917344
838968768
839020190
839071610
839123028
839174444
839225858
839277270
839328680
839380088
839431494
839482898
839534300
839585700
839637098
839688494
839739888
839791280
839842670
839894058
839945444
839996828
840048210
840099590
840150968
840202344
840253718
840305090
840356460
840407828
840459194
840510558
840561920
840613280
840664638
840715994
840767348
840818700
840870050
840921398
840972744
841024088
841075430
841126770
841178108
841229444
841280778
841332110
841383440
841434768
841486094
841537418
841588740
841640060
841691378
841742694
841794008
841845320
841896630
841947938
841999244
842050548
842101850
842153150
842204448
842255744
842307038
842358330
842409620
842460908
842512194
842563478
842614760
842666040
842717318
842768594
842819868
842871140
842922410
842973678
843024944
843076208
843127470
843178730
843229988
843281244
843332498
843383750
843435000
843486248
843537494
843588738
843639980
843691220
843742458
843793694
843844928
843896160
843947390
843998618
844049844
844101068
844152290
844203510
844254728
844305944
844357158
844408370
844459580
844510788
844561994
844613198
844664400
844715600
844766798
844817994
844869188
844920380
844971570
845022758
845073944
845125128
845176310
845227490
845278668
845329844
845381018
845432190
845483360
845534528
845585694
845636858
845688020
845739180
845790338
845841494
845892648
845943800
845994950
846046098
846097244
846148388
846199530
846250670
846301808
846352944
846404078
846455210
846506340
846557468
846608594
846659718
846710840
846761960
846813078
846864194
846915308
846966420
847017530
847068638
847119744
847170848
847221950
847273050
847324148
847375244
847426338
847477430
847528520
847579608
847630694
847681778
847732860
847783940
847835018
847886094
847937168
847988240
848039310
848090378
848141444
848192508
848243570
848294630
848345688
848396744
848447798
848498850
848549900
848600948
848651994
848703038
848754080
848805120
848856158
848907194
848958228
849009260
849060290
849111318
849162344
849213368
849264390
849315410
849366428
849417444
849468458
849519470
849570480
849621488
849672494
849723498
849774500
849825500
849876498
849927494
849978488
850029480
850080470
850131458
850182444
850233428
850284410
850335390
850386368
850437344
850488318
850539290
850590260
850641228
850692194
850743158
850794120
850845080
850896038
850946994
850997948
851048900
851099850
851150798
851201744
851252688
851303630
851354570
851405508
851456444
851507378
851558310
851609240
851660168
851711094
851762018
851812940
851863860
851914778
851965694
852016608
852067520
852118430
852169338
852220244
852271148
852322050
852372950
852423848
852474744
852525638
852576530
852627420
852678308
852729194
852780078
852830960
852881840
852932718
852983594
853034468
853085340
853136210
853187078
853237944
853288808
853339670
853390530
853441388
853492244
853543098
853593950
853644800
853695648
853746494
853797338
853848180
853899020
853949858
854000694
854051528
854102360
854153190
854204018
854254844
854305668
854356490
854407310
854458128
854508944
854559758
854610570
854661380
854712188
854762994
854813798
854864600
854915400
854966198
855016994
855067788
855118580
855169370
855220158
855270944
855321728
855372510
855423290
855474068
855524844
855575618
855626390
855677160
855727928
855778694
855829458
855880220
855930980
855981738
856032494
856083248
856134000
856184750
856235498
856286244
856336988
856387730
856438470
856489208
856539944
856590678
856641410
856692140
856742868
856793594
856844318
856895040
856945760
856996478
857047194
857097908
857148620
857199330
857250038
857300744
857351448
857402150
857452850
857503548
857554244
857604938
857655630
857706320
857757008
857807694
857858378
857909060
857959740
858010418
858061094
858111768
858162440
858213110
858263778
858314444
858365108
858415770
858466430
858517088
858567744
858618398
858669050
858719700
858770348
858820994
858871638
858922280
858972920
859023558
859074194
859124828
859175460
859226090
859276718
859327344
859377968
859428590
859479210
859529828
859580444
859631058
859681670
859732280
859782888
859833494
859884098
859934700
859985300
860035898
860086494
860137088
860187680
860238270
860288858
860339444
860390028
860440610
860491190
860541768
860592344
860642918
860693490
860744060
860794628
860845194
860895758
860946320
860996880
861047438
861097994
861148548
861199100
861249650
861300198
861350744
861401288
861451830
861502370
861552908
861603444
861653978
861704510
861755040
861805568
861856094
861906618
861957140
862007660
862058178
862108694
862159208
862209720
862260230
862310738
862361244
862411748
862462250
862512750
862563248
862613744
862664238
862714730
862765220
862815708
862866194
862916678
862967160
863017640
863068118
863118594
863169068
863219540
863270010
863320478
863370944
863421408
863471870
863522330
863572788
863623244
863673698
863724150
863774600
863825048
863875494
863925938
863976380
864026820
864077258
864127694
864178128
864228560
864278990
864329418
864379844
864430268
864480690
864531110
864581528
864631944
864682358
864732770
864783180
864833588
864883994
864934398
864984800
865035200
865085598
865135994
865186388
865236780
865287170
865337558
865387944
865438328
865488710
865539090
865589468
865639844
865690218
865740590
865790960
865841328
865891694
865942058
865992420
866042780
866093138
866143494
866193848
866244200
866294550
866344898
866395244
866445588
866495930
866546270
866596608
866646944
866697278
866747610
866797940
866848268
866898594
866948918
866999240
867049560
867099878
867150194
867200508
867250820
867301130
867351438
867401744
867452048
867502350
867552650
867602948
867653244
867703538
867753830
867804120
867854408
867904694
867954978
868005260
868055540
868105818
868156094
868206368
868256640
868306910
868357178
868407444
868457708
868507970
868558230
868608488
868658744
868708998
868759250
868809500
868859748
868909994
868960238
869010480
869060720
869110958
869161194
869211428
869261660
869311890
869362118
869412344
869462568
869512790
869563010
869613228
869663444
869713658
869763870
869814080
869864288
869914494
869964698
870014900
870065100
870115298
870165494
870215688
870265880
870316070
870366258
870416444
870466628
870516810
870566990
870617168
870667344
870717518
870767690
870817860
870868028
870918194
870968358
871018520
871068680
871118838
871168994
871219148
871269300
871319450
871369598
871419744
871469888
871520030
871570170
871620308
871670444
871720578
871770710
871820840
871870968
871921094
871971218
872021340
872071460
872121578
872171694
872221808
872271920
872322030
872372138
872422244
872472348
872522450
872572550
872622648
872672744
872722838
872772930
872823020
872873108
872923194
872973278
873023360
873073440
873123518
873173594
873223668
873273740
873323810
873373878
873423944
873474008
873524070
873574130
873624188
873674244
873724298
873774350
873824400
873874448
873924494
873974538
874024580
874074620
874124658
874174694
874224728
874274760
874324790
874374818
874424844
874474868
874524890
874574910
874624928
874674944
874724958
874774970
874824980
874874988
874924994
874974998
875025000
875075000
875124998
875174994
875224988
875274980
875324970
875374958
875424944
875474928
875524910
875574890
875624868
875674844
875724818
875774790
875824760
875874728
875924694
875974658
876024620
876074580
876124538
876174494
876224448
876274400
876324350
876374298
876424244
876474188
876524130
876574070
876624008
876673944
876723878
876773810
876823740
876873668
876923594
876973518
877023440
877073360
877123278
877173194
877223108
877273020
877322930
877372838
877422744
877472648
877522550
877572450
877622348
877672244
877722138
877772030
877821920
877871808
877921694
877971578
878021460
878071340
878121218
878171094
878220968
878270840
878320710
878370578
878420444
878470308
878520170
878570030
878619888
878669744
878719598
878769450
878819300
878869148
878918994
878968838
879018680
879068520
879118358
879168194
879218028
879267860
879317690
879367518
879417344
879467168
879516990
879566810
879616628
879666444
879716258
879766070
879815880
879865688
879915494
879965298
880015100
880064900
880114698
880164494
880214288
880264080
880313870
880363658
880413444
880463228
880513010
880562790
880612568
880662344
880712118
880761890
880811660
880861428
880911194
880960958
881010720
881060480
881110238
881159994
881209748
881259500
881309250
881358998
881408744
881458488
881508230
881557970
881607708
881657444
881707178
881756910
881806640
881856368
881906094
881955818
882005540
882055260
882104978
882154694
882204408
882254120
882303830
882353538
882403244
882452948
882502650
882552350
882602048
882651744
882701438
882751130
882800820
882850508
882900194
882949878
882999560
883049240
883098918
883148594
883198268
883247940
883297610
883347278
883396944
883446608
883496270
883545930
883595588
883645244
883694898
883744550
883794200
883843848
883893494
883943138
883992780
884042420
884092058
884141694
884191328
884240960
884290590
884340218
884389844
884439468
884489090
884538710
884588328
884637944
884687558
884737170
884786780
884836388
884885994
884935598
884985200
885034800
885084398
885133994
885183588
885233180
885282770
885332358
885381944
885431528
885481110
885530690
885580268
885629844
885679418
885728990
885778560
885828128
885877694
885927258
885976820
886026380
886075938
886125494
886175048
886224600
886274150
886323698
886373244
886422788
886472330
886521870
886571408
886620944
886670478
886720010
886769540
886819068
886868594
886918118
886967640
887017160
887066678
887116194
887165708
887215220
887264730
887314238
887363744
887413248
887462750
887512250
887561748
887611244
887660738
887710230
887759720
887809208
887858694
887908178
887957660
888007140
888056618
888106094
888155568
888205040
888254510
888303978
888353444
888402908
888452370
888501830
888551288
888600744
888650198
888699650
888749100
888798548
888847994
888897438
888946880
888996320
889045758
889095194
889144628
889194060
889243490
889292918
889342344
889391768
889441190
889490610
889540028
889589444
889638858
889688270
889737680
889787088
889836494
889885898
889935300
889984700
890034098
890083494
890132888
890182280
890231670
890281058
890330444
890379828
890429210
890478590
890527968
890577344
890626718
890676090
890725460
890774828
890824194
890873558
890922920
890972280
891021638
891070994
891120348
891169700
891219050
891268398
891317744
891367088
891416430
891465770
891515108
891564444
891613778
891663110
891712440
891761768
891811094
891860418
891909740
891959060
892008378
892057694
892107008
892156320
892205630
892254938
892304244
892353548
892402850
892452150
892501448
892550744
892600038
892649330
892698620
892747908
892797194
892846478
892895760
892945040
892994318
893043594
893092868
893142140
893191410
893240678
893289944
893339208
893388470
893437730
893486988
893536244
893585498
893634750
893684000
893733248
893782494
893831738
893880980
893930220
893979458
894028694
894077928
894127160
894176390
894225618
894274844
894324068
894373290
894422510
894471728
894520944
894570158
894619370
894668580
894717788
894766994
894816198
894865400
894914600
894963798
895012994
895062188
895111380
895160570
895209758
895258944
895308128
895357310
895406490
895455668
895504844
895554018
895603190
895652360
895701528
895750694
895799858
895849020
895898180
895947338
895996494
896045648
896094800
896143950
896193098
896242244
896291388
896340530
896389670
896438808
896487944
896537078
896586210
896635340
896684468
896733594
896782718
896831840
896880960
896930078
896979194
897028308
897077420
897126530
897175638
897224744
897273848
897322950
897372050
897421148
897470244
897519338
897568430
897617520
897666608
897715694
897764778
897813860
897862940
897912018
897961094
898010168
898059240
898108310
898157378
898206444
898255508
898304570
898353630
898402688
898451744
898500798
898549850
898598900
898647948
898696994
898746038
898795080
898844120
898893158
898942194
898991228
899040260
899089290
899138318
899187344
899236368
899285390
899334410
899383428
899432444
899481458
899530470
899579480
899628488
899677494
899726498
899775500
899824500
899873498
899922494
899971488
900020480
900069470
900118458
900167444
900216428
900265410
900314390
900363368
900412344
900461318
900510290
900559260
900608228
900657194
900706158
900755120
900804080
900853038
900901994
900950948
900999900
901048850
901097798
901146744
901195688
901244630
901293570
901342508
901391444
901440378
901489310
901538240
901587168
901636094
901685018
901733940
901782860
901831778
901880694
901929608
901978520
902027430
902076338
902125244
902174148
902223050
902271950
902320848
902369744
902418638
902467530
902516420
902565308
902614194
902663078
902711960
902760840
902809718
902858594
902907468
902956340
903005210
903054078
903102944
903151808
903200670
903249530
903298388
903347244
903396098
903444950
903493800
903542648
903591494
903640338
903689180
903738020
903786858
903835694
903884528
903933360
903982190
904031018
904079844
904128668
904177490
904226310
904275128
904323944
904372758
904421570
904470380
904519188
904567994
904616798
904665600
904714400
904763198
904811994
904860788
904909580
904958370
905007158
905055944
905104728
905153510
905202290
905251068
905299844
905348618
905397390
905446160
905494928
905543694
905592458
905641220
905689980
905738738
905787494
905836248
905885000
905933750
905982498
906031244
906079988
906128730
906177470
906226208
906274944
906323678
906372410
906421140
906469868
906518594
906567318
906616040
906664760
906713478
906762194
906810908
906859620
906908330
906957038
907005744
907054448
907103150
907151850
907200548
907249244
907297938
907346630
907395320
907444008
907492694
907541378
907590060
907638740
907687418
907736094
907784768
907833440
907882110
907930778
907979444
908028108
908076770
908125430
908174088
908222744
908271398
908320050
908368700
908417348
908465994
908514638
908563280
908611920
908660558
908709194
908757828
908806460
908855090
908903718
908952344
909000968
909049590
909098210
909146828
909195444
909244058
909292670
909341280
909389888
909438494
909487098
909535700
909584300
909632898
909681494
909730088
909778680
909827270
909875858
909924444
909973028
910021610
910070190
910118768
910167344
910215918
910264490
910313060
910361628
910410194
910458758
910507320
910555880
910604438
910652994
910701548
910750100
910798650
910847198
910895744
910944288
910992830
911041370
911089908
911138444
911186978
911235510
911284040
911332568
911381094
911429618
911478140
911526660
911575178
911623694
911672208
911720720
911769230
911817738
911866244
911914748
911963250
912011750
912060248
912108744
912157238
912205730
912254220
912302708
912351194
912399678
912448160
912496640
912545118
912593594
912642068
912690540
912739010
912787478
912835944
912884408
912932870
912981330
913029788
913078244
913126698
913175150
913223600
913272048
913320494
913368938
913417380
913465820
913514258
913562694
913611128
913659560
913707990
913756418
913804844
913853268
913901690
913950110
913998528
914046944
914095358
914143770
914192180
914240588
914288994
914337398
914385800
914434200
914482598
914530994
914579388
914627780
914676170
914724558
914772944
914821328
914869710
914918090
914966468
915014844
915063218
915111590
915159960
915208328
915256694
915305058
915353420
915401780
915450138
915498494
915546848
915595200
915643550
915691898
915740244
915788588
915836930
915885270
915933608
915981944
916030278
916078610
916126940
916175268
916223594
916271918
916320240
916368560
916416878
916465194
916513508
916561820
916610130
916658438
916706744
916755048
916803350
916851650
916899948
916948244
916996538
917044830
917093120
917141408
917189694
917237978
917286260
917334540
917382818
917431094
917479368
917527640
917575910
917624178
917672444
917720708
917768970
917817230
917865488
917913744
917961998
918010250
918058500
918106748
918154994
918203238
918251480
918299720
918347958
918396194
918444428
918492660
918540890
918589118
918637344
918685568
918733790
918782010
918830228
918878444
918926658
918974870
919023080
919071288
919119494
919167698
919215900
919264100
919312298
919360494
919408688
919456880
919505070
919553258
919601444
919649628
919697810
919745990
919794168
919842344
919890518
919938690
919986860
920035028
920083194
920131358
920179520
920227680
920275838
920323994
920372148
920420300
920468450
920516598
920564744
920612888
920661030
920709170
920757308
920805444
920853578
920901710
920949840
920997968
921046094
921094218
921142340
921190460
921238578
921286694
921334808
921382920
921431030
921479138
921527244
921575348
921623450
921671550
921719648
921767744
921815838
921863930
921912020
921960108
922008194
922056278
922104360
922152440
922200518
922248594
922296668
922344740
922392810
922440878
922488944
922537008
922585070
922633130
922681188
922729244
922777298
922825350
922873400
922921448
922969494
923017538
923065580
923113620
923161658
923209694
923257728
923305760
923353790
923401818
923449844
923497868
923545890
923593910
923641928
923689944
923737958
923785970
923833980
923881988
923929994
923977998
924026000
924074000
924121998
924169994
924217988
924265980
924313970
924361958
924409944
924457928
924505910
924553890
924601868
924649844
924697818
924745790
924793760
924841728
924889694
924937658
924985620
925033580
925081538
925129494
925177448
925225400
925273350
925321298
925369244
925417188
925465130
925513070
925561008
925608944
925656878
925704810
925752740
925800668
925848594
925896518
925944440
925992360
926040278
926088194
926136108
926184020
926231930
926279838
926327744
926375648
926423550
926471450
926519348
926567244
926615138
926663030
926710920
926758808
926806694
926854578
926902460
926950340
926998218
927046094
927093968
927141840
927189710
927237578
927285444
927333308
927381170
927429030
927476888
927524744
927572598
927620450
927668300
927716148
927763994
927811838
927859680
927907520
927955358
928003194
928051028
928098860
928146690
928194518
928242344
928290168
928337990
928385810
928433628
928481444
928529258
928577070
928624880
928672688
928720494
928768298
928816100
928863900
928911698
928959494
929007288
929055080
929102870
929150658
929198444
929246228
929294010
929341790
929389568
929437344
929485118
929532890
929580660
929628428
929676194
929723958
929771720
929819480
929867238
929914994
929962748
930010500
930058250
930105998
930153744
930201488
930249230
930296970
930344708
930392444
930440178
930487910
930535640
930583368
930631094
930678818
930726540
930774260
930821978
930869694
930917408
930965120
931012830
931060538
931108244
931155948
931203650
931251350
931299048
931346744
931394438
931442130
931489820
931537508
931585194
931632878
931680560
931728240
931775918
931823594
931871268
931918940
931966610
932014278
932061944
932109608
932157270
932204930
932252588
932300244
932347898
932395550
932443200
932490848
932538494
932586138
932633780
932681420
932729058
932776694
932824328
932871960
932919590
932967218
933014844
933062468
933110090
933157710
933205328
933252944
933300558
933348170
933395780
933443388
933490994
933538598
933586200
933633800
933681398
933728994
933776588
933824180
933871770
933919358
933966944
934014528
934062110
934109690
934157268
934204844
934252418
934299990
934347560
934395128
934442694
934490258
934537820
934585380
934632938
934680494
934728048
934775600
934823150
934870698
934918244
934965788
935013330
935060870
935108408
935155944
935203478
935251010
935298540
935346068
935393594
935441118
935488640
935536160
935583678
935631194
935678708
935726220
935773730
935821238
935868744
935916248
935963750
936011250
936058748
936106244
936153738
936201230
936248720
936296208
936343694
936391178
936438660
936486140
936533618
936581094
936628568
936676040
936723510
936770978
936818444
936865908
936913370
936960830
937008288
937055744
937103198
937150650
937198100
937245548
937292994
937340438
937387880
937435320
937482758
937530194
937577628
937625060
937672490
937719918
937767344
937814768
937862190
937909610
937957028
938004444
938051858
938099270
938146680
938194088
938241494
938288898
938336300
938383700
938431098
938478494
938525888
938573280
938620670
938668058
938715444
938762828
938810210
938857590
938904968
938952344
938999718
939047090
939094460
939141828
939189194
939236558
939283920
939331280
939378638
939425994
939473348
939520700
939568050
939615398
939662744
939710088
939757430
939804770
939852108
939899444
939946778
939994110
940041440
940088768
940136094
940183418
940230740
940278060
940325378
940372694
940420008
940467320
940514630
940561938
940609244
940656548
940703850
940751150
940798448
940845744
940893038
940940330
940987620
941034908
941082194
941129478
941176760
941224040
941271318
941318594
941365868
941413140
941460410
941507678
941554944
941602208
941649470
941696730
941743988
941791244
941838498
941885750
941933000
941980248
942027494
942074738
942121980
942169220
942216458
942263694
942310928
942358160
942405390
942452618
942499844
942547068
942594290
942641510
942688728
942735944
942783158
942830370
942877580
942924788
942971994
943019198
943066400
943113600
943160798
943207994
943255188
943302380
943349570
943396758
943443944
943491128
943538310
943585490
943632668
943679844
943727018
943774190
943821360
943868528
943915694
943962858
944010020
944057180
944104338
944151494
944198648
944245800
944292950
944340098
944387244
944434388
944481530
944528670
944575808
944622944
944670078
944717210
944764340
944811468
944858594
944905718
944952840
944999960
945047078
945094194
945141308
945188420
945235530
945282638
945329744
945376848
945423950
945471050
945518148
945565244
945612338
945659430
945706520
945753608
945800694
945847778
945894860
945941940
945989018
946036094
946083168
946130240
946177310
946224378
946271444
946318508
946365570
946412630
946459688
946506744
946553798
946600850
946647900
946694948
946741994
946789038
946836080
946883120
946930158
946977194
947024228
947071260
947118290
947165318
947212344
947259368
947306390
947353410
947400428
947447444
947494458
947541470
947588480
947635488
947682494
947729498
947776500
947823500
947870498
947917494
947964488
948011480
948058470
948105458
948152444
948199428
948246410
948293390
948340368
948387344
948434318
948481290
948528260
948575228
948622194
948669158
948716120
948763080
948810038
948856994
948903948
948950900
948997850
949044798
949091744
949138688
949185630
949232570
949279508
949326444
949373378
949420310
949467240
949514168
949561094
949608018
949654940
949701860
949748778
949795694
949842608
949889520
949936430
949983338
950030244
950077148
950124050
950170950
950217848
950264744
950311638
950358530
950405420
950452308
950499194
950546078
950592960
950639840
950686718
950733594
950780468
950827340
950874210
950921078
950967944
951014808
951061670
951108530
951155388
951202244
951249098
951295950
951342800
951389648
951436494
951483338
951530180
951577020
951623858
951670694
951717528
951764360
951811190
951858018
951904844
951951668
951998490
952045310
952092128
952138944
952185758
952232570
952279380
952326188
952372994
952419798
952466600
952513400
952560198
952606994
952653788
952700580
952747370
952794158
952840944
952887728
952934510
952981290
953028068
953074844
953121618
953168390
953215160
953261928
953308694
953355458
953402220
953448980
953495738
953542494
953589248
953636000
953682750
953729498
953776244
953822988
953869730
953916470
953963208
954009944
954056678
954103410
954150140
954196868
954243594
954290318
954337040
954383760
954430478
954477194
954523908
954570620
954617330
954664038
954710744
954757448
954804150
954850850
954897548
954944244
954990938
955037630
955084320
955131008
955177694
955224378
955271060
955317740
955364418
955411094
955457768
955504440
955551110
955597778
955644444
955691108
955737770
955784430
955831088
955877744
955924398
955971050
956017700
956064348
956110994
956157638
956204280
956250920
956297558
956344194
956390828
956437460
956484090
956530718
956577344
956623968
956670590
956717210
956763828
956810444
956857058
956903670
956950280
956996888
957043494
957090098
957136700
957183300
957229898
957276494
957323088
957369680
957416270
957462858
957509444
957556028
957602610
957649190
957695768
957742344
957788918
957835490
957882060
957928628
957975194
958021758
958068320
958114880
958161438
958207994
958254548
958301100
958347650
958394198
958440744
958487288
958533830
958580370
958626908
958673444
958719978
958766510
958813040
958859568
958906094
958952618
958999140
959045660
959092178
959138694
959185208
959231720
959278230
959324738
959371244
959417748
959464250
959510750
959557248
959603744
959650238
959696730
959743220
959789708
959836194
959882678
959929160
959975640
960022118
960068594
960115068
960161540
960208010
960254478
960300944
960347408
960393870
960440330
960486788
960533244
960579698
960626150
960672600
960719048
960765494
960811938
960858380
960904820
960951258
960997694
961044128
961090560
961136990
961183418
961229844
961276268
961322690
961369110
961415528
961461944
961508358
961554770
961601180
961647588
961693994
961740398
961786800
961833200
961879598
961925994
961972388
962018780
962065170
962111558
962157944
962204328
962250710
962297090
962343468
962389844
962436218
962482590
962528960
962575328
962621694
962668058
962714420
962760780
962807138
962853494
962899848
962946200
962992550
963038898
963085244
963131588
963177930
963224270
963270608
963316944
963363278
963409610
963455940
963502268
963548594
963594918
963641240
963687560
963733878
963780194
963826508
963872820
963919130
963965438
964011744
964058048
964104350
964150650
964196948
964243244
964289538
964335830
964382120
964428408
964474694
964520978
964567260
964613540
964659818
964706094
964752368
964798640
964844910
964891178
964937444
964983708
965029970
965076230
965122488
965168744
965214998
965261250
965307500
965353748
965399994
965446238
965492480
965538720
965584958
965631194
965677428
965723660
965769890
965816118
965862344
965908568
965954790
966001010
966047228
966093444
966139658
966185870
966232080
966278288
966324494
966370698
966416900
966463100
966509298
966555494
966601688
966647880
966694070
966740258
966786444
966832628
966878810
966924990
966971168
967017344
967063518
967109690
967155860
967202028
967248194
967294358
967340520
967386680
967432838
967478994
967525148
967571300
967617450
967663598
967709744
967755888
967802030
967848170
967894308
967940444
967986578
968032710
968078840
968124968
968171094
968217218
968263340
968309460
968355578
968401694
968447808
968493920
968540030
968586138
968632244
968678348
968724450
968770550
968816648
968862744
968908838
968954930
969001020
969047108
969093194
969139278
969185360
969231440
969277518
969323594
969369668
969415740
969461810
969507878
969553944
969600008
969646070
969692130
969738188
969784244
969830298
969876350
969922400
969968448
970014494
970060538
970106580
970152620
970198658
970244694
970290728
970336760
970382790
970428818
970474844
970520868
970566890
970612910
970658928
970704944
970750958
970796970
970842980
970888988
970934994
970980998
971027000
971073000
971118998
971164994
971210988
971256980
971302970
971348958
971394944
971440928
971486910
971532890
971578868
971624844
971670818
971716790
971762760
971808728
971854694
971900658
971946620
971992580
972038538
972084494
972130448
972176400
972222350
972268298
972314244
972360188
972406130
972452070
972498008
972543944
972589878
972635810
972681740
972727668
972773594
972819518
972865440
972911360
972957278
973003194
973049108
973095020
973140930
973186838
973232744
973278648
973324550
973370450
973416348
973462244
973508138
973554030
973599920
973645808
973691694
973737578
973783460
973829340
973875218
973921094
973966968
974012840
974058710
974104578
974150444
974196308
974242170
974288030
974333888
974379744
974425598
974471450
974517300
974563148
974608994
974654838
974700680
974746520
974792358
974838194
974884028
974929860
974975690
975021518
975067344
975113168
975158990
975204810
975250628
975296444
975342258
975388070
975433880
975479688
975525494
975571298
975617100
975662900
975708698
975754494
975800288
975846080
975891870
975937658
975983444
976029228
976075010
976120790
976166568
976212344
976258118
976303890
976349660
976395428
976441194
976486958
976532720
976578480
976624238
976669994
976715748
976761500
976807250
976852998
976898744
976944488
976990230
977035970
977081708
977127444
977173178
977218910
977264640
977310368
977356094
977401818
977447540
977493260
977538978
977584694
977630408
977676120
977721830
977767538
977813244
977858948
977904650
977950350
977996048
978041744
978087438
978133130
978178820
978224508
978270194
978315878
978361560
978407240
978452918
978498594
978544268
978589940
978635610
978681278
978726944
978772608
978818270
978863930
978909588
978955244
979000898
979046550
979092200
979137848
979183494
979229138
979274780
979320420
979366058
979411694
979457328
979502960
979548590
979594218
979639844
979685468
979731090
979776710
979822328
979867944
979913558
979959170
980004780
980050388
980095994
980141598
980187200
980232800
980278398
980323994
980369588
980415180
980460770
980506358
980551944
980597528
980643110
980688690
980734268
980779844
980825418
980870990
980916560
980962128
981007694
981053258
981098820
981144380
981189938
981235494
981281048
981326600
981372150
981417698
981463244
981508788
981554330
981599870
981645408
981690944
981736478
981782010
981827540
981873068
981918594
981964118
982009640
982055160
982100678
982146194
982191708
982237220
982282730
982328238
982373744
982419248
982464750
982510250
982555748
982601244
982646738
982692230
982737720
982783208
982828694
982874178
982919660
982965140
983010618
983056094
983101568
983147040
983192510
983237978
983283444
983328908
983374370
983419830
983465288
983510744
983556198
983601650
983647100
983692548
983737994
983783438
983828880
983874320
983919758
983965194
984010628
984056060
984101490
984146918
984192344
984237768
984283190
984328610
984374028
984419444
984464858
984510270
984555680
984601088
984646494
984691898
984737300
984782700
984828098
984873494
984918888
984964280
985009670
985055058
985100444
985145828
985191210
985236590
985281968
985327344
985372718
985418090
985463460
985508828
985554194
985599558
985644920
985690280
985735638
985780994
985826348
985871700
985917050
985962398
986007744
986053088
986098430
986143770
986189108
986234444
986279778
986325110
986370440
986415768
986461094
986506418
986551740
986597060
986642378
986687694
986733008
986778320
986823630
986868938
986914244
986959548
987004850
987050150
987095448
987140744
987186038
987231330
987276620
987321908
987367194
987412478
987457760
987503040
987548318
987593594
987638868
987684140
987729410
987774678
987819944
987865208
987910470
987955730
988000988
988046244
988091498
988136750
988182000
988227248
988272494
988317738
988362980
988408220
988453458
988498694
988543928
988589160
988634390
988679618
988724844
988770068
988815290
988860510
988905728
988950944
988996158
989041370
989086580
989131788
989176994
989222198
989267400
989312600
989357798
989402994
989448188
989493380
989538570
989583758
989628944
989674128
989719310
989764490
989809668
989854844
989900018
989945190
989990360
990035528
990080694
990125858
990171020
990216180
990261338
990306494
990351648
990396800
990441950
990487098
990532244
990577388
990622530
990667670
990712808
990757944
990803078
990848210
990893340
990938468
990983594
991028718
991073840
991118960
991164078
991209194
991254308
991299420
991344530
991389638
991434744
991479848
991524950
991570050
991615148
991660244
991705338
991750430
991795520
991840608
991885694
991930778
991975860
992020940
992066018
992111094
992156168
992201240
992246310
992291378
992336444
992381508
992426570
992471630
992516688
992561744
992606798
992651850
992696900
992741948
992786994
992832038
992877080
992922120
992967158
993012194
993057228
993102260
993147290
993192318
993237344
993282368
993327390
993372410
993417428
993462444
993507458
993552470
993597480
993642488
993687494
993732498
993777500
993822500
993867498
993912494
993957488
994002480
994047470
994092458
994137444
994182428
994227410
994272390
994317368
994362344
994407318
994452290
994497260
994542228
994587194
994632158
994677120
994722080
994767038
994811994
994856948
994901900
994946850
994991798
995036744
995081688
995126630
995171570
995216508
995261444
995306378
995351310
995396240
995441168
995486094
995531018
995575940
995620860
995665778
995710694
995755608
995800520
995845430
995890338
995935244
995980148
996025050
996069950
996114848
996159744
996204638
996249530
996294420
996339308
996384194
996429078
996473960
996518840
996563718
996608594
996653468
996698340
996743210
996788078
996832944
996877808
996922670
996967530
997012388
997057244
997102098
997146950
997191800
997236648
997281494
997326338
997371180
997416020
997460858
997505694
997550528
997595360
997640190
997685018
997729844
997774668
997819490
997864310
997909128
997953944
997998758
998043570
998088380
998133188
998177994
998222798
998267600
998312400
998357198
998401994
998446788
998491580
998536370
998581158
998625944
998670728
998715510
998760290
998805068
998849844
998894618
998939390
998984160
999028928
999073694
999118458
999163220
999207980
999252738
999297494
999342248
999387000
999431750
999476498
999521244
999565988
999610730
999655470
999700208
999744944
999789678
999834410
999879140
999923868
999968594
13318
58040
102760
147478
192194
236908
281620
326330
371038
415744
460448
505150
549850
594548
639244
683938
728630
773320
818008
862694
907378
952060
996740
1041418
1086094
1130768
1175440
1220110
1264778
1309444
1354108
1398770
1443430
1488088
1532744
1577398
1622050
1666700
1711348
1755994
1800638
1845280
1889920
1934558
1979194
2023828
2068460
2113090
2157718
2202344
2246968
2291590
2336210
2380828
2425444
2470058
2514670
2559280
2603888
2648494
2693098
2737700
2782300
2826898
2871494
2916088
2960680
3005270
3049858
3094444
3139028
3183610
3228190
3272768
3317344
3361918
3406490
3451060
3495628
3540194
3584758
3629320
3673880
3718438
3762994
3807548
3852100
3896650
3941198
3985744
4030288
4074830
4119370
4163908
4208444
4252978
4297510
4342040
4386568
4431094
4475618
4520140
4564660
4609178
4653694
4698208
4742720
4787230
4831738
4876244
4920748
4965250
5009750
5054248
5098744
5143238
5187730
5232220
5276708
5321194
5365678
5410160
5454640
5499118
5543594
5588068
5632540
5677010
5721478
5765944
5810408
5854870
5899330
5943788
5988244
6032698
6077150
6121600
6166048
6210494
6254938
6299380
6343820
6388258
6432694
6477128
6521560
6565990
6610418
6654844
6699268
6743690
6788110
6832528
6876944
6921358
6965770
7010180
7054588
7098994
7143398
7187800
7232200
7276598
7320994
7365388
7409780
7454170
7498558
7542944
7587328
7631710
7676090
7720468
7764844
7809218
7853590
7897960
7942328
7986694
8031058
8075420
8119780
8164138
8208494
8252848
8297200
8341550
8385898
8430244
8474588
8518930
8563270
8607608
8651944
8696278
8740610
8784940
8829268
8873594
8917918
8962240
9006560
9050878
9095194
9139508
9183820
9228130
9272438
9316744
9361048
9405350
9449650
9493948
9538244
9582538
9626830
9671120
9715408
9759694
9803978
9848260
9892540
9936818
9981094
10025368
10069640
10113910
10158178
10202444
10246708
10290970
10335230
10379488
10423744
10467998
10512250
10556500
10600748
10644994
10689238
10733480
10777720
10821958
10866194
10910428
10954660
10998890
11043118
11087344
11131568
11175790
11220010
11264228
11308444
11352658
11396870
11441080
11485288
11529494
11573698
11617900
11662100
11706298
11750494
11794688
11838880
11883070
11927258
11971444
12015628
12059810
12103990
12148168
12192344
12236518
12280690
12324860
12369028
12413194
12457358
12501520
12545680
12589838
12633994
12678148
12722300
12766450
12810598
12854744
12898888
12943030
12987170
13031308
13075444
13119578
13163710
13207840
13251968
13296094
13340218
13384340
13428460
13472578
13516694
13560808
13604920
13649030
13693138
13737244
13781348
13825450
13869550
13913648
13957744
14001838
14045930
14090020
14134108
14178194
14222278
14266360
14310440
14354518
14398594
14442668
14486740
14530810
14574878
14618944
14663008
14707070
14751130
14795188
14839244
14883298
14927350
14971400
15015448
15059494
15103538
15147580
15191620
15235658
15279694
15323728
15367760
15411790
15455818
15499844
15543868
15587890
15631910
15675928
15719944
15763958
15807970
15851980
15895988
15939994
15983998
16028000
16072000
16115998
16159994
16203988
16247980
16291970
16335958
16379944
16423928
16467910
16511890
16555868
16599844
16643818
16687790
16731760
16775728
16819694
16863658
16907620
16951580
16995538
17039494
17083448
17127400
17171350
17215298
17259244
17303188
17347130
17391070
17435008
17478944
17522878
17566810
17610740
17654668
17698594
17742518
17786440
17830360
17874278
17918194
17962108
18006020
18049930
18093838
18137744
18181648
18225550
18269450
18313348
18357244
18401138
18445030
18488920
18532808
18576694
18620578
18664460
18708340
18752218
18796094
18839968
18883840
18927710
18971578
19015444
19059308
19103170
19147030
19190888
19234744
19278598
19322450
19366300
19410148
19453994
19497838
19541680
19585520
19629358
19673194
19717028
19760860
19804690
19848518
19892344
19936168
19979990
20023810
20067628
20111444
20155258
20199070
20242880
20286688
20330494
20374298
20418100
20461900
20505698
20549494
20593288
20637080
20680870
20724658
20768444
20812228
20856010
20899790
20943568
20987344
21031118
21074890
21118660
21162428
21206194
21249958
21293720
21337480
21381238
21424994
21468748
21512500
21556250
21599998
21643744
21687488
21731230
21774970
21818708
21862444
21906178
21949910
21993640
22037368
22081094
22124818
22168540
22212260
22255978
22299694
22343408
22387120
22430830
22474538
22518244
22561948
22605650
22649350
22693048
22736744
22780438
22824130
22867820
22911508
22955194
22998878
23042560
23086240
23129918
23173594
23217268
23260940
23304610
23348278
23391944
23435608
23479270
23522930
23566588
23610244
23653898
23697550
23741200
23784848
23828494
23872138
23915780
23959420
24003058
24046694
24090328
24133960
24177590
24221218
24264844
24308468
24352090
24395710
24439328
24482944
24526558
24570170
24613780
24657388
24700994
24744598
24788200
24831800
24875398
24918994
24962588
25006180
25049770
25093358
25136944
25180528
25224110
25267690
25311268
25354844
25398418
25441990
25485560
25529128
25572694
25616258
25659820
25703380
25746938
25790494
25834048
25877600
25921150
25964698
26008244
26051788
26095330
26138870
26182408
26225944
26269478
26313010
26356540
26400068
26443594
26487118
26530640
26574160
26617678
26661194
26704708
26748220
26791730
26835238
26878744
26922248
26965750
27009250
27052748
27096244
27139738
27183230
27226720
27270208
27313694
27357178
27400660
27444140
27487618
27531094
27574568
27618040
27661510
27704978
27748444
27791908
27835370
27878830
27922288
27965744
28009198
28052650
28096100
28139548
28182994
28226438
28269880
28313320
28356758
28400194
28443628
28487060
28530490
28573918
28617344
28660768
28704190
28747610
28791028
28834444
28877858
28921270
28964680
29008088
29051494
29094898
29138300
29181700
29225098
29268494
29311888
29355280
29398670
29442058
29485444
29528828
29572210
29615590
29658968
29702344
29745718
29789090
29832460
29875828
29919194
29962558
30005920
30049280
30092638
30135994
30179348
30222700
30266050
30309398
30352744
30396088
30439430
30482770
30526108
30569444
30612778
30656110
30699440
30742768
30786094
30829418
30872740
30916060
30959378
31002694
31046008
31089320
31132630
31175938
31219244
31262548
31305850
31349150
31392448
31435744
31479038
31522330
31565620
31608908
31652194
31695478
31738760
31782040
31825318
31868594
31911868
31955140
31998410
32041678
32084944
32128208
32171470
32214730
32257988
32301244
32344498
32387750
32431000
32474248
32517494
32560738
32603980
32647220
32690458
32733694
32776928
32820160
32863390
32906618
32949844
32993068
33036290
33079510
33122728
33165944
33209158
33252370
33295580
33338788
33381994
33425198
33468400
33511600
33554798
33597994
33641188
33684380
33727570
33770758
33813944
33857128
33900310
33943490
33986668
34029844
34073018
34116190
34159360
34202528
34245694
34288858
34332020
34375180
34418338
34461494
34504648
34547800
34590950
34634098
34677244
34720388
34763530
34806670
34849808
34892944
34936078
34979210
35022340
35065468
35108594
35151718
35194840
35237960
35281078
35324194
35367308
35410420
35453530
35496638
35539744
35582848
35625950
35669050
35712148
35755244
35798338
35841430
35884520
35927608
35970694
36013778
36056860
36099940
36143018
36186094
36229168
36272240
36315310
36358378
36401444
36444508
36487570
36530630
36573688
36616744
36659798
36702850
36745900
36788948
36831994
36875038
36918080
36961120
37004158
37047194
37090228
37133260
37176290
37219318
37262344
37305368
37348390
37391410
37434428
37477444
37520458
37563470
37606480
37649488
37692494
37735498
37778500
37821500
37864498
37907494
37950488
37993480
38036470
38079458
38122444
38165428
38208410
38251390
38294368
38337344
38380318
38423290
38466260
38509228
38552194
38595158
38638120
38681080
38724038
38766994
38809948
38852900
38895850
38938798
38981744
39024688
39067630
39110570
39153508
39196444
39239378
39282310
39325240
39368168
39411094
39454018
39496940
39539860
39582778
39625694
39668608
39711520
39754430
39797338
39840244
39883148
39926050
39968950
40011848
40054744
40097638
40140530
40183420
40226308
40269194
40312078
40354960
40397840
40440718
40483594
40526468
40569340
40612210
40655078
40697944
40740808
40783670
40826530
40869388
40912244
40955098
40997950
41040800
41083648
41126494
41169338
41212180
41255020
41297858
41340694
41383528
41426360
41469190
41512018
41554844
41597668
41640490
41683310
41726128
41768944
41811758
41854570
41897380
41940188
41982994
42025798
42068600
42111400
42154198
42196994
42239788
42282580
42325370
42368158
42410944
42453728
42496510
42539290
42582068
42624844
42667618
42710390
42753160
42795928
42838694
42881458
42924220
42966980
43009738
43052494
43095248
43138000
43180750
43223498
43266244
43308988
43351730
43394470
43437208
43479944
43522678
43565410
43608140
43650868
43693594
43736318
43779040
43821760
43864478
43907194
43949908
43992620
44035330
44078038
44120744
44163448
44206150
44248850
44291548
44334244
44376938
44419630
44462320
44505008
44547694
44590378
44633060
44675740
44718418
44761094
44803768
44846440
44889110
44931778
44974444
45017108
45059770
45102430
45145088
45187744
45230398
45273050
45315700
45358348
45400994
45443638
45486280
45528920
45571558
45614194
45656828
45699460
45742090
45784718
45827344
45869968
45912590
45955210
45997828
46040444
46083058
46125670
46168280
46210888
46253494
46296098
46338700
46381300
46423898
46466494
46509088
46551680
46594270
46636858
46679444
46722028
46764610
46807190
46849768
46892344
46934918
46977490
47020060
47062628
47105194
47147758
47190320
47232880
47275438
47317994
47360548
47403100
47445650
47488198
47530744
47573288
47615830
47658370
47700908
47743444
47785978
47828510
47871040
47913568
47956094
47998618
48041140
48083660
48126178
48168694
48211208
48253720
48296230
48338738
48381244
48423748
48466250
48508750
48551248
48593744
48636238
48678730
48721220
48763708
48806194
48848678
48891160
48933640
48976118
49018594
49061068
49103540
49146010
49188478
49230944
49273408
49315870
49358330
49400788
49443244
49485698
49528150
49570600
49613048
49655494
49697938
49740380
49782820
49825258
49867694
49910128
49952560
49994990
50037418
50079844
50122268
50164690
50207110
50249528
50291944
50334358
50376770
50419180
50461588
50503994
50546398
50588800
50631200
50673598
50715994
50758388
50800780
50843170
50885558
50927944
50970328
51012710
51055090
51097468
51139844
51182218
51224590
51266960
51309328
51351694
51394058
51436420
51478780
51521138
51563494
51605848
51648200
51690550
51732898
51775244
51817588
51859930
51902270
51944608
51986944
52029278
52071610
52113940
52156268
52198594
52240918
52283240
52325560
52367878
52410194
52452508
52494820
52537130
52579438
52621744
52664048
52706350
52748650
52790948
52833244
52875538
52917830
52960120
53002408
53044694
53086978
53129260
53171540
53213818
53256094
53298368
53340640
53382910
53425178
53467444
53509708
53551970
53594230
53636488
53678744
53720998
53763250
53805500
53847748
53889994
53932238
53974480
54016720
54058958
54101194
54143428
54185660
54227890
54270118
54312344
54354568
54396790
54439010
54481228
54523444
54565658
54607870
54650080
54692288
54734494
54776698
54818900
54861100
54903298
54945494
54987688
55029880
55072070
55114258
55156444
55198628
55240810
55282990
55325168
55367344
55409518
55451690
55493860
55536028
55578194
55620358
55662520
55704680
55746838
55788994
55831148
55873300
55915450
55957598
55999744
56041888
56084030
56126170
56168308
56210444
56252578
56294710
56336840
56378968
56421094
56463218
56505340
56547460
56589578
56631694
56673808
56715920
56758030
56800138
56842244
56884348
56926450
56968550
57010648
57052744
57094838
57136930
57179020
57221108
57263194
57305278
57347360
57389440
57431518
57473594
57515668
57557740
57599810
57641878
57683944
57726008
57768070
57810130
57852188
57894244
57936298
57978350
58020400
58062448
58104494
58146538
58188580
58230620
58272658
58314694
58356728
58398760
58440790
58482818
58524844
58566868
58608890
58650910
58692928
58734944
58776958
58818970
58860980
58902988
58944994
58986998
59029000
59071000
59112998
59154994
59196988
59238980
59280970
59322958
59364944
59406928
59448910
59490890
59532868
59574844
59616818
59658790
59700760
59742728
59784694
59826658
59868620
59910580
59952538
59994494
60036448
60078400
60120350
60162298
60204244
60246188
60288130
60330070
60372008
60413944
60455878
60497810
60539740
60581668
60623594
60665518
60707440
60749360
60791278
60833194
60875108
60917020
60958930
61000838
61042744
61084648
61126550
61168450
61210348
61252244
61294138
61336030
61377920
61419808
61461694
61503578
61545460
61587340
61629218
61671094
61712968
61754840
61796710
61838578
61880444
61922308
61964170
62006030
62047888
62089744
62131598
62173450
62215300
62257148
62298994
62340838
62382680
62424520
62466358
62508194
62550028
62591860
62633690
62675518
62717344
62759168
62800990
62842810
62884628
62926444
62968258
63010070
63051880
63093688
63135494
63177298
63219100
63260900
63302698
63344494
63386288
63428080
63469870
63511658
63553444
63595228
63637010
63678790
63720568
63762344
63804118
63845890
63887660
63929428
63971194
64012958
64054720
64096480
64138238
64179994
64221748
64263500
64305250
64346998
64388744
64430488
64472230
64513970
64555708
64597444
64639178
64680910
64722640
64764368
64806094
64847818
64889540
64931260
64972978
65014694
65056408
65098120
65139830
65181538
65223244
65264948
65306650
65348350
65390048
65431744
65473438
65515130
65556820
65598508
65640194
65681878
65723560
65765240
65806918
65848594
65890268
65931940
65973610
66015278
66056944
66098608
66140270
66181930
66223588
66265244
66306898
66348550
66390200
66431848
66473494
66515138
66556780
66598420
66640058
66681694
66723328
66764960
66806590
66848218
66889844
66931468
66973090
67014710
67056328
67097944
67139558
67181170
67222780
67264388
67305994
67347598
67389200
67430800
67472398
67513994
67555588
67597180
67638770
67680358
67721944
67763528
67805110
67846690
67888268
67929844
67971418
68012990
68054560
68096128
68137694
68179258
68220820
68262380
68303938
68345494
68387048
68428600
68470150
68511698
68553244
68594788
68636330
68677870
68719408
68760944
68802478
68844010
68885540
68927068
68968594
69010118
69051640
69093160
69134678
69176194
69217708
69259220
69300730
69342238
69383744
69425248
69466750
69508250
69549748
69591244
69632738
69674230
69715720
69757208
69798694
69840178
69881660
69923140
69964618
70006094
70047568
70089040
70130510
70171978
70213444
70254908
70296370
70337830
70379288
70420744
70462198
70503650
70545100
70586548
70627994
70669438
70710880
70752320
70793758
70835194
70876628
70918060
70959490
71000918
71042344
71083768
71125190
71166610
71208028
71249444
71290858
71332270
71373680
71415088
71456494
71497898
71539300
71580700
71622098
71663494
71704888
71746280
71787670
71829058
71870444
71911828
71953210
71994590
72035968
72077344
72118718
72160090
72201460
72242828
72284194
72325558
72366920
72408280
72449638
72490994
72532348
72573700
72615050
72656398
72697744
72739088
72780430
72821770
72863108
72904444
72945778
72987110
73028440
73069768
73111094
73152418
73193740
73235060
73276378
73317694
73359008
73400320
73441630
73482938
73524244
73565548
73606850
73648150
73689448
73730744
73772038
73813330
73854620
73895908
73937194
73978478
74019760
74061040
74102318
74143594
74184868
74226140
74267410
74308678
74349944
74391208
74432470
74473730
74514988
74556244
74597498
74638750
74680000
74721248
74762494
74803738
74844980
74886220
74927458
74968694
75009928
75051160
75092390
75133618
75174844
75216068
75257290
75298510
75339728
75380944
75422158
75463370
75504580
75545788
75586994
75628198
75669400
75710600
75751798
75792994
75834188
75875380
75916570
75957758
75998944
76040128
76081310
76122490
76163668
76204844
76246018
76287190
76328360
76369528
76410694
76451858
76493020
76534180
76575338
76616494
76657648
76698800
76739950
76781098
76822244
76863388
76904530
76945670
76986808
77027944
77069078
77110210
77151340
77192468
77233594
77274718
77315840
77356960
77398078
77439194
77480308
77521420
77562530
77603638
77644744
77685848
77726950
77768050
77809148
77850244
77891338
77932430
77973520
78014608
78055694
78096778
78137860
78178940
78220018
78261094
78302168
78343240
78384310
78425378
78466444
78507508
78548570
78589630
78630688
78671744
78712798
78753850
78794900
78835948
78876994
78918038
78959080
79000120
79041158
79082194
79123228
79164260
79205290
79246318
79287344
79328368
79369390
79410410
79451428
79492444
79533458
79574470
79615480
79656488
79697494
79738498
79779500
79820500
79861498
79902494
79943488
79984480
80025470
80066458
80107444
80148428
80189410
80230390
80271368
80312344
80353318
80394290
80435260
80476228
80517194
80558158
80599120
80640080
80681038
80721994
80762948
80803900
80844850
80885798
80926744
80967688
81008630
81049570
81090508
81131444
81172378
81213310
81254240
81295168
81336094
81377018
81417940
81458860
81499778
81540694
81581608
81622520
81663430
81704338
81745244
81786148
81827050
81867950
81908848
81949744
81990638
82031530
82072420
82113308
82154194
82195078
82235960
82276840
82317718
82358594
82399468
82440340
82481210
82522078
82562944
82603808
82644670
82685530
82726388
82767244
82808098
82848950
82889800
82930648
82971494
83012338
83053180
83094020
83134858
83175694
83216528
83257360
83298190
83339018
83379844
83420668
83461490
83502310
83543128
83583944
83624758
83665570
83706380
83747188
83787994
83828798
83869600
83910400
83951198
83991994
84032788
84073580
84114370
84155158
84195944
84236728
84277510
84318290
84359068
84399844
84440618
84481390
84522160
84562928
84603694
84644458
84685220
84725980
84766738
84807494
84848248
84889000
84929750
84970498
85011244
85051988
85092730
85133470
85174208
85214944
85255678
85296410
85337140
85377868
85418594
85459318
85500040
85540760
85581478
85622194
85662908
85703620
85744330
85785038
85825744
85866448
85907150
85947850
85988548
86029244
86069938
86110630
86151320
86192008
86232694
86273378
86314060
86354740
86395418
86436094
86476768
86517440
86558110
86598778
86639444
86680108
86720770
86761430
86802088
86842744
86883398
86924050
86964700
87005348
87045994
87086638
87127280
87167920
87208558
87249194
87289828
87330460
87371090
87411718
87452344
87492968
87533590
87574210
87614828
87655444
87696058
87736670
87777280
87817888
87858494
87899098
87939700
87980300
88020898
88061494
88102088
88142680
88183270
88223858
88264444
88305028
88345610
88386190
88426768
88467344
88507918
88548490
88589060
88629628
88670194
88710758
88751320
88791880
88832438
88872994
88913548
88954100
88994650
89035198
89075744
89116288
89156830
89197370
89237908
89278444
89318978
89359510
89400040
89440568
89481094
89521618
89562140
89602660
89643178
89683694
89724208
89764720
89805230
89845738
89886244
89926748
89967250
90007750
90048248
90088744
90129238
90169730
90210220
90250708
90291194
90331678
90372160
90412640
90453118
90493594
90534068
90574540
90615010
90655478
90695944
90736408
90776870
90817330
90857788
90898244
90938698
90979150
91019600
91060048
91100494
91140938
91181380
91221820
91262258
91302694
91343128
91383560
91423990
91464418
91504844
91545268
91585690
91626110
91666528
91706944
91747358
91787770
91828180
91868588
91908994
91949398
91989800
92030200
92070598
92110994
92151388
92191780
92232170
92272558
92312944
92353328
92393710
92434090
92474468
92514844
92555218
92595590
92635960
92676328
92716694
92757058
92797420
92837780
92878138
92918494
92958848
92999200
93039550
93079898
93120244
93160588
93200930
93241270
93281608
93321944
93362278
93402610
93442940
93483268
93523594
93563918
93604240
93644560
93684878
93725194
93765508
93805820
93846130
93886438
93926744
93967048
94007350
94047650
94087948
94128244
94168538
94208830
94249120
94289408
94329694
94369978
94410260
94450540
94490818
94531094
94571368
94611640
94651910
94692178
94732444
94772708
94812970
94853230
94893488
94933744
94973998
95014250
95054500
95094748
95134994
95175238
95215480
95255720
95295958
95336194
95376428
95416660
95456890
95497118
95537344
95577568
95617790
95658010
95698228
95738444
95778658
95818870
95859080
95899288
95939494
95979698
96019900
96060100
96100298
96140494
96180688
96220880
96261070
96301258
96341444
96381628
96421810
96461990
96502168
96542344
96582518
96622690
96662860
96703028
96743194
96783358
96823520
96863680
96903838
96943994
96984148
97024300
97064450
97104598
97144744
97184888
97225030
97265170
97305308
97345444
97385578
97425710
97465840
97505968
97546094
97586218
97626340
97666460
97706578
97746694
97786808
97826920
97867030
97907138
97947244
97987348
98027450
98067550
98107648
98147744
98187838
98227930
98268020
98308108
98348194
98388278
98428360
98468440
98508518
98548594
98588668
98628740
98668810
98708878
98748944
98789008
98829070
98869130
98909188
98949244
98989298
99029350
99069400
99109448
99149494
99189538
99229580
99269620
99309658
99349694
99389728
99429760
99469790
99509818
99549844
99589868
99629890
99669910
99709928
99749944
99789958
99829970
99869980
99909988
99949994
99989998
100030000
100070000
100109998
100149994
100189988
100229980
100269970
100309958
100349944
100389928
100429910
100469890
100509868
100549844
100589818
100629790
100669760
100709728
100749694
100789658
100829620
100869580
100909538
100949494
100989448
101029400
101069350
101109298
101149244
101189188
101229130
101269070
101309008
101348944
101388878
101428810
101468740
101508668
101548594
101588518
101628440
101668360
101708278
101748194
101788108
101828020
101867930
101907838
101947744
101987648
102027550
102067450
102107348
102147244
102187138
102227030
102266920
102306808
102346694
102386578
102426460
102466340
102506218
102546094
102585968
102625840
102665710
102705578
102745444
102785308
102825170
102865030
102904888
102944744
102984598
103024450
103064300
103104148
103143994
103183838
103223680
103263520
103303358
103343194
103383028
103422860
103462690
103502518
103542344
103582168
103621990
103661810
103701628
103741444
103781258
103821070
103860880
103900688
103940494
103980298
104020100
104059900
104099698
104139494
104179288
104219080
104258870
104298658
104338444
104378228
104418010
104457790
104497568
104537344
104577118
104616890
104656660
104696428
104736194
104775958
104815720
104855480
104895238
104934994
104974748
105014500
105054250
105093998
105133744
105173488
105213230
105252970
105292708
105332444
105372178
105411910
105451640
105491368
105531094
105570818
105610540
105650260
105689978
105729694
105769408
105809120
105848830
105888538
105928244
105967948
106007650
106047350
106087048
106126744
106166438
106206130
106245820
106285508
106325194
106364878
106404560
106444240
106483918
106523594
106563268
106602940
106642610
106682278
106721944
106761608
106801270
106840930
106880588
106920244
106959898
106999550
107039200
107078848
107118494
107158138
107197780
107237420
107277058
107316694
107356328
107395960
107435590
107475218
107514844
107554468
107594090
107633710
107673328
107712944
107752558
107792170
107831780
107871388
107910994
107950598
107990200
108029800
108069398
108108994
108148588
108188180
108227770
108267358
108306944
108346528
108386110
108425690
108465268
108504844
108544418
108583990
108623560
108663128
108702694
108742258
108781820
108821380
108860938
108900494
108940048
108979600
109019150
109058698
109098244
109137788
109177330
109216870
109256408
109295944
109335478
109375010
109414540
109454068
109493594
109533118
109572640
109612160
109651678
109691194
109730708
109770220
109809730
109849238
109888744
109928248
109967750
110007250
110046748
110086244
110125738
110165230
110204720
110244208
110283694
110323178
110362660
110402140
110441618
110481094
110520568
110560040
110599510
110638978
110678444
110717908
110757370
110796830
110836288
110875744
110915198
110954650
110994100
111033548
111072994
111112438
111151880
111191320
111230758
111270194
111309628
111349060
111388490
111427918
111467344
111506768
111546190
111585610
111625028
111664444
111703858
111743270
111782680
111822088
111861494
111900898
111940300
111979700
112019098
112058494
112097888
112137280
112176670
112216058
112255444
112294828
112334210
112373590
112412968
112452344
112491718
112531090
112570460
112609828
112649194
112688558
112727920
112767280
112806638
112845994
112885348
112924700
112964050
113003398
113042744
113082088
113121430
113160770
113200108
113239444
113278778
113318110
113357440
113396768
113436094
113475418
113514740
113554060
113593378
113632694
113672008
113711320
113750630
113789938
113829244
113868548
113907850
113947150
113986448
114025744
114065038
114104330
114143620
114182908
114222194
114261478
114300760
114340040
114379318
114418594
114457868
114497140
114536410
114575678
114614944
114654208
114693470
114732730
114771988
114811244
114850498
114889750
114929000
114968248
115007494
115046738
115085980
115125220
115164458
115203694
115242928
115282160
115321390
115360618
115399844
115439068
115478290
115517510
115556728
115595944
115635158
115674370
115713580
115752788
115791994
115831198
115870400
115909600
115948798
115987994
116027188
116066380
116105570
116144758
116183944
116223128
116262310
116301490
116340668
116379844
116419018
116458190
116497360
116536528
116575694
116614858
116654020
116693180
116732338
116771494
116810648
116849800
116888950
116928098
116967244
117006388
117045530
117084670
117123808
117162944
117202078
117241210
117280340
117319468
117358594
117397718
117436840
117475960
117515078
117554194
117593308
117632420
117671530
117710638
117749744
117788848
117827950
117867050
117906148
117945244
117984338
118023430
118062520
118101608
118140694
118179778
118218860
118257940
118297018
118336094
118375168
118414240
118453310
118492378
118531444
118570508
118609570
118648630
118687688
118726744
118765798
118804850
118843900
118882948
118921994
118961038
119000080
119039120
119078158
119117194
119156228
119195260
119234290
119273318
119312344
119351368
119390390
119429410
119468428
119507444
119546458
119585470
119624480
119663488
119702494
119741498
119780500
119819500
119858498
119897494
119936488
119975480
120014470
120053458
120092444
120131428
120170410
120209390
120248368
120287344
120326318
120365290
120404260
120443228
120482194
120521158
120560120
120599080
120638038
120676994
120715948
120754900
120793850
120832798
120871744
120910688
120949630
120988570
121027508
121066444
121105378
121144310
121183240
121222168
121261094
121300018
121338940
121377860
121416778
121455694
121494608
121533520
121572430
121611338
121650244
121689148
121728050
121766950
121805848
121844744
121883638
121922530
121961420
122000308
122039194
122078078
122116960
122155840
122194718
122233594
122272468
122311340
122350210
122389078
122427944
122466808
122505670
122544530
122583388
122622244
122661098
122699950
122738800
122777648
122816494
122855338
122894180
122933020
122971858
123010694
123049528
123088360
123127190
123166018
123204844
123243668
123282490
123321310
123360128
123398944
123437758
123476570
123515380
123554188
123592994
123631798
123670600
123709400
123748198
123786994
123825788
123864580
123903370
123942158
123980944
124019728
124058510
124097290
124136068
124174844
124213618
124252390
124291160
124329928
124368694
124407458
124446220
124484980
124523738
124562494
124601248
124640000
124678750
124717498
124756244
124794988
124833730
124872470
124911208
124949944
124988678
125027410
125066140
125104868
125143594
125182318
125221040
125259760
125298478
125337194
125375908
125414620
125453330
125492038
125530744
125569448
125608150
125646850
125685548
125724244
125762938
125801630
125840320
125879008
125917694
125956378
125995060
126033740
126072418
126111094
126149768
126188440
126227110
126265778
126304444
126343108
126381770
126420430
126459088
126497744
126536398
126575050
126613700
126652348
126690994
126729638
126768280
126806920
126845558
126884194
126922828
126961460
127000090
127038718
127077344
127115968
127154590
127193210
127231828
127270444
127309058
127347670
127386280
127424888
127463494
127502098
127540700
127579300
127617898
127656494
127695088
127733680
127772270
127810858
127849444
127888028
127926610
127965190
128003768
128042344
128080918
128119490
128158060
128196628
128235194
128273758
128312320
128350880
128389438
128427994
128466548
128505100
128543650
128582198
128620744
128659288
128697830
128736370
128774908
128813444
128851978
128890510
128929040
128967568
129006094
129044618
129083140
129121660
129160178
129198694
129237208
129275720
129314230
129352738
129391244
129429748
129468250
129506750
129545248
129583744
129622238
129660730
129699220
129737708
129776194
129814678
129853160
129891640
129930118
129968594
130007068
130045540
130084010
130122478
130160944
130199408
130237870
130276330
130314788
130353244
130391698
130430150
130468600
130507048
130545494
130583938
130622380
130660820
130699258
130737694
130776128
130814560
130852990
130891418
130929844
130968268
131006690
131045110
131083528
131121944
131160358
131198770
131237180
131275588
131313994
131352398
131390800
131429200
131467598
131505994
131544388
131582780
131621170
131659558
131697944
131736328
131774710
131813090
131851468
131889844
131928218
131966590
132004960
132043328
132081694
132120058
132158420
132196780
132235138
132273494
132311848
132350200
132388550
132426898
132465244
132503588
132541930
132580270
132618608
132656944
132695278
132733610
132771940
132810268
132848594
132886918
132925240
132963560
133001878
133040194
133078508
133116820
133155130
133193438
133231744
133270048
133308350
133346650
133384948
133423244
133461538
133499830
133538120
133576408
133614694
133652978
133691260
133729540
133767818
133806094
133844368
133882640
133920910
133959178
133997444
134035708
134073970
134112230
134150488
134188744
134226998
134265250
134303500
134341748
134379994
134418238
134456480
134494720
134532958
134571194
134609428
134647660
134685890
134724118
134762344
134800568
134838790
134877010
134915228
134953444
134991658
135029870
135068080
135106288
135144494
135182698
135220900
135259100
135297298
135335494
135373688
135411880
135450070
135488258
135526444
135564628
135602810
135640990
135679168
135717344
135755518
135793690
135831860
135870028
135908194
135946358
135984520
136022680
136060838
136098994
136137148
136175300
136213450
136251598
136289744
136327888
136366030
136404170
136442308
136480444
136518578
136556710
136594840
136632968
136671094
136709218
136747340
136785460
136823578
136861694
136899808
136937920
136976030
137014138
137052244
137090348
137128450
137166550
137204648
137242744
137280838
137318930
137357020
137395108
137433194
137471278
137509360
137547440
137585518
137623594
137661668
137699740
137737810
137775878
137813944
137852008
137890070
137928130
137966188
138004244
138042298
138080350
138118400
138156448
138194494
138232538
138270580
138308620
138346658
138384694
138422728
138460760
138498790
138536818
138574844
138612868
138650890
138688910
138726928
138764944
138802958
138840970
138878980
138916988
138954994
138992998
139031000
139069000
139106998
139144994
139182988
139220980
139258970
139296958
139334944
139372928
139410910
139448890
139486868
139524844
139562818
139600790
139638760
139676728
139714694
139752658
139790620
139828580
139866538
139904494
139942448
139980400
140018350
140056298
140094244
140132188
140170130
140208070
140246008
140283944
140321878
140359810
140397740
140435668
140473594
140511518
140549440
140587360
140625278
140663194
140701108
140739020
140776930
140814838
140852744
140890648
140928550
140966450
141004348
141042244
141080138
141118030
141155920
141193808
141231694
141269578
141307460
141345340
141383218
141421094
141458968
141496840
141534710
141572578
141610444
141648308
141686170
141724030
141761888
141799744
141837598
141875450
141913300
141951148
141988994
142026838
142064680
142102520
142140358
142178194
142216028
142253860
142291690
142329518
142367344
142405168
142442990
142480810
142518628
142556444
142594258
142632070
142669880
142707688
142745494
142783298
142821100
142858900
142896698
142934494
142972288
143010080
143047870
143085658
143123444
143161228
143199010
143236790
143274568
143312344
143350118
143387890
143425660
143463428
143501194
143538958
143576720
143614480
143652238
143689994
143727748
143765500
143803250
143840998
143878744
143916488
143954230
143991970
144029708
144067444
144105178
144142910
144180640
144218368
144256094
144293818
144331540
144369260
144406978
144444694
144482408
144520120
144557830
144595538
144633244
144670948
144708650
144746350
144784048
144821744
144859438
144897130
144934820
144972508
145010194
145047878
145085560
145123240
145160918
145198594
145236268
145273940
145311610
145349278
145386944
145424608
145462270
145499930
145537588
145575244
145612898
145650550
145688200
145725848
145763494
145801138
145838780
145876420
145914058
145951694
145989328
146026960
146064590
146102218
146139844
146177468
146215090
146252710
146290328
146327944
146365558
146403170
146440780
146478388
146515994
146553598
146591200
146628800
146666398
146703994
146741588
146779180
146816770
146854358
146891944
146929528
146967110
147004690
147042268
147079844
147117418
147154990
147192560
147230128
147267694
147305258
147342820
147380380
147417938
147455494
147493048
147530600
147568150
147605698
147643244
147680788
147718330
147755870
147793408
147830944
147868478
147906010
147943540
147981068
148018594
148056118
148093640
148131160
148168678
148206194
148243708
148281220
148318730
148356238
148393744
148431248
148468750
148506250
148543748
148581244
148618738
148656230
148693720
148731208
148768694
148806178
148843660
148881140
148918618
148956094
148993568
149031040
149068510
149105978
149143444
149180908
149218370
149255830
149293288
149330744
149368198
149405650
149443100
149480548
149517994
149555438
149592880
149630320
149667758
149705194
149742628
149780060
149817490
149854918
149892344
149929768
149967190
150004610
150042028
150079444
150116858
150154270
150191680
150229088
150266494
150303898
150341300
150378700
150416098
150453494
150490888
150528280
150565670
150603058
150640444
150677828
150715210
150752590
150789968
150827344
150864718
150902090
150939460
150976828
151014194
151051558
151088920
151126280
151163638
151200994
151238348
151275700
151313050
151350398
151387744
151425088
151462430
151499770
151537108
151574444
151611778
151649110
151686440
151723768
151761094
151798418
151835740
151873060
151910378
151947694
151985008
152022320
152059630
152096938
152134244
152171548
152208850
152246150
152283448
152320744
152358038
152395330
152432620
152469908
152507194
152544478
152581760
152619040
152656318
152693594
152730868
152768140
152805410
152842678
152879944
152917208
152954470
152991730
153028988
153066244
153103498
153140750
153178000
153215248
153252494
153289738
153326980
153364220
153401458
153438694
153475928
153513160
153550390
153587618
153624844
153662068
153699290
153736510
153773728
153810944
153848158
153885370
153922580
153959788
153996994
154034198
154071400
154108600
154145798
154182994
154220188
154257380
154294570
154331758
154368944
154406128
154443310
154480490
154517668
154554844
154592018
154629190
154666360
154703528
154740694
154777858
154815020
154852180
154889338
154926494
154963648
155000800
155037950
155075098
155112244
155149388
155186530
155223670
155260808
155297944
155335078
155372210
155409340
155446468
155483594
155520718
155557840
155594960
155632078
155669194
155706308
155743420
155780530
155817638
155854744
155891848
155928950
155966050
156003148
156040244
156077338
156114430
156151520
156188608
156225694
156262778
156299860
156336940
156374018
156411094
156448168
156485240
156522310
156559378
156596444
156633508
156670570
156707630
156744688
156781744
156818798
156855850
156892900
156929948
156966994
157004038
157041080
157078120
157115158
157152194
157189228
157226260
157263290
157300318
157337344
157374368
157411390
157448410
157485428
157522444
157559458
157596470
157633480
157670488
157707494
157744498
157781500
157818500
157855498
157892494
157929488
157966480
158003470
158040458
158077444
158114428
158151410
158188390
158225368
158262344
158299318
158336290
158373260
158410228
158447194
158484158
158521120
158558080
158595038
158631994
158668948
158705900
158742850
158779798
158816744
158853688
158890630
158927570
158964508
159001444
159038378
159075310
159112240
159149168
159186094
159223018
159259940
159296860
159333778
159370694
159407608
159444520
159481430
159518338
159555244
159592148
159629050
159665950
159702848
159739744
159776638
159813530
159850420
159887308
159924194
159961078
159997960
160034840
160071718
160108594
160145468
160182340
160219210
160256078
160292944
160329808
160366670
160403530
160440388
160477244
160514098
160550950
160587800
160624648
160661494
160698338
160735180
160772020
160808858
160845694
160882528
160919360
160956190
160993018
161029844
161066668
161103490
161140310
161177128
161213944
161250758
161287570
161324380
161361188
161397994
161434798
161471600
161508400
161545198
161581994
161618788
161655580
161692370
161729158
161765944
161802728
161839510
161876290
161913068
161949844
161986618
162023390
162060160
162096928
162133694
162170458
162207220
162243980
162280738
162317494
162354248
162391000
162427750
162464498
162501244
162537988
162574730
162611470
162648208
162684944
162721678
162758410
162795140
162831868
162868594
162905318
162942040
162978760
163015478
163052194
163088908
163125620
163162330
163199038
163235744
163272448
163309150
163345850
163382548
163419244
163455938
163492630
163529320
163566008
163602694
163639378
163676060
163712740
163749418
163786094
163822768
163859440
163896110
163932778
163969444
164006108
164042770
164079430
164116088
164152744
164189398
164226050
164262700
164299348
164335994
164372638
164409280
164445920
164482558
164519194
164555828
164592460
164629090
164665718
164702344
164738968
164775590
164812210
164848828
164885444
164922058
164958670
164995280
165031888
165068494
165105098
165141700
165178300
165214898
165251494
165288088
165324680
165361270
165397858
165434444
165471028
165507610
165544190
165580768
165617344
165653918
165690490
165727060
165763628
165800194
165836758
165873320
165909880
165946438
165982994
166019548
166056100
166092650
166129198
166165744
166202288
166238830
166275370
166311908
166348444
166384978
166421510
166458040
166494568
166531094
166567618
166604140
166640660
166677178
166713694
166750208
166786720
166823230
166859738
166896244
166932748
166969250
167005750
167042248
167078744
167115238
167151730
167188220
167224708
167261194
167297678
167334160
167370640
167407118
167443594
167480068
167516540
167553010
167589478
167625944
167662408
167698870
167735330
167771788
167808244
167844698
167881150
167917600
167954048
167990494
168026938
168063380
168099820
168136258
168172694
168209128
168245560
168281990
168318418
168354844
168391268
168427690
168464110
168500528
168536944
168573358
168609770
168646180
168682588
168718994
168755398
168791800
168828200
168864598
168900994
168937388
168973780
169010170
169046558
169082944
169119328
169155710
169192090
169228468
169264844
169301218
169337590
169373960
169410328
169446694
169483058
169519420
169555780
169592138
169628494
169664848
169701200
169737550
169773898
169810244
169846588
169882930
169919270
169955608
169991944
170028278
170064610
170100940
170137268
170173594
170209918
170246240
170282560
170318878
170355194
170391508
170427820
170464130
170500438
170536744
170573048
170609350
170645650
170681948
170718244
170754538
170790830
170827120
170863408
170899694
170935978
170972260
171008540
171044818
171081094
171117368
171153640
171189910
171226178
171262444
171298708
171334970
171371230
171407488
171443744
171479998
171516250
171552500
171588748
171624994
171661238
171697480
171733720
171769958
171806194
171842428
171878660
171914890
171951118
171987344
172023568
172059790
172096010
172132228
172168444
172204658
172240870
172277080
172313288
172349494
172385698
172421900
172458100
172494298
172530494
172566688
172602880
172639070
172675258
172711444
172747628
172783810
172819990
172856168
172892344
172928518
172964690
173000860
173037028
173073194
173109358
173145520
173181680
173217838
173253994
173290148
173326300
173362450
173398598
173434744
173470888
173507030
173543170
173579308
173615444
173651578
173687710
173723840
173759968
173796094
173832218
173868340
173904460
173940578
173976694
174012808
174048920
174085030
174121138
174157244
174193348
174229450
174265550
174301648
174337744
174373838
174409930
174446020
174482108
174518194
174554278
174590360
174626440
174662518
174698594
174734668
174770740
174806810
174842878
174878944
174915008
174951070
174987130
175023188
175059244
175095298
175131350
175167400
175203448
175239494
175275538
175311580
175347620
175383658
175419694
175455728
175491760
175527790
175563818
175599844
175635868
175671890
175707910
175743928
175779944
175815958
175851970
175887980
175923988
175959994
175995998
176032000
176068000
176103998
176139994
176175988
176211980
176247970
176283958
176319944
176355928
176391910
176427890
176463868
176499844
176535818
176571790
176607760
176643728
176679694
176715658
176751620
176787580
176823538
176859494
176895448
176931400
176967350
177003298
177039244
177075188
177111130
177147070
177183008
177218944
177254878
177290810
177326740
177362668
177398594
177434518
177470440
177506360
177542278
177578194
177614108
177650020
177685930
177721838
177757744
177793648
177829550
177865450
177901348
177937244
177973138
178009030
178044920
178080808
178116694
178152578
178188460
178224340
178260218
178296094
178331968
178367840
178403710
178439578
178475444
178511308
178547170
178583030
178618888
178654744
178690598
178726450
178762300
178798148
178833994
178869838
178905680
178941520
178977358
179013194
179049028
179084860
179120690
179156518
179192344
179228168
179263990
179299810
179335628
179371444
179407258
179443070
179478880
179514688
179550494
179586298
179622100
179657900
179693698
179729494
179765288
179801080
179836870
179872658
179908444
179944228
179980010
180015790
180051568
180087344
180123118
180158890
180194660
180230428
180266194
180301958
180337720
180373480
180409238
180444994
180480748
180516500
180552250
180587998
180623744
180659488
180695230
180730970
180766708
180802444
180838178
180873910
180909640
180945368
180981094
181016818
181052540
181088260
181123978
181159694
181195408
181231120
181266830
181302538
181338244
181373948
181409650
181445350
181481048
181516744
181552438
181588130
181623820
181659508
181695194
181730878
181766560
181802240
181837918
181873594
181909268
181944940
181980610
182016278
182051944
182087608
182123270
182158930
182194588
182230244
182265898
182301550
182337200
182372848
182408494
182444138
182479780
182515420
182551058
182586694
182622328
182657960
182693590
182729218
182764844
182800468
182836090
182871710
182907328
182942944
182978558
183014170
183049780
183085388
183120994
183156598
183192200
183227800
183263398
183298994
183334588
183370180
183405770
183441358
183476944
183512528
183548110
183583690
183619268
183654844
183690418
183725990
183761560
183797128
183832694
183868258
183903820
183939380
183974938
184010494
184046048
184081600
184117150
184152698
184188244
184223788
184259330
184294870
184330408
184365944
184401478
184437010
184472540
184508068
184543594
184579118
184614640
184650160
184685678
184721194
184756708
184792220
184827730
184863238
184898744
184934248
184969750
185005250
185040748
185076244
185111738
185147230
185182720
185218208
185253694
185289178
185324660
185360140
185395618
185431094
185466568
185502040
185537510
185572978
185608444
185643908
185679370
185714830
185750288
185785744
185821198
185856650
185892100
185927548
185962994
185998438
186033880
186069320
186104758
186140194
186175628
186211060
186246490
186281918
186317344
186352768
186388190
186423610
186459028
186494444
186529858
186565270
186600680
186636088
186671494
186706898
186742300
186777700
186813098
186848494
186883888
186919280
186954670
186990058
187025444
187060828
187096210
187131590
187166968
187202344
187237718
187273090
187308460
187343828
187379194
187414558
187449920
187485280
187520638
187555994
187591348
187626700
187662050
187697398
187732744
187768088
187803430
187838770
187874108
187909444
187944778
187980110
188015440
188050768
188086094
188121418
188156740
188192060
188227378
188262694
188298008
188333320
188368630
188403938
188439244
188474548
188509850
188545150
188580448
188615744
188651038
188686330
188721620
188756908
188792194
188827478
188862760
188898040
188933318
188968594
189003868
189039140
189074410
189109678
189144944
189180208
189215470
189250730
189285988
189321244
189356498
189391750
189427000
189462248
189497494
189532738
189567980
189603220
189638458
189673694
189708928
189744160
189779390
189814618
189849844
189885068
189920290
189955510
189990728
190025944
190061158
190096370
190131580
190166788
190201994
190237198
190272400
190307600
190342798
190377994
190413188
190448380
190483570
190518758
190553944
190589128
190624310
190659490
190694668
190729844
190765018
190800190
190835360
190870528
190905694
190940858
190976020
191011180
191046338
191081494
191116648
191151800
191186950
191222098
191257244
191292388
191327530
191362670
191397808
191432944
191468078
191503210
191538340
191573468
191608594
191643718
191678840
191713960
191749078
191784194
191819308
191854420
191889530
191924638
191959744
191994848
192029950
192065050
192100148
192135244
192170338
192205430
192240520
192275608
192310694
192345778
192380860
192415940
192451018
192486094
192521168
192556240
192591310
192626378
192661444
192696508
192731570
192766630
192801688
192836744
192871798
192906850
192941900
192976948
193011994
193047038
193082080
193117120
193152158
193187194
193222228
193257260
193292290
193327318
193362344
193397368
193432390
193467410
193502428
193537444
193572458
193607470
193642480
193677488
193712494
193747498
193782500
193817500
193852498
193887494
193922488
193957480
193992470
194027458
194062444
194097428
194132410
194167390
194202368
194237344
194272318
194307290
194342260
194377228
194412194
194447158
194482120
194517080
194552038
194586994
194621948
194656900
194691850
194726798
194761744
194796688
194831630
194866570
194901508
194936444
194971378
195006310
195041240
195076168
195111094
195146018
195180940
195215860
195250778
195285694
195320608
195355520
195390430
195425338
195460244
195495148
195530050
195564950
195599848
195634744
195669638
195704530
195739420
195774308
195809194
195844078
195878960
195913840
195948718
195983594
196018468
196053340
196088210
196123078
196157944
196192808
196227670
196262530
196297388
196332244
196367098
196401950
196436800
196471648
196506494
196541338
196576180
196611020
196645858
196680694
196715528
196750360
196785190
196820018
196854844
196889668
196924490
196959310
196994128
197028944
197063758
197098570
197133380
197168188
197202994
197237798
197272600
197307400
197342198
197376994
197411788
197446580
197481370
197516158
197550944
197585728
197620510
197655290
197690068
197724844
197759618
197794390
197829160
197863928
197898694
197933458
197968220
198002980
198037738
198072494
198107248
198142000
198176750
198211498
198246244
198280988
198315730
198350470
198385208
198419944
198454678
198489410
198524140
198558868
198593594
198628318
198663040
198697760
198732478
198767194
198801908
198836620
198871330
198906038
198940744
198975448
199010150
199044850
199079548
199114244
199148938
199183630
199218320
199253008
199287694
199322378
199357060
199391740
199426418
199461094
199495768
199530440
199565110
199599778
199634444
199669108
199703770
199738430
199773088
199807744
199842398
199877050
199911700
199946348
199980994
200015638
200050280
200084920
200119558
200154194
200188828
200223460
200258090
200292718
200327344
200361968
200396590
200431210
200465828
200500444
200535058
200569670
200604280
200638888
200673494
200708098
200742700
200777300
200811898
200846494
200881088
200915680
200950270
200984858
201019444
201054028
201088610
201123190
201157768
201192344
201226918
201261490
201296060
201330628
201365194
201399758
201434320
201468880
201503438
201537994
201572548
201607100
201641650
201676198
201710744
201745288
201779830
201814370
201848908
201883444
201917978
201952510
201987040
202021568
202056094
202090618
202125140
202159660
202194178
202228694
202263208
202297720
202332230
202366738
202401244
202435748
202470250
202504750
202539248
202573744
202608238
202642730
202677220
202711708
202746194
202780678
202815160
202849640
202884118
202918594
202953068
202987540
203022010
203056478
203090944
203125408
203159870
203194330
203228788
203263244
203297698
203332150
203366600
203401048
203435494
203469938
203504380
203538820
203573258
203607694
203642128
203676560
203710990
203745418
203779844
203814268
203848690
203883110
203917528
203951944
203986358
204020770
204055180
204089588
204123994
204158398
204192800
204227200
204261598
204295994
204330388
204364780
204399170
204433558
204467944
204502328
204536710
204571090
204605468
204639844
204674218
204708590
204742960
204777328
204811694
204846058
204880420
204914780
204949138
204983494
205017848
205052200
205086550
205120898
205155244
205189588
205223930
205258270
205292608
205326944
205361278
205395610
205429940
205464268
205498594
205532918
205567240
205601560
205635878
205670194
205704508
205738820
205773130
205807438
205841744
205876048
205910350
205944650
205978948
206013244
206047538
206081830
206116120
206150408
206184694
206218978
206253260
206287540
206321818
206356094
206390368
206424640
206458910
206493178
206527444
206561708
206595970
206630230
206664488
206698744
206732998
206767250
206801500
206835748
206869994
206904238
206938480
206972720
207006958
207041194
207075428
207109660
207143890
207178118
207212344
207246568
207280790
207315010
207349228
207383444
207417658
207451870
207486080
207520288
207554494
207588698
207622900
207657100
207691298
207725494
207759688
207793880
207828070
207862258
207896444
207930628
207964810
207998990
208033168
208067344
208101518
208135690
208169860
208204028
208238194
208272358
208306520
208340680
208374838
208408994
208443148
208477300
208511450
208545598
208579744
208613888
208648030
208682170
208716308
208750444
208784578
208818710
208852840
208886968
208921094
208955218
208989340
209023460
209057578
209091694
209125808
209159920
209194030
209228138
209262244
209296348
209330450
209364550
209398648
209432744
209466838
209500930
209535020
209569108
209603194
209637278
209671360
209705440
209739518
209773594
209807668
209841740
209875810
209909878
209943944
209978008
210012070
210046130
210080188
210114244
210148298
210182350
210216400
210250448
210284494
210318538
210352580
210386620
210420658
210454694
210488728
210522760
210556790
210590818
210624844
210658868
210692890
210726910
210760928
210794944
210828958
210862970
210896980
210930988
210964994
210998998
211033000
211067000
211100998
211134994
211168988
211202980
211236970
211270958
211304944
211338928
211372910
211406890
211440868
211474844
211508818
211542790
211576760
211610728
211644694
211678658
211712620
211746580
211780538
211814494
211848448
211882400
211916350
211950298
211984244
212018188
212052130
212086070
212120008
212153944
212187878
212221810
212255740
212289668
212323594
212357518
212391440
212425360
212459278
212493194
212527108
212561020
212594930
212628838
212662744
212696648
212730550
212764450
212798348
212832244
212866138
212900030
212933920
212967808
213001694
213035578
213069460
213103340
213137218
213171094
213204968
213238840
213272710
213306578
213340444
213374308
213408170
213442030
213475888
213509744
213543598
213577450
213611300
213645148
213678994
213712838
213746680
213780520
213814358
213848194
213882028
213915860
213949690
213983518
214017344
214051168
214084990
214118810
214152628
214186444
214220258
214254070
214287880
214321688
214355494
214389298
214423100
214456900
214490698
214524494
214558288
214592080
214625870
214659658
214693444
214727228
214761010
214794790
214828568
214862344
214896118
214929890
214963660
214997428
215031194
215064958
215098720
215132480
215166238
215199994
215233748
215267500
215301250
215334998
215368744
215402488
215436230
215469970
215503708
215537444
215571178
215604910
215638640
215672368
215706094
215739818
215773540
215807260
215840978
215874694
215908408
215942120
215975830
216009538
216043244
216076948
216110650
216144350
216178048
216211744
216245438
216279130
216312820
216346508
216380194
216413878
216447560
216481240
216514918
216548594
216582268
216615940
216649610
216683278
216716944
216750608
216784270
216817930
216851588
216885244
216918898
216952550
216986200
217019848
217053494
217087138
217120780
217154420
217188058
217221694
217255328
217288960
217322590
217356218
217389844
217423468
217457090
217490710
217524328
217557944
217591558
217625170
217658780
217692388
217725994
217759598
217793200
217826800
217860398
217893994
217927588
217961180
217994770
218028358
218061944
218095528
218129110
218162690
218196268
218229844
218263418
218296990
218330560
218364128
218397694
218431258
218464820
218498380
218531938
218565494
218599048
218632600
218666150
218699698
218733244
218766788
218800330
218833870
218867408
218900944
218934478
218968010
219001540
219035068
219068594
219102118
219135640
219169160
219202678
219236194
219269708
219303220
219336730
219370238
219403744
219437248
219470750
219504250
219537748
219571244
219604738
219638230
219671720
219705208
219738694
219772178
219805660
219839140
219872618
219906094
219939568
219973040
220006510
220039978
220073444
220106908
220140370
220173830
220207288
220240744
220274198
220307650
220341100
220374548
220407994
220441438
220474880
220508320
220541758
220575194
220608628
220642060
220675490
220708918
220742344
220775768
220809190
220842610
220876028
220909444
220942858
220976270
221009680
221043088
221076494
221109898
221143300
221176700
221210098
221243494
221276888
221310280
221343670
221377058
221410444
221443828
221477210
221510590
221543968
221577344
221610718
221644090
221677460
221710828
221744194
221777558
221810920
221844280
221877638
221910994
221944348
221977700
222011050
222044398
222077744
222111088
222144430
222177770
222211108
222244444
222277778
222311110
222344440
222377768
222411094
222444418
222477740
222511060
222544378
222577694
222611008
222644320
222677630
222710938
222744244
222777548
222810850
222844150
222877448
222910744
222944038
222977330
223010620
223043908
223077194
223110478
223143760
223177040
223210318
223243594
223276868
223310140
223343410
223376678
223409944
223443208
223476470
223509730
223542988
223576244
223609498
223642750
223676000
223709248
223742494
223775738
223808980
223842220
223875458
223908694
223941928
223975160
224008390
224041618
224074844
224108068
224141290
224174510
224207728
224240944
224274158
224307370
224340580
224373788
224406994
224440198
224473400
224506600
224539798
224572994
224606188
224639380
224672570
224705758
224738944
224772128
224805310
224838490
224871668
224904844
224938018
224971190
225004360
225037528
225070694
225103858
225137020
225170180
225203338
225236494
225269648
225302800
225335950
225369098
225402244
225435388
225468530
225501670
225534808
225567944
225601078
225634210
225667340
225700468
225733594
225766718
225799840
225832960
225866078
225899194
225932308
225965420
225998530
226031638
226064744
226097848
226130950
226164050
226197148
226230244
226263338
226296430
226329520
226362608
226395694
226428778
226461860
226494940
226528018
226561094
226594168
226627240
226660310
226693378
226726444
226759508
226792570
226825630
226858688
226891744
226924798
226957850
226990900
227023948
227056994
227090038
227123080
227156120
227189158
227222194
227255228
227288260
227321290
227354318
227387344
227420368
227453390
227486410
227519428
227552444
227585458
227618470
227651480
227684488
227717494
227750498
227783500
227816500
227849498
227882494
227915488
227948480
227981470
228014458
228047444
228080428
228113410
228146390
228179368
228212344
228245318
228278290
228311260
228344228
228377194
228410158
228443120
228476080
228509038
228541994
228574948
228607900
228640850
228673798
228706744
228739688
228772630
228805570
228838508
228871444
228904378
228937310
228970240
229003168
229036094
229069018
229101940
229134860
229167778
229200694
229233608
229266520
229299430
229332338
229365244
229398148
229431050
229463950
229496848
229529744
229562638
229595530
229628420
229661308
229694194
229727078
229759960
229792840
229825718
229858594
229891468
229924340
229957210
229990078
230022944
230055808
230088670
230121530
230154388
230187244
230220098
230252950
230285800
230318648
230351494
230384338
230417180
230450020
230482858
230515694
230548528
230581360
230614190
230647018
230679844
230712668
230745490
230778310
230811128
230843944
230876758
230909570
230942380
230975188
231007994
231040798
231073600
231106400
231139198
231171994
231204788
231237580
231270370
231303158
231335944
231368728
231401510
231434290
231467068
231499844
231532618
231565390
231598160
231630928
231663694
231696458
231729220
231761980
231794738
231827494
231860248
231893000
231925750
231958498
231991244
232023988
232056730
232089470
232122208
232154944
232187678
232220410
232253140
232285868
232318594
232351318
232384040
232416760
232449478
232482194
232514908
232547620
232580330
232613038
232645744
232678448
232711150
232743850
232776548
232809244
232841938
232874630
232907320
232940008
232972694
233005378
233038060
233070740
233103418
233136094
233168768
233201440
233234110
233266778
233299444
233332108
233364770
233397430
233430088
233462744
233495398
233528050
233560700
233593348
233625994
233658638
233691280
233723920
233756558
233789194
233821828
233854460
233887090
233919718
233952344
233984968
234017590
234050210
234082828
234115444
234148058
234180670
234213280
234245888
234278494
234311098
234343700
234376300
234408898
234441494
234474088
234506680
234539270
234571858
234604444
234637028
234669610
234702190
234734768
234767344
234799918
234832490
234865060
234897628
234930194
234962758
234995320
235027880
235060438
235092994
235125548
235158100
235190650
235223198
235255744
235288288
235320830
235353370
235385908
235418444
235450978
235483510
235516040
235548568
235581094
235613618
235646140
235678660
235711178
235743694
235776208
235808720
235841230
235873738
235906244
235938748
235971250
236003750
236036248
236068744
236101238
236133730
236166220
236198708
236231194
236263678
236296160
236328640
236361118
236393594
236426068
236458540
236491010
236523478
236555944
236588408
236620870
236653330
236685788
236718244
236750698
236783150
236815600
236848048
236880494
236912938
236945380
236977820
237010258
237042694
237075128
237107560
237139990
237172418
237204844
237237268
237269690
237302110
237334528
237366944
237399358
237431770
237464180
237496588
237528994
237561398
237593800
237626200
237658598
237690994
237723388
237755780
237788170
237820558
237852944
237885328
237917710
237950090
237982468
238014844
238047218
238079590
238111960
238144328
238176694
238209058
238241420
238273780
238306138
238338494
238370848
238403200
238435550
238467898
238500244
238532588
238564930
238597270
238629608
238661944
238694278
238726610
238758940
238791268
238823594
238855918
238888240
238920560
238952878
238985194
239017508
239049820
239082130
239114438
239146744
239179048
239211350
239243650
239275948
239308244
239340538
239372830
239405120
239437408
239469694
239501978
239534260
239566540
239598818
239631094
239663368
239695640
239727910
239760178
239792444
239824708
239856970
239889230
239921488
239953744
239985998
240018250
240050500
240082748
240114994
240147238
240179480
240211720
240243958
240276194
240308428
240340660
240372890
240405118
240437344
240469568
240501790
240534010
240566228
240598444
240630658
240662870
240695080
240727288
240759494
240791698
240823900
240856100
240888298
240920494
240952688
240984880
241017070
241049258
241081444
241113628
241145810
241177990
241210168
241242344
241274518
241306690
241338860
241371028
241403194
241435358
241467520
241499680
241531838
241563994
241596148
241628300
241660450
241692598
241724744
241756888
241789030
241821170
241853308
241885444
241917578
241949710
241981840
242013968
242046094
242078218
242110340
242142460
242174578
242206694
242238808
242270920
242303030
242335138
242367244
242399348
242431450
242463550
242495648
242527744
242559838
242591930
242624020
242656108
242688194
242720278
242752360
242784440
242816518
242848594
242880668
242912740
242944810
242976878
243008944
243041008
243073070
243105130
243137188
243169244
243201298
243233350
243265400
243297448
243329494
243361538
243393580
243425620
243457658
243489694
243521728
243553760
243585790
243617818
243649844
243681868
243713890
243745910
243777928
243809944
243841958
243873970
243905980
243937988
243969994
244001998
244034000
244066000
244097998
244129994
244161988
244193980
244225970
244257958
244289944
244321928
244353910
244385890
244417868
244449844
244481818
244513790
244545760
244577728
244609694
244641658
244673620
244705580
244737538
244769494
244801448
244833400
244865350
244897298
244929244
244961188
244993130
245025070
245057008
245088944
245120878
245152810
245184740
245216668
245248594
245280518
245312440
245344360
245376278
245408194
245440108
245472020
245503930
245535838
245567744
245599648
245631550
245663450
245695348
245727244
245759138
245791030
245822920
245854808
245886694
245918578
245950460
245982340
246014218
246046094
246077968
246109840
246141710
246173578
246205444
246237308
246269170
246301030
246332888
246364744
246396598
246428450
246460300
246492148
246523994
246555838
246587680
246619520
246651358
246683194
246715028
246746860
246778690
246810518
246842344
246874168
246905990
246937810
246969628
247001444
247033258
247065070
247096880
247128688
247160494
247192298
247224100
247255900
247287698
247319494
247351288
247383080
247414870
247446658
247478444
247510228
247542010
247573790
247605568
247637344
247669118
247700890
247732660
247764428
247796194
247827958
247859720
247891480
247923238
247954994
247986748
248018500
248050250
248081998
248113744
248145488
248177230
248208970
248240708
248272444
248304178
248335910
248367640
248399368
248431094
248462818
248494540
248526260
248557978
248589694
248621408
248653120
248684830
248716538
248748244
248779948
248811650
248843350
248875048
248906744
248938438
248970130
249001820
249033508
249065194
249096878
249128560
249160240
249191918
249223594
249255268
249286940
249318610
249350278
249381944
249413608
249445270
249476930
249508588
249540244
249571898
249603550
249635200
249666848
249698494
249730138
249761780
249793420
249825058
249856694
249888328
249919960
249951590
249983218
250014844
250046468
250078090
250109710
250141328
250172944
250204558
250236170
250267780
250299388
250330994
250362598
250394200
250425800
250457398
250488994
250520588
250552180
250583770
250615358
250646944
250678528
250710110
250741690
250773268
250804844
250836418
250867990
250899560
250931128
250962694
250994258
251025820
251057380
251088938
251120494
251152048
251183600
251215150
251246698
251278244
251309788
251341330
251372870
251404408
251435944
251467478
251499010
251530540
251562068
251593594
251625118
251656640
251688160
251719678
251751194
251782708
251814220
251845730
251877238
251908744
251940248
251971750
252003250
252034748
252066244
252097738
252129230
252160720
252192208
252223694
252255178
252286660
252318140
252349618
252381094
252412568
252444040
252475510
252506978
252538444
252569908
252601370
252632830
252664288
252695744
252727198
252758650
252790100
252821548
252852994
252884438
252915880
252947320
252978758
253010194
253041628
253073060
253104490
253135918
253167344
253198768
253230190
253261610
253293028
253324444
253355858
253387270
253418680
253450088
253481494
253512898
253544300
253575700
253607098
253638494
253669888
253701280
253732670
253764058
253795444
253826828
253858210
253889590
253920968
253952344
253983718
254015090
254046460
254077828
254109194
254140558
254171920
254203280
254234638
254265994
254297348
254328700
254360050
254391398
254422744
254454088
254485430
254516770
254548108
254579444
254610778
254642110
254673440
254704768
254736094
254767418
254798740
254830060
254861378
254892694
254924008
254955320
254986630
255017938
255049244
255080548
255111850
255143150
255174448
255205744
255237038
255268330
255299620
255330908
255362194
255393478
255424760
255456040
255487318
255518594
255549868
255581140
255612410
255643678
255674944
255706208
255737470
255768730
255799988
255831244
255862498
255893750
255925000
255956248
255987494
256018738
256049980
256081220
256112458
256143694
256174928
256206160
256237390
256268618
256299844
256331068
256362290
256393510
256424728
256455944
256487158
256518370
256549580
256580788
256611994
256643198
256674400
256705600
256736798
256767994
256799188
256830380
256861570
256892758
256923944
256955128
256986310
257017490
257048668
257079844
257111018
257142190
257173360
257204528
257235694
257266858
257298020
257329180
257360338
257391494
257422648
257453800
257484950
257516098
257547244
257578388
257609530
257640670
257671808
257702944
257734078
257765210
257796340
257827468
257858594
257889718
257920840
257951960
257983078
258014194
258045308
258076420
258107530
258138638
258169744
258200848
258231950
258263050
258294148
258325244
258356338
258387430
258418520
258449608
258480694
258511778
258542860
258573940
258605018
258636094
258667168
258698240
258729310
258760378
258791444
258822508
258853570
258884630
258915688
258946744
258977798
259008850
259039900
259070948
259101994
259133038
259164080
259195120
259226158
259257194
259288228
259319260
259350290
259381318
259412344
259443368
259474390
259505410
259536428
259567444
259598458
259629470
259660480
259691488
259722494
259753498
259784500
259815500
259846498
259877494
259908488
259939480
259970470
260001458
260032444
260063428
260094410
260125390
260156368
260187344
260218318
260249290
260280260
260311228
260342194
260373158
260404120
260435080
260466038
260496994
260527948
260558900
260589850
260620798
260651744
260682688
260713630
260744570
260775508
260806444
260837378
260868310
260899240
260930168
260961094
260992018
261022940
261053860
261084778
261115694
261146608
261177520
261208430
261239338
261270244
261301148
261332050
261362950
261393848
261424744
261455638
261486530
261517420
261548308
261579194
261610078
261640960
261671840
261702718
261733594
261764468
261795340
261826210
261857078
261887944
261918808
261949670
261980530
262011388
262042244
262073098
262103950
262134800
262165648
262196494
262227338
262258180
262289020
262319858
262350694
262381528
262412360
262443190
262474018
262504844
262535668
262566490
262597310
262628128
262658944
262689758
262720570
262751380
262782188
262812994
262843798
262874600
262905400
262936198
262966994
262997788
263028580
263059370
263090158
263120944
263151728
263182510
263213290
263244068
263274844
263305618
263336390
263367160
263397928
263428694
263459458
263490220
263520980
263551738
263582494
263613248
263644000
263674750
263705498
263736244
263766988
263797730
263828470
263859208
263889944
263920678
263951410
263982140
264012868
264043594
264074318
264105040
264135760
264166478
264197194
264227908
264258620
264289330
264320038
264350744
264381448
264412150
264442850
264473548
264504244
264534938
264565630
264596320
264627008
264657694
264688378
264719060
264749740
264780418
264811094
264841768
264872440
264903110
264933778
264964444
264995108
265025770
265056430
265087088
265117744
265148398
265179050
265209700
265240348
265270994
265301638
265332280
265362920
265393558
265424194
265454828
265485460
265516090
265546718
265577344
265607968
265638590
265669210
265699828
265730444
265761058
265791670
265822280
265852888
265883494
265914098
265944700
265975300
266005898
266036494
266067088
266097680
266128270
266158858
266189444
266220028
266250610
266281190
266311768
266342344
266372918
266403490
266434060
266464628
266495194
266525758
266556320
266586880
266617438
266647994
266678548
266709100
266739650
266770198
266800744
266831288
266861830
266892370
266922908
266953444
266983978
267014510
267045040
267075568
267106094
267136618
267167140
267197660
267228178
267258694
267289208
267319720
267350230
267380738
267411244
267441748
267472250
267502750
267533248
267563744
267594238
267624730
267655220
267685708
267716194
267746678
267777160
267807640
267838118
267868594
267899068
267929540
267960010
267990478
268020944
268051408
268081870
268112330
268142788
268173244
268203698
268234150
268264600
268295048
268325494
268355938
268386380
268416820
268447258
268477694
268508128
268538560
268568990
268599418
268629844
268660268
268690690
268721110
268751528
268781944
268812358
268842770
268873180
268903588
268933994
268964398
268994800
269025200
269055598
269085994
269116388
269146780
269177170
269207558
269237944
269268328
269298710
269329090
269359468
269389844
269420218
269450590
269480960
269511328
269541694
269572058
269602420
269632780
269663138
269693494
269723848
269754200
269784550
269814898
269845244
269875588
269905930
269936270
269966608
269996944
270027278
270057610
270087940
270118268
270148594
270178918
270209240
270239560
270269878
270300194
270330508
270360820
270391130
270421438
270451744
270482048
270512350
270542650
270572948
270603244
270633538
270663830
270694120
270724408
270754694
270784978
270815260
270845540
270875818
270906094
270936368
270966640
270996910
271027178
271057444
271087708
271117970
271148230
271178488
271208744
271238998
271269250
271299500
271329748
271359994
271390238
271420480
271450720
271480958
271511194
271541428
271571660
271601890
271632118
271662344
271692568
271722790
271753010
271783228
271813444
271843658
271873870
271904080
271934288
271964494
271994698
272024900
272055100
272085298
272115494
272145688
272175880
272206070
272236258
272266444
272296628
272326810
272356990
272387168
272417344
272447518
272477690
272507860
272538028
272568194
272598358
272628520
272658680
272688838
272718994
272749148
272779300
272809450
272839598
272869744
272899888
272930030
272960170
272990308
273020444
273050578
273080710
273110840
273140968
273171094
273201218
273231340
273261460
273291578
273321694
273351808
273381920
273412030
273442138
273472244
273502348
273532450
273562550
273592648
273622744
273652838
273682930
273713020
273743108
273773194
273803278
273833360
273863440
273893518
273923594
273953668
273983740
274013810
274043878
274073944
274104008
274134070
274164130
274194188
274224244
274254298
274284350
274314400
274344448
274374494
274404538
274434580
274464620
274494658
274524694
274554728
274584760
274614790
274644818
274674844
274704868
274734890
274764910
274794928
274824944
274854958
274884970
274914980
274944988
274974994
275004998
275035000
275065000
275094998
275124994
275154988
275184980
275214970
275244958
275274944
275304928
275334910
275364890
275394868
275424844
275454818
275484790
275514760
275544728
275574694
275604658
275634620
275664580
275694538
275724494
275754448
275784400
275814350
275844298
275874244
275904188
275934130
275964070
275994008
276023944
276053878
276083810
276113740
276143668
276173594
276203518
276233440
276263360
276293278
276323194
276353108
276383020
276412930
276442838
276472744
276502648
276532550
276562450
276592348
276622244
276652138
276682030
276711920
276741808
276771694
276801578
276831460
276861340
276891218
276921094
276950968
276980840
277010710
277040578
277070444
277100308
277130170
277160030
277189888
277219744
277249598
277279450
277309300
277339148
277368994
277398838
277428680
277458520
277488358
277518194
277548028
277577860
277607690
277637518
277667344
277697168
277726990
277756810
277786628
277816444
277846258
277876070
277905880
277935688
277965494
277995298
278025100
278054900
278084698
278114494
278144288
278174080
278203870
278233658
278263444
278293228
278323010
278352790
278382568
278412344
278442118
278471890
278501660
278531428
278561194
278590958
278620720
278650480
278680238
278709994
278739748
278769500
278799250
278828998
278858744
278888488
278918230
278947970
278977708
279007444
279037178
279066910
279096640
279126368
279156094
279185818
279215540
279245260
279274978
279304694
279334408
279364120
279393830
279423538
279453244
279482948
279512650
279542350
279572048
279601744
279631438
279661130
279690820
279720508
279750194
279779878
279809560
279839240
279868918
279898594
279928268
279957940
279987610
280017278
280046944
280076608
280106270
280135930
280165588
280195244
280224898
280254550
280284200
280313848
280343494
280373138
280402780
280432420
280462058
280491694
280521328
280550960
280580590
280610218
280639844
280669468
280699090
280728710
280758328
280787944
280817558
280847170
280876780
280906388
280935994
280965598
280995200
281024800
281054398
281083994
281113588
281143180
281172770
281202358
281231944
281261528
281291110
281320690
281350268
281379844
281409418
281438990
281468560
281498128
281527694
281557258
281586820
281616380
281645938
281675494
281705048
281734600
281764150
281793698
281823244
281852788
281882330
281911870
281941408
281970944
282000478
282030010
282059540
282089068
282118594
282148118
282177640
282207160
282236678
282266194
282295708
282325220
282354730
282384238
282413744
282443248
282472750
282502250
282531748
282561244
282590738
282620230
282649720
282679208
282708694
282738178
282767660
282797140
282826618
282856094
282885568
282915040
282944510
282973978
283003444
283032908
283062370
283091830
283121288
283150744
283180198
283209650
283239100
283268548
283297994
283327438
283356880
283386320
283415758
283445194
283474628
283504060
283533490
283562918
283592344
283621768
283651190
283680610
283710028
283739444
283768858
283798270
283827680
283857088
283886494
283915898
283945300
283974700
284004098
284033494
284062888
284092280
284121670
284151058
284180444
284209828
284239210
284268590
284297968
284327344
284356718
284386090
284415460
284444828
284474194
284503558
284532920
284562280
284591638
284620994
284650348
284679700
284709050
284738398
284767744
284797088
284826430
284855770
284885108
284914444
284943778
284973110
285002440
285031768
285061094
285090418
285119740
285149060
285178378
285207694
285237008
285266320
285295630
285324938
285354244
285383548
285412850
285442150
285471448
285500744
285530038
285559330
285588620
285617908
285647194
285676478
285705760
285735040
285764318
285793594
285822868
285852140
285881410
285910678
285939944
285969208
285998470
286027730
286056988
286086244
286115498
286144750
286174000
286203248
286232494
286261738
286290980
286320220
286349458
286378694
286407928
286437160
286466390
286495618
286524844
286554068
286583290
286612510
286641728
286670944
286700158
286729370
286758580
286787788
286816994
286846198
286875400
286904600
286933798
286962994
286992188
287021380
287050570
287079758
287108944
287138128
287167310
287196490
287225668
287254844
287284018
287313190
287342360
287371528
287400694
287429858
287459020
287488180
287517338
287546494
287575648
287604800
287633950
287663098
287692244
287721388
287750530
287779670
287808808
287837944
287867078
287896210
287925340
287954468
287983594
288012718
288041840
288070960
288100078
288129194
288158308
288187420
288216530
288245638
288274744
288303848
288332950
288362050
288391148
288420244
288449338
288478430
288507520
288536608
288565694
288594778
288623860
288652940
288682018
288711094
288740168
288769240
288798310
288827378
288856444
288885508
288914570
288943630
288972688
289001744
289030798
289059850
289088900
289117948
289146994
289176038
289205080
289234120
289263158
289292194
289321228
289350260
289379290
289408318
289437344
289466368
289495390
289524410
289553428
289582444
289611458
289640470
289669480
289698488
289727494
289756498
289785500
289814500
289843498
289872494
289901488
289930480
289959470
289988458
290017444
290046428
290075410
290104390
290133368
290162344
290191318
290220290
290249260
290278228
290307194
290336158
290365120
290394080
290423038
290451994
290480948
290509900
290538850
290567798
290596744
290625688
290654630
290683570
290712508
290741444
290770378
290799310
290828240
290857168
290886094
290915018
290943940
290972860
291001778
291030694
291059608
291088520
291117430
291146338
291175244
291204148
291233050
291261950
291290848
291319744
291348638
291377530
291406420
291435308
291464194
291493078
291521960
291550840
291579718
291608594
291637468
291666340
291695210
291724078
291752944
291781808
291810670
291839530
291868388
291897244
291926098
291954950
291983800
292012648
292041494
292070338
292099180
292128020
292156858
292185694
292214528
292243360
292272190
292301018
292329844
292358668
292387490
292416310
292445128
292473944
292502758
292531570
292560380
292589188
292617994
292646798
292675600
292704400
292733198
292761994
292790788
292819580
292848370
292877158
292905944
292934728
292963510
292992290
293021068
293049844
293078618
293107390
293136160
293164928
293193694
293222458
293251220
293279980
293308738
293337494
293366248
293395000
293423750
293452498
293481244
293509988
293538730
293567470
293596208
293624944
293653678
293682410
293711140
293739868
293768594
293797318
293826040
293854760
293883478
293912194
293940908
293969620
293998330
294027038
294055744
294084448
294113150
294141850
294170548
294199244
294227938
294256630
294285320
294314008
294342694
294371378
294400060
294428740
294457418
294486094
294514768
294543440
294572110
294600778
294629444
294658108
294686770
294715430
294744088
294772744
294801398
294830050
294858700
294887348
294915994
294944638
294973280
295001920
295030558
295059194
295087828
295116460
295145090
295173718
295202344
295230968
295259590
295288210
295316828
295345444
295374058
295402670
295431280
295459888
295488494
295517098
295545700
295574300
295602898
295631494
295660088
295688680
295717270
295745858
295774444
295803028
295831610
295860190
295888768
295917344
295945918
295974490
296003060
296031628
296060194
296088758
296117320
296145880
296174438
296202994
296231548
296260100
296288650
296317198
296345744
296374288
296402830
296431370
296459908
296488444
296516978
296545510
296574040
296602568
296631094
296659618
296688140
296716660
296745178
296773694
296802208
296830720
296859230
296887738
296916244
296944748
296973250
297001750
297030248
297058744
297087238
297115730
297144220
297172708
297201194
297229678
297258160
297286640
297315118
297343594
297372068
297400540
297429010
297457478
297485944
297514408
297542870
297571330
297599788
297628244
297656698
297685150
297713600
297742048
297770494
297798938
297827380
297855820
297884258
297912694
297941128
297969560
297997990
298026418
298054844
298083268
298111690
298140110
298168528
298196944
298225358
298253770
298282180
298310588
298338994
298367398
298395800
298424200
298452598
298480994
298509388
298537780
298566170
298594558
298622944
298651328
298679710
298708090
298736468
298764844
298793218
298821590
298849960
298878328
298906694
298935058
298963420
298991780
299020138
299048494
299076848
299105200
299133550
299161898
299190244
299218588
299246930
299275270
299303608
299331944
299360278
299388610
299416940
299445268
299473594
299501918
299530240
299558560
299586878
299615194
299643508
299671820
299700130
299728438
299756744
299785048
299813350
299841650
299869948
299898244
299926538
299954830
299983120
300011408
300039694
300067978
300096260
300124540
300152818
300181094
300209368
300237640
300265910
300294178
300322444
300350708
300378970
300407230
300435488
300463744
300491998
300520250
300548500
300576748
300604994
300633238
300661480
300689720
300717958
300746194
300774428
300802660
300830890
300859118
300887344
300915568
300943790
300972010
301000228
301028444
301056658
301084870
301113080
301141288
301169494
301197698
301225900
301254100
301282298
301310494
301338688
301366880
301395070
301423258
301451444
301479628
301507810
301535990
301564168
301592344
301620518
301648690
301676860
301705028
301733194
301761358
301789520
301817680
301845838
301873994
301902148
301930300
301958450
301986598
302014744
302042888
302071030
302099170
302127308
302155444
302183578
302211710
302239840
302267968
302296094
302324218
302352340
302380460
302408578
302436694
302464808
302492920
302521030
302549138
302577244
302605348
302633450
302661550
302689648
302717744
302745838
302773930
302802020
302830108
302858194
302886278
302914360
302942440
302970518
302998594
303026668
303054740
303082810
303110878
303138944
303167008
303195070
303223130
303251188
303279244
303307298
303335350
303363400
303391448
303419494
303447538
303475580
303503620
303531658
303559694
303587728
303615760
303643790
303671818
303699844
303727868
303755890
303783910
303811928
303839944
303867958
303895970
303923980
303951988
303979994
304007998
304036000
304064000
304091998
304119994
304147988
304175980
304203970
304231958
304259944
304287928
304315910
304343890
304371868
304399844
304427818
304455790
304483760
304511728
304539694
304567658
304595620
304623580
304651538
304679494
304707448
304735400
304763350
304791298
304819244
304847188
304875130
304903070
304931008
304958944
304986878
305014810
305042740
305070668
305098594
305126518
305154440
305182360
305210278
305238194
305266108
305294020
305321930
305349838
305377744
305405648
305433550
305461450
305489348
305517244
305545138
305573030
305600920
305628808
305656694
305684578
305712460
305740340
305768218
305796094
305823968
305851840
305879710
305907578
305935444
305963308
305991170
306019030
306046888
306074744
306102598
306130450
306158300
306186148
306213994
306241838
306269680
306297520
306325358
306353194
306381028
306408860
306436690
306464518
306492344
306520168
306547990
306575810
306603628
306631444
306659258
306687070
306714880
306742688
306770494
306798298
306826100
306853900
306881698
306909494
306937288
306965080
306992870
307020658
307048444
307076228
307104010
307131790
307159568
307187344
307215118
307242890
307270660
307298428
307326194
307353958
307381720
307409480
307437238
307464994
307492748
307520500
307548250
307575998
307603744
307631488
307659230
307686970
307714708
307742444
307770178
307797910
307825640
307853368
307881094
307908818
307936540
307964260
307991978
308019694
308047408
308075120
308102830
308130538
308158244
308185948
308213650
308241350
308269048
308296744
308324438
308352130
308379820
308407508
308435194
308462878
308490560
308518240
308545918
308573594
308601268
308628940
308656610
308684278
308711944
308739608
308767270
308794930
308822588
308850244
308877898
308905550
308933200
308960848
308988494
309016138
309043780
309071420
309099058
309126694
309154328
309181960
309209590
309237218
309264844
309292468
309320090
309347710
309375328
309402944
309430558
309458170
309485780
309513388
309540994
309568598
309596200
309623800
309651398
309678994
309706588
309734180
309761770
309789358
309816944
309844528
309872110
309899690
309927268
309954844
309982418
310009990
310037560
310065128
310092694
310120258
310147820
310175380
310202938
310230494
310258048
310285600
310313150
310340698
310368244
310395788
310423330
310450870
310478408
310505944
310533478
310561010
310588540
310616068
310643594
310671118
310698640
310726160
310753678
310781194
310808708
310836220
310863730
310891238
310918744
310946248
310973750
311001250
311028748
311056244
311083738
311111230
311138720
311166208
311193694
311221178
311248660
311276140
311303618
311331094
311358568
311386040
311413510
311440978
311468444
311495908
311523370
311550830
311578288
311605744
311633198
311660650
311688100
311715548
311742994
311770438
311797880
311825320
311852758
311880194
311907628
311935060
311962490
311989918
312017344
312044768
312072190
312099610
312127028
312154444
312181858
312209270
312236680
312264088
312291494
312318898
312346300
312373700
312401098
312428494
312455888
312483280
312510670
312538058
312565444
312592828
312620210
312647590
312674968
312702344
312729718
312757090
312784460
312811828
312839194
312866558
312893920
312921280
312948638
312975994
313003348
313030700
313058050
313085398
313112744
313140088
313167430
313194770
313222108
313249444
313276778
313304110
313331440
313358768
313386094
313413418
313440740
313468060
313495378
313522694
313550008
313577320
313604630
313631938
313659244
313686548
313713850
313741150
313768448
313795744
313823038
313850330
313877620
313904908
313932194
313959478
313986760
314014040
314041318
314068594
314095868
314123140
314150410
314177678
314204944
314232208
314259470
314286730
314313988
314341244
314368498
314395750
314423000
314450248
314477494
314504738
314531980
314559220
314586458
314613694
314640928
314668160
314695390
314722618
314749844
314777068
314804290
314831510
314858728
314885944
314913158
314940370
314967580
314994788
315021994
315049198
315076400
315103600
315130798
315157994
315185188
315212380
315239570
315266758
315293944
315321128
315348310
315375490
315402668
315429844
315457018
315484190
315511360
315538528
315565694
315592858
315620020
315647180
315674338
315701494
315728648
315755800
315782950
315810098
315837244
315864388
315891530
315918670
315945808
315972944
316000078
316027210
316054340
316081468
316108594
316135718
316162840
316189960
316217078
316244194
316271308
316298420
316325530
316352638
316379744
316406848
316433950
316461050
316488148
316515244
316542338
316569430
316596520
316623608
316650694
316677778
316704860
316731940
316759018
316786094
316813168
316840240
316867310
316894378
316921444
316948508
316975570
317002630
317029688
317056744
317083798
317110850
317137900
317164948
317191994
317219038
317246080
317273120
317300158
317327194
317354228
317381260
317408290
317435318
317462344
317489368
317516390
317543410
317570428
317597444
317624458
317651470
317678480
317705488
317732494
317759498
317786500
317813500
317840498
317867494
317894488
317921480
317948470
317975458
318002444
318029428
318056410
318083390
318110368
318137344
318164318
318191290
318218260
318245228
318272194
318299158
318326120
318353080
318380038
318406994
318433948
318460900
318487850
318514798
318541744
318568688
318595630
318622570
318649508
318676444
318703378
318730310
318757240
318784168
318811094
318838018
318864940
318891860
318918778
318945694
318972608
318999520
319026430
319053338
319080244
319107148
319134050
319160950
319187848
319214744
319241638
319268530
319295420
319322308
319349194
319376078
319402960
319429840
319456718
319483594
319510468
319537340
319564210
319591078
319617944
319644808
319671670
319698530
319725388
319752244
319779098
319805950
319832800
319859648
319886494
319913338
319940180
319967020
319993858
320020694
320047528
320074360
320101190
320128018
320154844
320181668
320208490
320235310
320262128
320288944
320315758
320342570
320369380
320396188
320422994
320449798
320476600
320503400
320530198
320556994
320583788
320610580
320637370
320664158
320690944
320717728
320744510
320771290
320798068
320824844
320851618
320878390
320905160
320931928
320958694
320985458
321012220
321038980
321065738
321092494
321119248
321146000
321172750
321199498
321226244
321252988
321279730
321306470
321333208
321359944
321386678
321413410
321440140
321466868
321493594
321520318
321547040
321573760
321600478
321627194
321653908
321680620
321707330
321734038
321760744
321787448
321814150
321840850
321867548
321894244
321920938
321947630
321974320
322001008
322027694
322054378
322081060
322107740
322134418
322161094
322187768
322214440
322241110
322267778
322294444
322321108
322347770
322374430
322401088
322427744
322454398
322481050
322507700
322534348
322560994
322587638
322614280
322640920
322667558
322694194
322720828
322747460
322774090
322800718
322827344
322853968
322880590
322907210
322933828
322960444
322987058
323013670
323040280
323066888
323093494
323120098
323146700
323173300
323199898
323226494
323253088
323279680
323306270
323332858
323359444
323386028
323412610
323439190
323465768
323492344
323518918
323545490
323572060
323598628
323625194
323651758
323678320
323704880
323731438
323757994
323784548
323811100
323837650
323864198
323890744
323917288
323943830
323970370
323996908
324023444
324049978
324076510
324103040
324129568
324156094
324182618
324209140
324235660
324262178
324288694
324315208
324341720
324368230
324394738
324421244
324447748
324474250
324500750
324527248
324553744
324580238
324606730
324633220
324659708
324686194
324712678
324739160
324765640
324792118
324818594
324845068
324871540
324898010
324924478
324950944
324977408
325003870
325030330
325056788
325083244
325109698
325136150
325162600
325189048
325215494
325241938
325268380
325294820
325321258
325347694
325374128
325400560
325426990
325453418
325479844
325506268
325532690
325559110
325585528
325611944
325638358
325664770
325691180
325717588
325743994
325770398
325796800
325823200
325849598
325875994
325902388
325928780
325955170
325981558
326007944
326034328
326060710
326087090
326113468
326139844
326166218
326192590
326218960
326245328
326271694
326298058
326324420
326350780
326377138
326403494
326429848
326456200
326482550
326508898
326535244
326561588
326587930
326614270
326640608
326666944
326693278
326719610
326745940
326772268
326798594
326824918
326851240
326877560
326903878
326930194
326956508
326982820
327009130
327035438
327061744
327088048
327114350
327140650
327166948
327193244
327219538
327245830
327272120
327298408
327324694
327350978
327377260
327403540
327429818
327456094
327482368
327508640
327534910
327561178
327587444
327613708
327639970
327666230
327692488
327718744
327744998
327771250
327797500
327823748
327849994
327876238
327902480
327928720
327954958
327981194
328007428
328033660
328059890
328086118
328112344
328138568
328164790
328191010
328217228
328243444
328269658
328295870
328322080
328348288
328374494
328400698
328426900
328453100
328479298
328505494
328531688
328557880
328584070
328610258
328636444
328662628
328688810
328714990
328741168
328767344
328793518
328819690
328845860
328872028
328898194
328924358
328950520
328976680
329002838
329028994
329055148
329081300
329107450
329133598
329159744
329185888
329212030
329238170
329264308
329290444
329316578
329342710
329368840
329394968
329421094
329447218
329473340
329499460
329525578
329551694
329577808
329603920
329630030
329656138
329682244
329708348
329734450
329760550
329786648
329812744
329838838
329864930
329891020
329917108
329943194
329969278
329995360
330021440
330047518
330073594
330099668
330125740
330151810
330177878
330203944
330230008
330256070
330282130
330308188
330334244
330360298
330386350
330412400
330438448
330464494
330490538
330516580
330542620
330568658
330594694
330620728
330646760
330672790
330698818
330724844
330750868
330776890
330802910
330828928
330854944
330880958
330906970
330932980
330958988
330984994
331010998
331037000
331063000
331088998
331114994
331140988
331166980
331192970
331218958
331244944
331270928
331296910
331322890
331348868
331374844
331400818
331426790
331452760
331478728
331504694
331530658
331556620
331582580
331608538
331634494
331660448
331686400
331712350
331738298
331764244
331790188
331816130
331842070
331868008
331893944
331919878
331945810
331971740
331997668
332023594
332049518
332075440
332101360
332127278
332153194
332179108
332205020
332230930
332256838
332282744
332308648
332334550
332360450
332386348
332412244
332438138
332464030
332489920
332515808
332541694
332567578
332593460
332619340
332645218
332671094
332696968
332722840
332748710
332774578
332800444
332826308
332852170
332878030
332903888
332929744
332955598
332981450
333007300
333033148
333058994
333084838
333110680
333136520
333162358
333188194
333214028
333239860
333265690
333291518
333317344
333343168
333368990
333394810
333420628
333446444
333472258
333498070
333523880
333549688
333575494
333601298
333627100
333652900
333678698
333704494
333730288
333756080
333781870
333807658
333833444
333859228
333885010
333910790
333936568
333962344
333988118
334013890
334039660
334065428
334091194
334116958
334142720
334168480
334194238
334219994
334245748
334271500
334297250
334322998
334348744
334374488
334400230
334425970
334451708
334477444
334503178
334528910
334554640
334580368
334606094
334631818
334657540
334683260
334708978
334734694
334760408
334786120
334811830
334837538
334863244
334888948
334914650
334940350
334966048
334991744
335017438
335043130
335068820
335094508
335120194
335145878
335171560
335197240
335222918
335248594
335274268
335299940
335325610
335351278
335376944
335402608
335428270
335453930
335479588
335505244
335530898
335556550
335582200
335607848
335633494
335659138
335684780
335710420
335736058
335761694
335787328
335812960
335838590
335864218
335889844
335915468
335941090
335966710
335992328
336017944
336043558
336069170
336094780
336120388
336145994
336171598
336197200
336222800
336248398
336273994
336299588
336325180
336350770
336376358
336401944
336427528
336453110
336478690
336504268
336529844
336555418
336580990
336606560
336632128
336657694
336683258
336708820
336734380
336759938
336785494
336811048
336836600
336862150
336887698
336913244
336938788
336964330
336989870
337015408
337040944
337066478
337092010
337117540
337143068
337168594
337194118
337219640
337245160
337270678
337296194
337321708
337347220
337372730
337398238
337423744
337449248
337474750
337500250
337525748
337551244
337576738
337602230
337627720
337653208
337678694
337704178
337729660
337755140
337780618
337806094
337831568
337857040
337882510
337907978
337933444
337958908
337984370
338009830
338035288
338060744
338086198
338111650
338137100
338162548
338187994
338213438
338238880
338264320
338289758
338315194
338340628
338366060
338391490
338416918
338442344
338467768
338493190
338518610
338544028
338569444
338594858
338620270
338645680
338671088
338696494
338721898
338747300
338772700
338798098
338823494
338848888
338874280
338899670
338925058
338950444
338975828
339001210
339026590
339051968
339077344
339102718
339128090
339153460
339178828
339204194
339229558
339254920
339280280
339305638
339330994
339356348
339381700
339407050
339432398
339457744
339483088
339508430
339533770
339559108
339584444
339609778
339635110
339660440
339685768
339711094
339736418
339761740
339787060
339812378
339837694
339863008
339888320
339913630
339938938
339964244
339989548
340014850
340040150
340065448
340090744
340116038
340141330
340166620
340191908
340217194
340242478
340267760
340293040
340318318
340343594
340368868
340394140
340419410
340444678
340469944
340495208
340520470
340545730
340570988
340596244
340621498
340646750
340672000
340697248
340722494
340747738
340772980
340798220
340823458
340848694
340873928
340899160
340924390
340949618
340974844
341000068
341025290
341050510
341075728
341100944
341126158
341151370
341176580
341201788
341226994
341252198
341277400
341302600
341327798
341352994
341378188
341403380
341428570
341453758
341478944
341504128
341529310
341554490
341579668
341604844
341630018
341655190
341680360
341705528
341730694
341755858
341781020
341806180
341831338
341856494
341881648
341906800
341931950
341957098
341982244
342007388
342032530
342057670
342082808
342107944
342133078
342158210
342183340
342208468
342233594
342258718
342283840
342308960
342334078
342359194
342384308
342409420
342434530
342459638
342484744
342509848
342534950
342560050
342585148
342610244
342635338
342660430
342685520
342710608
342735694
342760778
342785860
342810940
342836018
342861094
342886168
342911240
342936310
342961378
342986444
343011508
343036570
343061630
343086688
343111744
343136798
343161850
343186900
343211948
343236994
343262038
343287080
343312120
343337158
343362194
343387228
343412260
343437290
343462318
343487344
343512368
343537390
343562410
343587428
343612444
343637458
343662470
343687480
343712488
343737494
343762498
343787500
343812500
343837498
343862494
343887488
343912480
343937470
343962458
343987444
344012428
344037410
344062390
344087368
344112344
344137318
344162290
344187260
344212228
344237194
344262158
344287120
344312080
344337038
344361994
344386948
344411900
344436850
344461798
344486744
344511688
344536630
344561570
344586508
344611444
344636378
344661310
344686240
344711168
344736094
344761018
344785940
344810860
344835778
344860694
344885608
344910520
344935430
344960338
344985244
345010148
345035050
345059950
345084848
345109744
345134638
345159530
345184420
345209308
345234194
345259078
345283960
345308840
345333718
345358594
345383468
345408340
345433210
345458078
345482944
345507808
345532670
345557530
345582388
345607244
345632098
345656950
345681800
345706648
345731494
345756338
345781180
345806020
345830858
345855694
345880528
345905360
345930190
345955018
345979844
346004668
346029490
346054310
346079128
346103944
346128758
346153570
346178380
346203188
346227994
346252798
346277600
346302400
346327198
346351994
346376788
346401580
346426370
346451158
346475944
346500728
346525510
346550290
346575068
346599844
346624618
346649390
346674160
346698928
346723694
346748458
346773220
346797980
346822738
346847494
346872248
346897000
346921750
346946498
346971244
346995988
347020730
347045470
347070208
347094944
347119678
347144410
347169140
347193868
347218594
347243318
347268040
347292760
347317478
347342194
347366908
347391620
347416330
347441038
347465744
347490448
347515150
347539850
347564548
347589244
347613938
347638630
347663320
347688008
347712694
347737378
347762060
347786740
347811418
347836094
347860768
347885440
347910110
347934778
347959444
347984108
348008770
348033430
348058088
348082744
348107398
348132050
348156700
348181348
348205994
348230638
348255280
348279920
348304558
348329194
348353828
348378460
348403090
348427718
348452344
348476968
348501590
348526210
348550828
348575444
348600058
348624670
348649280
348673888
348698494
348723098
348747700
348772300
348796898
348821494
348846088
348870680
348895270
348919858
348944444
348969028
348993610
349018190
349042768
349067344
349091918
349116490
349141060
349165628
349190194
349214758
349239320
349263880
349288438
349312994
349337548
349362100
349386650
349411198
349435744
349460288
349484830
349509370
349533908
349558444
349582978
349607510
349632040
349656568
349681094
349705618
349730140
349754660
349779178
349803694
349828208
349852720
349877230
349901738
349926244
349950748
349975250
349999750
350024248
350048744
350073238
350097730
350122220
350146708
350171194
350195678
350220160
350244640
350269118
350293594
350318068
350342540
350367010
350391478
350415944
350440408
350464870
350489330
350513788
350538244
350562698
350587150
350611600
350636048
350660494
350684938
350709380
350733820
350758258
350782694
350807128
350831560
350855990
350880418
350904844
350929268
350953690
350978110
351002528
351026944
351051358
351075770
351100180
351124588
351148994
351173398
351197800
351222200
351246598
351270994
351295388
351319780
351344170
351368558
351392944
351417328
351441710
351466090
351490468
351514844
351539218
351563590
351587960
351612328
351636694
351661058
351685420
351709780
351734138
351758494
351782848
351807200
351831550
351855898
351880244
351904588
351928930
351953270
351977608
352001944
352026278
352050610
352074940
352099268
352123594
352147918
352172240
352196560
352220878
352245194
352269508
352293820
352318130
352342438
352366744
352391048
352415350
352439650
352463948
352488244
352512538
352536830
352561120
352585408
352609694
352633978
352658260
352682540
352706818
352731094
352755368
352779640
352803910
352828178
352852444
352876708
352900970
352925230
352949488
352973744
352997998
353022250
353046500
353070748
353094994
353119238
353143480
353167720
353191958
353216194
353240428
353264660
353288890
353313118
353337344
353361568
353385790
353410010
353434228
353458444
353482658
353506870
353531080
353555288
353579494
353603698
353627900
353652100
353676298
353700494
353724688
353748880
353773070
353797258
353821444
353845628
353869810
353893990
353918168
353942344
353966518
353990690
354014860
354039028
354063194
354087358
354111520
354135680
354159838
354183994
354208148
354232300
354256450
354280598
354304744
354328888
354353030
354377170
354401308
354425444
354449578
354473710
354497840
354521968
354546094
354570218
354594340
354618460
354642578
354666694
354690808
354714920
354739030
354763138
354787244
354811348
354835450
354859550
354883648
354907744
354931838
354955930
354980020
355004108
355028194
355052278
355076360
355100440
355124518
355148594
355172668
355196740
355220810
355244878
355268944
355293008
355317070
355341130
355365188
355389244
355413298
355437350
355461400
355485448
355509494
355533538
355557580
355581620
355605658
355629694
355653728
355677760
355701790
355725818
355749844
355773868
355797890
355821910
355845928
355869944
355893958
355917970
355941980
355965988
355989994
356013998
356038000
356062000
356085998
356109994
356133988
356157980
356181970
356205958
356229944
356253928
356277910
356301890
356325868
356349844
356373818
356397790
356421760
356445728
356469694
356493658
356517620
356541580
356565538
356589494
356613448
356637400
356661350
356685298
356709244
356733188
356757130
356781070
356805008
356828944
356852878
356876810
356900740
356924668
356948594
356972518
356996440
357020360
357044278
357068194
357092108
357116020
357139930
357163838
357187744
357211648
357235550
357259450
357283348
357307244
357331138
357355030
357378920
357402808
357426694
357450578
357474460
357498340
357522218
357546094
357569968
357593840
357617710
357641578
357665444
357689308
357713170
357737030
357760888
357784744
357808598
357832450
357856300
357880148
357903994
357927838
357951680
357975520
357999358
358023194
358047028
358070860
358094690
358118518
358142344
358166168
358189990
358213810
358237628
358261444
358285258
358309070
358332880
358356688
358380494
358404298
358428100
358451900
358475698
358499494
358523288
358547080
358570870
358594658
358618444
358642228
358666010
358689790
358713568
358737344
358761118
358784890
358808660
358832428
358856194
358879958
358903720
358927480
358951238
358974994
358998748
359022500
359046250
359069998
359093744
359117488
359141230
359164970
359188708
359212444
359236178
359259910
359283640
359307368
359331094
359354818
359378540
359402260
359425978
359449694
359473408
359497120
359520830
359544538
359568244
359591948
359615650
359639350
359663048
359686744
359710438
359734130
359757820
359781508
359805194
359828878
359852560
359876240
359899918
359923594
359947268
359970940
359994610
360018278
360041944
360065608
360089270
360112930
360136588
360160244
360183898
360207550
360231200
360254848
360278494
360302138
360325780
360349420
360373058
360396694
360420328
360443960
360467590
360491218
360514844
360538468
360562090
360585710
360609328
360632944
360656558
360680170
360703780
360727388
360750994
360774598
360798200
360821800
360845398
360868994
360892588
360916180
360939770
360963358
360986944
361010528
361034110
361057690
361081268
361104844
361128418
361151990
361175560
361199128
361222694
361246258
361269820
361293380
361316938
361340494
361364048
361387600
361411150
361434698
361458244
361481788
361505330
361528870
361552408
361575944
361599478
361623010
361646540
361670068
361693594
361717118
361740640
361764160
361787678
361811194
361834708
361858220
361881730
361905238
361928744
361952248
361975750
361999250
362022748
362046244
362069738
362093230
362116720
362140208
362163694
362187178
362210660
362234140
362257618
362281094
362304568
362328040
362351510
362374978
362398444
362421908
362445370
362468830
362492288
362515744
362539198
362562650
362586100
362609548
362632994
362656438
362679880
362703320
362726758
362750194
362773628
362797060
362820490
362843918
362867344
362890768
362914190
362937610
362961028
362984444
363007858
363031270
363054680
363078088
363101494
363124898
363148300
363171700
363195098
363218494
363241888
363265280
363288670
363312058
363335444
363358828
363382210
363405590
363428968
363452344
363475718
363499090
363522460
363545828
363569194
363592558
363615920
363639280
363662638
363685994
363709348
363732700
363756050
363779398
363802744
363826088
363849430
363872770
363896108
363919444
363942778
363966110
363989440
364012768
364036094
364059418
364082740
364106060
364129378
364152694
364176008
364199320
364222630
364245938
364269244
364292548
364315850
364339150
364362448
364385744
364409038
364432330
364455620
364478908
364502194
364525478
364548760
364572040
364595318
364618594
364641868
364665140
364688410
364711678
364734944
364758208
364781470
364804730
364827988
364851244
364874498
364897750
364921000
364944248
364967494
364990738
365013980
365037220
365060458
365083694
365106928
365130160
365153390
365176618
365199844
365223068
365246290
365269510
365292728
365315944
365339158
365362370
365385580
365408788
365431994
365455198
365478400
365501600
365524798
365547994
365571188
365594380
365617570
365640758
365663944
365687128
365710310
365733490
365756668
365779844
365803018
365826190
365849360
365872528
365895694
365918858
365942020
365965180
365988338
366011494
366034648
366057800
366080950
366104098
366127244
366150388
366173530
366196670
366219808
366242944
366266078
366289210
366312340
366335468
366358594
366381718
366404840
366427960
366451078
366474194
366497308
366520420
366543530
366566638
366589744
366612848
366635950
366659050
366682148
366705244
366728338
366751430
366774520
366797608
366820694
366843778
366866860
366889940
366913018
366936094
366959168
366982240
367005310
367028378
367051444
367074508
367097570
367120630
367143688
367166744
367189798
367212850
367235900
367258948
367281994
367305038
367328080
367351120
367374158
367397194
367420228
367443260
367466290
367489318
367512344
367535368
367558390
367581410
367604428
367627444
367650458
367673470
367696480
367719488
367742494
367765498
367788500
367811500
367834498
367857494
367880488
367903480
367926470
367949458
367972444
367995428
368018410
368041390
368064368
368087344
368110318
368133290
368156260
368179228
368202194
368225158
368248120
368271080
368294038
368316994
368339948
368362900
368385850
368408798
368431744
368454688
368477630
368500570
368523508
368546444
368569378
368592310
368615240
368638168
368661094
368684018
368706940
368729860
368752778
368775694
368798608
368821520
368844430
368867338
368890244
368913148
368936050
368958950
368981848
369004744
369027638
369050530
369073420
369096308
369119194
369142078
369164960
369187840
369210718
369233594
369256468
369279340
369302210
369325078
369347944
369370808
369393670
369416530
369439388
369462244
369485098
369507950
369530800
369553648
369576494
369599338
369622180
369645020
369667858
369690694
369713528
369736360
369759190
369782018
369804844
369827668
369850490
369873310
369896128
369918944
369941758
369964570
369987380
370010188
370032994
370055798
370078600
370101400
370124198
370146994
370169788
370192580
370215370
370238158
370260944
370283728
370306510
370329290
370352068
370374844
370397618
370420390
370443160
370465928
370488694
370511458
370534220
370556980
370579738
370602494
370625248
370648000
370670750
370693498
370716244
370738988
370761730
370784470
370807208
370829944
370852678
370875410
370898140
370920868
370943594
370966318
370989040
371011760
371034478
371057194
371079908
371102620
371125330
371148038
371170744
371193448
371216150
371238850
371261548
371284244
371306938
371329630
371352320
371375008
371397694
371420378
371443060
371465740
371488418
371511094
371533768
371556440
371579110
371601778
371624444
371647108
371669770
371692430
371715088
371737744
371760398
371783050
371805700
371828348
371850994
371873638
371896280
371918920
371941558
371964194
371986828
372009460
372032090
372054718
372077344
372099968
372122590
372145210
372167828
372190444
372213058
372235670
372258280
372280888
372303494
372326098
372348700
372371300
372393898
372416494
372439088
372461680
372484270
372506858
372529444
372552028
372574610
372597190
372619768
372642344
372664918
372687490
372710060
372732628
372755194
372777758
372800320
372822880
372845438
372867994
372890548
372913100
372935650
372958198
372980744
373003288
373025830
373048370
373070908
373093444
373115978
373138510
373161040
373183568
373206094
373228618
373251140
373273660
373296178
373318694
373341208
373363720
373386230
373408738
373431244
373453748
373476250
373498750
373521248
373543744
373566238
373588730
373611220
373633708
373656194
373678678
373701160
373723640
373746118
373768594
373791068
373813540
373836010
373858478
373880944
373903408
373925870
373948330
373970788
373993244
374015698
374038150
374060600
374083048
374105494
374127938
374150380
374172820
374195258
374217694
374240128
374262560
374284990
374307418
374329844
374352268
374374690
374397110
374419528
374441944
374464358
374486770
374509180
374531588
374553994
374576398
374598800
374621200
374643598
374665994
374688388
374710780
374733170
374755558
374777944
374800328
374822710
374845090
374867468
374889844
374912218
374934590
374956960
374979328
375001694
375024058
375046420
375068780
375091138
375113494
375135848
375158200
375180550
375202898
375225244
375247588
375269930
375292270
375314608
375336944
375359278
375381610
375403940
375426268
375448594
375470918
375493240
375515560
375537878
375560194
375582508
375604820
375627130
375649438
375671744
375694048
375716350
375738650
375760948
375783244
375805538
375827830
375850120
375872408
375894694
375916978
375939260
375961540
375983818
376006094
376028368
376050640
376072910
376095178
376117444
376139708
376161970
376184230
376206488
376228744
376250998
376273250
376295500
376317748
376339994
376362238
376384480
376406720
376428958
376451194
376473428
376495660
376517890
376540118
376562344
376584568
376606790
376629010
376651228
376673444
376695658
376717870
376740080
376762288
376784494
376806698
376828900
376851100
376873298
376895494
376917688
376939880
376962070
376984258
377006444
377028628
377050810
377072990
377095168
377117344
377139518
377161690
377183860
377206028
377228194
377250358
377272520
377294680
377316838
377338994
377361148
377383300
377405450
377427598
377449744
377471888
377494030
377516170
377538308
377560444
377582578
377604710
377626840
377648968
377671094
377693218
377715340
377737460
377759578
377781694
377803808
377825920
377848030
377870138
377892244
377914348
377936450
377958550
377980648
378002744
378024838
378046930
378069020
378091108
378113194
378135278
378157360
378179440
378201518
378223594
378245668
378267740
378289810
378311878
378333944
378356008
378378070
378400130
378422188
378444244
378466298
378488350
378510400
378532448
378554494
378576538
378598580
378620620
378642658
378664694
378686728
378708760
378730790
378752818
378774844
378796868
378818890
378840910
378862928
378884944
378906958
378928970
378950980
378972988
378994994
379016998
379039000
379061000
379082998
379104994
379126988
379148980
379170970
379192958
379214944
379236928
379258910
379280890
379302868
379324844
379346818
379368790
379390760
379412728
379434694
379456658
379478620
379500580
379522538
379544494
379566448
379588400
379610350
379632298
379654244
379676188
379698130
379720070
379742008
379763944
379785878
379807810
379829740
379851668
379873594
379895518
379917440
379939360
379961278
379983194
380005108
380027020
380048930
380070838
380092744
380114648
380136550
380158450
380180348
380202244
380224138
380246030
380267920
380289808
380311694
380333578
380355460
380377340
380399218
380421094
380442968
380464840
380486710
380508578
380530444
380552308
380574170
380596030
380617888
380639744
380661598
380683450
380705300
380727148
380748994
380770838
380792680
380814520
380836358
380858194
380880028
380901860
380923690
380945518
380967344
380989168
381010990
381032810
381054628
381076444
381098258
381120070
381141880
381163688
381185494
381207298
381229100
381250900
381272698
381294494
381316288
381338080
381359870
381381658
381403444
381425228
381447010
381468790
381490568
381512344
381534118
381555890
381577660
381599428
381621194
381642958
381664720
381686480
381708238
381729994
381751748
381773500
381795250
381816998
381838744
381860488
381882230
381903970
381925708
381947444
381969178
381990910
382012640
382034368
382056094
382077818
382099540
382121260
382142978
382164694
382186408
382208120
382229830
382251538
382273244
382294948
382316650
382338350
382360048
382381744
382403438
382425130
382446820
382468508
382490194
382511878
382533560
382555240
382576918
382598594
382620268
382641940
382663610
382685278
382706944
382728608
382750270
382771930
382793588
382815244
382836898
382858550
382880200
382901848
382923494
382945138
382966780
382988420
383010058
383031694
383053328
383074960
383096590
383118218
383139844
383161468
383183090
383204710
383226328
383247944
383269558
383291170
383312780
383334388
383355994
383377598
383399200
383420800
383442398
383463994
383485588
383507180
383528770
383550358
383571944
383593528
383615110
383636690
383658268
383679844
383701418
383722990
383744560
383766128
383787694
383809258
383830820
383852380
383873938
383895494
383917048
383938600
383960150
383981698
384003244
384024788
384046330
384067870
384089408
384110944
384132478
384154010
384175540
384197068
384218594
384240118
384261640
384283160
384304678
384326194
384347708
384369220
384390730
384412238
384433744
384455248
384476750
384498250
384519748
384541244
384562738
384584230
384605720
384627208
384648694
384670178
384691660
384713140
384734618
384756094
384777568
384799040
384820510
384841978
384863444
384884908
384906370
384927830
384949288
384970744
384992198
385013650
385035100
385056548
385077994
385099438
385120880
385142320
385163758
385185194
385206628
385228060
385249490
385270918
385292344
385313768
385335190
385356610
385378028
385399444
385420858
385442270
385463680
385485088
385506494
385527898
385549300
385570700
385592098
385613494
385634888
385656280
385677670
385699058
385720444
385741828
385763210
385784590
385805968
385827344
385848718
385870090
385891460
385912828
385934194
385955558
385976920
385998280
386019638
386040994
386062348
386083700
386105050
386126398
386147744
386169088
386190430
386211770
386233108
386254444
386275778
386297110
386318440
386339768
386361094
386382418
386403740
386425060
386446378
386467694
386489008
386510320
386531630
386552938
386574244
386595548
386616850
386638150
386659448
386680744
386702038
386723330
386744620
386765908
386787194
386808478
386829760
386851040
386872318
386893594
386914868
386936140
386957410
386978678
386999944
387021208
387042470
387063730
387084988
387106244
387127498
387148750
387170000
387191248
387212494
387233738
387254980
387276220
387297458
387318694
387339928
387361160
387382390
387403618
387424844
387446068
387467290
387488510
387509728
387530944
387552158
387573370
387594580
387615788
387636994
387658198
387679400
387700600
387721798
387742994
387764188
387785380
387806570
387827758
387848944
387870128
387891310
387912490
387933668
387954844
387976018
387997190
388018360
388039528
388060694
388081858
388103020
388124180
388145338
388166494
388187648
388208800
388229950
388251098
388272244
388293388
388314530
388335670
388356808
388377944
388399078
388420210
388441340
388462468
388483594
388504718
388525840
388546960
388568078
388589194
388610308
388631420
388652530
388673638
388694744
388715848
388736950
388758050
388779148
388800244
388821338
388842430
388863520
388884608
388905694
388926778
388947860
388968940
388990018
389011094
389032168
389053240
389074310
389095378
389116444
389137508
389158570
389179630
389200688
389221744
389242798
389263850
389284900
389305948
389326994
389348038
389369080
389390120
389411158
389432194
389453228
389474260
389495290
389516318
389537344
389558368
389579390
389600410
389621428
389642444
389663458
389684470
389705480
389726488
389747494
389768498
389789500
389810500
389831498
389852494
389873488
389894480
389915470
389936458
389957444
389978428
389999410
390020390
390041368
390062344
390083318
390104290
390125260
390146228
390167194
390188158
390209120
390230080
390251038
390271994
390292948
390313900
390334850
390355798
390376744
390397688
390418630
390439570
390460508
390481444
390502378
390523310
390544240
390565168
390586094
390607018
390627940
390648860
390669778
390690694
390711608
390732520
390753430
390774338
390795244
390816148
390837050
390857950
390878848
390899744
390920638
390941530
390962420
390983308
391004194
391025078
391045960
391066840
391087718
391108594
391129468
391150340
391171210
391192078
391212944
391233808
391254670
391275530
391296388
391317244
391338098
391358950
391379800
391400648
391421494
391442338
391463180
391484020
391504858
391525694
391546528
391567360
391588190
391609018
391629844
391650668
391671490
391692310
391713128
391733944
391754758
391775570
391796380
391817188
391837994
391858798
391879600
391900400
391921198
391941994
391962788
391983580
392004370
392025158
392045944
392066728
392087510
392108290
392129068
392149844
392170618
392191390
392212160
392232928
392253694
392274458
392295220
392315980
392336738
392357494
392378248
392399000
392419750
392440498
392461244
392481988
392502730
392523470
392544208
392564944
392585678
392606410
392627140
392647868
392668594
392689318
392710040
392730760
392751478
392772194
392792908
392813620
392834330
392855038
392875744
392896448
392917150
392937850
392958548
392979244
392999938
393020630
393041320
393062008
393082694
393103378
393124060
393144740
393165418
393186094
393206768
393227440
393248110
393268778
393289444
393310108
393330770
393351430
393372088
393392744
393413398
393434050
393454700
393475348
393495994
393516638
393537280
393557920
393578558
393599194
393619828
393640460
393661090
393681718
393702344
393722968
393743590
393764210
393784828
393805444
393826058
393846670
393867280
393887888
393908494
393929098
393949700
393970300
393990898
394011494
394032088
394052680
394073270
394093858
394114444
394135028
394155610
394176190
394196768
394217344
394237918
394258490
394279060
394299628
394320194
394340758
394361320
394381880
394402438
394422994
394443548
394464100
394484650
394505198
394525744
394546288
394566830
394587370
394607908
394628444
394648978
394669510
394690040
394710568
394731094
394751618
394772140
394792660
394813178
394833694
394854208
394874720
394895230
394915738
394936244
394956748
394977250
394997750
395018248
395038744
395059238
395079730
395100220
395120708
395141194
395161678
395182160
395202640
395223118
395243594
395264068
395284540
395305010
395325478
395345944
395366408
395386870
395407330
395427788
395448244
395468698
395489150
395509600
395530048
395550494
395570938
395591380
395611820
395632258
395652694
395673128
395693560
395713990
395734418
395754844
395775268
395795690
395816110
395836528
395856944
395877358
395897770
395918180
395938588
395958994
395979398
395999800
396020200
396040598
396060994
396081388
396101780
396122170
396142558
396162944
396183328
396203710
396224090
396244468
396264844
396285218
396305590
396325960
396346328
396366694
396387058
396407420
396427780
396448138
396468494
396488848
396509200
396529550
396549898
396570244
396590588
396610930
396631270
396651608
396671944
396692278
396712610
396732940
396753268
396773594
396793918
396814240
396834560
396854878
396875194
396895508
396915820
396936130
396956438
396976744
396997048
397017350
397037650
397057948
397078244
397098538
397118830
397139120
397159408
397179694
397199978
397220260
397240540
397260818
397281094
397301368
397321640
397341910
397362178
397382444
397402708
397422970
397443230
397463488
397483744
397503998
397524250
397544500
397564748
397584994
397605238
397625480
397645720
397665958
397686194
397706428
397726660
397746890
397767118
397787344
397807568
397827790
397848010
397868228
397888444
397908658
397928870
397949080
397969288
397989494
398009698
398029900
398050100
398070298
398090494
398110688
398130880
398151070
398171258
398191444
398211628
398231810
398251990
398272168
398292344
398312518
398332690
398352860
398373028
398393194
398413358
398433520
398453680
398473838
398493994
398514148
398534300
398554450
398574598
398594744
398614888
398635030
398655170
398675308
398695444
398715578
398735710
398755840
398775968
398796094
398816218
398836340
398856460
398876578
398896694
398916808
398936920
398957030
398977138
398997244
399017348
399037450
399057550
399077648
399097744
399117838
399137930
399158020
399178108
399198194
399218278
399238360
399258440
399278518
399298594
399318668
399338740
399358810
399378878
399398944
399419008
399439070
399459130
399479188
399499244
399519298
399539350
399559400
399579448
399599494
399619538
399639580
399659620
399679658
399699694
399719728
399739760
399759790
399779818
399799844
399819868
399839890
399859910
399879928
399899944
399919958
399939970
399959980
399979988
399999994
400019998
400040000
400060000
400079998
400099994
400119988
400139980
400159970
400179958
400199944
400219928
400239910
400259890
400279868
400299844
400319818
400339790
400359760
400379728
400399694
400419658
400439620
400459580
400479538
400499494
400519448
400539400
400559350
400579298
400599244
400619188
400639130
400659070
400679008
400698944
400718878
400738810
400758740
400778668
400798594
400818518
400838440
400858360
400878278
400898194
400918108
400938020
400957930
400977838
400997744
401017648
401037550
401057450
401077348
401097244
401117138
401137030
401156920
401176808
401196694
401216578
401236460
401256340
401276218
401296094
401315968
401335840
401355710
401375578
401395444
401415308
401435170
401455030
401474888
401494744
401514598
401534450
401554300
401574148
401593994
401613838
401633680
401653520
401673358
401693194
401713028
401732860
401752690
401772518
401792344
401812168
401831990
401851810
401871628
401891444
401911258
401931070
401950880
401970688
401990494
402010298
402030100
402049900
402069698
402089494
402109288
402129080
402148870
402168658
402188444
402208228
402228010
402247790
402267568
402287344
402307118
402326890
402346660
402366428
402386194
402405958
402425720
402445480
402465238
402484994
402504748
402524500
402544250
402563998
402583744
402603488
402623230
402642970
402662708
402682444
402702178
402721910
402741640
402761368
402781094
402800818
402820540
402840260
402859978
402879694
402899408
402919120
402938830
402958538
402978244
402997948
403017650
403037350
403057048
403076744
403096438
403116130
403135820
403155508
403175194
403194878
403214560
403234240
403253918
403273594
403293268
403312940
403332610
403352278
403371944
403391608
403411270
403430930
403450588
403470244
403489898
403509550
403529200
403548848
403568494
403588138
403607780
403627420
403647058
403666694
403686328
403705960
403725590
403745218
403764844
403784468
403804090
403823710
403843328
403862944
403882558
403902170
403921780
403941388
403960994
403980598
404000200
404019800
404039398
404058994
404078588
404098180
404117770
404137358
404156944
404176528
404196110
404215690
404235268
404254844
404274418
404293990
404313560
404333128
404352694
404372258
404391820
404411380
404430938
404450494
404470048
404489600
404509150
404528698
404548244
404567788
404587330
404606870
404626408
404645944
404665478
404685010
404704540
404724068
404743594
404763118
404782640
404802160
404821678
404841194
404860708
404880220
404899730
404919238
404938744
404958248
404977750
404997250
405016748
405036244
405055738
405075230
405094720
405114208
405133694
405153178
405172660
405192140
405211618
405231094
405250568
405270040
405289510
405308978
405328444
405347908
405367370
405386830
405406288
405425744
405445198
405464650
405484100
405503548
405522994
405542438
405561880
405581320
405600758
405620194
405639628
405659060
405678490
405697918
405717344
405736768
405756190
405775610
405795028
405814444
405833858
405853270
405872680
405892088
405911494
405930898
405950300
405969700
405989098
406008494
406027888
406047280
406066670
406086058
406105444
406124828
406144210
406163590
406182968
406202344
406221718
406241090
406260460
406279828
406299194
406318558
406337920
406357280
406376638
406395994
406415348
406434700
406454050
406473398
406492744
406512088
406531430
406550770
406570108
406589444
406608778
406628110
406647440
406666768
406686094
406705418
406724740
406744060
406763378
406782694
406802008
406821320
406840630
406859938
406879244
406898548
406917850
406937150
406956448
406975744
406995038
407014330
407033620
407052908
407072194
407091478
407110760
407130040
407149318
407168594
407187868
407207140
407226410
407245678
407264944
407284208
407303470
407322730
407341988
407361244
407380498
407399750
407419000
407438248
407457494
407476738
407495980
407515220
407534458
407553694
407572928
407592160
407611390
407630618
407649844
407669068
407688290
407707510
407726728
407745944
407765158
407784370
407803580
407822788
407841994
407861198
407880400
407899600
407918798
407937994
407957188
407976380
407995570
408014758
408033944
408053128
408072310
408091490
408110668
408129844
408149018
408168190
408187360
408206528
408225694
408244858
408264020
408283180
408302338
408321494
408340648
408359800
408378950
408398098
408417244
408436388
408455530
408474670
408493808
408512944
408532078
408551210
408570340
408589468
408608594
408627718
408646840
408665960
408685078
408704194
408723308
408742420
408761530
408780638
408799744
408818848
408837950
408857050
408876148
408895244
408914338
408933430
408952520
408971608
408990694
409009778
409028860
409047940
409067018
409086094
409105168
409124240
409143310
409162378
409181444
409200508
409219570
409238630
409257688
409276744
409295798
409314850
409333900
409352948
409371994
409391038
409410080
409429120
409448158
409467194
409486228
409505260
409524290
409543318
409562344
409581368
409600390
409619410
409638428
409657444
409676458
409695470
409714480
409733488
409752494
409771498
409790500
409809500
409828498
409847494
409866488
409885480
409904470
409923458
409942444
409961428
409980410
409999390
410018368
410037344
410056318
410075290
410094260
410113228
410132194
410151158
410170120
410189080
410208038
410226994
410245948
410264900
410283850
410302798
410321744
410340688
410359630
410378570
410397508
410416444
410435378
410454310
410473240
410492168
410511094
410530018
410548940
410567860
410586778
410605694
410624608
410643520
410662430
410681338
410700244
410719148
410738050
410756950
410775848
410794744
410813638
410832530
410851420
410870308
410889194
410908078
410926960
410945840
410964718
410983594
411002468
411021340
411040210
411059078
411077944
411096808
411115670
411134530
411153388
411172244
411191098
411209950
411228800
411247648
411266494
411285338
411304180
411323020
411341858
411360694
411379528
411398360
411417190
411436018
411454844
411473668
411492490
411511310
411530128
411548944
411567758
411586570
411605380
411624188
411642994
411661798
411680600
411699400
411718198
411736994
411755788
411774580
411793370
411812158
411830944
411849728
411868510
411887290
411906068
411924844
411943618
411962390
411981160
411999928
412018694
412037458
412056220
412074980
412093738
412112494
412131248
412150000
412168750
412187498
412206244
412224988
412243730
412262470
412281208
412299944
412318678
412337410
412356140
412374868
412393594
412412318
412431040
412449760
412468478
412487194
412505908
412524620
412543330
412562038
412580744
412599448
412618150
412636850
412655548
412674244
412692938
412711630
412730320
412749008
412767694
412786378
412805060
412823740
412842418
412861094
412879768
412898440
412917110
412935778
412954444
412973108
412991770
413010430
413029088
413047744
413066398
413085050
413103700
413122348
413140994
413159638
413178280
413196920
413215558
413234194
413252828
413271460
413290090
413308718
413327344
413345968
413364590
413383210
413401828
413420444
413439058
413457670
413476280
413494888
413513494
413532098
413550700
413569300
413587898
413606494
413625088
413643680
413662270
413680858
413699444
413718028
413736610
413755190
413773768
413792344
413810918
413829490
413848060
413866628
413885194
413903758
413922320
413940880
413959438
413977994
413996548
414015100
414033650
414052198
414070744
414089288
414107830
414126370
414144908
414163444
414181978
414200510
414219040
414237568
414256094
414274618
414293140
414311660
414330178
414348694
414367208
414385720
414404230
414422738
414441244
414459748
414478250
414496750
414515248
414533744
414552238
414570730
414589220
414607708
414626194
414644678
414663160
414681640
414700118
414718594
414737068
414755540
414774010
414792478
414810944
414829408
414847870
414866330
414884788
414903244
414921698
414940150
414958600
414977048
414995494
415013938
415032380
415050820
415069258
415087694
415106128
415124560
415142990
415161418
415179844
415198268
415216690
415235110
415253528
415271944
415290358
415308770
415327180
415345588
415363994
415382398
415400800
415419200
415437598
415455994
415474388
415492780
415511170
415529558
415547944
415566328
415584710
415603090
415621468
415639844
415658218
415676590
415694960
415713328
415731694
415750058
415768420
415786780
415805138
415823494
415841848
415860200
415878550
415896898
415915244
415933588
415951930
415970270
415988608
416006944
416025278
416043610
416061940
416080268
416098594
416116918
416135240
416153560
416171878
416190194
416208508
416226820
416245130
416263438
416281744
416300048
416318350
416336650
416354948
416373244
416391538
416409830
416428120
416446408
416464694
416482978
416501260
416519540
416537818
416556094
416574368
416592640
416610910
416629178
416647444
416665708
416683970
416702230
416720488
416738744
416756998
416775250
416793500
416811748
416829994
416848238
416866480
416884720
416902958
416921194
416939428
416957660
416975890
416994118
417012344
417030568
417048790
417067010
417085228
417103444
417121658
417139870
417158080
417176288
417194494
417212698
417230900
417249100
417267298
417285494
417303688
417321880
417340070
417358258
417376444
417394628
417412810
417430990
417449168
417467344
417485518
417503690
417521860
417540028
417558194
417576358
417594520
417612680
417630838
417648994
417667148
417685300
417703450
417721598
417739744
417757888
417776030
417794170
417812308
417830444
417848578
417866710
417884840
417902968
417921094
417939218
417957340
417975460
417993578
418011694
418029808
418047920
418066030
418084138
418102244
418120348
418138450
418156550
418174648
418192744
418210838
418228930
418247020
418265108
418283194
418301278
418319360
418337440
418355518
418373594
418391668
418409740
418427810
418445878
418463944
418482008
418500070
418518130
418536188
418554244
418572298
418590350
418608400
418626448
418644494
418662538
418680580
418698620
418716658
418734694
418752728
418770760
418788790
418806818
418824844
418842868
418860890
418878910
418896928
418914944
418932958
418950970
418968980
418986988
419004994
419022998
419041000
419059000
419076998
419094994
419112988
419130980
419148970
419166958
419184944
419202928
419220910
419238890
419256868
419274844
419292818
419310790
419328760
419346728
419364694
419382658
419400620
419418580
419436538
419454494
419472448
419490400
419508350
419526298
419544244
419562188
419580130
419598070
419616008
419633944
419651878
419669810
419687740
419705668
419723594
419741518
419759440
419777360
419795278
419813194
419831108
419849020
419866930
419884838
419902744
419920648
419938550
419956450
419974348
419992244
420010138
420028030
420045920
420063808
420081694
420099578
420117460
420135340
420153218
420171094
420188968
420206840
420224710
420242578
420260444
420278308
420296170
420314030
420331888
420349744
420367598
420385450
420403300
420421148
420438994
420456838
420474680
420492520
420510358
420528194
420546028
420563860
420581690
420599518
420617344
420635168
420652990
420670810
420688628
420706444
420724258
420742070
420759880
420777688
420795494
420813298
420831100
420848900
420866698
420884494
420902288
420920080
420937870
420955658
420973444
420991228
421009010
421026790
421044568
421062344
421080118
421097890
421115660
421133428
421151194
421168958
421186720
421204480
421222238
421239994
421257748
421275500
421293250
421310998
421328744
421346488
421364230
421381970
421399708
421417444
421435178
421452910
421470640
421488368
421506094
421523818
421541540
421559260
421576978
421594694
421612408
421630120
421647830
421665538
421683244
421700948
421718650
421736350
421754048
421771744
421789438
421807130
421824820
421842508
421860194
421877878
421895560
421913240
421930918
421948594
421966268
421983940
422001610
422019278
422036944
422054608
422072270
422089930
422107588
422125244
422142898
422160550
422178200
422195848
422213494
422231138
422248780
422266420
422284058
422301694
422319328
422336960
422354590
422372218
422389844
422407468
422425090
422442710
422460328
422477944
422495558
422513170
422530780
422548388
422565994
422583598
422601200
422618800
422636398
422653994
422671588
422689180
422706770
422724358
422741944
422759528
422777110
422794690
422812268
422829844
422847418
422864990
422882560
422900128
422917694
422935258
422952820
422970380
422987938
423005494
423023048
423040600
423058150
423075698
423093244
423110788
423128330
423145870
423163408
423180944
423198478
423216010
423233540
423251068
423268594
423286118
423303640
423321160
423338678
423356194
423373708
423391220
423408730
423426238
423443744
423461248
423478750
423496250
423513748
423531244
423548738
423566230
423583720
423601208
423618694
423636178
423653660
423671140
423688618
423706094
423723568
423741040
423758510
423775978
423793444
423810908
423828370
423845830
423863288
423880744
423898198
423915650
423933100
423950548
423967994
423985438
424002880
424020320
424037758
424055194
424072628
424090060
424107490
424124918
424142344
424159768
424177190
424194610
424212028
424229444
424246858
424264270
424281680
424299088
424316494
424333898
424351300
424368700
424386098
424403494
424420888
424438280
424455670
424473058
424490444
424507828
424525210
424542590
424559968
424577344
424594718
424612090
424629460
424646828
424664194
424681558
424698920
424716280
424733638
424750994
424768348
424785700
424803050
424820398
424837744
424855088
424872430
424889770
424907108
424924444
424941778
424959110
424976440
424993768
425011094
425028418
425045740
425063060
425080378
425097694
425115008
425132320
425149630
425166938
425184244
425201548
425218850
425236150
425253448
425270744
425288038
425305330
425322620
425339908
425357194
425374478
425391760
425409040
425426318
425443594
425460868
425478140
425495410
425512678
425529944
425547208
425564470
425581730
425598988
425616244
425633498
425650750
425668000
425685248
425702494
425719738
425736980
425754220
425771458
425788694
425805928
425823160
425840390
425857618
425874844
425892068
425909290
425926510
425943728
425960944
425978158
425995370
426012580
426029788
426046994
426064198
426081400
426098600
426115798
426132994
426150188
426167380
426184570
426201758
426218944
426236128
426253310
426270490
426287668
426304844
426322018
426339190
426356360
426373528
426390694
426407858
426425020
426442180
426459338
426476494
426493648
426510800
426527950
426545098
426562244
426579388
426596530
426613670
426630808
426647944
426665078
426682210
426699340
426716468
426733594
426750718
426767840
426784960
426802078
426819194
426836308
426853420
426870530
426887638
426904744
426921848
426938950
426956050
426973148
426990244
427007338
427024430
427041520
427058608
427075694
427092778
427109860
427126940
427144018
427161094
427178168
427195240
427212310
427229378
427246444
427263508
427280570
427297630
427314688
427331744
427348798
427365850
427382900
427399948
427416994
427434038
427451080
427468120
427485158
427502194
427519228
427536260
427553290
427570318
427587344
427604368
427621390
427638410
427655428
427672444
427689458
427706470
427723480
427740488
427757494
427774498
427791500
427808500
427825498
427842494
427859488
427876480
427893470
427910458
427927444
427944428
427961410
427978390
427995368
428012344
428029318
428046290
428063260
428080228
428097194
428114158
428131120
428148080
428165038
428181994
428198948
428215900
428232850
428249798
428266744
428283688
428300630
428317570
428334508
428351444
428368378
428385310
428402240
428419168
428436094
428453018
428469940
428486860
428503778
428520694
428537608
428554520
428571430
428588338
428605244
428622148
428639050
428655950
428672848
428689744
428706638
428723530
428740420
428757308
428774194
428791078
428807960
428824840
428841718
428858594
428875468
428892340
428909210
428926078
428942944
428959808
428976670
428993530
429010388
429027244
429044098
429060950
429077800
429094648
429111494
429128338
429145180
429162020
429178858
429195694
429212528
429229360
429246190
429263018
429279844
429296668
429313490
429330310
429347128
429363944
429380758
429397570
429414380
429431188
429447994
429464798
429481600
429498400
429515198
429531994
429548788
429565580
429582370
429599158
429615944
429632728
429649510
429666290
429683068
429699844
429716618
429733390
429750160
429766928
429783694
429800458
429817220
429833980
429850738
429867494
429884248
429901000
429917750
429934498
429951244
429967988
429984730
430001470
430018208
430034944
430051678
430068410
430085140
430101868
430118594
430135318
430152040
430168760
430185478
430202194
430218908
430235620
430252330
430269038
430285744
430302448
430319150
430335850
430352548
430369244
430385938
430402630
430419320
430436008
430452694
430469378
430486060
430502740
430519418
430536094
430552768
430569440
430586110
430602778
430619444
430636108
430652770
430669430
430686088
430702744
430719398
430736050
430752700
430769348
430785994
430802638
430819280
430835920
430852558
430869194
430885828
430902460
430919090
430935718
430952344
430968968
430985590
431002210
431018828
431035444
431052058
431068670
431085280
431101888
431118494
431135098
431151700
431168300
431184898
431201494
431218088
431234680
431251270
431267858
431284444
431301028
431317610
431334190
431350768
431367344
431383918
431400490
431417060
431433628
431450194
431466758
431483320
431499880
431516438
431532994
431549548
431566100
431582650
431599198
431615744
431632288
431648830
431665370
431681908
431698444
431714978
431731510
431748040
431764568
431781094
431797618
431814140
431830660
431847178
431863694
431880208
431896720
431913230
431929738
431946244
431962748
431979250
431995750
432012248
432028744
432045238
432061730
432078220
432094708
432111194
432127678
432144160
432160640
432177118
432193594
432210068
432226540
432243010
432259478
432275944
432292408
432308870
432325330
432341788
432358244
432374698
432391150
432407600
432424048
432440494
432456938
432473380
432489820
432506258
432522694
432539128
432555560
432571990
432588418
432604844
432621268
432637690
432654110
432670528
432686944
432703358
432719770
432736180
432752588
432768994
432785398
432801800
432818200
432834598
432850994
432867388
432883780
432900170
432916558
432932944
432949328
432965710
432982090
432998468
433014844
433031218
433047590
433063960
433080328
433096694
433113058
433129420
433145780
433162138
433178494
433194848
433211200
433227550
433243898
433260244
433276588
433292930
433309270
433325608
433341944
433358278
433374610
433390940
433407268
433423594
433439918
433456240
433472560
433488878
433505194
433521508
433537820
433554130
433570438
433586744
433603048
433619350
433635650
433651948
433668244
433684538
433700830
433717120
433733408
433749694
433765978
433782260
433798540
433814818
433831094
433847368
433863640
433879910
433896178
433912444
433928708
433944970
433961230
433977488
433993744
434009998
434026250
434042500
434058748
434074994
434091238
434107480
434123720
434139958
434156194
434172428
434188660
434204890
434221118
434237344
434253568
434269790
434286010
434302228
434318444
434334658
434350870
434367080
434383288
434399494
434415698
434431900
434448100
434464298
434480494
434496688
434512880
434529070
434545258
434561444
434577628
434593810
434609990
434626168
434642344
434658518
434674690
434690860
434707028
434723194
434739358
434755520
434771680
434787838
434803994
434820148
434836300
434852450
434868598
434884744
434900888
434917030
434933170
434949308
434965444
434981578
434997710
435013840
435029968
435046094
435062218
435078340
435094460
435110578
435126694
435142808
435158920
435175030
435191138
435207244
435223348
435239450
435255550
435271648
435287744
435303838
435319930
435336020
435352108
435368194
435384278
435400360
435416440
435432518
435448594
435464668
435480740
435496810
435512878
435528944
435545008
435561070
435577130
435593188
435609244
435625298
435641350
435657400
435673448
435689494
435705538
435721580
435737620
435753658
435769694
435785728
435801760
435817790
435833818
435849844
435865868
435881890
435897910
435913928
435929944
435945958
435961970
435977980
435993988
436009994
436025998
436042000
436058000
436073998
436089994
436105988
436121980
436137970
436153958
436169944
436185928
436201910
436217890
436233868
436249844
436265818
436281790
436297760
436313728
436329694
436345658
436361620
436377580
436393538
436409494
436425448
436441400
436457350
436473298
436489244
436505188
436521130
436537070
436553008
436568944
436584878
436600810
436616740
436632668
436648594
436664518
436680440
436696360
436712278
436728194
436744108
436760020
436775930
436791838
436807744
436823648
436839550
436855450
436871348
436887244
436903138
436919030
436934920
436950808
436966694
436982578
436998460
437014340
437030218
437046094
437061968
437077840
437093710
437109578
437125444
437141308
437157170
437173030
437188888
437204744
437220598
437236450
437252300
437268148
437283994
437299838
437315680
437331520
437347358
437363194
437379028
437394860
437410690
437426518
437442344
437458168
437473990
437489810
437505628
437521444
437537258
437553070
437568880
437584688
437600494
437616298
437632100
437647900
437663698
437679494
437695288
437711080
437726870
437742658
437758444
437774228
437790010
437805790
437821568
437837344
437853118
437868890
437884660
437900428
437916194
437931958
437947720
437963480
437979238
437994994
438010748
438026500
438042250
438057998
438073744
438089488
438105230
438120970
438136708
438152444
438168178
438183910
438199640
438215368
438231094
438246818
438262540
438278260
438293978
438309694
438325408
438341120
438356830
438372538
438388244
438403948
438419650
438435350
438451048
438466744
438482438
438498130
438513820
438529508
438545194
438560878
438576560
438592240
438607918
438623594
438639268
438654940
438670610
438686278
438701944
438717608
438733270
438748930
438764588
438780244
438795898
438811550
438827200
438842848
438858494
438874138
438889780
438905420
438921058
438936694
438952328
438967960
438983590
438999218
439014844
439030468
439046090
439061710
439077328
439092944
439108558
439124170
439139780
439155388
439170994
439186598
439202200
439217800
439233398
439248994
439264588
439280180
439295770
439311358
439326944
439342528
439358110
439373690
439389268
439404844
439420418
439435990
439451560
439467128
439482694
439498258
439513820
439529380
439544938
439560494
439576048
439591600
439607150
439622698
439638244
439653788
439669330
439684870
439700408
439715944
439731478
439747010
439762540
439778068
439793594
439809118
439824640
439840160
439855678
439871194
439886708
439902220
439917730
439933238
439948744
439964248
439979750
439995250
440010748
440026244
440041738
440057230
440072720
440088208
440103694
440119178
440134660
440150140
440165618
440181094
440196568
440212040
440227510
440242978
440258444
440273908
440289370
440304830
440320288
440335744
440351198
440366650
440382100
440397548
440412994
440428438
440443880
440459320
440474758
440490194
440505628
440521060
440536490
440551918
440567344
440582768
440598190
440613610
440629028
440644444
440659858
440675270
440690680
440706088
440721494
440736898
440752300
440767700
440783098
440798494
440813888
440829280
440844670
440860058
440875444
440890828
440906210
440921590
440936968
440952344
440967718
440983090
440998460
441013828
441029194
441044558
441059920
441075280
441090638
441105994
441121348
441136700
441152050
441167398
441182744
441198088
441213430
441228770
441244108
441259444
441274778
441290110
441305440
441320768
441336094
441351418
441366740
441382060
441397378
441412694
441428008
441443320
441458630
441473938
441489244
441504548
441519850
441535150
441550448
441565744
441581038
441596330
441611620
441626908
441642194
441657478
441672760
441688040
441703318
441718594
441733868
441749140
441764410
441779678
441794944
441810208
441825470
441840730
441855988
441871244
441886498
441901750
441917000
441932248
441947494
441962738
441977980
441993220
442008458
442023694
442038928
442054160
442069390
442084618
442099844
442115068
442130290
442145510
442160728
442175944
442191158
442206370
442221580
442236788
442251994
442267198
442282400
442297600
442312798
442327994
442343188
442358380
442373570
442388758
442403944
442419128
442434310
442449490
442464668
442479844
442495018
442510190
442525360
442540528
442555694
442570858
442586020
442601180
442616338
442631494
442646648
442661800
442676950
442692098
442707244
442722388
442737530
442752670
442767808
442782944
442798078
442813210
442828340
442843468
442858594
442873718
442888840
442903960
442919078
442934194
442949308
442964420
442979530
442994638
443009744
443024848
443039950
443055050
443070148
443085244
443100338
443115430
443130520
443145608
443160694
443175778
443190860
443205940
443221018
443236094
443251168
443266240
443281310
443296378
443311444
443326508
443341570
443356630
443371688
443386744
443401798
443416850
443431900
443446948
443461994
443477038
443492080
443507120
443522158
443537194
443552228
443567260
443582290
443597318
443612344
443627368
443642390
443657410
443672428
443687444
443702458
443717470
443732480
443747488
443762494
443777498
443792500
443807500
443822498
443837494
443852488
443867480
443882470
443897458
443912444
443927428
443942410
443957390
443972368
443987344
444002318
444017290
444032260
444047228
444062194
444077158
444092120
444107080
444122038
444136994
444151948
444166900
444181850
444196798
444211744
444226688
444241630
444256570
444271508
444286444
444301378
444316310
444331240
444346168
444361094
444376018
444390940
444405860
444420778
444435694
444450608
444465520
444480430
444495338
444510244
444525148
444540050
444554950
444569848
444584744
444599638
444614530
444629420
444644308
444659194
444674078
444688960
444703840
444718718
444733594
444748468
444763340
444778210
444793078
444807944
444822808
444837670
444852530
444867388
444882244
444897098
444911950
444926800
444941648
444956494
444971338
444986180
445001020
445015858
445030694
445045528
445060360
445075190
445090018
445104844
445119668
445134490
445149310
445164128
445178944
445193758
445208570
445223380
445238188
445252994
445267798
445282600
445297400
445312198
445326994
445341788
445356580
445371370
445386158
445400944
445415728
445430510
445445290
445460068
445474844
445489618
445504390
445519160
445533928
445548694
445563458
445578220
445592980
445607738
445622494
445637248
445652000
445666750
445681498
445696244
445710988
445725730
445740470
445755208
445769944
445784678
445799410
445814140
445828868
445843594
445858318
445873040
445887760
445902478
445917194
445931908
445946620
445961330
445976038
445990744
446005448
446020150
446034850
446049548
446064244
446078938
446093630
446108320
446123008
446137694
446152378
446167060
446181740
446196418
446211094
446225768
446240440
446255110
446269778
446284444
446299108
446313770
446328430
446343088
446357744
446372398
446387050
446401700
446416348
446430994
446445638
446460280
446474920
446489558
446504194
446518828
446533460
446548090
446562718
446577344
446591968
446606590
446621210
446635828
446650444
446665058
446679670
446694280
446708888
446723494
446738098
446752700
446767300
446781898
446796494
446811088
446825680
446840270
446854858
446869444
446884028
446898610
446913190
446927768
446942344
446956918
446971490
446986060
447000628
447015194
447029758
447044320
447058880
447073438
447087994
447102548
447117100
447131650
447146198
447160744
447175288
447189830
447204370
447218908
447233444
447247978
447262510
447277040
447291568
447306094
447320618
447335140
447349660
447364178
447378694
447393208
447407720
447422230
447436738
447451244
447465748
447480250
447494750
447509248
447523744
447538238
447552730
447567220
447581708
447596194
447610678
447625160
447639640
447654118
447668594
447683068
447697540
447712010
447726478
447740944
447755408
447769870
447784330
447798788
447813244
447827698
447842150
447856600
447871048
447885494
447899938
447914380
447928820
447943258
447957694
447972128
447986560
448000990
448015418
448029844
448044268
448058690
448073110
448087528
448101944
448116358
448130770
448145180
448159588
448173994
448188398
448202800
448217200
448231598
448245994
448260388
448274780
448289170
448303558
448317944
448332328
448346710
448361090
448375468
448389844
448404218
448418590
448432960
448447328
448461694
448476058
448490420
448504780
448519138
448533494
448547848
448562200
448576550
448590898
448605244
448619588
448633930
448648270
448662608
448676944
448691278
448705610
448719940
448734268
448748594
448762918
448777240
448791560
448805878
448820194
448834508
448848820
448863130
448877438
448891744
448906048
448920350
448934650
448948948
448963244
448977538
448991830
449006120
449020408
449034694
449048978
449063260
449077540
449091818
449106094
449120368
449134640
449148910
449163178
449177444
449191708
449205970
449220230
449234488
449248744
449262998
449277250
449291500
449305748
449319994
449334238
449348480
449362720
449376958
449391194
449405428
449419660
449433890
449448118
449462344
449476568
449490790
449505010
449519228
449533444
449547658
449561870
449576080
449590288
449604494
449618698
449632900
449647100
449661298
449675494
449689688
449703880
449718070
449732258
449746444
449760628
449774810
449788990
449803168
449817344
449831518
449845690
449859860
449874028
449888194
449902358
449916520
449930680
449944838
449958994
449973148
449987300
450001450
450015598
450029744
450043888
450058030
450072170
450086308
450100444
450114578
450128710
450142840
450156968
450171094
450185218
450199340
450213460
450227578
450241694
450255808
450269920
450284030
450298138
450312244
450326348
450340450
450354550
450368648
450382744
450396838
450410930
450425020
450439108
450453194
450467278
450481360
450495440
450509518
450523594
450537668
450551740
450565810
450579878
450593944
450608008
450622070
450636130
450650188
450664244
450678298
450692350
450706400
450720448
450734494
450748538
450762580
450776620
450790658
450804694
450818728
450832760
450846790
450860818
450874844
450888868
450902890
450916910
450930928
450944944
450958958
450972970
450986980
451000988
451014994
451028998
451043000
451057000
451070998
451084994
451098988
451112980
451126970
451140958
451154944
451168928
451182910
451196890
451210868
451224844
451238818
451252790
451266760
451280728
451294694
451308658
451322620
451336580
451350538
451364494
451378448
451392400
451406350
451420298
451434244
451448188
451462130
451476070
451490008
451503944
451517878
451531810
451545740
451559668
451573594
451587518
451601440
451615360
451629278
451643194
451657108
451671020
451684930
451698838
451712744
451726648
451740550
451754450
451768348
451782244
451796138
451810030
451823920
451837808
451851694
451865578
451879460
451893340
451907218
451921094
451934968
451948840
451962710
451976578
451990444
452004308
452018170
452032030
452045888
452059744
452073598
452087450
452101300
452115148
452128994
452142838
452156680
452170520
452184358
452198194
452212028
452225860
452239690
452253518
452267344
452281168
452294990
452308810
452322628
452336444
452350258
452364070
452377880
452391688
452405494
452419298
452433100
452446900
452460698
452474494
452488288
452502080
452515870
452529658
452543444
452557228
452571010
452584790
452598568
452612344
452626118
452639890
452653660
452667428
452681194
452694958
452708720
452722480
452736238
452749994
452763748
452777500
452791250
452804998
452818744
452832488
452846230
452859970
452873708
452887444
452901178
452914910
452928640
452942368
452956094
452969818
452983540
452997260
453010978
453024694
453038408
453052120
453065830
453079538
453093244
453106948
453120650
453134350
453148048
453161744
453175438
453189130
453202820
453216508
453230194
453243878
453257560
453271240
453284918
453298594
453312268
453325940
453339610
453353278
453366944
453380608
453394270
453407930
453421588
453435244
453448898
453462550
453476200
453489848
453503494
453517138
453530780
453544420
453558058
453571694
453585328
453598960
453612590
453626218
453639844
453653468
453667090
453680710
453694328
453707944
453721558
453735170
453748780
453762388
453775994
453789598
453803200
453816800
453830398
453843994
453857588
453871180
453884770
453898358
453911944
453925528
453939110
453952690
453966268
453979844
453993418
454006990
454020560
454034128
454047694
454061258
454074820
454088380
454101938
454115494
454129048
454142600
454156150
454169698
454183244
454196788
454210330
454223870
454237408
454250944
454264478
454278010
454291540
454305068
454318594
454332118
454345640
454359160
454372678
454386194
454399708
454413220
454426730
454440238
454453744
454467248
454480750
454494250
454507748
454521244
454534738
454548230
454561720
454575208
454588694
454602178
454615660
454629140
454642618
454656094
454669568
454683040
454696510
454709978
454723444
454736908
454750370
454763830
454777288
454790744
454804198
454817650
454831100
454844548
454857994
454871438
454884880
454898320
454911758
454925194
454938628
454952060
454965490
454978918
454992344
455005768
455019190
455032610
455046028
455059444
455072858
455086270
455099680
455113088
455126494
455139898
455153300
455166700
455180098
455193494
455206888
455220280
455233670
455247058
455260444
455273828
455287210
455300590
455313968
455327344
455340718
455354090
455367460
455380828
455394194
455407558
455420920
455434280
455447638
455460994
455474348
455487700
455501050
455514398
455527744
455541088
455554430
455567770
455581108
455594444
455607778
455621110
455634440
455647768
455661094
455674418
455687740
455701060
455714378
455727694
455741008
455754320
455767630
455780938
455794244
455807548
455820850
455834150
455847448
455860744
455874038
455887330
455900620
455913908
455927194
455940478
455953760
455967040
455980318
455993594
456006868
456020140
456033410
456046678
456059944
456073208
456086470
456099730
456112988
456126244
456139498
456152750
456166000
456179248
456192494
456205738
456218980
456232220
456245458
456258694
456271928
456285160
456298390
456311618
456324844
456338068
456351290
456364510
456377728
456390944
456404158
456417370
456430580
456443788
456456994
456470198
456483400
456496600
456509798
456522994
456536188
456549380
456562570
456575758
456588944
456602128
456615310
456628490
456641668
456654844
456668018
456681190
456694360
456707528
456720694
456733858
456747020
456760180
456773338
456786494
456799648
456812800
456825950
456839098
456852244
456865388
456878530
456891670
456904808
456917944
456931078
456944210
456957340
456970468
456983594
456996718
457009840
457022960
457036078
457049194
457062308
457075420
457088530
457101638
457114744
457127848
457140950
457154050
457167148
457180244
457193338
457206430
457219520
457232608
457245694
457258778
457271860
457284940
457298018
457311094
457324168
457337240
457350310
457363378
457376444
457389508
457402570
457415630
457428688
457441744
457454798
457467850
457480900
457493948
457506994
457520038
457533080
457546120
457559158
457572194
457585228
457598260
457611290
457624318
457637344
457650368
457663390
457676410
457689428
457702444
457715458
457728470
457741480
457754488
457767494
457780498
457793500
457806500
457819498
457832494
457845488
457858480
457871470
457884458
457897444
457910428
457923410
457936390
457949368
457962344
457975318
457988290
458001260
458014228
458027194
458040158
458053120
458066080
458079038
458091994
458104948
458117900
458130850
458143798
458156744
458169688
458182630
458195570
458208508
458221444
458234378
458247310
458260240
458273168
458286094
458299018
458311940
458324860
458337778
458350694
458363608
458376520
458389430
458402338
458415244
458428148
458441050
458453950
458466848
458479744
458492638
458505530
458518420
458531308
458544194
458557078
458569960
458582840
458595718
458608594
458621468
458634340
458647210
458660078
458672944
458685808
458698670
458711530
458724388
458737244
458750098
458762950
458775800
458788648
458801494
458814338
458827180
458840020
458852858
458865694
458878528
458891360
458904190
458917018
458929844
458942668
458955490
458968310
458981128
458993944
459006758
459019570
459032380
459045188
459057994
459070798
459083600
459096400
459109198
459121994
459134788
459147580
459160370
459173158
459185944
459198728
459211510
459224290
459237068
459249844
459262618
459275390
459288160
459300928
459313694
459326458
459339220
459351980
459364738
459377494
459390248
459403000
459415750
459428498
459441244
459453988
459466730
459479470
459492208
459504944
459517678
459530410
459543140
459555868
459568594
459581318
459594040
459606760
459619478
459632194
459644908
459657620
459670330
459683038
459695744
459708448
459721150
459733850
459746548
459759244
459771938
459784630
459797320
459810008
459822694
459835378
459848060
459860740
459873418
459886094
459898768
459911440
459924110
459936778
459949444
459962108
459974770
459987430
460000088
460012744
460025398
460038050
460050700
460063348
460075994
460088638
460101280
460113920
460126558
460139194
460151828
460164460
460177090
460189718
460202344
460214968
460227590
460240210
460252828
460265444
460278058
460290670
460303280
460315888
460328494
460341098
460353700
460366300
460378898
460391494
460404088
460416680
460429270
460441858
460454444
460467028
460479610
460492190
460504768
460517344
460529918
460542490
460555060
460567628
460580194
460592758
460605320
460617880
460630438
460642994
460655548
460668100
460680650
460693198
460705744
460718288
460730830
460743370
460755908
460768444
460780978
460793510
460806040
460818568
460831094
460843618
460856140
460868660
460881178
460893694
460906208
460918720
460931230
460943738
460956244
460968748
460981250
460993750
461006248
461018744
461031238
461043730
461056220
461068708
461081194
461093678
461106160
461118640
461131118
461143594
461156068
461168540
461181010
461193478
461205944
461218408
461230870
461243330
461255788
461268244
461280698
461293150
461305600
461318048
461330494
461342938
461355380
461367820
461380258
461392694
461405128
461417560
461429990
461442418
461454844
461467268
461479690
461492110
461504528
461516944
461529358
461541770
461554180
461566588
461578994
461591398
461603800
461616200
461628598
461640994
461653388
461665780
461678170
461690558
461702944
461715328
461727710
461740090
461752468
461764844
461777218
461789590
461801960
461814328
461826694
461839058
461851420
461863780
461876138
461888494
461900848
461913200
461925550
461937898
461950244
461962588
461974930
461987270
461999608
462011944
462024278
462036610
462048940
462061268
462073594
462085918
462098240
462110560
462122878
462135194
462147508
462159820
462172130
462184438
462196744
462209048
462221350
462233650
462245948
462258244
462270538
462282830
462295120
462307408
462319694
462331978
462344260
462356540
462368818
462381094
462393368
462405640
462417910
462430178
462442444
462454708
462466970
462479230
462491488
462503744
462515998
462528250
462540500
462552748
462564994
462577238
462589480
462601720
462613958
462626194
462638428
462650660
462662890
462675118
462687344
462699568
462711790
462724010
462736228
462748444
462760658
462772870
462785080
462797288
462809494
462821698
462833900
462846100
462858298
462870494
462882688
462894880
462907070
462919258
462931444
462943628
462955810
462967990
462980168
462992344
463004518
463016690
463028860
463041028
463053194
463065358
463077520
463089680
463101838
463113994
463126148
463138300
463150450
463162598
463174744
463186888
463199030
463211170
463223308
463235444
463247578
463259710
463271840
463283968
463296094
463308218
463320340
463332460
463344578
463356694
463368808
463380920
463393030
463405138
463417244
463429348
463441450
463453550
463465648
463477744
463489838
463501930
463514020
463526108
463538194
463550278
463562360
463574440
463586518
463598594
463610668
463622740
463634810
463646878
463658944
463671008
463683070
463695130
463707188
463719244
463731298
463743350
463755400
463767448
463779494
463791538
463803580
463815620
463827658
463839694
463851728
463863760
463875790
463887818
463899844
463911868
463923890
463935910
463947928
463959944
463971958
463983970
463995980
464007988
464019994
464031998
464044000
464056000
464067998
464079994
464091988
464103980
464115970
464127958
464139944
464151928
464163910
464175890
464187868
464199844
464211818
464223790
464235760
464247728
464259694
464271658
464283620
464295580
464307538
464319494
464331448
464343400
464355350
464367298
464379244
464391188
464403130
464415070
464427008
464438944
464450878
464462810
464474740
464486668
464498594
464510518
464522440
464534360
464546278
464558194
464570108
464582020
464593930
464605838
464617744
464629648
464641550
464653450
464665348
464677244
464689138
464701030
464712920
464724808
464736694
464748578
464760460
464772340
464784218
464796094
464807968
464819840
464831710
464843578
464855444
464867308
464879170
464891030
464902888
464914744
464926598
464938450
464950300
464962148
464973994
464985838
464997680
465009520
465021358
465033194
465045028
465056860
465068690
465080518
465092344
465104168
465115990
465127810
465139628
465151444
465163258
465175070
465186880
465198688
465210494
465222298
465234100
465245900
465257698
465269494
465281288
465293080
465304870
465316658
465328444
465340228
465352010
465363790
465375568
465387344
465399118
465410890
465422660
465434428
465446194
465457958
465469720
465481480
465493238
465504994
465516748
465528500
465540250
465551998
465563744
465575488
465587230
465598970
465610708
465622444
465634178
465645910
465657640
465669368
465681094
465692818
465704540
465716260
465727978
465739694
465751408
465763120
465774830
465786538
465798244
465809948
465821650
465833350
465845048
465856744
465868438
465880130
465891820
465903508
465915194
465926878
465938560
465950240
465961918
465973594
465985268
465996940
466008610
466020278
466031944
466043608
466055270
466066930
466078588
466090244
466101898
466113550
466125200
466136848
466148494
466160138
466171780
466183420
466195058
466206694
466218328
466229960
466241590
466253218
466264844
466276468
466288090
466299710
466311328
466322944
466334558
466346170
466357780
466369388
466380994
466392598
466404200
466415800
466427398
466438994
466450588
466462180
466473770
466485358
466496944
466508528
466520110
466531690
466543268
466554844
466566418
466577990
466589560
466601128
466612694
466624258
466635820
466647380
466658938
466670494
466682048
466693600
466705150
466716698
466728244
466739788
466751330
466762870
466774408
466785944
466797478
466809010
466820540
466832068
466843594
466855118
466866640
466878160
466889678
466901194
466912708
466924220
466935730
466947238
466958744
466970248
466981750
466993250
467004748
467016244
467027738
467039230
467050720
467062208
467073694
467085178
467096660
467108140
467119618
467131094
467142568
467154040
467165510
467176978
467188444
467199908
467211370
467222830
467234288
467245744
467257198
467268650
467280100
467291548
467302994
467314438
467325880
467337320
467348758
467360194
467371628
467383060
467394490
467405918
467417344
467428768
467440190
467451610
467463028
467474444
467485858
467497270
467508680
467520088
467531494
467542898
467554300
467565700
467577098
467588494
467599888
467611280
467622670
467634058
467645444
467656828
467668210
467679590
467690968
467702344
467713718
467725090
467736460
467747828
467759194
467770558
467781920
467793280
467804638
467815994
467827348
467838700
467850050
467861398
467872744
467884088
467895430
467906770
467918108
467929444
467940778
467952110
467963440
467974768
467986094
467997418
468008740
468020060
468031378
468042694
468054008
468065320
468076630
468087938
468099244
468110548
468121850
468133150
468144448
468155744
468167038
468178330
468189620
468200908
468212194
468223478
468234760
468246040
468257318
468268594
468279868
468291140
468302410
468313678
468324944
468336208
468347470
468358730
468369988
468381244
468392498
468403750
468415000
468426248
468437494
468448738
468459980
468471220
468482458
468493694
468504928
468516160
468527390
468538618
468549844
468561068
468572290
468583510
468594728
468605944
468617158
468628370
468639580
468650788
468661994
468673198
468684400
468695600
468706798
468717994
468729188
468740380
468751570
468762758
468773944
468785128
468796310
468807490
468818668
468829844
468841018
468852190
468863360
468874528
468885694
468896858
468908020
468919180
468930338
468941494
468952648
468963800
468974950
468986098
468997244
469008388
469019530
469030670
469041808
469052944
469064078
469075210
469086340
469097468
469108594
469119718
469130840
469141960
469153078
469164194
469175308
469186420
469197530
469208638
469219744
469230848
469241950
469253050
469264148
469275244
469286338
469297430
469308520
469319608
469330694
469341778
469352860
469363940
469375018
469386094
469397168
469408240
469419310
469430378
469441444
469452508
469463570
469474630
469485688
469496744
469507798
469518850
469529900
469540948
469551994
469563038
469574080
469585120
469596158
469607194
469618228
469629260
469640290
469651318
469662344
469673368
469684390
469695410
469706428
469717444
469728458
469739470
469750480
469761488
469772494
469783498
469794500
469805500
469816498
469827494
469838488
469849480
469860470
469871458
469882444
469893428
469904410
469915390
469926368
469937344
469948318
469959290
469970260
469981228
469992194
470003158
470014120
470025080
470036038
470046994
470057948
470068900
470079850
470090798
470101744
470112688
470123630
470134570
470145508
470156444
470167378
470178310
470189240
470200168
470211094
470222018
470232940
470243860
470254778
470265694
470276608
470287520
470298430
470309338
470320244
470331148
470342050
470352950
470363848
470374744
470385638
470396530
470407420
470418308
470429194
470440078
470450960
470461840
470472718
470483594
470494468
470505340
470516210
470527078
470537944
470548808
470559670
470570530
470581388
470592244
470603098
470613950
470624800
470635648
470646494
470657338
470668180
470679020
470689858
470700694
470711528
470722360
470733190
470744018
470754844
470765668
470776490
470787310
470798128
470808944
470819758
470830570
470841380
470852188
470862994
470873798
470884600
470895400
470906198
470916994
470927788
470938580
470949370
470960158
470970944
470981728
470992510
471003290
471014068
471024844
471035618
471046390
471057160
471067928
471078694
471089458
471100220
471110980
471121738
471132494
471143248
471154000
471164750
471175498
471186244
471196988
471207730
471218470
471229208
471239944
471250678
471261410
471272140
471282868
471293594
471304318
471315040
471325760
471336478
471347194
471357908
471368620
471379330
471390038
471400744
471411448
471422150
471432850
471443548
471454244
471464938
471475630
471486320
471497008
471507694
471518378
471529060
471539740
471550418
471561094
471571768
471582440
471593110
471603778
471614444
471625108
471635770
471646430
471657088
471667744
471678398
471689050
471699700
471710348
471720994
471731638
471742280
471752920
471763558
471774194
471784828
471795460
471806090
471816718
471827344
471837968
471848590
471859210
471869828
471880444
471891058
471901670
471912280
471922888
471933494
471944098
471954700
471965300
471975898
471986494
471997088
472007680
472018270
472028858
472039444
472050028
472060610
472071190
472081768
472092344
472102918
472113490
472124060
472134628
472145194
472155758
472166320
472176880
472187438
472197994
472208548
472219100
472229650
472240198
472250744
472261288
472271830
472282370
472292908
472303444
472313978
472324510
472335040
472345568
472356094
472366618
472377140
472387660
472398178
472408694
472419208
472429720
472440230
472450738
472461244
472471748
472482250
472492750
472503248
472513744
472524238
472534730
472545220
472555708
472566194
472576678
472587160
472597640
472608118
472618594
472629068
472639540
472650010
472660478
472670944
472681408
472691870
472702330
472712788
472723244
472733698
472744150
472754600
472765048
472775494
472785938
472796380
472806820
472817258
472827694
472838128
472848560
472858990
472869418
472879844
472890268
472900690
472911110
472921528
472931944
472942358
472952770
472963180
472973588
472983994
472994398
473004800
473015200
473025598
473035994
473046388
473056780
473067170
473077558
473087944
473098328
473108710
473119090
473129468
473139844
473150218
473160590
473170960
473181328
473191694
473202058
473212420
473222780
473233138
473243494
473253848
473264200
473274550
473284898
473295244
473305588
473315930
473326270
473336608
473346944
473357278
473367610
473377940
473388268
473398594
473408918
473419240
473429560
473439878
473450194
473460508
473470820
473481130
473491438
473501744
473512048
473522350
473532650
473542948
473553244
473563538
473573830
473584120
473594408
473604694
473614978
473625260
473635540
473645818
473656094
473666368
473676640
473686910
473697178
473707444
473717708
473727970
473738230
473748488
473758744
473768998
473779250
473789500
473799748
473809994
473820238
473830480
473840720
473850958
473861194
473871428
473881660
473891890
473902118
473912344
473922568
473932790
473943010
473953228
473963444
473973658
473983870
473994080
474004288
474014494
474024698
474034900
474045100
474055298
474065494
474075688
474085880
474096070
474106258
474116444
474126628
474136810
474146990
474157168
474167344
474177518
474187690
474197860
474208028
474218194
474228358
474238520
474248680
474258838
474268994
474279148
474289300
474299450
474309598
474319744
474329888
474340030
474350170
474360308
474370444
474380578
474390710
474400840
474410968
474421094
474431218
474441340
474451460
474461578
474471694
474481808
474491920
474502030
474512138
474522244
474532348
474542450
474552550
474562648
474572744
474582838
474592930
474603020
474613108
474623194
474633278
474643360
474653440
474663518
474673594
474683668
474693740
474703810
474713878
474723944
474734008
474744070
474754130
474764188
474774244
474784298
474794350
474804400
474814448
474824494
474834538
474844580
474854620
474864658
474874694
474884728
474894760
474904790
474914818
474924844
474934868
474944890
474954910
474964928
474974944
474984958
474994970
475004980
475014988
475024994
475034998
475045000
475055000
475064998
475074994
475084988
475094980
475104970
475114958
475124944
475134928
475144910
475154890
475164868
475174844
475184818
475194790
475204760
475214728
475224694
475234658
475244620
475254580
475264538
475274494
475284448
475294400
475304350
475314298
475324244
475334188
475344130
475354070
475364008
475373944
475383878
475393810
475403740
475413668
475423594
475433518
475443440
475453360
475463278
475473194
475483108
475493020
475502930
475512838
475522744
475532648
475542550
475552450
475562348
475572244
475582138
475592030
475601920
475611808
475621694
475631578
475641460
475651340
475661218
475671094
475680968
475690840
475700710
475710578
475720444
475730308
475740170
475750030
475759888
475769744
475779598
475789450
475799300
475809148
475818994
475828838
475838680
475848520
475858358
475868194
475878028
475887860
475897690
475907518
475917344
475927168
475936990
475946810
475956628
475966444
475976258
475986070
475995880
476005688
476015494
476025298
476035100
476044900
476054698
476064494
476074288
476084080
476093870
476103658
476113444
476123228
476133010
476142790
476152568
476162344
476172118
476181890
476191660
476201428
476211194
476220958
476230720
476240480
476250238
476259994
476269748
476279500
476289250
476298998
476308744
476318488
476328230
476337970
476347708
476357444
476367178
476376910
476386640
476396368
476406094
476415818
476425540
476435260
476444978
476454694
476464408
476474120
476483830
476493538
476503244
476512948
476522650
476532350
476542048
476551744
476561438
476571130
476580820
476590508
476600194
476609878
476619560
476629240
476638918
476648594
476658268
476667940
476677610
476687278
476696944
476706608
476716270
476725930
476735588
476745244
476754898
476764550
476774200
476783848
476793494
476803138
476812780
476822420
476832058
476841694
476851328
476860960
476870590
476880218
476889844
476899468
476909090
476918710
476928328
476937944
476947558
476957170
476966780
476976388
476985994
476995598
477005200
477014800
477024398
477033994
477043588
477053180
477062770
477072358
477081944
477091528
477101110
477110690
477120268
477129844
477139418
477148990
477158560
477168128
477177694
477187258
477196820
477206380
477215938
477225494
477235048
477244600
477254150
477263698
477273244
477282788
477292330
477301870
477311408
477320944
477330478
477340010
477349540
477359068
477368594
477378118
477387640
477397160
477406678
477416194
477425708
477435220
477444730
477454238
477463744
477473248
477482750
477492250
477501748
477511244
477520738
477530230
477539720
477549208
477558694
477568178
477577660
477587140
477596618
477606094
477615568
477625040
477634510
477643978
477653444
477662908
477672370
477681830
477691288
477700744
477710198
477719650
477729100
477738548
477747994
477757438
477766880
477776320
477785758
477795194
477804628
477814060
477823490
477832918
477842344
477851768
477861190
477870610
477880028
477889444
477898858
477908270
477917680
477927088
477936494
477945898
477955300
477964700
477974098
477983494
477992888
478002280
478011670
478021058
478030444
478039828
478049210
478058590
478067968
478077344
478086718
478096090
478105460
478114828
478124194
478133558
478142920
478152280
478161638
478170994
478180348
478189700
478199050
478208398
478217744
478227088
478236430
478245770
478255108
478264444
478273778
478283110
478292440
478301768
478311094
478320418
478329740
478339060
478348378
478357694
478367008
478376320
478385630
478394938
478404244
478413548
478422850
478432150
478441448
478450744
478460038
478469330
478478620
478487908
478497194
478506478
478515760
478525040
478534318
478543594
478552868
478562140
478571410
478580678
478589944
478599208
478608470
478617730
478626988
478636244
478645498
478654750
478664000
478673248
478682494
478691738
478700980
478710220
478719458
478728694
478737928
478747160
478756390
478765618
478774844
478784068
478793290
478802510
478811728
478820944
478830158
478839370
478848580
478857788
478866994
478876198
478885400
478894600
478903798
478912994
478922188
478931380
478940570
478949758
478958944
478968128
478977310
478986490
478995668
479004844
479014018
479023190
479032360
479041528
479050694
479059858
479069020
479078180
479087338
479096494
479105648
479114800
479123950
479133098
479142244
479151388
479160530
479169670
479178808
479187944
479197078
479206210
479215340
479224468
479233594
479242718
479251840
479260960
479270078
479279194
479288308
479297420
479306530
479315638
479324744
479333848
479342950
479352050
479361148
479370244
479379338
479388430
479397520
479406608
479415694
479424778
479433860
479442940
479452018
479461094
479470168
479479240
479488310
479497378
479506444
479515508
479524570
479533630
479542688
479551744
479560798
479569850
479578900
479587948
479596994
479606038
479615080
479624120
479633158
479642194
479651228
479660260
479669290
479678318
479687344
479696368
479705390
479714410
479723428
479732444
479741458
479750470
479759480
479768488
479777494
479786498
479795500
479804500
479813498
479822494
479831488
479840480
479849470
479858458
479867444
479876428
479885410
479894390
479903368
479912344
479921318
479930290
479939260
479948228
479957194
479966158
479975120
479984080
479993038
480001994
480010948
480019900
480028850
480037798
480046744
480055688
480064630
480073570
480082508
480091444
480100378
480109310
480118240
480127168
480136094
480145018
480153940
480162860
480171778
480180694
480189608
480198520
480207430
480216338
480225244
480234148
480243050
480251950
480260848
480269744
480278638
480287530
480296420
480305308
480314194
480323078
480331960
480340840
480349718
480358594
480367468
480376340
480385210
480394078
480402944
480411808
480420670
480429530
480438388
480447244
480456098
480464950
480473800
480482648
480491494
480500338
480509180
480518020
480526858
480535694
480544528
480553360
480562190
480571018
480579844
480588668
480597490
480606310
480615128
480623944
480632758
480641570
480650380
480659188
480667994
480676798
480685600
480694400
480703198
480711994
480720788
480729580
480738370
480747158
480755944
480764728
480773510
480782290
480791068
480799844
480808618
480817390
480826160
480834928
480843694
480852458
480861220
480869980
480878738
480887494
480896248
480905000
480913750
480922498
480931244
480939988
480948730
480957470
480966208
480974944
480983678
480992410
481001140
481009868
481018594
481027318
481036040
481044760
481053478
481062194
481070908
481079620
481088330
481097038
481105744
481114448
481123150
481131850
481140548
481149244
481157938
481166630
481175320
481184008
481192694
481201378
481210060
481218740
481227418
481236094
481244768
481253440
481262110
481270778
481279444
481288108
481296770
481305430
481314088
481322744
481331398
481340050
481348700
481357348
481365994
481374638
481383280
481391920
481400558
481409194
481417828
481426460
481435090
481443718
481452344
481460968
481469590
481478210
481486828
481495444
481504058
481512670
481521280
481529888
481538494
481547098
481555700
481564300
481572898
481581494
481590088
481598680
481607270
481615858
481624444
481633028
481641610
481650190
481658768
481667344
481675918
481684490
481693060
481701628
481710194
481718758
481727320
481735880
481744438
481752994
481761548
481770100
481778650
481787198
481795744
481804288
481812830
481821370
481829908
481838444
481846978
481855510
481864040
481872568
481881094
481889618
481898140
481906660
481915178
481923694
481932208
481940720
481949230
481957738
481966244
481974748
481983250
481991750
482000248
482008744
482017238
482025730
482034220
482042708
482051194
482059678
482068160
482076640
482085118
482093594
482102068
482110540
482119010
482127478
482135944
482144408
482152870
482161330
482169788
482178244
482186698
482195150
482203600
482212048
482220494
482228938
482237380
482245820
482254258
482262694
482271128
482279560
482287990
482296418
482304844
482313268
482321690
482330110
482338528
482346944
482355358
482363770
482372180
482380588
482388994
482397398
482405800
482414200
482422598
482430994
482439388
482447780
482456170
482464558
482472944
482481328
482489710
482498090
482506468
482514844
482523218
482531590
482539960
482548328
482556694
482565058
482573420
482581780
482590138
482598494
482606848
482615200
482623550
482631898
482640244
482648588
482656930
482665270
482673608
482681944
482690278
482698610
482706940
482715268
482723594
482731918
482740240
482748560
482756878
482765194
482773508
482781820
482790130
482798438
482806744
482815048
482823350
482831650
482839948
482848244
482856538
482864830
482873120
482881408
482889694
482897978
482906260
482914540
482922818
482931094
482939368
482947640
482955910
482964178
482972444
482980708
482988970
482997230
483005488
483013744
483021998
483030250
483038500
483046748
483054994
483063238
483071480
483079720
483087958
483096194
483104428
483112660
483120890
483129118
483137344
483145568
483153790
483162010
483170228
483178444
483186658
483194870
483203080
483211288
483219494
483227698
483235900
483244100
483252298
483260494
483268688
483276880
483285070
483293258
483301444
483309628
483317810
483325990
483334168
483342344
483350518
483358690
483366860
483375028
483383194
483391358
483399520
483407680
483415838
483423994
483432148
483440300
483448450
483456598
483464744
483472888
483481030
483489170
483497308
483505444
483513578
483521710
483529840
483537968
483546094
483554218
483562340
483570460
483578578
483586694
483594808
483602920
483611030
483619138
483627244
483635348
483643450
483651550
483659648
483667744
483675838
483683930
483692020
483700108
483708194
483716278
483724360
483732440
483740518
483748594
483756668
483764740
483772810
483780878
483788944
483797008
483805070
483813130
483821188
483829244
483837298
483845350
483853400
483861448
483869494
483877538
483885580
483893620
483901658
483909694
483917728
483925760
483933790
483941818
483949844
483957868
483965890
483973910
483981928
483989944
483997958
484005970
484013980
484021988
484029994
484037998
484046000
484054000
484061998
484069994
484077988
484085980
484093970
484101958
484109944
484117928
484125910
484133890
484141868
484149844
484157818
484165790
484173760
484181728
484189694
484197658
484205620
484213580
484221538
484229494
484237448
484245400
484253350
484261298
484269244
484277188
484285130
484293070
484301008
484308944
484316878
484324810
484332740
484340668
484348594
484356518
484364440
484372360
484380278
484388194
484396108
484404020
484411930
484419838
484427744
484435648
484443550
484451450
484459348
484467244
484475138
484483030
484490920
484498808
484506694
484514578
484522460
484530340
484538218
484546094
484553968
484561840
484569710
484577578
484585444
484593308
484601170
484609030
484616888
484624744
484632598
484640450
484648300
484656148
484663994
484671838
484679680
484687520
484695358
484703194
484711028
484718860
484726690
484734518
484742344
484750168
484757990
484765810
484773628
484781444
484789258
484797070
484804880
484812688
484820494
484828298
484836100
484843900
484851698
484859494
484867288
484875080
484882870
484890658
484898444
484906228
484914010
484921790
484929568
484937344
484945118
484952890
484960660
484968428
484976194
484983958
484991720
484999480
485007238
485014994
485022748
485030500
485038250
485045998
485053744
485061488
485069230
485076970
485084708
485092444
485100178
485107910
485115640
485123368
485131094
485138818
485146540
485154260
485161978
485169694
485177408
485185120
485192830
485200538
485208244
485215948
485223650
485231350
485239048
485246744
485254438
485262130
485269820
485277508
485285194
485292878
485300560
485308240
485315918
485323594
485331268
485338940
485346610
485354278
485361944
485369608
485377270
485384930
485392588
485400244
485407898
485415550
485423200
485430848
485438494
485446138
485453780
485461420
485469058
485476694
485484328
485491960
485499590
485507218
485514844
485522468
485530090
485537710
485545328
485552944
485560558
485568170
485575780
485583388
485590994
485598598
485606200
485613800
485621398
485628994
485636588
485644180
485651770
485659358
485666944
485674528
485682110
485689690
485697268
485704844
485712418
485719990
485727560
485735128
485742694
485750258
485757820
485765380
485772938
485780494
485788048
485795600
485803150
485810698
485818244
485825788
485833330
485840870
485848408
485855944
485863478
485871010
485878540
485886068
485893594
485901118
485908640
485916160
485923678
485931194
485938708
485946220
485953730
485961238
485968744
485976248
485983750
485991250
485998748
486006244
486013738
486021230
486028720
486036208
486043694
486051178
486058660
486066140
486073618
486081094
486088568
486096040
486103510
486110978
486118444
486125908
486133370
486140830
486148288
486155744
486163198
486170650
486178100
486185548
486192994
486200438
486207880
486215320
486222758
486230194
486237628
486245060
486252490
486259918
486267344
486274768
486282190
486289610
486297028
486304444
486311858
486319270
486326680
486334088
486341494
486348898
486356300
486363700
486371098
486378494
486385888
486393280
486400670
486408058
486415444
486422828
486430210
486437590
486444968
486452344
486459718
486467090
486474460
486481828
486489194
486496558
486503920
486511280
486518638
486525994
486533348
486540700
486548050
486555398
486562744
486570088
486577430
486584770
486592108
486599444
486606778
486614110
486621440
486628768
486636094
486643418
486650740
486658060
486665378
486672694
486680008
486687320
486694630
486701938
486709244
486716548
486723850
486731150
486738448
486745744
486753038
486760330
486767620
486774908
486782194
486789478
486796760
486804040
486811318
486818594
486825868
486833140
486840410
486847678
486854944
486862208
486869470
486876730
486883988
486891244
486898498
486905750
486913000
486920248
486927494
486934738
486941980
486949220
486956458
486963694
486970928
486978160
486985390
486992618
486999844
487007068
487014290
487021510
487028728
487035944
487043158
487050370
487057580
487064788
487071994
487079198
487086400
487093600
487100798
487107994
487115188
487122380
487129570
487136758
487143944
487151128
487158310
487165490
487172668
487179844
487187018
487194190
487201360
487208528
487215694
487222858
487230020
487237180
487244338
487251494
487258648
487265800
487272950
487280098
487287244
487294388
487301530
487308670
487315808
487322944
487330078
487337210
487344340
487351468
487358594
487365718
487372840
487379960
487387078
487394194
487401308
487408420
487415530
487422638
487429744
487436848
487443950
487451050
487458148
487465244
487472338
487479430
487486520
487493608
487500694
487507778
487514860
487521940
487529018
487536094
487543168
487550240
487557310
487564378
487571444
487578508
487585570
487592630
487599688
487606744
487613798
487620850
487627900
487634948
487641994
487649038
487656080
487663120
487670158
487677194
487684228
487691260
487698290
487705318
487712344
487719368
487726390
487733410
487740428
487747444
487754458
487761470
487768480
487775488
487782494
487789498
487796500
487803500
487810498
487817494
487824488
487831480
487838470
487845458
487852444
487859428
487866410
487873390
487880368
487887344
487894318
487901290
487908260
487915228
487922194
487929158
487936120
487943080
487950038
487956994
487963948
487970900
487977850
487984798
487991744
487998688
488005630
488012570
488019508
488026444
488033378
488040310
488047240
488054168
488061094
488068018
488074940
488081860
488088778
488095694
488102608
488109520
488116430
488123338
488130244
488137148
488144050
488150950
488157848
488164744
488171638
488178530
488185420
488192308
488199194
488206078
488212960
488219840
488226718
488233594
488240468
488247340
488254210
488261078
488267944
488274808
488281670
488288530
488295388
488302244
488309098
488315950
488322800
488329648
488336494
488343338
488350180
488357020
488363858
488370694
488377528
488384360
488391190
488398018
488404844
488411668
488418490
488425310
488432128
488438944
488445758
488452570
488459380
488466188
488472994
488479798
488486600
488493400
488500198
488506994
488513788
488520580
488527370
488534158
488540944
488547728
488554510
488561290
488568068
488574844
488581618
488588390
488595160
488601928
488608694
488615458
488622220
488628980
488635738
488642494
488649248
488656000
488662750
488669498
488676244
488682988
488689730
488696470
488703208
488709944
488716678
488723410
488730140
488736868
488743594
488750318
488757040
488763760
488770478
488777194
488783908
488790620
488797330
488804038
488810744
488817448
488824150
488830850
488837548
488844244
488850938
488857630
488864320
488871008
488877694
488884378
488891060
488897740
488904418
488911094
488917768
488924440
488931110
488937778
488944444
488951108
488957770
488964430
488971088
488977744
488984398
488991050
488997700
489004348
489010994
489017638
489024280
489030920
489037558
489044194
489050828
489057460
489064090
489070718
489077344
489083968
489090590
489097210
489103828
489110444
489117058
489123670
489130280
489136888
489143494
489150098
489156700
489163300
489169898
489176494
489183088
489189680
489196270
489202858
489209444
489216028
489222610
489229190
489235768
489242344
489248918
489255490
489262060
489268628
489275194
489281758
489288320
489294880
489301438
489307994
489314548
489321100
489327650
489334198
489340744
489347288
489353830
489360370
489366908
489373444
489379978
489386510
489393040
489399568
489406094
489412618
489419140
489425660
489432178
489438694
489445208
489451720
489458230
489464738
489471244
489477748
489484250
489490750
489497248
489503744
489510238
489516730
489523220
489529708
489536194
489542678
489549160
489555640
489562118
489568594
489575068
489581540
489588010
489594478
489600944
489607408
489613870
489620330
489626788
489633244
489639698
489646150
489652600
489659048
489665494
489671938
489678380
489684820
489691258
489697694
489704128
489710560
489716990
489723418
489729844
489736268
489742690
489749110
489755528
489761944
489768358
489774770
489781180
489787588
489793994
489800398
489806800
489813200
489819598
489825994
489832388
489838780
489845170
489851558
489857944
489864328
489870710
489877090
489883468
489889844
489896218
489902590
489908960
489915328
489921694
489928058
489934420
489940780
489947138
489953494
489959848
489966200
489972550
489978898
489985244
489991588
489997930
490004270
490010608
490016944
490023278
490029610
490035940
490042268
490048594
490054918
490061240
490067560
490073878
490080194
490086508
490092820
490099130
490105438
490111744
490118048
490124350
490130650
490136948
490143244
490149538
490155830
490162120
490168408
490174694
490180978
490187260
490193540
490199818
490206094
490212368
490218640
490224910
490231178
490237444
490243708
490249970
490256230
490262488
490268744
490274998
490281250
490287500
490293748
490299994
490306238
490312480
490318720
490324958
490331194
490337428
490343660
490349890
490356118
490362344
490368568
490374790
490381010
490387228
490393444
490399658
490405870
490412080
490418288
490424494
490430698
490436900
490443100
490449298
490455494
490461688
490467880
490474070
490480258
490486444
490492628
490498810
490504990
490511168
490517344
490523518
490529690
490535860
490542028
490548194
490554358
490560520
490566680
490572838
490578994
490585148
490591300
490597450
490603598
490609744
490615888
490622030
490628170
490634308
490640444
490646578
490652710
490658840
490664968
490671094
490677218
490683340
490689460
490695578
490701694
490707808
490713920
490720030
490726138
490732244
490738348
490744450
490750550
490756648
490762744
490768838
490774930
490781020
490787108
490793194
490799278
490805360
490811440
490817518
490823594
490829668
490835740
490841810
490847878
490853944
490860008
490866070
490872130
490878188
490884244
490890298
490896350
490902400
490908448
490914494
490920538
490926580
490932620
490938658
490944694
490950728
490956760
490962790
490968818
490974844
490980868
490986890
490992910
490998928
491004944
491010958
491016970
491022980
491028988
491034994
491040998
491047000
491053000
491058998
491064994
491070988
491076980
491082970
491088958
491094944
491100928
491106910
491112890
491118868
491124844
491130818
491136790
491142760
491148728
491154694
491160658
491166620
491172580
491178538
491184494
491190448
491196400
491202350
491208298
491214244
491220188
491226130
491232070
491238008
491243944
491249878
491255810
491261740
491267668
491273594
491279518
491285440
491291360
491297278
491303194
491309108
491315020
491320930
491326838
491332744
491338648
491344550
491350450
491356348
491362244
491368138
491374030
491379920
491385808
491391694
491397578
491403460
491409340
491415218
491421094
491426968
491432840
491438710
491444578
491450444
491456308
491462170
491468030
491473888
491479744
491485598
491491450
491497300
491503148
491508994
491514838
491520680
491526520
491532358
491538194
491544028
491549860
491555690
491561518
491567344
491573168
491578990
491584810
491590628
491596444
491602258
491608070
491613880
491619688
491625494
491631298
491637100
491642900
491648698
491654494
491660288
491666080
491671870
491677658
491683444
491689228
491695010
491700790
491706568
491712344
491718118
491723890
491729660
491735428
491741194
491746958
491752720
491758480
491764238
491769994
491775748
491781500
491787250
491792998
491798744
491804488
491810230
491815970
491821708
491827444
491833178
491838910
491844640
491850368
491856094
491861818
491867540
491873260
491878978
491884694
491890408
491896120
491901830
491907538
491913244
491918948
491924650
491930350
491936048
491941744
491947438
491953130
491958820
491964508
491970194
491975878
491981560
491987240
491992918
491998594
492004268
492009940
492015610
492021278
492026944
492032608
492038270
492043930
492049588
492055244
492060898
492066550
492072200
492077848
492083494
492089138
492094780
492100420
492106058
492111694
492117328
492122960
492128590
492134218
492139844
492145468
492151090
492156710
492162328
492167944
492173558
492179170
492184780
492190388
492195994
492201598
492207200
492212800
492218398
492223994
492229588
492235180
492240770
492246358
492251944
492257528
492263110
492268690
492274268
492279844
492285418
492290990
492296560
492302128
492307694
492313258
492318820
492324380
492329938
492335494
492341048
492346600
492352150
492357698
492363244
492368788
492374330
492379870
492385408
492390944
492396478
492402010
492407540
492413068
492418594
492424118
492429640
492435160
492440678
492446194
492451708
492457220
492462730
492468238
492473744
492479248
492484750
492490250
492495748
492501244
492506738
492512230
492517720
492523208
492528694
492534178
492539660
492545140
492550618
492556094
492561568
492567040
492572510
492577978
492583444
492588908
492594370
492599830
492605288
492610744
492616198
492621650
492627100
492632548
492637994
492643438
492648880
492654320
492659758
492665194
492670628
492676060
492681490
492686918
492692344
492697768
492703190
492708610
492714028
492719444
492724858
492730270
492735680
492741088
492746494
492751898
492757300
492762700
492768098
492773494
492778888
492784280
492789670
492795058
492800444
492805828
492811210
492816590
492821968
492827344
492832718
492838090
492843460
492848828
492854194
492859558
492864920
492870280
492875638
492880994
492886348
492891700
492897050
492902398
492907744
492913088
492918430
492923770
492929108
492934444
492939778
492945110
492950440
492955768
492961094
492966418
492971740
492977060
492982378
492987694
492993008
492998320
493003630
493008938
493014244
493019548
493024850
493030150
493035448
493040744
493046038
493051330
493056620
493061908
493067194
493072478
493077760
493083040
493088318
493093594
493098868
493104140
493109410
493114678
493119944
493125208
493130470
493135730
493140988
493146244
493151498
493156750
493162000
493167248
493172494
493177738
493182980
493188220
493193458
493198694
493203928
493209160
493214390
493219618
493224844
493230068
493235290
493240510
493245728
493250944
493256158
493261370
493266580
493271788
493276994
493282198
493287400
493292600
493297798
493302994
493308188
493313380
493318570
493323758
493328944
493334128
493339310
493344490
493349668
493354844
493360018
493365190
493370360
493375528
493380694
493385858
493391020
493396180
493401338
493406494
493411648
493416800
493421950
493427098
493432244
493437388
493442530
493447670
493452808
493457944
493463078
493468210
493473340
493478468
493483594
493488718
493493840
493498960
493504078
493509194
493514308
493519420
493524530
493529638
493534744
493539848
493544950
493550050
493555148
493560244
493565338
493570430
493575520
493580608
493585694
493590778
493595860
493600940
493606018
493611094
493616168
493621240
493626310
493631378
493636444
493641508
493646570
493651630
493656688
493661744
493666798
493671850
493676900
493681948
493686994
493692038
493697080
493702120
493707158
493712194
493717228
493722260
493727290
493732318
493737344
493742368
493747390
493752410
493757428
493762444
493767458
493772470
493777480
493782488
493787494
493792498
493797500
493802500
493807498
493812494
493817488
493822480
493827470
493832458
493837444
493842428
493847410
493852390
493857368
493862344
493867318
493872290
493877260
493882228
493887194
493892158
493897120
493902080
493907038
493911994
493916948
493921900
493926850
493931798
493936744
493941688
493946630
493951570
493956508
493961444
493966378
493971310
493976240
493981168
493986094
493991018
493995940
494000860
494005778
494010694
494015608
494020520
494025430
494030338
494035244
494040148
494045050
494049950
494054848
494059744
494064638
494069530
494074420
494079308
494084194
494089078
494093960
494098840
494103718
494108594
494113468
494118340
494123210
494128078
494132944
494137808
494142670
494147530
494152388
494157244
494162098
494166950
494171800
494176648
494181494
494186338
494191180
494196020
494200858
494205694
494210528
494215360
494220190
494225018
494229844
494234668
494239490
494244310
494249128
494253944
494258758
494263570
494268380
494273188
494277994
494282798
494287600
494292400
494297198
494301994
494306788
494311580
494316370
494321158
494325944
494330728
494335510
494340290
494345068
494349844
494354618
494359390
494364160
494368928
494373694
494378458
494383220
494387980
494392738
494397494
494402248
494407000
494411750
494416498
494421244
494425988
494430730
494435470
494440208
494444944
494449678
494454410
494459140
494463868
494468594
494473318
494478040
494482760
494487478
494492194
494496908
494501620
494506330
494511038
494515744
494520448
494525150
494529850
494534548
494539244
494543938
494548630
494553320
494558008
494562694
494567378
494572060
494576740
494581418
494586094
494590768
494595440
494600110
494604778
494609444
494614108
494618770
494623430
494628088
494632744
494637398
494642050
494646700
494651348
494655994
494660638
494665280
494669920
494674558
494679194
494683828
494688460
494693090
494697718
494702344
494706968
494711590
494716210
494720828
494725444
494730058
494734670
494739280
494743888
494748494
494753098
494757700
494762300
494766898
494771494
494776088
494780680
494785270
494789858
494794444
494799028
494803610
494808190
494812768
494817344
494821918
494826490
494831060
494835628
494840194
494844758
494849320
494853880
494858438
494862994
494867548
494872100
494876650
494881198
494885744
494890288
494894830
494899370
494903908
494908444
494912978
494917510
494922040
494926568
494931094
494935618
494940140
494944660
494949178
494953694
494958208
494962720
494967230
494971738
494976244
494980748
494985250
494989750
494994248
494998744
495003238
495007730
495012220
495016708
495021194
495025678
495030160
495034640
495039118
495043594
495048068
495052540
495057010
495061478
495065944
495070408
495074870
495079330
495083788
495088244
495092698
495097150
495101600
495106048
495110494
495114938
495119380
495123820
495128258
495132694
495137128
495141560
495145990
495150418
495154844
495159268
495163690
495168110
495172528
495176944
495181358
495185770
495190180
495194588
495198994
495203398
495207800
495212200
495216598
495220994
495225388
495229780
495234170
495238558
495242944
495247328
495251710
495256090
495260468
495264844
495269218
495273590
495277960
495282328
495286694
495291058
495295420
495299780
495304138
495308494
495312848
495317200
495321550
495325898
495330244
495334588
495338930
495343270
495347608
495351944
495356278
495360610
495364940
495369268
495373594
495377918
495382240
495386560
495390878
495395194
495399508
495403820
495408130
495412438
495416744
495421048
495425350
495429650
495433948
495438244
495442538
495446830
495451120
495455408
495459694
495463978
495468260
495472540
495476818
495481094
495485368
495489640
495493910
495498178
495502444
495506708
495510970
495515230
495519488
495523744
495527998
495532250
495536500
495540748
495544994
495549238
495553480
495557720
495561958
495566194
495570428
495574660
495578890
495583118
495587344
495591568
495595790
495600010
495604228
495608444
495612658
495616870
495621080
495625288
495629494
495633698
495637900
495642100
495646298
495650494
495654688
495658880
495663070
495667258
495671444
495675628
495679810
495683990
495688168
495692344
495696518
495700690
495704860
495709028
495713194
495717358
495721520
495725680
495729838
495733994
495738148
495742300
495746450
495750598
495754744
495758888
495763030
495767170
495771308
495775444
495779578
495783710
495787840
495791968
495796094
495800218
495804340
495808460
495812578
495816694
495820808
495824920
495829030
495833138
495837244
495841348
495845450
495849550
495853648
495857744
495861838
495865930
495870020
495874108
495878194
495882278
495886360
495890440
495894518
495898594
495902668
495906740
495910810
495914878
495918944
495923008
495927070
495931130
495935188
495939244
495943298
495947350
495951400
495955448
495959494
495963538
495967580
495971620
495975658
495979694
495983728
495987760
495991790
495995818
495999844
496003868
496007890
496011910
496015928
496019944
496023958
496027970
496031980
496035988
496039994
496043998
496048000
496052000
496055998
496059994
496063988
496067980
496071970
496075958
496079944
496083928
496087910
496091890
496095868
496099844
496103818
496107790
496111760
496115728
496119694
496123658
496127620
496131580
496135538
496139494
496143448
496147400
496151350
496155298
496159244
496163188
496167130
496171070
496175008
496178944
496182878
496186810
496190740
496194668
496198594
496202518
496206440
496210360
496214278
496218194
496222108
496226020
496229930
496233838
496237744
496241648
496245550
496249450
496253348
496257244
496261138
496265030
496268920
496272808
496276694
496280578
496284460
496288340
496292218
496296094
496299968
496303840
496307710
496311578
496315444
496319308
496323170
496327030
496330888
496334744
496338598
496342450
496346300
496350148
496353994
496357838
496361680
496365520
496369358
496373194
496377028
496380860
496384690
496388518
496392344
496396168
496399990
496403810
496407628
496411444
496415258
496419070
496422880
496426688
496430494
496434298
496438100
496441900
496445698
496449494
496453288
496457080
496460870
496464658
496468444
496472228
496476010
496479790
496483568
496487344
496491118
496494890
496498660
496502428
496506194
496509958
496513720
496517480
496521238
496524994
496528748
496532500
496536250
496539998
496543744
496547488
496551230
496554970
496558708
496562444
496566178
496569910
496573640
496577368
496581094
496584818
496588540
496592260
496595978
496599694
496603408
496607120
496610830
496614538
496618244
496621948
496625650
496629350
496633048
496636744
496640438
496644130
496647820
496651508
496655194
496658878
496662560
496666240
496669918
496673594
496677268
496680940
496684610
496688278
496691944
496695608
496699270
496702930
496706588
496710244
496713898
496717550
496721200
496724848
496728494
496732138
496735780
496739420
496743058
496746694
496750328
496753960
496757590
496761218
496764844
496768468
496772090
496775710
496779328
496782944
496786558
496790170
496793780
496797388
496800994
496804598
496808200
496811800
496815398
496818994
496822588
496826180
496829770
496833358
496836944
496840528
496844110
496847690
496851268
496854844
496858418
496861990
496865560
496869128
496872694
496876258
496879820
496883380
496886938
496890494
496894048
496897600
496901150
496904698
496908244
496911788
496915330
496918870
496922408
496925944
496929478
496933010
496936540
496940068
496943594
496947118
496950640
496954160
496957678
496961194
496964708
496968220
496971730
496975238
496978744
496982248
496985750
496989250
496992748
496996244
496999738
497003230
497006720
497010208
497013694
497017178
497020660
497024140
497027618
497031094
497034568
497038040
497041510
497044978
497048444
497051908
497055370
497058830
497062288
497065744
497069198
497072650
497076100
497079548
497082994
497086438
497089880
497093320
497096758
497100194
497103628
497107060
497110490
497113918
497117344
497120768
497124190
497127610
497131028
497134444
497137858
497141270
497144680
497148088
497151494
497154898
497158300
497161700
497165098
497168494
497171888
497175280
497178670
497182058
497185444
497188828
497192210
497195590
497198968
497202344
497205718
497209090
497212460
497215828
497219194
497222558
497225920
497229280
497232638
497235994
497239348
497242700
497246050
497249398
497252744
497256088
497259430
497262770
497266108
497269444
497272778
497276110
497279440
497282768
497286094
497289418
497292740
497296060
497299378
497302694
497306008
497309320
497312630
497315938
497319244
497322548
497325850
497329150
497332448
497335744
497339038
497342330
497345620
497348908
497352194
497355478
497358760
497362040
497365318
497368594
497371868
497375140
497378410
497381678
497384944
497388208
497391470
497394730
497397988
497401244
497404498
497407750
497411000
497414248
497417494
497420738
497423980
497427220
497430458
497433694
497436928
497440160
497443390
497446618
497449844
497453068
497456290
497459510
497462728
497465944
497469158
497472370
497475580
497478788
497481994
497485198
497488400
497491600
497494798
497497994
497501188
497504380
497507570
497510758
497513944
497517128
497520310
497523490
497526668
497529844
497533018
497536190
497539360
497542528
497545694
497548858
497552020
497555180
497558338
497561494
497564648
497567800
497570950
497574098
497577244
497580388
497583530
497586670
497589808
497592944
497596078
497599210
497602340
497605468
497608594
497611718
497614840
497617960
497621078
497624194
497627308
497630420
497633530
497636638
497639744
497642848
497645950
497649050
497652148
497655244
497658338
497661430
497664520
497667608
497670694
497673778
497676860
497679940
497683018
497686094
497689168
497692240
497695310
497698378
497701444
497704508
497707570
497710630
497713688
497716744
497719798
497722850
497725900
497728948
497731994
497735038
497738080
497741120
497744158
497747194
497750228
497753260
497756290
497759318
497762344
497765368
497768390
497771410
497774428
497777444
497780458
497783470
497786480
497789488
497792494
497795498
497798500
497801500
497804498
497807494
497810488
497813480
497816470
497819458
497822444
497825428
497828410
497831390
497834368
497837344
497840318
497843290
497846260
497849228
497852194
497855158
497858120
497861080
497864038
497866994
497869948
497872900
497875850
497878798
497881744
497884688
497887630
497890570
497893508
497896444
497899378
497902310
497905240
497908168
497911094
497914018
497916940
497919860
497922778
497925694
497928608
497931520
497934430
497937338
497940244
497943148
497946050
497948950
497951848
497954744
497957638
497960530
497963420
497966308
497969194
497972078
497974960
497977840
497980718
497983594
497986468
497989340
497992210
497995078
497997944
498000808
498003670
498006530
498009388
498012244
498015098
498017950
498020800
498023648
498026494
498029338
498032180
498035020
498037858
498040694
498043528
498046360
498049190
498052018
498054844
498057668
498060490
498063310
498066128
498068944
498071758
498074570
498077380
498080188
498082994
498085798
498088600
498091400
498094198
498096994
498099788
498102580
498105370
498108158
498110944
498113728
498116510
498119290
498122068
498124844
498127618
498130390
498133160
498135928
498138694
498141458
498144220
498146980
498149738
498152494
498155248
498158000
498160750
498163498
498166244
498168988
498171730
498174470
498177208
498179944
498182678
498185410
498188140
498190868
498193594
498196318
498199040
498201760
498204478
498207194
498209908
498212620
498215330
498218038
498220744
498223448
498226150
498228850
498231548
498234244
498236938
498239630
498242320
498245008
498247694
498250378
498253060
498255740
498258418
498261094
498263768
498266440
498269110
498271778
498274444
498277108
498279770
498282430
498285088
498287744
498290398
498293050
498295700
498298348
498300994
498303638
498306280
498308920
498311558
498314194
498316828
498319460
498322090
498324718
498327344
498329968
498332590
498335210
498337828
498340444
498343058
498345670
498348280
498350888
498353494
498356098
498358700
498361300
498363898
498366494
498369088
498371680
498374270
498376858
498379444
498382028
498384610
498387190
498389768
498392344
498394918
498397490
498400060
498402628
498405194
498407758
498410320
498412880
498415438
498417994
498420548
498423100
498425650
498428198
498430744
498433288
498435830
498438370
498440908
498443444
498445978
498448510
498451040
498453568
498456094
498458618
498461140
498463660
498466178
498468694
498471208
498473720
498476230
498478738
498481244
498483748
498486250
498488750
498491248
498493744
498496238
498498730
498501220
498503708
498506194
498508678
498511160
498513640
498516118
498518594
498521068
498523540
498526010
498528478
498530944
498533408
498535870
498538330
498540788
498543244
498545698
498548150
498550600
498553048
498555494
498557938
498560380
498562820
498565258
498567694
498570128
498572560
498574990
498577418
498579844
498582268
498584690
498587110
498589528
498591944
498594358
498596770
498599180
498601588
498603994
498606398
498608800
498611200
498613598
498615994
498618388
498620780
498623170
498625558
498627944
498630328
498632710
498635090
498637468
498639844
498642218
498644590
498646960
498649328
498651694
498654058
498656420
498658780
498661138
498663494
498665848
498668200
498670550
498672898
498675244
498677588
498679930
498682270
498684608
498686944
498689278
498691610
498693940
498696268
498698594
498700918
498703240
498705560
498707878
498710194
498712508
498714820
498717130
498719438
498721744
498724048
498726350
498728650
498730948
498733244
498735538
498737830
498740120
498742408
498744694
498746978
498749260
498751540
498753818
498756094
498758368
498760640
498762910
498765178
498767444
498769708
498771970
498774230
498776488
498778744
498780998
498783250
498785500
498787748
498789994
498792238
498794480
498796720
498798958
498801194
498803428
498805660
498807890
498810118
498812344
498814568
498816790
498819010
498821228
498823444
498825658
498827870
498830080
498832288
498834494
498836698
498838900
498841100
498843298
498845494
498847688
498849880
498852070
498854258
498856444
498858628
498860810
498862990
498865168
498867344
498869518
498871690
498873860
498876028
498878194
498880358
498882520
498884680
498886838
498888994
498891148
498893300
498895450
498897598
498899744
498901888
498904030
498906170
498908308
498910444
498912578
498914710
498916840
498918968
498921094
498923218
498925340
498927460
498929578
498931694
498933808
498935920
498938030
498940138
498942244
498944348
498946450
498948550
498950648
498952744
498954838
498956930
498959020
498961108
498963194
498965278
498967360
498969440
498971518
498973594
498975668
498977740
498979810
498981878
498983944
498986008
498988070
498990130
498992188
498994244
498996298
498998350
499000400
499002448
499004494
499006538
499008580
499010620
499012658
499014694
499016728
499018760
499020790
499022818
499024844
499026868
499028890
499030910
499032928
499034944
499036958
499038970
499040980
499042988
499044994
499046998
499049000
499051000
499052998
499054994
499056988
499058980
499060970
499062958
499064944
499066928
499068910
499070890
499072868
499074844
499076818
499078790
499080760
499082728
499084694
499086658
499088620
499090580
499092538
499094494
499096448
499098400
499100350
499102298
499104244
499106188
499108130
499110070
499112008
499113944
499115878
499117810
499119740
499121668
499123594
499125518
499127440
499129360
499131278
499133194
499135108
499137020
499138930
499140838
499142744
499144648
499146550
499148450
499150348
499152244
499154138
499156030
499157920
499159808
499161694
499163578
499165460
499167340
499169218
499171094
499172968
499174840
499176710
499178578
499180444
499182308
499184170
499186030
499187888
499189744
499191598
499193450
499195300
499197148
499198994
499200838
499202680
499204520
499206358
499208194
499210028
499211860
499213690
499215518
499217344
499219168
499220990
499222810
499224628
499226444
499228258
499230070
499231880
499233688
499235494
499237298
499239100
499240900
499242698
499244494
499246288
499248080
499249870
499251658
499253444
499255228
499257010
499258790
499260568
499262344
499264118
499265890
499267660
499269428
499271194
499272958
499274720
499276480
499278238
499279994
499281748
499283500
499285250
499286998
499288744
499290488
499292230
499293970
499295708
499297444
499299178
499300910
499302640
499304368
499306094
499307818
499309540
499311260
499312978
499314694
499316408
499318120
499319830
499321538
499323244
499324948
499326650
499328350
499330048
499331744
499333438
499335130
499336820
499338508
499340194
499341878
499343560
499345240
499346918
499348594
499350268
499351940
499353610
499355278
499356944
499358608
499360270
499361930
499363588
499365244
499366898
499368550
499370200
499371848
499373494
499375138
499376780
499378420
499380058
499381694
499383328
499384960
499386590
499388218
499389844
499391468
499393090
499394710
499396328
499397944
499399558
499401170
499402780
499404388
499405994
499407598
499409200
499410800
499412398
499413994
499415588
499417180
499418770
499420358
499421944
499423528
499425110
499426690
499428268
499429844
499431418
499432990
499434560
499436128
499437694
499439258
499440820
499442380
499443938
499445494
499447048
499448600
499450150
499451698
499453244
499454788
499456330
499457870
499459408
499460944
499462478
499464010
499465540
499467068
499468594
499470118
499471640
499473160
499474678
499476194
499477708
499479220
499480730
499482238
499483744
499485248
499486750
499488250
499489748
499491244
499492738
499494230
499495720
499497208
499498694
499500178
499501660
499503140
499504618
499506094
499507568
499509040
499510510
499511978
499513444
499514908
499516370
499517830
499519288
499520744
499522198
499523650
499525100
499526548
499527994
499529438
499530880
499532320
499533758
499535194
499536628
499538060
499539490
499540918
499542344
499543768
499545190
499546610
499548028
499549444
499550858
499552270
499553680
499555088
499556494
499557898
499559300
499560700
499562098
499563494
499564888
499566280
499567670
499569058
499570444
499571828
499573210
499574590
499575968
499577344
499578718
499580090
499581460
499582828
499584194
499585558
499586920
499588280
499589638
499590994
499592348
499593700
499595050
499596398
499597744
499599088
499600430
499601770
499603108
499604444
499605778
499607110
499608440
499609768
499611094
499612418
499613740
499615060
499616378
499617694
499619008
499620320
499621630
499622938
499624244
499625548
499626850
499628150
499629448
499630744
499632038
499633330
499634620
499635908
499637194
499638478
499639760
499641040
499642318
499643594
499644868
499646140
499647410
499648678
499649944
499651208
499652470
499653730
499654988
499656244
499657498
499658750
499660000
499661248
499662494
499663738
499664980
499666220
499667458
499668694
499669928
499671160
499672390
499673618
499674844
499676068
499677290
499678510
499679728
499680944
499682158
499683370
499684580
499685788
499686994
499688198
499689400
499690600
499691798
499692994
499694188
499695380
499696570
499697758
499698944
499700128
499701310
499702490
499703668
499704844
499706018
499707190
499708360
499709528
499710694
499711858
499713020
499714180
499715338
499716494
499717648
499718800
499719950
499721098
499722244
499723388
499724530
499725670
499726808
499727944
499729078
499730210
499731340
499732468
499733594
499734718
499735840
499736960
499738078
499739194
499740308
499741420
499742530
499743638
499744744
499745848
499746950
499748050
499749148
499750244
499751338
499752430
499753520
499754608
499755694
499756778
499757860
499758940
499760018
499761094
499762168
499763240
499764310
499765378
499766444
499767508
499768570
499769630
499770688
499771744
499772798
499773850
499774900
499775948
499776994
499778038
499779080
499780120
499781158
499782194
499783228
499784260
499785290
499786318
499787344
499788368
499789390
499790410
499791428
499792444
499793458
499794470
499795480
499796488
499797494
499798498
499799500
499800500
499801498
499802494
499803488
499804480
499805470
499806458
499807444
499808428
499809410
499810390
499811368
499812344
499813318
499814290
499815260
499816228
499817194
499818158
499819120
499820080
499821038
499821994
499822948
499823900
499824850
499825798
499826744
499827688
499828630
499829570
499830508
499831444
499832378
499833310
499834240
499835168
499836094
499837018
499837940
499838860
499839778
499840694
499841608
499842520
499843430
499844338
499845244
499846148
499847050
499847950
499848848
499849744
499850638
499851530
499852420
499853308
499854194
499855078
499855960
499856840
499857718
499858594
499859468
499860340
499861210
499862078
499862944
499863808
499864670
499865530
499866388
499867244
499868098
499868950
499869800
499870648
499871494
499872338
499873180
499874020
499874858
499875694
499876528
499877360
499878190
499879018
499879844
499880668
499881490
499882310
499883128
499883944
499884758
499885570
499886380
499887188
499887994
499888798
499889600
499890400
499891198
499891994
499892788
499893580
499894370
499895158
499895944
499896728
499897510
499898290
499899068
499899844
499900618
499901390
499902160
499902928
499903694
499904458
499905220
499905980
499906738
499907494
499908248
499909000
499909750
499910498
499911244
499911988
499912730
499913470
499914208
499914944
499915678
499916410
499917140
499917868
499918594
499919318
499920040
499920760
499921478
499922194
499922908
499923620
499924330
499925038
499925744
499926448
499927150
499927850
499928548
499929244
499929938
499930630
499931320
499932008
499932694
499933378
499934060
499934740
499935418
499936094
499936768
499937440
499938110
499938778
499939444
499940108
499940770
499941430
499942088
499942744
499943398
499944050
499944700
499945348
499945994
499946638
499947280
499947920
499948558
499949194
499949828
499950460
499951090
499951718
499952344
499952968
499953590
499954210
499954828
499955444
499956058
499956670
499957280
499957888
499958494
499959098
499959700
499960300
499960898
499961494
499962088
499962680
499963270
499963858
499964444
499965028
499965610
499966190
499966768
499967344
499967918
499968490
499969060
499969628
499970194
499970758
499971320
499971880
499972438
499972994
499973548
499974100
499974650
499975198
499975744
499976288
499976830
499977370
499977908
499978444
499978978
499979510
499980040
499980568
499981094
499981618
499982140
499982660
499983178
499983694
499984208
499984720
499985230
499985738
499986244
499986748
499987250
499987750
499988248
499988744
499989238
499989730
499990220
499990708
499991194
499991678
499992160
499992640
499993118
499993594
499994068
499994540
499995010
499995478
499995944
499996408
499996870
499997330
499997788
499998244
499998698
499999150
499999600
500000048
500000494
500000938
500001380
500001820
500002258
500002694
500003128
500003560
500003990
500004418
500004844
500005268
500005690
500006110
500006528
500006944
500007358
500007770
500008180
500008588
500008994
500009398
500009800
500010200
500010598
500010994
500011388
500011780
500012170
500012558
500012944
500013328
500013710
500014090
500014468
500014844
500015218
500015590
500015960
500016328
500016694
500017058
500017420
500017780
500018138
500018494
500018848
500019200
500019550
500019898
500020244
500020588
500020930
500021270
500021608
500021944
500022278
500022610
500022940
500023268
500023594
500023918
500024240
500024560
500024878
500025194
500025508
500025820
500026130
500026438
500026744
500027048
500027350
500027650
500027948
500028244
500028538
500028830
500029120
500029408
500029694
500029978
500030260
500030540
500030818
500031094
500031368
500031640
500031910
500032178
500032444
500032708
500032970
500033230
500033488
500033744
500033998
500034250
500034500
500034748
500034994
500035238
500035480
500035720
500035958
500036194
500036428
500036660
500036890
500037118
500037344
500037568
500037790
500038010
500038228
500038444
500038658
500038870
500039080
500039288
500039494
500039698
500039900
500040100
500040298
500040494
500040688
500040880
500041070
500041258
500041444
500041628
500041810
500041990
500042168
500042344
500042518
500042690
500042860
500043028
500043194
500043358
500043520
500043680
500043838
500043994
500044148
500044300
500044450
500044598
500044744
500044888
500045030
500045170
500045308
500045444
500045578
500045710
500045840
500045968
500046094
500046218
500046340
500046460
500046578
500046694
500046808
500046920
500047030
500047138
500047244
500047348
500047450
500047550
500047648
500047744
500047838
500047930
500048020
500048108
500048194
500048278
500048360
500048440
500048518
500048594
500048668
500048740
500048810
500048878
500048944
500049008
500049070
500049130
500049188
500049244
500049298
500049350
500049400
500049448
500049494
500049538
500049580
500049620
500049658
500049694
500049728
500049760
500049790
500049818
500049844
500049868
500049890
500049910
500049928
500049944
500049958
500049970
500049980
500049988
500049994
500049998
500050000
500050000
500049998
500049994
500049988
500049980
500049970
500049958
500049944
500049928
500049910
500049890
500049868
500049844
500049818
500049790
500049760
500049728
500049694
500049658
500049620
500049580
500049538
500049494
500049448
500049400
500049350
500049298
500049244
500049188
500049130
500049070
500049008
500048944
500048878
500048810
500048740
500048668
500048594
500048518
500048440
500048360
500048278
500048194
500048108
500048020
500047930
500047838
500047744
500047648
500047550
500047450
500047348
500047244
500047138
500047030
500046920
500046808
500046694
500046578
500046460
500046340
500046218
500046094
500045968
500045840
500045710
500045578
500045444
500045308
500045170
500045030
500044888
500044744
500044598
500044450
500044300
500044148
500043994
500043838
500043680
500043520
500043358
500043194
500043028
500042860
500042690
500042518
500042344
500042168
500041990
500041810
500041628
500041444
500041258
500041070
500040880
500040688
500040494
500040298
500040100
500039900
500039698
500039494
500039288
500039080
500038870
500038658
500038444
500038228
500038010
500037790
500037568
500037344
500037118
500036890
500036660
500036428
500036194
500035958
500035720
500035480
500035238
500034994
500034748
500034500
500034250
500033998
500033744
500033488
500033230
500032970
500032708
500032444
500032178
500031910
500031640
500031368
500031094
500030818
500030540
500030260
500029978
500029694
500029408
500029120
500028830
500028538
500028244
500027948
500027650
500027350
500027048
500026744
500026438
500026130
500025820
500025508
500025194
500024878
500024560
500024240
500023918
500023594
500023268
500022940
500022610
500022278
500021944
500021608
500021270
500020930
500020588
500020244
500019898
500019550
500019200
500018848
500018494
500018138
500017780
500017420
500017058
500016694
500016328
500015960
500015590
500015218
500014844
500014468
500014090
500013710
500013328
500012944
500012558
500012170
500011780
500011388
500010994
500010598
500010200
500009800
500009398
500008994
500008588
500008180
500007770
500007358
500006944
500006528
500006110
500005690
500005268
500004844
500004418
500003990
500003560
500003128
500002694
500002258
500001820
500001380
500000938
500000494
500000048
499999600
499999150
499998698
499998244
499997788
499997330
499996870
499996408
499995944
499995478
499995010
499994540
499994068
499993594
499993118
499992640
499992160
499991678
499991194
499990708
499990220
499989730
499989238
499988744
499988248
499987750
499987250
499986748
499986244
499985738
499985230
499984720
499984208
499983694
499983178
499982660
499982140
499981618
499981094
499980568
499980040
499979510
499978978
499978444
499977908
499977370
499976830
499976288
499975744
499975198
499974650
499974100
499973548
499972994
499972438
499971880
499971320
499970758
499970194
499969628
499969060
499968490
499967918
499967344
499966768
499966190
499965610
499965028
499964444
499963858
499963270
499962680
499962088
499961494
499960898
499960300
499959700
499959098
499958494
499957888
499957280
499956670
499956058
499955444
499954828
499954210
499953590
499952968
499952344
499951718
499951090
499950460
499949828
499949194
499948558
499947920
499947280
499946638
499945994
499945348
499944700
499944050
499943398
499942744
499942088
499941430
499940770
499940108
499939444
499938778
499938110
499937440
499936768
499936094
499935418
499934740
499934060
499933378
499932694
499932008
499931320
499930630
499929938
499929244
499928548
499927850
499927150
499926448
499925744
499925038
499924330
499923620
499922908
499922194
499921478
499920760
499920040
499919318
499918594
499917868
499917140
499916410
499915678
499914944
499914208
499913470
499912730
499911988
499911244
499910498
499909750
499909000
499908248
499907494
499906738
499905980
499905220
499904458
499903694
499902928
499902160
499901390
499900618
499899844
499899068
499898290
499897510
499896728
499895944
499895158
499894370
499893580
499892788
499891994
499891198
499890400
499889600
499888798
499887994
499887188
499886380
499885570
499884758
499883944
499883128
499882310
499881490
499880668
499879844
499879018
499878190
499877360
499876528
499875694
499874858
499874020
499873180
499872338
499871494
499870648
499869800
499868950
499868098
499867244
499866388
499865530
499864670
499863808
499862944
499862078
499861210
499860340
499859468
499858594
499857718
499856840
499855960
499855078
499854194
499853308
499852420
499851530
499850638
499849744
499848848
499847950
499847050
499846148
499845244
499844338
499843430
499842520
499841608
499840694
499839778
499838860
499837940
499837018
499836094
499835168
499834240
499833310
499832378
499831444
499830508
499829570
499828630
499827688
499826744
499825798
499824850
499823900
499822948
499821994
499821038
499820080
499819120
499818158
499817194
499816228
499815260
499814290
499813318
499812344
499811368
499810390
499809410
499808428
499807444
499806458
499805470
499804480
499803488
499802494
499801498
499800500
499799500
499798498
499797494
499796488
499795480
499794470
499793458
499792444
499791428
499790410
499789390
499788368
499787344
499786318
499785290
499784260
499783228
499782194
499781158
499780120
499779080
499778038
499776994
499775948
499774900
499773850
499772798
499771744
499770688
499769630
499768570
499767508
499766444
499765378
499764310
499763240
499762168
499761094
499760018
499758940
499757860
499756778
499755694
499754608
499753520
499752430
499751338
499750244
499749148
499748050
499746950
499745848
499744744
499743638
499742530
499741420
499740308
499739194
499738078
499736960
499735840
499734718
499733594
499732468
499731340
499730210
499729078
499727944
499726808
499725670
499724530
499723388
499722244
499721098
499719950
499718800
499717648
499716494
499715338
499714180
499713020
499711858
499710694
499709528
499708360
499707190
499706018
499704844
499703668
499702490
499701310
499700128
499698944
499697758
499696570
499695380
499694188
499692994
499691798
499690600
499689400
499688198
499686994
499685788
499684580
499683370
499682158
499680944
499679728
499678510
499677290
499676068
499674844
499673618
499672390
499671160
499669928
499668694
499667458
499666220
499664980
499663738
499662494
499661248
499660000
499658750
499657498
499656244
499654988
499653730
499652470
499651208
499649944
499648678
499647410
499646140
499644868
499643594
499642318
499641040
499639760
499638478
499637194
499635908
499634620
499633330
499632038
499630744
499629448
499628150
499626850
499625548
499624244
499622938
499621630
499620320
499619008
499617694
499616378
499615060
499613740
499612418
499611094
499609768
499608440
499607110
499605778
499604444
499603108
499601770
499600430
499599088
499597744
499596398
499595050
499593700
499592348
499590994
499589638
499588280
499586920
499585558
499584194
499582828
499581460
499580090
499578718
499577344
499575968
499574590
499573210
499571828
499570444
499569058
499567670
499566280
499564888
499563494
499562098
499560700
499559300
499557898
499556494
499555088
499553680
499552270
499550858
499549444
499548028
499546610
499545190
499543768
499542344
499540918
499539490
499538060
499536628
499535194
499533758
499532320
499530880
499529438
499527994
499526548
499525100
499523650
499522198
499520744
499519288
499517830
499516370
499514908
499513444
499511978
499510510
499509040
499507568
499506094
499504618
499503140
499501660
499500178
499498694
499497208
499495720
499494230
499492738
499491244
499489748
499488250
499486750
499485248
499483744
499482238
499480730
499479220
499477708
499476194
499474678
499473160
499471640
499470118
499468594
499467068
499465540
499464010
499462478
499460944
499459408
499457870
499456330
499454788
499453244
499451698
499450150
499448600
499447048
499445494
499443938
499442380
499440820
499439258
499437694
499436128
499434560
499432990
499431418
499429844
499428268
499426690
499425110
499423528
499421944
499420358
499418770
499417180
499415588
499413994
499412398
499410800
499409200
499407598
499405994
499404388
499402780
499401170
499399558
499397944
499396328
499394710
499393090
499391468
499389844
499388218
499386590
499384960
499383328
499381694
499380058
499378420
499376780
499375138
499373494
499371848
499370200
499368550
499366898
499365244
499363588
499361930
499360270
499358608
499356944
499355278
499353610
499351940
499350268
499348594
499346918
499345240
499343560
499341878
499340194
499338508
499336820
499335130
499333438
499331744
499330048
499328350
499326650
499324948
499323244
499321538
499319830
499318120
499316408
499314694
499312978
499311260
499309540
499307818
499306094
499304368
499302640
499300910
499299178
499297444
499295708
499293970
499292230
499290488
499288744
499286998
499285250
499283500
499281748
499279994
499278238
499276480
499274720
499272958
499271194
499269428
499267660
499265890
499264118
499262344
499260568
499258790
499257010
499255228
499253444
499251658
499249870
499248080
499246288
499244494
499242698
499240900
499239100
499237298
499235494
499233688
499231880
499230070
499228258
499226444
499224628
499222810
499220990
499219168
499217344
499215518
499213690
499211860
499210028
499208194
499206358
499204520
499202680
499200838
499198994
499197148
499195300
499193450
499191598
499189744
499187888
499186030
499184170
499182308
499180444
499178578
499176710
499174840
499172968
499171094
499169218
499167340
499165460
499163578
499161694
499159808
499157920
499156030
499154138
499152244
499150348
499148450
499146550
499144648
499142744
499140838
499138930
499137020
499135108
499133194
499131278
499129360
499127440
499125518
499123594
499121668
499119740
499117810
499115878
499113944
499112008
499110070
499108130
499106188
499104244
499102298
499100350
499098400
499096448
499094494
499092538
499090580
499088620
499086658
499084694
499082728
499080760
499078790
499076818
499074844
499072868
499070890
499068910
499066928
499064944
499062958
499060970
499058980
499056988
499054994
499052998
499051000
499049000
499046998
499044994
499042988
499040980
499038970
499036958
499034944
499032928
499030910
499028890
499026868
499024844
499022818
499020790
499018760
499016728
499014694
499012658
499010620
499008580
499006538
499004494
499002448
499000400
498998350
498996298
498994244
498992188
498990130
498988070
498986008
498983944
498981878
498979810
498977740
498975668
498973594
498971518
498969440
498967360
498965278
498963194
498961108
498959020
498956930
498954838
498952744
498950648
498948550
498946450
498944348
498942244
498940138
498938030
498935920
498933808
498931694
498929578
498927460
498925340
498923218
498921094
498918968
498916840
498914710
498912578
498910444
498908308
498906170
498904030
498901888
498899744
498897598
498895450
498893300
498891148
498888994
498886838
498884680
498882520
498880358
498878194
498876028
498873860
498871690
498869518
498867344
498865168
498862990
498860810
498858628
498856444
498854258
498852070
498849880
498847688
498845494
498843298
498841100
498838900
498836698
498834494
498832288
498830080
498827870
498825658
498823444
498821228
498819010
498816790
498814568
498812344
498810118
498807890
498805660
498803428
498801194
498798958
498796720
498794480
498792238
498789994
498787748
498785500
498783250
498780998
498778744
498776488
498774230
498771970
498769708
498767444
498765178
498762910
498760640
498758368
498756094
498753818
498751540
498749260
498746978
498744694
498742408
498740120
498737830
498735538
498733244
498730948
498728650
498726350
498724048
498721744
498719438
498717130
498714820
498712508
498710194
498707878
498705560
498703240
498700918
498698594
498696268
498693940
498691610
498689278
498686944
498684608
498682270
498679930
498677588
498675244
498672898
498670550
498668200
498665848
498663494
498661138
498658780
498656420
498654058
498651694
498649328
498646960
498644590
498642218
498639844
498637468
498635090
498632710
498630328
498627944
498625558
498623170
498620780
498618388
498615994
498613598
498611200
498608800
498606398
498603994
498601588
498599180
498596770
498594358
498591944
498589528
498587110
498584690
498582268
498579844
498577418
498574990
498572560
498570128
498567694
498565258
498562820
498560380
498557938
498555494
498553048
498550600
498548150
498545698
498543244
498540788
498538330
498535870
498533408
498530944
498528478
498526010
498523540
498521068
498518594
498516118
498513640
498511160
498508678
498506194
498503708
498501220
498498730
498496238
498493744
498491248
498488750
498486250
498483748
498481244
498478738
498476230
498473720
498471208
498468694
498466178
498463660
498461140
498458618
498456094
498453568
498451040
498448510
498445978
498443444
498440908
498438370
498435830
498433288
498430744
498428198
498425650
498423100
498420548
498417994
498415438
498412880
498410320
498407758
498405194
498402628
498400060
498397490
498394918
498392344
498389768
498387190
498384610
498382028
498379444
498376858
498374270
498371680
498369088
498366494
498363898
498361300
498358700
498356098
498353494
498350888
498348280
498345670
498343058
498340444
498337828
498335210
498332590
498329968
498327344
498324718
498322090
498319460
498316828
498314194
498311558
498308920
498306280
498303638
498300994
498298348
498295700
498293050
498290398
498287744
498285088
498282430
498279770
498277108
498274444
498271778
498269110
498266440
498263768
498261094
498258418
498255740
498253060
498250378
498247694
498245008
498242320
498239630
498236938
498234244
498231548
498228850
498226150
498223448
498220744
498218038
498215330
498212620
498209908
498207194
498204478
498201760
498199040
498196318
498193594
498190868
498188140
498185410
498182678
498179944
498177208
498174470
498171730
498168988
498166244
498163498
498160750
498158000
498155248
498152494
498149738
498146980
498144220
498141458
498138694
498135928
498133160
498130390
498127618
498124844
498122068
498119290
498116510
498113728
498110944
498108158
498105370
498102580
498099788
498096994
498094198
498091400
498088600
498085798
498082994
498080188
498077380
498074570
498071758
498068944
498066128
498063310
498060490
498057668
498054844
498052018
498049190
498046360
498043528
498040694
498037858
498035020
498032180
498029338
498026494
498023648
498020800
498017950
498015098
498012244
498009388
498006530
498003670
498000808
497997944
497995078
497992210
497989340
497986468
497983594
497980718
497977840
497974960
497972078
497969194
497966308
497963420
497960530
497957638
497954744
497951848
497948950
497946050
497943148
497940244
497937338
497934430
497931520
497928608
497925694
497922778
497919860
497916940
497914018
497911094
497908168
497905240
497902310
497899378
497896444
497893508
497890570
497887630
497884688
497881744
497878798
497875850
497872900
497869948
497866994
497864038
497861080
497858120
497855158
497852194
497849228
497846260
497843290
497840318
497837344
497834368
497831390
497828410
497825428
497822444
497819458
497816470
497813480
497810488
497807494
497804498
497801500
497798500
497795498
497792494
497789488
497786480
497783470
497780458
497777444
497774428
497771410
497768390
497765368
497762344
497759318
497756290
497753260
497750228
497747194
497744158
497741120
497738080
497735038
497731994
497728948
497725900
497722850
497719798
497716744
497713688
497710630
497707570
497704508
497701444
497698378
497695310
497692240
497689168
497686094
497683018
497679940
497676860
497673778
497670694
497667608
497664520
497661430
497658338
497655244
497652148
497649050
497645950
497642848
497639744
497636638
497633530
497630420
497627308
497624194
497621078
497617960
497614840
497611718
497608594
497605468
497602340
497599210
497596078
497592944
497589808
497586670
497583530
497580388
497577244
497574098
497570950
497567800
497564648
497561494
497558338
497555180
497552020
497548858
497545694
497542528
497539360
497536190
497533018
497529844
497526668
497523490
497520310
497517128
497513944
497510758
497507570
497504380
497501188
497497994
497494798
497491600
497488400
497485198
497481994
497478788
497475580
497472370
497469158
497465944
497462728
497459510
497456290
497453068
497449844
497446618
497443390
497440160
497436928
497433694
497430458
497427220
497423980
497420738
497417494
497414248
497411000
497407750
497404498
497401244
497397988
497394730
497391470
497388208
497384944
497381678
497378410
497375140
497371868
497368594
497365318
497362040
497358760
497355478
497352194
497348908
497345620
497342330
497339038
497335744
497332448
497329150
497325850
497322548
497319244
497315938
497312630
497309320
497306008
497302694
497299378
497296060
497292740
497289418
497286094
497282768
497279440
497276110
497272778
497269444
497266108
497262770
497259430
497256088
497252744
497249398
497246050
497242700
497239348
497235994
497232638
497229280
497225920
497222558
497219194
497215828
497212460
497209090
497205718
497202344
497198968
497195590
497192210
497188828
497185444
497182058
497178670
497175280
497171888
497168494
497165098
497161700
497158300
497154898
497151494
497148088
497144680
497141270
497137858
497134444
497131028
497127610
497124190
497120768
497117344
497113918
497110490
497107060
497103628
497100194
497096758
497093320
497089880
497086438
497082994
497079548
497076100
497072650
497069198
497065744
497062288
497058830
497055370
497051908
497048444
497044978
497041510
497038040
497034568
497031094
497027618
497024140
497020660
497017178
497013694
497010208
497006720
497003230
496999738
496996244
496992748
496989250
496985750
496982248
496978744
496975238
496971730
496968220
496964708
496961194
496957678
496954160
496950640
496947118
496943594
496940068
496936540
496933010
496929478
496925944
496922408
496918870
496915330
496911788
496908244
496904698
496901150
496897600
496894048
496890494
496886938
496883380
496879820
496876258
496872694
496869128
496865560
496861990
496858418
496854844
496851268
496847690
496844110
496840528
496836944
496833358
496829770
496826180
496822588
496818994
496815398
496811800
496808200
496804598
496800994
496797388
496793780
496790170
496786558
496782944
496779328
496775710
496772090
496768468
496764844
496761218
496757590
496753960
496750328
496746694
496743058
496739420
496735780
496732138
496728494
496724848
496721200
496717550
496713898
496710244
496706588
496702930
496699270
496695608
496691944
496688278
496684610
496680940
496677268
496673594
496669918
496666240
496662560
496658878
496655194
496651508
496647820
496644130
496640438
496636744
496633048
496629350
496625650
496621948
496618244
496614538
496610830
496607120
496603408
496599694
496595978
496592260
496588540
496584818
496581094
496577368
496573640
496569910
496566178
496562444
496558708
496554970
496551230
496547488
496543744
496539998
496536250
496532500
496528748
496524994
496521238
496517480
496513720
496509958
496506194
496502428
496498660
496494890
496491118
496487344
496483568
496479790
496476010
496472228
496468444
496464658
496460870
496457080
496453288
496449494
496445698
496441900
496438100
496434298
496430494
496426688
496422880
496419070
496415258
496411444
496407628
496403810
496399990
496396168
496392344
496388518
496384690
496380860
496377028
496373194
496369358
496365520
496361680
496357838
496353994
496350148
496346300
496342450
496338598
496334744
496330888
496327030
496323170
496319308
496315444
496311578
496307710
496303840
496299968
496296094
496292218
496288340
496284460
496280578
496276694
496272808
496268920
496265030
496261138
496257244
496253348
496249450
496245550
496241648
496237744
496233838
496229930
496226020
496222108
496218194
496214278
496210360
496206440
496202518
496198594
496194668
496190740
496186810
496182878
496178944
496175008
496171070
496167130
496163188
496159244
496155298
496151350
496147400
496143448
496139494
496135538
496131580
496127620
496123658
496119694
496115728
496111760
496107790
496103818
496099844
496095868
496091890
496087910
496083928
496079944
496075958
496071970
496067980
496063988
496059994
496055998
496052000
496048000
496043998
496039994
496035988
496031980
496027970
496023958
496019944
496015928
496011910
496007890
496003868
495999844
495995818
495991790
495987760
495983728
495979694
495975658
495971620
495967580
495963538
495959494
495955448
495951400
495947350
495943298
495939244
495935188
495931130
495927070
495923008
495918944
495914878
495910810
495906740
495902668
495898594
495894518
495890440
495886360
495882278
495878194
495874108
495870020
495865930
495861838
495857744
495853648
495849550
495845450
495841348
495837244
495833138
495829030
495824920
495820808
495816694
495812578
495808460
495804340
495800218
495796094
495791968
495787840
495783710
495779578
495775444
495771308
495767170
495763030
495758888
495754744
495750598
495746450
495742300
495738148
495733994
495729838
495725680
495721520
495717358
495713194
495709028
495704860
495700690
495696518
495692344
495688168
495683990
495679810
495675628
495671444
495667258
495663070
495658880
495654688
495650494
495646298
495642100
495637900
495633698
495629494
495625288
495621080
495616870
495612658
495608444
495604228
495600010
495595790
495591568
495587344
495583118
495578890
495574660
495570428
495566194
495561958
495557720
495553480
495549238
495544994
495540748
495536500
495532250
495527998
495523744
495519488
495515230
495510970
495506708
495502444
495498178
495493910
495489640
495485368
495481094
495476818
495472540
495468260
495463978
495459694
495455408
495451120
495446830
495442538
495438244
495433948
495429650
495425350
495421048
495416744
495412438
495408130
495403820
495399508
495395194
495390878
495386560
495382240
495377918
495373594
495369268
495364940
495360610
495356278
495351944
495347608
495343270
495338930
495334588
495330244
495325898
495321550
495317200
495312848
495308494
495304138
495299780
495295420
495291058
495286694
495282328
495277960
495273590
495269218
495264844
495260468
495256090
495251710
495247328
495242944
495238558
495234170
495229780
495225388
495220994
495216598
495212200
495207800
495203398
495198994
495194588
495190180
495185770
495181358
495176944
495172528
495168110
495163690
495159268
495154844
495150418
495145990
495141560
495137128
495132694
495128258
495123820
495119380
495114938
495110494
495106048
495101600
495097150
495092698
495088244
495083788
495079330
495074870
495070408
495065944
495061478
495057010
495052540
495048068
495043594
495039118
495034640
495030160
495025678
495021194
495016708
495012220
495007730
495003238
494998744
494994248
494989750
494985250
494980748
494976244
494971738
494967230
494962720
494958208
494953694
494949178
494944660
494940140
494935618
494931094
494926568
494922040
494917510
494912978
494908444
494903908
494899370
494894830
494890288
494885744
494881198
494876650
494872100
494867548
494862994
494858438
494853880
494849320
494844758
494840194
494835628
494831060
494826490
494821918
494817344
494812768
494808190
494803610
494799028
494794444
494789858
494785270
494780680
494776088
494771494
494766898
494762300
494757700
494753098
494748494
494743888
494739280
494734670
494730058
494725444
494720828
494716210
494711590
494706968
494702344
494697718
494693090
494688460
494683828
494679194
494674558
494669920
494665280
494660638
494655994
494651348
494646700
494642050
494637398
494632744
494628088
494623430
494618770
494614108
494609444
494604778
494600110
494595440
494590768
494586094
494581418
494576740
494572060
494567378
494562694
494558008
494553320
494548630
494543938
494539244
494534548
494529850
494525150
494520448
494515744
494511038
494506330
494501620
494496908
494492194
494487478
494482760
494478040
494473318
494468594
494463868
494459140
494454410
494449678
494444944
494440208
494435470
494430730
494425988
494421244
494416498
494411750
494407000
494402248
494397494
494392738
494387980
494383220
494378458
494373694
494368928
494364160
494359390
494354618
494349844
494345068
494340290
494335510
494330728
494325944
494321158
494316370
494311580
494306788
494301994
494297198
494292400
494287600
494282798
494277994
494273188
494268380
494263570
494258758
494253944
494249128
494244310
494239490
494234668
494229844
494225018
494220190
494215360
494210528
494205694
494200858
494196020
494191180
494186338
494181494
494176648
494171800
494166950
494162098
494157244
494152388
494147530
494142670
494137808
494132944
494128078
494123210
494118340
494113468
494108594
494103718
494098840
494093960
494089078
494084194
494079308
494074420
494069530
494064638
494059744
494054848
494049950
494045050
494040148
494035244
494030338
494025430
494020520
494015608
494010694
494005778
494000860
493995940
493991018
493986094
493981168
493976240
493971310
493966378
493961444
493956508
493951570
493946630
493941688
493936744
493931798
493926850
493921900
493916948
493911994
493907038
493902080
493897120
493892158
493887194
493882228
493877260
493872290
493867318
493862344
493857368
493852390
493847410
493842428
493837444
493832458
493827470
493822480
493817488
493812494
493807498
493802500
493797500
493792498
493787494
493782488
493777480
493772470
493767458
493762444
493757428
493752410
493747390
493742368
493737344
493732318
493727290
493722260
493717228
493712194
493707158
493702120
493697080
493692038
493686994
493681948
493676900
493671850
493666798
493661744
493656688
493651630
493646570
493641508
493636444
493631378
493626310
493621240
493616168
493611094
493606018
493600940
493595860
493590778
493585694
493580608
493575520
493570430
493565338
493560244
493555148
493550050
493544950
493539848
493534744
493529638
493524530
493519420
493514308
493509194
493504078
493498960
493493840
493488718
493483594
493478468
493473340
493468210
493463078
493457944
493452808
493447670
493442530
493437388
493432244
493427098
493421950
493416800
493411648
493406494
493401338
493396180
493391020
493385858
493380694
493375528
493370360
493365190
493360018
493354844
493349668
493344490
493339310
493334128
493328944
493323758
493318570
493313380
493308188
493302994
493297798
493292600
493287400
493282198
493276994
493271788
493266580
493261370
493256158
493250944
493245728
493240510
493235290
493230068
493224844
493219618
493214390
493209160
493203928
493198694
493193458
493188220
493182980
493177738
493172494
493167248
493162000
493156750
493151498
493146244
493140988
493135730
493130470
493125208
493119944
493114678
493109410
493104140
493098868
493093594
493088318
493083040
493077760
493072478
493067194
493061908
493056620
493051330
493046038
493040744
493035448
493030150
493024850
493019548
493014244
493008938
493003630
492998320
492993008
492987694
492982378
492977060
492971740
492966418
492961094
492955768
492950440
492945110
492939778
492934444
492929108
492923770
492918430
492913088
492907744
492902398
492897050
492891700
492886348
492880994
492875638
492870280
492864920
492859558
492854194
492848828
492843460
492838090
492832718
492827344
492821968
492816590
492811210
492805828
492800444
492795058
492789670
492784280
492778888
492773494
492768098
492762700
492757300
492751898
492746494
492741088
492735680
492730270
492724858
492719444
492714028
492708610
492703190
492697768
492692344
492686918
492681490
492676060
492670628
492665194
492659758
492654320
492648880
492643438
492637994
492632548
492627100
492621650
492616198
492610744
492605288
492599830
492594370
492588908
492583444
492577978
492572510
492567040
492561568
492556094
492550618
492545140
492539660
492534178
492528694
492523208
492517720
492512230
492506738
492501244
492495748
492490250
492484750
492479248
492473744
492468238
492462730
492457220
492451708
492446194
492440678
492435160
492429640
492424118
492418594
492413068
492407540
492402010
492396478
492390944
492385408
492379870
492374330
492368788
492363244
492357698
492352150
492346600
492341048
492335494
492329938
492324380
492318820
492313258
492307694
492302128
492296560
492290990
492285418
492279844
492274268
492268690
492263110
492257528
492251944
492246358
492240770
492235180
492229588
492223994
492218398
492212800
492207200
492201598
492195994
492190388
492184780
492179170
492173558
492167944
492162328
492156710
492151090
492145468
492139844
492134218
492128590
492122960
492117328
492111694
492106058
492100420
492094780
492089138
492083494
492077848
492072200
492066550
492060898
492055244
492049588
492043930
492038270
492032608
492026944
492021278
492015610
492009940
492004268
491998594
491992918
491987240
491981560
491975878
491970194
491964508
491958820
491953130
491947438
491941744
491936048
491930350
491924650
491918948
491913244
491907538
491901830
491896120
491890408
491884694
491878978
491873260
491867540
491861818
491856094
491850368
491844640
491838910
491833178
491827444
491821708
491815970
491810230
491804488
491798744
491792998
491787250
491781500
491775748
491769994
491764238
491758480
491752720
491746958
491741194
491735428
491729660
491723890
491718118
491712344
491706568
491700790
491695010
491689228
491683444
491677658
491671870
491666080
491660288
491654494
491648698
491642900
491637100
491631298
491625494
491619688
491613880
491608070
491602258
491596444
491590628
491584810
491578990
491573168
491567344
491561518
491555690
491549860
491544028
491538194
491532358
491526520
491520680
491514838
491508994
491503148
491497300
491491450
491485598
491479744
491473888
491468030
491462170
491456308
491450444
491444578
491438710
491432840
491426968
491421094
491415218
491409340
491403460
491397578
491391694
491385808
491379920
491374030
491368138
491362244
491356348
491350450
491344550
491338648
491332744
491326838
491320930
491315020
491309108
491303194
491297278
491291360
491285440
491279518
491273594
491267668
491261740
491255810
491249878
491243944
491238008
491232070
491226130
491220188
491214244
491208298
491202350
491196400
491190448
491184494
491178538
491172580
491166620
491160658
491154694
491148728
491142760
491136790
491130818
491124844
491118868
491112890
491106910
491100928
491094944
491088958
491082970
491076980
491070988
491064994
491058998
491053000
491047000
491040998
491034994
491028988
491022980
491016970
491010958
491004944
490998928
490992910
490986890
490980868
490974844
490968818
490962790
490956760
490950728
490944694
490938658
490932620
490926580
490920538
490914494
490908448
490902400
490896350
490890298
490884244
490878188
490872130
490866070
490860008
490853944
490847878
490841810
490835740
490829668
490823594
490817518
490811440
490805360
490799278
490793194
490787108
490781020
490774930
490768838
490762744
490756648
490750550
490744450
490738348
490732244
490726138
490720030
490713920
490707808
490701694
490695578
490689460
490683340
490677218
490671094
490664968
490658840
490652710
490646578
490640444
490634308
490628170
490622030
490615888
490609744
490603598
490597450
490591300
490585148
490578994
490572838
490566680
490560520
490554358
490548194
490542028
490535860
490529690
490523518
490517344
490511168
490504990
490498810
490492628
490486444
490480258
490474070
490467880
490461688
490455494
490449298
490443100
490436900
490430698
490424494
490418288
490412080
490405870
490399658
490393444
490387228
490381010
490374790
490368568
490362344
490356118
490349890
490343660
490337428
490331194
490324958
490318720
490312480
490306238
490299994
490293748
490287500
490281250
490274998
490268744
490262488
490256230
490249970
490243708
490237444
490231178
490224910
490218640
490212368
490206094
490199818
490193540
490187260
490180978
490174694
490168408
490162120
490155830
490149538
490143244
490136948
490130650
490124350
490118048
490111744
490105438
490099130
490092820
490086508
490080194
490073878
490067560
490061240
490054918
490048594
490042268
490035940
490029610
490023278
490016944
490010608
490004270
489997930
489991588
489985244
489978898
489972550
489966200
489959848
489953494
489947138
489940780
489934420
489928058
489921694
489915328
489908960
489902590
489896218
489889844
489883468
489877090
489870710
489864328
489857944
489851558
489845170
489838780
489832388
489825994
489819598
489813200
489806800
489800398
489793994
489787588
489781180
489774770
489768358
489761944
489755528
489749110
489742690
489736268
489729844
489723418
489716990
489710560
489704128
489697694
489691258
489684820
489678380
489671938
489665494
489659048
489652600
489646150
489639698
489633244
489626788
489620330
489613870
489607408
489600944
489594478
489588010
489581540
489575068
489568594
489562118
489555640
489549160
489542678
489536194
489529708
489523220
489516730
489510238
489503744
489497248
489490750
489484250
489477748
489471244
489464738
489458230
489451720
489445208
489438694
489432178
489425660
489419140
489412618
489406094
489399568
489393040
489386510
489379978
489373444
489366908
489360370
489353830
489347288
489340744
489334198
489327650
489321100
489314548
489307994
489301438
489294880
489288320
489281758
489275194
489268628
489262060
489255490
489248918
489242344
489235768
489229190
489222610
489216028
489209444
489202858
489196270
489189680
489183088
489176494
489169898
489163300
489156700
489150098
489143494
489136888
489130280
489123670
489117058
489110444
489103828
489097210
489090590
489083968
489077344
489070718
489064090
489057460
489050828
489044194
489037558
489030920
489024280
489017638
489010994
489004348
488997700
488991050
488984398
488977744
488971088
488964430
488957770
488951108
488944444
488937778
488931110
488924440
488917768
488911094
488904418
488897740
488891060
488884378
488877694
488871008
488864320
488857630
488850938
488844244
488837548
488830850
488824150
488817448
488810744
488804038
488797330
488790620
488783908
488777194
488770478
488763760
488757040
488750318
488743594
488736868
488730140
488723410
488716678
488709944
488703208
488696470
488689730
488682988
488676244
488669498
488662750
488656000
488649248
488642494
488635738
488628980
488622220
488615458
488608694
488601928
488595160
488588390
488581618
488574844
488568068
488561290
488554510
488547728
488540944
488534158
488527370
488520580
488513788
488506994
488500198
488493400
488486600
488479798
488472994
488466188
488459380
488452570
488445758
488438944
488432128
488425310
488418490
488411668
488404844
488398018
488391190
488384360
488377528
488370694
488363858
488357020
488350180
488343338
488336494
488329648
488322800
488315950
488309098
488302244
488295388
488288530
488281670
488274808
488267944
488261078
488254210
488247340
488240468
488233594
488226718
488219840
488212960
488206078
488199194
488192308
488185420
488178530
488171638
488164744
488157848
488150950
488144050
488137148
488130244
488123338
488116430
488109520
488102608
488095694
488088778
488081860
488074940
488068018
488061094
488054168
488047240
488040310
488033378
488026444
488019508
488012570
488005630
487998688
487991744
487984798
487977850
487970900
487963948
487956994
487950038
487943080
487936120
487929158
487922194
487915228
487908260
487901290
487894318
487887344
487880368
487873390
487866410
487859428
487852444
487845458
487838470
487831480
487824488
487817494
487810498
487803500
487796500
487789498
487782494
487775488
487768480
487761470
487754458
487747444
487740428
487733410
487726390
487719368
487712344
487705318
487698290
487691260
487684228
487677194
487670158
487663120
487656080
487649038
487641994
487634948
487627900
487620850
487613798
487606744
487599688
487592630
487585570
487578508
487571444
487564378
487557310
487550240
487543168
487536094
487529018
487521940
487514860
487507778
487500694
487493608
487486520
487479430
487472338
487465244
487458148
487451050
487443950
487436848
487429744
487422638
487415530
487408420
487401308
487394194
487387078
487379960
487372840
487365718
487358594
487351468
487344340
487337210
487330078
487322944
487315808
487308670
487301530
487294388
487287244
487280098
487272950
487265800
487258648
487251494
487244338
487237180
487230020
487222858
487215694
487208528
487201360
487194190
487187018
487179844
487172668
487165490
487158310
487151128
487143944
487136758
487129570
487122380
487115188
487107994
487100798
487093600
487086400
487079198
487071994
487064788
487057580
487050370
487043158
487035944
487028728
487021510
487014290
487007068
486999844
486992618
486985390
486978160
486970928
486963694
486956458
486949220
486941980
486934738
486927494
486920248
486913000
486905750
486898498
486891244
486883988
486876730
486869470
486862208
486854944
486847678
486840410
486833140
486825868
486818594
486811318
486804040
486796760
486789478
486782194
486774908
486767620
486760330
486753038
486745744
486738448
486731150
486723850
486716548
486709244
486701938
486694630
486687320
486680008
486672694
486665378
486658060
486650740
486643418
486636094
486628768
486621440
486614110
486606778
486599444
486592108
486584770
486577430
486570088
486562744
486555398
486548050
486540700
486533348
486525994
486518638
486511280
486503920
486496558
486489194
486481828
486474460
486467090
486459718
486452344
486444968
486437590
486430210
486422828
486415444
486408058
486400670
486393280
486385888
486378494
486371098
486363700
486356300
486348898
486341494
486334088
486326680
486319270
486311858
486304444
486297028
486289610
486282190
486274768
486267344
486259918
486252490
486245060
486237628
486230194
486222758
486215320
486207880
486200438
486192994
486185548
486178100
486170650
486163198
486155744
486148288
486140830
486133370
486125908
486118444
486110978
486103510
486096040
486088568
486081094
486073618
486066140
486058660
486051178
486043694
486036208
486028720
486021230
486013738
486006244
485998748
485991250
485983750
485976248
485968744
485961238
485953730
485946220
485938708
485931194
485923678
485916160
485908640
485901118
485893594
485886068
485878540
485871010
485863478
485855944
485848408
485840870
485833330
485825788
485818244
485810698
485803150
485795600
485788048
485780494
485772938
485765380
485757820
485750258
485742694
485735128
485727560
485719990
485712418
485704844
485697268
485689690
485682110
485674528
485666944
485659358
485651770
485644180
485636588
485628994
485621398
485613800
485606200
485598598
485590994
485583388
485575780
485568170
485560558
485552944
485545328
485537710
485530090
485522468
485514844
485507218
485499590
485491960
485484328
485476694
485469058
485461420
485453780
485446138
485438494
485430848
485423200
485415550
485407898
485400244
485392588
485384930
485377270
485369608
485361944
485354278
485346610
485338940
485331268
485323594
485315918
485308240
485300560
485292878
485285194
485277508
485269820
485262130
485254438
485246744
485239048
485231350
485223650
485215948
485208244
485200538
485192830
485185120
485177408
485169694
485161978
485154260
485146540
485138818
485131094
485123368
485115640
485107910
485100178
485092444
485084708
485076970
485069230
485061488
485053744
485045998
485038250
485030500
485022748
485014994
485007238
484999480
484991720
484983958
484976194
484968428
484960660
484952890
484945118
484937344
484929568
484921790
484914010
484906228
484898444
484890658
484882870
484875080
484867288
484859494
484851698
484843900
484836100
484828298
484820494
484812688
484804880
484797070
484789258
484781444
484773628
484765810
484757990
484750168
484742344
484734518
484726690
484718860
484711028
484703194
484695358
484687520
484679680
484671838
484663994
484656148
484648300
484640450
484632598
484624744
484616888
484609030
484601170
484593308
484585444
484577578
484569710
484561840
484553968
484546094
484538218
484530340
484522460
484514578
484506694
484498808
484490920
484483030
484475138
484467244
484459348
484451450
484443550
484435648
484427744
484419838
484411930
484404020
484396108
484388194
484380278
484372360
484364440
484356518
484348594
484340668
484332740
484324810
484316878
484308944
484301008
484293070
484285130
484277188
484269244
484261298
484253350
484245400
484237448
484229494
484221538
484213580
484205620
484197658
484189694
484181728
484173760
484165790
484157818
484149844
484141868
484133890
484125910
484117928
484109944
484101958
484093970
484085980
484077988
484069994
484061998
484054000
484046000
484037998
484029994
484021988
484013980
484005970
483997958
483989944
483981928
483973910
483965890
483957868
483949844
483941818
483933790
483925760
483917728
483909694
483901658
483893620
483885580
483877538
483869494
483861448
483853400
483845350
483837298
483829244
483821188
483813130
483805070
483797008
483788944
483780878
483772810
483764740
483756668
483748594
483740518
483732440
483724360
483716278
483708194
483700108
483692020
483683930
483675838
483667744
483659648
483651550
483643450
483635348
483627244
483619138
483611030
483602920
483594808
483586694
483578578
483570460
483562340
483554218
483546094
483537968
483529840
483521710
483513578
483505444
483497308
483489170
483481030
483472888
483464744
483456598
483448450
483440300
483432148
483423994
483415838
483407680
483399520
483391358
483383194
483375028
483366860
483358690
483350518
483342344
483334168
483325990
483317810
483309628
483301444
483293258
483285070
483276880
483268688
483260494
483252298
483244100
483235900
483227698
483219494
483211288
483203080
483194870
483186658
483178444
483170228
483162010
483153790
483145568
483137344
483129118
483120890
483112660
483104428
483096194
483087958
483079720
483071480
483063238
483054994
483046748
483038500
483030250
483021998
483013744
483005488
482997230
482988970
482980708
482972444
482964178
482955910
482947640
482939368
482931094
482922818
482914540
482906260
482897978
482889694
482881408
482873120
482864830
482856538
482848244
482839948
482831650
482823350
482815048
482806744
482798438
482790130
482781820
482773508
482765194
482756878
482748560
482740240
482731918
482723594
482715268
482706940
482698610
482690278
482681944
482673608
482665270
482656930
482648588
482640244
482631898
482623550
482615200
482606848
482598494
482590138
482581780
482573420
482565058
482556694
482548328
482539960
482531590
482523218
482514844
482506468
482498090
482489710
482481328
482472944
482464558
482456170
482447780
482439388
482430994
482422598
482414200
482405800
482397398
482388994
482380588
482372180
482363770
482355358
482346944
482338528
482330110
482321690
482313268
482304844
482296418
482287990
482279560
482271128
482262694
482254258
482245820
482237380
482228938
482220494
482212048
482203600
482195150
482186698
482178244
482169788
482161330
482152870
482144408
482135944
482127478
482119010
482110540
482102068
482093594
482085118
482076640
482068160
482059678
482051194
482042708
482034220
482025730
482017238
482008744
482000248
481991750
481983250
481974748
481966244
481957738
481949230
481940720
481932208
481923694
481915178
481906660
481898140
481889618
481881094
481872568
481864040
481855510
481846978
481838444
481829908
481821370
481812830
481804288
481795744
481787198
481778650
481770100
481761548
481752994
481744438
481735880
481727320
481718758
481710194
481701628
481693060
481684490
481675918
481667344
481658768
481650190
481641610
481633028
481624444
481615858
481607270
481598680
481590088
481581494
481572898
481564300
481555700
481547098
481538494
481529888
481521280
481512670
481504058
481495444
481486828
481478210
481469590
481460968
481452344
481443718
481435090
481426460
481417828
481409194
481400558
481391920
481383280
481374638
481365994
481357348
481348700
481340050
481331398
481322744
481314088
481305430
481296770
481288108
481279444
481270778
481262110
481253440
481244768
481236094
481227418
481218740
481210060
481201378
481192694
481184008
481175320
481166630
481157938
481149244
481140548
481131850
481123150
481114448
481105744
481097038
481088330
481079620
481070908
481062194
481053478
481044760
481036040
481027318
481018594
481009868
481001140
480992410
480983678
480974944
480966208
480957470
480948730
480939988
480931244
480922498
480913750
480905000
480896248
480887494
480878738
480869980
480861220
480852458
480843694
480834928
480826160
480817390
480808618
480799844
480791068
480782290
480773510
480764728
480755944
480747158
480738370
480729580
480720788
480711994
480703198
480694400
480685600
480676798
480667994
480659188
480650380
480641570
480632758
480623944
480615128
480606310
480597490
480588668
480579844
480571018
480562190
480553360
480544528
480535694
480526858
480518020
480509180
480500338
480491494
480482648
480473800
480464950
480456098
480447244
480438388
480429530
480420670
480411808
480402944
480394078
480385210
480376340
480367468
480358594
480349718
480340840
480331960
480323078
480314194
480305308
480296420
480287530
480278638
480269744
480260848
480251950
480243050
480234148
480225244
480216338
480207430
480198520
480189608
480180694
480171778
480162860
480153940
480145018
480136094
480127168
480118240
480109310
480100378
480091444
480082508
480073570
480064630
480055688
480046744
480037798
480028850
480019900
480010948
480001994
479993038
479984080
479975120
479966158
479957194
479948228
479939260
479930290
479921318
479912344
479903368
479894390
479885410
479876428
479867444
479858458
479849470
479840480
479831488
479822494
479813498
479804500
479795500
479786498
479777494
479768488
479759480
479750470
479741458
479732444
479723428
479714410
479705390
479696368
479687344
479678318
479669290
479660260
479651228
479642194
479633158
479624120
479615080
479606038
479596994
479587948
479578900
479569850
479560798
479551744
479542688
479533630
479524570
479515508
479506444
479497378
479488310
479479240
479470168
479461094
479452018
479442940
479433860
479424778
479415694
479406608
479397520
479388430
479379338
479370244
479361148
479352050
479342950
479333848
479324744
479315638
479306530
479297420
479288308
479279194
479270078
479260960
479251840
479242718
479233594
479224468
479215340
479206210
479197078
479187944
479178808
479169670
479160530
479151388
479142244
479133098
479123950
479114800
479105648
479096494
479087338
479078180
479069020
479059858
479050694
479041528
479032360
479023190
479014018
479004844
478995668
478986490
478977310
478968128
478958944
478949758
478940570
478931380
478922188
478912994
478903798
478894600
478885400
478876198
478866994
478857788
478848580
478839370
478830158
478820944
478811728
478802510
478793290
478784068
478774844
478765618
478756390
478747160
478737928
478728694
478719458
478710220
478700980
478691738
478682494
478673248
478664000
478654750
478645498
478636244
478626988
478617730
478608470
478599208
478589944
478580678
478571410
478562140
478552868
478543594
478534318
478525040
478515760
478506478
478497194
478487908
478478620
478469330
478460038
478450744
478441448
478432150
478422850
478413548
478404244
478394938
478385630
478376320
478367008
478357694
478348378
478339060
478329740
478320418
478311094
478301768
478292440
478283110
478273778
478264444
478255108
478245770
478236430
478227088
478217744
478208398
478199050
478189700
478180348
478170994
478161638
478152280
478142920
478133558
478124194
478114828
478105460
478096090
478086718
478077344
478067968
478058590
478049210
478039828
478030444
478021058
478011670
478002280
477992888
477983494
477974098
477964700
477955300
477945898
477936494
477927088
477917680
477908270
477898858
477889444
477880028
477870610
477861190
477851768
477842344
477832918
477823490
477814060
477804628
477795194
477785758
477776320
477766880
477757438
477747994
477738548
477729100
477719650
477710198
477700744
477691288
477681830
477672370
477662908
477653444
477643978
477634510
477625040
477615568
477606094
477596618
477587140
477577660
477568178
477558694
477549208
477539720
477530230
477520738
477511244
477501748
477492250
477482750
477473248
477463744
477454238
477444730
477435220
477425708
477416194
477406678
477397160
477387640
477378118
477368594
477359068
477349540
477340010
477330478
477320944
477311408
477301870
477292330
477282788
477273244
477263698
477254150
477244600
477235048
477225494
477215938
477206380
477196820
477187258
477177694
477168128
477158560
477148990
477139418
477129844
477120268
477110690
477101110
477091528
477081944
477072358
477062770
477053180
477043588
477033994
477024398
477014800
477005200
476995598
476985994
476976388
476966780
476957170
476947558
476937944
476928328
476918710
476909090
476899468
476889844
476880218
476870590
476860960
476851328
476841694
476832058
476822420
476812780
476803138
476793494
476783848
476774200
476764550
476754898
476745244
476735588
476725930
476716270
476706608
476696944
476687278
476677610
476667940
476658268
476648594
476638918
476629240
476619560
476609878
476600194
476590508
476580820
476571130
476561438
476551744
476542048
476532350
476522650
476512948
476503244
476493538
476483830
476474120
476464408
476454694
476444978
476435260
476425540
476415818
476406094
476396368
476386640
476376910
476367178
476357444
476347708
476337970
476328230
476318488
476308744
476298998
476289250
476279500
476269748
476259994
476250238
476240480
476230720
476220958
476211194
476201428
476191660
476181890
476172118
476162344
476152568
476142790
476133010
476123228
476113444
476103658
476093870
476084080
476074288
476064494
476054698
476044900
476035100
476025298
476015494
476005688
475995880
475986070
475976258
475966444
475956628
475946810
475936990
475927168
475917344
475907518
475897690
475887860
475878028
475868194
475858358
475848520
475838680
475828838
475818994
475809148
475799300
475789450
475779598
475769744
475759888
475750030
475740170
475730308
475720444
475710578
475700710
475690840
475680968
475671094
475661218
475651340
475641460
475631578
475621694
475611808
475601920
475592030
475582138
475572244
475562348
475552450
475542550
475532648
475522744
475512838
475502930
475493020
475483108
475473194
475463278
475453360
475443440
475433518
475423594
475413668
475403740
475393810
475383878
475373944
475364008
475354070
475344130
475334188
475324244
475314298
475304350
475294400
475284448
475274494
475264538
475254580
475244620
475234658
475224694
475214728
475204760
475194790
475184818
475174844
475164868
475154890
475144910
475134928
475124944
475114958
475104970
475094980
475084988
475074994
475064998
475055000
475045000
475034998
475024994
475014988
475004980
474994970
474984958
474974944
474964928
474954910
474944890
474934868
474924844
474914818
474904790
474894760
474884728
474874694
474864658
474854620
474844580
474834538
474824494
474814448
474804400
474794350
474784298
474774244
474764188
474754130
474744070
474734008
474723944
474713878
474703810
474693740
474683668
474673594
474663518
474653440
474643360
474633278
474623194
474613108
474603020
474592930
474582838
474572744
474562648
474552550
474542450
474532348
474522244
474512138
474502030
474491920
474481808
474471694
474461578
474451460
474441340
474431218
474421094
474410968
474400840
474390710
474380578
474370444
474360308
474350170
474340030
474329888
474319744
474309598
474299450
474289300
474279148
474268994
474258838
474248680
474238520
474228358
474218194
474208028
474197860
474187690
474177518
474167344
474157168
474146990
474136810
474126628
474116444
474106258
474096070
474085880
474075688
474065494
474055298
474045100
474034900
474024698
474014494
474004288
473994080
473983870
473973658
473963444
473953228
473943010
473932790
473922568
473912344
473902118
473891890
473881660
473871428
473861194
473850958
473840720
473830480
473820238
473809994
473799748
473789500
473779250
473768998
473758744
473748488
473738230
473727970
473717708
473707444
473697178
473686910
473676640
473666368
473656094
473645818
473635540
473625260
473614978
473604694
473594408
473584120
473573830
473563538
473553244
473542948
473532650
473522350
473512048
473501744
473491438
473481130
473470820
473460508
473450194
473439878
473429560
473419240
473408918
473398594
473388268
473377940
473367610
473357278
473346944
473336608
473326270
473315930
473305588
473295244
473284898
473274550
473264200
473253848
473243494
473233138
473222780
473212420
473202058
473191694
473181328
473170960
473160590
473150218
473139844
473129468
473119090
473108710
473098328
473087944
473077558
473067170
473056780
473046388
473035994
473025598
473015200
473004800
472994398
472983994
472973588
472963180
472952770
472942358
472931944
472921528
472911110
472900690
472890268
472879844
472869418
472858990
472848560
472838128
472827694
472817258
472806820
472796380
472785938
472775494
472765048
472754600
472744150
472733698
472723244
472712788
472702330
472691870
472681408
472670944
472660478
472650010
472639540
472629068
472618594
472608118
472597640
472587160
472576678
472566194
472555708
472545220
472534730
472524238
472513744
472503248
472492750
472482250
472471748
472461244
472450738
472440230
472429720
472419208
472408694
472398178
472387660
472377140
472366618
472356094
472345568
472335040
472324510
472313978
472303444
472292908
472282370
472271830
472261288
472250744
472240198
472229650
472219100
472208548
472197994
472187438
472176880
472166320
472155758
472145194
472134628
472124060
472113490
472102918
472092344
472081768
472071190
472060610
472050028
472039444
472028858
472018270
472007680
471997088
471986494
471975898
471965300
471954700
471944098
471933494
471922888
471912280
471901670
471891058
471880444
471869828
471859210
471848590
471837968
471827344
471816718
471806090
471795460
471784828
471774194
471763558
471752920
471742280
471731638
471720994
471710348
471699700
471689050
471678398
471667744
471657088
471646430
471635770
471625108
471614444
471603778
471593110
471582440
471571768
471561094
471550418
471539740
471529060
471518378
471507694
471497008
471486320
471475630
471464938
471454244
471443548
471432850
471422150
471411448
471400744
471390038
471379330
471368620
471357908
471347194
471336478
471325760
471315040
471304318
471293594
471282868
471272140
471261410
471250678
471239944
471229208
471218470
471207730
471196988
471186244
471175498
471164750
471154000
471143248
471132494
471121738
471110980
471100220
471089458
471078694
471067928
471057160
471046390
471035618
471024844
471014068
471003290
470992510
470981728
470970944
470960158
470949370
470938580
470927788
470916994
470906198
470895400
470884600
470873798
470862994
470852188
470841380
470830570
470819758
470808944
470798128
470787310
470776490
470765668
470754844
470744018
470733190
470722360
470711528
470700694
470689858
470679020
470668180
470657338
470646494
470635648
470624800
470613950
470603098
470592244
470581388
470570530
470559670
470548808
470537944
470527078
470516210
470505340
470494468
470483594
470472718
470461840
470450960
470440078
470429194
470418308
470407420
470396530
470385638
470374744
470363848
470352950
470342050
470331148
470320244
470309338
470298430
470287520
470276608
470265694
470254778
470243860
470232940
470222018
470211094
470200168
470189240
470178310
470167378
470156444
470145508
470134570
470123630
470112688
470101744
470090798
470079850
470068900
470057948
470046994
470036038
470025080
470014120
470003158
469992194
469981228
469970260
469959290
469948318
469937344
469926368
469915390
469904410
469893428
469882444
469871458
469860470
469849480
469838488
469827494
469816498
469805500
469794500
469783498
469772494
469761488
469750480
469739470
469728458
469717444
469706428
469695410
469684390
469673368
469662344
469651318
469640290
469629260
469618228
469607194
469596158
469585120
469574080
469563038
469551994
469540948
469529900
469518850
469507798
469496744
469485688
469474630
469463570
469452508
469441444
469430378
469419310
469408240
469397168
469386094
469375018
469363940
469352860
469341778
469330694
469319608
469308520
469297430
469286338
469275244
469264148
469253050
469241950
469230848
469219744
469208638
469197530
469186420
469175308
469164194
469153078
469141960
469130840
469119718
469108594
469097468
469086340
469075210
469064078
469052944
469041808
469030670
469019530
469008388
468997244
468986098
468974950
468963800
468952648
468941494
468930338
468919180
468908020
468896858
468885694
468874528
468863360
468852190
468841018
468829844
468818668
468807490
468796310
468785128
468773944
468762758
468751570
468740380
468729188
468717994
468706798
468695600
468684400
468673198
468661994
468650788
468639580
468628370
468617158
468605944
468594728
468583510
468572290
468561068
468549844
468538618
468527390
468516160
468504928
468493694
468482458
468471220
468459980
468448738
468437494
468426248
468415000
468403750
468392498
468381244
468369988
468358730
468347470
468336208
468324944
468313678
468302410
468291140
468279868
468268594
468257318
468246040
468234760
468223478
468212194
468200908
468189620
468178330
468167038
468155744
468144448
468133150
468121850
468110548
468099244
468087938
468076630
468065320
468054008
468042694
468031378
468020060
468008740
467997418
467986094
467974768
467963440
467952110
467940778
467929444
467918108
467906770
467895430
467884088
467872744
467861398
467850050
467838700
467827348
467815994
467804638
467793280
467781920
467770558
467759194
467747828
467736460
467725090
467713718
467702344
467690968
467679590
467668210
467656828
467645444
467634058
467622670
467611280
467599888
467588494
467577098
467565700
467554300
467542898
467531494
467520088
467508680
467497270
467485858
467474444
467463028
467451610
467440190
467428768
467417344
467405918
467394490
467383060
467371628
467360194
467348758
467337320
467325880
467314438
467302994
467291548
467280100
467268650
467257198
467245744
467234288
467222830
467211370
467199908
467188444
467176978
467165510
467154040
467142568
467131094
467119618
467108140
467096660
467085178
467073694
467062208
467050720
467039230
467027738
467016244
467004748
466993250
466981750
466970248
466958744
466947238
466935730
466924220
466912708
466901194
466889678
466878160
466866640
466855118
466843594
466832068
466820540
466809010
466797478
466785944
466774408
466762870
466751330
466739788
466728244
466716698
466705150
466693600
466682048
466670494
466658938
466647380
466635820
466624258
466612694
466601128
466589560
466577990
466566418
466554844
466543268
466531690
466520110
466508528
466496944
466485358
466473770
466462180
466450588
466438994
466427398
466415800
466404200
466392598
466380994
466369388
466357780
466346170
466334558
466322944
466311328
466299710
466288090
466276468
466264844
466253218
466241590
466229960
466218328
466206694
466195058
466183420
466171780
466160138
466148494
466136848
466125200
466113550
466101898
466090244
466078588
466066930
466055270
466043608
466031944
466020278
466008610
465996940
465985268
465973594
465961918
465950240
465938560
465926878
465915194
465903508
465891820
465880130
465868438
465856744
465845048
465833350
465821650
465809948
465798244
465786538
465774830
465763120
465751408
465739694
465727978
465716260
465704540
465692818
465681094
465669368
465657640
465645910
465634178
465622444
465610708
465598970
465587230
465575488
465563744
465551998
465540250
465528500
465516748
465504994
465493238
465481480
465469720
465457958
465446194
465434428
465422660
465410890
465399118
465387344
465375568
465363790
465352010
465340228
465328444
465316658
465304870
465293080
465281288
465269494
465257698
465245900
465234100
465222298
465210494
465198688
465186880
465175070
465163258
465151444
465139628
465127810
465115990
465104168
465092344
465080518
465068690
465056860
465045028
465033194
465021358
465009520
464997680
464985838
464973994
464962148
464950300
464938450
464926598
464914744
464902888
464891030
464879170
464867308
464855444
464843578
464831710
464819840
464807968
464796094
464784218
464772340
464760460
464748578
464736694
464724808
464712920
464701030
464689138
464677244
464665348
464653450
464641550
464629648
464617744
464605838
464593930
464582020
464570108
464558194
464546278
464534360
464522440
464510518
464498594
464486668
464474740
464462810
464450878
464438944
464427008
464415070
464403130
464391188
464379244
464367298
464355350
464343400
464331448
464319494
464307538
464295580
464283620
464271658
464259694
464247728
464235760
464223790
464211818
464199844
464187868
464175890
464163910
464151928
464139944
464127958
464115970
464103980
464091988
464079994
464067998
464056000
464044000
464031998
464019994
464007988
463995980
463983970
463971958
463959944
463947928
463935910
463923890
463911868
463899844
463887818
463875790
463863760
463851728
463839694
463827658
463815620
463803580
463791538
463779494
463767448
463755400
463743350
463731298
463719244
463707188
463695130
463683070
463671008
463658944
463646878
463634810
463622740
463610668
463598594
463586518
463574440
463562360
463550278
463538194
463526108
463514020
463501930
463489838
463477744
463465648
463453550
463441450
463429348
463417244
463405138
463393030
463380920
463368808
463356694
463344578
463332460
463320340
463308218
463296094
463283968
463271840
463259710
463247578
463235444
463223308
463211170
463199030
463186888
463174744
463162598
463150450
463138300
463126148
463113994
463101838
463089680
463077520
463065358
463053194
463041028
463028860
463016690
463004518
462992344
462980168
462967990
462955810
462943628
462931444
462919258
462907070
462894880
462882688
462870494
462858298
462846100
462833900
462821698
462809494
462797288
462785080
462772870
462760658
462748444
462736228
462724010
462711790
462699568
462687344
462675118
462662890
462650660
462638428
462626194
462613958
462601720
462589480
462577238
462564994
462552748
462540500
462528250
462515998
462503744
462491488
462479230
462466970
462454708
462442444
462430178
462417910
462405640
462393368
462381094
462368818
462356540
462344260
462331978
462319694
462307408
462295120
462282830
462270538
462258244
462245948
462233650
462221350
462209048
462196744
462184438
462172130
462159820
462147508
462135194
462122878
462110560
462098240
462085918
462073594
462061268
462048940
462036610
462024278
462011944
461999608
461987270
461974930
461962588
461950244
461937898
461925550
461913200
461900848
461888494
461876138
461863780
461851420
461839058
461826694
461814328
461801960
461789590
461777218
461764844
461752468
461740090
461727710
461715328
461702944
461690558
461678170
461665780
461653388
461640994
461628598
461616200
461603800
461591398
461578994
461566588
461554180
461541770
461529358
461516944
461504528
461492110
461479690
461467268
461454844
461442418
461429990
461417560
461405128
461392694
461380258
461367820
461355380
461342938
461330494
461318048
461305600
461293150
461280698
461268244
461255788
461243330
461230870
461218408
461205944
461193478
461181010
461168540
461156068
461143594
461131118
461118640
461106160
461093678
461081194
461068708
461056220
461043730
461031238
461018744
461006248
460993750
460981250
460968748
460956244
460943738
460931230
460918720
460906208
460893694
460881178
460868660
460856140
460843618
460831094
460818568
460806040
460793510
460780978
460768444
460755908
460743370
460730830
460718288
460705744
460693198
460680650
460668100
460655548
460642994
460630438
460617880
460605320
460592758
460580194
460567628
460555060
460542490
460529918
460517344
460504768
460492190
460479610
460467028
460454444
460441858
460429270
460416680
460404088
460391494
460378898
460366300
460353700
460341098
460328494
460315888
460303280
460290670
460278058
460265444
460252828
460240210
460227590
460214968
460202344
460189718
460177090
460164460
460151828
460139194
460126558
460113920
460101280
460088638
460075994
460063348
460050700
460038050
460025398
460012744
460000088
459987430
459974770
459962108
459949444
459936778
459924110
459911440
459898768
459886094
459873418
459860740
459848060
459835378
459822694
459810008
459797320
459784630
459771938
459759244
459746548
459733850
459721150
459708448
459695744
459683038
459670330
459657620
459644908
459632194
459619478
459606760
459594040
459581318
459568594
459555868
459543140
459530410
459517678
459504944
459492208
459479470
459466730
459453988
459441244
459428498
459415750
459403000
459390248
459377494
459364738
459351980
459339220
459326458
459313694
459300928
459288160
459275390
459262618
459249844
459237068
459224290
459211510
459198728
459185944
459173158
459160370
459147580
459134788
459121994
459109198
459096400
459083600
459070798
459057994
459045188
459032380
459019570
459006758
458993944
458981128
458968310
458955490
458942668
458929844
458917018
458904190
458891360
458878528
458865694
458852858
458840020
458827180
458814338
458801494
458788648
458775800
458762950
458750098
458737244
458724388
458711530
458698670
458685808
458672944
458660078
458647210
458634340
458621468
458608594
458595718
458582840
458569960
458557078
458544194
458531308
458518420
458505530
458492638
458479744
458466848
458453950
458441050
458428148
458415244
458402338
458389430
458376520
458363608
458350694
458337778
458324860
458311940
458299018
458286094
458273168
458260240
458247310
458234378
458221444
458208508
458195570
458182630
458169688
458156744
458143798
458130850
458117900
458104948
458091994
458079038
458066080
458053120
458040158
458027194
458014228
458001260
457988290
457975318
457962344
457949368
457936390
457923410
457910428
457897444
457884458
457871470
457858480
457845488
457832494
457819498
457806500
457793500
457780498
457767494
457754488
457741480
457728470
457715458
457702444
457689428
457676410
457663390
457650368
457637344
457624318
457611290
457598260
457585228
457572194
457559158
457546120
457533080
457520038
457506994
457493948
457480900
457467850
457454798
457441744
457428688
457415630
457402570
457389508
457376444
457363378
457350310
457337240
457324168
457311094
457298018
457284940
457271860
457258778
457245694
457232608
457219520
457206430
457193338
457180244
457167148
457154050
457140950
457127848
457114744
457101638
457088530
457075420
457062308
457049194
457036078
457022960
457009840
456996718
456983594
456970468
456957340
456944210
456931078
456917944
456904808
456891670
456878530
456865388
456852244
456839098
456825950
456812800
456799648
456786494
456773338
456760180
456747020
456733858
456720694
456707528
456694360
456681190
456668018
456654844
456641668
456628490
456615310
456602128
456588944
456575758
456562570
456549380
456536188
456522994
456509798
456496600
456483400
456470198
456456994
456443788
456430580
456417370
456404158
456390944
456377728
456364510
456351290
456338068
456324844
456311618
456298390
456285160
456271928
456258694
456245458
456232220
456218980
456205738
456192494
456179248
456166000
456152750
456139498
456126244
456112988
456099730
456086470
456073208
456059944
456046678
456033410
456020140
456006868
455993594
455980318
455967040
455953760
455940478
455927194
455913908
455900620
455887330
455874038
455860744
455847448
455834150
455820850
455807548
455794244
455780938
455767630
455754320
455741008
455727694
455714378
455701060
455687740
455674418
455661094
455647768
455634440
455621110
455607778
455594444
455581108
455567770
455554430
455541088
455527744
455514398
455501050
455487700
455474348
455460994
455447638
455434280
455420920
455407558
455394194
455380828
455367460
455354090
455340718
455327344
455313968
455300590
455287210
455273828
455260444
455247058
455233670
455220280
455206888
455193494
455180098
455166700
455153300
455139898
455126494
455113088
455099680
455086270
455072858
455059444
455046028
455032610
455019190
455005768
454992344
454978918
454965490
454952060
454938628
454925194
454911758
454898320
454884880
454871438
454857994
454844548
454831100
454817650
454804198
454790744
454777288
454763830
454750370
454736908
454723444
454709978
454696510
454683040
454669568
454656094
454642618
454629140
454615660
454602178
454588694
454575208
454561720
454548230
454534738
454521244
454507748
454494250
454480750
454467248
454453744
454440238
454426730
454413220
454399708
454386194
454372678
454359160
454345640
454332118
454318594
454305068
454291540
454278010
454264478
454250944
454237408
454223870
454210330
454196788
454183244
454169698
454156150
454142600
454129048
454115494
454101938
454088380
454074820
454061258
454047694
454034128
454020560
454006990
453993418
453979844
453966268
453952690
453939110
453925528
453911944
453898358
453884770
453871180
453857588
453843994
453830398
453816800
453803200
453789598
453775994
453762388
453748780
453735170
453721558
453707944
453694328
453680710
453667090
453653468
453639844
453626218
453612590
453598960
453585328
453571694
453558058
453544420
453530780
453517138
453503494
453489848
453476200
453462550
453448898
453435244
453421588
453407930
453394270
453380608
453366944
453353278
453339610
453325940
453312268
453298594
453284918
453271240
453257560
453243878
453230194
453216508
453202820
453189130
453175438
453161744
453148048
453134350
453120650
453106948
453093244
453079538
453065830
453052120
453038408
453024694
453010978
452997260
452983540
452969818
452956094
452942368
452928640
452914910
452901178
452887444
452873708
452859970
452846230
452832488
452818744
452804998
452791250
452777500
452763748
452749994
452736238
452722480
452708720
452694958
452681194
452667428
452653660
452639890
452626118
452612344
452598568
452584790
452571010
452557228
452543444
452529658
452515870
452502080
452488288
452474494
452460698
452446900
452433100
452419298
452405494
452391688
452377880
452364070
452350258
452336444
452322628
452308810
452294990
452281168
452267344
452253518
452239690
452225860
452212028
452198194
452184358
452170520
452156680
452142838
452128994
452115148
452101300
452087450
452073598
452059744
452045888
452032030
452018170
452004308
451990444
451976578
451962710
451948840
451934968
451921094
451907218
451893340
451879460
451865578
451851694
451837808
451823920
451810030
451796138
451782244
451768348
451754450
451740550
451726648
451712744
451698838
451684930
451671020
451657108
451643194
451629278
451615360
451601440
451587518
451573594
451559668
451545740
451531810
451517878
451503944
451490008
451476070
451462130
451448188
451434244
451420298
451406350
451392400
451378448
451364494
451350538
451336580
451322620
451308658
451294694
451280728
451266760
451252790
451238818
451224844
451210868
451196890
451182910
451168928
451154944
451140958
451126970
451112980
451098988
451084994
451070998
451057000
451043000
451028998
451014994
451000988
450986980
450972970
450958958
450944944
450930928
450916910
450902890
450888868
450874844
450860818
450846790
450832760
450818728
450804694
450790658
450776620
450762580
450748538
450734494
450720448
450706400
450692350
450678298
450664244
450650188
450636130
450622070
450608008
450593944
450579878
450565810
450551740
450537668
450523594
450509518
450495440
450481360
450467278
450453194
450439108
450425020
450410930
450396838
450382744
450368648
450354550
450340450
450326348
450312244
450298138
450284030
450269920
450255808
450241694
450227578
450213460
450199340
450185218
450171094
450156968
450142840
450128710
450114578
450100444
450086308
450072170
450058030
450043888
450029744
450015598
450001450
449987300
449973148
449958994
449944838
449930680
449916520
449902358
449888194
449874028
449859860
449845690
449831518
449817344
449803168
449788990
449774810
449760628
449746444
449732258
449718070
449703880
449689688
449675494
449661298
449647100
449632900
449618698
449604494
449590288
449576080
449561870
449547658
449533444
449519228
449505010
449490790
449476568
449462344
449448118
449433890
449419660
449405428
449391194
449376958
449362720
449348480
449334238
449319994
449305748
449291500
449277250
449262998
449248744
449234488
449220230
449205970
449191708
449177444
449163178
449148910
449134640
449120368
449106094
449091818
449077540
449063260
449048978
449034694
449020408
449006120
448991830
448977538
448963244
448948948
448934650
448920350
448906048
448891744
448877438
448863130
448848820
448834508
448820194
448805878
448791560
448777240
448762918
448748594
448734268
448719940
448705610
448691278
448676944
448662608
448648270
448633930
448619588
448605244
448590898
448576550
448562200
448547848
448533494
448519138
448504780
448490420
448476058
448461694
448447328
448432960
448418590
448404218
448389844
448375468
448361090
448346710
448332328
448317944
448303558
448289170
448274780
448260388
448245994
448231598
448217200
448202800
448188398
448173994
448159588
448145180
448130770
448116358
448101944
448087528
448073110
448058690
448044268
448029844
448015418
448000990
447986560
447972128
447957694
447943258
447928820
447914380
447899938
447885494
447871048
447856600
447842150
447827698
447813244
447798788
447784330
447769870
447755408
447740944
447726478
447712010
447697540
447683068
447668594
447654118
447639640
447625160
447610678
447596194
447581708
447567220
447552730
447538238
447523744
447509248
447494750
447480250
447465748
447451244
447436738
447422230
447407720
447393208
447378694
447364178
447349660
447335140
447320618
447306094
447291568
447277040
447262510
447247978
447233444
447218908
447204370
447189830
447175288
447160744
447146198
447131650
447117100
447102548
447087994
447073438
447058880
447044320
447029758
447015194
447000628
446986060
446971490
446956918
446942344
446927768
446913190
446898610
446884028
446869444
446854858
446840270
446825680
446811088
446796494
446781898
446767300
446752700
446738098
446723494
446708888
446694280
446679670
446665058
446650444
446635828
446621210
446606590
446591968
446577344
446562718
446548090
446533460
446518828
446504194
446489558
446474920
446460280
446445638
446430994
446416348
446401700
446387050
446372398
446357744
446343088
446328430
446313770
446299108
446284444
446269778
446255110
446240440
446225768
446211094
446196418
446181740
446167060
446152378
446137694
446123008
446108320
446093630
446078938
446064244
446049548
446034850
446020150
446005448
445990744
445976038
445961330
445946620
445931908
445917194
445902478
445887760
445873040
445858318
445843594
445828868
445814140
445799410
445784678
445769944
445755208
445740470
445725730
445710988
445696244
445681498
445666750
445652000
445637248
445622494
445607738
445592980
445578220
445563458
445548694
445533928
445519160
445504390
445489618
445474844
445460068
445445290
445430510
445415728
445400944
445386158
445371370
445356580
445341788
445326994
445312198
445297400
445282600
445267798
445252994
445238188
445223380
445208570
445193758
445178944
445164128
445149310
445134490
445119668
445104844
445090018
445075190
445060360
445045528
445030694
445015858
445001020
444986180
444971338
444956494
444941648
444926800
444911950
444897098
444882244
444867388
444852530
444837670
444822808
444807944
444793078
444778210
444763340
444748468
444733594
444718718
444703840
444688960
444674078
444659194
444644308
444629420
444614530
444599638
444584744
444569848
444554950
444540050
444525148
444510244
444495338
444480430
444465520
444450608
444435694
444420778
444405860
444390940
444376018
444361094
444346168
444331240
444316310
444301378
444286444
444271508
444256570
444241630
444226688
444211744
444196798
444181850
444166900
444151948
444136994
444122038
444107080
444092120
444077158
444062194
444047228
444032260
444017290
444002318
443987344
443972368
443957390
443942410
443927428
443912444
443897458
443882470
443867480
443852488
443837494
443822498
443807500
443792500
443777498
443762494
443747488
443732480
443717470
443702458
443687444
443672428
443657410
443642390
443627368
443612344
443597318
443582290
443567260
443552228
443537194
443522158
443507120
443492080
443477038
443461994
443446948
443431900
443416850
443401798
443386744
443371688
443356630
443341570
443326508
443311444
443296378
443281310
443266240
443251168
443236094
443221018
443205940
443190860
443175778
443160694
443145608
443130520
443115430
443100338
443085244
443070148
443055050
443039950
443024848
443009744
442994638
442979530
442964420
442949308
442934194
442919078
442903960
442888840
442873718
442858594
442843468
442828340
442813210
442798078
442782944
442767808
442752670
442737530
442722388
442707244
442692098
442676950
442661800
442646648
442631494
442616338
442601180
442586020
442570858
442555694
442540528
442525360
442510190
442495018
442479844
442464668
442449490
442434310
442419128
442403944
442388758
442373570
442358380
442343188
442327994
442312798
442297600
442282400
442267198
442251994
442236788
442221580
442206370
442191158
442175944
442160728
442145510
442130290
442115068
442099844
442084618
442069390
442054160
442038928
442023694
442008458
441993220
441977980
441962738
441947494
441932248
441917000
441901750
441886498
441871244
441855988
441840730
441825470
441810208
441794944
441779678
441764410
441749140
441733868
441718594
441703318
441688040
441672760
441657478
441642194
441626908
441611620
441596330
441581038
441565744
441550448
441535150
441519850
441504548
441489244
441473938
441458630
441443320
441428008
441412694
441397378
441382060
441366740
441351418
441336094
441320768
441305440
441290110
441274778
441259444
441244108
441228770
441213430
441198088
441182744
441167398
441152050
441136700
441121348
441105994
441090638
441075280
441059920
441044558
441029194
441013828
440998460
440983090
440967718
440952344
440936968
440921590
440906210
440890828
440875444
440860058
440844670
440829280
440813888
440798494
440783098
440767700
440752300
440736898
440721494
440706088
440690680
440675270
440659858
440644444
440629028
440613610
440598190
440582768
440567344
440551918
440536490
440521060
440505628
440490194
440474758
440459320
440443880
440428438
440412994
440397548
440382100
440366650
440351198
440335744
440320288
440304830
440289370
440273908
440258444
440242978
440227510
440212040
440196568
440181094
440165618
440150140
440134660
440119178
440103694
440088208
440072720
440057230
440041738
440026244
440010748
439995250
439979750
439964248
439948744
439933238
439917730
439902220
439886708
439871194
439855678
439840160
439824640
439809118
439793594
439778068
439762540
439747010
439731478
439715944
439700408
439684870
439669330
439653788
439638244
439622698
439607150
439591600
439576048
439560494
439544938
439529380
439513820
439498258
439482694
439467128
439451560
439435990
439420418
439404844
439389268
439373690
439358110
439342528
439326944
439311358
439295770
439280180
439264588
439248994
439233398
439217800
439202200
439186598
439170994
439155388
439139780
439124170
439108558
439092944
439077328
439061710
439046090
439030468
439014844
438999218
438983590
438967960
438952328
438936694
438921058
438905420
438889780
438874138
438858494
438842848
438827200
438811550
438795898
438780244
438764588
438748930
438733270
438717608
438701944
438686278
438670610
438654940
438639268
438623594
438607918
438592240
438576560
438560878
438545194
438529508
438513820
438498130
438482438
438466744
438451048
438435350
438419650
438403948
438388244
438372538
438356830
438341120
438325408
438309694
438293978
438278260
438262540
438246818
438231094
438215368
438199640
438183910
438168178
438152444
438136708
438120970
438105230
438089488
438073744
438057998
438042250
438026500
438010748
437994994
437979238
437963480
437947720
437931958
437916194
437900428
437884660
437868890
437853118
437837344
437821568
437805790
437790010
437774228
437758444
437742658
437726870
437711080
437695288
437679494
437663698
437647900
437632100
437616298
437600494
437584688
437568880
437553070
437537258
437521444
437505628
437489810
437473990
437458168
437442344
437426518
437410690
437394860
437379028
437363194
437347358
437331520
437315680
437299838
437283994
437268148
437252300
437236450
437220598
437204744
437188888
437173030
437157170
437141308
437125444
437109578
437093710
437077840
437061968
437046094
437030218
437014340
436998460
436982578
436966694
436950808
436934920
436919030
436903138
436887244
436871348
436855450
436839550
436823648
436807744
436791838
436775930
436760020
436744108
436728194
436712278
436696360
436680440
436664518
436648594
436632668
436616740
436600810
436584878
436568944
436553008
436537070
436521130
436505188
436489244
436473298
436457350
436441400
436425448
436409494
436393538
436377580
436361620
436345658
436329694
436313728
436297760
436281790
436265818
436249844
436233868
436217890
436201910
436185928
436169944
436153958
436137970
436121980
436105988
436089994
436073998
436058000
436042000
436025998
436009994
435993988
435977980
435961970
435945958
435929944
435913928
435897910
435881890
435865868
435849844
435833818
435817790
435801760
435785728
435769694
435753658
435737620
435721580
435705538
435689494
435673448
435657400
435641350
435625298
435609244
435593188
435577130
435561070
435545008
435528944
435512878
435496810
435480740
435464668
435448594
435432518
435416440
435400360
435384278
435368194
435352108
435336020
435319930
435303838
435287744
435271648
435255550
435239450
435223348
435207244
435191138
435175030
435158920
435142808
435126694
435110578
435094460
435078340
435062218
435046094
435029968
435013840
434997710
434981578
434965444
434949308
434933170
434917030
434900888
434884744
434868598
434852450
434836300
434820148
434803994
434787838
434771680
434755520
434739358
434723194
434707028
434690860
434674690
434658518
434642344
434626168
434609990
434593810
434577628
434561444
434545258
434529070
434512880
434496688
434480494
434464298
434448100
434431900
434415698
434399494
434383288
434367080
434350870
434334658
434318444
434302228
434286010
434269790
434253568
434237344
434221118
434204890
434188660
434172428
434156194
434139958
434123720
434107480
434091238
434074994
434058748
434042500
434026250
434009998
433993744
433977488
433961230
433944970
433928708
433912444
433896178
433879910
433863640
433847368
433831094
433814818
433798540
433782260
433765978
433749694
433733408
433717120
433700830
433684538
433668244
433651948
433635650
433619350
433603048
433586744
433570438
433554130
433537820
433521508
433505194
433488878
433472560
433456240
433439918
433423594
433407268
433390940
433374610
433358278
433341944
433325608
433309270
433292930
433276588
433260244
433243898
433227550
433211200
433194848
433178494
433162138
433145780
433129420
433113058
433096694
433080328
433063960
433047590
433031218
433014844
432998468
432982090
432965710
432949328
432932944
432916558
432900170
432883780
432867388
432850994
432834598
432818200
432801800
432785398
432768994
432752588
432736180
432719770
432703358
432686944
432670528
432654110
432637690
432621268
432604844
432588418
432571990
432555560
432539128
432522694
432506258
432489820
432473380
432456938
432440494
432424048
432407600
432391150
432374698
432358244
432341788
432325330
432308870
432292408
432275944
432259478
432243010
432226540
432210068
432193594
432177118
432160640
432144160
432127678
432111194
432094708
432078220
432061730
432045238
432028744
432012248
431995750
431979250
431962748
431946244
431929738
431913230
431896720
431880208
431863694
431847178
431830660
431814140
431797618
431781094
431764568
431748040
431731510
431714978
431698444
431681908
431665370
431648830
431632288
431615744
431599198
431582650
431566100
431549548
431532994
431516438
431499880
431483320
431466758
431450194
431433628
431417060
431400490
431383918
431367344
431350768
431334190
431317610
431301028
431284444
431267858
431251270
431234680
431218088
431201494
431184898
431168300
431151700
431135098
431118494
431101888
431085280
431068670
431052058
431035444
431018828
431002210
430985590
430968968
430952344
430935718
430919090
430902460
430885828
430869194
430852558
430835920
430819280
430802638
430785994
430769348
430752700
430736050
430719398
430702744
430686088
430669430
430652770
430636108
430619444
430602778
430586110
430569440
430552768
430536094
430519418
430502740
430486060
430469378
430452694
430436008
430419320
430402630
430385938
430369244
430352548
430335850
430319150
430302448
430285744
430269038
430252330
430235620
430218908
430202194
430185478
430168760
430152040
430135318
430118594
430101868
430085140
430068410
430051678
430034944
430018208
430001470
429984730
429967988
429951244
429934498
429917750
429901000
429884248
429867494
429850738
429833980
429817220
429800458
429783694
429766928
429750160
429733390
429716618
429699844
429683068
429666290
429649510
429632728
429615944
429599158
429582370
429565580
429548788
429531994
429515198
429498400
429481600
429464798
429447994
429431188
429414380
429397570
429380758
429363944
429347128
429330310
429313490
429296668
429279844
429263018
429246190
429229360
429212528
429195694
429178858
429162020
429145180
429128338
429111494
429094648
429077800
429060950
429044098
429027244
429010388
428993530
428976670
428959808
428942944
428926078
428909210
428892340
428875468
428858594
428841718
428824840
428807960
428791078
428774194
428757308
428740420
428723530
428706638
428689744
428672848
428655950
428639050
428622148
428605244
428588338
428571430
428554520
428537608
428520694
428503778
428486860
428469940
428453018
428436094
428419168
428402240
428385310
428368378
428351444
428334508
428317570
428300630
428283688
428266744
428249798
428232850
428215900
428198948
428181994
428165038
428148080
428131120
428114158
428097194
428080228
428063260
428046290
428029318
428012344
427995368
427978390
427961410
427944428
427927444
427910458
427893470
427876480
427859488
427842494
427825498
427808500
427791500
427774498
427757494
427740488
427723480
427706470
427689458
427672444
427655428
427638410
427621390
427604368
427587344
427570318
427553290
427536260
427519228
427502194
427485158
427468120
427451080
427434038
427416994
427399948
427382900
427365850
427348798
427331744
427314688
427297630
427280570
427263508
427246444
427229378
427212310
427195240
427178168
427161094
427144018
427126940
427109860
427092778
427075694
427058608
427041520
427024430
427007338
426990244
426973148
426956050
426938950
426921848
426904744
426887638
426870530
426853420
426836308
426819194
426802078
426784960
426767840
426750718
426733594
426716468
426699340
426682210
426665078
426647944
426630808
426613670
426596530
426579388
426562244
426545098
426527950
426510800
426493648
426476494
426459338
426442180
426425020
426407858
426390694
426373528
426356360
426339190
426322018
426304844
426287668
426270490
426253310
426236128
426218944
426201758
426184570
426167380
426150188
426132994
426115798
426098600
426081400
426064198
426046994
426029788
426012580
425995370
425978158
425960944
425943728
425926510
425909290
425892068
425874844
425857618
425840390
425823160
425805928
425788694
425771458
425754220
425736980
425719738
425702494
425685248
425668000
425650750
425633498
425616244
425598988
425581730
425564470
425547208
425529944
425512678
425495410
425478140
425460868
425443594
425426318
425409040
425391760
425374478
425357194
425339908
425322620
425305330
425288038
425270744
425253448
425236150
425218850
425201548
425184244
425166938
425149630
425132320
425115008
425097694
425080378
425063060
425045740
425028418
425011094
424993768
424976440
424959110
424941778
424924444
424907108
424889770
424872430
424855088
424837744
424820398
424803050
424785700
424768348
424750994
424733638
424716280
424698920
424681558
424664194
424646828
424629460
424612090
424594718
424577344
424559968
424542590
424525210
424507828
424490444
424473058
424455670
424438280
424420888
424403494
424386098
424368700
424351300
424333898
424316494
424299088
424281680
424264270
424246858
424229444
424212028
424194610
424177190
424159768
424142344
424124918
424107490
424090060
424072628
424055194
424037758
424020320
424002880
423985438
423967994
423950548
423933100
423915650
423898198
423880744
423863288
423845830
423828370
423810908
423793444
423775978
423758510
423741040
423723568
423706094
423688618
423671140
423653660
423636178
423618694
423601208
423583720
423566230
423548738
423531244
423513748
423496250
423478750
423461248
423443744
423426238
423408730
423391220
423373708
423356194
423338678
423321160
423303640
423286118
423268594
423251068
423233540
423216010
423198478
423180944
423163408
423145870
423128330
423110788
423093244
423075698
423058150
423040600
423023048
423005494
422987938
422970380
422952820
422935258
422917694
422900128
422882560
422864990
422847418
422829844
422812268
422794690
422777110
422759528
422741944
422724358
422706770
422689180
422671588
422653994
422636398
422618800
422601200
422583598
422565994
422548388
422530780
422513170
422495558
422477944
422460328
422442710
422425090
422407468
422389844
422372218
422354590
422336960
422319328
422301694
422284058
422266420
422248780
422231138
422213494
422195848
422178200
422160550
422142898
422125244
422107588
422089930
422072270
422054608
422036944
422019278
422001610
421983940
421966268
421948594
421930918
421913240
421895560
421877878
421860194
421842508
421824820
421807130
421789438
421771744
421754048
421736350
421718650
421700948
421683244
421665538
421647830
421630120
421612408
421594694
421576978
421559260
421541540
421523818
421506094
421488368
421470640
421452910
421435178
421417444
421399708
421381970
421364230
421346488
421328744
421310998
421293250
421275500
421257748
421239994
421222238
421204480
421186720
421168958
421151194
421133428
421115660
421097890
421080118
421062344
421044568
421026790
421009010
420991228
420973444
420955658
420937870
420920080
420902288
420884494
420866698
420848900
420831100
420813298
420795494
420777688
420759880
420742070
420724258
420706444
420688628
420670810
420652990
420635168
420617344
420599518
420581690
420563860
420546028
420528194
420510358
420492520
420474680
420456838
420438994
420421148
420403300
420385450
420367598
420349744
420331888
420314030
420296170
420278308
420260444
420242578
420224710
420206840
420188968
420171094
420153218
420135340
420117460
420099578
420081694
420063808
420045920
420028030
420010138
419992244
419974348
419956450
419938550
419920648
419902744
419884838
419866930
419849020
419831108
419813194
419795278
419777360
419759440
419741518
419723594
419705668
419687740
419669810
419651878
419633944
419616008
419598070
419580130
419562188
419544244
419526298
419508350
419490400
419472448
419454494
419436538
419418580
419400620
419382658
419364694
419346728
419328760
419310790
419292818
419274844
419256868
419238890
419220910
419202928
419184944
419166958
419148970
419130980
419112988
419094994
419076998
419059000
419041000
419022998
419004994
418986988
418968980
418950970
418932958
418914944
418896928
418878910
418860890
418842868
418824844
418806818
418788790
418770760
418752728
418734694
418716658
418698620
418680580
418662538
418644494
418626448
418608400
418590350
418572298
418554244
418536188
418518130
418500070
418482008
418463944
418445878
418427810
418409740
418391668
418373594
418355518
418337440
418319360
418301278
418283194
418265108
418247020
418228930
418210838
418192744
418174648
418156550
418138450
418120348
418102244
418084138
418066030
418047920
418029808
418011694
417993578
417975460
417957340
417939218
417921094
417902968
417884840
417866710
417848578
417830444
417812308
417794170
417776030
417757888
417739744
417721598
417703450
417685300
417667148
417648994
417630838
417612680
417594520
417576358
417558194
417540028
417521860
417503690
417485518
417467344
417449168
417430990
417412810
417394628
417376444
417358258
417340070
417321880
417303688
417285494
417267298
417249100
417230900
417212698
417194494
417176288
417158080
417139870
417121658
417103444
417085228
417067010
417048790
417030568
417012344
416994118
416975890
416957660
416939428
416921194
416902958
416884720
416866480
416848238
416829994
416811748
416793500
416775250
416756998
416738744
416720488
416702230
416683970
416665708
416647444
416629178
416610910
416592640
416574368
416556094
416537818
416519540
416501260
416482978
416464694
416446408
416428120
416409830
416391538
416373244
416354948
416336650
416318350
416300048
416281744
416263438
416245130
416226820
416208508
416190194
416171878
416153560
416135240
416116918
416098594
416080268
416061940
416043610
416025278
416006944
415988608
415970270
415951930
415933588
415915244
415896898
415878550
415860200
415841848
415823494
415805138
415786780
415768420
415750058
415731694
415713328
415694960
415676590
415658218
415639844
415621468
415603090
415584710
415566328
415547944
415529558
415511170
415492780
415474388
415455994
415437598
415419200
415400800
415382398
415363994
415345588
415327180
415308770
415290358
415271944
415253528
415235110
415216690
415198268
415179844
415161418
415142990
415124560
415106128
415087694
415069258
415050820
415032380
415013938
414995494
414977048
414958600
414940150
414921698
414903244
414884788
414866330
414847870
414829408
414810944
414792478
414774010
414755540
414737068
414718594
414700118
414681640
414663160
414644678
414626194
414607708
414589220
414570730
414552238
414533744
414515248
414496750
414478250
414459748
414441244
414422738
414404230
414385720
414367208
414348694
414330178
414311660
414293140
414274618
414256094
414237568
414219040
414200510
414181978
414163444
414144908
414126370
414107830
414089288
414070744
414052198
414033650
414015100
413996548
413977994
413959438
413940880
413922320
413903758
413885194
413866628
413848060
413829490
413810918
413792344
413773768
413755190
413736610
413718028
413699444
413680858
413662270
413643680
413625088
413606494
413587898
413569300
413550700
413532098
413513494
413494888
413476280
413457670
413439058
413420444
413401828
413383210
413364590
413345968
413327344
413308718
413290090
413271460
413252828
413234194
413215558
413196920
413178280
413159638
413140994
413122348
413103700
413085050
413066398
413047744
413029088
413010430
412991770
412973108
412954444
412935778
412917110
412898440
412879768
412861094
412842418
412823740
412805060
412786378
412767694
412749008
412730320
412711630
412692938
412674244
412655548
412636850
412618150
412599448
412580744
412562038
412543330
412524620
412505908
412487194
412468478
412449760
412431040
412412318
412393594
412374868
412356140
412337410
412318678
412299944
412281208
412262470
412243730
412224988
412206244
412187498
412168750
412150000
412131248
412112494
412093738
412074980
412056220
412037458
412018694
411999928
411981160
411962390
411943618
411924844
411906068
411887290
411868510
411849728
411830944
411812158
411793370
411774580
411755788
411736994
411718198
411699400
411680600
411661798
411642994
411624188
411605380
411586570
411567758
411548944
411530128
411511310
411492490
411473668
411454844
411436018
411417190
411398360
411379528
411360694
411341858
411323020
411304180
411285338
411266494
411247648
411228800
411209950
411191098
411172244
411153388
411134530
411115670
411096808
411077944
411059078
411040210
411021340
411002468
410983594
410964718
410945840
410926960
410908078
410889194
410870308
410851420
410832530
410813638
410794744
410775848
410756950
410738050
410719148
410700244
410681338
410662430
410643520
410624608
410605694
410586778
410567860
410548940
410530018
410511094
410492168
410473240
410454310
410435378
410416444
410397508
410378570
410359630
410340688
410321744
410302798
410283850
410264900
410245948
410226994
410208038
410189080
410170120
410151158
410132194
410113228
410094260
410075290
410056318
410037344
410018368
409999390
409980410
409961428
409942444
409923458
409904470
409885480
409866488
409847494
409828498
409809500
409790500
409771498
409752494
409733488
409714480
409695470
409676458
409657444
409638428
409619410
409600390
409581368
409562344
409543318
409524290
409505260
409486228
409467194
409448158
409429120
409410080
409391038
409371994
409352948
409333900
409314850
409295798
409276744
409257688
409238630
409219570
409200508
409181444
409162378
409143310
409124240
409105168
409086094
409067018
409047940
409028860
409009778
408990694
408971608
408952520
408933430
408914338
408895244
408876148
408857050
408837950
408818848
408799744
408780638
408761530
408742420
408723308
408704194
408685078
408665960
408646840
408627718
408608594
408589468
408570340
408551210
408532078
408512944
408493808
408474670
408455530
408436388
408417244
408398098
408378950
408359800
408340648
408321494
408302338
408283180
408264020
408244858
408225694
408206528
408187360
408168190
408149018
408129844
408110668
408091490
408072310
408053128
408033944
408014758
407995570
407976380
407957188
407937994
407918798
407899600
407880400
407861198
407841994
407822788
407803580
407784370
407765158
407745944
407726728
407707510
407688290
407669068
407649844
407630618
407611390
407592160
407572928
407553694
407534458
407515220
407495980
407476738
407457494
407438248
407419000
407399750
407380498
407361244
407341988
407322730
407303470
407284208
407264944
407245678
407226410
407207140
407187868
407168594
407149318
407130040
407110760
407091478
407072194
407052908
407033620
407014330
406995038
406975744
406956448
406937150
406917850
406898548
406879244
406859938
406840630
406821320
406802008
406782694
406763378
406744060
406724740
406705418
406686094
406666768
406647440
406628110
406608778
406589444
406570108
406550770
406531430
406512088
406492744
406473398
406454050
406434700
406415348
406395994
406376638
406357280
406337920
406318558
406299194
406279828
406260460
406241090
406221718
406202344
406182968
406163590
406144210
406124828
406105444
406086058
406066670
406047280
406027888
406008494
405989098
405969700
405950300
405930898
405911494
405892088
405872680
405853270
405833858
405814444
405795028
405775610
405756190
405736768
405717344
405697918
405678490
405659060
405639628
405620194
405600758
405581320
405561880
405542438
405522994
405503548
405484100
405464650
405445198
405425744
405406288
405386830
405367370
405347908
405328444
405308978
405289510
405270040
405250568
405231094
405211618
405192140
405172660
405153178
405133694
405114208
405094720
405075230
405055738
405036244
405016748
404997250
404977750
404958248
404938744
404919238
404899730
404880220
404860708
404841194
404821678
404802160
404782640
404763118
404743594
404724068
404704540
404685010
404665478
404645944
404626408
404606870
404587330
404567788
404548244
404528698
404509150
404489600
404470048
404450494
404430938
404411380
404391820
404372258
404352694
404333128
404313560
404293990
404274418
404254844
404235268
404215690
404196110
404176528
404156944
404137358
404117770
404098180
404078588
404058994
404039398
404019800
404000200
403980598
403960994
403941388
403921780
403902170
403882558
403862944
403843328
403823710
403804090
403784468
403764844
403745218
403725590
403705960
403686328
403666694
403647058
403627420
403607780
403588138
403568494
403548848
403529200
403509550
403489898
403470244
403450588
403430930
403411270
403391608
403371944
403352278
403332610
403312940
403293268
403273594
403253918
403234240
403214560
403194878
403175194
403155508
403135820
403116130
403096438
403076744
403057048
403037350
403017650
402997948
402978244
402958538
402938830
402919120
402899408
402879694
402859978
402840260
402820540
402800818
402781094
402761368
402741640
402721910
402702178
402682444
402662708
402642970
402623230
402603488
402583744
402563998
402544250
402524500
402504748
402484994
402465238
402445480
402425720
402405958
402386194
402366428
402346660
402326890
402307118
402287344
402267568
402247790
402228010
402208228
402188444
402168658
402148870
402129080
402109288
402089494
402069698
402049900
402030100
402010298
401990494
401970688
401950880
401931070
401911258
401891444
401871628
401851810
401831990
401812168
401792344
401772518
401752690
401732860
401713028
401693194
401673358
401653520
401633680
401613838
401593994
401574148
401554300
401534450
401514598
401494744
401474888
401455030
401435170
401415308
401395444
401375578
401355710
401335840
401315968
401296094
401276218
401256340
401236460
401216578
401196694
401176808
401156920
401137030
401117138
401097244
401077348
401057450
401037550
401017648
400997744
400977838
400957930
400938020
400918108
400898194
400878278
400858360
400838440
400818518
400798594
400778668
400758740
400738810
400718878
400698944
400679008
400659070
400639130
400619188
400599244
400579298
400559350
400539400
400519448
400499494
400479538
400459580
400439620
400419658
400399694
400379728
400359760
400339790
400319818
400299844
400279868
400259890
400239910
400219928
400199944
400179958
400159970
400139980
400119988
400099994
400079998
400060000
400040000
400019998
399999994
399979988
399959980
399939970
399919958
399899944
399879928
399859910
399839890
399819868
399799844
399779818
399759790
399739760
399719728
399699694
399679658
399659620
399639580
399619538
399599494
399579448
399559400
399539350
399519298
399499244
399479188
399459130
399439070
399419008
399398944
399378878
399358810
399338740
399318668
399298594
399278518
399258440
399238360
399218278
399198194
399178108
399158020
399137930
399117838
399097744
399077648
399057550
399037450
399017348
398997244
398977138
398957030
398936920
398916808
398896694
398876578
398856460
398836340
398816218
398796094
398775968
398755840
398735710
398715578
398695444
398675308
398655170
398635030
398614888
398594744
398574598
398554450
398534300
398514148
398493994
398473838
398453680
398433520
398413358
398393194
398373028
398352860
398332690
398312518
398292344
398272168
398251990
398231810
398211628
398191444
398171258
398151070
398130880
398110688
398090494
398070298
398050100
398029900
398009698
397989494
397969288
397949080
397928870
397908658
397888444
397868228
397848010
397827790
397807568
397787344
397767118
397746890
397726660
397706428
397686194
397665958
397645720
397625480
397605238
397584994
397564748
397544500
397524250
397503998
397483744
397463488
397443230
397422970
397402708
397382444
397362178
397341910
397321640
397301368
397281094
397260818
397240540
397220260
397199978
397179694
397159408
397139120
397118830
397098538
397078244
397057948
397037650
397017350
396997048
396976744
396956438
396936130
396915820
396895508
396875194
396854878
396834560
396814240
396793918
396773594
396753268
396732940
396712610
396692278
396671944
396651608
396631270
396610930
396590588
396570244
396549898
396529550
396509200
396488848
396468494
396448138
396427780
396407420
396387058
396366694
396346328
396325960
396305590
396285218
396264844
396244468
396224090
396203710
396183328
396162944
396142558
396122170
396101780
396081388
396060994
396040598
396020200
395999800
395979398
395958994
395938588
395918180
395897770
395877358
395856944
395836528
395816110
395795690
395775268
395754844
395734418
395713990
395693560
395673128
395652694
395632258
395611820
395591380
395570938
395550494
395530048
395509600
395489150
395468698
395448244
395427788
395407330
395386870
395366408
395345944
395325478
395305010
395284540
395264068
395243594
395223118
395202640
395182160
395161678
395141194
395120708
395100220
395079730
395059238
395038744
395018248
394997750
394977250
394956748
394936244
394915738
394895230
394874720
394854208
394833694
394813178
394792660
394772140
394751618
394731094
394710568
394690040
394669510
394648978
394628444
394607908
394587370
394566830
394546288
394525744
394505198
394484650
394464100
394443548
394422994
394402438
394381880
394361320
394340758
394320194
394299628
394279060
394258490
394237918
394217344
394196768
394176190
394155610
394135028
394114444
394093858
394073270
394052680
394032088
394011494
393990898
393970300
393949700
393929098
393908494
393887888
393867280
393846670
393826058
393805444
393784828
393764210
393743590
393722968
393702344
393681718
393661090
393640460
393619828
393599194
393578558
393557920
393537280
393516638
393495994
393475348
393454700
393434050
393413398
393392744
393372088
393351430
393330770
393310108
393289444
393268778
393248110
393227440
393206768
393186094
393165418
393144740
393124060
393103378
393082694
393062008
393041320
393020630
392999938
392979244
392958548
392937850
392917150
392896448
392875744
392855038
392834330
392813620
392792908
392772194
392751478
392730760
392710040
392689318
392668594
392647868
392627140
392606410
392585678
392564944
392544208
392523470
392502730
392481988
392461244
392440498
392419750
392399000
392378248
392357494
392336738
392315980
392295220
392274458
392253694
392232928
392212160
392191390
392170618
392149844
392129068
392108290
392087510
392066728
392045944
392025158
392004370
391983580
391962788
391941994
391921198
391900400
391879600
391858798
391837994
391817188
391796380
391775570
391754758
391733944
391713128
391692310
391671490
391650668
391629844
391609018
391588190
391567360
391546528
391525694
391504858
391484020
391463180
391442338
391421494
391400648
391379800
391358950
391338098
391317244
391296388
391275530
391254670
391233808
391212944
391192078
391171210
391150340
391129468
391108594
391087718
391066840
391045960
391025078
391004194
390983308
390962420
390941530
390920638
390899744
390878848
390857950
390837050
390816148
390795244
390774338
390753430
390732520
390711608
390690694
390669778
390648860
390627940
390607018
390586094
390565168
390544240
390523310
390502378
390481444
390460508
390439570
390418630
390397688
390376744
390355798
390334850
390313900
390292948
390271994
390251038
390230080
390209120
390188158
390167194
390146228
390125260
390104290
390083318
390062344
390041368
390020390
389999410
389978428
389957444
389936458
389915470
389894480
389873488
389852494
389831498
389810500
389789500
389768498
389747494
389726488
389705480
389684470
389663458
389642444
389621428
389600410
389579390
389558368
389537344
389516318
389495290
389474260
389453228
389432194
389411158
389390120
389369080
389348038
389326994
389305948
389284900
389263850
389242798
389221744
389200688
389179630
389158570
389137508
389116444
389095378
389074310
389053240
389032168
389011094
388990018
388968940
388947860
388926778
388905694
388884608
388863520
388842430
388821338
388800244
388779148
388758050
388736950
388715848
388694744
388673638
388652530
388631420
388610308
388589194
388568078
388546960
388525840
388504718
388483594
388462468
388441340
388420210
388399078
388377944
388356808
388335670
388314530
388293388
388272244
388251098
388229950
388208800
388187648
388166494
388145338
388124180
388103020
388081858
388060694
388039528
388018360
387997190
387976018
387954844
387933668
387912490
387891310
387870128
387848944
387827758
387806570
387785380
387764188
387742994
387721798
387700600
387679400
387658198
387636994
387615788
387594580
387573370
387552158
387530944
387509728
387488510
387467290
387446068
387424844
387403618
387382390
387361160
387339928
387318694
387297458
387276220
387254980
387233738
387212494
387191248
387170000
387148750
387127498
387106244
387084988
387063730
387042470
387021208
386999944
386978678
386957410
386936140
386914868
386893594
386872318
386851040
386829760
386808478
386787194
386765908
386744620
386723330
386702038
386680744
386659448
386638150
386616850
386595548
386574244
386552938
386531630
386510320
386489008
386467694
386446378
386425060
386403740
386382418
386361094
386339768
386318440
386297110
386275778
386254444
386233108
386211770
386190430
386169088
386147744
386126398
386105050
386083700
386062348
386040994
386019638
385998280
385976920
385955558
385934194
385912828
385891460
385870090
385848718
385827344
385805968
385784590
385763210
385741828
385720444
385699058
385677670
385656280
385634888
385613494
385592098
385570700
385549300
385527898
385506494
385485088
385463680
385442270
385420858
385399444
385378028
385356610
385335190
385313768
385292344
385270918
385249490
385228060
385206628
385185194
385163758
385142320
385120880
385099438
385077994
385056548
385035100
385013650
384992198
384970744
384949288
384927830
384906370
384884908
384863444
384841978
384820510
384799040
384777568
384756094
384734618
384713140
384691660
384670178
384648694
384627208
384605720
384584230
384562738
384541244
384519748
384498250
384476750
384455248
384433744
384412238
384390730
384369220
384347708
384326194
384304678
384283160
384261640
384240118
384218594
384197068
384175540
384154010
384132478
384110944
384089408
384067870
384046330
384024788
384003244
383981698
383960150
383938600
383917048
383895494
383873938
383852380
383830820
383809258
383787694
383766128
383744560
383722990
383701418
383679844
383658268
383636690
383615110
383593528
383571944
383550358
383528770
383507180
383485588
383463994
383442398
383420800
383399200
383377598
383355994
383334388
383312780
383291170
383269558
383247944
383226328
383204710
383183090
383161468
383139844
383118218
383096590
383074960
383053328
383031694
383010058
382988420
382966780
382945138
382923494
382901848
382880200
382858550
382836898
382815244
382793588
382771930
382750270
382728608
382706944
382685278
382663610
382641940
382620268
382598594
382576918
382555240
382533560
382511878
382490194
382468508
382446820
382425130
382403438
382381744
382360048
382338350
382316650
382294948
382273244
382251538
382229830
382208120
382186408
382164694
382142978
382121260
382099540
382077818
382056094
382034368
382012640
381990910
381969178
381947444
381925708
381903970
381882230
381860488
381838744
381816998
381795250
381773500
381751748
381729994
381708238
381686480
381664720
381642958
381621194
381599428
381577660
381555890
381534118
381512344
381490568
381468790
381447010
381425228
381403444
381381658
381359870
381338080
381316288
381294494
381272698
381250900
381229100
381207298
381185494
381163688
381141880
381120070
381098258
381076444
381054628
381032810
381010990
380989168
380967344
380945518
380923690
380901860
380880028
380858194
380836358
380814520
380792680
380770838
380748994
380727148
380705300
380683450
380661598
380639744
380617888
380596030
380574170
380552308
380530444
380508578
380486710
380464840
380442968
380421094
380399218
380377340
380355460
380333578
380311694
380289808
380267920
380246030
380224138
380202244
380180348
380158450
380136550
380114648
380092744
380070838
380048930
380027020
380005108
379983194
379961278
379939360
379917440
379895518
379873594
379851668
379829740
379807810
379785878
379763944
379742008
379720070
379698130
379676188
379654244
379632298
379610350
379588400
379566448
379544494
379522538
379500580
379478620
379456658
379434694
379412728
379390760
379368790
379346818
379324844
379302868
379280890
379258910
379236928
379214944
379192958
379170970
379148980
379126988
379104994
379082998
379061000
379039000
379016998
378994994
378972988
378950980
378928970
378906958
378884944
378862928
378840910
378818890
378796868
378774844
378752818
378730790
378708760
378686728
378664694
378642658
378620620
378598580
378576538
378554494
378532448
378510400
378488350
378466298
378444244
378422188
378400130
378378070
378356008
378333944
378311878
378289810
378267740
378245668
378223594
378201518
378179440
378157360
378135278
378113194
378091108
378069020
378046930
378024838
378002744
377980648
377958550
377936450
377914348
377892244
377870138
377848030
377825920
377803808
377781694
377759578
377737460
377715340
377693218
377671094
377648968
377626840
377604710
377582578
377560444
377538308
377516170
377494030
377471888
377449744
377427598
377405450
377383300
377361148
377338994
377316838
377294680
377272520
377250358
377228194
377206028
377183860
377161690
377139518
377117344
377095168
377072990
377050810
377028628
377006444
376984258
376962070
376939880
376917688
376895494
376873298
376851100
376828900
376806698
376784494
376762288
376740080
376717870
376695658
376673444
376651228
376629010
376606790
376584568
376562344
376540118
376517890
376495660
376473428
376451194
376428958
376406720
376384480
376362238
376339994
376317748
376295500
376273250
376250998
376228744
376206488
376184230
376161970
376139708
376117444
376095178
376072910
376050640
376028368
376006094
375983818
375961540
375939260
375916978
375894694
375872408
375850120
375827830
375805538
375783244
375760948
375738650
375716350
375694048
375671744
375649438
375627130
375604820
375582508
375560194
375537878
375515560
375493240
375470918
375448594
375426268
375403940
375381610
375359278
375336944
375314608
375292270
375269930
375247588
375225244
375202898
375180550
375158200
375135848
375113494
375091138
375068780
375046420
375024058
375001694
374979328
374956960
374934590
374912218
374889844
374867468
374845090
374822710
374800328
374777944
374755558
374733170
374710780
374688388
374665994
374643598
374621200
374598800
374576398
374553994
374531588
374509180
374486770
374464358
374441944
374419528
374397110
374374690
374352268
374329844
374307418
374284990
374262560
374240128
374217694
374195258
374172820
374150380
374127938
374105494
374083048
374060600
374038150
374015698
373993244
373970788
373948330
373925870
373903408
373880944
373858478
373836010
373813540
373791068
373768594
373746118
373723640
373701160
373678678
373656194
373633708
373611220
373588730
373566238
373543744
373521248
373498750
373476250
373453748
373431244
373408738
373386230
373363720
373341208
373318694
373296178
373273660
373251140
373228618
373206094
373183568
373161040
373138510
373115978
373093444
373070908
373048370
373025830
373003288
372980744
372958198
372935650
372913100
372890548
372867994
372845438
372822880
372800320
372777758
372755194
372732628
372710060
372687490
372664918
372642344
372619768
372597190
372574610
372552028
372529444
372506858
372484270
372461680
372439088
372416494
372393898
372371300
372348700
372326098
372303494
372280888
372258280
372235670
372213058
372190444
372167828
372145210
372122590
372099968
372077344
372054718
372032090
372009460
371986828
371964194
371941558
371918920
371896280
371873638
371850994
371828348
371805700
371783050
371760398
371737744
371715088
371692430
371669770
371647108
371624444
371601778
371579110
371556440
371533768
371511094
371488418
371465740
371443060
371420378
371397694
371375008
371352320
371329630
371306938
371284244
371261548
371238850
371216150
371193448
371170744
371148038
371125330
371102620
371079908
371057194
371034478
371011760
370989040
370966318
370943594
370920868
370898140
370875410
370852678
370829944
370807208
370784470
370761730
370738988
370716244
370693498
370670750
370648000
370625248
370602494
370579738
370556980
370534220
370511458
370488694
370465928
370443160
370420390
370397618
370374844
370352068
370329290
370306510
370283728
370260944
370238158
370215370
370192580
370169788
370146994
370124198
370101400
370078600
370055798
370032994
370010188
369987380
369964570
369941758
369918944
369896128
369873310
369850490
369827668
369804844
369782018
369759190
369736360
369713528
369690694
369667858
369645020
369622180
369599338
369576494
369553648
369530800
369507950
369485098
369462244
369439388
369416530
369393670
369370808
369347944
369325078
369302210
369279340
369256468
369233594
369210718
369187840
369164960
369142078
369119194
369096308
369073420
369050530
369027638
369004744
368981848
368958950
368936050
368913148
368890244
368867338
368844430
368821520
368798608
368775694
368752778
368729860
368706940
368684018
368661094
368638168
368615240
368592310
368569378
368546444
368523508
368500570
368477630
368454688
368431744
368408798
368385850
368362900
368339948
368316994
368294038
368271080
368248120
368225158
368202194
368179228
368156260
368133290
368110318
368087344
368064368
368041390
368018410
367995428
367972444
367949458
367926470
367903480
367880488
367857494
367834498
367811500
367788500
367765498
367742494
367719488
367696480
367673470
367650458
367627444
367604428
367581410
367558390
367535368
367512344
367489318
367466290
367443260
367420228
367397194
367374158
367351120
367328080
367305038
367281994
367258948
367235900
367212850
367189798
367166744
367143688
367120630
367097570
367074508
367051444
367028378
367005310
366982240
366959168
366936094
366913018
366889940
366866860
366843778
366820694
366797608
366774520
366751430
366728338
366705244
366682148
366659050
366635950
366612848
366589744
366566638
366543530
366520420
366497308
366474194
366451078
366427960
366404840
366381718
366358594
366335468
366312340
366289210
366266078
366242944
366219808
366196670
366173530
366150388
366127244
366104098
366080950
366057800
366034648
366011494
365988338
365965180
365942020
365918858
365895694
365872528
365849360
365826190
365803018
365779844
365756668
365733490
365710310
365687128
365663944
365640758
365617570
365594380
365571188
365547994
365524798
365501600
365478400
365455198
365431994
365408788
365385580
365362370
365339158
365315944
365292728
365269510
365246290
365223068
365199844
365176618
365153390
365130160
365106928
365083694
365060458
365037220
365013980
364990738
364967494
364944248
364921000
364897750
364874498
364851244
364827988
364804730
364781470
364758208
364734944
364711678
364688410
364665140
364641868
364618594
364595318
364572040
364548760
364525478
364502194
364478908
364455620
364432330
364409038
364385744
364362448
364339150
364315850
364292548
364269244
364245938
364222630
364199320
364176008
364152694
364129378
364106060
364082740
364059418
364036094
364012768
363989440
363966110
363942778
363919444
363896108
363872770
363849430
363826088
363802744
363779398
363756050
363732700
363709348
363685994
363662638
363639280
363615920
363592558
363569194
363545828
363522460
363499090
363475718
363452344
363428968
363405590
363382210
363358828
363335444
363312058
363288670
363265280
363241888
363218494
363195098
363171700
363148300
363124898
363101494
363078088
363054680
363031270
363007858
362984444
362961028
362937610
362914190
362890768
362867344
362843918
362820490
362797060
362773628
362750194
362726758
362703320
362679880
362656438
362632994
362609548
362586100
362562650
362539198
362515744
362492288
362468830
362445370
362421908
362398444
362374978
362351510
362328040
362304568
362281094
362257618
362234140
362210660
362187178
362163694
362140208
362116720
362093230
362069738
362046244
362022748
361999250
361975750
361952248
361928744
361905238
361881730
361858220
361834708
361811194
361787678
361764160
361740640
361717118
361693594
361670068
361646540
361623010
361599478
361575944
361552408
361528870
361505330
361481788
361458244
361434698
361411150
361387600
361364048
361340494
361316938
361293380
361269820
361246258
361222694
361199128
361175560
361151990
361128418
361104844
361081268
361057690
361034110
361010528
360986944
360963358
360939770
360916180
360892588
360868994
360845398
360821800
360798200
360774598
360750994
360727388
360703780
360680170
360656558
360632944
360609328
360585710
360562090
360538468
360514844
360491218
360467590
360443960
360420328
360396694
360373058
360349420
360325780
360302138
360278494
360254848
360231200
360207550
360183898
360160244
360136588
360112930
360089270
360065608
360041944
360018278
359994610
359970940
359947268
359923594
359899918
359876240
359852560
359828878
359805194
359781508
359757820
359734130
359710438
359686744
359663048
359639350
359615650
359591948
359568244
359544538
359520830
359497120
359473408
359449694
359425978
359402260
359378540
359354818
359331094
359307368
359283640
359259910
359236178
359212444
359188708
359164970
359141230
359117488
359093744
359069998
359046250
359022500
358998748
358974994
358951238
358927480
358903720
358879958
358856194
358832428
358808660
358784890
358761118
358737344
358713568
358689790
358666010
358642228
358618444
358594658
358570870
358547080
358523288
358499494
358475698
358451900
358428100
358404298
358380494
358356688
358332880
358309070
358285258
358261444
358237628
358213810
358189990
358166168
358142344
358118518
358094690
358070860
358047028
358023194
357999358
357975520
357951680
357927838
357903994
357880148
357856300
357832450
357808598
357784744
357760888
357737030
357713170
357689308
357665444
357641578
357617710
357593840
357569968
357546094
357522218
357498340
357474460
357450578
357426694
357402808
357378920
357355030
357331138
357307244
357283348
357259450
357235550
357211648
357187744
357163838
357139930
357116020
357092108
357068194
357044278
357020360
356996440
356972518
356948594
356924668
356900740
356876810
356852878
356828944
356805008
356781070
356757130
356733188
356709244
356685298
356661350
356637400
356613448
356589494
356565538
356541580
356517620
356493658
356469694
356445728
356421760
356397790
356373818
356349844
356325868
356301890
356277910
356253928
356229944
356205958
356181970
356157980
356133988
356109994
356085998
356062000
356038000
356013998
355989994
355965988
355941980
355917970
355893958
355869944
355845928
355821910
355797890
355773868
355749844
355725818
355701790
355677760
355653728
355629694
355605658
355581620
355557580
355533538
355509494
355485448
355461400
355437350
355413298
355389244
355365188
355341130
355317070
355293008
355268944
355244878
355220810
355196740
355172668
355148594
355124518
355100440
355076360
355052278
355028194
355004108
354980020
354955930
354931838
354907744
354883648
354859550
354835450
354811348
354787244
354763138
354739030
354714920
354690808
354666694
354642578
354618460
354594340
354570218
354546094
354521968
354497840
354473710
354449578
354425444
354401308
354377170
354353030
354328888
354304744
354280598
354256450
354232300
354208148
354183994
354159838
354135680
354111520
354087358
354063194
354039028
354014860
353990690
353966518
353942344
353918168
353893990
353869810
353845628
353821444
353797258
353773070
353748880
353724688
353700494
353676298
353652100
353627900
353603698
353579494
353555288
353531080
353506870
353482658
353458444
353434228
353410010
353385790
353361568
353337344
353313118
353288890
353264660
353240428
353216194
353191958
353167720
353143480
353119238
353094994
353070748
353046500
353022250
352997998
352973744
352949488
352925230
352900970
352876708
352852444
352828178
352803910
352779640
352755368
352731094
352706818
352682540
352658260
352633978
352609694
352585408
352561120
352536830
352512538
352488244
352463948
352439650
352415350
352391048
352366744
352342438
352318130
352293820
352269508
352245194
352220878
352196560
352172240
352147918
352123594
352099268
352074940
352050610
352026278
352001944
351977608
351953270
351928930
351904588
351880244
351855898
351831550
351807200
351782848
351758494
351734138
351709780
351685420
351661058
351636694
351612328
351587960
351563590
351539218
351514844
351490468
351466090
351441710
351417328
351392944
351368558
351344170
351319780
351295388
351270994
351246598
351222200
351197800
351173398
351148994
351124588
351100180
351075770
351051358
351026944
351002528
350978110
350953690
350929268
350904844
350880418
350855990
350831560
350807128
350782694
350758258
350733820
350709380
350684938
350660494
350636048
350611600
350587150
350562698
350538244
350513788
350489330
350464870
350440408
350415944
350391478
350367010
350342540
350318068
350293594
350269118
350244640
350220160
350195678
350171194
350146708
350122220
350097730
350073238
350048744
350024248
349999750
349975250
349950748
349926244
349901738
349877230
349852720
349828208
349803694
349779178
349754660
349730140
349705618
349681094
349656568
349632040
349607510
349582978
349558444
349533908
349509370
349484830
349460288
349435744
349411198
349386650
349362100
349337548
349312994
349288438
349263880
349239320
349214758
349190194
349165628
349141060
349116490
349091918
349067344
349042768
349018190
348993610
348969028
348944444
348919858
348895270
348870680
348846088
348821494
348796898
348772300
348747700
348723098
348698494
348673888
348649280
348624670
348600058
348575444
348550828
348526210
348501590
348476968
348452344
348427718
348403090
348378460
348353828
348329194
348304558
348279920
348255280
348230638
348205994
348181348
348156700
348132050
348107398
348082744
348058088
348033430
348008770
347984108
347959444
347934778
347910110
347885440
347860768
347836094
347811418
347786740
347762060
347737378
347712694
347688008
347663320
347638630
347613938
347589244
347564548
347539850
347515150
347490448
347465744
347441038
347416330
347391620
347366908
347342194
347317478
347292760
347268040
347243318
347218594
347193868
347169140
347144410
347119678
347094944
347070208
347045470
347020730
346995988
346971244
346946498
346921750
346897000
346872248
346847494
346822738
346797980
346773220
346748458
346723694
346698928
346674160
346649390
346624618
346599844
346575068
346550290
346525510
346500728
346475944
346451158
346426370
346401580
346376788
346351994
346327198
346302400
346277600
346252798
346227994
346203188
346178380
346153570
346128758
346103944
346079128
346054310
346029490
346004668
345979844
345955018
345930190
345905360
345880528
345855694
345830858
345806020
345781180
345756338
345731494
345706648
345681800
345656950
345632098
345607244
345582388
345557530
345532670
345507808
345482944
345458078
345433210
345408340
345383468
345358594
345333718
345308840
345283960
345259078
345234194
345209308
345184420
345159530
345134638
345109744
345084848
345059950
345035050
345010148
344985244
344960338
344935430
344910520
344885608
344860694
344835778
344810860
344785940
344761018
344736094
344711168
344686240
344661310
344636378
344611444
344586508
344561570
344536630
344511688
344486744
344461798
344436850
344411900
344386948
344361994
344337038
344312080
344287120
344262158
344237194
344212228
344187260
344162290
344137318
344112344
344087368
344062390
344037410
344012428
343987444
343962458
343937470
343912480
343887488
343862494
343837498
343812500
343787500
343762498
343737494
343712488
343687480
343662470
343637458
343612444
343587428
343562410
343537390
343512368
343487344
343462318
343437290
343412260
343387228
343362194
343337158
343312120
343287080
343262038
343236994
343211948
343186900
343161850
343136798
343111744
343086688
343061630
343036570
343011508
342986444
342961378
342936310
342911240
342886168
342861094
342836018
342810940
342785860
342760778
342735694
342710608
342685520
342660430
342635338
342610244
342585148
342560050
342534950
342509848
342484744
342459638
342434530
342409420
342384308
342359194
342334078
342308960
342283840
342258718
342233594
342208468
342183340
342158210
342133078
342107944
342082808
342057670
342032530
342007388
341982244
341957098
341931950
341906800
341881648
341856494
341831338
341806180
341781020
341755858
341730694
341705528
341680360
341655190
341630018
341604844
341579668
341554490
341529310
341504128
341478944
341453758
341428570
341403380
341378188
341352994
341327798
341302600
341277400
341252198
341226994
341201788
341176580
341151370
341126158
341100944
341075728
341050510
341025290
341000068
340974844
340949618
340924390
340899160
340873928
340848694
340823458
340798220
340772980
340747738
340722494
340697248
340672000
340646750
340621498
340596244
340570988
340545730
340520470
340495208
340469944
340444678
340419410
340394140
340368868
340343594
340318318
340293040
340267760
340242478
340217194
340191908
340166620
340141330
340116038
340090744
340065448
340040150
340014850
339989548
339964244
339938938
339913630
339888320
339863008
339837694
339812378
339787060
339761740
339736418
339711094
339685768
339660440
339635110
339609778
339584444
339559108
339533770
339508430
339483088
339457744
339432398
339407050
339381700
339356348
339330994
339305638
339280280
339254920
339229558
339204194
339178828
339153460
339128090
339102718
339077344
339051968
339026590
339001210
338975828
338950444
338925058
338899670
338874280
338848888
338823494
338798098
338772700
338747300
338721898
338696494
338671088
338645680
338620270
338594858
338569444
338544028
338518610
338493190
338467768
338442344
338416918
338391490
338366060
338340628
338315194
338289758
338264320
338238880
338213438
338187994
338162548
338137100
338111650
338086198
338060744
338035288
338009830
337984370
337958908
337933444
337907978
337882510
337857040
337831568
337806094
337780618
337755140
337729660
337704178
337678694
337653208
337627720
337602230
337576738
337551244
337525748
337500250
337474750
337449248
337423744
337398238
337372730
337347220
337321708
337296194
337270678
337245160
337219640
337194118
337168594
337143068
337117540
337092010
337066478
337040944
337015408
336989870
336964330
336938788
336913244
336887698
336862150
336836600
336811048
336785494
336759938
336734380
336708820
336683258
336657694
336632128
336606560
336580990
336555418
336529844
336504268
336478690
336453110
336427528
336401944
336376358
336350770
336325180
336299588
336273994
336248398
336222800
336197200
336171598
336145994
336120388
336094780
336069170
336043558
336017944
335992328
335966710
335941090
335915468
335889844
335864218
335838590
335812960
335787328
335761694
335736058
335710420
335684780
335659138
335633494
335607848
335582200
335556550
335530898
335505244
335479588
335453930
335428270
335402608
335376944
335351278
335325610
335299940
335274268
335248594
335222918
335197240
335171560
335145878
335120194
335094508
335068820
335043130
335017438
334991744
334966048
334940350
334914650
334888948
334863244
334837538
334811830
334786120
334760408
334734694
334708978
334683260
334657540
334631818
334606094
334580368
334554640
334528910
334503178
334477444
334451708
334425970
334400230
334374488
334348744
334322998
334297250
334271500
334245748
334219994
334194238
334168480
334142720
334116958
334091194
334065428
334039660
334013890
333988118
333962344
333936568
333910790
333885010
333859228
333833444
333807658
333781870
333756080
333730288
333704494
333678698
333652900
333627100
333601298
333575494
333549688
333523880
333498070
333472258
333446444
333420628
333394810
333368990
333343168
333317344
333291518
333265690
333239860
333214028
333188194
333162358
333136520
333110680
333084838
333058994
333033148
333007300
332981450
332955598
332929744
332903888
332878030
332852170
332826308
332800444
332774578
332748710
332722840
332696968
332671094
332645218
332619340
332593460
332567578
332541694
332515808
332489920
332464030
332438138
332412244
332386348
332360450
332334550
332308648
332282744
332256838
332230930
332205020
332179108
332153194
332127278
332101360
332075440
332049518
332023594
331997668
331971740
331945810
331919878
331893944
331868008
331842070
331816130
331790188
331764244
331738298
331712350
331686400
331660448
331634494
331608538
331582580
331556620
331530658
331504694
331478728
331452760
331426790
331400818
331374844
331348868
331322890
331296910
331270928
331244944
331218958
331192970
331166980
331140988
331114994
331088998
331063000
331037000
331010998
330984994
330958988
330932980
330906970
330880958
330854944
330828928
330802910
330776890
330750868
330724844
330698818
330672790
330646760
330620728
330594694
330568658
330542620
330516580
330490538
330464494
330438448
330412400
330386350
330360298
330334244
330308188
330282130
330256070
330230008
330203944
330177878
330151810
330125740
330099668
330073594
330047518
330021440
329995360
329969278
329943194
329917108
329891020
329864930
329838838
329812744
329786648
329760550
329734450
329708348
329682244
329656138
329630030
329603920
329577808
329551694
329525578
329499460
329473340
329447218
329421094
329394968
329368840
329342710
329316578
329290444
329264308
329238170
329212030
329185888
329159744
329133598
329107450
329081300
329055148
329028994
329002838
328976680
328950520
328924358
328898194
328872028
328845860
328819690
328793518
328767344
328741168
328714990
328688810
328662628
328636444
328610258
328584070
328557880
328531688
328505494
328479298
328453100
328426900
328400698
328374494
328348288
328322080
328295870
328269658
328243444
328217228
328191010
328164790
328138568
328112344
328086118
328059890
328033660
328007428
327981194
327954958
327928720
327902480
327876238
327849994
327823748
327797500
327771250
327744998
327718744
327692488
327666230
327639970
327613708
327587444
327561178
327534910
327508640
327482368
327456094
327429818
327403540
327377260
327350978
327324694
327298408
327272120
327245830
327219538
327193244
327166948
327140650
327114350
327088048
327061744
327035438
327009130
326982820
326956508
326930194
326903878
326877560
326851240
326824918
326798594
326772268
326745940
326719610
326693278
326666944
326640608
326614270
326587930
326561588
326535244
326508898
326482550
326456200
326429848
326403494
326377138
326350780
326324420
326298058
326271694
326245328
326218960
326192590
326166218
326139844
326113468
326087090
326060710
326034328
326007944
325981558
325955170
325928780
325902388
325875994
325849598
325823200
325796800
325770398
325743994
325717588
325691180
325664770
325638358
325611944
325585528
325559110
325532690
325506268
325479844
325453418
325426990
325400560
325374128
325347694
325321258
325294820
325268380
325241938
325215494
325189048
325162600
325136150
325109698
325083244
325056788
325030330
325003870
324977408
324950944
324924478
324898010
324871540
324845068
324818594
324792118
324765640
324739160
324712678
324686194
324659708
324633220
324606730
324580238
324553744
324527248
324500750
324474250
324447748
324421244
324394738
324368230
324341720
324315208
324288694
324262178
324235660
324209140
324182618
324156094
324129568
324103040
324076510
324049978
324023444
323996908
323970370
323943830
323917288
323890744
323864198
323837650
323811100
323784548
323757994
323731438
323704880
323678320
323651758
323625194
323598628
323572060
323545490
323518918
323492344
323465768
323439190
323412610
323386028
323359444
323332858
323306270
323279680
323253088
323226494
323199898
323173300
323146700
323120098
323093494
323066888
323040280
323013670
322987058
322960444
322933828
322907210
322880590
322853968
322827344
322800718
322774090
322747460
322720828
322694194
322667558
322640920
322614280
322587638
322560994
322534348
322507700
322481050
322454398
322427744
322401088
322374430
322347770
322321108
322294444
322267778
322241110
322214440
322187768
322161094
322134418
322107740
322081060
322054378
322027694
322001008
321974320
321947630
321920938
321894244
321867548
321840850
321814150
321787448
321760744
321734038
321707330
321680620
321653908
321627194
321600478
321573760
321547040
321520318
321493594
321466868
321440140
321413410
321386678
321359944
321333208
321306470
321279730
321252988
321226244
321199498
321172750
321146000
321119248
321092494
321065738
321038980
321012220
320985458
320958694
320931928
320905160
320878390
320851618
320824844
320798068
320771290
320744510
320717728
320690944
320664158
320637370
320610580
320583788
320556994
320530198
320503400
320476600
320449798
320422994
320396188
320369380
320342570
320315758
320288944
320262128
320235310
320208490
320181668
320154844
320128018
320101190
320074360
320047528
320020694
319993858
319967020
319940180
319913338
319886494
319859648
319832800
319805950
319779098
319752244
319725388
319698530
319671670
319644808
319617944
319591078
319564210
319537340
319510468
319483594
319456718
319429840
319402960
319376078
319349194
319322308
319295420
319268530
319241638
319214744
319187848
319160950
319134050
319107148
319080244
319053338
319026430
318999520
318972608
318945694
318918778
318891860
318864940
318838018
318811094
318784168
318757240
318730310
318703378
318676444
318649508
318622570
318595630
318568688
318541744
318514798
318487850
318460900
318433948
318406994
318380038
318353080
318326120
318299158
318272194
318245228
318218260
318191290
318164318
318137344
318110368
318083390
318056410
318029428
318002444
317975458
317948470
317921480
317894488
317867494
317840498
317813500
317786500
317759498
317732494
317705488
317678480
317651470
317624458
317597444
317570428
317543410
317516390
317489368
317462344
317435318
317408290
317381260
317354228
317327194
317300158
317273120
317246080
317219038
317191994
317164948
317137900
317110850
317083798
317056744
317029688
317002630
316975570
316948508
316921444
316894378
316867310
316840240
316813168
316786094
316759018
316731940
316704860
316677778
316650694
316623608
316596520
316569430
316542338
316515244
316488148
316461050
316433950
316406848
316379744
316352638
316325530
316298420
316271308
316244194
316217078
316189960
316162840
316135718
316108594
316081468
316054340
316027210
316000078
315972944
315945808
315918670
315891530
315864388
315837244
315810098
315782950
315755800
315728648
315701494
315674338
315647180
315620020
315592858
315565694
315538528
315511360
315484190
315457018
315429844
315402668
315375490
315348310
315321128
315293944
315266758
315239570
315212380
315185188
315157994
315130798
315103600
315076400
315049198
315021994
314994788
314967580
314940370
314913158
314885944
314858728
314831510
314804290
314777068
314749844
314722618
314695390
314668160
314640928
314613694
314586458
314559220
314531980
314504738
314477494
314450248
314423000
314395750
314368498
314341244
314313988
314286730
314259470
314232208
314204944
314177678
314150410
314123140
314095868
314068594
314041318
314014040
313986760
313959478
313932194
313904908
313877620
313850330
313823038
313795744
313768448
313741150
313713850
313686548
313659244
313631938
313604630
313577320
313550008
313522694
313495378
313468060
313440740
313413418
313386094
313358768
313331440
313304110
313276778
313249444
313222108
313194770
313167430
313140088
313112744
313085398
313058050
313030700
313003348
312975994
312948638
312921280
312893920
312866558
312839194
312811828
312784460
312757090
312729718
312702344
312674968
312647590
312620210
312592828
312565444
312538058
312510670
312483280
312455888
312428494
312401098
312373700
312346300
312318898
312291494
312264088
312236680
312209270
312181858
312154444
312127028
312099610
312072190
312044768
312017344
311989918
311962490
311935060
311907628
311880194
311852758
311825320
311797880
311770438
311742994
311715548
311688100
311660650
311633198
311605744
311578288
311550830
311523370
311495908
311468444
311440978
311413510
311386040
311358568
311331094
311303618
311276140
311248660
311221178
311193694
311166208
311138720
311111230
311083738
311056244
311028748
311001250
310973750
310946248
310918744
310891238
310863730
310836220
310808708
310781194
310753678
310726160
310698640
310671118
310643594
310616068
310588540
310561010
310533478
310505944
310478408
310450870
310423330
310395788
310368244
310340698
310313150
310285600
310258048
310230494
310202938
310175380
310147820
310120258
310092694
310065128
310037560
310009990
309982418
309954844
309927268
309899690
309872110
309844528
309816944
309789358
309761770
309734180
309706588
309678994
309651398
309623800
309596200
309568598
309540994
309513388
309485780
309458170
309430558
309402944
309375328
309347710
309320090
309292468
309264844
309237218
309209590
309181960
309154328
309126694
309099058
309071420
309043780
309016138
308988494
308960848
308933200
308905550
308877898
308850244
308822588
308794930
308767270
308739608
308711944
308684278
308656610
308628940
308601268
308573594
308545918
308518240
308490560
308462878
308435194
308407508
308379820
308352130
308324438
308296744
308269048
308241350
308213650
308185948
308158244
308130538
308102830
308075120
308047408
308019694
307991978
307964260
307936540
307908818
307881094
307853368
307825640
307797910
307770178
307742444
307714708
307686970
307659230
307631488
307603744
307575998
307548250
307520500
307492748
307464994
307437238
307409480
307381720
307353958
307326194
307298428
307270660
307242890
307215118
307187344
307159568
307131790
307104010
307076228
307048444
307020658
306992870
306965080
306937288
306909494
306881698
306853900
306826100
306798298
306770494
306742688
306714880
306687070
306659258
306631444
306603628
306575810
306547990
306520168
306492344
306464518
306436690
306408860
306381028
306353194
306325358
306297520
306269680
306241838
306213994
306186148
306158300
306130450
306102598
306074744
306046888
306019030
305991170
305963308
305935444
305907578
305879710
305851840
305823968
305796094
305768218
305740340
305712460
305684578
305656694
305628808
305600920
305573030
305545138
305517244
305489348
305461450
305433550
305405648
305377744
305349838
305321930
305294020
305266108
305238194
305210278
305182360
305154440
305126518
305098594
305070668
305042740
305014810
304986878
304958944
304931008
304903070
304875130
304847188
304819244
304791298
304763350
304735400
304707448
304679494
304651538
304623580
304595620
304567658
304539694
304511728
304483760
304455790
304427818
304399844
304371868
304343890
304315910
304287928
304259944
304231958
304203970
304175980
304147988
304119994
304091998
304064000
304036000
304007998
303979994
303951988
303923980
303895970
303867958
303839944
303811928
303783910
303755890
303727868
303699844
303671818
303643790
303615760
303587728
303559694
303531658
303503620
303475580
303447538
303419494
303391448
303363400
303335350
303307298
303279244
303251188
303223130
303195070
303167008
303138944
303110878
303082810
303054740
303026668
302998594
302970518
302942440
302914360
302886278
302858194
302830108
302802020
302773930
302745838
302717744
302689648
302661550
302633450
302605348
302577244
302549138
302521030
302492920
302464808
302436694
302408578
302380460
302352340
302324218
302296094
302267968
302239840
302211710
302183578
302155444
302127308
302099170
302071030
302042888
302014744
301986598
301958450
301930300
301902148
301873994
301845838
301817680
301789520
301761358
301733194
301705028
301676860
301648690
301620518
301592344
301564168
301535990
301507810
301479628
301451444
301423258
301395070
301366880
301338688
301310494
301282298
301254100
301225900
301197698
301169494
301141288
301113080
301084870
301056658
301028444
301000228
300972010
300943790
300915568
300887344
300859118
300830890
300802660
300774428
300746194
300717958
300689720
300661480
300633238
300604994
300576748
300548500
300520250
300491998
300463744
300435488
300407230
300378970
300350708
300322444
300294178
300265910
300237640
300209368
300181094
300152818
300124540
300096260
300067978
300039694
300011408
299983120
299954830
299926538
299898244
299869948
299841650
299813350
299785048
299756744
299728438
299700130
299671820
299643508
299615194
299586878
299558560
299530240
299501918
299473594
299445268
299416940
299388610
299360278
299331944
299303608
299275270
299246930
299218588
299190244
299161898
299133550
299105200
299076848
299048494
299020138
298991780
298963420
298935058
298906694
298878328
298849960
298821590
298793218
298764844
298736468
298708090
298679710
298651328
298622944
298594558
298566170
298537780
298509388
298480994
298452598
298424200
298395800
298367398
298338994
298310588
298282180
298253770
298225358
298196944
298168528
298140110
298111690
298083268
298054844
298026418
297997990
297969560
297941128
297912694
297884258
297855820
297827380
297798938
297770494
297742048
297713600
297685150
297656698
297628244
297599788
297571330
297542870
297514408
297485944
297457478
297429010
297400540
297372068
297343594
297315118
297286640
297258160
297229678
297201194
297172708
297144220
297115730
297087238
297058744
297030248
297001750
296973250
296944748
296916244
296887738
296859230
296830720
296802208
296773694
296745178
296716660
296688140
296659618
296631094
296602568
296574040
296545510
296516978
296488444
296459908
296431370
296402830
296374288
296345744
296317198
296288650
296260100
296231548
296202994
296174438
296145880
296117320
296088758
296060194
296031628
296003060
295974490
295945918
295917344
295888768
295860190
295831610
295803028
295774444
295745858
295717270
295688680
295660088
295631494
295602898
295574300
295545700
295517098
295488494
295459888
295431280
295402670
295374058
295345444
295316828
295288210
295259590
295230968
295202344
295173718
295145090
295116460
295087828
295059194
295030558
295001920
294973280
294944638
294915994
294887348
294858700
294830050
294801398
294772744
294744088
294715430
294686770
294658108
294629444
294600778
294572110
294543440
294514768
294486094
294457418
294428740
294400060
294371378
294342694
294314008
294285320
294256630
294227938
294199244
294170548
294141850
294113150
294084448
294055744
294027038
293998330
293969620
293940908
293912194
293883478
293854760
293826040
293797318
293768594
293739868
293711140
293682410
293653678
293624944
293596208
293567470
293538730
293509988
293481244
293452498
293423750
293395000
293366248
293337494
293308738
293279980
293251220
293222458
293193694
293164928
293136160
293107390
293078618
293049844
293021068
292992290
292963510
292934728
292905944
292877158
292848370
292819580
292790788
292761994
292733198
292704400
292675600
292646798
292617994
292589188
292560380
292531570
292502758
292473944
292445128
292416310
292387490
292358668
292329844
292301018
292272190
292243360
292214528
292185694
292156858
292128020
292099180
292070338
292041494
292012648
291983800
291954950
291926098
291897244
291868388
291839530
291810670
291781808
291752944
291724078
291695210
291666340
291637468
291608594
291579718
291550840
291521960
291493078
291464194
291435308
291406420
291377530
291348638
291319744
291290848
291261950
291233050
291204148
291175244
291146338
291117430
291088520
291059608
291030694
291001778
290972860
290943940
290915018
290886094
290857168
290828240
290799310
290770378
290741444
290712508
290683570
290654630
290625688
290596744
290567798
290538850
290509900
290480948
290451994
290423038
290394080
290365120
290336158
290307194
290278228
290249260
290220290
290191318
290162344
290133368
290104390
290075410
290046428
290017444
289988458
289959470
289930480
289901488
289872494
289843498
289814500
289785500
289756498
289727494
289698488
289669480
289640470
289611458
289582444
289553428
289524410
289495390
289466368
289437344
289408318
289379290
289350260
289321228
289292194
289263158
289234120
289205080
289176038
289146994
289117948
289088900
289059850
289030798
289001744
288972688
288943630
288914570
288885508
288856444
288827378
288798310
288769240
288740168
288711094
288682018
288652940
288623860
288594778
288565694
288536608
288507520
288478430
288449338
288420244
288391148
288362050
288332950
288303848
288274744
288245638
288216530
288187420
288158308
288129194
288100078
288070960
288041840
288012718
287983594
287954468
287925340
287896210
287867078
287837944
287808808
287779670
287750530
287721388
287692244
287663098
287633950
287604800
287575648
287546494
287517338
287488180
287459020
287429858
287400694
287371528
287342360
287313190
287284018
287254844
287225668
287196490
287167310
287138128
287108944
287079758
287050570
287021380
286992188
286962994
286933798
286904600
286875400
286846198
286816994
286787788
286758580
286729370
286700158
286670944
286641728
286612510
286583290
286554068
286524844
286495618
286466390
286437160
286407928
286378694
286349458
286320220
286290980
286261738
286232494
286203248
286174000
286144750
286115498
286086244
286056988
286027730
285998470
285969208
285939944
285910678
285881410
285852140
285822868
285793594
285764318
285735040
285705760
285676478
285647194
285617908
285588620
285559330
285530038
285500744
285471448
285442150
285412850
285383548
285354244
285324938
285295630
285266320
285237008
285207694
285178378
285149060
285119740
285090418
285061094
285031768
285002440
284973110
284943778
284914444
284885108
284855770
284826430
284797088
284767744
284738398
284709050
284679700
284650348
284620994
284591638
284562280
284532920
284503558
284474194
284444828
284415460
284386090
284356718
284327344
284297968
284268590
284239210
284209828
284180444
284151058
284121670
284092280
284062888
284033494
284004098
283974700
283945300
283915898
283886494
283857088
283827680
283798270
283768858
283739444
283710028
283680610
283651190
283621768
283592344
283562918
283533490
283504060
283474628
283445194
283415758
283386320
283356880
283327438
283297994
283268548
283239100
283209650
283180198
283150744
283121288
283091830
283062370
283032908
283003444
282973978
282944510
282915040
282885568
282856094
282826618
282797140
282767660
282738178
282708694
282679208
282649720
282620230
282590738
282561244
282531748
282502250
282472750
282443248
282413744
282384238
282354730
282325220
282295708
282266194
282236678
282207160
282177640
282148118
282118594
282089068
282059540
282030010
282000478
281970944
281941408
281911870
281882330
281852788
281823244
281793698
281764150
281734600
281705048
281675494
281645938
281616380
281586820
281557258
281527694
281498128
281468560
281438990
281409418
281379844
281350268
281320690
281291110
281261528
281231944
281202358
281172770
281143180
281113588
281083994
281054398
281024800
280995200
280965598
280935994
280906388
280876780
280847170
280817558
280787944
280758328
280728710
280699090
280669468
280639844
280610218
280580590
280550960
280521328
280491694
280462058
280432420
280402780
280373138
280343494
280313848
280284200
280254550
280224898
280195244
280165588
280135930
280106270
280076608
280046944
280017278
279987610
279957940
279928268
279898594
279868918
279839240
279809560
279779878
279750194
279720508
279690820
279661130
279631438
279601744
279572048
279542350
279512650
279482948
279453244
279423538
279393830
279364120
279334408
279304694
279274978
279245260
279215540
279185818
279156094
279126368
279096640
279066910
279037178
279007444
278977708
278947970
278918230
278888488
278858744
278828998
278799250
278769500
278739748
278709994
278680238
278650480
278620720
278590958
278561194
278531428
278501660
278471890
278442118
278412344
278382568
278352790
278323010
278293228
278263444
278233658
278203870
278174080
278144288
278114494
278084698
278054900
278025100
277995298
277965494
277935688
277905880
277876070
277846258
277816444
277786628
277756810
277726990
277697168
277667344
277637518
277607690
277577860
277548028
277518194
277488358
277458520
277428680
277398838
277368994
277339148
277309300
277279450
277249598
277219744
277189888
277160030
277130170
277100308
277070444
277040578
277010710
276980840
276950968
276921094
276891218
276861340
276831460
276801578
276771694
276741808
276711920
276682030
276652138
276622244
276592348
276562450
276532550
276502648
276472744
276442838
276412930
276383020
276353108
276323194
276293278
276263360
276233440
276203518
276173594
276143668
276113740
276083810
276053878
276023944
275994008
275964070
275934130
275904188
275874244
275844298
275814350
275784400
275754448
275724494
275694538
275664580
275634620
275604658
275574694
275544728
275514760
275484790
275454818
275424844
275394868
275364890
275334910
275304928
275274944
275244958
275214970
275184980
275154988
275124994
275094998
275065000
275035000
275004998
274974994
274944988
274914980
274884970
274854958
274824944
274794928
274764910
274734890
274704868
274674844
274644818
274614790
274584760
274554728
274524694
274494658
274464620
274434580
274404538
274374494
274344448
274314400
274284350
274254298
274224244
274194188
274164130
274134070
274104008
274073944
274043878
274013810
273983740
273953668
273923594
273893518
273863440
273833360
273803278
273773194
273743108
273713020
273682930
273652838
273622744
273592648
273562550
273532450
273502348
273472244
273442138
273412030
273381920
273351808
273321694
273291578
273261460
273231340
273201218
273171094
273140968
273110840
273080710
273050578
273020444
272990308
272960170
272930030
272899888
272869744
272839598
272809450
272779300
272749148
272718994
272688838
272658680
272628520
272598358
272568194
272538028
272507860
272477690
272447518
272417344
272387168
272356990
272326810
272296628
272266444
272236258
272206070
272175880
272145688
272115494
272085298
272055100
272024900
271994698
271964494
271934288
271904080
271873870
271843658
271813444
271783228
271753010
271722790
271692568
271662344
271632118
271601890
271571660
271541428
271511194
271480958
271450720
271420480
271390238
271359994
271329748
271299500
271269250
271238998
271208744
271178488
271148230
271117970
271087708
271057444
271027178
270996910
270966640
270936368
270906094
270875818
270845540
270815260
270784978
270754694
270724408
270694120
270663830
270633538
270603244
270572948
270542650
270512350
270482048
270451744
270421438
270391130
270360820
270330508
270300194
270269878
270239560
270209240
270178918
270148594
270118268
270087940
270057610
270027278
269996944
269966608
269936270
269905930
269875588
269845244
269814898
269784550
269754200
269723848
269693494
269663138
269632780
269602420
269572058
269541694
269511328
269480960
269450590
269420218
269389844
269359468
269329090
269298710
269268328
269237944
269207558
269177170
269146780
269116388
269085994
269055598
269025200
268994800
268964398
268933994
268903588
268873180
268842770
268812358
268781944
268751528
268721110
268690690
268660268
268629844
268599418
268568990
268538560
268508128
268477694
268447258
268416820
268386380
268355938
268325494
268295048
268264600
268234150
268203698
268173244
268142788
268112330
268081870
268051408
268020944
267990478
267960010
267929540
267899068
267868594
267838118
267807640
267777160
267746678
267716194
267685708
267655220
267624730
267594238
267563744
267533248
267502750
267472250
267441748
267411244
267380738
267350230
267319720
267289208
267258694
267228178
267197660
267167140
267136618
267106094
267075568
267045040
267014510
266983978
266953444
266922908
266892370
266861830
266831288
266800744
266770198
266739650
266709100
266678548
266647994
266617438
266586880
266556320
266525758
266495194
266464628
266434060
266403490
266372918
266342344
266311768
266281190
266250610
266220028
266189444
266158858
266128270
266097680
266067088
266036494
266005898
265975300
265944700
265914098
265883494
265852888
265822280
265791670
265761058
265730444
265699828
265669210
265638590
265607968
265577344
265546718
265516090
265485460
265454828
265424194
265393558
265362920
265332280
265301638
265270994
265240348
265209700
265179050
265148398
265117744
265087088
265056430
265025770
264995108
264964444
264933778
264903110
264872440
264841768
264811094
264780418
264749740
264719060
264688378
264657694
264627008
264596320
264565630
264534938
264504244
264473548
264442850
264412150
264381448
264350744
264320038
264289330
264258620
264227908
264197194
264166478
264135760
264105040
264074318
264043594
264012868
263982140
263951410
263920678
263889944
263859208
263828470
263797730
263766988
263736244
263705498
263674750
263644000
263613248
263582494
263551738
263520980
263490220
263459458
263428694
263397928
263367160
263336390
263305618
263274844
263244068
263213290
263182510
263151728
263120944
263090158
263059370
263028580
262997788
262966994
262936198
262905400
262874600
262843798
262812994
262782188
262751380
262720570
262689758
262658944
262628128
262597310
262566490
262535668
262504844
262474018
262443190
262412360
262381528
262350694
262319858
262289020
262258180
262227338
262196494
262165648
262134800
262103950
262073098
262042244
262011388
261980530
261949670
261918808
261887944
261857078
261826210
261795340
261764468
261733594
261702718
261671840
261640960
261610078
261579194
261548308
261517420
261486530
261455638
261424744
261393848
261362950
261332050
261301148
261270244
261239338
261208430
261177520
261146608
261115694
261084778
261053860
261022940
260992018
260961094
260930168
260899240
260868310
260837378
260806444
260775508
260744570
260713630
260682688
260651744
260620798
260589850
260558900
260527948
260496994
260466038
260435080
260404120
260373158
260342194
260311228
260280260
260249290
260218318
260187344
260156368
260125390
260094410
260063428
260032444
260001458
259970470
259939480
259908488
259877494
259846498
259815500
259784500
259753498
259722494
259691488
259660480
259629470
259598458
259567444
259536428
259505410
259474390
259443368
259412344
259381318
259350290
259319260
259288228
259257194
259226158
259195120
259164080
259133038
259101994
259070948
259039900
259008850
258977798
258946744
258915688
258884630
258853570
258822508
258791444
258760378
258729310
258698240
258667168
258636094
258605018
258573940
258542860
258511778
258480694
258449608
258418520
258387430
258356338
258325244
258294148
258263050
258231950
258200848
258169744
258138638
258107530
258076420
258045308
258014194
257983078
257951960
257920840
257889718
257858594
257827468
257796340
257765210
257734078
257702944
257671808
257640670
257609530
257578388
257547244
257516098
257484950
257453800
257422648
257391494
257360338
257329180
257298020
257266858
257235694
257204528
257173360
257142190
257111018
257079844
257048668
257017490
256986310
256955128
256923944
256892758
256861570
256830380
256799188
256767994
256736798
256705600
256674400
256643198
256611994
256580788
256549580
256518370
256487158
256455944
256424728
256393510
256362290
256331068
256299844
256268618
256237390
256206160
256174928
256143694
256112458
256081220
256049980
256018738
255987494
255956248
255925000
255893750
255862498
255831244
255799988
255768730
255737470
255706208
255674944
255643678
255612410
255581140
255549868
255518594
255487318
255456040
255424760
255393478
255362194
255330908
255299620
255268330
255237038
255205744
255174448
255143150
255111850
255080548
255049244
255017938
254986630
254955320
254924008
254892694
254861378
254830060
254798740
254767418
254736094
254704768
254673440
254642110
254610778
254579444
254548108
254516770
254485430
254454088
254422744
254391398
254360050
254328700
254297348
254265994
254234638
254203280
254171920
254140558
254109194
254077828
254046460
254015090
253983718
253952344
253920968
253889590
253858210
253826828
253795444
253764058
253732670
253701280
253669888
253638494
253607098
253575700
253544300
253512898
253481494
253450088
253418680
253387270
253355858
253324444
253293028
253261610
253230190
253198768
253167344
253135918
253104490
253073060
253041628
253010194
252978758
252947320
252915880
252884438
252852994
252821548
252790100
252758650
252727198
252695744
252664288
252632830
252601370
252569908
252538444
252506978
252475510
252444040
252412568
252381094
252349618
252318140
252286660
252255178
252223694
252192208
252160720
252129230
252097738
252066244
252034748
252003250
251971750
251940248
251908744
251877238
251845730
251814220
251782708
251751194
251719678
251688160
251656640
251625118
251593594
251562068
251530540
251499010
251467478
251435944
251404408
251372870
251341330
251309788
251278244
251246698
251215150
251183600
251152048
251120494
251088938
251057380
251025820
250994258
250962694
250931128
250899560
250867990
250836418
250804844
250773268
250741690
250710110
250678528
250646944
250615358
250583770
250552180
250520588
250488994
250457398
250425800
250394200
250362598
250330994
250299388
250267780
250236170
250204558
250172944
250141328
250109710
250078090
250046468
250014844
249983218
249951590
249919960
249888328
249856694
249825058
249793420
249761780
249730138
249698494
249666848
249635200
249603550
249571898
249540244
249508588
249476930
249445270
249413608
249381944
249350278
249318610
249286940
249255268
249223594
249191918
249160240
249128560
249096878
249065194
249033508
249001820
248970130
248938438
248906744
248875048
248843350
248811650
248779948
248748244
248716538
248684830
248653120
248621408
248589694
248557978
248526260
248494540
248462818
248431094
248399368
248367640
248335910
248304178
248272444
248240708
248208970
248177230
248145488
248113744
248081998
248050250
248018500
247986748
247954994
247923238
247891480
247859720
247827958
247796194
247764428
247732660
247700890
247669118
247637344
247605568
247573790
247542010
247510228
247478444
247446658
247414870
247383080
247351288
247319494
247287698
247255900
247224100
247192298
247160494
247128688
247096880
247065070
247033258
247001444
246969628
246937810
246905990
246874168
246842344
246810518
246778690
246746860
246715028
246683194
246651358
246619520
246587680
246555838
246523994
246492148
246460300
246428450
246396598
246364744
246332888
246301030
246269170
246237308
246205444
246173578
246141710
246109840
246077968
246046094
246014218
245982340
245950460
245918578
245886694
245854808
245822920
245791030
245759138
245727244
245695348
245663450
245631550
245599648
245567744
245535838
245503930
245472020
245440108
245408194
245376278
245344360
245312440
245280518
245248594
245216668
245184740
245152810
245120878
245088944
245057008
245025070
244993130
244961188
244929244
244897298
244865350
244833400
244801448
244769494
244737538
244705580
244673620
244641658
244609694
244577728
244545760
244513790
244481818
244449844
244417868
244385890
244353910
244321928
244289944
244257958
244225970
244193980
244161988
244129994
244097998
244066000
244034000
244001998
243969994
243937988
243905980
243873970
243841958
243809944
243777928
243745910
243713890
243681868
243649844
243617818
243585790
243553760
243521728
243489694
243457658
243425620
243393580
243361538
243329494
243297448
243265400
243233350
243201298
243169244
243137188
243105130
243073070
243041008
243008944
242976878
242944810
242912740
242880668
242848594
242816518
242784440
242752360
242720278
242688194
242656108
242624020
242591930
242559838
242527744
242495648
242463550
242431450
242399348
242367244
242335138
242303030
242270920
242238808
242206694
242174578
242142460
242110340
242078218
242046094
242013968
241981840
241949710
241917578
241885444
241853308
241821170
241789030
241756888
241724744
241692598
241660450
241628300
241596148
241563994
241531838
241499680
241467520
241435358
241403194
241371028
241338860
241306690
241274518
241242344
241210168
241177990
241145810
241113628
241081444
241049258
241017070
240984880
240952688
240920494
240888298
240856100
240823900
240791698
240759494
240727288
240695080
240662870
240630658
240598444
240566228
240534010
240501790
240469568
240437344
240405118
240372890
240340660
240308428
240276194
240243958
240211720
240179480
240147238
240114994
240082748
240050500
240018250
239985998
239953744
239921488
239889230
239856970
239824708
239792444
239760178
239727910
239695640
239663368
239631094
239598818
239566540
239534260
239501978
239469694
239437408
239405120
239372830
239340538
239308244
239275948
239243650
239211350
239179048
239146744
239114438
239082130
239049820
239017508
238985194
238952878
238920560
238888240
238855918
238823594
238791268
238758940
238726610
238694278
238661944
238629608
238597270
238564930
238532588
238500244
238467898
238435550
238403200
238370848
238338494
238306138
238273780
238241420
238209058
238176694
238144328
238111960
238079590
238047218
238014844
237982468
237950090
237917710
237885328
237852944
237820558
237788170
237755780
237723388
237690994
237658598
237626200
237593800
237561398
237528994
237496588
237464180
237431770
237399358
237366944
237334528
237302110
237269690
237237268
237204844
237172418
237139990
237107560
237075128
237042694
237010258
236977820
236945380
236912938
236880494
236848048
236815600
236783150
236750698
236718244
236685788
236653330
236620870
236588408
236555944
236523478
236491010
236458540
236426068
236393594
236361118
236328640
236296160
236263678
236231194
236198708
236166220
236133730
236101238
236068744
236036248
236003750
235971250
235938748
235906244
235873738
235841230
235808720
235776208
235743694
235711178
235678660
235646140
235613618
235581094
235548568
235516040
235483510
235450978
235418444
235385908
235353370
235320830
235288288
235255744
235223198
235190650
235158100
235125548
235092994
235060438
235027880
234995320
234962758
234930194
234897628
234865060
234832490
234799918
234767344
234734768
234702190
234669610
234637028
234604444
234571858
234539270
234506680
234474088
234441494
234408898
234376300
234343700
234311098
234278494
234245888
234213280
234180670
234148058
234115444
234082828
234050210
234017590
233984968
233952344
233919718
233887090
233854460
233821828
233789194
233756558
233723920
233691280
233658638
233625994
233593348
233560700
233528050
233495398
233462744
233430088
233397430
233364770
233332108
233299444
233266778
233234110
233201440
233168768
233136094
233103418
233070740
233038060
233005378
232972694
232940008
232907320
232874630
232841938
232809244
232776548
232743850
232711150
232678448
232645744
232613038
232580330
232547620
232514908
232482194
232449478
232416760
232384040
232351318
232318594
232285868
232253140
232220410
232187678
232154944
232122208
232089470
232056730
232023988
231991244
231958498
231925750
231893000
231860248
231827494
231794738
231761980
231729220
231696458
231663694
231630928
231598160
231565390
231532618
231499844
231467068
231434290
231401510
231368728
231335944
231303158
231270370
231237580
231204788
231171994
231139198
231106400
231073600
231040798
231007994
230975188
230942380
230909570
230876758
230843944
230811128
230778310
230745490
230712668
230679844
230647018
230614190
230581360
230548528
230515694
230482858
230450020
230417180
230384338
230351494
230318648
230285800
230252950
230220098
230187244
230154388
230121530
230088670
230055808
230022944
229990078
229957210
229924340
229891468
229858594
229825718
229792840
229759960
229727078
229694194
229661308
229628420
229595530
229562638
229529744
229496848
229463950
229431050
229398148
229365244
229332338
229299430
229266520
229233608
229200694
229167778
229134860
229101940
229069018
229036094
229003168
228970240
228937310
228904378
228871444
228838508
228805570
228772630
228739688
228706744
228673798
228640850
228607900
228574948
228541994
228509038
228476080
228443120
228410158
228377194
228344228
228311260
228278290
228245318
228212344
228179368
228146390
228113410
228080428
228047444
228014458
227981470
227948480
227915488
227882494
227849498
227816500
227783500
227750498
227717494
227684488
227651480
227618470
227585458
227552444
227519428
227486410
227453390
227420368
227387344
227354318
227321290
227288260
227255228
227222194
227189158
227156120
227123080
227090038
227056994
227023948
226990900
226957850
226924798
226891744
226858688
226825630
226792570
226759508
226726444
226693378
226660310
226627240
226594168
226561094
226528018
226494940
226461860
226428778
226395694
226362608
226329520
226296430
226263338
226230244
226197148
226164050
226130950
226097848
226064744
226031638
225998530
225965420
225932308
225899194
225866078
225832960
225799840
225766718
225733594
225700468
225667340
225634210
225601078
225567944
225534808
225501670
225468530
225435388
225402244
225369098
225335950
225302800
225269648
225236494
225203338
225170180
225137020
225103858
225070694
225037528
225004360
224971190
224938018
224904844
224871668
224838490
224805310
224772128
224738944
224705758
224672570
224639380
224606188
224572994
224539798
224506600
224473400
224440198
224406994
224373788
224340580
224307370
224274158
224240944
224207728
224174510
224141290
224108068
224074844
224041618
224008390
223975160
223941928
223908694
223875458
223842220
223808980
223775738
223742494
223709248
223676000
223642750
223609498
223576244
223542988
223509730
223476470
223443208
223409944
223376678
223343410
223310140
223276868
223243594
223210318
223177040
223143760
223110478
223077194
223043908
223010620
222977330
222944038
222910744
222877448
222844150
222810850
222777548
222744244
222710938
222677630
222644320
222611008
222577694
222544378
222511060
222477740
222444418
222411094
222377768
222344440
222311110
222277778
222244444
222211108
222177770
222144430
222111088
222077744
222044398
222011050
221977700
221944348
221910994
221877638
221844280
221810920
221777558
221744194
221710828
221677460
221644090
221610718
221577344
221543968
221510590
221477210
221443828
221410444
221377058
221343670
221310280
221276888
221243494
221210098
221176700
221143300
221109898
221076494
221043088
221009680
220976270
220942858
220909444
220876028
220842610
220809190
220775768
220742344
220708918
220675490
220642060
220608628
220575194
220541758
220508320
220474880
220441438
220407994
220374548
220341100
220307650
220274198
220240744
220207288
220173830
220140370
220106908
220073444
220039978
220006510
219973040
219939568
219906094
219872618
219839140
219805660
219772178
219738694
219705208
219671720
219638230
219604738
219571244
219537748
219504250
219470750
219437248
219403744
219370238
219336730
219303220
219269708
219236194
219202678
219169160
219135640
219102118
219068594
219035068
219001540
218968010
218934478
218900944
218867408
218833870
218800330
218766788
218733244
218699698
218666150
218632600
218599048
218565494
218531938
218498380
218464820
218431258
218397694
218364128
218330560
218296990
218263418
218229844
218196268
218162690
218129110
218095528
218061944
218028358
217994770
217961180
217927588
217893994
217860398
217826800
217793200
217759598
217725994
217692388
217658780
217625170
217591558
217557944
217524328
217490710
217457090
217423468
217389844
217356218
217322590
217288960
217255328
217221694
217188058
217154420
217120780
217087138
217053494
217019848
216986200
216952550
216918898
216885244
216851588
216817930
216784270
216750608
216716944
216683278
216649610
216615940
216582268
216548594
216514918
216481240
216447560
216413878
216380194
216346508
216312820
216279130
216245438
216211744
216178048
216144350
216110650
216076948
216043244
216009538
215975830
215942120
215908408
215874694
215840978
215807260
215773540
215739818
215706094
215672368
215638640
215604910
215571178
215537444
215503708
215469970
215436230
215402488
215368744
215334998
215301250
215267500
215233748
215199994
215166238
215132480
215098720
215064958
215031194
214997428
214963660
214929890
214896118
214862344
214828568
214794790
214761010
214727228
214693444
214659658
214625870
214592080
214558288
214524494
214490698
214456900
214423100
214389298
214355494
214321688
214287880
214254070
214220258
214186444
214152628
214118810
214084990
214051168
214017344
213983518
213949690
213915860
213882028
213848194
213814358
213780520
213746680
213712838
213678994
213645148
213611300
213577450
213543598
213509744
213475888
213442030
213408170
213374308
213340444
213306578
213272710
213238840
213204968
213171094
213137218
213103340
213069460
213035578
213001694
212967808
212933920
212900030
212866138
212832244
212798348
212764450
212730550
212696648
212662744
212628838
212594930
212561020
212527108
212493194
212459278
212425360
212391440
212357518
212323594
212289668
212255740
212221810
212187878
212153944
212120008
212086070
212052130
212018188
211984244
211950298
211916350
211882400
211848448
211814494
211780538
211746580
211712620
211678658
211644694
211610728
211576760
211542790
211508818
211474844
211440868
211406890
211372910
211338928
211304944
211270958
211236970
211202980
211168988
211134994
211100998
211067000
211033000
210998998
210964994
210930988
210896980
210862970
210828958
210794944
210760928
210726910
210692890
210658868
210624844
210590818
210556790
210522760
210488728
210454694
210420658
210386620
210352580
210318538
210284494
210250448
210216400
210182350
210148298
210114244
210080188
210046130
210012070
209978008
209943944
209909878
209875810
209841740
209807668
209773594
209739518
209705440
209671360
209637278
209603194
209569108
209535020
209500930
209466838
209432744
209398648
209364550
209330450
209296348
209262244
209228138
209194030
209159920
209125808
209091694
209057578
209023460
208989340
208955218
208921094
208886968
208852840
208818710
208784578
208750444
208716308
208682170
208648030
208613888
208579744
208545598
208511450
208477300
208443148
208408994
208374838
208340680
208306520
208272358
208238194
208204028
208169860
208135690
208101518
208067344
208033168
207998990
207964810
207930628
207896444
207862258
207828070
207793880
207759688
207725494
207691298
207657100
207622900
207588698
207554494
207520288
207486080
207451870
207417658
207383444
207349228
207315010
207280790
207246568
207212344
207178118
207143890
207109660
207075428
207041194
207006958
206972720
206938480
206904238
206869994
206835748
206801500
206767250
206732998
206698744
206664488
206630230
206595970
206561708
206527444
206493178
206458910
206424640
206390368
206356094
206321818
206287540
206253260
206218978
206184694
206150408
206116120
206081830
206047538
206013244
205978948
205944650
205910350
205876048
205841744
205807438
205773130
205738820
205704508
205670194
205635878
205601560
205567240
205532918
205498594
205464268
205429940
205395610
205361278
205326944
205292608
205258270
205223930
205189588
205155244
205120898
205086550
205052200
205017848
204983494
204949138
204914780
204880420
204846058
204811694
204777328
204742960
204708590
204674218
204639844
204605468
204571090
204536710
204502328
204467944
204433558
204399170
204364780
204330388
204295994
204261598
204227200
204192800
204158398
204123994
204089588
204055180
204020770
203986358
203951944
203917528
203883110
203848690
203814268
203779844
203745418
203710990
203676560
203642128
203607694
203573258
203538820
203504380
203469938
203435494
203401048
203366600
203332150
203297698
203263244
203228788
203194330
203159870
203125408
203090944
203056478
203022010
202987540
202953068
202918594
202884118
202849640
202815160
202780678
202746194
202711708
202677220
202642730
202608238
202573744
202539248
202504750
202470250
202435748
202401244
202366738
202332230
202297720
202263208
202228694
202194178
202159660
202125140
202090618
202056094
202021568
201987040
201952510
201917978
201883444
201848908
201814370
201779830
201745288
201710744
201676198
201641650
201607100
201572548
201537994
201503438
201468880
201434320
201399758
201365194
201330628
201296060
201261490
201226918
201192344
201157768
201123190
201088610
201054028
201019444
200984858
200950270
200915680
200881088
200846494
200811898
200777300
200742700
200708098
200673494
200638888
200604280
200569670
200535058
200500444
200465828
200431210
200396590
200361968
200327344
200292718
200258090
200223460
200188828
200154194
200119558
200084920
200050280
200015638
199980994
199946348
199911700
199877050
199842398
199807744
199773088
199738430
199703770
199669108
199634444
199599778
199565110
199530440
199495768
199461094
199426418
199391740
199357060
199322378
199287694
199253008
199218320
199183630
199148938
199114244
199079548
199044850
199010150
198975448
198940744
198906038
198871330
198836620
198801908
198767194
198732478
198697760
198663040
198628318
198593594
198558868
198524140
198489410
198454678
198419944
198385208
198350470
198315730
198280988
198246244
198211498
198176750
198142000
198107248
198072494
198037738
198002980
197968220
197933458
197898694
197863928
197829160
197794390
197759618
197724844
197690068
197655290
197620510
197585728
197550944
197516158
197481370
197446580
197411788
197376994
197342198
197307400
197272600
197237798
197202994
197168188
197133380
197098570
197063758
197028944
196994128
196959310
196924490
196889668
196854844
196820018
196785190
196750360
196715528
196680694
196645858
196611020
196576180
196541338
196506494
196471648
196436800
196401950
196367098
196332244
196297388
196262530
196227670
196192808
196157944
196123078
196088210
196053340
196018468
195983594
195948718
195913840
195878960
195844078
195809194
195774308
195739420
195704530
195669638
195634744
195599848
195564950
195530050
195495148
195460244
195425338
195390430
195355520
195320608
195285694
195250778
195215860
195180940
195146018
195111094
195076168
195041240
195006310
194971378
194936444
194901508
194866570
194831630
194796688
194761744
194726798
194691850
194656900
194621948
194586994
194552038
194517080
194482120
194447158
194412194
194377228
194342260
194307290
194272318
194237344
194202368
194167390
194132410
194097428
194062444
194027458
193992470
193957480
193922488
193887494
193852498
193817500
193782500
193747498
193712494
193677488
193642480
193607470
193572458
193537444
193502428
193467410
193432390
193397368
193362344
193327318
193292290
193257260
193222228
193187194
193152158
193117120
193082080
193047038
193011994
192976948
192941900
192906850
192871798
192836744
192801688
192766630
192731570
192696508
192661444
192626378
192591310
192556240
192521168
192486094
192451018
192415940
192380860
192345778
192310694
192275608
192240520
192205430
192170338
192135244
192100148
192065050
192029950
191994848
191959744
191924638
191889530
191854420
191819308
191784194
191749078
191713960
191678840
191643718
191608594
191573468
191538340
191503210
191468078
191432944
191397808
191362670
191327530
191292388
191257244
191222098
191186950
191151800
191116648
191081494
191046338
191011180
190976020
190940858
190905694
190870528
190835360
190800190
190765018
190729844
190694668
190659490
190624310
190589128
190553944
190518758
190483570
190448380
190413188
190377994
190342798
190307600
190272400
190237198
190201994
190166788
190131580
190096370
190061158
190025944
189990728
189955510
189920290
189885068
189849844
189814618
189779390
189744160
189708928
189673694
189638458
189603220
189567980
189532738
189497494
189462248
189427000
189391750
189356498
189321244
189285988
189250730
189215470
189180208
189144944
189109678
189074410
189039140
189003868
188968594
188933318
188898040
188862760
188827478
188792194
188756908
188721620
188686330
188651038
188615744
188580448
188545150
188509850
188474548
188439244
188403938
188368630
188333320
188298008
188262694
188227378
188192060
188156740
188121418
188086094
188050768
188015440
187980110
187944778
187909444
187874108
187838770
187803430
187768088
187732744
187697398
187662050
187626700
187591348
187555994
187520638
187485280
187449920
187414558
187379194
187343828
187308460
187273090
187237718
187202344
187166968
187131590
187096210
187060828
187025444
186990058
186954670
186919280
186883888
186848494
186813098
186777700
186742300
186706898
186671494
186636088
186600680
186565270
186529858
186494444
186459028
186423610
186388190
186352768
186317344
186281918
186246490
186211060
186175628
186140194
186104758
186069320
186033880
185998438
185962994
185927548
185892100
185856650
185821198
185785744
185750288
185714830
185679370
185643908
185608444
185572978
185537510
185502040
185466568
185431094
185395618
185360140
185324660
185289178
185253694
185218208
185182720
185147230
185111738
185076244
185040748
185005250
184969750
184934248
184898744
184863238
184827730
184792220
184756708
184721194
184685678
184650160
184614640
184579118
184543594
184508068
184472540
184437010
184401478
184365944
184330408
184294870
184259330
184223788
184188244
184152698
184117150
184081600
184046048
184010494
183974938
183939380
183903820
183868258
183832694
183797128
183761560
183725990
183690418
183654844
183619268
183583690
183548110
183512528
183476944
183441358
183405770
183370180
183334588
183298994
183263398
183227800
183192200
183156598
183120994
183085388
183049780
183014170
182978558
182942944
182907328
182871710
182836090
182800468
182764844
182729218
182693590
182657960
182622328
182586694
182551058
182515420
182479780
182444138
182408494
182372848
182337200
182301550
182265898
182230244
182194588
182158930
182123270
182087608
182051944
182016278
181980610
181944940
181909268
181873594
181837918
181802240
181766560
181730878
181695194
181659508
181623820
181588130
181552438
181516744
181481048
181445350
181409650
181373948
181338244
181302538
181266830
181231120
181195408
181159694
181123978
181088260
181052540
181016818
180981094
180945368
180909640
180873910
180838178
180802444
180766708
180730970
180695230
180659488
180623744
180587998
180552250
180516500
180480748
180444994
180409238
180373480
180337720
180301958
180266194
180230428
180194660
180158890
180123118
180087344
180051568
180015790
179980010
179944228
179908444
179872658
179836870
179801080
179765288
179729494
179693698
179657900
179622100
179586298
179550494
179514688
179478880
179443070
179407258
179371444
179335628
179299810
179263990
179228168
179192344
179156518
179120690
179084860
179049028
179013194
178977358
178941520
178905680
178869838
178833994
178798148
178762300
178726450
178690598
178654744
178618888
178583030
178547170
178511308
178475444
178439578
178403710
178367840
178331968
178296094
178260218
178224340
178188460
178152578
178116694
178080808
178044920
178009030
177973138
177937244
177901348
177865450
177829550
177793648
177757744
177721838
177685930
177650020
177614108
177578194
177542278
177506360
177470440
177434518
177398594
177362668
177326740
177290810
177254878
177218944
177183008
177147070
177111130
177075188
177039244
177003298
176967350
176931400
176895448
176859494
176823538
176787580
176751620
176715658
176679694
176643728
176607760
176571790
176535818
176499844
176463868
176427890
176391910
176355928
176319944
176283958
176247970
176211980
176175988
176139994
176103998
176068000
176032000
175995998
175959994
175923988
175887980
175851970
175815958
175779944
175743928
175707910
175671890
175635868
175599844
175563818
175527790
175491760
175455728
175419694
175383658
175347620
175311580
175275538
175239494
175203448
175167400
175131350
175095298
175059244
175023188
174987130
174951070
174915008
174878944
174842878
174806810
174770740
174734668
174698594
174662518
174626440
174590360
174554278
174518194
174482108
174446020
174409930
174373838
174337744
174301648
174265550
174229450
174193348
174157244
174121138
174085030
174048920
174012808
173976694
173940578
173904460
173868340
173832218
173796094
173759968
173723840
173687710
173651578
173615444
173579308
173543170
173507030
173470888
173434744
173398598
173362450
173326300
173290148
173253994
173217838
173181680
173145520
173109358
173073194
173037028
173000860
172964690
172928518
172892344
172856168
172819990
172783810
172747628
172711444
172675258
172639070
172602880
172566688
172530494
172494298
172458100
172421900
172385698
172349494
172313288
172277080
172240870
172204658
172168444
172132228
172096010
172059790
172023568
171987344
171951118
171914890
171878660
171842428
171806194
171769958
171733720
171697480
171661238
171624994
171588748
171552500
171516250
171479998
171443744
171407488
171371230
171334970
171298708
171262444
171226178
171189910
171153640
171117368
171081094
171044818
171008540
170972260
170935978
170899694
170863408
170827120
170790830
170754538
170718244
170681948
170645650
170609350
170573048
170536744
170500438
170464130
170427820
170391508
170355194
170318878
170282560
170246240
170209918
170173594
170137268
170100940
170064610
170028278
169991944
169955608
169919270
169882930
169846588
169810244
169773898
169737550
169701200
169664848
169628494
169592138
169555780
169519420
169483058
169446694
169410328
169373960
169337590
169301218
169264844
169228468
169192090
169155710
169119328
169082944
169046558
169010170
168973780
168937388
168900994
168864598
168828200
168791800
168755398
168718994
168682588
168646180
168609770
168573358
168536944
168500528
168464110
168427690
168391268
168354844
168318418
168281990
168245560
168209128
168172694
168136258
168099820
168063380
168026938
167990494
167954048
167917600
167881150
167844698
167808244
167771788
167735330
167698870
167662408
167625944
167589478
167553010
167516540
167480068
167443594
167407118
167370640
167334160
167297678
167261194
167224708
167188220
167151730
167115238
167078744
167042248
167005750
166969250
166932748
166896244
166859738
166823230
166786720
166750208
166713694
166677178
166640660
166604140
166567618
166531094
166494568
166458040
166421510
166384978
166348444
166311908
166275370
166238830
166202288
166165744
166129198
166092650
166056100
166019548
165982994
165946438
165909880
165873320
165836758
165800194
165763628
165727060
165690490
165653918
165617344
165580768
165544190
165507610
165471028
165434444
165397858
165361270
165324680
165288088
165251494
165214898
165178300
165141700
165105098
165068494
165031888
164995280
164958670
164922058
164885444
164848828
164812210
164775590
164738968
164702344
164665718
164629090
164592460
164555828
164519194
164482558
164445920
164409280
164372638
164335994
164299348
164262700
164226050
164189398
164152744
164116088
164079430
164042770
164006108
163969444
163932778
163896110
163859440
163822768
163786094
163749418
163712740
163676060
163639378
163602694
163566008
163529320
163492630
163455938
163419244
163382548
163345850
163309150
163272448
163235744
163199038
163162330
163125620
163088908
163052194
163015478
162978760
162942040
162905318
162868594
162831868
162795140
162758410
162721678
162684944
162648208
162611470
162574730
162537988
162501244
162464498
162427750
162391000
162354248
162317494
162280738
162243980
162207220
162170458
162133694
162096928
162060160
162023390
161986618
161949844
161913068
161876290
161839510
161802728
161765944
161729158
161692370
161655580
161618788
161581994
161545198
161508400
161471600
161434798
161397994
161361188
161324380
161287570
161250758
161213944
161177128
161140310
161103490
161066668
161029844
160993018
160956190
160919360
160882528
160845694
160808858
160772020
160735180
160698338
160661494
160624648
160587800
160550950
160514098
160477244
160440388
160403530
160366670
160329808
160292944
160256078
160219210
160182340
160145468
160108594
160071718
160034840
159997960
159961078
159924194
159887308
159850420
159813530
159776638
159739744
159702848
159665950
159629050
159592148
159555244
159518338
159481430
159444520
159407608
159370694
159333778
159296860
159259940
159223018
159186094
159149168
159112240
159075310
159038378
159001444
158964508
158927570
158890630
158853688
158816744
158779798
158742850
158705900
158668948
158631994
158595038
158558080
158521120
158484158
158447194
158410228
158373260
158336290
158299318
158262344
158225368
158188390
158151410
158114428
158077444
158040458
158003470
157966480
157929488
157892494
157855498
157818500
157781500
157744498
157707494
157670488
157633480
157596470
157559458
157522444
157485428
157448410
157411390
157374368
157337344
157300318
157263290
157226260
157189228
157152194
157115158
157078120
157041080
157004038
156966994
156929948
156892900
156855850
156818798
156781744
156744688
156707630
156670570
156633508
156596444
156559378
156522310
156485240
156448168
156411094
156374018
156336940
156299860
156262778
156225694
156188608
156151520
156114430
156077338
156040244
156003148
155966050
155928950
155891848
155854744
155817638
155780530
155743420
155706308
155669194
155632078
155594960
155557840
155520718
155483594
155446468
155409340
155372210
155335078
155297944
155260808
155223670
155186530
155149388
155112244
155075098
155037950
155000800
154963648
154926494
154889338
154852180
154815020
154777858
154740694
154703528
154666360
154629190
154592018
154554844
154517668
154480490
154443310
154406128
154368944
154331758
154294570
154257380
154220188
154182994
154145798
154108600
154071400
154034198
153996994
153959788
153922580
153885370
153848158
153810944
153773728
153736510
153699290
153662068
153624844
153587618
153550390
153513160
153475928
153438694
153401458
153364220
153326980
153289738
153252494
153215248
153178000
153140750
153103498
153066244
153028988
152991730
152954470
152917208
152879944
152842678
152805410
152768140
152730868
152693594
152656318
152619040
152581760
152544478
152507194
152469908
152432620
152395330
152358038
152320744
152283448
152246150
152208850
152171548
152134244
152096938
152059630
152022320
151985008
151947694
151910378
151873060
151835740
151798418
151761094
151723768
151686440
151649110
151611778
151574444
151537108
151499770
151462430
151425088
151387744
151350398
151313050
151275700
151238348
151200994
151163638
151126280
151088920
151051558
151014194
150976828
150939460
150902090
150864718
150827344
150789968
150752590
150715210
150677828
150640444
150603058
150565670
150528280
150490888
150453494
150416098
150378700
150341300
150303898
150266494
150229088
150191680
150154270
150116858
150079444
150042028
150004610
149967190
149929768
149892344
149854918
149817490
149780060
149742628
149705194
149667758
149630320
149592880
149555438
149517994
149480548
149443100
149405650
149368198
149330744
149293288
149255830
149218370
149180908
149143444
149105978
149068510
149031040
148993568
148956094
148918618
148881140
148843660
148806178
148768694
148731208
148693720
148656230
148618738
148581244
148543748
148506250
148468750
148431248
148393744
148356238
148318730
148281220
148243708
148206194
148168678
148131160
148093640
148056118
148018594
147981068
147943540
147906010
147868478
147830944
147793408
147755870
147718330
147680788
147643244
147605698
147568150
147530600
147493048
147455494
147417938
147380380
147342820
147305258
147267694
147230128
147192560
147154990
147117418
147079844
147042268
147004690
146967110
146929528
146891944
146854358
146816770
146779180
146741588
146703994
146666398
146628800
146591200
146553598
146515994
146478388
146440780
146403170
146365558
146327944
146290328
146252710
146215090
146177468
146139844
146102218
146064590
146026960
145989328
145951694
145914058
145876420
145838780
145801138
145763494
145725848
145688200
145650550
145612898
145575244
145537588
145499930
145462270
145424608
145386944
145349278
145311610
145273940
145236268
145198594
145160918
145123240
145085560
145047878
145010194
144972508
144934820
144897130
144859438
144821744
144784048
144746350
144708650
144670948
144633244
144595538
144557830
144520120
144482408
144444694
144406978
144369260
144331540
144293818
144256094
144218368
144180640
144142910
144105178
144067444
144029708
143991970
143954230
143916488
143878744
143840998
143803250
143765500
143727748
143689994
143652238
143614480
143576720
143538958
143501194
143463428
143425660
143387890
143350118
143312344
143274568
143236790
143199010
143161228
143123444
143085658
143047870
143010080
142972288
142934494
142896698
142858900
142821100
142783298
142745494
142707688
142669880
142632070
142594258
142556444
142518628
142480810
142442990
142405168
142367344
142329518
142291690
142253860
142216028
142178194
142140358
142102520
142064680
142026838
141988994
141951148
141913300
141875450
141837598
141799744
141761888
141724030
141686170
141648308
141610444
141572578
141534710
141496840
141458968
141421094
141383218
141345340
141307460
141269578
141231694
141193808
141155920
141118030
141080138
141042244
141004348
140966450
140928550
140890648
140852744
140814838
140776930
140739020
140701108
140663194
140625278
140587360
140549440
140511518
140473594
140435668
140397740
140359810
140321878
140283944
140246008
140208070
140170130
140132188
140094244
140056298
140018350
139980400
139942448
139904494
139866538
139828580
139790620
139752658
139714694
139676728
139638760
139600790
139562818
139524844
139486868
139448890
139410910
139372928
139334944
139296958
139258970
139220980
139182988
139144994
139106998
139069000
139031000
138992998
138954994
138916988
138878980
138840970
138802958
138764944
138726928
138688910
138650890
138612868
138574844
138536818
138498790
138460760
138422728
138384694
138346658
138308620
138270580
138232538
138194494
138156448
138118400
138080350
138042298
138004244
137966188
137928130
137890070
137852008
137813944
137775878
137737810
137699740
137661668
137623594
137585518
137547440
137509360
137471278
137433194
137395108
137357020
137318930
137280838
137242744
137204648
137166550
137128450
137090348
137052244
137014138
136976030
136937920
136899808
136861694
136823578
136785460
136747340
136709218
136671094
136632968
136594840
136556710
136518578
136480444
136442308
136404170
136366030
136327888
136289744
136251598
136213450
136175300
136137148
136098994
136060838
136022680
135984520
135946358
135908194
135870028
135831860
135793690
135755518
135717344
135679168
135640990
135602810
135564628
135526444
135488258
135450070
135411880
135373688
135335494
135297298
135259100
135220900
135182698
135144494
135106288
135068080
135029870
134991658
134953444
134915228
134877010
134838790
134800568
134762344
134724118
134685890
134647660
134609428
134571194
134532958
134494720
134456480
134418238
134379994
134341748
134303500
134265250
134226998
134188744
134150488
134112230
134073970
134035708
133997444
133959178
133920910
133882640
133844368
133806094
133767818
133729540
133691260
133652978
133614694
133576408
133538120
133499830
133461538
133423244
133384948
133346650
133308350
133270048
133231744
133193438
133155130
133116820
133078508
133040194
133001878
132963560
132925240
132886918
132848594
132810268
132771940
132733610
132695278
132656944
132618608
132580270
132541930
132503588
132465244
132426898
132388550
132350200
132311848
132273494
132235138
132196780
132158420
132120058
132081694
132043328
132004960
131966590
131928218
131889844
131851468
131813090
131774710
131736328
131697944
131659558
131621170
131582780
131544388
131505994
131467598
131429200
131390800
131352398
131313994
131275588
131237180
131198770
131160358
131121944
131083528
131045110
131006690
130968268
130929844
130891418
130852990
130814560
130776128
130737694
130699258
130660820
130622380
130583938
130545494
130507048
130468600
130430150
130391698
130353244
130314788
130276330
130237870
130199408
130160944
130122478
130084010
130045540
130007068
129968594
129930118
129891640
129853160
129814678
129776194
129737708
129699220
129660730
129622238
129583744
129545248
129506750
129468250
129429748
129391244
129352738
129314230
129275720
129237208
129198694
129160178
129121660
129083140
129044618
129006094
128967568
128929040
128890510
128851978
128813444
128774908
128736370
128697830
128659288
128620744
128582198
128543650
128505100
128466548
128427994
128389438
128350880
128312320
128273758
128235194
128196628
128158060
128119490
128080918
128042344
128003768
127965190
127926610
127888028
127849444
127810858
127772270
127733680
127695088
127656494
127617898
127579300
127540700
127502098
127463494
127424888
127386280
127347670
127309058
127270444
127231828
127193210
127154590
127115968
127077344
127038718
127000090
126961460
126922828
126884194
126845558
126806920
126768280
126729638
126690994
126652348
126613700
126575050
126536398
126497744
126459088
126420430
126381770
126343108
126304444
126265778
126227110
126188440
126149768
126111094
126072418
126033740
125995060
125956378
125917694
125879008
125840320
125801630
125762938
125724244
125685548
125646850
125608150
125569448
125530744
125492038
125453330
125414620
125375908
125337194
125298478
125259760
125221040
125182318
125143594
125104868
125066140
125027410
124988678
124949944
124911208
124872470
124833730
124794988
124756244
124717498
124678750
124640000
124601248
124562494
124523738
124484980
124446220
124407458
124368694
124329928
124291160
124252390
124213618
124174844
124136068
124097290
124058510
124019728
123980944
123942158
123903370
123864580
123825788
123786994
123748198
123709400
123670600
123631798
123592994
123554188
123515380
123476570
123437758
123398944
123360128
123321310
123282490
123243668
123204844
123166018
123127190
123088360
123049528
123010694
122971858
122933020
122894180
122855338
122816494
122777648
122738800
122699950
122661098
122622244
122583388
122544530
122505670
122466808
122427944
122389078
122350210
122311340
122272468
122233594
122194718
122155840
122116960
122078078
122039194
122000308
121961420
121922530
121883638
121844744
121805848
121766950
121728050
121689148
121650244
121611338
121572430
121533520
121494608
121455694
121416778
121377860
121338940
121300018
121261094
121222168
121183240
121144310
121105378
121066444
121027508
120988570
120949630
120910688
120871744
120832798
120793850
120754900
120715948
120676994
120638038
120599080
120560120
120521158
120482194
120443228
120404260
120365290
120326318
120287344
120248368
120209390
120170410
120131428
120092444
120053458
120014470
119975480
119936488
119897494
119858498
119819500
119780500
119741498
119702494
119663488
119624480
119585470
119546458
119507444
119468428
119429410
119390390
119351368
119312344
119273318
119234290
119195260
119156228
119117194
119078158
119039120
119000080
118961038
118921994
118882948
118843900
118804850
118765798
118726744
118687688
118648630
118609570
118570508
118531444
118492378
118453310
118414240
118375168
118336094
118297018
118257940
118218860
118179778
118140694
118101608
118062520
118023430
117984338
117945244
117906148
117867050
117827950
117788848
117749744
117710638
117671530
117632420
117593308
117554194
117515078
117475960
117436840
117397718
117358594
117319468
117280340
117241210
117202078
117162944
117123808
117084670
117045530
117006388
116967244
116928098
116888950
116849800
116810648
116771494
116732338
116693180
116654020
116614858
116575694
116536528
116497360
116458190
116419018
116379844
116340668
116301490
116262310
116223128
116183944
116144758
116105570
116066380
116027188
115987994
115948798
115909600
115870400
115831198
115791994
115752788
115713580
115674370
115635158
115595944
115556728
115517510
115478290
115439068
115399844
115360618
115321390
115282160
115242928
115203694
115164458
115125220
115085980
115046738
115007494
114968248
114929000
114889750
114850498
114811244
114771988
114732730
114693470
114654208
114614944
114575678
114536410
114497140
114457868
114418594
114379318
114340040
114300760
114261478
114222194
114182908
114143620
114104330
114065038
114025744
113986448
113947150
113907850
113868548
113829244
113789938
113750630
113711320
113672008
113632694
113593378
113554060
113514740
113475418
113436094
113396768
113357440
113318110
113278778
113239444
113200108
113160770
113121430
113082088
113042744
113003398
112964050
112924700
112885348
112845994
112806638
112767280
112727920
112688558
112649194
112609828
112570460
112531090
112491718
112452344
112412968
112373590
112334210
112294828
112255444
112216058
112176670
112137280
112097888
112058494
112019098
111979700
111940300
111900898
111861494
111822088
111782680
111743270
111703858
111664444
111625028
111585610
111546190
111506768
111467344
111427918
111388490
111349060
111309628
111270194
111230758
111191320
111151880
111112438
111072994
111033548
110994100
110954650
110915198
110875744
110836288
110796830
110757370
110717908
110678444
110638978
110599510
110560040
110520568
110481094
110441618
110402140
110362660
110323178
110283694
110244208
110204720
110165230
110125738
110086244
110046748
110007250
109967750
109928248
109888744
109849238
109809730
109770220
109730708
109691194
109651678
109612160
109572640
109533118
109493594
109454068
109414540
109375010
109335478
109295944
109256408
109216870
109177330
109137788
109098244
109058698
109019150
108979600
108940048
108900494
108860938
108821380
108781820
108742258
108702694
108663128
108623560
108583990
108544418
108504844
108465268
108425690
108386110
108346528
108306944
108267358
108227770
108188180
108148588
108108994
108069398
108029800
107990200
107950598
107910994
107871388
107831780
107792170
107752558
107712944
107673328
107633710
107594090
107554468
107514844
107475218
107435590
107395960
107356328
107316694
107277058
107237420
107197780
107158138
107118494
107078848
107039200
106999550
106959898
106920244
106880588
106840930
106801270
106761608
106721944
106682278
106642610
106602940
106563268
106523594
106483918
106444240
106404560
106364878
106325194
106285508
106245820
106206130
106166438
106126744
106087048
106047350
106007650
105967948
105928244
105888538
105848830
105809120
105769408
105729694
105689978
105650260
105610540
105570818
105531094
105491368
105451640
105411910
105372178
105332444
105292708
105252970
105213230
105173488
105133744
105093998
105054250
105014500
104974748
104934994
104895238
104855480
104815720
104775958
104736194
104696428
104656660
104616890
104577118
104537344
104497568
104457790
104418010
104378228
104338444
104298658
104258870
104219080
104179288
104139494
104099698
104059900
104020100
103980298
103940494
103900688
103860880
103821070
103781258
103741444
103701628
103661810
103621990
103582168
103542344
103502518
103462690
103422860
103383028
103343194
103303358
103263520
103223680
103183838
103143994
103104148
103064300
103024450
102984598
102944744
102904888
102865030
102825170
102785308
102745444
102705578
102665710
102625840
102585968
102546094
102506218
102466340
102426460
102386578
102346694
102306808
102266920
102227030
102187138
102147244
102107348
102067450
102027550
101987648
101947744
101907838
101867930
101828020
101788108
101748194
101708278
101668360
101628440
101588518
101548594
101508668
101468740
101428810
101388878
101348944
101309008
101269070
101229130
101189188
101149244
101109298
101069350
101029400
100989448
100949494
100909538
100869580
100829620
100789658
100749694
100709728
100669760
100629790
100589818
100549844
100509868
100469890
100429910
100389928
100349944
100309958
100269970
100229980
100189988
100149994
100109998
100070000
100030000
99989998
99949994
99909988
99869980
99829970
99789958
99749944
99709928
99669910
99629890
99589868
99549844
99509818
99469790
99429760
99389728
99349694
99309658
99269620
99229580
99189538
99149494
99109448
99069400
99029350
98989298
98949244
98909188
98869130
98829070
98789008
98748944
98708878
98668810
98628740
98588668
98548594
98508518
98468440
98428360
98388278
98348194
98308108
98268020
98227930
98187838
98147744
98107648
98067550
98027450
97987348
97947244
97907138
97867030
97826920
97786808
97746694
97706578
97666460
97626340
97586218
97546094
97505968
97465840
97425710
97385578
97345444
97305308
97265170
97225030
97184888
97144744
97104598
97064450
97024300
96984148
96943994
96903838
96863680
96823520
96783358
96743194
96703028
96662860
96622690
96582518
96542344
96502168
96461990
96421810
96381628
96341444
96301258
96261070
96220880
96180688
96140494
96100298
96060100
96019900
95979698
95939494
95899288
95859080
95818870
95778658
95738444
95698228
95658010
95617790
95577568
95537344
95497118
95456890
95416660
95376428
95336194
95295958
95255720
95215480
95175238
95134994
95094748
95054500
95014250
94973998
94933744
94893488
94853230
94812970
94772708
94732444
94692178
94651910
94611640
94571368
94531094
94490818
94450540
94410260
94369978
94329694
94289408
94249120
94208830
94168538
94128244
94087948
94047650
94007350
93967048
93926744
93886438
93846130
93805820
93765508
93725194
93684878
93644560
93604240
93563918
93523594
93483268
93442940
93402610
93362278
93321944
93281608
93241270
93200930
93160588
93120244
93079898
93039550
92999200
92958848
92918494
92878138
92837780
92797420
92757058
92716694
92676328
92635960
92595590
92555218
92514844
92474468
92434090
92393710
92353328
92312944
92272558
92232170
92191780
92151388
92110994
92070598
92030200
91989800
91949398
91908994
91868588
91828180
91787770
91747358
91706944
91666528
91626110
91585690
91545268
91504844
91464418
91423990
91383560
91343128
91302694
91262258
91221820
91181380
91140938
91100494
91060048
91019600
90979150
90938698
90898244
90857788
90817330
90776870
90736408
90695944
90655478
90615010
90574540
90534068
90493594
90453118
90412640
90372160
90331678
90291194
90250708
90210220
90169730
90129238
90088744
90048248
90007750
89967250
89926748
89886244
89845738
89805230
89764720
89724208
89683694
89643178
89602660
89562140
89521618
89481094
89440568
89400040
89359510
89318978
89278444
89237908
89197370
89156830
89116288
89075744
89035198
88994650
88954100
88913548
88872994
88832438
88791880
88751320
88710758
88670194
88629628
88589060
88548490
88507918
88467344
88426768
88386190
88345610
88305028
88264444
88223858
88183270
88142680
88102088
88061494
88020898
87980300
87939700
87899098
87858494
87817888
87777280
87736670
87696058
87655444
87614828
87574210
87533590
87492968
87452344
87411718
87371090
87330460
87289828
87249194
87208558
87167920
87127280
87086638
87045994
87005348
86964700
86924050
86883398
86842744
86802088
86761430
86720770
86680108
86639444
86598778
86558110
86517440
86476768
86436094
86395418
86354740
86314060
86273378
86232694
86192008
86151320
86110630
86069938
86029244
85988548
85947850
85907150
85866448
85825744
85785038
85744330
85703620
85662908
85622194
85581478
85540760
85500040
85459318
85418594
85377868
85337140
85296410
85255678
85214944
85174208
85133470
85092730
85051988
85011244
84970498
84929750
84889000
84848248
84807494
84766738
84725980
84685220
84644458
84603694
84562928
84522160
84481390
84440618
84399844
84359068
84318290
84277510
84236728
84195944
84155158
84114370
84073580
84032788
83991994
83951198
83910400
83869600
83828798
83787994
83747188
83706380
83665570
83624758
83583944
83543128
83502310
83461490
83420668
83379844
83339018
83298190
83257360
83216528
83175694
83134858
83094020
83053180
83012338
82971494
82930648
82889800
82848950
82808098
82767244
82726388
82685530
82644670
82603808
82562944
82522078
82481210
82440340
82399468
82358594
82317718
82276840
82235960
82195078
82154194
82113308
82072420
82031530
81990638
81949744
81908848
81867950
81827050
81786148
81745244
81704338
81663430
81622520
81581608
81540694
81499778
81458860
81417940
81377018
81336094
81295168
81254240
81213310
81172378
81131444
81090508
81049570
81008630
80967688
80926744
80885798
80844850
80803900
80762948
80721994
80681038
80640080
80599120
80558158
80517194
80476228
80435260
80394290
80353318
80312344
80271368
80230390
80189410
80148428
80107444
80066458
80025470
79984480
79943488
79902494
79861498
79820500
79779500
79738498
79697494
79656488
79615480
79574470
79533458
79492444
79451428
79410410
79369390
79328368
79287344
79246318
79205290
79164260
79123228
79082194
79041158
79000120
78959080
78918038
78876994
78835948
78794900
78753850
78712798
78671744
78630688
78589630
78548570
78507508
78466444
78425378
78384310
78343240
78302168
78261094
78220018
78178940
78137860
78096778
78055694
78014608
77973520
77932430
77891338
77850244
77809148
77768050
77726950
77685848
77644744
77603638
77562530
77521420
77480308
77439194
77398078
77356960
77315840
77274718
77233594
77192468
77151340
77110210
77069078
77027944
76986808
76945670
76904530
76863388
76822244
76781098
76739950
76698800
76657648
76616494
76575338
76534180
76493020
76451858
76410694
76369528
76328360
76287190
76246018
76204844
76163668
76122490
76081310
76040128
75998944
75957758
75916570
75875380
75834188
75792994
75751798
75710600
75669400
75628198
75586994
75545788
75504580
75463370
75422158
75380944
75339728
75298510
75257290
75216068
75174844
75133618
75092390
75051160
75009928
74968694
74927458
74886220
74844980
74803738
74762494
74721248
74680000
74638750
74597498
74556244
74514988
74473730
74432470
74391208
74349944
74308678
74267410
74226140
74184868
74143594
74102318
74061040
74019760
73978478
73937194
73895908
73854620
73813330
73772038
73730744
73689448
73648150
73606850
73565548
73524244
73482938
73441630
73400320
73359008
73317694
73276378
73235060
73193740
73152418
73111094
73069768
73028440
72987110
72945778
72904444
72863108
72821770
72780430
72739088
72697744
72656398
72615050
72573700
72532348
72490994
72449638
72408280
72366920
72325558
72284194
72242828
72201460
72160090
72118718
72077344
72035968
71994590
71953210
71911828
71870444
71829058
71787670
71746280
71704888
71663494
71622098
71580700
71539300
71497898
71456494
71415088
71373680
71332270
71290858
71249444
71208028
71166610
71125190
71083768
71042344
71000918
70959490
70918060
70876628
70835194
70793758
70752320
70710880
70669438
70627994
70586548
70545100
70503650
70462198
70420744
70379288
70337830
70296370
70254908
70213444
70171978
70130510
70089040
70047568
70006094
69964618
69923140
69881660
69840178
69798694
69757208
69715720
69674230
69632738
69591244
69549748
69508250
69466750
69425248
69383744
69342238
69300730
69259220
69217708
69176194
69134678
69093160
69051640
69010118
68968594
68927068
68885540
68844010
68802478
68760944
68719408
68677870
68636330
68594788
68553244
68511698
68470150
68428600
68387048
68345494
68303938
68262380
68220820
68179258
68137694
68096128
68054560
68012990
67971418
67929844
67888268
67846690
67805110
67763528
67721944
67680358
67638770
67597180
67555588
67513994
67472398
67430800
67389200
67347598
67305994
67264388
67222780
67181170
67139558
67097944
67056328
67014710
66973090
66931468
66889844
66848218
66806590
66764960
66723328
66681694
66640058
66598420
66556780
66515138
66473494
66431848
66390200
66348550
66306898
66265244
66223588
66181930
66140270
66098608
66056944
66015278
65973610
65931940
65890268
65848594
65806918
65765240
65723560
65681878
65640194
65598508
65556820
65515130
65473438
65431744
65390048
65348350
65306650
65264948
65223244
65181538
65139830
65098120
65056408
65014694
64972978
64931260
64889540
64847818
64806094
64764368
64722640
64680910
64639178
64597444
64555708
64513970
64472230
64430488
64388744
64346998
64305250
64263500
64221748
64179994
64138238
64096480
64054720
64012958
63971194
63929428
63887660
63845890
63804118
63762344
63720568
63678790
63637010
63595228
63553444
63511658
63469870
63428080
63386288
63344494
63302698
63260900
63219100
63177298
63135494
63093688
63051880
63010070
62968258
62926444
62884628
62842810
62800990
62759168
62717344
62675518
62633690
62591860
62550028
62508194
62466358
62424520
62382680
62340838
62298994
62257148
62215300
62173450
62131598
62089744
62047888
62006030
61964170
61922308
61880444
61838578
61796710
61754840
61712968
61671094
61629218
61587340
61545460
61503578
61461694
61419808
61377920
61336030
61294138
61252244
61210348
61168450
61126550
61084648
61042744
61000838
60958930
60917020
60875108
60833194
60791278
60749360
60707440
60665518
60623594
60581668
60539740
60497810
60455878
60413944
60372008
60330070
60288130
60246188
60204244
60162298
60120350
60078400
60036448
59994494
59952538
59910580
59868620
59826658
59784694
59742728
59700760
59658790
59616818
59574844
59532868
59490890
59448910
59406928
59364944
59322958
59280970
59238980
59196988
59154994
59112998
59071000
59029000
58986998
58944994
58902988
58860980
58818970
58776958
58734944
58692928
58650910
58608890
58566868
58524844
58482818
58440790
58398760
58356728
58314694
58272658
58230620
58188580
58146538
58104494
58062448
58020400
57978350
57936298
57894244
57852188
57810130
57768070
57726008
57683944
57641878
57599810
57557740
57515668
57473594
57431518
57389440
57347360
57305278
57263194
57221108
57179020
57136930
57094838
57052744
57010648
56968550
56926450
56884348
56842244
56800138
56758030
56715920
56673808
56631694
56589578
56547460
56505340
56463218
56421094
56378968
56336840
56294710
56252578
56210444
56168308
56126170
56084030
56041888
55999744
55957598
55915450
55873300
55831148
55788994
55746838
55704680
55662520
55620358
55578194
55536028
55493860
55451690
55409518
55367344
55325168
55282990
55240810
55198628
55156444
55114258
55072070
55029880
54987688
54945494
54903298
54861100
54818900
54776698
54734494
54692288
54650080
54607870
54565658
54523444
54481228
54439010
54396790
54354568
54312344
54270118
54227890
54185660
54143428
54101194
54058958
54016720
53974480
53932238
53889994
53847748
53805500
53763250
53720998
53678744
53636488
53594230
53551970
53509708
53467444
53425178
53382910
53340640
53298368
53256094
53213818
53171540
53129260
53086978
53044694
53002408
52960120
52917830
52875538
52833244
52790948
52748650
52706350
52664048
52621744
52579438
52537130
52494820
52452508
52410194
52367878
52325560
52283240
52240918
52198594
52156268
52113940
52071610
52029278
51986944
51944608
51902270
51859930
51817588
51775244
51732898
51690550
51648200
51605848
51563494
51521138
51478780
51436420
51394058
51351694
51309328
51266960
51224590
51182218
51139844
51097468
51055090
51012710
50970328
50927944
50885558
50843170
50800780
50758388
50715994
50673598
50631200
50588800
50546398
50503994
50461588
50419180
50376770
50334358
50291944
50249528
50207110
50164690
50122268
50079844
50037418
49994990
49952560
49910128
49867694
49825258
49782820
49740380
49697938
49655494
49613048
49570600
49528150
49485698
49443244
49400788
49358330
49315870
49273408
49230944
49188478
49146010
49103540
49061068
49018594
48976118
48933640
48891160
48848678
48806194
48763708
48721220
48678730
48636238
48593744
48551248
48508750
48466250
48423748
48381244
48338738
48296230
48253720
48211208
48168694
48126178
48083660
48041140
47998618
47956094
47913568
47871040
47828510
47785978
47743444
47700908
47658370
47615830
47573288
47530744
47488198
47445650
47403100
47360548
47317994
47275438
47232880
47190320
47147758
47105194
47062628
47020060
46977490
46934918
46892344
46849768
46807190
46764610
46722028
46679444
46636858
46594270
46551680
46509088
46466494
46423898
46381300
46338700
46296098
46253494
46210888
46168280
46125670
46083058
46040444
45997828
45955210
45912590
45869968
45827344
45784718
45742090
45699460
45656828
45614194
45571558
45528920
45486280
45443638
45400994
45358348
45315700
45273050
45230398
45187744
45145088
45102430
45059770
45017108
44974444
44931778
44889110
44846440
44803768
44761094
44718418
44675740
44633060
44590378
44547694
44505008
44462320
44419630
44376938
44334244
44291548
44248850
44206150
44163448
44120744
44078038
44035330
43992620
43949908
43907194
43864478
43821760
43779040
43736318
43693594
43650868
43608140
43565410
43522678
43479944
43437208
43394470
43351730
43308988
43266244
43223498
43180750
43138000
43095248
43052494
43009738
42966980
42924220
42881458
42838694
42795928
42753160
42710390
42667618
42624844
42582068
42539290
42496510
42453728
42410944
42368158
42325370
42282580
42239788
42196994
42154198
42111400
42068600
42025798
41982994
41940188
41897380
41854570
41811758
41768944
41726128
41683310
41640490
41597668
41554844
41512018
41469190
41426360
41383528
41340694
41297858
41255020
41212180
41169338
41126494
41083648
41040800
40997950
40955098
40912244
40869388
40826530
40783670
40740808
40697944
40655078
40612210
40569340
40526468
40483594
40440718
40397840
40354960
40312078
40269194
40226308
40183420
40140530
40097638
40054744
40011848
39968950
39926050
39883148
39840244
39797338
39754430
39711520
39668608
39625694
39582778
39539860
39496940
39454018
39411094
39368168
39325240
39282310
39239378
39196444
39153508
39110570
39067630
39024688
38981744
38938798
38895850
38852900
38809948
38766994
38724038
38681080
38638120
38595158
38552194
38509228
38466260
38423290
38380318
38337344
38294368
38251390
38208410
38165428
38122444
38079458
38036470
37993480
37950488
37907494
37864498
37821500
37778500
37735498
37692494
37649488
37606480
37563470
37520458
37477444
37434428
37391410
37348390
37305368
37262344
37219318
37176290
37133260
37090228
37047194
37004158
36961120
36918080
36875038
36831994
36788948
36745900
36702850
36659798
36616744
36573688
36530630
36487570
36444508
36401444
36358378
36315310
36272240
36229168
36186094
36143018
36099940
36056860
36013778
35970694
35927608
35884520
35841430
35798338
35755244
35712148
35669050
35625950
35582848
35539744
35496638
35453530
35410420
35367308
35324194
35281078
35237960
35194840
35151718
35108594
35065468
35022340
34979210
34936078
34892944
34849808
34806670
34763530
34720388
34677244
34634098
34590950
34547800
34504648
34461494
34418338
34375180
34332020
34288858
34245694
34202528
34159360
34116190
34073018
34029844
33986668
33943490
33900310
33857128
33813944
33770758
33727570
33684380
33641188
33597994
33554798
33511600
33468400
33425198
33381994
33338788
33295580
33252370
33209158
33165944
33122728
33079510
33036290
32993068
32949844
32906618
32863390
32820160
32776928
32733694
32690458
32647220
32603980
32560738
32517494
32474248
32431000
32387750
32344498
32301244
32257988
32214730
32171470
32128208
32084944
32041678
31998410
31955140
31911868
31868594
31825318
31782040
31738760
31695478
31652194
31608908
31565620
31522330
31479038
31435744
31392448
31349150
31305850
31262548
31219244
31175938
31132630
31089320
31046008
31002694
30959378
30916060
30872740
30829418
30786094
30742768
30699440
30656110
30612778
30569444
30526108
30482770
30439430
30396088
30352744
30309398
30266050
30222700
30179348
30135994
30092638
30049280
30005920
29962558
29919194
29875828
29832460
29789090
29745718
29702344
29658968
29615590
29572210
29528828
29485444
29442058
29398670
29355280
29311888
29268494
29225098
29181700
29138300
29094898
29051494
29008088
28964680
28921270
28877858
28834444
28791028
28747610
28704190
28660768
28617344
28573918
28530490
28487060
28443628
28400194
28356758
28313320
28269880
28226438
28182994
28139548
28096100
28052650
28009198
27965744
27922288
27878830
27835370
27791908
27748444
27704978
27661510
27618040
27574568
27531094
27487618
27444140
27400660
27357178
27313694
27270208
27226720
27183230
27139738
27096244
27052748
27009250
26965750
26922248
26878744
26835238
26791730
26748220
26704708
26661194
26617678
26574160
26530640
26487118
26443594
26400068
26356540
26313010
26269478
26225944
26182408
26138870
26095330
26051788
26008244
25964698
25921150
25877600
25834048
25790494
25746938
25703380
25659820
25616258
25572694
25529128
25485560
25441990
25398418
25354844
25311268
25267690
25224110
25180528
25136944
25093358
25049770
25006180
24962588
24918994
24875398
24831800
24788200
24744598
24700994
24657388
24613780
24570170
24526558
24482944
24439328
24395710
24352090
24308468
24264844
24221218
24177590
24133960
24090328
24046694
24003058
23959420
23915780
23872138
23828494
23784848
23741200
23697550
23653898
23610244
23566588
23522930
23479270
23435608
23391944
23348278
23304610
23260940
23217268
23173594
23129918
23086240
23042560
22998878
22955194
22911508
22867820
22824130
22780438
22736744
22693048
22649350
22605650
22561948
22518244
22474538
22430830
22387120
22343408
22299694
22255978
22212260
22168540
22124818
22081094
22037368
21993640
21949910
21906178
21862444
21818708
21774970
21731230
21687488
21643744
21599998
21556250
21512500
21468748
21424994
21381238
21337480
21293720
21249958
21206194
21162428
21118660
21074890
21031118
20987344
20943568
20899790
20856010
20812228
20768444
20724658
20680870
20637080
20593288
20549494
20505698
20461900
20418100
20374298
20330494
20286688
20242880
20199070
20155258
20111444
20067628
20023810
19979990
19936168
19892344
19848518
19804690
19760860
19717028
19673194
19629358
19585520
19541680
19497838
19453994
19410148
19366300
19322450
19278598
19234744
19190888
19147030
19103170
19059308
19015444
18971578
18927710
18883840
18839968
18796094
18752218
18708340
18664460
18620578
18576694
18532808
18488920
18445030
18401138
18357244
18313348
18269450
18225550
18181648
18137744
18093838
18049930
18006020
17962108
17918194
17874278
17830360
17786440
17742518
17698594
17654668
17610740
17566810
17522878
17478944
17435008
17391070
17347130
17303188
17259244
17215298
17171350
17127400
17083448
17039494
16995538
16951580
16907620
16863658
16819694
16775728
16731760
16687790
16643818
16599844
16555868
16511890
16467910
16423928
16379944
16335958
16291970
16247980
16203988
16159994
16115998
16072000
16028000
15983998
15939994
15895988
15851980
15807970
15763958
15719944
15675928
15631910
15587890
15543868
15499844
15455818
15411790
15367760
15323728
15279694
15235658
15191620
15147580
15103538
15059494
15015448
14971400
14927350
14883298
14839244
14795188
14751130
14707070
14663008
14618944
14574878
14530810
14486740
14442668
14398594
14354518
14310440
14266360
14222278
14178194
14134108
14090020
14045930
14001838
13957744
13913648
13869550
13825450
13781348
13737244
13693138
13649030
13604920
13560808
13516694
13472578
13428460
13384340
13340218
13296094
13251968
13207840
13163710
13119578
13075444
13031308
12987170
12943030
12898888
12854744
12810598
12766450
12722300
12678148
12633994
12589838
12545680
12501520
12457358
12413194
12369028
12324860
12280690
12236518
12192344
12148168
12103990
12059810
12015628
11971444
11927258
11883070
11838880
11794688
11750494
11706298
11662100
11617900
11573698
11529494
11485288
11441080
11396870
11352658
11308444
11264228
11220010
11175790
11131568
11087344
11043118
10998890
10954660
10910428
10866194
10821958
10777720
10733480
10689238
10644994
10600748
10556500
10512250
10467998
10423744
10379488
10335230
10290970
10246708
10202444
10158178
10113910
10069640
10025368
9981094
9936818
9892540
9848260
9803978
9759694
9715408
9671120
9626830
9582538
9538244
9493948
9449650
9405350
9361048
9316744
9272438
9228130
9183820
9139508
9095194
9050878
9006560
8962240
8917918
8873594
8829268
8784940
8740610
8696278
8651944
8607608
8563270
8518930
8474588
8430244
8385898
8341550
8297200
8252848
8208494
8164138
8119780
8075420
8031058
7986694
7942328
7897960
7853590
7809218
7764844
7720468
7676090
7631710
7587328
7542944
7498558
7454170
7409780
7365388
7320994
7276598
7232200
7187800
7143398
7098994
7054588
7010180
6965770
6921358
6876944
6832528
6788110
6743690
6699268
6654844
6610418
6565990
6521560
6477128
6432694
6388258
6343820
6299380
6254938
6210494
6166048
6121600
6077150
6032698
5988244
5943788
5899330
5854870
5810408
5765944
5721478
5677010
5632540
5588068
5543594
5499118
5454640
5410160
5365678
5321194
5276708
5232220
5187730
5143238
5098744
5054248
5009750
4965250
4920748
4876244
4831738
4787230
4742720
4698208
4653694
4609178
4564660
4520140
4475618
4431094
4386568
4342040
4297510
4252978
4208444
4163908
4119370
4074830
4030288
3985744
3941198
3896650
3852100
3807548
3762994
3718438
3673880
3629320
3584758
3540194
3495628
3451060
3406490
3361918
3317344
3272768
3228190
3183610
3139028
3094444
3049858
3005270
2960680
2916088
2871494
2826898
2782300
2737700
2693098
2648494
2603888
2559280
2514670
2470058
2425444
2380828
2336210
2291590
2246968
2202344
2157718
2113090
2068460
2023828
1979194
1934558
1889920
1845280
1800638
1755994
1711348
1666700
1622050
1577398
1532744
1488088
1443430
1398770
1354108
1309444
1264778
1220110
1175440
1130768
1086094
1041418
996740
952060
907378
862694
818008
773320
728630
683938
639244
594548
549850
505150
460448
415744
371038
326330
281620
236908
192194
147478
102760
58040
13318
999968594
999923868
999879140
999834410
999789678
999744944
999700208
999655470
999610730
999565988
999521244
999476498
999431750
999387000
999342248
999297494
999252738
999207980
999163220
999118458
999073694
999028928
998984160
998939390
998894618
998849844
998805068
998760290
998715510
998670728
998625944
998581158
998536370
998491580
998446788
998401994
998357198
998312400
998267600
998222798
998177994
998133188
998088380
998043570
997998758
997953944
997909128
997864310
997819490
997774668
997729844
997685018
997640190
997595360
997550528
997505694
997460858
997416020
997371180
997326338
997281494
997236648
997191800
997146950
997102098
997057244
997012388
996967530
996922670
996877808
996832944
996788078
996743210
996698340
996653468
996608594
996563718
996518840
996473960
996429078
996384194
996339308
996294420
996249530
996204638
996159744
996114848
996069950
996025050
995980148
995935244
995890338
995845430
995800520
995755608
995710694
995665778
995620860
995575940
995531018
995486094
995441168
995396240
995351310
995306378
995261444
995216508
995171570
995126630
995081688
995036744
994991798
994946850
994901900
994856948
994811994
994767038
994722080
994677120
994632158
994587194
994542228
994497260
994452290
994407318
994362344
994317368
994272390
994227410
994182428
994137444
994092458
994047470
994002480
993957488
993912494
993867498
993822500
993777500
993732498
993687494
993642488
993597480
993552470
993507458
993462444
993417428
993372410
993327390
993282368
993237344
993192318
993147290
993102260
993057228
993012194
992967158
992922120
992877080
992832038
992786994
992741948
992696900
992651850
992606798
992561744
992516688
992471630
992426570
992381508
992336444
992291378
992246310
992201240
992156168
992111094
992066018
992020940
991975860
991930778
991885694
991840608
991795520
991750430
991705338
991660244
991615148
991570050
991524950
991479848
991434744
991389638
991344530
991299420
991254308
991209194
991164078
991118960
991073840
991028718
990983594
990938468
990893340
990848210
990803078
990757944
990712808
990667670
990622530
990577388
990532244
990487098
990441950
990396800
990351648
990306494
990261338
990216180
990171020
990125858
990080694
990035528
989990360
989945190
989900018
989854844
989809668
989764490
989719310
989674128
989628944
989583758
989538570
989493380
989448188
989402994
989357798
989312600
989267400
989222198
989176994
989131788
989086580
989041370
988996158
988950944
988905728
988860510
988815290
988770068
988724844
988679618
988634390
988589160
988543928
988498694
988453458
988408220
988362980
988317738
988272494
988227248
988182000
988136750
988091498
988046244
988000988
987955730
987910470
987865208
987819944
987774678
987729410
987684140
987638868
987593594
987548318
987503040
987457760
987412478
987367194
987321908
987276620
987231330
987186038
987140744
987095448
987050150
987004850
986959548
986914244
986868938
986823630
986778320
986733008
986687694
986642378
986597060
986551740
986506418
986461094
986415768
986370440
986325110
986279778
986234444
986189108
986143770
986098430
986053088
986007744
985962398
985917050
985871700
985826348
985780994
985735638
985690280
985644920
985599558
985554194
985508828
985463460
985418090
985372718
985327344
985281968
985236590
985191210
985145828
985100444
985055058
985009670
984964280
984918888
984873494
984828098
984782700
984737300
984691898
984646494
984601088
984555680
984510270
984464858
984419444
984374028
984328610
984283190
984237768
984192344
984146918
984101490
984056060
984010628
983965194
983919758
983874320
983828880
983783438
983737994
983692548
983647100
983601650
983556198
983510744
983465288
983419830
983374370
983328908
983283444
983237978
983192510
983147040
983101568
983056094
983010618
982965140
982919660
982874178
982828694
982783208
982737720
982692230
982646738
982601244
982555748
982510250
982464750
982419248
982373744
982328238
982282730
982237220
982191708
982146194
982100678
982055160
982009640
981964118
981918594
981873068
981827540
981782010
981736478
981690944
981645408
981599870
981554330
981508788
981463244
981417698
981372150
981326600
981281048
981235494
981189938
981144380
981098820
981053258
981007694
980962128
980916560
980870990
980825418
980779844
980734268
980688690
980643110
980597528
980551944
980506358
980460770
980415180
980369588
980323994
980278398
980232800
980187200
980141598
980095994
980050388
980004780
979959170
979913558
979867944
979822328
979776710
979731090
979685468
979639844
979594218
979548590
979502960
979457328
979411694
979366058
979320420
979274780
979229138
979183494
979137848
979092200
979046550
979000898
978955244
978909588
978863930
978818270
978772608
978726944
978681278
978635610
978589940
978544268
978498594
978452918
978407240
978361560
978315878
978270194
978224508
978178820
978133130
978087438
978041744
977996048
977950350
977904650
977858948
977813244
977767538
977721830
977676120
977630408
977584694
977538978
977493260
977447540
977401818
977356094
977310368
977264640
977218910
977173178
977127444
977081708
977035970
976990230
976944488
976898744
976852998
976807250
976761500
976715748
976669994
976624238
976578480
976532720
976486958
976441194
976395428
976349660
976303890
976258118
976212344
976166568
976120790
976075010
976029228
975983444
975937658
975891870
975846080
975800288
975754494
975708698
975662900
975617100
975571298
975525494
975479688
975433880
975388070
975342258
975296444
975250628
975204810
975158990
975113168
975067344
975021518
974975690
974929860
974884028
974838194
974792358
974746520
974700680
974654838
974608994
974563148
974517300
974471450
974425598
974379744
974333888
974288030
974242170
974196308
974150444
974104578
974058710
974012840
973966968
973921094
973875218
973829340
973783460
973737578
973691694
973645808
973599920
973554030
973508138
973462244
973416348
973370450
973324550
973278648
973232744
973186838
973140930
973095020
973049108
973003194
972957278
972911360
972865440
972819518
972773594
972727668
972681740
972635810
972589878
972543944
972498008
972452070
972406130
972360188
972314244
972268298
972222350
972176400
972130448
972084494
972038538
971992580
971946620
971900658
971854694
971808728
971762760
971716790
971670818
971624844
971578868
971532890
971486910
971440928
971394944
971348958
971302970
971256980
971210988
971164994
971118998
971073000
971027000
970980998
970934994
970888988
970842980
970796970
970750958
970704944
970658928
970612910
970566890
970520868
970474844
970428818
970382790
970336760
970290728
970244694
970198658
970152620
970106580
970060538
970014494
969968448
969922400
969876350
969830298
969784244
969738188
969692130
969646070
969600008
969553944
969507878
969461810
969415740
969369668
969323594
969277518
969231440
969185360
969139278
969093194
969047108
969001020
968954930
968908838
968862744
968816648
968770550
968724450
968678348
968632244
968586138
968540030
968493920
968447808
968401694
968355578
968309460
968263340
968217218
968171094
968124968
968078840
968032710
967986578
967940444
967894308
967848170
967802030
967755888
967709744
967663598
967617450
967571300
967525148
967478994
967432838
967386680
967340520
967294358
967248194
967202028
967155860
967109690
967063518
967017344
966971168
966924990
966878810
966832628
966786444
966740258
966694070
966647880
966601688
966555494
966509298
966463100
966416900
966370698
966324494
966278288
966232080
966185870
966139658
966093444
966047228
966001010
965954790
965908568
965862344
965816118
965769890
965723660
965677428
965631194
965584958
965538720
965492480
965446238
965399994
965353748
965307500
965261250
965214998
965168744
965122488
965076230
965029970
964983708
964937444
964891178
964844910
964798640
964752368
964706094
964659818
964613540
964567260
964520978
964474694
964428408
964382120
964335830
964289538
964243244
964196948
964150650
964104350
964058048
964011744
963965438
963919130
963872820
963826508
963780194
963733878
963687560
963641240
963594918
963548594
963502268
963455940
963409610
963363278
963316944
963270608
963224270
963177930
963131588
963085244
963038898
962992550
962946200
962899848
962853494
962807138
962760780
962714420
962668058
962621694
962575328
962528960
962482590
962436218
962389844
962343468
962297090
962250710
962204328
962157944
962111558
962065170
962018780
961972388
961925994
961879598
961833200
961786800
961740398
961693994
961647588
961601180
961554770
961508358
961461944
961415528
961369110
961322690
961276268
961229844
961183418
961136990
961090560
961044128
960997694
960951258
960904820
960858380
960811938
960765494
960719048
960672600
960626150
960579698
960533244
960486788
960440330
960393870
960347408
960300944
960254478
960208010
960161540
960115068
960068594
960022118
959975640
959929160
959882678
959836194
959789708
959743220
959696730
959650238
959603744
959557248
959510750
959464250
959417748
959371244
959324738
959278230
959231720
959185208
959138694
959092178
959045660
958999140
958952618
958906094
958859568
958813040
958766510
958719978
958673444
958626908
958580370
958533830
958487288
958440744
958394198
958347650
958301100
958254548
958207994
958161438
958114880
958068320
958021758
957975194
957928628
957882060
957835490
957788918
957742344
957695768
957649190
957602610
957556028
957509444
957462858
957416270
957369680
957323088
957276494
957229898
957183300
957136700
957090098
957043494
956996888
956950280
956903670
956857058
956810444
956763828
956717210
956670590
956623968
956577344
956530718
956484090
956437460
956390828
956344194
956297558
956250920
956204280
956157638
956110994
956064348
956017700
955971050
955924398
955877744
955831088
955784430
955737770
955691108
955644444
955597778
955551110
955504440
955457768
955411094
955364418
955317740
955271060
955224378
955177694
955131008
955084320
955037630
954990938
954944244
954897548
954850850
954804150
954757448
954710744
954664038
954617330
954570620
954523908
954477194
954430478
954383760
954337040
954290318
954243594
954196868
954150140
954103410
954056678
954009944
953963208
953916470
953869730
953822988
953776244
953729498
953682750
953636000
953589248
953542494
953495738
953448980
953402220
953355458
953308694
953261928
953215160
953168390
953121618
953074844
953028068
952981290
952934510
952887728
952840944
952794158
952747370
952700580
952653788
952606994
952560198
952513400
952466600
952419798
952372994
952326188
952279380
952232570
952185758
952138944
952092128
952045310
951998490
951951668
951904844
951858018
951811190
951764360
951717528
951670694
951623858
951577020
951530180
951483338
951436494
951389648
951342800
951295950
951249098
951202244
951155388
951108530
951061670
951014808
950967944
950921078
950874210
950827340
950780468
950733594
950686718
950639840
950592960
950546078
950499194
950452308
950405420
950358530
950311638
950264744
950217848
950170950
950124050
950077148
950030244
949983338
949936430
949889520
949842608
949795694
949748778
949701860
949654940
949608018
949561094
949514168
949467240
949420310
949373378
949326444
949279508
949232570
949185630
949138688
949091744
949044798
948997850
948950900
948903948
948856994
948810038
948763080
948716120
948669158
948622194
948575228
948528260
948481290
948434318
948387344
948340368
948293390
948246410
948199428
948152444
948105458
948058470
948011480
947964488
947917494
947870498
947823500
947776500
947729498
947682494
947635488
947588480
947541470
947494458
947447444
947400428
947353410
947306390
947259368
947212344
947165318
947118290
947071260
947024228
946977194
946930158
946883120
946836080
946789038
946741994
946694948
946647900
946600850
946553798
946506744
946459688
946412630
946365570
946318508
946271444
946224378
946177310
946130240
946083168
946036094
945989018
945941940
945894860
945847778
945800694
945753608
945706520
945659430
945612338
945565244
945518148
945471050
945423950
945376848
945329744
945282638
945235530
945188420
945141308
945094194
945047078
944999960
944952840
944905718
944858594
944811468
944764340
944717210
944670078
944622944
944575808
944528670
944481530
944434388
944387244
944340098
944292950
944245800
944198648
944151494
944104338
944057180
944010020
943962858
943915694
943868528
943821360
943774190
943727018
943679844
943632668
943585490
943538310
943491128
943443944
943396758
943349570
943302380
943255188
943207994
943160798
943113600
943066400
943019198
942971994
942924788
942877580
942830370
942783158
942735944
942688728
942641510
942594290
942547068
942499844
942452618
942405390
942358160
942310928
942263694
942216458
942169220
942121980
942074738
942027494
941980248
941933000
941885750
941838498
941791244
941743988
941696730
941649470
941602208
941554944
941507678
941460410
941413140
941365868
941318594
941271318
941224040
941176760
941129478
941082194
941034908
940987620
940940330
940893038
940845744
940798448
940751150
940703850
940656548
940609244
940561938
940514630
940467320
940420008
940372694
940325378
940278060
940230740
940183418
940136094
940088768
940041440
939994110
939946778
939899444
939852108
939804770
939757430
939710088
939662744
939615398
939568050
939520700
939473348
939425994
939378638
939331280
939283920
939236558
939189194
939141828
939094460
939047090
938999718
938952344
938904968
938857590
938810210
938762828
938715444
938668058
938620670
938573280
938525888
938478494
938431098
938383700
938336300
938288898
938241494
938194088
938146680
938099270
938051858
938004444
937957028
937909610
937862190
937814768
937767344
937719918
937672490
937625060
937577628
937530194
937482758
937435320
937387880
937340438
937292994
937245548
937198100
937150650
937103198
937055744
937008288
936960830
936913370
936865908
936818444
936770978
936723510
936676040
936628568
936581094
936533618
936486140
936438660
936391178
936343694
936296208
936248720
936201230
936153738
936106244
936058748
936011250
935963750
935916248
935868744
935821238
935773730
935726220
935678708
935631194
935583678
935536160
935488640
935441118
935393594
935346068
935298540
935251010
935203478
935155944
935108408
935060870
935013330
934965788
934918244
934870698
934823150
934775600
934728048
934680494
934632938
934585380
934537820
934490258
934442694
934395128
934347560
934299990
934252418
934204844
934157268
934109690
934062110
934014528
933966944
933919358
933871770
933824180
933776588
933728994
933681398
933633800
933586200
933538598
933490994
933443388
933395780
933348170
933300558
933252944
933205328
933157710
933110090
933062468
933014844
932967218
932919590
932871960
932824328
932776694
932729058
932681420
932633780
932586138
932538494
932490848
932443200
932395550
932347898
932300244
932252588
932204930
932157270
932109608
932061944
932014278
931966610
931918940
931871268
931823594
931775918
931728240
931680560
931632878
931585194
931537508
931489820
931442130
931394438
931346744
931299048
931251350
931203650
931155948
931108244
931060538
931012830
930965120
930917408
930869694
930821978
930774260
930726540
930678818
930631094
930583368
930535640
930487910
930440178
930392444
930344708
930296970
930249230
930201488
930153744
930105998
930058250
930010500
929962748
929914994
929867238
929819480
929771720
929723958
929676194
929628428
929580660
929532890
929485118
929437344
929389568
929341790
929294010
929246228
929198444
929150658
929102870
929055080
929007288
928959494
928911698
928863900
928816100
928768298
928720494
928672688
928624880
928577070
928529258
928481444
928433628
928385810
928337990
928290168
928242344
928194518
928146690
928098860
928051028
928003194
927955358
927907520
927859680
927811838
927763994
927716148
927668300
927620450
927572598
927524744
927476888
927429030
927381170
927333308
927285444
927237578
927189710
927141840
927093968
927046094
926998218
926950340
926902460
926854578
926806694
926758808
926710920
926663030
926615138
926567244
926519348
926471450
926423550
926375648
926327744
926279838
926231930
926184020
926136108
926088194
926040278
925992360
925944440
925896518
925848594
925800668
925752740
925704810
925656878
925608944
925561008
925513070
925465130
925417188
925369244
925321298
925273350
925225400
925177448
925129494
925081538
925033580
924985620
924937658
924889694
924841728
924793760
924745790
924697818
924649844
924601868
924553890
924505910
924457928
924409944
924361958
924313970
924265980
924217988
924169994
924121998
924074000
924026000
923977998
923929994
923881988
923833980
923785970
923737958
923689944
923641928
923593910
923545890
923497868
923449844
923401818
923353790
923305760
923257728
923209694
923161658
923113620
923065580
923017538
922969494
922921448
922873400
922825350
922777298
922729244
922681188
922633130
922585070
922537008
922488944
922440878
922392810
922344740
922296668
922248594
922200518
922152440
922104360
922056278
922008194
921960108
921912020
921863930
921815838
921767744
921719648
921671550
921623450
921575348
921527244
921479138
921431030
921382920
921334808
921286694
921238578
921190460
921142340
921094218
921046094
920997968
920949840
920901710
920853578
920805444
920757308
920709170
920661030
920612888
920564744
920516598
920468450
920420300
920372148
920323994
920275838
920227680
920179520
920131358
920083194
920035028
919986860
919938690
919890518
919842344
919794168
919745990
919697810
919649628
919601444
919553258
919505070
919456880
919408688
919360494
919312298
919264100
919215900
919167698
919119494
919071288
919023080
918974870
918926658
918878444
918830228
918782010
918733790
918685568
918637344
918589118
918540890
918492660
918444428
918396194
918347958
918299720
918251480
918203238
918154994
918106748
918058500
918010250
917961998
917913744
917865488
917817230
917768970
917720708
917672444
917624178
917575910
917527640
917479368
917431094
917382818
917334540
917286260
917237978
917189694
917141408
917093120
917044830
916996538
916948244
916899948
916851650
916803350
916755048
916706744
916658438
916610130
916561820
916513508
916465194
916416878
916368560
916320240
916271918
916223594
916175268
916126940
916078610
916030278
915981944
915933608
915885270
915836930
915788588
915740244
915691898
915643550
915595200
915546848
915498494
915450138
915401780
915353420
915305058
915256694
915208328
915159960
915111590
915063218
915014844
914966468
914918090
914869710
914821328
914772944
914724558
914676170
914627780
914579388
914530994
914482598
914434200
914385800
914337398
914288994
914240588
914192180
914143770
914095358
914046944
913998528
913950110
913901690
913853268
913804844
913756418
913707990
913659560
913611128
913562694
913514258
913465820
913417380
913368938
913320494
913272048
913223600
913175150
913126698
913078244
913029788
912981330
912932870
912884408
912835944
912787478
912739010
912690540
912642068
912593594
912545118
912496640
912448160
912399678
912351194
912302708
912254220
912205730
912157238
912108744
912060248
912011750
911963250
911914748
911866244
911817738
911769230
911720720
911672208
911623694
911575178
911526660
911478140
911429618
911381094
911332568
911284040
911235510
911186978
911138444
911089908
911041370
910992830
910944288
910895744
910847198
910798650
910750100
910701548
910652994
910604438
910555880
910507320
910458758
910410194
910361628
910313060
910264490
910215918
910167344
910118768
910070190
910021610
909973028
909924444
909875858
909827270
909778680
909730088
909681494
909632898
909584300
909535700
909487098
909438494
909389888
909341280
909292670
909244058
909195444
909146828
909098210
909049590
909000968
908952344
908903718
908855090
908806460
908757828
908709194
908660558
908611920
908563280
908514638
908465994
908417348
908368700
908320050
908271398
908222744
908174088
908125430
908076770
908028108
907979444
907930778
907882110
907833440
907784768
907736094
907687418
907638740
907590060
907541378
907492694
907444008
907395320
907346630
907297938
907249244
907200548
907151850
907103150
907054448
907005744
906957038
906908330
906859620
906810908
906762194
906713478
906664760
906616040
906567318
906518594
906469868
906421140
906372410
906323678
906274944
906226208
906177470
906128730
906079988
906031244
905982498
905933750
905885000
905836248
905787494
905738738
905689980
905641220
905592458
905543694
905494928
905446160
905397390
905348618
905299844
905251068
905202290
905153510
905104728
905055944
905007158
904958370
904909580
904860788
904811994
904763198
904714400
904665600
904616798
904567994
904519188
904470380
904421570
904372758
904323944
904275128
904226310
904177490
904128668
904079844
904031018
903982190
903933360
903884528
903835694
903786858
903738020
903689180
903640338
903591494
903542648
903493800
903444950
903396098
903347244
903298388
903249530
903200670
903151808
903102944
903054078
903005210
902956340
902907468
902858594
902809718
902760840
902711960
902663078
902614194
902565308
902516420
902467530
902418638
902369744
902320848
902271950
902223050
902174148
902125244
902076338
902027430
901978520
901929608
901880694
901831778
901782860
901733940
901685018
901636094
901587168
901538240
901489310
901440378
901391444
901342508
901293570
901244630
901195688
901146744
901097798
901048850
900999900
900950948
900901994
900853038
900804080
900755120
900706158
900657194
900608228
900559260
900510290
900461318
900412344
900363368
900314390
900265410
900216428
900167444
900118458
900069470
900020480
899971488
899922494
899873498
899824500
899775500
899726498
899677494
899628488
899579480
899530470
899481458
899432444
899383428
899334410
899285390
899236368
899187344
899138318
899089290
899040260
898991228
898942194
898893158
898844120
898795080
898746038
898696994
898647948
898598900
898549850
898500798
898451744
898402688
898353630
898304570
898255508
898206444
898157378
898108310
898059240
898010168
897961094
897912018
897862940
897813860
897764778
897715694
897666608
897617520
897568430
897519338
897470244
897421148
897372050
897322950
897273848
897224744
897175638
897126530
897077420
897028308
896979194
896930078
896880960
896831840
896782718
896733594
896684468
896635340
896586210
896537078
896487944
896438808
896389670
896340530
896291388
896242244
896193098
896143950
896094800
896045648
895996494
895947338
895898180
895849020
895799858
895750694
895701528
895652360
895603190
895554018
895504844
895455668
895406490
895357310
895308128
895258944
895209758
895160570
895111380
895062188
895012994
894963798
894914600
894865400
894816198
894766994
894717788
894668580
894619370
894570158
894520944
894471728
894422510
894373290
894324068
894274844
894225618
894176390
894127160
894077928
894028694
893979458
893930220
893880980
893831738
893782494
893733248
893684000
893634750
893585498
893536244
893486988
893437730
893388470
893339208
893289944
893240678
893191410
893142140
893092868
893043594
892994318
892945040
892895760
892846478
892797194
892747908
892698620
892649330
892600038
892550744
892501448
892452150
892402850
892353548
892304244
892254938
892205630
892156320
892107008
892057694
892008378
891959060
891909740
891860418
891811094
891761768
891712440
891663110
891613778
891564444
891515108
891465770
891416430
891367088
891317744
891268398
891219050
891169700
891120348
891070994
891021638
890972280
890922920
890873558
890824194
890774828
890725460
890676090
890626718
890577344
890527968
890478590
890429210
890379828
890330444
890281058
890231670
890182280
890132888
890083494
890034098
889984700
889935300
889885898
889836494
889787088
889737680
889688270
889638858
889589444
889540028
889490610
889441190
889391768
889342344
889292918
889243490
889194060
889144628
889095194
889045758
888996320
888946880
888897438
888847994
888798548
888749100
888699650
888650198
888600744
888551288
888501830
888452370
888402908
888353444
888303978
888254510
888205040
888155568
888106094
888056618
888007140
887957660
887908178
887858694
887809208
887759720
887710230
887660738
887611244
887561748
887512250
887462750
887413248
887363744
887314238
887264730
887215220
887165708
887116194
887066678
887017160
886967640
886918118
886868594
886819068
886769540
886720010
886670478
886620944
886571408
886521870
886472330
886422788
886373244
886323698
886274150
886224600
886175048
886125494
886075938
886026380
885976820
885927258
885877694
885828128
885778560
885728990
885679418
885629844
885580268
885530690
885481110
885431528
885381944
885332358
885282770
885233180
885183588
885133994
885084398
885034800
884985200
884935598
884885994
884836388
884786780
884737170
884687558
884637944
884588328
884538710
884489090
884439468
884389844
884340218
884290590
884240960
884191328
884141694
884092058
884042420
883992780
883943138
883893494
883843848
883794200
883744550
883694898
883645244
883595588
883545930
883496270
883446608
883396944
883347278
883297610
883247940
883198268
883148594
883098918
883049240
882999560
882949878
882900194
882850508
882800820
882751130
882701438
882651744
882602048
882552350
882502650
882452948
882403244
882353538
882303830
882254120
882204408
882154694
882104978
882055260
882005540
881955818
881906094
881856368
881806640
881756910
881707178
881657444
881607708
881557970
881508230
881458488
881408744
881358998
881309250
881259500
881209748
881159994
881110238
881060480
881010720
880960958
880911194
880861428
880811660
880761890
880712118
880662344
880612568
880562790
880513010
880463228
880413444
880363658
880313870
880264080
880214288
880164494
880114698
880064900
880015100
879965298
879915494
879865688
879815880
879766070
879716258
879666444
879616628
879566810
879516990
879467168
879417344
879367518
879317690
879267860
879218028
879168194
879118358
879068520
879018680
878968838
878918994
878869148
878819300
878769450
878719598
878669744
878619888
878570030
878520170
878470308
878420444
878370578
878320710
878270840
878220968
878171094
878121218
878071340
878021460
877971578
877921694
877871808
877821920
877772030
877722138
877672244
877622348
877572450
877522550
877472648
877422744
877372838
877322930
877273020
877223108
877173194
877123278
877073360
877023440
876973518
876923594
876873668
876823740
876773810
876723878
876673944
876624008
876574070
876524130
876474188
876424244
876374298
876324350
876274400
876224448
876174494
876124538
876074580
876024620
875974658
875924694
875874728
875824760
875774790
875724818
875674844
875624868
875574890
875524910
875474928
875424944
875374958
875324970
875274980
875224988
875174994
875124998
875075000
875025000
874974998
874924994
874874988
874824980
874774970
874724958
874674944
874624928
874574910
874524890
874474868
874424844
874374818
874324790
874274760
874224728
874174694
874124658
874074620
874024580
873974538
873924494
873874448
873824400
873774350
873724298
873674244
873624188
873574130
873524070
873474008
873423944
873373878
873323810
873273740
873223668
873173594
873123518
873073440
873023360
872973278
872923194
872873108
872823020
872772930
872722838
872672744
872622648
872572550
872522450
872472348
872422244
872372138
872322030
872271920
872221808
872171694
872121578
872071460
872021340
871971218
871921094
871870968
871820840
871770710
871720578
871670444
871620308
871570170
871520030
871469888
871419744
871369598
871319450
871269300
871219148
871168994
871118838
871068680
871018520
870968358
870918194
870868028
870817860
870767690
870717518
870667344
870617168
870566990
870516810
870466628
870416444
870366258
870316070
870265880
870215688
870165494
870115298
870065100
870014900
869964698
869914494
869864288
869814080
869763870
869713658
869663444
869613228
869563010
869512790
869462568
869412344
869362118
869311890
869261660
869211428
869161194
869110958
869060720
869010480
868960238
868909994
868859748
868809500
868759250
868708998
868658744
868608488
868558230
868507970
868457708
868407444
868357178
868306910
868256640
868206368
868156094
868105818
868055540
868005260
867954978
867904694
867854408
867804120
867753830
867703538
867653244
867602948
867552650
867502350
867452048
867401744
867351438
867301130
867250820
867200508
867150194
867099878
867049560
866999240
866948918
866898594
866848268
866797940
866747610
866697278
866646944
866596608
866546270
866495930
866445588
866395244
866344898
866294550
866244200
866193848
866143494
866093138
866042780
865992420
865942058
865891694
865841328
865790960
865740590
865690218
865639844
865589468
865539090
865488710
865438328
865387944
865337558
865287170
865236780
865186388
865135994
865085598
865035200
864984800
864934398
864883994
864833588
864783180
864732770
864682358
864631944
864581528
864531110
864480690
864430268
864379844
864329418
864278990
864228560
864178128
864127694
864077258
864026820
863976380
863925938
863875494
863825048
863774600
863724150
863673698
863623244
863572788
863522330
863471870
863421408
863370944
863320478
863270010
863219540
863169068
863118594
863068118
863017640
862967160
862916678
862866194
862815708
862765220
862714730
862664238
862613744
862563248
862512750
862462250
862411748
862361244
862310738
862260230
862209720
862159208
862108694
862058178
862007660
861957140
861906618
861856094
861805568
861755040
861704510
861653978
861603444
861552908
861502370
861451830
861401288
861350744
861300198
861249650
861199100
861148548
861097994
861047438
860996880
860946320
860895758
860845194
860794628
860744060
860693490
860642918
860592344
860541768
860491190
860440610
860390028
860339444
860288858
860238270
860187680
860137088
860086494
860035898
859985300
859934700
859884098
859833494
859782888
859732280
859681670
859631058
859580444
859529828
859479210
859428590
859377968
859327344
859276718
859226090
859175460
859124828
859074194
859023558
858972920
858922280
858871638
858820994
858770348
858719700
858669050
858618398
858567744
858517088
858466430
858415770
858365108
858314444
858263778
858213110
858162440
858111768
858061094
858010418
857959740
857909060
857858378
857807694
857757008
857706320
857655630
857604938
857554244
857503548
857452850
857402150
857351448
857300744
857250038
857199330
857148620
857097908
857047194
856996478
856945760
856895040
856844318
856793594
856742868
856692140
856641410
856590678
856539944
856489208
856438470
856387730
856336988
856286244
856235498
856184750
856134000
856083248
856032494
855981738
855930980
855880220
855829458
855778694
855727928
855677160
855626390
855575618
855524844
855474068
855423290
855372510
855321728
855270944
855220158
855169370
855118580
855067788
855016994
854966198
854915400
854864600
854813798
854762994
854712188
854661380
854610570
854559758
854508944
854458128
854407310
854356490
854305668
854254844
854204018
854153190
854102360
854051528
854000694
853949858
853899020
853848180
853797338
853746494
853695648
853644800
853593950
853543098
853492244
853441388
853390530
853339670
853288808
853237944
853187078
853136210
853085340
853034468
852983594
852932718
852881840
852830960
852780078
852729194
852678308
852627420
852576530
852525638
852474744
852423848
852372950
852322050
852271148
852220244
852169338
852118430
852067520
852016608
851965694
851914778
851863860
851812940
851762018
851711094
851660168
851609240
851558310
851507378
851456444
851405508
851354570
851303630
851252688
851201744
851150798
851099850
851048900
850997948
850946994
850896038
850845080
850794120
850743158
850692194
850641228
850590260
850539290
850488318
850437344
850386368
850335390
850284410
850233428
850182444
850131458
850080470
850029480
849978488
849927494
849876498
849825500
849774500
849723498
849672494
849621488
849570480
849519470
849468458
849417444
849366428
849315410
849264390
849213368
849162344
849111318
849060290
849009260
848958228
848907194
848856158
848805120
848754080
848703038
848651994
848600948
848549900
848498850
848447798
848396744
848345688
848294630
848243570
848192508
848141444
848090378
848039310
847988240
847937168
847886094
847835018
847783940
847732860
847681778
847630694
847579608
847528520
847477430
847426338
847375244
847324148
847273050
847221950
847170848
847119744
847068638
847017530
846966420
846915308
846864194
846813078
846761960
846710840
846659718
846608594
846557468
846506340
846455210
846404078
846352944
846301808
846250670
846199530
846148388
846097244
846046098
845994950
845943800
845892648
845841494
845790338
845739180
845688020
845636858
845585694
845534528
845483360
845432190
845381018
845329844
845278668
845227490
845176310
845125128
845073944
845022758
844971570
844920380
844869188
844817994
844766798
844715600
844664400
844613198
844561994
844510788
844459580
844408370
844357158
844305944
844254728
844203510
844152290
844101068
844049844
843998618
843947390
843896160
843844928
843793694
843742458
843691220
843639980
843588738
843537494
843486248
843435000
843383750
843332498
843281244
843229988
843178730
843127470
843076208
843024944
842973678
842922410
842871140
842819868
842768594
842717318
842666040
842614760
842563478
842512194
842460908
842409620
842358330
842307038
842255744
842204448
842153150
842101850
842050548
841999244
841947938
841896630
841845320
841794008
841742694
841691378
841640060
841588740
841537418
841486094
841434768
841383440
841332110
841280778
841229444
841178108
841126770
841075430
841024088
840972744
840921398
840870050
840818700
840767348
840715994
840664638
840613280
840561920
840510558
840459194
840407828
840356460
840305090
840253718
840202344
840150968
840099590
840048210
839996828
839945444
839894058
839842670
839791280
839739888
839688494
839637098
839585700
839534300
839482898
839431494
839380088
839328680
839277270
839225858
839174444
839123028
839071610
839020190
838968768
838917344
838865918
838814490
838763060
838711628
838660194
838608758
838557320
838505880
838454438
838402994
838351548
838300100
838248650
838197198
838145744
838094288
838042830
837991370
837939908
837888444
837836978
837785510
837734040
837682568
837631094
837579618
837528140
837476660
837425178
837373694
837322208
837270720
837219230
837167738
837116244
837064748
837013250
836961750
836910248
836858744
836807238
836755730
836704220
836652708
836601194
836549678
836498160
836446640
836395118
836343594
836292068
836240540
836189010
836137478
836085944
836034408
835982870
835931330
835879788
835828244
835776698
835725150
835673600
835622048
835570494
835518938
835467380
835415820
835364258
835312694
835261128
835209560
835157990
835106418
835054844
835003268
834951690
834900110
834848528
834796944
834745358
834693770
834642180
834590588
834538994
834487398
834435800
834384200
834332598
834280994
834229388
834177780
834126170
834074558
834022944
833971328
833919710
833868090
833816468
833764844
833713218
833661590
833609960
833558328
833506694
833455058
833403420
833351780
833300138
833248494
833196848
833145200
833093550
833041898
832990244
832938588
832886930
832835270
832783608
832731944
832680278
832628610
832576940
832525268
832473594
832421918
832370240
832318560
832266878
832215194
832163508
832111820
832060130
832008438
831956744
831905048
831853350
831801650
831749948
831698244
831646538
831594830
831543120
831491408
831439694
831387978
831336260
831284540
831232818
831181094
831129368
831077640
831025910
830974178
830922444
830870708
830818970
830767230
830715488
830663744
830611998
830560250
830508500
830456748
830404994
830353238
830301480
830249720
830197958
830146194
830094428
830042660
829990890
829939118
829887344
829835568
829783790
829732010
829680228
829628444
829576658
829524870
829473080
829421288
829369494
829317698
829265900
829214100
829162298
829110494
829058688
829006880
828955070
828903258
828851444
828799628
828747810
828695990
828644168
828592344
828540518
828488690
828436860
828385028
828333194
828281358
828229520
828177680
828125838
828073994
828022148
827970300
827918450
827866598
827814744
827762888
827711030
827659170
827607308
827555444
827503578
827451710
827399840
827347968
827296094
827244218
827192340
827140460
827088578
827036694
826984808
826932920
826881030
826829138
826777244
826725348
826673450
826621550
826569648
826517744
826465838
826413930
826362020
826310108
826258194
826206278
826154360
826102440
826050518
825998594
825946668
825894740
825842810
825790878
825738944
825687008
825635070
825583130
825531188
825479244
825427298
825375350
825323400
825271448
825219494
825167538
825115580
825063620
825011658
824959694
824907728
824855760
824803790
824751818
824699844
824647868
824595890
824543910
824491928
824439944
824387958
824335970
824283980
824231988
824179994
824127998
824076000
824024000
823971998
823919994
823867988
823815980
823763970
823711958
823659944
823607928
823555910
823503890
823451868
823399844
823347818
823295790
823243760
823191728
823139694
823087658
823035620
822983580
822931538
822879494
822827448
822775400
822723350
822671298
822619244
822567188
822515130
822463070
822411008
822358944
822306878
822254810
822202740
822150668
822098594
822046518
821994440
821942360
821890278
821838194
821786108
821734020
821681930
821629838
821577744
821525648
821473550
821421450
821369348
821317244
821265138
821213030
821160920
821108808
821056694
821004578
820952460
820900340
820848218
820796094
820743968
820691840
820639710
820587578
820535444
820483308
820431170
820379030
820326888
820274744
820222598
820170450
820118300
820066148
820013994
819961838
819909680
819857520
819805358
819753194
819701028
819648860
819596690
819544518
819492344
819440168
819387990
819335810
819283628
819231444
819179258
819127070
819074880
819022688
818970494
818918298
818866100
818813900
818761698
818709494
818657288
818605080
818552870
818500658
818448444
818396228
818344010
818291790
818239568
818187344
818135118
818082890
818030660
817978428
817926194
817873958
817821720
817769480
817717238
817664994
817612748
817560500
817508250
817455998
817403744
817351488
817299230
817246970
817194708
817142444
817090178
817037910
816985640
816933368
816881094
816828818
816776540
816724260
816671978
816619694
816567408
816515120
816462830
816410538
816358244
816305948
816253650
816201350
816149048
816096744
816044438
815992130
815939820
815887508
815835194
815782878
815730560
815678240
815625918
815573594
815521268
815468940
815416610
815364278
815311944
815259608
815207270
815154930
815102588
815050244
814997898
814945550
814893200
814840848
814788494
814736138
814683780
814631420
814579058
814526694
814474328
814421960
814369590
814317218
814264844
814212468
814160090
814107710
814055328
814002944
813950558
813898170
813845780
813793388
813740994
813688598
813636200
813583800
813531398
813478994
813426588
813374180
813321770
813269358
813216944
813164528
813112110
813059690
813007268
812954844
812902418
812849990
812797560
812745128
812692694
812640258
812587820
812535380
812482938
812430494
812378048
812325600
812273150
812220698
812168244
812115788
812063330
812010870
811958408
811905944
811853478
811801010
811748540
811696068
811643594
811591118
811538640
811486160
811433678
811381194
811328708
811276220
811223730
811171238
811118744
811066248
811013750
810961250
810908748
810856244
810803738
810751230
810698720
810646208
810593694
810541178
810488660
810436140
810383618
810331094
810278568
810226040
810173510
810120978
810068444
810015908
809963370
809910830
809858288
809805744
809753198
809700650
809648100
809595548
809542994
809490438
809437880
809385320
809332758
809280194
809227628
809175060
809122490
809069918
809017344
808964768
808912190
808859610
808807028
808754444
808701858
808649270
808596680
808544088
808491494
808438898
808386300
808333700
808281098
808228494
808175888
808123280
808070670
808018058
807965444
807912828
807860210
807807590
807754968
807702344
807649718
807597090
807544460
807491828
807439194
807386558
807333920
807281280
807228638
807175994
807123348
807070700
807018050
806965398
806912744
806860088
806807430
806754770
806702108
806649444
806596778
806544110
806491440
806438768
806386094
806333418
806280740
806228060
806175378
806122694
806070008
806017320
805964630
805911938
805859244
805806548
805753850
805701150
805648448
805595744
805543038
805490330
805437620
805384908
805332194
805279478
805226760
805174040
805121318
805068594
805015868
804963140
804910410
804857678
804804944
804752208
804699470
804646730
804593988
804541244
804488498
804435750
804383000
804330248
804277494
804224738
804171980
804119220
804066458
804013694
803960928
803908160
803855390
803802618
803749844
803697068
803644290
803591510
803538728
803485944
803433158
803380370
803327580
803274788
803221994
803169198
803116400
803063600
803010798
802957994
802905188
802852380
802799570
802746758
802693944
802641128
802588310
802535490
802482668
802429844
802377018
802324190
802271360
802218528
802165694
802112858
802060020
802007180
801954338
801901494
801848648
801795800
801742950
801690098
801637244
801584388
801531530
801478670
801425808
801372944
801320078
801267210
801214340
801161468
801108594
801055718
801002840
800949960
800897078
800844194
800791308
800738420
800685530
800632638
800579744
800526848
800473950
800421050
800368148
800315244
800262338
800209430
800156520
800103608
800050694
799997778
799944860
799891940
799839018
799786094
799733168
799680240
799627310
799574378
799521444
799468508
799415570
799362630
799309688
799256744
799203798
799150850
799097900
799044948
798991994
798939038
798886080
798833120
798780158
798727194
798674228
798621260
798568290
798515318
798462344
798409368
798356390
798303410
798250428
798197444
798144458
798091470
798038480
797985488
797932494
797879498
797826500
797773500
797720498
797667494
797614488
797561480
797508470
797455458
797402444
797349428
797296410
797243390
797190368
797137344
797084318
797031290
796978260
796925228
796872194
796819158
796766120
796713080
796660038
796606994
796553948
796500900
796447850
796394798
796341744
796288688
796235630
796182570
796129508
796076444
796023378
795970310
795917240
795864168
795811094
795758018
795704940
795651860
795598778
795545694
795492608
795439520
795386430
795333338
795280244
795227148
795174050
795120950
795067848
795014744
794961638
794908530
794855420
794802308
794749194
794696078
794642960
794589840
794536718
794483594
794430468
794377340
794324210
794271078
794217944
794164808
794111670
794058530
794005388
793952244
793899098
793845950
793792800
793739648
793686494
793633338
793580180
793527020
793473858
793420694
793367528
793314360
793261190
793208018
793154844
793101668
793048490
792995310
792942128
792888944
792835758
792782570
792729380
792676188
792622994
792569798
792516600
792463400
792410198
792356994
792303788
792250580
792197370
792144158
792090944
792037728
791984510
791931290
791878068
791824844
791771618
791718390
791665160
791611928
791558694
791505458
791452220
791398980
791345738
791292494
791239248
791186000
791132750
791079498
791026244
790972988
790919730
790866470
790813208
790759944
790706678
790653410
790600140
790546868
790493594
790440318
790387040
790333760
790280478
790227194
790173908
790120620
790067330
790014038
789960744
789907448
789854150
789800850
789747548
789694244
789640938
789587630
789534320
789481008
789427694
789374378
789321060
789267740
789214418
789161094
789107768
789054440
789001110
788947778
788894444
788841108
788787770
788734430
788681088
788627744
788574398
788521050
788467700
788414348
788360994
788307638
788254280
788200920
788147558
788094194
788040828
787987460
787934090
787880718
787827344
787773968
787720590
787667210
787613828
787560444
787507058
787453670
787400280
787346888
787293494
787240098
787186700
787133300
787079898
787026494
786973088
786919680
786866270
786812858
786759444
786706028
786652610
786599190
786545768
786492344
786438918
786385490
786332060
786278628
786225194
786171758
786118320
786064880
786011438
785957994
785904548
785851100
785797650
785744198
785690744
785637288
785583830
785530370
785476908
785423444
785369978
785316510
785263040
785209568
785156094
785102618
785049140
784995660
784942178
784888694
784835208
784781720
784728230
784674738
784621244
784567748
784514250
784460750
784407248
784353744
784300238
784246730
784193220
784139708
784086194
784032678
783979160
783925640
783872118
783818594
783765068
783711540
783658010
783604478
783550944
783497408
783443870
783390330
783336788
783283244
783229698
783176150
783122600
783069048
783015494
782961938
782908380
782854820
782801258
782747694
782694128
782640560
782586990
782533418
782479844
782426268
782372690
782319110
782265528
782211944
782158358
782104770
782051180
781997588
781943994
781890398
781836800
781783200
781729598
781675994
781622388
781568780
781515170
781461558
781407944
781354328
781300710
781247090
781193468
781139844
781086218
781032590
780978960
780925328
780871694
780818058
780764420
780710780
780657138
780603494
780549848
780496200
780442550
780388898
780335244
780281588
780227930
780174270
780120608
780066944
780013278
779959610
779905940
779852268
779798594
779744918
779691240
779637560
779583878
779530194
779476508
779422820
779369130
779315438
779261744
779208048
779154350
779100650
779046948
778993244
778939538
778885830
778832120
778778408
778724694
778670978
778617260
778563540
778509818
778456094
778402368
778348640
778294910
778241178
778187444
778133708
778079970
778026230
777972488
777918744
777864998
777811250
777757500
777703748
777649994
777596238
777542480
777488720
777434958
777381194
777327428
777273660
777219890
777166118
777112344
777058568
777004790
776951010
776897228
776843444
776789658
776735870
776682080
776628288
776574494
776520698
776466900
776413100
776359298
776305494
776251688
776197880
776144070
776090258
776036444
775982628
775928810
775874990
775821168
775767344
775713518
775659690
775605860
775552028
775498194
775444358
775390520
775336680
775282838
775228994
775175148
775121300
775067450
775013598
774959744
774905888
774852030
774798170
774744308
774690444
774636578
774582710
774528840
774474968
774421094
774367218
774313340
774259460
774205578
774151694
774097808
774043920
773990030
773936138
773882244
773828348
773774450
773720550
773666648
773612744
773558838
773504930
773451020
773397108
773343194
773289278
773235360
773181440
773127518
773073594
773019668
772965740
772911810
772857878
772803944
772750008
772696070
772642130
772588188
772534244
772480298
772426350
772372400
772318448
772264494
772210538
772156580
772102620
772048658
771994694
771940728
771886760
771832790
771778818
771724844
771670868
771616890
771562910
771508928
771454944
771400958
771346970
771292980
771238988
771184994
771130998
771077000
771023000
770968998
770914994
770860988
770806980
770752970
770698958
770644944
770590928
770536910
770482890
770428868
770374844
770320818
770266790
770212760
770158728
770104694
770050658
769996620
769942580
769888538
769834494
769780448
769726400
769672350
769618298
769564244
769510188
769456130
769402070
769348008
769293944
769239878
769185810
769131740
769077668
769023594
768969518
768915440
768861360
768807278
768753194
768699108
768645020
768590930
768536838
768482744
768428648
768374550
768320450
768266348
768212244
768158138
768104030
768049920
767995808
767941694
767887578
767833460
767779340
767725218
767671094
767616968
767562840
767508710
767454578
767400444
767346308
767292170
767238030
767183888
767129744
767075598
767021450
766967300
766913148
766858994
766804838
766750680
766696520
766642358
766588194
766534028
766479860
766425690
766371518
766317344
766263168
766208990
766154810
766100628
766046444
765992258
765938070
765883880
765829688
765775494
765721298
765667100
765612900
765558698
765504494
765450288
765396080
765341870
765287658
765233444
765179228
765125010
765070790
765016568
764962344
764908118
764853890
764799660
764745428
764691194
764636958
764582720
764528480
764474238
764419994
764365748
764311500
764257250
764202998
764148744
764094488
764040230
763985970
763931708
763877444
763823178
763768910
763714640
763660368
763606094
763551818
763497540
763443260
763388978
763334694
763280408
763226120
763171830
763117538
763063244
763008948
762954650
762900350
762846048
762791744
762737438
762683130
762628820
762574508
762520194
762465878
762411560
762357240
762302918
762248594
762194268
762139940
762085610
762031278
761976944
761922608
761868270
761813930
761759588
761705244
761650898
761596550
761542200
761487848
761433494
761379138
761324780
761270420
761216058
761161694
761107328
761052960
760998590
760944218
760889844
760835468
760781090
760726710
760672328
760617944
760563558
760509170
760454780
760400388
760345994
760291598
760237200
760182800
760128398
760073994
760019588
759965180
759910770
759856358
759801944
759747528
759693110
759638690
759584268
759529844
759475418
759420990
759366560
759312128
759257694
759203258
759148820
759094380
759039938
758985494
758931048
758876600
758822150
758767698
758713244
758658788
758604330
758549870
758495408
758440944
758386478
758332010
758277540
758223068
758168594
758114118
758059640
758005160
757950678
757896194
757841708
757787220
757732730
757678238
757623744
757569248
757514750
757460250
757405748
757351244
757296738
757242230
757187720
757133208
757078694
757024178
756969660
756915140
756860618
756806094
756751568
756697040
756642510
756587978
756533444
756478908
756424370
756369830
756315288
756260744
756206198
756151650
756097100
756042548
755987994
755933438
755878880
755824320
755769758
755715194
755660628
755606060
755551490
755496918
755442344
755387768
755333190
755278610
755224028
755169444
755114858
755060270
755005680
754951088
754896494
754841898
754787300
754732700
754678098
754623494
754568888
754514280
754459670
754405058
754350444
754295828
754241210
754186590
754131968
754077344
754022718
753968090
753913460
753858828
753804194
753749558
753694920
753640280
753585638
753530994
753476348
753421700
753367050
753312398
753257744
753203088
753148430
753093770
753039108
752984444
752929778
752875110
752820440
752765768
752711094
752656418
752601740
752547060
752492378
752437694
752383008
752328320
752273630
752218938
752164244
752109548
752054850
752000150
751945448
751890744
751836038
751781330
751726620
751671908
751617194
751562478
751507760
751453040
751398318
751343594
751288868
751234140
751179410
751124678
751069944
751015208
750960470
750905730
750850988
750796244
750741498
750686750
750632000
750577248
750522494
750467738
750412980
750358220
750303458
750248694
750193928
750139160
750084390
750029618
749974844
749920068
749865290
749810510
749755728
749700944
749646158
749591370
749536580
749481788
749426994
749372198
749317400
749262600
749207798
749152994
749098188
749043380
748988570
748933758
748878944
748824128
748769310
748714490
748659668
748604844
748550018
748495190
748440360
748385528
748330694
748275858
748221020
748166180
748111338
748056494
748001648
747946800
747891950
747837098
747782244
747727388
747672530
747617670
747562808
747507944
747453078
747398210
747343340
747288468
747233594
747178718
747123840
747068960
747014078
746959194
746904308
746849420
746794530
746739638
746684744
746629848
746574950
746520050
746465148
746410244
746355338
746300430
746245520
746190608
746135694
746080778
746025860
745970940
745916018
745861094
745806168
745751240
745696310
745641378
745586444
745531508
745476570
745421630
745366688
745311744
745256798
745201850
745146900
745091948
745036994
744982038
744927080
744872120
744817158
744762194
744707228
744652260
744597290
744542318
744487344
744432368
744377390
744322410
744267428
744212444
744157458
744102470
744047480
743992488
743937494
743882498
743827500
743772500
743717498
743662494
743607488
743552480
743497470
743442458
743387444
743332428
743277410
743222390
743167368
743112344
743057318
743002290
742947260
742892228
742837194
742782158
742727120
742672080
742617038
742561994
742506948
742451900
742396850
742341798
742286744
742231688
742176630
742121570
742066508
742011444
741956378
741901310
741846240
741791168
741736094
741681018
741625940
741570860
741515778
741460694
741405608
741350520
741295430
741240338
741185244
741130148
741075050
741019950
740964848
740909744
740854638
740799530
740744420
740689308
740634194
740579078
740523960
740468840
740413718
740358594
740303468
740248340
740193210
740138078
740082944
740027808
739972670
739917530
739862388
739807244
739752098
739696950
739641800
739586648
739531494
739476338
739421180
739366020
739310858
739255694
739200528
739145360
739090190
739035018
738979844
738924668
738869490
738814310
738759128
738703944
738648758
738593570
738538380
738483188
738427994
738372798
738317600
738262400
738207198
738151994
738096788
738041580
737986370
737931158
737875944
737820728
737765510
737710290
737655068
737599844
737544618
737489390
737434160
737378928
737323694
737268458
737213220
737157980
737102738
737047494
736992248
736937000
736881750
736826498
736771244
736715988
736660730
736605470
736550208
736494944
736439678
736384410
736329140
736273868
736218594
736163318
736108040
736052760
735997478
735942194
735886908
735831620
735776330
735721038
735665744
735610448
735555150
735499850
735444548
735389244
735333938
735278630
735223320
735168008
735112694
735057378
735002060
734946740
734891418
734836094
734780768
734725440
734670110
734614778
734559444
734504108
734448770
734393430
734338088
734282744
734227398
734172050
734116700
734061348
734005994
733950638
733895280
733839920
733784558
733729194
733673828
733618460
733563090
733507718
733452344
733396968
733341590
733286210
733230828
733175444
733120058
733064670
733009280
732953888
732898494
732843098
732787700
732732300
732676898
732621494
732566088
732510680
732455270
732399858
732344444
732289028
732233610
732178190
732122768
732067344
732011918
731956490
731901060
731845628
731790194
731734758
731679320
731623880
731568438
731512994
731457548
731402100
731346650
731291198
731235744
731180288
731124830
731069370
731013908
730958444
730902978
730847510
730792040
730736568
730681094
730625618
730570140
730514660
730459178
730403694
730348208
730292720
730237230
730181738
730126244
730070748
730015250
729959750
729904248
729848744
729793238
729737730
729682220
729626708
729571194
729515678
729460160
729404640
729349118
729293594
729238068
729182540
729127010
729071478
729015944
728960408
728904870
728849330
728793788
728738244
728682698
728627150
728571600
728516048
728460494
728404938
728349380
728293820
728238258
728182694
728127128
728071560
728015990
727960418
727904844
727849268
727793690
727738110
727682528
727626944
727571358
727515770
727460180
727404588
727348994
727293398
727237800
727182200
727126598
727070994
727015388
726959780
726904170
726848558
726792944
726737328
726681710
726626090
726570468
726514844
726459218
726403590
726347960
726292328
726236694
726181058
726125420
726069780
726014138
725958494
725902848
725847200
725791550
725735898
725680244
725624588
725568930
725513270
725457608
725401944
725346278
725290610
725234940
725179268
725123594
725067918
725012240
724956560
724900878
724845194
724789508
724733820
724678130
724622438
724566744
724511048
724455350
724399650
724343948
724288244
724232538
724176830
724121120
724065408
724009694
723953978
723898260
723842540
723786818
723731094
723675368
723619640
723563910
723508178
723452444
723396708
723340970
723285230
723229488
723173744
723117998
723062250
723006500
722950748
722894994
722839238
722783480
722727720
722671958
722616194
722560428
722504660
722448890
722393118
722337344
722281568
722225790
722170010
722114228
722058444
722002658
721946870
721891080
721835288
721779494
721723698
721667900
721612100
721556298
721500494
721444688
721388880
721333070
721277258
721221444
721165628
721109810
721053990
720998168
720942344
720886518
720830690
720774860
720719028
720663194
720607358
720551520
720495680
720439838
720383994
720328148
720272300
720216450
720160598
720104744
720048888
719993030
719937170
719881308
719825444
719769578
719713710
719657840
719601968
719546094
719490218
719434340
719378460
719322578
719266694
719210808
719154920
719099030
719043138
718987244
718931348
718875450
718819550
718763648
718707744
718651838
718595930
718540020
718484108
718428194
718372278
718316360
718260440
718204518
718148594
718092668
718036740
717980810
717924878
717868944
717813008
717757070
717701130
717645188
717589244
717533298
717477350
717421400
717365448
717309494
717253538
717197580
717141620
717085658
717029694
716973728
716917760
716861790
716805818
716749844
716693868
716637890
716581910
716525928
716469944
716413958
716357970
716301980
716245988
716189994
716133998
716078000
716022000
715965998
715909994
715853988
715797980
715741970
715685958
715629944
715573928
715517910
715461890
715405868
715349844
715293818
715237790
715181760
715125728
715069694
715013658
714957620
714901580
714845538
714789494
714733448
714677400
714621350
714565298
714509244
714453188
714397130
714341070
714285008
714228944
714172878
714116810
714060740
714004668
713948594
713892518
713836440
713780360
713724278
713668194
713612108
713556020
713499930
713443838
713387744
713331648
713275550
713219450
713163348
713107244
713051138
712995030
712938920
712882808
712826694
712770578
712714460
712658340
712602218
712546094
712489968
712433840
712377710
712321578
712265444
712209308
712153170
712097030
712040888
711984744
711928598
711872450
711816300
711760148
711703994
711647838
711591680
711535520
711479358
711423194
711367028
711310860
711254690
711198518
711142344
711086168
711029990
710973810
710917628
710861444
710805258
710749070
710692880
710636688
710580494
710524298
710468100
710411900
710355698
710299494
710243288
710187080
710130870
710074658
710018444
709962228
709906010
709849790
709793568
709737344
709681118
709624890
709568660
709512428
709456194
709399958
709343720
709287480
709231238
709174994
709118748
709062500
709006250
708949998
708893744
708837488
708781230
708724970
708668708
708612444
708556178
708499910
708443640
708387368
708331094
708274818
708218540
708162260
708105978
708049694
707993408
707937120
707880830
707824538
707768244
707711948
707655650
707599350
707543048
707486744
707430438
707374130
707317820
707261508
707205194
707148878
707092560
707036240
706979918
706923594
706867268
706810940
706754610
706698278
706641944
706585608
706529270
706472930
706416588
706360244
706303898
706247550
706191200
706134848
706078494
706022138
705965780
705909420
705853058
705796694
705740328
705683960
705627590
705571218
705514844
705458468
705402090
705345710
705289328
705232944
705176558
705120170
705063780
705007388
704950994
704894598
704838200
704781800
704725398
704668994
704612588
704556180
704499770
704443358
704386944
704330528
704274110
704217690
704161268
704104844
704048418
703991990
703935560
703879128
703822694
703766258
703709820
703653380
703596938
703540494
703484048
703427600
703371150
703314698
703258244
703201788
703145330
703088870
703032408
702975944
702919478
702863010
702806540
702750068
702693594
702637118
702580640
702524160
702467678
702411194
702354708
702298220
702241730
702185238
702128744
702072248
702015750
701959250
701902748
701846244
701789738
701733230
701676720
701620208
701563694
701507178
701450660
701394140
701337618
701281094
701224568
701168040
701111510
701054978
700998444
700941908
700885370
700828830
700772288
700715744
700659198
700602650
700546100
700489548
700432994
700376438
700319880
700263320
700206758
700150194
700093628
700037060
699980490
699923918
699867344
699810768
699754190
699697610
699641028
699584444
699527858
699471270
699414680
699358088
699301494
699244898
699188300
699131700
699075098
699018494
698961888
698905280
698848670
698792058
698735444
698678828
698622210
698565590
698508968
698452344
698395718
698339090
698282460
698225828
698169194
698112558
698055920
697999280
697942638
697885994
697829348
697772700
697716050
697659398
697602744
697546088
697489430
697432770
697376108
697319444
697262778
697206110
697149440
697092768
697036094
696979418
696922740
696866060
696809378
696752694
696696008
696639320
696582630
696525938
696469244
696412548
696355850
696299150
696242448
696185744
696129038
696072330
696015620
695958908
695902194
695845478
695788760
695732040
695675318
695618594
695561868
695505140
695448410
695391678
695334944
695278208
695221470
695164730
695107988
695051244
694994498
694937750
694881000
694824248
694767494
694710738
694653980
694597220
694540458
694483694
694426928
694370160
694313390
694256618
694199844
694143068
694086290
694029510
693972728
693915944
693859158
693802370
693745580
693688788
693631994
693575198
693518400
693461600
693404798
693347994
693291188
693234380
693177570
693120758
693063944
693007128
692950310
692893490
692836668
692779844
692723018
692666190
692609360
692552528
692495694
692438858
692382020
692325180
692268338
692211494
692154648
692097800
692040950
691984098
691927244
691870388
691813530
691756670
691699808
691642944
691586078
691529210
691472340
691415468
691358594
691301718
691244840
691187960
691131078
691074194
691017308
690960420
690903530
690846638
690789744
690732848
690675950
690619050
690562148
690505244
690448338
690391430
690334520
690277608
690220694
690163778
690106860
690049940
689993018
689936094
689879168
689822240
689765310
689708378
689651444
689594508
689537570
689480630
689423688
689366744
689309798
689252850
689195900
689138948
689081994
689025038
688968080
688911120
688854158
688797194
688740228
688683260
688626290
688569318
688512344
688455368
688398390
688341410
688284428
688227444
688170458
688113470
688056480
687999488
687942494
687885498
687828500
687771500
687714498
687657494
687600488
687543480
687486470
687429458
687372444
687315428
687258410
687201390
687144368
687087344
687030318
686973290
686916260
686859228
686802194
686745158
686688120
686631080
686574038
686516994
686459948
686402900
686345850
686288798
686231744
686174688
686117630
686060570
686003508
685946444
685889378
685832310
685775240
685718168
685661094
685604018
685546940
685489860
685432778
685375694
685318608
685261520
685204430
685147338
685090244
685033148
684976050
684918950
684861848
684804744
684747638
684690530
684633420
684576308
684519194
684462078
684404960
684347840
684290718
684233594
684176468
684119340
684062210
684005078
683947944
683890808
683833670
683776530
683719388
683662244
683605098
683547950
683490800
683433648
683376494
683319338
683262180
683205020
683147858
683090694
683033528
682976360
682919190
682862018
682804844
682747668
682690490
682633310
682576128
682518944
682461758
682404570
682347380
682290188
682232994
682175798
682118600
682061400
682004198
681946994
681889788
681832580
681775370
681718158
681660944
681603728
681546510
681489290
681432068
681374844
681317618
681260390
681203160
681145928
681088694
681031458
680974220
680916980
680859738
680802494
680745248
680688000
680630750
680573498
680516244
680458988
680401730
680344470
680287208
680229944
680172678
680115410
680058140
680000868
679943594
679886318
679829040
679771760
679714478
679657194
679599908
679542620
679485330
679428038
679370744
679313448
679256150
679198850
679141548
679084244
679026938
678969630
678912320
678855008
678797694
678740378
678683060
678625740
678568418
678511094
678453768
678396440
678339110
678281778
678224444
678167108
678109770
678052430
677995088
677937744
677880398
677823050
677765700
677708348
677650994
677593638
677536280
677478920
677421558
677364194
677306828
677249460
677192090
677134718
677077344
677019968
676962590
676905210
676847828
676790444
676733058
676675670
676618280
676560888
676503494
676446098
676388700
676331300
676273898
676216494
676159088
676101680
676044270
675986858
675929444
675872028
675814610
675757190
675699768
675642344
675584918
675527490
675470060
675412628
675355194
675297758
675240320
675182880
675125438
675067994
675010548
674953100
674895650
674838198
674780744
674723288
674665830
674608370
674550908
674493444
674435978
674378510
674321040
674263568
674206094
674148618
674091140
674033660
673976178
673918694
673861208
673803720
673746230
673688738
673631244
673573748
673516250
673458750
673401248
673343744
673286238
673228730
673171220
673113708
673056194
672998678
672941160
672883640
672826118
672768594
672711068
672653540
672596010
672538478
672480944
672423408
672365870
672308330
672250788
672193244
672135698
672078150
672020600
671963048
671905494
671847938
671790380
671732820
671675258
671617694
671560128
671502560
671444990
671387418
671329844
671272268
671214690
671157110
671099528
671041944
670984358
670926770
670869180
670811588
670753994
670696398
670638800
670581200
670523598
670465994
670408388
670350780
670293170
670235558
670177944
670120328
670062710
670005090
669947468
669889844
669832218
669774590
669716960
669659328
669601694
669544058
669486420
669428780
669371138
669313494
669255848
669198200
669140550
669082898
669025244
668967588
668909930
668852270
668794608
668736944
668679278
668621610
668563940
668506268
668448594
668390918
668333240
668275560
668217878
668160194
668102508
668044820
667987130
667929438
667871744
667814048
667756350
667698650
667640948
667583244
667525538
667467830
667410120
667352408
667294694
667236978
667179260
667121540
667063818
667006094
666948368
666890640
666832910
666775178
666717444
666659708
666601970
666544230
666486488
666428744
666370998
666313250
666255500
666197748
666139994
666082238
666024480
665966720
665908958
665851194
665793428
665735660
665677890
665620118
665562344
665504568
665446790
665389010
665331228
665273444
665215658
665157870
665100080
665042288
664984494
664926698
664868900
664811100
664753298
664695494
664637688
664579880
664522070
664464258
664406444
664348628
664290810
664232990
664175168
664117344
664059518
664001690
663943860
663886028
663828194
663770358
663712520
663654680
663596838
663538994
663481148
663423300
663365450
663307598
663249744
663191888
663134030
663076170
663018308
662960444
662902578
662844710
662786840
662728968
662671094
662613218
662555340
662497460
662439578
662381694
662323808
662265920
662208030
662150138
662092244
662034348
661976450
661918550
661860648
661802744
661744838
661686930
661629020
661571108
661513194
661455278
661397360
661339440
661281518
661223594
661165668
661107740
661049810
660991878
660933944
660876008
660818070
660760130
660702188
660644244
660586298
660528350
660470400
660412448
660354494
660296538
660238580
660180620
660122658
660064694
660006728
659948760
659890790
659832818
659774844
659716868
659658890
659600910
659542928
659484944
659426958
659368970
659310980
659252988
659194994
659136998
659079000
659021000
658962998
658904994
658846988
658788980
658730970
658672958
658614944
658556928
658498910
658440890
658382868
658324844
658266818
658208790
658150760
658092728
658034694
657976658
657918620
657860580
657802538
657744494
657686448
657628400
657570350
657512298
657454244
657396188
657338130
657280070
657222008
657163944
657105878
657047810
656989740
656931668
656873594
656815518
656757440
656699360
656641278
656583194
656525108
656467020
656408930
656350838
656292744
656234648
656176550
656118450
656060348
656002244
655944138
655886030
655827920
655769808
655711694
655653578
655595460
655537340
655479218
655421094
655362968
655304840
655246710
655188578
655130444
655072308
655014170
654956030
654897888
654839744
654781598
654723450
654665300
654607148
654548994
654490838
654432680
654374520
654316358
654258194
654200028
654141860
654083690
654025518
653967344
653909168
653850990
653792810
653734628
653676444
653618258
653560070
653501880
653443688
653385494
653327298
653269100
653210900
653152698
653094494
653036288
652978080
652919870
652861658
652803444
652745228
652687010
652628790
652570568
652512344
652454118
652395890
652337660
652279428
652221194
652162958
652104720
652046480
651988238
651929994
651871748
651813500
651755250
651696998
651638744
651580488
651522230
651463970
651405708
651347444
651289178
651230910
651172640
651114368
651056094
650997818
650939540
650881260
650822978
650764694
650706408
650648120
650589830
650531538
650473244
650414948
650356650
650298350
650240048
650181744
650123438
650065130
650006820
649948508
649890194
649831878
649773560
649715240
649656918
649598594
649540268
649481940
649423610
649365278
649306944
649248608
649190270
649131930
649073588
649015244
648956898
648898550
648840200
648781848
648723494
648665138
648606780
648548420
648490058
648431694
648373328
648314960
648256590
648198218
648139844
648081468
648023090
647964710
647906328
647847944
647789558
647731170
647672780
647614388
647555994
647497598
647439200
647380800
647322398
647263994
647205588
647147180
647088770
647030358
646971944
646913528
646855110
646796690
646738268
646679844
646621418
646562990
646504560
646446128
646387694
646329258
646270820
646212380
646153938
646095494
646037048
645978600
645920150
645861698
645803244
645744788
645686330
645627870
645569408
645510944
645452478
645394010
645335540
645277068
645218594
645160118
645101640
645043160
644984678
644926194
644867708
644809220
644750730
644692238
644633744
644575248
644516750
644458250
644399748
644341244
644282738
644224230
644165720
644107208
644048694
643990178
643931660
643873140
643814618
643756094
643697568
643639040
643580510
643521978
643463444
643404908
643346370
643287830
643229288
643170744
643112198
643053650
642995100
642936548
642877994
642819438
642760880
642702320
642643758
642585194
642526628
642468060
642409490
642350918
642292344
642233768
642175190
642116610
642058028
641999444
641940858
641882270
641823680
641765088
641706494
641647898
641589300
641530700
641472098
641413494
641354888
641296280
641237670
641179058
641120444
641061828
641003210
640944590
640885968
640827344
640768718
640710090
640651460
640592828
640534194
640475558
640416920
640358280
640299638
640240994
640182348
640123700
640065050
640006398
639947744
639889088
639830430
639771770
639713108
639654444
639595778
639537110
639478440
639419768
639361094
639302418
639243740
639185060
639126378
639067694
639009008
638950320
638891630
638832938
638774244
638715548
638656850
638598150
638539448
638480744
638422038
638363330
638304620
638245908
638187194
638128478
638069760
638011040
637952318
637893594
637834868
637776140
637717410
637658678
637599944
637541208
637482470
637423730
637364988
637306244
637247498
637188750
637130000
637071248
637012494
636953738
636894980
636836220
636777458
636718694
636659928
636601160
636542390
636483618
636424844
636366068
636307290
636248510
636189728
636130944
636072158
636013370
635954580
635895788
635836994
635778198
635719400
635660600
635601798
635542994
635484188
635425380
635366570
635307758
635248944
635190128
635131310
635072490
635013668
634954844
634896018
634837190
634778360
634719528
634660694
634601858
634543020
634484180
634425338
634366494
634307648
634248800
634189950
634131098
634072244
634013388
633954530
633895670
633836808
633777944
633719078
633660210
633601340
633542468
633483594
633424718
633365840
633306960
633248078
633189194
633130308
633071420
633012530
632953638
632894744
632835848
632776950
632718050
632659148
632600244
632541338
632482430
632423520
632364608
632305694
632246778
632187860
632128940
632070018
632011094
631952168
631893240
631834310
631775378
631716444
631657508
631598570
631539630
631480688
631421744
631362798
631303850
631244900
631185948
631126994
631068038
631009080
630950120
630891158
630832194
630773228
630714260
630655290
630596318
630537344
630478368
630419390
630360410
630301428
630242444
630183458
630124470
630065480
630006488
629947494
629888498
629829500
629770500
629711498
629652494
629593488
629534480
629475470
629416458
629357444
629298428
629239410
629180390
629121368
629062344
629003318
628944290
628885260
628826228
628767194
628708158
628649120
628590080
628531038
628471994
628412948
628353900
628294850
628235798
628176744
628117688
628058630
627999570
627940508
627881444
627822378
627763310
627704240
627645168
627586094
627527018
627467940
627408860
627349778
627290694
627231608
627172520
627113430
627054338
626995244
626936148
626877050
626817950
626758848
626699744
626640638
626581530
626522420
626463308
626404194
626345078
626285960
626226840
626167718
626108594
626049468
625990340
625931210
625872078
625812944
625753808
625694670
625635530
625576388
625517244
625458098
625398950
625339800
625280648
625221494
625162338
625103180
625044020
624984858
624925694
624866528
624807360
624748190
624689018
624629844
624570668
624511490
624452310
624393128
624333944
624274758
624215570
624156380
624097188
624037994
623978798
623919600
623860400
623801198
623741994
623682788
623623580
623564370
623505158
623445944
623386728
623327510
623268290
623209068
623149844
623090618
623031390
622972160
622912928
622853694
622794458
622735220
622675980
622616738
622557494
622498248
622439000
622379750
622320498
622261244
622201988
622142730
622083470
622024208
621964944
621905678
621846410
621787140
621727868
621668594
621609318
621550040
621490760
621431478
621372194
621312908
621253620
621194330
621135038
621075744
621016448
620957150
620897850
620838548
620779244
620719938
620660630
620601320
620542008
620482694
620423378
620364060
620304740
620245418
620186094
620126768
620067440
620008110
619948778
619889444
619830108
619770770
619711430
619652088
619592744
619533398
619474050
619414700
619355348
619295994
619236638
619177280
619117920
619058558
618999194
618939828
618880460
618821090
618761718
618702344
618642968
618583590
618524210
618464828
618405444
618346058
618286670
618227280
618167888
618108494
618049098
617989700
617930300
617870898
617811494
617752088
617692680
617633270
617573858
617514444
617455028
617395610
617336190
617276768
617217344
617157918
617098490
617039060
616979628
616920194
616860758
616801320
616741880
616682438
616622994
616563548
616504100
616444650
616385198
616325744
616266288
616206830
616147370
616087908
616028444
615968978
615909510
615850040
615790568
615731094
615671618
615612140
615552660
615493178
615433694
615374208
615314720
615255230
615195738
615136244
615076748
615017250
614957750
614898248
614838744
614779238
614719730
614660220
614600708
614541194
614481678
614422160
614362640
614303118
614243594
614184068
614124540
614065010
614005478
613945944
613886408
613826870
613767330
613707788
613648244
613588698
613529150
613469600
613410048
613350494
613290938
613231380
613171820
613112258
613052694
612993128
612933560
612873990
612814418
612754844
612695268
612635690
612576110
612516528
612456944
612397358
612337770
612278180
612218588
612158994
612099398
612039800
611980200
611920598
611860994
611801388
611741780
611682170
611622558
611562944
611503328
611443710
611384090
611324468
611264844
611205218
611145590
611085960
611026328
610966694
610907058
610847420
610787780
610728138
610668494
610608848
610549200
610489550
610429898
610370244
610310588
610250930
610191270
610131608
610071944
610012278
609952610
609892940
609833268
609773594
609713918
609654240
609594560
609534878
609475194
609415508
609355820
609296130
609236438
609176744
609117048
609057350
608997650
608937948
608878244
608818538
608758830
608699120
608639408
608579694
608519978
608460260
608400540
608340818
608281094
608221368
608161640
608101910
608042178
607982444
607922708
607862970
607803230
607743488
607683744
607623998
607564250
607504500
607444748
607384994
607325238
607265480
607205720
607145958
607086194
607026428
606966660
606906890
606847118
606787344
606727568
606667790
606608010
606548228
606488444
606428658
606368870
606309080
606249288
606189494
606129698
606069900
606010100
605950298
605890494
605830688
605770880
605711070
605651258
605591444
605531628
605471810
605411990
605352168
605292344
605232518
605172690
605112860
605053028
604993194
604933358
604873520
604813680
604753838
604693994
604634148
604574300
604514450
604454598
604394744
604334888
604275030
604215170
604155308
604095444
604035578
603975710
603915840
603855968
603796094
603736218
603676340
603616460
603556578
603496694
603436808
603376920
603317030
603257138
603197244
603137348
603077450
603017550
602957648
602897744
602837838
602777930
602718020
602658108
602598194
602538278
602478360
602418440
602358518
602298594
602238668
602178740
602118810
602058878
601998944
601939008
601879070
601819130
601759188
601699244
601639298
601579350
601519400
601459448
601399494
601339538
601279580
601219620
601159658
601099694
601039728
600979760
600919790
600859818
600799844
600739868
600679890
600619910
600559928
600499944
600439958
600379970
600319980
600259988
600199994
600139998
600080000
600020000
599959998
599899994
599839988
599779980
599719970
599659958
599599944
599539928
599479910
599419890
599359868
599299844
599239818
599179790
599119760
599059728
598999694
598939658
598879620
598819580
598759538
598699494
598639448
598579400
598519350
598459298
598399244
598339188
598279130
598219070
598159008
598098944
598038878
597978810
597918740
597858668
597798594
597738518
597678440
597618360
597558278
597498194
597438108
597378020
597317930
597257838
597197744
597137648
597077550
597017450
596957348
596897244
596837138
596777030
596716920
596656808
596596694
596536578
596476460
596416340
596356218
596296094
596235968
596175840
596115710
596055578
595995444
595935308
595875170
595815030
595754888
595694744
595634598
595574450
595514300
595454148
595393994
595333838
595273680
595213520
595153358
595093194
595033028
594972860
594912690
594852518
594792344
594732168
594671990
594611810
594551628
594491444
594431258
594371070
594310880
594250688
594190494
594130298
594070100
594009900
593949698
593889494
593829288
593769080
593708870
593648658
593588444
593528228
593468010
593407790
593347568
593287344
593227118
593166890
593106660
593046428
592986194
592925958
592865720
592805480
592745238
592684994
592624748
592564500
592504250
592443998
592383744
592323488
592263230
592202970
592142708
592082444
592022178
591961910
591901640
591841368
591781094
591720818
591660540
591600260
591539978
591479694
591419408
591359120
591298830
591238538
591178244
591117948
591057650
590997350
590937048
590876744
590816438
590756130
590695820
590635508
590575194
590514878
590454560
590394240
590333918
590273594
590213268
590152940
590092610
590032278
589971944
589911608
589851270
589790930
589730588
589670244
589609898
589549550
589489200
589428848
589368494
589308138
589247780
589187420
589127058
589066694
589006328
588945960
588885590
588825218
588764844
588704468
588644090
588583710
588523328
588462944
588402558
588342170
588281780
588221388
588160994
588100598
588040200
587979800
587919398
587858994
587798588
587738180
587677770
587617358
587556944
587496528
587436110
587375690
587315268
587254844
587194418
587133990
587073560
587013128
586952694
586892258
586831820
586771380
586710938
586650494
586590048
586529600
586469150
586408698
586348244
586287788
586227330
586166870
586106408
586045944
585985478
585925010
585864540
585804068
585743594
585683118
585622640
585562160
585501678
585441194
585380708
585320220
585259730
585199238
585138744
585078248
585017750
584957250
584896748
584836244
584775738
584715230
584654720
584594208
584533694
584473178
584412660
584352140
584291618
584231094
584170568
584110040
584049510
583988978
583928444
583867908
583807370
583746830
583686288
583625744
583565198
583504650
583444100
583383548
583322994
583262438
583201880
583141320
583080758
583020194
582959628
582899060
582838490
582777918
582717344
582656768
582596190
582535610
582475028
582414444
582353858
582293270
582232680
582172088
582111494
582050898
581990300
581929700
581869098
581808494
581747888
581687280
581626670
581566058
581505444
581444828
581384210
581323590
581262968
581202344
581141718
581081090
581020460
580959828
580899194
580838558
580777920
580717280
580656638
580595994
580535348
580474700
580414050
580353398
580292744
580232088
580171430
580110770
580050108
579989444
579928778
579868110
579807440
579746768
579686094
579625418
579564740
579504060
579443378
579382694
579322008
579261320
579200630
579139938
579079244
579018548
578957850
578897150
578836448
578775744
578715038
578654330
578593620
578532908
578472194
578411478
578350760
578290040
578229318
578168594
578107868
578047140
577986410
577925678
577864944
577804208
577743470
577682730
577621988
577561244
577500498
577439750
577379000
577318248
577257494
577196738
577135980
577075220
577014458
576953694
576892928
576832160
576771390
576710618
576649844
576589068
576528290
576467510
576406728
576345944
576285158
576224370
576163580
576102788
576041994
575981198
575920400
575859600
575798798
575737994
575677188
575616380
575555570
575494758
575433944
575373128
575312310
575251490
575190668
575129844
575069018
575008190
574947360
574886528
574825694
574764858
574704020
574643180
574582338
574521494
574460648
574399800
574338950
574278098
574217244
574156388
574095530
574034670
573973808
573912944
573852078
573791210
573730340
573669468
573608594
573547718
573486840
573425960
573365078
573304194
573243308
573182420
573121530
573060638
572999744
572938848
572877950
572817050
572756148
572695244
572634338
572573430
572512520
572451608
572390694
572329778
572268860
572207940
572147018
572086094
572025168
571964240
571903310
571842378
571781444
571720508
571659570
571598630
571537688
571476744
571415798
571354850
571293900
571232948
571171994
571111038
571050080
570989120
570928158
570867194
570806228
570745260
570684290
570623318
570562344
570501368
570440390
570379410
570318428
570257444
570196458
570135470
570074480
570013488
569952494
569891498
569830500
569769500
569708498
569647494
569586488
569525480
569464470
569403458
569342444
569281428
569220410
569159390
569098368
569037344
568976318
568915290
568854260
568793228
568732194
568671158
568610120
568549080
568488038
568426994
568365948
568304900
568243850
568182798
568121744
568060688
567999630
567938570
567877508
567816444
567755378
567694310
567633240
567572168
567511094
567450018
567388940
567327860
567266778
567205694
567144608
567083520
567022430
566961338
566900244
566839148
566778050
566716950
566655848
566594744
566533638
566472530
566411420
566350308
566289194
566228078
566166960
566105840
566044718
565983594
565922468
565861340
565800210
565739078
565677944
565616808
565555670
565494530
565433388
565372244
565311098
565249950
565188800
565127648
565066494
565005338
564944180
564883020
564821858
564760694
564699528
564638360
564577190
564516018
564454844
564393668
564332490
564271310
564210128
564148944
564087758
564026570
563965380
563904188
563842994
563781798
563720600
563659400
563598198
563536994
563475788
563414580
563353370
563292158
563230944
563169728
563108510
563047290
562986068
562924844
562863618
562802390
562741160
562679928
562618694
562557458
562496220
562434980
562373738
562312494
562251248
562190000
562128750
562067498
562006244
561944988
561883730
561822470
561761208
561699944
561638678
561577410
561516140
561454868
561393594
561332318
561271040
561209760
561148478
561087194
561025908
560964620
560903330
560842038
560780744
560719448
560658150
560596850
560535548
560474244
560412938
560351630
560290320
560229008
560167694
560106378
560045060
559983740
559922418
559861094
559799768
559738440
559677110
559615778
559554444
559493108
559431770
559370430
559309088
559247744
559186398
559125050
559063700
559002348
558940994
558879638
558818280
558756920
558695558
558634194
558572828
558511460
558450090
558388718
558327344
558265968
558204590
558143210
558081828
558020444
557959058
557897670
557836280
557774888
557713494
557652098
557590700
557529300
557467898
557406494
557345088
557283680
557222270
557160858
557099444
557038028
556976610
556915190
556853768
556792344
556730918
556669490
556608060
556546628
556485194
556423758
556362320
556300880
556239438
556177994
556116548
556055100
555993650
555932198
555870744
555809288
555747830
555686370
555624908
555563444
555501978
555440510
555379040
555317568
555256094
555194618
555133140
555071660
555010178
554948694
554887208
554825720
554764230
554702738
554641244
554579748
554518250
554456750
554395248
554333744
554272238
554210730
554149220
554087708
554026194
553964678
553903160
553841640
553780118
553718594
553657068
553595540
553534010
553472478
553410944
553349408
553287870
553226330
553164788
553103244
553041698
552980150
552918600
552857048
552795494
552733938
552672380
552610820
552549258
552487694
552426128
552364560
552302990
552241418
552179844
552118268
552056690
551995110
551933528
551871944
551810358
551748770
551687180
551625588
551563994
551502398
551440800
551379200
551317598
551255994
551194388
551132780
551071170
551009558
550947944
550886328
550824710
550763090
550701468
550639844
550578218
550516590
550454960
550393328
550331694
550270058
550208420
550146780
550085138
550023494
549961848
549900200
549838550
549776898
549715244
549653588
549591930
549530270
549468608
549406944
549345278
549283610
549221940
549160268
549098594
549036918
548975240
548913560
548851878
548790194
548728508
548666820
548605130
548543438
548481744
548420048
548358350
548296650
548234948
548173244
548111538
548049830
547988120
547926408
547864694
547802978
547741260
547679540
547617818
547556094
547494368
547432640
547370910
547309178
547247444
547185708
547123970
547062230
547000488
546938744
546876998
546815250
546753500
546691748
546629994
546568238
546506480
546444720
546382958
546321194
546259428
546197660
546135890
546074118
546012344
545950568
545888790
545827010
545765228
545703444
545641658
545579870
545518080
545456288
545394494
545332698
545270900
545209100
545147298
545085494
545023688
544961880
544900070
544838258
544776444
544714628
544652810
544590990
544529168
544467344
544405518
544343690
544281860
544220028
544158194
544096358
544034520
543972680
543910838
543848994
543787148
543725300
543663450
543601598
543539744
543477888
543416030
543354170
543292308
543230444
543168578
543106710
543044840
542982968
542921094
542859218
542797340
542735460
542673578
542611694
542549808
542487920
542426030
542364138
542302244
542240348
542178450
542116550
542054648
541992744
541930838
541868930
541807020
541745108
541683194
541621278
541559360
541497440
541435518
541373594
541311668
541249740
541187810
541125878
541063944
541002008
540940070
540878130
540816188
540754244
540692298
540630350
540568400
540506448
540444494
540382538
540320580
540258620
540196658
540134694
540072728
540010760
539948790
539886818
539824844
539762868
539700890
539638910
539576928
539514944
539452958
539390970
539328980
539266988
539204994
539142998
539081000
539019000
538956998
538894994
538832988
538770980
538708970
538646958
538584944
538522928
538460910
538398890
538336868
538274844
538212818
538150790
538088760
538026728
537964694
537902658
537840620
537778580
537716538
537654494
537592448
537530400
537468350
537406298
537344244
537282188
537220130
537158070
537096008
537033944
536971878
536909810
536847740
536785668
536723594
536661518
536599440
536537360
536475278
536413194
536351108
536289020
536226930
536164838
536102744
536040648
535978550
535916450
535854348
535792244
535730138
535668030
535605920
535543808
535481694
535419578
535357460
535295340
535233218
535171094
535108968
535046840
534984710
534922578
534860444
534798308
534736170
534674030
534611888
534549744
534487598
534425450
534363300
534301148
534238994
534176838
534114680
534052520
533990358
533928194
533866028
533803860
533741690
533679518
533617344
533555168
533492990
533430810
533368628
533306444
533244258
533182070
533119880
533057688
532995494
532933298
532871100
532808900
532746698
532684494
532622288
532560080
532497870
532435658
532373444
532311228
532249010
532186790
532124568
532062344
532000118
531937890
531875660
531813428
531751194
531688958
531626720
531564480
531502238
531439994
531377748
531315500
531253250
531190998
531128744
531066488
531004230
530941970
530879708
530817444
530755178
530692910
530630640
530568368
530506094
530443818
530381540
530319260
530256978
530194694
530132408
530070120
530007830
529945538
529883244
529820948
529758650
529696350
529634048
529571744
529509438
529447130
529384820
529322508
529260194
529197878
529135560
529073240
529010918
528948594
528886268
528823940
528761610
528699278
528636944
528574608
528512270
528449930
528387588
528325244
528262898
528200550
528138200
528075848
528013494
527951138
527888780
527826420
527764058
527701694
527639328
527576960
527514590
527452218
527389844
527327468
527265090
527202710
527140328
527077944
527015558
526953170
526890780
526828388
526765994
526703598
526641200
526578800
526516398
526453994
526391588
526329180
526266770
526204358
526141944
526079528
526017110
525954690
525892268
525829844
525767418
525704990
525642560
525580128
525517694
525455258
525392820
525330380
525267938
525205494
525143048
525080600
525018150
524955698
524893244
524830788
524768330
524705870
524643408
524580944
524518478
524456010
524393540
524331068
524268594
524206118
524143640
524081160
524018678
523956194
523893708
523831220
523768730
523706238
523643744
523581248
523518750
523456250
523393748
523331244
523268738
523206230
523143720
523081208
523018694
522956178
522893660
522831140
522768618
522706094
522643568
522581040
522518510
522455978
522393444
522330908
522268370
522205830
522143288
522080744
522018198
521955650
521893100
521830548
521767994
521705438
521642880
521580320
521517758
521455194
521392628
521330060
521267490
521204918
521142344
521079768
521017190
520954610
520892028
520829444
520766858
520704270
520641680
520579088
520516494
520453898
520391300
520328700
520266098
520203494
520140888
520078280
520015670
519953058
519890444
519827828
519765210
519702590
519639968
519577344
519514718
519452090
519389460
519326828
519264194
519201558
519138920
519076280
519013638
518950994
518888348
518825700
518763050
518700398
518637744
518575088
518512430
518449770
518387108
518324444
518261778
518199110
518136440
518073768
518011094
517948418
517885740
517823060
517760378
517697694
517635008
517572320
517509630
517446938
517384244
517321548
517258850
517196150
517133448
517070744
517008038
516945330
516882620
516819908
516757194
516694478
516631760
516569040
516506318
516443594
516380868
516318140
516255410
516192678
516129944
516067208
516004470
515941730
515878988
515816244
515753498
515690750
515628000
515565248
515502494
515439738
515376980
515314220
515251458
515188694
515125928
515063160
515000390
514937618
514874844
514812068
514749290
514686510
514623728
514560944
514498158
514435370
514372580
514309788
514246994
514184198
514121400
514058600
513995798
513932994
513870188
513807380
513744570
513681758
513618944
513556128
513493310
513430490
513367668
513304844
513242018
513179190
513116360
513053528
512990694
512927858
512865020
512802180
512739338
512676494
512613648
512550800
512487950
512425098
512362244
512299388
512236530
512173670
512110808
512047944
511985078
511922210
511859340
511796468
511733594
511670718
511607840
511544960
511482078
511419194
511356308
511293420
511230530
511167638
511104744
511041848
510978950
510916050
510853148
510790244
510727338
510664430
510601520
510538608
510475694
510412778
510349860
510286940
510224018
510161094
510098168
510035240
509972310
509909378
509846444
509783508
509720570
509657630
509594688
509531744
509468798
509405850
509342900
509279948
509216994
509154038
509091080
509028120
508965158
508902194
508839228
508776260
508713290
508650318
508587344
508524368
508461390
508398410
508335428
508272444
508209458
508146470
508083480
508020488
507957494
507894498
507831500
507768500
507705498
507642494
507579488
507516480
507453470
507390458
507327444
507264428
507201410
507138390
507075368
507012344
506949318
506886290
506823260
506760228
506697194
506634158
506571120
506508080
506445038
506381994
506318948
506255900
506192850
506129798
506066744
506003688
505940630
505877570
505814508
505751444
505688378
505625310
505562240
505499168
505436094
505373018
505309940
505246860
505183778
505120694
505057608
504994520
504931430
504868338
504805244
504742148
504679050
504615950
504552848
504489744
504426638
504363530
504300420
504237308
504174194
504111078
504047960
503984840
503921718
503858594
503795468
503732340
503669210
503606078
503542944
503479808
503416670
503353530
503290388
503227244
503164098
503100950
503037800
502974648
502911494
502848338
502785180
502722020
502658858
502595694
502532528
502469360
502406190
502343018
502279844
502216668
502153490
502090310
502027128
501963944
501900758
501837570
501774380
501711188
501647994
501584798
501521600
501458400
501395198
501331994
501268788
501205580
501142370
501079158
501015944
500952728
500889510
500826290
500763068
500699844
500636618
500573390
500510160
500446928
500383694
500320458
500257220
500193980
500130738
500067494
500004248
499941000
499877750
499814498
499751244
499687988
499624730
499561470
499498208
499434944
499371678
499308410
499245140
499181868
499118594
499055318
498992040
498928760
498865478
498802194
498738908
498675620
498612330
498549038
498485744
498422448
498359150
498295850
498232548
498169244
498105938
498042630
497979320
497916008
497852694
497789378
497726060
497662740
497599418
497536094
497472768
497409440
497346110
497282778
497219444
497156108
497092770
497029430
496966088
496902744
496839398
496776050
496712700
496649348
496585994
496522638
496459280
496395920
496332558
496269194
496205828
496142460
496079090
496015718
495952344
495888968
495825590
495762210
495698828
495635444
495572058
495508670
495445280
495381888
495318494
495255098
495191700
495128300
495064898
495001494
494938088
494874680
494811270
494747858
494684444
494621028
494557610
494494190
494430768
494367344
494303918
494240490
494177060
494113628
494050194
493986758
493923320
493859880
493796438
493732994
493669548
493606100
493542650
493479198
493415744
493352288
493288830
493225370
493161908
493098444
493034978
492971510
492908040
492844568
492781094
492717618
492654140
492590660
492527178
492463694
492400208
492336720
492273230
492209738
492146244
492082748
492019250
491955750
491892248
491828744
491765238
491701730
491638220
491574708
491511194
491447678
491384160
491320640
491257118
491193594
491130068
491066540
491003010
490939478
490875944
490812408
490748870
490685330
490621788
490558244
490494698
490431150
490367600
490304048
490240494
490176938
490113380
490049820
489986258
489922694
489859128
489795560
489731990
489668418
489604844
489541268
489477690
489414110
489350528
489286944
489223358
489159770
489096180
489032588
488968994
488905398
488841800
488778200
488714598
488650994
488587388
488523780
488460170
488396558
488332944
488269328
488205710
488142090
488078468
488014844
487951218
487887590
487823960
487760328
487696694
487633058
487569420
487505780
487442138
487378494
487314848
487251200
487187550
487123898
487060244
486996588
486932930
486869270
486805608
486741944
486678278
486614610
486550940
486487268
486423594
486359918
486296240
486232560
486168878
486105194
486041508
485977820
485914130
485850438
485786744
485723048
485659350
485595650
485531948
485468244
485404538
485340830
485277120
485213408
485149694
485085978
485022260
484958540
484894818
484831094
484767368
484703640
484639910
484576178
484512444
484448708
484384970
484321230
484257488
484193744
484129998
484066250
484002500
483938748
483874994
483811238
483747480
483683720
483619958
483556194
483492428
483428660
483364890
483301118
483237344
483173568
483109790
483046010
482982228
482918444
482854658
482790870
482727080
482663288
482599494
482535698
482471900
482408100
482344298
482280494
482216688
482152880
482089070
482025258
481961444
481897628
481833810
481769990
481706168
481642344
481578518
481514690
481450860
481387028
481323194
481259358
481195520
481131680
481067838
481003994
480940148
480876300
480812450
480748598
480684744
480620888
480557030
480493170
480429308
480365444
480301578
480237710
480173840
480109968
480046094
479982218
479918340
479854460
479790578
479726694
479662808
479598920
479535030
479471138
479407244
479343348
479279450
479215550
479151648
479087744
479023838
478959930
478896020
478832108
478768194
478704278
478640360
478576440
478512518
478448594
478384668
478320740
478256810
478192878
478128944
478065008
478001070
477937130
477873188
477809244
477745298
477681350
477617400
477553448
477489494
477425538
477361580
477297620
477233658
477169694
477105728
477041760
476977790
476913818
476849844
476785868
476721890
476657910
476593928
476529944
476465958
476401970
476337980
476273988
476209994
476145998
476082000
476018000
475953998
475889994
475825988
475761980
475697970
475633958
475569944
475505928
475441910
475377890
475313868
475249844
475185818
475121790
475057760
474993728
474929694
474865658
474801620
474737580
474673538
474609494
474545448
474481400
474417350
474353298
474289244
474225188
474161130
474097070
474033008
473968944
473904878
473840810
473776740
473712668
473648594
473584518
473520440
473456360
473392278
473328194
473264108
473200020
473135930
473071838
473007744
472943648
472879550
472815450
472751348
472687244
472623138
472559030
472494920
472430808
472366694
472302578
472238460
472174340
472110218
472046094
471981968
471917840
471853710
471789578
471725444
471661308
471597170
471533030
471468888
471404744
471340598
471276450
471212300
471148148
471083994
471019838
470955680
470891520
470827358
470763194
470699028
470634860
470570690
470506518
470442344
470378168
470313990
470249810
470185628
470121444
470057258
469993070
469928880
469864688
469800494
469736298
469672100
469607900
469543698
469479494
469415288
469351080
469286870
469222658
469158444
469094228
469030010
468965790
468901568
468837344
468773118
468708890
468644660
468580428
468516194
468451958
468387720
468323480
468259238
468194994
468130748
468066500
468002250
467937998
467873744
467809488
467745230
467680970
467616708
467552444
467488178
467423910
467359640
467295368
467231094
467166818
467102540
467038260
466973978
466909694
466845408
466781120
466716830
466652538
466588244
466523948
466459650
466395350
466331048
466266744
466202438
466138130
466073820
466009508
465945194
465880878
465816560
465752240
465687918
465623594
465559268
465494940
465430610
465366278
465301944
465237608
465173270
465108930
465044588
464980244
464915898
464851550
464787200
464722848
464658494
464594138
464529780
464465420
464401058
464336694
464272328
464207960
464143590
464079218
464014844
463950468
463886090
463821710
463757328
463692944
463628558
463564170
463499780
463435388
463370994
463306598
463242200
463177800
463113398
463048994
462984588
462920180
462855770
462791358
462726944
462662528
462598110
462533690
462469268
462404844
462340418
462275990
462211560
462147128
462082694
462018258
461953820
461889380
461824938
461760494
461696048
461631600
461567150
461502698
461438244
461373788
461309330
461244870
461180408
461115944
461051478
460987010
460922540
460858068
460793594
460729118
460664640
460600160
460535678
460471194
460406708
460342220
460277730
460213238
460148744
460084248
460019750
459955250
459890748
459826244
459761738
459697230
459632720
459568208
459503694
459439178
459374660
459310140
459245618
459181094
459116568
459052040
458987510
458922978
458858444
458793908
458729370
458664830
458600288
458535744
458471198
458406650
458342100
458277548
458212994
458148438
458083880
458019320
457954758
457890194
457825628
457761060
457696490
457631918
457567344
457502768
457438190
457373610
457309028
457244444
457179858
457115270
457050680
456986088
456921494
456856898
456792300
456727700
456663098
456598494
456533888
456469280
456404670
456340058
456275444
456210828
456146210
456081590
456016968
455952344
455887718
455823090
455758460
455693828
455629194
455564558
455499920
455435280
455370638
455305994
455241348
455176700
455112050
455047398
454982744
454918088
454853430
454788770
454724108
454659444
454594778
454530110
454465440
454400768
454336094
454271418
454206740
454142060
454077378
454012694
453948008
453883320
453818630
453753938
453689244
453624548
453559850
453495150
453430448
453365744
453301038
453236330
453171620
453106908
453042194
452977478
452912760
452848040
452783318
452718594
452653868
452589140
452524410
452459678
452394944
452330208
452265470
452200730
452135988
452071244
452006498
451941750
451877000
451812248
451747494
451682738
451617980
451553220
451488458
451423694
451358928
451294160
451229390
451164618
451099844
451035068
450970290
450905510
450840728
450775944
450711158
450646370
450581580
450516788
450451994
450387198
450322400
450257600
450192798
450127994
450063188
449998380
449933570
449868758
449803944
449739128
449674310
449609490
449544668
449479844
449415018
449350190
449285360
449220528
449155694
449090858
449026020
448961180
448896338
448831494
448766648
448701800
448636950
448572098
448507244
448442388
448377530
448312670
448247808
448182944
448118078
448053210
447988340
447923468
447858594
447793718
447728840
447663960
447599078
447534194
447469308
447404420
447339530
447274638
447209744
447144848
447079950
447015050
446950148
446885244
446820338
446755430
446690520
446625608
446560694
446495778
446430860
446365940
446301018
446236094
446171168
446106240
446041310
445976378
445911444
445846508
445781570
445716630
445651688
445586744
445521798
445456850
445391900
445326948
445261994
445197038
445132080
445067120
445002158
444937194
444872228
444807260
444742290
444677318
444612344
444547368
444482390
444417410
444352428
444287444
444222458
444157470
444092480
444027488
443962494
443897498
443832500
443767500
443702498
443637494
443572488
443507480
443442470
443377458
443312444
443247428
443182410
443117390
443052368
442987344
442922318
442857290
442792260
442727228
442662194
442597158
442532120
442467080
442402038
442336994
442271948
442206900
442141850
442076798
442011744
441946688
441881630
441816570
441751508
441686444
441621378
441556310
441491240
441426168
441361094
441296018
441230940
441165860
441100778
441035694
440970608
440905520
440840430
440775338
440710244
440645148
440580050
440514950
440449848
440384744
440319638
440254530
440189420
440124308
440059194
439994078
439928960
439863840
439798718
439733594
439668468
439603340
439538210
439473078
439407944
439342808
439277670
439212530
439147388
439082244
439017098
438951950
438886800
438821648
438756494
438691338
438626180
438561020
438495858
438430694
438365528
438300360
438235190
438170018
438104844
438039668
437974490
437909310
437844128
437778944
437713758
437648570
437583380
437518188
437452994
437387798
437322600
437257400
437192198
437126994
437061788
436996580
436931370
436866158
436800944
436735728
436670510
436605290
436540068
436474844
436409618
436344390
436279160
436213928
436148694
436083458
436018220
435952980
435887738
435822494
435757248
435692000
435626750
435561498
435496244
435430988
435365730
435300470
435235208
435169944
435104678
435039410
434974140
434908868
434843594
434778318
434713040
434647760
434582478
434517194
434451908
434386620
434321330
434256038
434190744
434125448
434060150
433994850
433929548
433864244
433798938
433733630
433668320
433603008
433537694
433472378
433407060
433341740
433276418
433211094
433145768
433080440
433015110
432949778
432884444
432819108
432753770
432688430
432623088
432557744
432492398
432427050
432361700
432296348
432230994
432165638
432100280
432034920
431969558
431904194
431838828
431773460
431708090
431642718
431577344
431511968
431446590
431381210
431315828
431250444
431185058
431119670
431054280
430988888
430923494
430858098
430792700
430727300
430661898
430596494
430531088
430465680
430400270
430334858
430269444
430204028
430138610
430073190
430007768
429942344
429876918
429811490
429746060
429680628
429615194
429549758
429484320
429418880
429353438
429287994
429222548
429157100
429091650
429026198
428960744
428895288
428829830
428764370
428698908
428633444
428567978
428502510
428437040
428371568
428306094
428240618
428175140
428109660
428044178
427978694
427913208
427847720
427782230
427716738
427651244
427585748
427520250
427454750
427389248
427323744
427258238
427192730
427127220
427061708
426996194
426930678
426865160
426799640
426734118
426668594
426603068
426537540
426472010
426406478
426340944
426275408
426209870
426144330
426078788
426013244
425947698
425882150
425816600
425751048
425685494
425619938
425554380
425488820
425423258
425357694
425292128
425226560
425160990
425095418
425029844
424964268
424898690
424833110
424767528
424701944
424636358
424570770
424505180
424439588
424373994
424308398
424242800
424177200
424111598
424045994
423980388
423914780
423849170
423783558
423717944
423652328
423586710
423521090
423455468
423389844
423324218
423258590
423192960
423127328
423061694
422996058
422930420
422864780
422799138
422733494
422667848
422602200
422536550
422470898
422405244
422339588
422273930
422208270
422142608
422076944
422011278
421945610
421879940
421814268
421748594
421682918
421617240
421551560
421485878
421420194
421354508
421288820
421223130
421157438
421091744
421026048
420960350
420894650
420828948
420763244
420697538
420631830
420566120
420500408
420434694
420368978
420303260
420237540
420171818
420106094
420040368
419974640
419908910
419843178
419777444
419711708
419645970
419580230
419514488
419448744
419382998
419317250
419251500
419185748
419119994
419054238
418988480
418922720
418856958
418791194
418725428
418659660
418593890
418528118
418462344
418396568
418330790
418265010
418199228
418133444
418067658
418001870
417936080
417870288
417804494
417738698
417672900
417607100
417541298
417475494
417409688
417343880
417278070
417212258
417146444
417080628
417014810
416948990
416883168
416817344
416751518
416685690
416619860
416554028
416488194
416422358
416356520
416290680
416224838
416158994
416093148
416027300
415961450
415895598
415829744
415763888
415698030
415632170
415566308
415500444
415434578
415368710
415302840
415236968
415171094
415105218
415039340
414973460
414907578
414841694
414775808
414709920
414644030
414578138
414512244
414446348
414380450
414314550
414248648
414182744
414116838
414050930
413985020
413919108
413853194
413787278
413721360
413655440
413589518
413523594
413457668
413391740
413325810
413259878
413193944
413128008
413062070
412996130
412930188
412864244
412798298
412732350
412666400
412600448
412534494
412468538
412402580
412336620
412270658
412204694
412138728
412072760
412006790
411940818
411874844
411808868
411742890
411676910
411610928
411544944
411478958
411412970
411346980
411280988
411214994
411148998
411083000
411017000
410950998
410884994
410818988
410752980
410686970
410620958
410554944
410488928
410422910
410356890
410290868
410224844
410158818
410092790
410026760
409960728
409894694
409828658
409762620
409696580
409630538
409564494
409498448
409432400
409366350
409300298
409234244
409168188
409102130
409036070
408970008
408903944
408837878
408771810
408705740
408639668
408573594
408507518
408441440
408375360
408309278
408243194
408177108
408111020
408044930
407978838
407912744
407846648
407780550
407714450
407648348
407582244
407516138
407450030
407383920
407317808
407251694
407185578
407119460
407053340
406987218
406921094
406854968
406788840
406722710
406656578
406590444
406524308
406458170
406392030
406325888
406259744
406193598
406127450
406061300
405995148
405928994
405862838
405796680
405730520
405664358
405598194
405532028
405465860
405399690
405333518
405267344
405201168
405134990
405068810
405002628
404936444
404870258
404804070
404737880
404671688
404605494
404539298
404473100
404406900
404340698
404274494
404208288
404142080
404075870
404009658
403943444
403877228
403811010
403744790
403678568
403612344
403546118
403479890
403413660
403347428
403281194
403214958
403148720
403082480
403016238
402949994
402883748
402817500
402751250
402684998
402618744
402552488
402486230
402419970
402353708
402287444
402221178
402154910
402088640
402022368
401956094
401889818
401823540
401757260
401690978
401624694
401558408
401492120
401425830
401359538
401293244
401226948
401160650
401094350
401028048
400961744
400895438
400829130
400762820
400696508
400630194
400563878
400497560
400431240
400364918
400298594
400232268
400165940
400099610
400033278
399966944
399900608
399834270
399767930
399701588
399635244
399568898
399502550
399436200
399369848
399303494
399237138
399170780
399104420
399038058
398971694
398905328
398838960
398772590
398706218
398639844
398573468
398507090
398440710
398374328
398307944
398241558
398175170
398108780
398042388
397975994
397909598
397843200
397776800
397710398
397643994
397577588
397511180
397444770
397378358
397311944
397245528
397179110
397112690
397046268
396979844
396913418
396846990
396780560
396714128
396647694
396581258
396514820
396448380
396381938
396315494
396249048
396182600
396116150
396049698
395983244
395916788
395850330
395783870
395717408
395650944
395584478
395518010
395451540
395385068
395318594
395252118
395185640
395119160
395052678
394986194
394919708
394853220
394786730
394720238
394653744
394587248
394520750
394454250
394387748
394321244
394254738
394188230
394121720
394055208
393988694
393922178
393855660
393789140
393722618
393656094
393589568
393523040
393456510
393389978
393323444
393256908
393190370
393123830
393057288
392990744
392924198
392857650
392791100
392724548
392657994
392591438
392524880
392458320
392391758
392325194
392258628
392192060
392125490
392058918
391992344
391925768
391859190
391792610
391726028
391659444
391592858
391526270
391459680
391393088
391326494
391259898
391193300
391126700
391060098
390993494
390926888
390860280
390793670
390727058
390660444
390593828
390527210
390460590
390393968
390327344
390260718
390194090
390127460
390060828
389994194
389927558
389860920
389794280
389727638
389660994
389594348
389527700
389461050
389394398
389327744
389261088
389194430
389127770
389061108
388994444
388927778
388861110
388794440
388727768
388661094
388594418
388527740
388461060
388394378
388327694
388261008
388194320
388127630
388060938
387994244
387927548
387860850
387794150
387727448
387660744
387594038
387527330
387460620
387393908
387327194
387260478
387193760
387127040
387060318
386993594
386926868
386860140
386793410
386726678
386659944
386593208
386526470
386459730
386392988
386326244
386259498
386192750
386126000
386059248
385992494
385925738
385858980
385792220
385725458
385658694
385591928
385525160
385458390
385391618
385324844
385258068
385191290
385124510
385057728
384990944
384924158
384857370
384790580
384723788
384656994
384590198
384523400
384456600
384389798
384322994
384256188
384189380
384122570
384055758
383988944
383922128
383855310
383788490
383721668
383654844
383588018
383521190
383454360
383387528
383320694
383253858
383187020
383120180
383053338
382986494
382919648
382852800
382785950
382719098
382652244
382585388
382518530
382451670
382384808
382317944
382251078
382184210
382117340
382050468
381983594
381916718
381849840
381782960
381716078
381649194
381582308
381515420
381448530
381381638
381314744
381247848
381180950
381114050
381047148
380980244
380913338
380846430
380779520
380712608
380645694
380578778
380511860
380444940
380378018
380311094
380244168
380177240
380110310
380043378
379976444
379909508
379842570
379775630
379708688
379641744
379574798
379507850
379440900
379373948
379306994
379240038
379173080
379106120
379039158
378972194
378905228
378838260
378771290
378704318
378637344
378570368
378503390
378436410
378369428
378302444
378235458
378168470
378101480
378034488
377967494
377900498
377833500
377766500
377699498
377632494
377565488
377498480
377431470
377364458
377297444
377230428
377163410
377096390
377029368
376962344
376895318
376828290
376761260
376694228
376627194
376560158
376493120
376426080
376359038
376291994
376224948
376157900
376090850
376023798
375956744
375889688
375822630
375755570
375688508
375621444
375554378
375487310
375420240
375353168
375286094
375219018
375151940
375084860
375017778
374950694
374883608
374816520
374749430
374682338
374615244
374548148
374481050
374413950
374346848
374279744
374212638
374145530
374078420
374011308
373944194
373877078
373809960
373742840
373675718
373608594
373541468
373474340
373407210
373340078
373272944
373205808
373138670
373071530
373004388
372937244
372870098
372802950
372735800
372668648
372601494
372534338
372467180
372400020
372332858
372265694
372198528
372131360
372064190
371997018
371929844
371862668
371795490
371728310
371661128
371593944
371526758
371459570
371392380
371325188
371257994
371190798
371123600
371056400
370989198
370921994
370854788
370787580
370720370
370653158
370585944
370518728
370451510
370384290
370317068
370249844
370182618
370115390
370048160
369980928
369913694
369846458
369779220
369711980
369644738
369577494
369510248
369443000
369375750
369308498
369241244
369173988
369106730
369039470
368972208
368904944
368837678
368770410
368703140
368635868
368568594
368501318
368434040
368366760
368299478
368232194
368164908
368097620
368030330
367963038
367895744
367828448
367761150
367693850
367626548
367559244
367491938
367424630
367357320
367290008
367222694
367155378
367088060
367020740
366953418
366886094
366818768
366751440
366684110
366616778
366549444
366482108
366414770
366347430
366280088
366212744
366145398
366078050
366010700
365943348
365875994
365808638
365741280
365673920
365606558
365539194
365471828
365404460
365337090
365269718
365202344
365134968
365067590
365000210
364932828
364865444
364798058
364730670
364663280
364595888
364528494
364461098
364393700
364326300
364258898
364191494
364124088
364056680
363989270
363921858
363854444
363787028
363719610
363652190
363584768
363517344
363449918
363382490
363315060
363247628
363180194
363112758
363045320
362977880
362910438
362842994
362775548
362708100
362640650
362573198
362505744
362438288
362370830
362303370
362235908
362168444
362100978
362033510
361966040
361898568
361831094
361763618
361696140
361628660
361561178
361493694
361426208
361358720
361291230
361223738
361156244
361088748
361021250
360953750
360886248
360818744
360751238
360683730
360616220
360548708
360481194
360413678
360346160
360278640
360211118
360143594
360076068
360008540
359941010
359873478
359805944
359738408
359670870
359603330
359535788
359468244
359400698
359333150
359265600
359198048
359130494
359062938
358995380
358927820
358860258
358792694
358725128
358657560
358589990
358522418
358454844
358387268
358319690
358252110
358184528
358116944
358049358
357981770
357914180
357846588
357778994
357711398
357643800
357576200
357508598
357440994
357373388
357305780
357238170
357170558
357102944
357035328
356967710
356900090
356832468
356764844
356697218
356629590
356561960
356494328
356426694
356359058
356291420
356223780
356156138
356088494
356020848
355953200
355885550
355817898
355750244
355682588
355614930
355547270
355479608
355411944
355344278
355276610
355208940
355141268
355073594
355005918
354938240
354870560
354802878
354735194
354667508
354599820
354532130
354464438
354396744
354329048
354261350
354193650
354125948
354058244
353990538
353922830
353855120
353787408
353719694
353651978
353584260
353516540
353448818
353381094
353313368
353245640
353177910
353110178
353042444
352974708
352906970
352839230
352771488
352703744
352635998
352568250
352500500
352432748
352364994
352297238
352229480
352161720
352093958
352026194
351958428
351890660
351822890
351755118
351687344
351619568
351551790
351484010
351416228
351348444
351280658
351212870
351145080
351077288
351009494
350941698
350873900
350806100
350738298
350670494
350602688
350534880
350467070
350399258
350331444
350263628
350195810
350127990
350060168
349992344
349924518
349856690
349788860
349721028
349653194
349585358
349517520
349449680
349381838
349313994
349246148
349178300
349110450
349042598
348974744
348906888
348839030
348771170
348703308
348635444
348567578
348499710
348431840
348363968
348296094
348228218
348160340
348092460
348024578
347956694
347888808
347820920
347753030
347685138
347617244
347549348
347481450
347413550
347345648
347277744
347209838
347141930
347074020
347006108
346938194
346870278
346802360
346734440
346666518
346598594
346530668
346462740
346394810
346326878
346258944
346191008
346123070
346055130
345987188
345919244
345851298
345783350
345715400
345647448
345579494
345511538
345443580
345375620
345307658
345239694
345171728
345103760
345035790
344967818
344899844
344831868
344763890
344695910
344627928
344559944
344491958
344423970
344355980
344287988
344219994
344151998
344084000
344016000
343947998
343879994
343811988
343743980
343675970
343607958
343539944
343471928
343403910
343335890
343267868
343199844
343131818
343063790
342995760
342927728
342859694
342791658
342723620
342655580
342587538
342519494
342451448
342383400
342315350
342247298
342179244
342111188
342043130
341975070
341907008
341838944
341770878
341702810
341634740
341566668
341498594
341430518
341362440
341294360
341226278
341158194
341090108
341022020
340953930
340885838
340817744
340749648
340681550
340613450
340545348
340477244
340409138
340341030
340272920
340204808
340136694
340068578
340000460
339932340
339864218
339796094
339727968
339659840
339591710
339523578
339455444
339387308
339319170
339251030
339182888
339114744
339046598
338978450
338910300
338842148
338773994
338705838
338637680
338569520
338501358
338433194
338365028
338296860
338228690
338160518
338092344
338024168
337955990
337887810
337819628
337751444
337683258
337615070
337546880
337478688
337410494
337342298
337274100
337205900
337137698
337069494
337001288
336933080
336864870
336796658
336728444
336660228
336592010
336523790
336455568
336387344
336319118
336250890
336182660
336114428
336046194
335977958
335909720
335841480
335773238
335704994
335636748
335568500
335500250
335431998
335363744
335295488
335227230
335158970
335090708
335022444
334954178
334885910
334817640
334749368
334681094
334612818
334544540
334476260
334407978
334339694
334271408
334203120
334134830
334066538
333998244
333929948
333861650
333793350
333725048
333656744
333588438
333520130
333451820
333383508
333315194
333246878
333178560
333110240
333041918
332973594
332905268
332836940
332768610
332700278
332631944
332563608
332495270
332426930
332358588
332290244
332221898
332153550
332085200
332016848
331948494
331880138
331811780
331743420
331675058
331606694
331538328
331469960
331401590
331333218
331264844
331196468
331128090
331059710
330991328
330922944
330854558
330786170
330717780
330649388
330580994
330512598
330444200
330375800
330307398
330238994
330170588
330102180
330033770
329965358
329896944
329828528
329760110
329691690
329623268
329554844
329486418
329417990
329349560
329281128
329212694
329144258
329075820
329007380
328938938
328870494
328802048
328733600
328665150
328596698
328528244
328459788
328391330
328322870
328254408
328185944
328117478
328049010
327980540
327912068
327843594
327775118
327706640
327638160
327569678
327501194
327432708
327364220
327295730
327227238
327158744
327090248
327021750
326953250
326884748
326816244
326747738
326679230
326610720
326542208
326473694
326405178
326336660
326268140
326199618
326131094
326062568
325994040
325925510
325856978
325788444
325719908
325651370
325582830
325514288
325445744
325377198
325308650
325240100
325171548
325102994
325034438
324965880
324897320
324828758
324760194
324691628
324623060
324554490
324485918
324417344
324348768
324280190
324211610
324143028
324074444
324005858
323937270
323868680
323800088
323731494
323662898
323594300
323525700
323457098
323388494
323319888
323251280
323182670
323114058
323045444
322976828
322908210
322839590
322770968
322702344
322633718
322565090
322496460
322427828
322359194
322290558
322221920
322153280
322084638
322015994
321947348
321878700
321810050
321741398
321672744
321604088
321535430
321466770
321398108
321329444
321260778
321192110
321123440
321054768
320986094
320917418
320848740
320780060
320711378
320642694
320574008
320505320
320436630
320367938
320299244
320230548
320161850
320093150
320024448
319955744
319887038
319818330
319749620
319680908
319612194
319543478
319474760
319406040
319337318
319268594
319199868
319131140
319062410
318993678
318924944
318856208
318787470
318718730
318649988
318581244
318512498
318443750
318375000
318306248
318237494
318168738
318099980
318031220
317962458
317893694
317824928
317756160
317687390
317618618
317549844
317481068
317412290
317343510
317274728
317205944
317137158
317068370
316999580
316930788
316861994
316793198
316724400
316655600
316586798
316517994
316449188
316380380
316311570
316242758
316173944
316105128
316036310
315967490
315898668
315829844
315761018
315692190
315623360
315554528
315485694
315416858
315348020
315279180
315210338
315141494
315072648
315003800
314934950
314866098
314797244
314728388
314659530
314590670
314521808
314452944
314384078
314315210
314246340
314177468
314108594
314039718
313970840
313901960
313833078
313764194
313695308
313626420
313557530
313488638
313419744
313350848
313281950
313213050
313144148
313075244
313006338
312937430
312868520
312799608
312730694
312661778
312592860
312523940
312455018
312386094
312317168
312248240
312179310
312110378
312041444
311972508
311903570
311834630
311765688
311696744
311627798
311558850
311489900
311420948
311351994
311283038
311214080
311145120
311076158
311007194
310938228
310869260
310800290
310731318
310662344
310593368
310524390
310455410
310386428
310317444
310248458
310179470
310110480
310041488
309972494
309903498
309834500
309765500
309696498
309627494
309558488
309489480
309420470
309351458
309282444
309213428
309144410
309075390
309006368
308937344
308868318
308799290
308730260
308661228
308592194
308523158
308454120
308385080
308316038
308246994
308177948
308108900
308039850
307970798
307901744
307832688
307763630
307694570
307625508
307556444
307487378
307418310
307349240
307280168
307211094
307142018
307072940
307003860
306934778
306865694
306796608
306727520
306658430
306589338
306520244
306451148
306382050
306312950
306243848
306174744
306105638
306036530
305967420
305898308
305829194
305760078
305690960
305621840
305552718
305483594
305414468
305345340
305276210
305207078
305137944
305068808
304999670
304930530
304861388
304792244
304723098
304653950
304584800
304515648
304446494
304377338
304308180
304239020
304169858
304100694
304031528
303962360
303893190
303824018
303754844
303685668
303616490
303547310
303478128
303408944
303339758
303270570
303201380
303132188
303062994
302993798
302924600
302855400
302786198
302716994
302647788
302578580
302509370
302440158
302370944
302301728
302232510
302163290
302094068
302024844
301955618
301886390
301817160
301747928
301678694
301609458
301540220
301470980
301401738
301332494
301263248
301194000
301124750
301055498
300986244
300916988
300847730
300778470
300709208
300639944
300570678
300501410
300432140
300362868
300293594
300224318
300155040
300085760
300016478
299947194
299877908
299808620
299739330
299670038
299600744
299531448
299462150
299392850
299323548
299254244
299184938
299115630
299046320
298977008
298907694
298838378
298769060
298699740
298630418
298561094
298491768
298422440
298353110
298283778
298214444
298145108
298075770
298006430
297937088
297867744
297798398
297729050
297659700
297590348
297520994
297451638
297382280
297312920
297243558
297174194
297104828
297035460
296966090
296896718
296827344
296757968
296688590
296619210
296549828
296480444
296411058
296341670
296272280
296202888
296133494
296064098
295994700
295925300
295855898
295786494
295717088
295647680
295578270
295508858
295439444
295370028
295300610
295231190
295161768
295092344
295022918
294953490
294884060
294814628
294745194
294675758
294606320
294536880
294467438
294397994
294328548
294259100
294189650
294120198
294050744
293981288
293911830
293842370
293772908
293703444
293633978
293564510
293495040
293425568
293356094
293286618
293217140
293147660
293078178
293008694
292939208
292869720
292800230
292730738
292661244
292591748
292522250
292452750
292383248
292313744
292244238
292174730
292105220
292035708
291966194
291896678
291827160
291757640
291688118
291618594
291549068
291479540
291410010
291340478
291270944
291201408
291131870
291062330
290992788
290923244
290853698
290784150
290714600
290645048
290575494
290505938
290436380
290366820
290297258
290227694
290158128
290088560
290018990
289949418
289879844
289810268
289740690
289671110
289601528
289531944
289462358
289392770
289323180
289253588
289183994
289114398
289044800
288975200
288905598
288835994
288766388
288696780
288627170
288557558
288487944
288418328
288348710
288279090
288209468
288139844
288070218
288000590
287930960
287861328
287791694
287722058
287652420
287582780
287513138
287443494
287373848
287304200
287234550
287164898
287095244
287025588
286955930
286886270
286816608
286746944
286677278
286607610
286537940
286468268
286398594
286328918
286259240
286189560
286119878
286050194
285980508
285910820
285841130
285771438
285701744
285632048
285562350
285492650
285422948
285353244
285283538
285213830
285144120
285074408
285004694
284934978
284865260
284795540
284725818
284656094
284586368
284516640
284446910
284377178
284307444
284237708
284167970
284098230
284028488
283958744
283888998
283819250
283749500
283679748
283609994
283540238
283470480
283400720
283330958
283261194
283191428
283121660
283051890
282982118
282912344
282842568
282772790
282703010
282633228
282563444
282493658
282423870
282354080
282284288
282214494
282144698
282074900
282005100
281935298
281865494
281795688
281725880
281656070
281586258
281516444
281446628
281376810
281306990
281237168
281167344
281097518
281027690
280957860
280888028
280818194
280748358
280678520
280608680
280538838
280468994
280399148
280329300
280259450
280189598
280119744
280049888
279980030
279910170
279840308
279770444
279700578
279630710
279560840
279490968
279421094
279351218
279281340
279211460
279141578
279071694
279001808
278931920
278862030
278792138
278722244
278652348
278582450
278512550
278442648
278372744
278302838
278232930
278163020
278093108
278023194
277953278
277883360
277813440
277743518
277673594
277603668
277533740
277463810
277393878
277323944
277254008
277184070
277114130
277044188
276974244
276904298
276834350
276764400
276694448
276624494
276554538
276484580
276414620
276344658
276274694
276204728
276134760
276064790
275994818
275924844
275854868
275784890
275714910
275644928
275574944
275504958
275434970
275364980
275294988
275224994
275154998
275085000
275015000
274944998
274874994
274804988
274734980
274664970
274594958
274524944
274454928
274384910
274314890
274244868
274174844
274104818
274034790
273964760
273894728
273824694
273754658
273684620
273614580
273544538
273474494
273404448
273334400
273264350
273194298
273124244
273054188
272984130
272914070
272844008
272773944
272703878
272633810
272563740
272493668
272423594
272353518
272283440
272213360
272143278
272073194
272003108
271933020
271862930
271792838
271722744
271652648
271582550
271512450
271442348
271372244
271302138
271232030
271161920
271091808
271021694
270951578
270881460
270811340
270741218
270671094
270600968
270530840
270460710
270390578
270320444
270250308
270180170
270110030
270039888
269969744
269899598
269829450
269759300
269689148
269618994
269548838
269478680
269408520
269338358
269268194
269198028
269127860
269057690
268987518
268917344
268847168
268776990
268706810
268636628
268566444
268496258
268426070
268355880
268285688
268215494
268145298
268075100
268004900
267934698
267864494
267794288
267724080
267653870
267583658
267513444
267443228
267373010
267302790
267232568
267162344
267092118
267021890
266951660
266881428
266811194
266740958
266670720
266600480
266530238
266459994
266389748
266319500
266249250
266178998
266108744
266038488
265968230
265897970
265827708
265757444
265687178
265616910
265546640
265476368
265406094
265335818
265265540
265195260
265124978
265054694
264984408
264914120
264843830
264773538
264703244
264632948
264562650
264492350
264422048
264351744
264281438
264211130
264140820
264070508
264000194
263929878
263859560
263789240
263718918
263648594
263578268
263507940
263437610
263367278
263296944
263226608
263156270
263085930
263015588
262945244
262874898
262804550
262734200
262663848
262593494
262523138
262452780
262382420
262312058
262241694
262171328
262100960
262030590
261960218
261889844
261819468
261749090
261678710
261608328
261537944
261467558
261397170
261326780
261256388
261185994
261115598
261045200
260974800
260904398
260833994
260763588
260693180
260622770
260552358
260481944
260411528
260341110
260270690
260200268
260129844
260059418
259988990
259918560
259848128
259777694
259707258
259636820
259566380
259495938
259425494
259355048
259284600
259214150
259143698
259073244
259002788
258932330
258861870
258791408
258720944
258650478
258580010
258509540
258439068
258368594
258298118
258227640
258157160
258086678
258016194
257945708
257875220
257804730
257734238
257663744
257593248
257522750
257452250
257381748
257311244
257240738
257170230
257099720
257029208
256958694
256888178
256817660
256747140
256676618
256606094
256535568
256465040
256394510
256323978
256253444
256182908
256112370
256041830
255971288
255900744
255830198
255759650
255689100
255618548
255547994
255477438
255406880
255336320
255265758
255195194
255124628
255054060
254983490
254912918
254842344
254771768
254701190
254630610
254560028
254489444
254418858
254348270
254277680
254207088
254136494
254065898
253995300
253924700
253854098
253783494
253712888
253642280
253571670
253501058
253430444
253359828
253289210
253218590
253147968
253077344
253006718
252936090
252865460
252794828
252724194
252653558
252582920
252512280
252441638
252370994
252300348
252229700
252159050
252088398
252017744
251947088
251876430
251805770
251735108
251664444
251593778
251523110
251452440
251381768
251311094
251240418
251169740
251099060
251028378
250957694
250887008
250816320
250745630
250674938
250604244
250533548
250462850
250392150
250321448
250250744
250180038
250109330
250038620
249967908
249897194
249826478
249755760
249685040
249614318
249543594
249472868
249402140
249331410
249260678
249189944
249119208
249048470
248977730
248906988
248836244
248765498
248694750
248624000
248553248
248482494
248411738
248340980
248270220
248199458
248128694
248057928
247987160
247916390
247845618
247774844
247704068
247633290
247562510
247491728
247420944
247350158
247279370
247208580
247137788
247066994
246996198
246925400
246854600
246783798
246712994
246642188
246571380
246500570
246429758
246358944
246288128
246217310
246146490
246075668
246004844
245934018
245863190
245792360
245721528
245650694
245579858
245509020
245438180
245367338
245296494
245225648
245154800
245083950
245013098
244942244
244871388
244800530
244729670
244658808
244587944
244517078
244446210
244375340
244304468
244233594
244162718
244091840
244020960
243950078
243879194
243808308
243737420
243666530
243595638
243524744
243453848
243382950
243312050
243241148
243170244
243099338
243028430
242957520
242886608
242815694
242744778
242673860
242602940
242532018
242461094
242390168
242319240
242248310
242177378
242106444
242035508
241964570
241893630
241822688
241751744
241680798
241609850
241538900
241467948
241396994
241326038
241255080
241184120
241113158
241042194
240971228
240900260
240829290
240758318
240687344
240616368
240545390
240474410
240403428
240332444
240261458
240190470
240119480
240048488
239977494
239906498
239835500
239764500
239693498
239622494
239551488
239480480
239409470
239338458
239267444
239196428
239125410
239054390
238983368
238912344
238841318
238770290
238699260
238628228
238557194
238486158
238415120
238344080
238273038
238201994
238130948
238059900
237988850
237917798
237846744
237775688
237704630
237633570
237562508
237491444
237420378
237349310
237278240
237207168
237136094
237065018
236993940
236922860
236851778
236780694
236709608
236638520
236567430
236496338
236425244
236354148
236283050
236211950
236140848
236069744
235998638
235927530
235856420
235785308
235714194
235643078
235571960
235500840
235429718
235358594
235287468
235216340
235145210
235074078
235002944
234931808
234860670
234789530
234718388
234647244
234576098
234504950
234433800
234362648
234291494
234220338
234149180
234078020
234006858
233935694
233864528
233793360
233722190
233651018
233579844
233508668
233437490
233366310
233295128
233223944
233152758
233081570
233010380
232939188
232867994
232796798
232725600
232654400
232583198
232511994
232440788
232369580
232298370
232227158
232155944
232084728
232013510
231942290
231871068
231799844
231728618
231657390
231586160
231514928
231443694
231372458
231301220
231229980
231158738
231087494
231016248
230945000
230873750
230802498
230731244
230659988
230588730
230517470
230446208
230374944
230303678
230232410
230161140
230089868
230018594
229947318
229876040
229804760
229733478
229662194
229590908
229519620
229448330
229377038
229305744
229234448
229163150
229091850
229020548
228949244
228877938
228806630
228735320
228664008
228592694
228521378
228450060
228378740
228307418
228236094
228164768
228093440
228022110
227950778
227879444
227808108
227736770
227665430
227594088
227522744
227451398
227380050
227308700
227237348
227165994
227094638
227023280
226951920
226880558
226809194
226737828
226666460
226595090
226523718
226452344
226380968
226309590
226238210
226166828
226095444
226024058
225952670
225881280
225809888
225738494
225667098
225595700
225524300
225452898
225381494
225310088
225238680
225167270
225095858
225024444
224953028
224881610
224810190
224738768
224667344
224595918
224524490
224453060
224381628
224310194
224238758
224167320
224095880
224024438
223952994
223881548
223810100
223738650
223667198
223595744
223524288
223452830
223381370
223309908
223238444
223166978
223095510
223024040
222952568
222881094
222809618
222738140
222666660
222595178
222523694
222452208
222380720
222309230
222237738
222166244
222094748
222023250
221951750
221880248
221808744
221737238
221665730
221594220
221522708
221451194
221379678
221308160
221236640
221165118
221093594
221022068
220950540
220879010
220807478
220735944
220664408
220592870
220521330
220449788
220378244
220306698
220235150
220163600
220092048
220020494
219948938
219877380
219805820
219734258
219662694
219591128
219519560
219447990
219376418
219304844
219233268
219161690
219090110
219018528
218946944
218875358
218803770
218732180
218660588
218588994
218517398
218445800
218374200
218302598
218230994
218159388
218087780
218016170
217944558
217872944
217801328
217729710
217658090
217586468
217514844
217443218
217371590
217299960
217228328
217156694
217085058
217013420
216941780
216870138
216798494
216726848
216655200
216583550
216511898
216440244
216368588
216296930
216225270
216153608
216081944
216010278
215938610
215866940
215795268
215723594
215651918
215580240
215508560
215436878
215365194
215293508
215221820
215150130
215078438
215006744
214935048
214863350
214791650
214719948
214648244
214576538
214504830
214433120
214361408
214289694
214217978
214146260
214074540
214002818
213931094
213859368
213787640
213715910
213644178
213572444
213500708
213428970
213357230
213285488
213213744
213141998
213070250
212998500
212926748
212854994
212783238
212711480
212639720
212567958
212496194
212424428
212352660
212280890
212209118
212137344
212065568
211993790
211922010
211850228
211778444
211706658
211634870
211563080
211491288
211419494
211347698
211275900
211204100
211132298
211060494
210988688
210916880
210845070
210773258
210701444
210629628
210557810
210485990
210414168
210342344
210270518
210198690
210126860
210055028
209983194
209911358
209839520
209767680
209695838
209623994
209552148
209480300
209408450
209336598
209264744
209192888
209121030
209049170
208977308
208905444
208833578
208761710
208689840
208617968
208546094
208474218
208402340
208330460
208258578
208186694
208114808
208042920
207971030
207899138
207827244
207755348
207683450
207611550
207539648
207467744
207395838
207323930
207252020
207180108
207108194
207036278
206964360
206892440
206820518
206748594
206676668
206604740
206532810
206460878
206388944
206317008
206245070
206173130
206101188
206029244
205957298
205885350
205813400
205741448
205669494
205597538
205525580
205453620
205381658
205309694
205237728
205165760
205093790
205021818
204949844
204877868
204805890
204733910
204661928
204589944
204517958
204445970
204373980
204301988
204229994
204157998
204086000
204014000
203941998
203869994
203797988
203725980
203653970
203581958
203509944
203437928
203365910
203293890
203221868
203149844
203077818
203005790
202933760
202861728
202789694
202717658
202645620
202573580
202501538
202429494
202357448
202285400
202213350
202141298
202069244
201997188
201925130
201853070
201781008
201708944
201636878
201564810
201492740
201420668
201348594
201276518
201204440
201132360
201060278
200988194
200916108
200844020
200771930
200699838
200627744
200555648
200483550
200411450
200339348
200267244
200195138
200123030
200050920
199978808
199906694
199834578
199762460
199690340
199618218
199546094
199473968
199401840
199329710
199257578
199185444
199113308
199041170
198969030
198896888
198824744
198752598
198680450
198608300
198536148
198463994
198391838
198319680
198247520
198175358
198103194
198031028
197958860
197886690
197814518
197742344
197670168
197597990
197525810
197453628
197381444
197309258
197237070
197164880
197092688
197020494
196948298
196876100
196803900
196731698
196659494
196587288
196515080
196442870
196370658
196298444
196226228
196154010
196081790
196009568
195937344
195865118
195792890
195720660
195648428
195576194
195503958
195431720
195359480
195287238
195214994
195142748
195070500
194998250
194925998
194853744
194781488
194709230
194636970
194564708
194492444
194420178
194347910
194275640
194203368
194131094
194058818
193986540
193914260
193841978
193769694
193697408
193625120
193552830
193480538
193408244
193335948
193263650
193191350
193119048
193046744
192974438
192902130
192829820
192757508
192685194
192612878
192540560
192468240
192395918
192323594
192251268
192178940
192106610
192034278
191961944
191889608
191817270
191744930
191672588
191600244
191527898
191455550
191383200
191310848
191238494
191166138
191093780
191021420
190949058
190876694
190804328
190731960
190659590
190587218
190514844
190442468
190370090
190297710
190225328
190152944
190080558
190008170
189935780
189863388
189790994
189718598
189646200
189573800
189501398
189428994
189356588
189284180
189211770
189139358
189066944
188994528
188922110
188849690
188777268
188704844
188632418
188559990
188487560
188415128
188342694
188270258
188197820
188125380
188052938
187980494
187908048
187835600
187763150
187690698
187618244
187545788
187473330
187400870
187328408
187255944
187183478
187111010
187038540
186966068
186893594
186821118
186748640
186676160
186603678
186531194
186458708
186386220
186313730
186241238
186168744
186096248
186023750
185951250
185878748
185806244
185733738
185661230
185588720
185516208
185443694
185371178
185298660
185226140
185153618
185081094
185008568
184936040
184863510
184790978
184718444
184645908
184573370
184500830
184428288
184355744
184283198
184210650
184138100
184065548
183992994
183920438
183847880
183775320
183702758
183630194
183557628
183485060
183412490
183339918
183267344
183194768
183122190
183049610
182977028
182904444
182831858
182759270
182686680
182614088
182541494
182468898
182396300
182323700
182251098
182178494
182105888
182033280
181960670
181888058
181815444
181742828
181670210
181597590
181524968
181452344
181379718
181307090
181234460
181161828
181089194
181016558
180943920
180871280
180798638
180725994
180653348
180580700
180508050
180435398
180362744
180290088
180217430
180144770
180072108
179999444
179926778
179854110
179781440
179708768
179636094
179563418
179490740
179418060
179345378
179272694
179200008
179127320
179054630
178981938
178909244
178836548
178763850
178691150
178618448
178545744
178473038
178400330
178327620
178254908
178182194
178109478
178036760
177964040
177891318
177818594
177745868
177673140
177600410
177527678
177454944
177382208
177309470
177236730
177163988
177091244
177018498
176945750
176873000
176800248
176727494
176654738
176581980
176509220
176436458
176363694
176290928
176218160
176145390
176072618
175999844
175927068
175854290
175781510
175708728
175635944
175563158
175490370
175417580
175344788
175271994
175199198
175126400
175053600
174980798
174907994
174835188
174762380
174689570
174616758
174543944
174471128
174398310
174325490
174252668
174179844
174107018
174034190
173961360
173888528
173815694
173742858
173670020
173597180
173524338
173451494
173378648
173305800
173232950
173160098
173087244
173014388
172941530
172868670
172795808
172722944
172650078
172577210
172504340
172431468
172358594
172285718
172212840
172139960
172067078
171994194
171921308
171848420
171775530
171702638
171629744
171556848
171483950
171411050
171338148
171265244
171192338
171119430
171046520
170973608
170900694
170827778
170754860
170681940
170609018
170536094
170463168
170390240
170317310
170244378
170171444
170098508
170025570
169952630
169879688
169806744
169733798
169660850
169587900
169514948
169441994
169369038
169296080
169223120
169150158
169077194
169004228
168931260
168858290
168785318
168712344
168639368
168566390
168493410
168420428
168347444
168274458
168201470
168128480
168055488
167982494
167909498
167836500
167763500
167690498
167617494
167544488
167471480
167398470
167325458
167252444
167179428
167106410
167033390
166960368
166887344
166814318
166741290
166668260
166595228
166522194
166449158
166376120
166303080
166230038
166156994
166083948
166010900
165937850
165864798
165791744
165718688
165645630
165572570
165499508
165426444
165353378
165280310
165207240
165134168
165061094
164988018
164914940
164841860
164768778
164695694
164622608
164549520
164476430
164403338
164330244
164257148
164184050
164110950
164037848
163964744
163891638
163818530
163745420
163672308
163599194
163526078
163452960
163379840
163306718
163233594
163160468
163087340
163014210
162941078
162867944
162794808
162721670
162648530
162575388
162502244
162429098
162355950
162282800
162209648
162136494
162063338
161990180
161917020
161843858
161770694
161697528
161624360
161551190
161478018
161404844
161331668
161258490
161185310
161112128
161038944
160965758
160892570
160819380
160746188
160672994
160599798
160526600
160453400
160380198
160306994
160233788
160160580
160087370
160014158
159940944
159867728
159794510
159721290
159648068
159574844
159501618
159428390
159355160
159281928
159208694
159135458
159062220
158988980
158915738
158842494
158769248
158696000
158622750
158549498
158476244
158402988
158329730
158256470
158183208
158109944
158036678
157963410
157890140
157816868
157743594
157670318
157597040
157523760
157450478
157377194
157303908
157230620
157157330
157084038
157010744
156937448
156864150
156790850
156717548
156644244
156570938
156497630
156424320
156351008
156277694
156204378
156131060
156057740
155984418
155911094
155837768
155764440
155691110
155617778
155544444
155471108
155397770
155324430
155251088
155177744
155104398
155031050
154957700
154884348
154810994
154737638
154664280
154590920
154517558
154444194
154370828
154297460
154224090
154150718
154077344
154003968
153930590
153857210
153783828
153710444
153637058
153563670
153490280
153416888
153343494
153270098
153196700
153123300
153049898
152976494
152903088
152829680
152756270
152682858
152609444
152536028
152462610
152389190
152315768
152242344
152168918
152095490
152022060
151948628
151875194
151801758
151728320
151654880
151581438
151507994
151434548
151361100
151287650
151214198
151140744
151067288
150993830
150920370
150846908
150773444
150699978
150626510
150553040
150479568
150406094
150332618
150259140
150185660
150112178
150038694
149965208
149891720
149818230
149744738
149671244
149597748
149524250
149450750
149377248
149303744
149230238
149156730
149083220
149009708
148936194
148862678
148789160
148715640
148642118
148568594
148495068
148421540
148348010
148274478
148200944
148127408
148053870
147980330
147906788
147833244
147759698
147686150
147612600
147539048
147465494
147391938
147318380
147244820
147171258
147097694
147024128
146950560
146876990
146803418
146729844
146656268
146582690
146509110
146435528
146361944
146288358
146214770
146141180
146067588
145993994
145920398
145846800
145773200
145699598
145625994
145552388
145478780
145405170
145331558
145257944
145184328
145110710
145037090
144963468
144889844
144816218
144742590
144668960
144595328
144521694
144448058
144374420
144300780
144227138
144153494
144079848
144006200
143932550
143858898
143785244
143711588
143637930
143564270
143490608
143416944
143343278
143269610
143195940
143122268
143048594
142974918
142901240
142827560
142753878
142680194
142606508
142532820
142459130
142385438
142311744
142238048
142164350
142090650
142016948
141943244
141869538
141795830
141722120
141648408
141574694
141500978
141427260
141353540
141279818
141206094
141132368
141058640
140984910
140911178
140837444
140763708
140689970
140616230
140542488
140468744
140394998
140321250
140247500
140173748
140099994
140026238
139952480
139878720
139804958
139731194
139657428
139583660
139509890
139436118
139362344
139288568
139214790
139141010
139067228
138993444
138919658
138845870
138772080
138698288
138624494
138550698
138476900
138403100
138329298
138255494
138181688
138107880
138034070
137960258
137886444
137812628
137738810
137664990
137591168
137517344
137443518
137369690
137295860
137222028
137148194
137074358
137000520
136926680
136852838
136778994
136705148
136631300
136557450
136483598
136409744
136335888
136262030
136188170
136114308
136040444
135966578
135892710
135818840
135744968
135671094
135597218
135523340
135449460
135375578
135301694
135227808
135153920
135080030
135006138
134932244
134858348
134784450
134710550
134636648
134562744
134488838
134414930
134341020
134267108
134193194
134119278
134045360
133971440
133897518
133823594
133749668
133675740
133601810
133527878
133453944
133380008
133306070
133232130
133158188
133084244
133010298
132936350
132862400
132788448
132714494
132640538
132566580
132492620
132418658
132344694
132270728
132196760
132122790
132048818
131974844
131900868
131826890
131752910
131678928
131604944
131530958
131456970
131382980
131308988
131234994
131160998
131087000
131013000
130938998
130864994
130790988
130716980
130642970
130568958
130494944
130420928
130346910
130272890
130198868
130124844
130050818
129976790
129902760
129828728
129754694
129680658
129606620
129532580
129458538
129384494
129310448
129236400
129162350
129088298
129014244
128940188
128866130
128792070
128718008
128643944
128569878
128495810
128421740
128347668
128273594
128199518
128125440
128051360
127977278
127903194
127829108
127755020
127680930
127606838
127532744
127458648
127384550
127310450
127236348
127162244
127088138
127014030
126939920
126865808
126791694
126717578
126643460
126569340
126495218
126421094
126346968
126272840
126198710
126124578
126050444
125976308
125902170
125828030
125753888
125679744
125605598
125531450
125457300
125383148
125308994
125234838
125160680
125086520
125012358
124938194
124864028
124789860
124715690
124641518
124567344
124493168
124418990
124344810
124270628
124196444
124122258
124048070
123973880
123899688
123825494
123751298
123677100
123602900
123528698
123454494
123380288
123306080
123231870
123157658
123083444
123009228
122935010
122860790
122786568
122712344
122638118
122563890
122489660
122415428
122341194
122266958
122192720
122118480
122044238
121969994
121895748
121821500
121747250
121672998
121598744
121524488
121450230
121375970
121301708
121227444
121153178
121078910
121004640
120930368
120856094
120781818
120707540
120633260
120558978
120484694
120410408
120336120
120261830
120187538
120113244
120038948
119964650
119890350
119816048
119741744
119667438
119593130
119518820
119444508
119370194
119295878
119221560
119147240
119072918
118998594
118924268
118849940
118775610
118701278
118626944
118552608
118478270
118403930
118329588
118255244
118180898
118106550
118032200
117957848
117883494
117809138
117734780
117660420
117586058
117511694
117437328
117362960
117288590
117214218
117139844
117065468
116991090
116916710
116842328
116767944
116693558
116619170
116544780
116470388
116395994
116321598
116247200
116172800
116098398
116023994
115949588
115875180
115800770
115726358
115651944
115577528
115503110
115428690
115354268
115279844
115205418
115130990
115056560
114982128
114907694
114833258
114758820
114684380
114609938
114535494
114461048
114386600
114312150
114237698
114163244
114088788
114014330
113939870
113865408
113790944
113716478
113642010
113567540
113493068
113418594
113344118
113269640
113195160
113120678
113046194
112971708
112897220
112822730
112748238
112673744
112599248
112524750
112450250
112375748
112301244
112226738
112152230
112077720
112003208
111928694
111854178
111779660
111705140
111630618
111556094
111481568
111407040
111332510
111257978
111183444
111108908
111034370
110959830
110885288
110810744
110736198
110661650
110587100
110512548
110437994
110363438
110288880
110214320
110139758
110065194
109990628
109916060
109841490
109766918
109692344
109617768
109543190
109468610
109394028
109319444
109244858
109170270
109095680
109021088
108946494
108871898
108797300
108722700
108648098
108573494
108498888
108424280
108349670
108275058
108200444
108125828
108051210
107976590
107901968
107827344
107752718
107678090
107603460
107528828
107454194
107379558
107304920
107230280
107155638
107080994
107006348
106931700
106857050
106782398
106707744
106633088
106558430
106483770
106409108
106334444
106259778
106185110
106110440
106035768
105961094
105886418
105811740
105737060
105662378
105587694
105513008
105438320
105363630
105288938
105214244
105139548
105064850
104990150
104915448
104840744
104766038
104691330
104616620
104541908
104467194
104392478
104317760
104243040
104168318
104093594
104018868
103944140
103869410
103794678
103719944
103645208
103570470
103495730
103420988
103346244
103271498
103196750
103122000
103047248
102972494
102897738
102822980
102748220
102673458
102598694
102523928
102449160
102374390
102299618
102224844
102150068
102075290
102000510
101925728
101850944
101776158
101701370
101626580
101551788
101476994
101402198
101327400
101252600
101177798
101102994
101028188
100953380
100878570
100803758
100728944
100654128
100579310
100504490
100429668
100354844
100280018
100205190
100130360
100055528
99980694
99905858
99831020
99756180
99681338
99606494
99531648
99456800
99381950
99307098
99232244
99157388
99082530
99007670
98932808
98857944
98783078
98708210
98633340
98558468
98483594
98408718
98333840
98258960
98184078
98109194
98034308
97959420
97884530
97809638
97734744
97659848
97584950
97510050
97435148
97360244
97285338
97210430
97135520
97060608
96985694
96910778
96835860
96760940
96686018
96611094
96536168
96461240
96386310
96311378
96236444
96161508
96086570
96011630
95936688
95861744
95786798
95711850
95636900
95561948
95486994
95412038
95337080
95262120
95187158
95112194
95037228
94962260
94887290
94812318
94737344
94662368
94587390
94512410
94437428
94362444
94287458
94212470
94137480
94062488
93987494
93912498
93837500
93762500
93687498
93612494
93537488
93462480
93387470
93312458
93237444
93162428
93087410
93012390
92937368
92862344
92787318
92712290
92637260
92562228
92487194
92412158
92337120
92262080
92187038
92111994
92036948
91961900
91886850
91811798
91736744
91661688
91586630
91511570
91436508
91361444
91286378
91211310
91136240
91061168
90986094
90911018
90835940
90760860
90685778
90610694
90535608
90460520
90385430
90310338
90235244
90160148
90085050
90009950
89934848
89859744
89784638
89709530
89634420
89559308
89484194
89409078
89333960
89258840
89183718
89108594
89033468
88958340
88883210
88808078
88732944
88657808
88582670
88507530
88432388
88357244
88282098
88206950
88131800
88056648
87981494
87906338
87831180
87756020
87680858
87605694
87530528
87455360
87380190
87305018
87229844
87154668
87079490
87004310
86929128
86853944
86778758
86703570
86628380
86553188
86477994
86402798
86327600
86252400
86177198
86101994
86026788
85951580
85876370
85801158
85725944
85650728
85575510
85500290
85425068
85349844
85274618
85199390
85124160
85048928
84973694
84898458
84823220
84747980
84672738
84597494
84522248
84447000
84371750
84296498
84221244
84145988
84070730
83995470
83920208
83844944
83769678
83694410
83619140
83543868
83468594
83393318
83318040
83242760
83167478
83092194
83016908
82941620
82866330
82791038
82715744
82640448
82565150
82489850
82414548
82339244
82263938
82188630
82113320
82038008
81962694
81887378
81812060
81736740
81661418
81586094
81510768
81435440
81360110
81284778
81209444
81134108
81058770
80983430
80908088
80832744
80757398
80682050
80606700
80531348
80455994
80380638
80305280
80229920
80154558
80079194
80003828
79928460
79853090
79777718
79702344
79626968
79551590
79476210
79400828
79325444
79250058
79174670
79099280
79023888
78948494
78873098
78797700
78722300
78646898
78571494
78496088
78420680
78345270
78269858
78194444
78119028
78043610
77968190
77892768
77817344
77741918
77666490
77591060
77515628
77440194
77364758
77289320
77213880
77138438
77062994
76987548
76912100
76836650
76761198
76685744
76610288
76534830
76459370
76383908
76308444
76232978
76157510
76082040
76006568
75931094
75855618
75780140
75704660
75629178
75553694
75478208
75402720
75327230
75251738
75176244
75100748
75025250
74949750
74874248
74798744
74723238
74647730
74572220
74496708
74421194
74345678
74270160
74194640
74119118
74043594
73968068
73892540
73817010
73741478
73665944
73590408
73514870
73439330
73363788
73288244
73212698
73137150
73061600
72986048
72910494
72834938
72759380
72683820
72608258
72532694
72457128
72381560
72305990
72230418
72154844
72079268
72003690
71928110
71852528
71776944
71701358
71625770
71550180
71474588
71398994
71323398
71247800
71172200
71096598
71020994
70945388
70869780
70794170
70718558
70642944
70567328
70491710
70416090
70340468
70264844
70189218
70113590
70037960
69962328
69886694
69811058
69735420
69659780
69584138
69508494
69432848
69357200
69281550
69205898
69130244
69054588
68978930
68903270
68827608
68751944
68676278
68600610
68524940
68449268
68373594
68297918
68222240
68146560
68070878
67995194
67919508
67843820
67768130
67692438
67616744
67541048
67465350
67389650
67313948
67238244
67162538
67086830
67011120
66935408
66859694
66783978
66708260
66632540
66556818
66481094
66405368
66329640
66253910
66178178
66102444
66026708
65950970
65875230
65799488
65723744
65647998
65572250
65496500
65420748
65344994
65269238
65193480
65117720
65041958
64966194
64890428
64814660
64738890
64663118
64587344
64511568
64435790
64360010
64284228
64208444
64132658
64056870
63981080
63905288
63829494
63753698
63677900
63602100
63526298
63450494
63374688
63298880
63223070
63147258
63071444
62995628
62919810
62843990
62768168
62692344
62616518
62540690
62464860
62389028
62313194
62237358
62161520
62085680
62009838
61933994
61858148
61782300
61706450
61630598
61554744
61478888
61403030
61327170
61251308
61175444
61099578
61023710
60947840
60871968
60796094
60720218
60644340
60568460
60492578
60416694
60340808
60264920
60189030
60113138
60037244
59961348
59885450
59809550
59733648
59657744
59581838
59505930
59430020
59354108
59278194
59202278
59126360
59050440
58974518
58898594
58822668
58746740
58670810
58594878
58518944
58443008
58367070
58291130
58215188
58139244
58063298
57987350
57911400
57835448
57759494
57683538
57607580
57531620
57455658
57379694
57303728
57227760
57151790
57075818
56999844
56923868
56847890
56771910
56695928
56619944
56543958
56467970
56391980
56315988
56239994
56163998
56088000
56012000
55935998
55859994
55783988
55707980
55631970
55555958
55479944
55403928
55327910
55251890
55175868
55099844
55023818
54947790
54871760
54795728
54719694
54643658
54567620
54491580
54415538
54339494
54263448
54187400
54111350
54035298
53959244
53883188
53807130
53731070
53655008
53578944
53502878
53426810
53350740
53274668
53198594
53122518
53046440
52970360
52894278
52818194
52742108
52666020
52589930
52513838
52437744
52361648
52285550
52209450
52133348
52057244
51981138
51905030
51828920
51752808
51676694
51600578
51524460
51448340
51372218
51296094
51219968
51143840
51067710
50991578
50915444
50839308
50763170
50687030
50610888
50534744
50458598
50382450
50306300
50230148
50153994
50077838
50001680
49925520
49849358
49773194
49697028
49620860
49544690
49468518
49392344
49316168
49239990
49163810
49087628
49011444
48935258
48859070
48782880
48706688
48630494
48554298
48478100
48401900
48325698
48249494
48173288
48097080
48020870
47944658
47868444
47792228
47716010
47639790
47563568
47487344
47411118
47334890
47258660
47182428
47106194
47029958
46953720
46877480
46801238
46724994
46648748
46572500
46496250
46419998
46343744
46267488
46191230
46114970
46038708
45962444
45886178
45809910
45733640
45657368
45581094
45504818
45428540
45352260
45275978
45199694
45123408
45047120
44970830
44894538
44818244
44741948
44665650
44589350
44513048
44436744
44360438
44284130
44207820
44131508
44055194
43978878
43902560
43826240
43749918
43673594
43597268
43520940
43444610
43368278
43291944
43215608
43139270
43062930
42986588
42910244
42833898
42757550
42681200
42604848
42528494
42452138
42375780
42299420
42223058
42146694
42070328
41993960
41917590
41841218
41764844
41688468
41612090
41535710
41459328
41382944
41306558
41230170
41153780
41077388
41000994
40924598
40848200
40771800
40695398
40618994
40542588
40466180
40389770
40313358
40236944
40160528
40084110
40007690
39931268
39854844
39778418
39701990
39625560
39549128
39472694
39396258
39319820
39243380
39166938
39090494
39014048
38937600
38861150
38784698
38708244
38631788
38555330
38478870
38402408
38325944
38249478
38173010
38096540
38020068
37943594
37867118
37790640
37714160
37637678
37561194
37484708
37408220
37331730
37255238
37178744
37102248
37025750
36949250
36872748
36796244
36719738
36643230
36566720
36490208
36413694
36337178
36260660
36184140
36107618
36031094
35954568
35878040
35801510
35724978
35648444
35571908
35495370
35418830
35342288
35265744
35189198
35112650
35036100
34959548
34882994
34806438
34729880
34653320
34576758
34500194
34423628
34347060
34270490
34193918
34117344
34040768
33964190
33887610
33811028
33734444
33657858
33581270
33504680
33428088
33351494
33274898
33198300
33121700
33045098
32968494
32891888
32815280
32738670
32662058
32585444
32508828
32432210
32355590
32278968
32202344
32125718
32049090
31972460
31895828
31819194
31742558
31665920
31589280
31512638
31435994
31359348
31282700
31206050
31129398
31052744
30976088
30899430
30822770
30746108
30669444
30592778
30516110
30439440
30362768
30286094
30209418
30132740
30056060
29979378
29902694
29826008
29749320
29672630
29595938
29519244
29442548
29365850
29289150
29212448
29135744
29059038
28982330
28905620
28828908
28752194
28675478
28598760
28522040
28445318
28368594
28291868
28215140
28138410
28061678
27984944
27908208
27831470
27754730
27677988
27601244
27524498
27447750
27371000
27294248
27217494
27140738
27063980
26987220
26910458
26833694
26756928
26680160
26603390
26526618
26449844
26373068
26296290
26219510
26142728
26065944
25989158
25912370
25835580
25758788
25681994
25605198
25528400
25451600
25374798
25297994
25221188
25144380
25067570
24990758
24913944
24837128
24760310
24683490
24606668
24529844
24453018
24376190
24299360
24222528
24145694
24068858
23992020
23915180
23838338
23761494
23684648
23607800
23530950
23454098
23377244
23300388
23223530
23146670
23069808
22992944
22916078
22839210
22762340
22685468
22608594
22531718
22454840
22377960
22301078
22224194
22147308
22070420
21993530
21916638
21839744
21762848
21685950
21609050
21532148
21455244
21378338
21301430
21224520
21147608
21070694
20993778
20916860
20839940
20763018
20686094
20609168
20532240
20455310
20378378
20301444
20224508
20147570
20070630
19993688
19916744
19839798
19762850
19685900
19608948
19531994
19455038
19378080
19301120
19224158
19147194
19070228
18993260
18916290
18839318
18762344
18685368
18608390
18531410
18454428
18377444
18300458
18223470
18146480
18069488
17992494
17915498
17838500
17761500
17684498
17607494
17530488
17453480
17376470
17299458
17222444
17145428
17068410
16991390
16914368
16837344
16760318
16683290
16606260
16529228
16452194
16375158
16298120
16221080
16144038
16066994
15989948
15912900
15835850
15758798
15681744
15604688
15527630
15450570
15373508
15296444
15219378
15142310
15065240
14988168
14911094
14834018
14756940
14679860
14602778
14525694
14448608
14371520
14294430
14217338
14140244
14063148
13986050
13908950
13831848
13754744
13677638
13600530
13523420
13446308
13369194
13292078
13214960
13137840
13060718
12983594
12906468
12829340
12752210
12675078
12597944
12520808
12443670
12366530
12289388
12212244
12135098
12057950
11980800
11903648
11826494
11749338
11672180
11595020
11517858
11440694
11363528
11286360
11209190
11132018
11054844
10977668
10900490
10823310
10746128
10668944
10591758
10514570
10437380
10360188
10282994
10205798
10128600
10051400
9974198
9896994
9819788
9742580
9665370
9588158
9510944
9433728
9356510
9279290
9202068
9124844
9047618
8970390
8893160
8815928
8738694
8661458
8584220
8506980
8429738
8352494
8275248
8198000
8120750
8043498
7966244
7888988
7811730
7734470
7657208
7579944
7502678
7425410
7348140
7270868
7193594
7116318
7039040
6961760
6884478
6807194
6729908
6652620
6575330
6498038
6420744
6343448
6266150
6188850
6111548
6034244
5956938
5879630
5802320
5725008
5647694
5570378
5493060
5415740
5338418
5261094
5183768
5106440
5029110
4951778
4874444
4797108
4719770
4642430
4565088
4487744
4410398
4333050
4255700
4178348
4100994
4023638
3946280
3868920
3791558
3714194
3636828
3559460
3482090
3404718
3327344
3249968
3172590
3095210
3017828
2940444
2863058
2785670
2708280
2630888
2553494
2476098
2398700
2321300
2243898
2166494
2089088
2011680
1934270
1856858
1779444
1702028
1624610
1547190
1469768
1392344
1314918
1237490
1160060
1082628
1005194
927758
850320
772880
695438
617994
540548
463100
385650
308198
230744
153288
75830
999998370
999920908
999843444
999765978
999688510
999611040
999533568
999456094
999378618
999301140
999223660
999146178
999068694
998991208
998913720
998836230
998758738
998681244
998603748
998526250
998448750
998371248
998293744
998216238
998138730
998061220
997983708
997906194
997828678
997751160
997673640
997596118
997518594
997441068
997363540
997286010
997208478
997130944
997053408
996975870
996898330
996820788
996743244
996665698
996588150
996510600
996433048
996355494
996277938
996200380
996122820
996045258
995967694
995890128
995812560
995734990
995657418
995579844
995502268
995424690
995347110
995269528
995191944
995114358
995036770
994959180
994881588
994803994
994726398
994648800
994571200
994493598
994415994
994338388
994260780
994183170
994105558
994027944
993950328
993872710
993795090
993717468
993639844
993562218
993484590
993406960
993329328
993251694
993174058
993096420
993018780
992941138
992863494
992785848
992708200
992630550
992552898
992475244
992397588
992319930
992242270
992164608
992086944
992009278
991931610
991853940
991776268
991698594
991620918
991543240
991465560
991387878
991310194
991232508
991154820
991077130
990999438
990921744
990844048
990766350
990688650
990610948
990533244
990455538
990377830
990300120
990222408
990144694
990066978
989989260
989911540
989833818
989756094
989678368
989600640
989522910
989445178
989367444
989289708
989211970
989134230
989056488
988978744
988900998
988823250
988745500
988667748
988589994
988512238
988434480
988356720
988278958
988201194
988123428
988045660
987967890
987890118
987812344
987734568
987656790
987579010
987501228
987423444
987345658
987267870
987190080
987112288
987034494
986956698
986878900
986801100
986723298
986645494
986567688
986489880
986412070
986334258
986256444
986178628
986100810
986022990
985945168
985867344
985789518
985711690
985633860
985556028
985478194
985400358
985322520
985244680
985166838
985088994
985011148
984933300
984855450
984777598
984699744
984621888
984544030
984466170
984388308
984310444
984232578
984154710
984076840
983998968
983921094
983843218
983765340
983687460
983609578
983531694
983453808
983375920
983298030
983220138
983142244
983064348
982986450
982908550
982830648
982752744
982674838
982596930
982519020
982441108
982363194
982285278
982207360
982129440
982051518
981973594
981895668
981817740
981739810
981661878
981583944
981506008
981428070
981350130
981272188
981194244
981116298
981038350
980960400
980882448
980804494
980726538
980648580
980570620
980492658
980414694
980336728
980258760
980180790
980102818
980024844
979946868
979868890
979790910
979712928
979634944
979556958
979478970
979400980
979322988
979244994
979166998
979089000
979011000
978932998
978854994
978776988
978698980
978620970
978542958
978464944
978386928
978308910
978230890
978152868
978074844
977996818
977918790
977840760
977762728
977684694
977606658
977528620
977450580
977372538
977294494
977216448
977138400
977060350
976982298
976904244
976826188
976748130
976670070
976592008
976513944
976435878
976357810
976279740
976201668
976123594
976045518
975967440
975889360
975811278
975733194
975655108
975577020
975498930
975420838
975342744
975264648
975186550
975108450
975030348
974952244
974874138
974796030
974717920
974639808
974561694
974483578
974405460
974327340
974249218
974171094
974092968
974014840
973936710
973858578
973780444
973702308
973624170
973546030
973467888
973389744
973311598
973233450
973155300
973077148
972998994
972920838
972842680
972764520
972686358
972608194
972530028
972451860
972373690
972295518
972217344
972139168
972060990
971982810
971904628
971826444
971748258
971670070
971591880
971513688
971435494
971357298
971279100
971200900
971122698
971044494
970966288
970888080
970809870
970731658
970653444
970575228
970497010
970418790
970340568
970262344
970184118
970105890
970027660
969949428
969871194
969792958
969714720
969636480
969558238
969479994
969401748
969323500
969245250
969166998
969088744
969010488
968932230
968853970
968775708
968697444
968619178
968540910
968462640
968384368
968306094
968227818
968149540
968071260
967992978
967914694
967836408
967758120
967679830
967601538
967523244
967444948
967366650
967288350
967210048
967131744
967053438
966975130
966896820
966818508
966740194
966661878
966583560
966505240
966426918
966348594
966270268
966191940
966113610
966035278
965956944
965878608
965800270
965721930
965643588
965565244
965486898
965408550
965330200
965251848
965173494
965095138
965016780
964938420
964860058
964781694
964703328
964624960
964546590
964468218
964389844
964311468
964233090
964154710
964076328
963997944
963919558
963841170
963762780
963684388
963605994
963527598
963449200
963370800
963292398
963213994
963135588
963057180
962978770
962900358
962821944
962743528
962665110
962586690
962508268
962429844
962351418
962272990
962194560
962116128
962037694
961959258
961880820
961802380
961723938
961645494
961567048
961488600
961410150
961331698
961253244
961174788
961096330
961017870
960939408
960860944
960782478
960704010
960625540
960547068
960468594
960390118
960311640
960233160
960154678
960076194
959997708
959919220
959840730
959762238
959683744
959605248
959526750
959448250
959369748
959291244
959212738
959134230
959055720
958977208
958898694
958820178
958741660
958663140
958584618
958506094
958427568
958349040
958270510
958191978
958113444
958034908
957956370
957877830
957799288
957720744
957642198
957563650
957485100
957406548
957327994
957249438
957170880
957092320
957013758
956935194
956856628
956778060
956699490
956620918
956542344
956463768
956385190
956306610
956228028
956149444
956070858
955992270
955913680
955835088
955756494
955677898
955599300
955520700
955442098
955363494
955284888
955206280
955127670
955049058
954970444
954891828
954813210
954734590
954655968
954577344
954498718
954420090
954341460
954262828
954184194
954105558
954026920
953948280
953869638
953790994
953712348
953633700
953555050
953476398
953397744
953319088
953240430
953161770
953083108
953004444
952925778
952847110
952768440
952689768
952611094
952532418
952453740
952375060
952296378
952217694
952139008
952060320
951981630
951902938
951824244
951745548
951666850
951588150
951509448
951430744
951352038
951273330
951194620
951115908
951037194
950958478
950879760
950801040
950722318
950643594
950564868
950486140
950407410
950328678
950249944
950171208
950092470
950013730
949934988
949856244
949777498
949698750
949620000
949541248
949462494
949383738
949304980
949226220
949147458
949068694
948989928
948911160
948832390
948753618
948674844
948596068
948517290
948438510
948359728
948280944
948202158
948123370
948044580
947965788
947886994
947808198
947729400
947650600
947571798
947492994
947414188
947335380
947256570
947177758
947098944
947020128
946941310
946862490
946783668
946704844
946626018
946547190
946468360
946389528
946310694
946231858
946153020
946074180
945995338
945916494
945837648
945758800
945679950
945601098
945522244
945443388
945364530
945285670
945206808
945127944
945049078
944970210
944891340
944812468
944733594
944654718
944575840
944496960
944418078
944339194
944260308
944181420
944102530
944023638
943944744
943865848
943786950
943708050
943629148
943550244
943471338
943392430
943313520
943234608
943155694
943076778
942997860
942918940
942840018
942761094
942682168
942603240
942524310
942445378
942366444
942287508
942208570
942129630
942050688
941971744
941892798
941813850
941734900
941655948
941576994
941498038
941419080
941340120
941261158
941182194
941103228
941024260
940945290
940866318
940787344
940708368
940629390
940550410
940471428
940392444
940313458
940234470
940155480
940076488
939997494
939918498
939839500
939760500
939681498
939602494
939523488
939444480
939365470
939286458
939207444
939128428
939049410
938970390
938891368
938812344
938733318
938654290
938575260
938496228
938417194
938338158
938259120
938180080
938101038
938021994
937942948
937863900
937784850
937705798
937626744
937547688
937468630
937389570
937310508
937231444
937152378
937073310
936994240
936915168
936836094
936757018
936677940
936598860
936519778
936440694
936361608
936282520
936203430
936124338
936045244
935966148
935887050
935807950
935728848
935649744
935570638
935491530
935412420
935333308
935254194
935175078
935095960
935016840
934937718
934858594
934779468
934700340
934621210
934542078
934462944
934383808
934304670
934225530
934146388
934067244
933988098
933908950
933829800
933750648
933671494
933592338
933513180
933434020
933354858
933275694
933196528
933117360
933038190
932959018
932879844
932800668
932721490
932642310
932563128
932483944
932404758
932325570
932246380
932167188
932087994
932008798
931929600
931850400
931771198
931691994
931612788
931533580
931454370
931375158
931295944
931216728
931137510
931058290
930979068
930899844
930820618
930741390
930662160
930582928
930503694
930424458
930345220
930265980
930186738
930107494
930028248
929949000
929869750
929790498
929711244
929631988
929552730
929473470
929394208
929314944
929235678
929156410
929077140
928997868
928918594
928839318
928760040
928680760
928601478
928522194
928442908
928363620
928284330
928205038
928125744
928046448
927967150
927887850
927808548
927729244
927649938
927570630
927491320
927412008
927332694
927253378
927174060
927094740
927015418
926936094
926856768
926777440
926698110
926618778
926539444
926460108
926380770
926301430
926222088
926142744
926063398
925984050
925904700
925825348
925745994
925666638
925587280
925507920
925428558
925349194
925269828
925190460
925111090
925031718
924952344
924872968
924793590
924714210
924634828
924555444
924476058
924396670
924317280
924237888
924158494
924079098
923999700
923920300
923840898
923761494
923682088
923602680
923523270
923443858
923364444
923285028
923205610
923126190
923046768
922967344
922887918
922808490
922729060
922649628
922570194
922490758
922411320
922331880
922252438
922172994
922093548
922014100
921934650
921855198
921775744
921696288
921616830
921537370
921457908
921378444
921298978
921219510
921140040
921060568
920981094
920901618
920822140
920742660
920663178
920583694
920504208
920424720
920345230
920265738
920186244
920106748
920027250
919947750
919868248
919788744
919709238
919629730
919550220
919470708
919391194
919311678
919232160
919152640
919073118
918993594
918914068
918834540
918755010
918675478
918595944
918516408
918436870
918357330
918277788
918198244
918118698
918039150
917959600
917880048
917800494
917720938
917641380
917561820
917482258
917402694
917323128
917243560
917163990
917084418
917004844
916925268
916845690
916766110
916686528
916606944
916527358
916447770
916368180
916288588
916208994
916129398
916049800
915970200
915890598
915810994
915731388
915651780
915572170
915492558
915412944
915333328
915253710
915174090
915094468
915014844
914935218
914855590
914775960
914696328
914616694
914537058
914457420
914377780
914298138
914218494
914138848
914059200
913979550
913899898
913820244
913740588
913660930
913581270
913501608
913421944
913342278
913262610
913182940
913103268
913023594
912943918
912864240
912784560
912704878
912625194
912545508
912465820
912386130
912306438
912226744
912147048
912067350
911987650
911907948
911828244
911748538
911668830
911589120
911509408
911429694
911349978
911270260
911190540
911110818
911031094
910951368
910871640
910791910
910712178
910632444
910552708
910472970
910393230
910313488
910233744
910153998
910074250
909994500
909914748
909834994
909755238
909675480
909595720
909515958
909436194
909356428
909276660
909196890
909117118
909037344
908957568
908877790
908798010
908718228
908638444
908558658
908478870
908399080
908319288
908239494
908159698
908079900
908000100
907920298
907840494
907760688
907680880
907601070
907521258
907441444
907361628
907281810
907201990
907122168
907042344
906962518
906882690
906802860
906723028
906643194
906563358
906483520
906403680
906323838
906243994
906164148
906084300
906004450
905924598
905844744
905764888
905685030
905605170
905525308
905445444
905365578
905285710
905205840
905125968
905046094
904966218
904886340
904806460
904726578
904646694
904566808
904486920
904407030
904327138
904247244
904167348
904087450
904007550
903927648
903847744
903767838
903687930
903608020
903528108
903448194
903368278
903288360
903208440
903128518
903048594
902968668
902888740
902808810
902728878
902648944
902569008
902489070
902409130
902329188
902249244
902169298
902089350
902009400
901929448
901849494
901769538
901689580
901609620
901529658
901449694
901369728
901289760
901209790
901129818
901049844
900969868
900889890
900809910
900729928
900649944
900569958
900489970
900409980
900329988
900249994
900169998
900090000
900010000
899929998
899849994
899769988
899689980
899609970
899529958
899449944
899369928
899289910
899209890
899129868
899049844
898969818
898889790
898809760
898729728
898649694
898569658
898489620
898409580
898329538
898249494
898169448
898089400
898009350
897929298
897849244
897769188
897689130
897609070
897529008
897448944
897368878
897288810
897208740
897128668
897048594
896968518
896888440
896808360
896728278
896648194
896568108
896488020
896407930
896327838
896247744
896167648
896087550
896007450
895927348
895847244
895767138
895687030
895606920
895526808
895446694
895366578
895286460
895206340
895126218
895046094
894965968
894885840
894805710
894725578
894645444
894565308
894485170
894405030
894324888
894244744
894164598
894084450
894004300
893924148
893843994
893763838
893683680
893603520
893523358
893443194
893363028
893282860
893202690
893122518
893042344
892962168
892881990
892801810
892721628
892641444
892561258
892481070
892400880
892320688
892240494
892160298
892080100
891999900
891919698
891839494
891759288
891679080
891598870
891518658
891438444
891358228
891278010
891197790
891117568
891037344
890957118
890876890
890796660
890716428
890636194
890555958
890475720
890395480
890315238
890234994
890154748
890074500
889994250
889913998
889833744
889753488
889673230
889592970
889512708
889432444
889352178
889271910
889191640
889111368
889031094
888950818
888870540
888790260
888709978
888629694
888549408
888469120
888388830
888308538
888228244
888147948
888067650
887987350
887907048
887826744
887746438
887666130
887585820
887505508
887425194
887344878
887264560
887184240
887103918
887023594
886943268
886862940
886782610
886702278
886621944
886541608
886461270
886380930
886300588
886220244
886139898
886059550
885979200
885898848
885818494
885738138
885657780
885577420
885497058
885416694
885336328
885255960
885175590
885095218
885014844
884934468
884854090
884773710
884693328
884612944
884532558
884452170
884371780
884291388
884210994
884130598
884050200
883969800
883889398
883808994
883728588
883648180
883567770
883487358
883406944
883326528
883246110
883165690
883085268
883004844
882924418
882843990
882763560
882683128
882602694
882522258
882441820
882361380
882280938
882200494
882120048
882039600
881959150
881878698
881798244
881717788
881637330
881556870
881476408
881395944
881315478
881235010
881154540
881074068
880993594
880913118
880832640
880752160
880671678
880591194
880510708
880430220
880349730
880269238
880188744
880108248
880027750
879947250
879866748
879786244
879705738
879625230
879544720
879464208
879383694
879303178
879222660
879142140
879061618
878981094
878900568
878820040
878739510
878658978
878578444
878497908
878417370
878336830
878256288
878175744
878095198
878014650
877934100
877853548
877772994
877692438
877611880
877531320
877450758
877370194
877289628
877209060
877128490
877047918
876967344
876886768
876806190
876725610
876645028
876564444
876483858
876403270
876322680
876242088
876161494
876080898
876000300
875919700
875839098
875758494
875677888
875597280
875516670
875436058
875355444
875274828
875194210
875113590
875032968
874952344
874871718
874791090
874710460
874629828
874549194
874468558
874387920
874307280
874226638
874145994
874065348
873984700
873904050
873823398
873742744
873662088
873581430
873500770
873420108
873339444
873258778
873178110
873097440
873016768
872936094
872855418
872774740
872694060
872613378
872532694
872452008
872371320
872290630
872209938
872129244
872048548
871967850
871887150
871806448
871725744
871645038
871564330
871483620
871402908
871322194
871241478
871160760
871080040
870999318
870918594
870837868
870757140
870676410
870595678
870514944
870434208
870353470
870272730
870191988
870111244
870030498
869949750
869869000
869788248
869707494
869626738
869545980
869465220
869384458
869303694
869222928
869142160
869061390
868980618
868899844
868819068
868738290
868657510
868576728
868495944
868415158
868334370
868253580
868172788
868091994
868011198
867930400
867849600
867768798
867687994
867607188
867526380
867445570
867364758
867283944
867203128
867122310
867041490
866960668
866879844
866799018
866718190
866637360
866556528
866475694
866394858
866314020
866233180
866152338
866071494
865990648
865909800
865828950
865748098
865667244
865586388
865505530
865424670
865343808
865262944
865182078
865101210
865020340
864939468
864858594
864777718
864696840
864615960
864535078
864454194
864373308
864292420
864211530
864130638
864049744
863968848
863887950
863807050
863726148
863645244
863564338
863483430
863402520
863321608
863240694
863159778
863078860
862997940
862917018
862836094
862755168
862674240
862593310
862512378
862431444
862350508
862269570
862188630
862107688
862026744
861945798
861864850
861783900
861702948
861621994
861541038
861460080
861379120
861298158
861217194
861136228
861055260
860974290
860893318
860812344
860731368
860650390
860569410
860488428
860407444
860326458
860245470
860164480
860083488
860002494
859921498
859840500
859759500
859678498
859597494
859516488
859435480
859354470
859273458
859192444
859111428
859030410
858949390
858868368
858787344
858706318
858625290
858544260
858463228
858382194
858301158
858220120
858139080
858058038
857976994
857895948
857814900
857733850
857652798
857571744
857490688
857409630
857328570
857247508
857166444
857085378
857004310
856923240
856842168
856761094
856680018
856598940
856517860
856436778
856355694
856274608
856193520
856112430
856031338
855950244
855869148
855788050
855706950
855625848
855544744
855463638
855382530
855301420
855220308
855139194
855058078
854976960
854895840
854814718
854733594
854652468
854571340
854490210
854409078
854327944
854246808
854165670
854084530
854003388
853922244
853841098
853759950
853678800
853597648
853516494
853435338
853354180
853273020
853191858
853110694
853029528
852948360
852867190
852786018
852704844
852623668
852542490
852461310
852380128
852298944
852217758
852136570
852055380
851974188
851892994
851811798
851730600
851649400
851568198
851486994
851405788
851324580
851243370
851162158
851080944
850999728
850918510
850837290
850756068
850674844
850593618
850512390
850431160
850349928
850268694
850187458
850106220
850024980
849943738
849862494
849781248
849700000
849618750
849537498
849456244
849374988
849293730
849212470
849131208
849049944
848968678
848887410
848806140
848724868
848643594
848562318
848481040
848399760
848318478
848237194
848155908
848074620
847993330
847912038
847830744
847749448
847668150
847586850
847505548
847424244
847342938
847261630
847180320
847099008
847017694
846936378
846855060
846773740
846692418
846611094
846529768
846448440
846367110
846285778
846204444
846123108
846041770
845960430
845879088
845797744
845716398
845635050
845553700
845472348
845390994
845309638
845228280
845146920
845065558
844984194
844902828
844821460
844740090
844658718
844577344
844495968
844414590
844333210
844251828
844170444
844089058
844007670
843926280
843844888
843763494
843682098
843600700
843519300
843437898
843356494
843275088
843193680
843112270
843030858
842949444
842868028
842786610
842705190
842623768
842542344
842460918
842379490
842298060
842216628
842135194
842053758
841972320
841890880
841809438
841727994
841646548
841565100
841483650
841402198
841320744
841239288
841157830
841076370
840994908
840913444
840831978
840750510
840669040
840587568
840506094
840424618
840343140
840261660
840180178
840098694
840017208
839935720
839854230
839772738
839691244
839609748
839528250
839446750
839365248
839283744
839202238
839120730
839039220
838957708
838876194
838794678
838713160
838631640
838550118
838468594
838387068
838305540
838224010
838142478
838060944
837979408
837897870
837816330
837734788
837653244
837571698
837490150
837408600
837327048
837245494
837163938
837082380
837000820
836919258
836837694
836756128
836674560
836592990
836511418
836429844
836348268
836266690
836185110
836103528
836021944
835940358
835858770
835777180
835695588
835613994
835532398
835450800
835369200
835287598
835205994
835124388
835042780
834961170
834879558
834797944
834716328
834634710
834553090
834471468
834389844
834308218
834226590
834144960
834063328
833981694
833900058
833818420
833736780
833655138
833573494
833491848
833410200
833328550
833246898
833165244
833083588
833001930
832920270
832838608
832756944
832675278
832593610
832511940
832430268
832348594
832266918
832185240
832103560
832021878
831940194
831858508
831776820
831695130
831613438
831531744
831450048
831368350
831286650
831204948
831123244
831041538
830959830
830878120
830796408
830714694
830632978
830551260
830469540
830387818
830306094
830224368
830142640
830060910
829979178
829897444
829815708
829733970
829652230
829570488
829488744
829406998
829325250
829243500
829161748
829079994
828998238
828916480
828834720
828752958
828671194
828589428
828507660
828425890
828344118
828262344
828180568
828098790
828017010
827935228
827853444
827771658
827689870
827608080
827526288
827444494
827362698
827280900
827199100
827117298
827035494
826953688
826871880
826790070
826708258
826626444
826544628
826462810
826380990
826299168
826217344
826135518
826053690
825971860
825890028
825808194
825726358
825644520
825562680
825480838
825398994
825317148
825235300
825153450
825071598
824989744
824907888
824826030
824744170
824662308
824580444
824498578
824416710
824334840
824252968
824171094
824089218
824007340
823925460
823843578
823761694
823679808
823597920
823516030
823434138
823352244
823270348
823188450
823106550
823024648
822942744
822860838
822778930
822697020
822615108
822533194
822451278
822369360
822287440
822205518
822123594
822041668
821959740
821877810
821795878
821713944
821632008
821550070
821468130
821386188
821304244
821222298
821140350
821058400
820976448
820894494
820812538
820730580
820648620
820566658
820484694
820402728
820320760
820238790
820156818
820074844
819992868
819910890
819828910
819746928
819664944
819582958
819500970
819418980
819336988
819254994
819172998
819091000
819009000
818926998
818844994
818762988
818680980
818598970
818516958
818434944
818352928
818270910
818188890
818106868
818024844
817942818
817860790
817778760
817696728
817614694
817532658
817450620
817368580
817286538
817204494
817122448
817040400
816958350
816876298
816794244
816712188
816630130
816548070
816466008
816383944
816301878
816219810
816137740
816055668
815973594
815891518
815809440
815727360
815645278
815563194
815481108
815399020
815316930
815234838
815152744
815070648
814988550
814906450
814824348
814742244
814660138
814578030
814495920
814413808
814331694
814249578
814167460
814085340
814003218
813921094
813838968
813756840
813674710
813592578
813510444
813428308
813346170
813264030
813181888
813099744
813017598
812935450
812853300
812771148
812688994
812606838
812524680
812442520
812360358
812278194
812196028
812113860
812031690
811949518
811867344
811785168
811702990
811620810
811538628
811456444
811374258
811292070
811209880
811127688
811045494
810963298
810881100
810798900
810716698
810634494
810552288
810470080
810387870
810305658
810223444
810141228
810059010
809976790
809894568
809812344
809730118
809647890
809565660
809483428
809401194
809318958
809236720
809154480
809072238
808989994
808907748
808825500
808743250
808660998
808578744
808496488
808414230
808331970
808249708
808167444
808085178
808002910
807920640
807838368
807756094
807673818
807591540
807509260
807426978
807344694
807262408
807180120
807097830
807015538
806933244
806850948
806768650
806686350
806604048
806521744
806439438
806357130
806274820
806192508
806110194
806027878
805945560
805863240
805780918
805698594
805616268
805533940
805451610
805369278
805286944
805204608
805122270
805039930
804957588
804875244
804792898
804710550
804628200
804545848
804463494
804381138
804298780
804216420
804134058
804051694
803969328
803886960
803804590
803722218
803639844
803557468
803475090
803392710
803310328
803227944
803145558
803063170
802980780
802898388
802815994
802733598
802651200
802568800
802486398
802403994
802321588
802239180
802156770
802074358
801991944
801909528
801827110
801744690
801662268
801579844
801497418
801414990
801332560
801250128
801167694
801085258
801002820
800920380
800837938
800755494
800673048
800590600
800508150
800425698
800343244
800260788
800178330
800095870
800013408
799930944
799848478
799766010
799683540
799601068
799518594
799436118
799353640
799271160
799188678
799106194
799023708
798941220
798858730
798776238
798693744
798611248
798528750
798446250
798363748
798281244
798198738
798116230
798033720
797951208
797868694
797786178
797703660
797621140
797538618
797456094
797373568
797291040
797208510
797125978
797043444
796960908
796878370
796795830
796713288
796630744
796548198
796465650
796383100
796300548
796217994
796135438
796052880
795970320
795887758
795805194
795722628
795640060
795557490
795474918
795392344
795309768
795227190
795144610
795062028
794979444
794896858
794814270
794731680
794649088
794566494
794483898
794401300
794318700
794236098
794153494
794070888
793988280
793905670
793823058
793740444
793657828
793575210
793492590
793409968
793327344
793244718
793162090
793079460
792996828
792914194
792831558
792748920
792666280
792583638
792500994
792418348
792335700
792253050
792170398
792087744
792005088
791922430
791839770
791757108
791674444
791591778
791509110
791426440
791343768
791261094
791178418
791095740
791013060
790930378
790847694
790765008
790682320
790599630
790516938
790434244
790351548
790268850
790186150
790103448
790020744
789938038
789855330
789772620
789689908
789607194
789524478
789441760
789359040
789276318
789193594
789110868
789028140
788945410
788862678
788779944
788697208
788614470
788531730
788448988
788366244
788283498
788200750
788118000
788035248
787952494
787869738
787786980
787704220
787621458
787538694
787455928
787373160
787290390
787207618
787124844
787042068
786959290
786876510
786793728
786710944
786628158
786545370
786462580
786379788
786296994
786214198
786131400
786048600
785965798
785882994
785800188
785717380
785634570
785551758
785468944
785386128
785303310
785220490
785137668
785054844
784972018
784889190
784806360
784723528
784640694
784557858
784475020
784392180
784309338
784226494
784143648
784060800
783977950
783895098
783812244
783729388
783646530
783563670
783480808
783397944
783315078
783232210
783149340
783066468
782983594
782900718
782817840
782734960
782652078
782569194
782486308
782403420
782320530
782237638
782154744
782071848
781988950
781906050
781823148
781740244
781657338
781574430
781491520
781408608
781325694
781242778
781159860
781076940
780994018
780911094
780828168
780745240
780662310
780579378
780496444
780413508
780330570
780247630
780164688
780081744
779998798
779915850
779832900
779749948
779666994
779584038
779501080
779418120
779335158
779252194
779169228
779086260
779003290
778920318
778837344
778754368
778671390
778588410
778505428
778422444
778339458
778256470
778173480
778090488
778007494
777924498
777841500
777758500
777675498
777592494
777509488
777426480
777343470
777260458
777177444
777094428
777011410
776928390
776845368
776762344
776679318
776596290
776513260
776430228
776347194
776264158
776181120
776098080
776015038
775931994
775848948
775765900
775682850
775599798
775516744
775433688
775350630
775267570
775184508
775101444
775018378
774935310
774852240
774769168
774686094
774603018
774519940
774436860
774353778
774270694
774187608
774104520
774021430
773938338
773855244
773772148
773689050
773605950
773522848
773439744
773356638
773273530
773190420
773107308
773024194
772941078
772857960
772774840
772691718
772608594
772525468
772442340
772359210
772276078
772192944
772109808
772026670
771943530
771860388
771777244
771694098
771610950
771527800
771444648
771361494
771278338
771195180
771112020
771028858
770945694
770862528
770779360
770696190
770613018
770529844
770446668
770363490
770280310
770197128
770113944
770030758
769947570
769864380
769781188
769697994
769614798
769531600
769448400
769365198
769281994
769198788
769115580
769032370
768949158
768865944
768782728
768699510
768616290
768533068
768449844
768366618
768283390
768200160
768116928
768033694
767950458
767867220
767783980
767700738
767617494
767534248
767451000
767367750
767284498
767201244
767117988
767034730
766951470
766868208
766784944
766701678
766618410
766535140
766451868
766368594
766285318
766202040
766118760
766035478
765952194
765868908
765785620
765702330
765619038
765535744
765452448
765369150
765285850
765202548
765119244
765035938
764952630
764869320
764786008
764702694
764619378
764536060
764452740
764369418
764286094
764202768
764119440
764036110
763952778
763869444
763786108
763702770
763619430
763536088
763452744
763369398
763286050
763202700
763119348
763035994
762952638
762869280
762785920
762702558
762619194
762535828
762452460
762369090
762285718
762202344
762118968
762035590
761952210
761868828
761785444
761702058
761618670
761535280
761451888
761368494
761285098
761201700
761118300
761034898
760951494
760868088
760784680
760701270
760617858
760534444
760451028
760367610
760284190
760200768
760117344
760033918
759950490
759867060
759783628
759700194
759616758
759533320
759449880
759366438
759282994
759199548
759116100
759032650
758949198
758865744
758782288
758698830
758615370
758531908
758448444
758364978
758281510
758198040
758114568
758031094
757947618
757864140
757780660
757697178
757613694
757530208
757446720
757363230
757279738
757196244
757112748
757029250
756945750
756862248
756778744
756695238
756611730
756528220
756444708
756361194
756277678
756194160
756110640
756027118
755943594
755860068
755776540
755693010
755609478
755525944
755442408
755358870
755275330
755191788
755108244
755024698
754941150
754857600
754774048
754690494
754606938
754523380
754439820
754356258
754272694
754189128
754105560
754021990
753938418
753854844
753771268
753687690
753604110
753520528
753436944
753353358
753269770
753186180
753102588
753018994
752935398
752851800
752768200
752684598
752600994
752517388
752433780
752350170
752266558
752182944
752099328
752015710
751932090
751848468
751764844
751681218
751597590
751513960
751430328
751346694
751263058
751179420
751095780
751012138
750928494
750844848
750761200
750677550
750593898
750510244
750426588
750342930
750259270
750175608
750091944
750008278
749924610
749840940
749757268
749673594
749589918
749506240
749422560
749338878
749255194
749171508
749087820
749004130
748920438
748836744
748753048
748669350
748585650
748501948
748418244
748334538
748250830
748167120
748083408
747999694
747915978
747832260
747748540
747664818
747581094
747497368
747413640
747329910
747246178
747162444
747078708
746994970
746911230
746827488
746743744
746659998
746576250
746492500
746408748
746324994
746241238
746157480
746073720
745989958
745906194
745822428
745738660
745654890
745571118
745487344
745403568
745319790
745236010
745152228
745068444
744984658
744900870
744817080
744733288
744649494
744565698
744481900
744398100
744314298
744230494
744146688
744062880
743979070
743895258
743811444
743727628
743643810
743559990
743476168
743392344
743308518
743224690
743140860
743057028
742973194
742889358
742805520
742721680
742637838
742553994
742470148
742386300
742302450
742218598
742134744
742050888
741967030
741883170
741799308
741715444
741631578
741547710
741463840
741379968
741296094
741212218
741128340
741044460
740960578
740876694
740792808
740708920
740625030
740541138
740457244
740373348
740289450
740205550
740121648
740037744
739953838
739869930
739786020
739702108
739618194
739534278
739450360
739366440
739282518
739198594
739114668
739030740
738946810
738862878
738778944
738695008
738611070
738527130
738443188
738359244
738275298
738191350
738107400
738023448
737939494
737855538
737771580
737687620
737603658
737519694
737435728
737351760
737267790
737183818
737099844
737015868
736931890
736847910
736763928
736679944
736595958
736511970
736427980
736343988
736259994
736175998
736092000
736008000
735923998
735839994
735755988
735671980
735587970
735503958
735419944
735335928
735251910
735167890
735083868
734999844
734915818
734831790
734747760
734663728
734579694
734495658
734411620
734327580
734243538
734159494
734075448
733991400
733907350
733823298
733739244
733655188
733571130
733487070
733403008
733318944
733234878
733150810
733066740
732982668
732898594
732814518
732730440
732646360
732562278
732478194
732394108
732310020
732225930
732141838
732057744
731973648
731889550
731805450
731721348
731637244
731553138
731469030
731384920
731300808
731216694
731132578
731048460
730964340
730880218
730796094
730711968
730627840
730543710
730459578
730375444
730291308
730207170
730123030
730038888
729954744
729870598
729786450
729702300
729618148
729533994
729449838
729365680
729281520
729197358
729113194
729029028
728944860
728860690
728776518
728692344
728608168
728523990
728439810
728355628
728271444
728187258
728103070
728018880
727934688
727850494
727766298
727682100
727597900
727513698
727429494
727345288
727261080
727176870
727092658
727008444
726924228
726840010
726755790
726671568
726587344
726503118
726418890
726334660
726250428
726166194
726081958
725997720
725913480
725829238
725744994
725660748
725576500
725492250
725407998
725323744
725239488
725155230
725070970
724986708
724902444
724818178
724733910
724649640
724565368
724481094
724396818
724312540
724228260
724143978
724059694
723975408
723891120
723806830
723722538
723638244
723553948
723469650
723385350
723301048
723216744
723132438
723048130
722963820
722879508
722795194
722710878
722626560
722542240
722457918
722373594
722289268
722204940
722120610
722036278
721951944
721867608
721783270
721698930
721614588
721530244
721445898
721361550
721277200
721192848
721108494
721024138
720939780
720855420
720771058
720686694
720602328
720517960
720433590
720349218
720264844
720180468
720096090
720011710
719927328
719842944
719758558
719674170
719589780
719505388
719420994
719336598
719252200
719167800
719083398
718998994
718914588
718830180
718745770
718661358
718576944
718492528
718408110
718323690
718239268
718154844
718070418
717985990
717901560
717817128
717732694
717648258
717563820
717479380
717394938
717310494
717226048
717141600
717057150
716972698
716888244
716803788
716719330
716634870
716550408
716465944
716381478
716297010
716212540
716128068
716043594
715959118
715874640
715790160
715705678
715621194
715536708
715452220
715367730
715283238
715198744
715114248
715029750
714945250
714860748
714776244
714691738
714607230
714522720
714438208
714353694
714269178
714184660
714100140
714015618
713931094
713846568
713762040
713677510
713592978
713508444
713423908
713339370
713254830
713170288
713085744
713001198
712916650
712832100
712747548
712662994
712578438
712493880
712409320
712324758
712240194
712155628
712071060
711986490
711901918
711817344
711732768
711648190
711563610
711479028
711394444
711309858
711225270
711140680
711056088
710971494
710886898
710802300
710717700
710633098
710548494
710463888
710379280
710294670
710210058
710125444
710040828
709956210
709871590
709786968
709702344
709617718
709533090
709448460
709363828
709279194
709194558
709109920
709025280
708940638
708855994
708771348
708686700
708602050
708517398
708432744
708348088
708263430
708178770
708094108
708009444
707924778
707840110
707755440
707670768
707586094
707501418
707416740
707332060
707247378
707162694
707078008
706993320
706908630
706823938
706739244
706654548
706569850
706485150
706400448
706315744
706231038
706146330
706061620
705976908
705892194
705807478
705722760
705638040
705553318
705468594
705383868
705299140
705214410
705129678
705044944
704960208
704875470
704790730
704705988
704621244
704536498
704451750
704367000
704282248
704197494
704112738
704027980
703943220
703858458
703773694
703688928
703604160
703519390
703434618
703349844
703265068
703180290
703095510
703010728
702925944
702841158
702756370
702671580
702586788
702501994
702417198
702332400
702247600
702162798
702077994
701993188
701908380
701823570
701738758
701653944
701569128
701484310
701399490
701314668
701229844
701145018
701060190
700975360
700890528
700805694
700720858
700636020
700551180
700466338
700381494
700296648
700211800
700126950
700042098
699957244
699872388
699787530
699702670
699617808
699532944
699448078
699363210
699278340
699193468
699108594
699023718
698938840
698853960
698769078
698684194
698599308
698514420
698429530
698344638
698259744
698174848
698089950
698005050
697920148
697835244
697750338
697665430
697580520
697495608
697410694
697325778
697240860
697155940
697071018
696986094
696901168
696816240
696731310
696646378
696561444
696476508
696391570
696306630
696221688
696136744
696051798
695966850
695881900
695796948
695711994
695627038
695542080
695457120
695372158
695287194
695202228
695117260
695032290
694947318
694862344
694777368
694692390
694607410
694522428
694437444
694352458
694267470
694182480
694097488
694012494
693927498
693842500
693757500
693672498
693587494
693502488
693417480
693332470
693247458
693162444
693077428
692992410
692907390
692822368
692737344
692652318
692567290
692482260
692397228
692312194
692227158
692142120
692057080
691972038
691886994
691801948
691716900
691631850
691546798
691461744
691376688
691291630
691206570
691121508
691036444
690951378
690866310
690781240
690696168
690611094
690526018
690440940
690355860
690270778
690185694
690100608
690015520
689930430
689845338
689760244
689675148
689590050
689504950
689419848
689334744
689249638
689164530
689079420
688994308
688909194
688824078
688738960
688653840
688568718
688483594
688398468
688313340
688228210
688143078
688057944
687972808
687887670
687802530
687717388
687632244
687547098
687461950
687376800
687291648
687206494
687121338
687036180
686951020
686865858
686780694
686695528
686610360
686525190
686440018
686354844
686269668
686184490
686099310
686014128
685928944
685843758
685758570
685673380
685588188
685502994
685417798
685332600
685247400
685162198
685076994
684991788
684906580
684821370
684736158
684650944
684565728
684480510
684395290
684310068
684224844
684139618
684054390
683969160
683883928
683798694
683713458
683628220
683542980
683457738
683372494
683287248
683202000
683116750
683031498
682946244
682860988
682775730
682690470
682605208
682519944
682434678
682349410
682264140
682178868
682093594
682008318
681923040
681837760
681752478
681667194
681581908
681496620
681411330
681326038
681240744
681155448
681070150
680984850
680899548
680814244
680728938
680643630
680558320
680473008
680387694
680302378
680217060
680131740
680046418
679961094
679875768
679790440
679705110
679619778
679534444
679449108
679363770
679278430
679193088
679107744
679022398
678937050
678851700
678766348
678680994
678595638
678510280
678424920
678339558
678254194
678168828
678083460
677998090
677912718
677827344
677741968
677656590
677571210
677485828
677400444
677315058
677229670
677144280
677058888
676973494
676888098
676802700
676717300
676631898
676546494
676461088
676375680
676290270
676204858
676119444
676034028
675948610
675863190
675777768
675692344
675606918
675521490
675436060
675350628
675265194
675179758
675094320
675008880
674923438
674837994
674752548
674667100
674581650
674496198
674410744
674325288
674239830
674154370
674068908
673983444
673897978
673812510
673727040
673641568
673556094
673470618
673385140
673299660
673214178
673128694
673043208
672957720
672872230
672786738
672701244
672615748
672530250
672444750
672359248
672273744
672188238
672102730
672017220
671931708
671846194
671760678
671675160
671589640
671504118
671418594
671333068
671247540
671162010
671076478
670990944
670905408
670819870
670734330
670648788
670563244
670477698
670392150
670306600
670221048
670135494
670049938
669964380
669878820
669793258
669707694
669622128
669536560
669450990
669365418
669279844
669194268
669108690
669023110
668937528
668851944
668766358
668680770
668595180
668509588
668423994
668338398
668252800
668167200
668081598
667995994
667910388
667824780
667739170
667653558
667567944
667482328
667396710
667311090
667225468
667139844
667054218
666968590
666882960
666797328
666711694
666626058
666540420
666454780
666369138
666283494
666197848
666112200
666026550
665940898
665855244
665769588
665683930
665598270
665512608
665426944
665341278
665255610
665169940
665084268
664998594
664912918
664827240
664741560
664655878
664570194
664484508
664398820
664313130
664227438
664141744
664056048
663970350
663884650
663798948
663713244
663627538
663541830
663456120
663370408
663284694
663198978
663113260
663027540
662941818
662856094
662770368
662684640
662598910
662513178
662427444
662341708
662255970
662170230
662084488
661998744
661912998
661827250
661741500
661655748
661569994
661484238
661398480
661312720
661226958
661141194
661055428
660969660
660883890
660798118
660712344
660626568
660540790
660455010
660369228
660283444
660197658
660111870
660026080
659940288
659854494
659768698
659682900
659597100
659511298
659425494
659339688
659253880
659168070
659082258
658996444
658910628
658824810
658738990
658653168
658567344
658481518
658395690
658309860
658224028
658138194
658052358
657966520
657880680
657794838
657708994
657623148
657537300
657451450
657365598
657279744
657193888
657108030
657022170
656936308
656850444
656764578
656678710
656592840
656506968
656421094
656335218
656249340
656163460
656077578
655991694
655905808
655819920
655734030
655648138
655562244
655476348
655390450
655304550
655218648
655132744
655046838
654960930
654875020
654789108
654703194
654617278
654531360
654445440
654359518
654273594
654187668
654101740
654015810
653929878
653843944
653758008
653672070
653586130
653500188
653414244
653328298
653242350
653156400
653070448
652984494
652898538
652812580
652726620
652640658
652554694
652468728
652382760
652296790
652210818
652124844
652038868
651952890
651866910
651780928
651694944
651608958
651522970
651436980
651350988
651264994
651178998
651093000
651007000
650920998
650834994
650748988
650662980
650576970
650490958
650404944
650318928
650232910
650146890
650060868
649974844
649888818
649802790
649716760
649630728
649544694
649458658
649372620
649286580
649200538
649114494
649028448
648942400
648856350
648770298
648684244
648598188
648512130
648426070
648340008
648253944
648167878
648081810
647995740
647909668
647823594
647737518
647651440
647565360
647479278
647393194
647307108
647221020
647134930
647048838
646962744
646876648
646790550
646704450
646618348
646532244
646446138
646360030
646273920
646187808
646101694
646015578
645929460
645843340
645757218
645671094
645584968
645498840
645412710
645326578
645240444
645154308
645068170
644982030
644895888
644809744
644723598
644637450
644551300
644465148
644378994
644292838
644206680
644120520
644034358
643948194
643862028
643775860
643689690
643603518
643517344
643431168
643344990
643258810
643172628
643086444
643000258
642914070
642827880
642741688
642655494
642569298
642483100
642396900
642310698
642224494
642138288
642052080
641965870
641879658
641793444
641707228
641621010
641534790
641448568
641362344
641276118
641189890
641103660
641017428
640931194
640844958
640758720
640672480
640586238
640499994
640413748
640327500
640241250
640154998
640068744
639982488
639896230
639809970
639723708
639637444
639551178
639464910
639378640
639292368
639206094
639119818
639033540
638947260
638860978
638774694
638688408
638602120
638515830
638429538
638343244
638256948
638170650
638084350
637998048
637911744
637825438
637739130
637652820
637566508
637480194
637393878
637307560
637221240
637134918
637048594
636962268
636875940
636789610
636703278
636616944
636530608
636444270
636357930
636271588
636185244
636098898
636012550
635926200
635839848
635753494
635667138
635580780
635494420
635408058
635321694
635235328
635148960
635062590
634976218
634889844
634803468
634717090
634630710
634544328
634457944
634371558
634285170
634198780
634112388
634025994
633939598
633853200
633766800
633680398
633593994
633507588
633421180
633334770
633248358
633161944
633075528
632989110
632902690
632816268
632729844
632643418
632556990
632470560
632384128
632297694
632211258
632124820
632038380
631951938
631865494
631779048
631692600
631606150
631519698
631433244
631346788
631260330
631173870
631087408
631000944
630914478
630828010
630741540
630655068
630568594
630482118
630395640
630309160
630222678
630136194
630049708
629963220
629876730
629790238
629703744
629617248
629530750
629444250
629357748
629271244
629184738
629098230
629011720
628925208
628838694
628752178
628665660
628579140
628492618
628406094
628319568
628233040
628146510
628059978
627973444
627886908
627800370
627713830
627627288
627540744
627454198
627367650
627281100
627194548
627107994
627021438
626934880
626848320
626761758
626675194
626588628
626502060
626415490
626328918
626242344
626155768
626069190
625982610
625896028
625809444
625722858
625636270
625549680
625463088
625376494
625289898
625203300
625116700
625030098
624943494
624856888
624770280
624683670
624597058
624510444
624423828
624337210
624250590
624163968
624077344
623990718
623904090
623817460
623730828
623644194
623557558
623470920
623384280
623297638
623210994
623124348
623037700
622951050
622864398
622777744
622691088
622604430
622517770
622431108
622344444
622257778
622171110
622084440
621997768
621911094
621824418
621737740
621651060
621564378
621477694
621391008
621304320
621217630
621130938
621044244
620957548
620870850
620784150
620697448
620610744
620524038
620437330
620350620
620263908
620177194
620090478
620003760
619917040
619830318
619743594
619656868
619570140
619483410
619396678
619309944
619223208
619136470
619049730
618962988
618876244
618789498
618702750
618616000
618529248
618442494
618355738
618268980
618182220
618095458
618008694
617921928
617835160
617748390
617661618
617574844
617488068
617401290
617314510
617227728
617140944
617054158
616967370
616880580
616793788
616706994
616620198
616533400
616446600
616359798
616272994
616186188
616099380
616012570
615925758
615838944
615752128
615665310
615578490
615491668
615404844
615318018
615231190
615144360
615057528
614970694
614883858
614797020
614710180
614623338
614536494
614449648
614362800
614275950
614189098
614102244
614015388
613928530
613841670
613754808
613667944
613581078
613494210
613407340
613320468
613233594
613146718
613059840
612972960
612886078
612799194
612712308
612625420
612538530
612451638
612364744
612277848
612190950
612104050
612017148
611930244
611843338
611756430
611669520
611582608
611495694
611408778
611321860
611234940
611148018
611061094
610974168
610887240
610800310
610713378
610626444
610539508
610452570
610365630
610278688
610191744
610104798
610017850
609930900
609843948
609756994
609670038
609583080
609496120
609409158
609322194
609235228
609148260
609061290
608974318
608887344
608800368
608713390
608626410
608539428
608452444
608365458
608278470
608191480
608104488
608017494
607930498
607843500
607756500
607669498
607582494
607495488
607408480
607321470
607234458
607147444
607060428
606973410
606886390
606799368
606712344
606625318
606538290
606451260
606364228
606277194
606190158
606103120
606016080
605929038
605841994
605754948
605667900
605580850
605493798
605406744
605319688
605232630
605145570
605058508
604971444
604884378
604797310
604710240
604623168
604536094
604449018
604361940
604274860
604187778
604100694
604013608
603926520
603839430
603752338
603665244
603578148
603491050
603403950
603316848
603229744
603142638
603055530
602968420
602881308
602794194
602707078
602619960
602532840
602445718
602358594
602271468
602184340
602097210
602010078
601922944
601835808
601748670
601661530
601574388
601487244
601400098
601312950
601225800
601138648
601051494
600964338
600877180
600790020
600702858
600615694
600528528
600441360
600354190
600267018
600179844
600092668
600005490
599918310
599831128
599743944
599656758
599569570
599482380
599395188
599307994
599220798
599133600
599046400
598959198
598871994
598784788
598697580
598610370
598523158
598435944
598348728
598261510
598174290
598087068
597999844
597912618
597825390
597738160
597650928
597563694
597476458
597389220
597301980
597214738
597127494
597040248
596953000
596865750
596778498
596691244
596603988
596516730
596429470
596342208
596254944
596167678
596080410
595993140
595905868
595818594
595731318
595644040
595556760
595469478
595382194
595294908
595207620
595120330
595033038
594945744
594858448
594771150
594683850
594596548
594509244
594421938
594334630
594247320
594160008
594072694
593985378
593898060
593810740
593723418
593636094
593548768
593461440
593374110
593286778
593199444
593112108
593024770
592937430
592850088
592762744
592675398
592588050
592500700
592413348
592325994
592238638
592151280
592063920
591976558
591889194
591801828
591714460
591627090
591539718
591452344
591364968
591277590
591190210
591102828
591015444
590928058
590840670
590753280
590665888
590578494
590491098
590403700
590316300
590228898
590141494
590054088
589966680
589879270
589791858
589704444
589617028
589529610
589442190
589354768
589267344
589179918
589092490
589005060
588917628
588830194
588742758
588655320
588567880
588480438
588392994
588305548
588218100
588130650
588043198
587955744
587868288
587780830
587693370
587605908
587518444
587430978
587343510
587256040
587168568
587081094
586993618
586906140
586818660
586731178
586643694
586556208
586468720
586381230
586293738
586206244
586118748
586031250
585943750
585856248
585768744
585681238
585593730
585506220
585418708
585331194
585243678
585156160
585068640
584981118
584893594
584806068
584718540
584631010
584543478
584455944
584368408
584280870
584193330
584105788
584018244
583930698
583843150
583755600
583668048
583580494
583492938
583405380
583317820
583230258
583142694
583055128
582967560
582879990
582792418
582704844
582617268
582529690
582442110
582354528
582266944
582179358
582091770
582004180
581916588
581828994
581741398
581653800
581566200
581478598
581390994
581303388
581215780
581128170
581040558
580952944
580865328
580777710
580690090
580602468
580514844
580427218
580339590
580251960
580164328
580076694
579989058
579901420
579813780
579726138
579638494
579550848
579463200
579375550
579287898
579200244
579112588
579024930
578937270
578849608
578761944
578674278
578586610
578498940
578411268
578323594
578235918
578148240
578060560
577972878
577885194
577797508
577709820
577622130
577534438
577446744
577359048
577271350
577183650
577095948
577008244
576920538
576832830
576745120
576657408
576569694
576481978
576394260
576306540
576218818
576131094
576043368
575955640
575867910
575780178
575692444
575604708
575516970
575429230
575341488
575253744
575165998
575078250
574990500
574902748
574814994
574727238
574639480
574551720
574463958
574376194
574288428
574200660
574112890
574025118
573937344
573849568
573761790
573674010
573586228
573498444
573410658
573322870
573235080
573147288
573059494
572971698
572883900
572796100
572708298
572620494
572532688
572444880
572357070
572269258
572181444
572093628
572005810
571917990
571830168
571742344
571654518
571566690
571478860
571391028
571303194
571215358
571127520
571039680
570951838
570863994
570776148
570688300
570600450
570512598
570424744
570336888
570249030
570161170
570073308
569985444
569897578
569809710
569721840
569633968
569546094
569458218
569370340
569282460
569194578
569106694
569018808
568930920
568843030
568755138
568667244
568579348
568491450
568403550
568315648
568227744
568139838
568051930
567964020
567876108
567788194
567700278
567612360
567524440
567436518
567348594
567260668
567172740
567084810
566996878
566908944
566821008
566733070
566645130
566557188
566469244
566381298
566293350
566205400
566117448
566029494
565941538
565853580
565765620
565677658
565589694
565501728
565413760
565325790
565237818
565149844
565061868
564973890
564885910
564797928
564709944
564621958
564533970
564445980
564357988
564269994
564181998
564094000
564006000
563917998
563829994
563741988
563653980
563565970
563477958
563389944
563301928
563213910
563125890
563037868
562949844
562861818
562773790
562685760
562597728
562509694
562421658
562333620
562245580
562157538
562069494
561981448
561893400
561805350
561717298
561629244
561541188
561453130
561365070
561277008
561188944
561100878
561012810
560924740
560836668
560748594
560660518
560572440
560484360
560396278
560308194
560220108
560132020
560043930
559955838
559867744
559779648
559691550
559603450
559515348
559427244
559339138
559251030
559162920
559074808
558986694
558898578
558810460
558722340
558634218
558546094
558457968
558369840
558281710
558193578
558105444
558017308
557929170
557841030
557752888
557664744
557576598
557488450
557400300
557312148
557223994
557135838
557047680
556959520
556871358
556783194
556695028
556606860
556518690
556430518
556342344
556254168
556165990
556077810
555989628
555901444
555813258
555725070
555636880
555548688
555460494
555372298
555284100
555195900
555107698
555019494
554931288
554843080
554754870
554666658
554578444
554490228
554402010
554313790
554225568
554137344
554049118
553960890
553872660
553784428
553696194
553607958
553519720
553431480
553343238
553254994
553166748
553078500
552990250
552901998
552813744
552725488
552637230
552548970
552460708
552372444
552284178
552195910
552107640
552019368
551931094
551842818
551754540
551666260
551577978
551489694
551401408
551313120
551224830
551136538
551048244
550959948
550871650
550783350
550695048
550606744
550518438
550430130
550341820
550253508
550165194
550076878
549988560
549900240
549811918
549723594
549635268
549546940
549458610
549370278
549281944
549193608
549105270
549016930
548928588
548840244
548751898
548663550
548575200
548486848
548398494
548310138
548221780
548133420
548045058
547956694
547868328
547779960
547691590
547603218
547514844
547426468
547338090
547249710
547161328
547072944
546984558
546896170
546807780
546719388
546630994
546542598
546454200
546365800
546277398
546188994
546100588
546012180
545923770
545835358
545746944
545658528
545570110
545481690
545393268
545304844
545216418
545127990
545039560
544951128
544862694
544774258
544685820
544597380
544508938
544420494
544332048
544243600
544155150
544066698
543978244
543889788
543801330
543712870
543624408
543535944
543447478
543359010
543270540
543182068
543093594
543005118
542916640
542828160
542739678
542651194
542562708
542474220
542385730
542297238
542208744
542120248
542031750
541943250
541854748
541766244
541677738
541589230
541500720
541412208
541323694
541235178
541146660
541058140
540969618
540881094
540792568
540704040
540615510
540526978
540438444
540349908
540261370
540172830
540084288
539995744
539907198
539818650
539730100
539641548
539552994
539464438
539375880
539287320
539198758
539110194
539021628
538933060
538844490
538755918
538667344
538578768
538490190
538401610
538313028
538224444
538135858
538047270
537958680
537870088
537781494
537692898
537604300
537515700
537427098
537338494
537249888
537161280
537072670
536984058
536895444
536806828
536718210
536629590
536540968
536452344
536363718
536275090
536186460
536097828
536009194
535920558
535831920
535743280
535654638
535565994
535477348
535388700
535300050
535211398
535122744
535034088
534945430
534856770
534768108
534679444
534590778
534502110
534413440
534324768
534236094
534147418
534058740
533970060
533881378
533792694
533704008
533615320
533526630
533437938
533349244
533260548
533171850
533083150
532994448
532905744
532817038
532728330
532639620
532550908
532462194
532373478
532284760
532196040
532107318
532018594
531929868
531841140
531752410
531663678
531574944
531486208
531397470
531308730
531219988
531131244
531042498
530953750
530865000
530776248
530687494
530598738
530509980
530421220
530332458
530243694
530154928
530066160
529977390
529888618
529799844
529711068
529622290
529533510
529444728
529355944
529267158
529178370
529089580
529000788
528911994
528823198
528734400
528645600
528556798
528467994
528379188
528290380
528201570
528112758
528023944
527935128
527846310
527757490
527668668
527579844
527491018
527402190
527313360
527224528
527135694
527046858
526958020
526869180
526780338
526691494
526602648
526513800
526424950
526336098
526247244
526158388
526069530
525980670
525891808
525802944
525714078
525625210
525536340
525447468
525358594
525269718
525180840
525091960
525003078
524914194
524825308
524736420
524647530
524558638
524469744
524380848
524291950
524203050
524114148
524025244
523936338
523847430
523758520
523669608
523580694
523491778
523402860
523313940
523225018
523136094
523047168
522958240
522869310
522780378
522691444
522602508
522513570
522424630
522335688
522246744
522157798
522068850
521979900
521890948
521801994
521713038
521624080
521535120
521446158
521357194
521268228
521179260
521090290
521001318
520912344
520823368
520734390
520645410
520556428
520467444
520378458
520289470
520200480
520111488
520022494
519933498
519844500
519755500
519666498
519577494
519488488
519399480
519310470
519221458
519132444
519043428
518954410
518865390
518776368
518687344
518598318
518509290
518420260
518331228
518242194
518153158
518064120
517975080
517886038
517796994
517707948
517618900
517529850
517440798
517351744
517262688
517173630
517084570
516995508
516906444
516817378
516728310
516639240
516550168
516461094
516372018
516282940
516193860
516104778
516015694
515926608
515837520
515748430
515659338
515570244
515481148
515392050
515302950
515213848
515124744
515035638
514946530
514857420
514768308
514679194
514590078
514500960
514411840
514322718
514233594
514144468
514055340
513966210
513877078
513787944
513698808
513609670
513520530
513431388
513342244
513253098
513163950
513074800
512985648
512896494
512807338
512718180
512629020
512539858
512450694
512361528
512272360
512183190
512094018
512004844
511915668
511826490
511737310
511648128
511558944
511469758
511380570
511291380
511202188
511112994
511023798
510934600
510845400
510756198
510666994
510577788
510488580
510399370
510310158
510220944
510131728
510042510
509953290
509864068
509774844
509685618
509596390
509507160
509417928
509328694
509239458
509150220
509060980
508971738
508882494
508793248
508704000
508614750
508525498
508436244
508346988
508257730
508168470
508079208
507989944
507900678
507811410
507722140
507632868
507543594
507454318
507365040
507275760
507186478
507097194
507007908
506918620
506829330
506740038
506650744
506561448
506472150
506382850
506293548
506204244
506114938
506025630
505936320
505847008
505757694
505668378
505579060
505489740
505400418
505311094
505221768
505132440
505043110
504953778
504864444
504775108
504685770
504596430
504507088
504417744
504328398
504239050
504149700
504060348
503970994
503881638
503792280
503702920
503613558
503524194
503434828
503345460
503256090
503166718
503077344
502987968
502898590
502809210
502719828
502630444
502541058
502451670
502362280
502272888
502183494
502094098
502004700
501915300
501825898
501736494
501647088
501557680
501468270
501378858
501289444
501200028
501110610
501021190
500931768
500842344
500752918
500663490
500574060
500484628
500395194
500305758
500216320
500126880
500037438
499947994
499858548
499769100
499679650
499590198
499500744
499411288
499321830
499232370
499142908
499053444
498963978
498874510
498785040
498695568
498606094
498516618
498427140
498337660
498248178
498158694
498069208
497979720
497890230
497800738
497711244
497621748
497532250
497442750
497353248
497263744
497174238
497084730
496995220
496905708
496816194
496726678
496637160
496547640
496458118
496368594
496279068
496189540
496100010
496010478
495920944
495831408
495741870
495652330
495562788
495473244
495383698
495294150
495204600
495115048
495025494
494935938
494846380
494756820
494667258
494577694
494488128
494398560
494308990
494219418
494129844
494040268
493950690
493861110
493771528
493681944
493592358
493502770
493413180
493323588
493233994
493144398
493054800
492965200
492875598
492785994
492696388
492606780
492517170
492427558
492337944
492248328
492158710
492069090
491979468
491889844
491800218
491710590
491620960
491531328
491441694
491352058
491262420
491172780
491083138
490993494
490903848
490814200
490724550
490634898
490545244
490455588
490365930
490276270
490186608
490096944
490007278
489917610
489827940
489738268
489648594
489558918
489469240
489379560
489289878
489200194
489110508
489020820
488931130
488841438
488751744
488662048
488572350
488482650
488392948
488303244
488213538
488123830
488034120
487944408
487854694
487764978
487675260
487585540
487495818
487406094
487316368
487226640
487136910
487047178
486957444
486867708
486777970
486688230
486598488
486508744
486418998
486329250
486239500
486149748
486059994
485970238
485880480
485790720
485700958
485611194
485521428
485431660
485341890
485252118
485162344
485072568
484982790
484893010
484803228
484713444
484623658
484533870
484444080
484354288
484264494
484174698
484084900
483995100
483905298
483815494
483725688
483635880
483546070
483456258
483366444
483276628
483186810
483096990
483007168
482917344
482827518
482737690
482647860
482558028
482468194
482378358
482288520
482198680
482108838
482018994
481929148
481839300
481749450
481659598
481569744
481479888
481390030
481300170
481210308
481120444
481030578
480940710
480850840
480760968
480671094
480581218
480491340
480401460
480311578
480221694
480131808
480041920
479952030
479862138
479772244
479682348
479592450
479502550
479412648
479322744
479232838
479142930
479053020
478963108
478873194
478783278
478693360
478603440
478513518
478423594
478333668
478243740
478153810
478063878
477973944
477884008
477794070
477704130
477614188
477524244
477434298
477344350
477254400
477164448
477074494
476984538
476894580
476804620
476714658
476624694
476534728
476444760
476354790
476264818
476174844
476084868
475994890
475904910
475814928
475724944
475634958
475544970
475454980
475364988
475274994
475184998
475095000
475005000
474914998
474824994
474734988
474644980
474554970
474464958
474374944
474284928
474194910
474104890
474014868
473924844
473834818
473744790
473654760
473564728
473474694
473384658
473294620
473204580
473114538
473024494
472934448
472844400
472754350
472664298
472574244
472484188
472394130
472304070
472214008
472123944
472033878
471943810
471853740
471763668
471673594
471583518
471493440
471403360
471313278
471223194
471133108
471043020
470952930
470862838
470772744
470682648
470592550
470502450
470412348
470322244
470232138
470142030
470051920
469961808
469871694
469781578
469691460
469601340
469511218
469421094
469330968
469240840
469150710
469060578
468970444
468880308
468790170
468700030
468609888
468519744
468429598
468339450
468249300
468159148
468068994
467978838
467888680
467798520
467708358
467618194
467528028
467437860
467347690
467257518
467167344
467077168
466986990
466896810
466806628
466716444
466626258
466536070
466445880
466355688
466265494
466175298
466085100
465994900
465904698
465814494
465724288
465634080
465543870
465453658
465363444
465273228
465183010
465092790
465002568
464912344
464822118
464731890
464641660
464551428
464461194
464370958
464280720
464190480
464100238
464009994
463919748
463829500
463739250
463648998
463558744
463468488
463378230
463287970
463197708
463107444
463017178
462926910
462836640
462746368
462656094
462565818
462475540
462385260
462294978
462204694
462114408
462024120
461933830
461843538
461753244
461662948
461572650
461482350
461392048
461301744
461211438
461121130
461030820
460940508
460850194
460759878
460669560
460579240
460488918
460398594
460308268
460217940
460127610
460037278
459946944
459856608
459766270
459675930
459585588
459495244
459404898
459314550
459224200
459133848
459043494
458953138
458862780
458772420
458682058
458591694
458501328
458410960
458320590
458230218
458139844
458049468
457959090
457868710
457778328
457687944
457597558
457507170
457416780
457326388
457235994
457145598
457055200
456964800
456874398
456783994
456693588
456603180
456512770
456422358
456331944
456241528
456151110
456060690
455970268
455879844
455789418
455698990
455608560
455518128
455427694
455337258
455246820
455156380
455065938
454975494
454885048
454794600
454704150
454613698
454523244
454432788
454342330
454251870
454161408
454070944
453980478
453890010
453799540
453709068
453618594
453528118
453437640
453347160
453256678
453166194
453075708
452985220
452894730
452804238
452713744
452623248
452532750
452442250
452351748
452261244
452170738
452080230
451989720
451899208
451808694
451718178
451627660
451537140
451446618
451356094
451265568
451175040
451084510
450993978
450903444
450812908
450722370
450631830
450541288
450450744
450360198
450269650
450179100
450088548
449997994
449907438
449816880
449726320
449635758
449545194
449454628
449364060
449273490
449182918
449092344
449001768
448911190
448820610
448730028
448639444
448548858
448458270
448367680
448277088
448186494
448095898
448005300
447914700
447824098
447733494
447642888
447552280
447461670
447371058
447280444
447189828
447099210
447008590
446917968
446827344
446736718
446646090
446555460
446464828
446374194
446283558
446192920
446102280
446011638
445920994
445830348
445739700
445649050
445558398
445467744
445377088
445286430
445195770
445105108
445014444
444923778
444833110
444742440
444651768
444561094
444470418
444379740
444289060
444198378
444107694
444017008
443926320
443835630
443744938
443654244
443563548
443472850
443382150
443291448
443200744
443110038
443019330
442928620
442837908
442747194
442656478
442565760
442475040
442384318
442293594
442202868
442112140
442021410
441930678
441839944
441749208
441658470
441567730
441476988
441386244
441295498
441204750
441114000
441023248
440932494
440841738
440750980
440660220
440569458
440478694
440387928
440297160
440206390
440115618
440024844
439934068
439843290
439752510
439661728
439570944
439480158
439389370
439298580
439207788
439116994
439026198
438935400
438844600
438753798
438662994
438572188
438481380
438390570
438299758
438208944
438118128
438027310
437936490
437845668
437754844
437664018
437573190
437482360
437391528
437300694
437209858
437119020
437028180
436937338
436846494
436755648
436664800
436573950
436483098
436392244
436301388
436210530
436119670
436028808
435937944
435847078
435756210
435665340
435574468
435483594
435392718
435301840
435210960
435120078
435029194
434938308
434847420
434756530
434665638
434574744
434483848
434392950
434302050
434211148
434120244
434029338
433938430
433847520
433756608
433665694
433574778
433483860
433392940
433302018
433211094
433120168
433029240
432938310
432847378
432756444
432665508
432574570
432483630
432392688
432301744
432210798
432119850
432028900
431937948
431846994
431756038
431665080
431574120
431483158
431392194
431301228
431210260
431119290
431028318
430937344
430846368
430755390
430664410
430573428
430482444
430391458
430300470
430209480
430118488
430027494
429936498
429845500
429754500
429663498
429572494
429481488
429390480
429299470
429208458
429117444
429026428
428935410
428844390
428753368
428662344
428571318
428480290
428389260
428298228
428207194
428116158
428025120
427934080
427843038
427751994
427660948
427569900
427478850
427387798
427296744
427205688
427114630
427023570
426932508
426841444
426750378
426659310
426568240
426477168
426386094
426295018
426203940
426112860
426021778
425930694
425839608
425748520
425657430
425566338
425475244
425384148
425293050
425201950
425110848
425019744
424928638
424837530
424746420
424655308
424564194
424473078
424381960
424290840
424199718
424108594
424017468
423926340
423835210
423744078
423652944
423561808
423470670
423379530
423288388
423197244
423106098
423014950
422923800
422832648
422741494
422650338
422559180
422468020
422376858
422285694
422194528
422103360
422012190
421921018
421829844
421738668
421647490
421556310
421465128
421373944
421282758
421191570
421100380
421009188
420917994
420826798
420735600
420644400
420553198
420461994
420370788
420279580
420188370
420097158
420005944
419914728
419823510
419732290
419641068
419549844
419458618
419367390
419276160
419184928
419093694
419002458
418911220
418819980
418728738
418637494
418546248
418455000
418363750
418272498
418181244
418089988
417998730
417907470
417816208
417724944
417633678
417542410
417451140
417359868
417268594
417177318
417086040
416994760
416903478
416812194
416720908
416629620
416538330
416447038
416355744
416264448
416173150
416081850
415990548
415899244
415807938
415716630
415625320
415534008
415442694
415351378
415260060
415168740
415077418
414986094
414894768
414803440
414712110
414620778
414529444
414438108
414346770
414255430
414164088
414072744
413981398
413890050
413798700
413707348
413615994
413524638
413433280
413341920
413250558
413159194
413067828
412976460
412885090
412793718
412702344
412610968
412519590
412428210
412336828
412245444
412154058
412062670
411971280
411879888
411788494
411697098
411605700
411514300
411422898
411331494
411240088
411148680
411057270
410965858
410874444
410783028
410691610
410600190
410508768
410417344
410325918
410234490
410143060
410051628
409960194
409868758
409777320
409685880
409594438
409502994
409411548
409320100
409228650
409137198
409045744
408954288
408862830
408771370
408679908
408588444
408496978
408405510
408314040
408222568
408131094
408039618
407948140
407856660
407765178
407673694
407582208
407490720
407399230
407307738
407216244
407124748
407033250
406941750
406850248
406758744
406667238
406575730
406484220
406392708
406301194
406209678
406118160
406026640
405935118
405843594
405752068
405660540
405569010
405477478
405385944
405294408
405202870
405111330
405019788
404928244
404836698
404745150
404653600
404562048
404470494
404378938
404287380
404195820
404104258
404012694
403921128
403829560
403737990
403646418
403554844
403463268
403371690
403280110
403188528
403096944
403005358
402913770
402822180
402730588
402638994
402547398
402455800
402364200
402272598
402180994
402089388
401997780
401906170
401814558
401722944
401631328
401539710
401448090
401356468
401264844
401173218
401081590
400989960
400898328
400806694
400715058
400623420
400531780
400440138
400348494
400256848
400165200
400073550
399981898
399890244
399798588
399706930
399615270
399523608
399431944
399340278
399248610
399156940
399065268
398973594
398881918
398790240
398698560
398606878
398515194
398423508
398331820
398240130
398148438
398056744
397965048
397873350
397781650
397689948
397598244
397506538
397414830
397323120
397231408
397139694
397047978
396956260
396864540
396772818
396681094
396589368
396497640
396405910
396314178
396222444
396130708
396038970
395947230
395855488
395763744
395671998
395580250
395488500
395396748
395304994
395213238
395121480
395029720
394937958
394846194
394754428
394662660
394570890
394479118
394387344
394295568
394203790
394112010
394020228
393928444
393836658
393744870
393653080
393561288
393469494
393377698
393285900
393194100
393102298
393010494
392918688
392826880
392735070
392643258
392551444
392459628
392367810
392275990
392184168
392092344
392000518
391908690
391816860
391725028
391633194
391541358
391449520
391357680
391265838
391173994
391082148
390990300
390898450
390806598
390714744
390622888
390531030
390439170
390347308
390255444
390163578
390071710
389979840
389887968
389796094
389704218
389612340
389520460
389428578
389336694
389244808
389152920
389061030
388969138
388877244
388785348
388693450
388601550
388509648
388417744
388325838
388233930
388142020
388050108
387958194
387866278
387774360
387682440
387590518
387498594
387406668
387314740
387222810
387130878
387038944
386947008
386855070
386763130
386671188
386579244
386487298
386395350
386303400
386211448
386119494
386027538
385935580
385843620
385751658
385659694
385567728
385475760
385383790
385291818
385199844
385107868
385015890
384923910
384831928
384739944
384647958
384555970
384463980
384371988
384279994
384187998
384096000
384004000
383911998
383819994
383727988
383635980
383543970
383451958
383359944
383267928
383175910
383083890
382991868
382899844
382807818
382715790
382623760
382531728
382439694
382347658
382255620
382163580
382071538
381979494
381887448
381795400
381703350
381611298
381519244
381427188
381335130
381243070
381151008
381058944
380966878
380874810
380782740
380690668
380598594
380506518
380414440
380322360
380230278
380138194
380046108
379954020
379861930
379769838
379677744
379585648
379493550
379401450
379309348
379217244
379125138
379033030
378940920
378848808
378756694
378664578
378572460
378480340
378388218
378296094
378203968
378111840
378019710
377927578
377835444
377743308
377651170
377559030
377466888
377374744
377282598
377190450
377098300
377006148
376913994
376821838
376729680
376637520
376545358
376453194
376361028
376268860
376176690
376084518
375992344
375900168
375807990
375715810
375623628
375531444
375439258
375347070
375254880
375162688
375070494
374978298
374886100
374793900
374701698
374609494
374517288
374425080
374332870
374240658
374148444
374056228
373964010
373871790
373779568
373687344
373595118
373502890
373410660
373318428
373226194
373133958
373041720
372949480
372857238
372764994
372672748
372580500
372488250
372395998
372303744
372211488
372119230
372026970
371934708
371842444
371750178
371657910
371565640
371473368
371381094
371288818
371196540
371104260
371011978
370919694
370827408
370735120
370642830
370550538
370458244
370365948
370273650
370181350
370089048
369996744
369904438
369812130
369719820
369627508
369535194
369442878
369350560
369258240
369165918
369073594
368981268
368888940
368796610
368704278
368611944
368519608
368427270
368334930
368242588
368150244
368057898
367965550
367873200
367780848
367688494
367596138
367503780
367411420
367319058
367226694
367134328
367041960
366949590
366857218
366764844
366672468
366580090
366487710
366395328
366302944
366210558
366118170
366025780
365933388
365840994
365748598
365656200
365563800
365471398
365378994
365286588
365194180
365101770
365009358
364916944
364824528
364732110
364639690
364547268
364454844
364362418
364269990
364177560
364085128
363992694
363900258
363807820
363715380
363622938
363530494
363438048
363345600
363253150
363160698
363068244
362975788
362883330
362790870
362698408
362605944
362513478
362421010
362328540
362236068
362143594
362051118
361958640
361866160
361773678
361681194
361588708
361496220
361403730
361311238
361218744
361126248
361033750
360941250
360848748
360756244
360663738
360571230
360478720
360386208
360293694
360201178
360108660
360016140
359923618
359831094
359738568
359646040
359553510
359460978
359368444
359275908
359183370
359090830
358998288
358905744
358813198
358720650
358628100
358535548
358442994
358350438
358257880
358165320
358072758
357980194
357887628
357795060
357702490
357609918
357517344
357424768
357332190
357239610
357147028
357054444
356961858
356869270
356776680
356684088
356591494
356498898
356406300
356313700
356221098
356128494
356035888
355943280
355850670
355758058
355665444
355572828
355480210
355387590
355294968
355202344
355109718
355017090
354924460
354831828
354739194
354646558
354553920
354461280
354368638
354275994
354183348
354090700
353998050
353905398
353812744
353720088
353627430
353534770
353442108
353349444
353256778
353164110
353071440
352978768
352886094
352793418
352700740
352608060
352515378
352422694
352330008
352237320
352144630
352051938
351959244
351866548
351773850
351681150
351588448
351495744
351403038
351310330
351217620
351124908
351032194
350939478
350846760
350754040
350661318
350568594
350475868
350383140
350290410
350197678
350104944
350012208
349919470
349826730
349733988
349641244
349548498
349455750
349363000
349270248
349177494
349084738
348991980
348899220
348806458
348713694
348620928
348528160
348435390
348342618
348249844
348157068
348064290
347971510
347878728
347785944
347693158
347600370
347507580
347414788
347321994
347229198
347136400
347043600
346950798
346857994
346765188
346672380
346579570
346486758
346393944
346301128
346208310
346115490
346022668
345929844
345837018
345744190
345651360
345558528
345465694
345372858
345280020
345187180
345094338
345001494
344908648
344815800
344722950
344630098
344537244
344444388
344351530
344258670
344165808
344072944
343980078
343887210
343794340
343701468
343608594
343515718
343422840
343329960
343237078
343144194
343051308
342958420
342865530
342772638
342679744
342586848
342493950
342401050
342308148
342215244
342122338
342029430
341936520
341843608
341750694
341657778
341564860
341471940
341379018
341286094
341193168
341100240
341007310
340914378
340821444
340728508
340635570
340542630
340449688
340356744
340263798
340170850
340077900
339984948
339891994
339799038
339706080
339613120
339520158
339427194
339334228
339241260
339148290
339055318
338962344
338869368
338776390
338683410
338590428
338497444
338404458
338311470
338218480
338125488
338032494
337939498
337846500
337753500
337660498
337567494
337474488
337381480
337288470
337195458
337102444
337009428
336916410
336823390
336730368
336637344
336544318
336451290
336358260
336265228
336172194
336079158
335986120
335893080
335800038
335706994
335613948
335520900
335427850
335334798
335241744
335148688
335055630
334962570
334869508
334776444
334683378
334590310
334497240
334404168
334311094
334218018
334124940
334031860
333938778
333845694
333752608
333659520
333566430
333473338
333380244
333287148
333194050
333100950
333007848
332914744
332821638
332728530
332635420
332542308
332449194
332356078
332262960
332169840
332076718
331983594
331890468
331797340
331704210
331611078
331517944
331424808
331331670
331238530
331145388
331052244
330959098
330865950
330772800
330679648
330586494
330493338
330400180
330307020
330213858
330120694
330027528
329934360
329841190
329748018
329654844
329561668
329468490
329375310
329282128
329188944
329095758
329002570
328909380
328816188
328722994
328629798
328536600
328443400
328350198
328256994
328163788
328070580
327977370
327884158
327790944
327697728
327604510
327511290
327418068
327324844
327231618
327138390
327045160
326951928
326858694
326765458
326672220
326578980
326485738
326392494
326299248
326206000
326112750
326019498
325926244
325832988
325739730
325646470
325553208
325459944
325366678
325273410
325180140
325086868
324993594
324900318
324807040
324713760
324620478
324527194
324433908
324340620
324247330
324154038
324060744
323967448
323874150
323780850
323687548
323594244
323500938
323407630
323314320
323221008
323127694
323034378
322941060
322847740
322754418
322661094
322567768
322474440
322381110
322287778
322194444
322101108
322007770
321914430
321821088
321727744
321634398
321541050
321447700
321354348
321260994
321167638
321074280
320980920
320887558
320794194
320700828
320607460
320514090
320420718
320327344
320233968
320140590
320047210
319953828
319860444
319767058
319673670
319580280
319486888
319393494
319300098
319206700
319113300
319019898
318926494
318833088
318739680
318646270
318552858
318459444
318366028
318272610
318179190
318085768
317992344
317898918
317805490
317712060
317618628
317525194
317431758
317338320
317244880
317151438
317057994
316964548
316871100
316777650
316684198
316590744
316497288
316403830
316310370
316216908
316123444
316029978
315936510
315843040
315749568
315656094
315562618
315469140
315375660
315282178
315188694
315095208
315001720
314908230
314814738
314721244
314627748
314534250
314440750
314347248
314253744
314160238
314066730
313973220
313879708
313786194
313692678
313599160
313505640
313412118
313318594
313225068
313131540
313038010
312944478
312850944
312757408
312663870
312570330
312476788
312383244
312289698
312196150
312102600
312009048
311915494
311821938
311728380
311634820
311541258
311447694
311354128
311260560
311166990
311073418
310979844
310886268
310792690
310699110
310605528
310511944
310418358
310324770
310231180
310137588
310043994
309950398
309856800
309763200
309669598
309575994
309482388
309388780
309295170
309201558
309107944
309014328
308920710
308827090
308733468
308639844
308546218
308452590
308358960
308265328
308171694
308078058
307984420
307890780
307797138
307703494
307609848
307516200
307422550
307328898
307235244
307141588
307047930
306954270
306860608
306766944
306673278
306579610
306485940
306392268
306298594
306204918
306111240
306017560
305923878
305830194
305736508
305642820
305549130
305455438
305361744
305268048
305174350
305080650
304986948
304893244
304799538
304705830
304612120
304518408
304424694
304330978
304237260
304143540
304049818
303956094
303862368
303768640
303674910
303581178
303487444
303393708
303299970
303206230
303112488
303018744
302924998
302831250
302737500
302643748
302549994
302456238
302362480
302268720
302174958
302081194
301987428
301893660
301799890
301706118
301612344
301518568
301424790
301331010
301237228
301143444
301049658
300955870
300862080
300768288
300674494
300580698
300486900
300393100
300299298
300205494
300111688
300017880
299924070
299830258
299736444
299642628
299548810
299454990
299361168
299267344
299173518
299079690
298985860
298892028
298798194
298704358
298610520
298516680
298422838
298328994
298235148
298141300
298047450
297953598
297859744
297765888
297672030
297578170
297484308
297390444
297296578
297202710
297108840
297014968
296921094
296827218
296733340
296639460
296545578
296451694
296357808
296263920
296170030
296076138
295982244
295888348
295794450
295700550
295606648
295512744
295418838
295324930
295231020
295137108
295043194
294949278
294855360
294761440
294667518
294573594
294479668
294385740
294291810
294197878
294103944
294010008
293916070
293822130
293728188
293634244
293540298
293446350
293352400
293258448
293164494
293070538
292976580
292882620
292788658
292694694
292600728
292506760
292412790
292318818
292224844
292130868
292036890
291942910
291848928
291754944
291660958
291566970
291472980
291378988
291284994
291190998
291097000
291003000
290908998
290814994
290720988
290626980
290532970
290438958
290344944
290250928
290156910
290062890
289968868
289874844
289780818
289686790
289592760
289498728
289404694
289310658
289216620
289122580
289028538
288934494
288840448
288746400
288652350
288558298
288464244
288370188
288276130
288182070
288088008
287993944
287899878
287805810
287711740
287617668
287523594
287429518
287335440
287241360
287147278
287053194
286959108
286865020
286770930
286676838
286582744
286488648
286394550
286300450
286206348
286112244
286018138
285924030
285829920
285735808
285641694
285547578
285453460
285359340
285265218
285171094
285076968
284982840
284888710
284794578
284700444
284606308
284512170
284418030
284323888
284229744
284135598
284041450
283947300
283853148
283758994
283664838
283570680
283476520
283382358
283288194
283194028
283099860
283005690
282911518
282817344
282723168
282628990
282534810
282440628
282346444
282252258
282158070
282063880
281969688
281875494
281781298
281687100
281592900
281498698
281404494
281310288
281216080
281121870
281027658
280933444
280839228
280745010
280650790
280556568
280462344
280368118
280273890
280179660
280085428
279991194
279896958
279802720
279708480
279614238
279519994
279425748
279331500
279237250
279142998
279048744
278954488
278860230
278765970
278671708
278577444
278483178
278388910
278294640
278200368
278106094
278011818
277917540
277823260
277728978
277634694
277540408
277446120
277351830
277257538
277163244
277068948
276974650
276880350
276786048
276691744
276597438
276503130
276408820
276314508
276220194
276125878
276031560
275937240
275842918
275748594
275654268
275559940
275465610
275371278
275276944
275182608
275088270
274993930
274899588
274805244
274710898
274616550
274522200
274427848
274333494
274239138
274144780
274050420
273956058
273861694
273767328
273672960
273578590
273484218
273389844
273295468
273201090
273106710
273012328
272917944
272823558
272729170
272634780
272540388
272445994
272351598
272257200
272162800
272068398
271973994
271879588
271785180
271690770
271596358
271501944
271407528
271313110
271218690
271124268
271029844
270935418
270840990
270746560
270652128
270557694
270463258
270368820
270274380
270179938
270085494
269991048
269896600
269802150
269707698
269613244
269518788
269424330
269329870
269235408
269140944
269046478
268952010
268857540
268763068
268668594
268574118
268479640
268385160
268290678
268196194
268101708
268007220
267912730
267818238
267723744
267629248
267534750
267440250
267345748
267251244
267156738
267062230
266967720
266873208
266778694
266684178
266589660
266495140
266400618
266306094
266211568
266117040
266022510
265927978
265833444
265738908
265644370
265549830
265455288
265360744
265266198
265171650
265077100
264982548
264887994
264793438
264698880
264604320
264509758
264415194
264320628
264226060
264131490
264036918
263942344
263847768
263753190
263658610
263564028
263469444
263374858
263280270
263185680
263091088
262996494
262901898
262807300
262712700
262618098
262523494
262428888
262334280
262239670
262145058
262050444
261955828
261861210
261766590
261671968
261577344
261482718
261388090
261293460
261198828
261104194
261009558
260914920
260820280
260725638
260630994
260536348
260441700
260347050
260252398
260157744
260063088
259968430
259873770
259779108
259684444
259589778
259495110
259400440
259305768
259211094
259116418
259021740
258927060
258832378
258737694
258643008
258548320
258453630
258358938
258264244
258169548
258074850
257980150
257885448
257790744
257696038
257601330
257506620
257411908
257317194
257222478
257127760
257033040
256938318
256843594
256748868
256654140
256559410
256464678
256369944
256275208
256180470
256085730
255990988
255896244
255801498
255706750
255612000
255517248
255422494
255327738
255232980
255138220
255043458
254948694
254853928
254759160
254664390
254569618
254474844
254380068
254285290
254190510
254095728
254000944
253906158
253811370
253716580
253621788
253526994
253432198
253337400
253242600
253147798
253052994
252958188
252863380
252768570
252673758
252578944
252484128
252389310
252294490
252199668
252104844
252010018
251915190
251820360
251725528
251630694
251535858
251441020
251346180
251251338
251156494
251061648
250966800
250871950
250777098
250682244
250587388
250492530
250397670
250302808
250207944
250113078
250018210
249923340
249828468
249733594
249638718
249543840
249448960
249354078
249259194
249164308
249069420
248974530
248879638
248784744
248689848
248594950
248500050
248405148
248310244
248215338
248120430
248025520
247930608
247835694
247740778
247645860
247550940
247456018
247361094
247266168
247171240
247076310
246981378
246886444
246791508
246696570
246601630
246506688
246411744
246316798
246221850
246126900
246031948
245936994
245842038
245747080
245652120
245557158
245462194
245367228
245272260
245177290
245082318
244987344
244892368
244797390
244702410
244607428
244512444
244417458
244322470
244227480
244132488
244037494
243942498
243847500
243752500
243657498
243562494
243467488
243372480
243277470
243182458
243087444
242992428
242897410
242802390
242707368
242612344
242517318
242422290
242327260
242232228
242137194
242042158
241947120
241852080
241757038
241661994
241566948
241471900
241376850
241281798
241186744
241091688
240996630
240901570
240806508
240711444
240616378
240521310
240426240
240331168
240236094
240141018
240045940
239950860
239855778
239760694
239665608
239570520
239475430
239380338
239285244
239190148
239095050
238999950
238904848
238809744
238714638
238619530
238524420
238429308
238334194
238239078
238143960
238048840
237953718
237858594
237763468
237668340
237573210
237478078
237382944
237287808
237192670
237097530
237002388
236907244
236812098
236716950
236621800
236526648
236431494
236336338
236241180
236146020
236050858
235955694
235860528
235765360
235670190
235575018
235479844
235384668
235289490
235194310
235099128
235003944
234908758
234813570
234718380
234623188
234527994
234432798
234337600
234242400
234147198
234051994
233956788
233861580
233766370
233671158
233575944
233480728
233385510
233290290
233195068
233099844
233004618
232909390
232814160
232718928
232623694
232528458
232433220
232337980
232242738
232147494
232052248
231957000
231861750
231766498
231671244
231575988
231480730
231385470
231290208
231194944
231099678
231004410
230909140
230813868
230718594
230623318
230528040
230432760
230337478
230242194
230146908
230051620
229956330
229861038
229765744
229670448
229575150
229479850
229384548
229289244
229193938
229098630
229003320
228908008
228812694
228717378
228622060
228526740
228431418
228336094
228240768
228145440
228050110
227954778
227859444
227764108
227668770
227573430
227478088
227382744
227287398
227192050
227096700
227001348
226905994
226810638
226715280
226619920
226524558
226429194
226333828
226238460
226143090
226047718
225952344
225856968
225761590
225666210
225570828
225475444
225380058
225284670
225189280
225093888
224998494
224903098
224807700
224712300
224616898
224521494
224426088
224330680
224235270
224139858
224044444
223949028
223853610
223758190
223662768
223567344
223471918
223376490
223281060
223185628
223090194
222994758
222899320
222803880
222708438
222612994
222517548
222422100
222326650
222231198
222135744
222040288
221944830
221849370
221753908
221658444
221562978
221467510
221372040
221276568
221181094
221085618
220990140
220894660
220799178
220703694
220608208
220512720
220417230
220321738
220226244
220130748
220035250
219939750
219844248
219748744
219653238
219557730
219462220
219366708
219271194
219175678
219080160
218984640
218889118
218793594
218698068
218602540
218507010
218411478
218315944
218220408
218124870
218029330
217933788
217838244
217742698
217647150
217551600
217456048
217360494
217264938
217169380
217073820
216978258
216882694
216787128
216691560
216595990
216500418
216404844
216309268
216213690
216118110
216022528
215926944
215831358
215735770
215640180
215544588
215448994
215353398
215257800
215162200
215066598
214970994
214875388
214779780
214684170
214588558
214492944
214397328
214301710
214206090
214110468
214014844
213919218
213823590
213727960
213632328
213536694
213441058
213345420
213249780
213154138
213058494
212962848
212867200
212771550
212675898
212580244
212484588
212388930
212293270
212197608
212101944
212006278
211910610
211814940
211719268
211623594
211527918
211432240
211336560
211240878
211145194
211049508
210953820
210858130
210762438
210666744
210571048
210475350
210379650
210283948
210188244
210092538
209996830
209901120
209805408
209709694
209613978
209518260
209422540
209326818
209231094
209135368
209039640
208943910
208848178
208752444
208656708
208560970
208465230
208369488
208273744
208177998
208082250
207986500
207890748
207794994
207699238
207603480
207507720
207411958
207316194
207220428
207124660
207028890
206933118
206837344
206741568
206645790
206550010
206454228
206358444
206262658
206166870
206071080
205975288
205879494
205783698
205687900
205592100
205496298
205400494
205304688
205208880
205113070
205017258
204921444
204825628
204729810
204633990
204538168
204442344
204346518
204250690
204154860
204059028
203963194
203867358
203771520
203675680
203579838
203483994
203388148
203292300
203196450
203100598
203004744
202908888
202813030
202717170
202621308
202525444
202429578
202333710
202237840
202141968
202046094
201950218
201854340
201758460
201662578
201566694
201470808
201374920
201279030
201183138
201087244
200991348
200895450
200799550
200703648
200607744
200511838
200415930
200320020
200224108
200128194
200032278
199936360
199840440
199744518
199648594
199552668
199456740
199360810
199264878
199168944
199073008
198977070
198881130
198785188
198689244
198593298
198497350
198401400
198305448
198209494
198113538
198017580
197921620
197825658
197729694
197633728
197537760
197441790
197345818
197249844
197153868
197057890
196961910
196865928
196769944
196673958
196577970
196481980
196385988
196289994
196193998
196098000
196002000
195905998
195809994
195713988
195617980
195521970
195425958
195329944
195233928
195137910
195041890
194945868
194849844
194753818
194657790
194561760
194465728
194369694
194273658
194177620
194081580
193985538
193889494
193793448
193697400
193601350
193505298
193409244
193313188
193217130
193121070
193025008
192928944
192832878
192736810
192640740
192544668
192448594
192352518
192256440
192160360
192064278
191968194
191872108
191776020
191679930
191583838
191487744
191391648
191295550
191199450
191103348
191007244
190911138
190815030
190718920
190622808
190526694
190430578
190334460
190238340
190142218
190046094
189949968
189853840
189757710
189661578
189565444
189469308
189373170
189277030
189180888
189084744
188988598
188892450
188796300
188700148
188603994
188507838
188411680
188315520
188219358
188123194
188027028
187930860
187834690
187738518
187642344
187546168
187449990
187353810
187257628
187161444
187065258
186969070
186872880
186776688
186680494
186584298
186488100
186391900
186295698
186199494
186103288
186007080
185910870
185814658
185718444
185622228
185526010
185429790
185333568
185237344
185141118
185044890
184948660
184852428
184756194
184659958
184563720
184467480
184371238
184274994
184178748
184082500
183986250
183889998
183793744
183697488
183601230
183504970
183408708
183312444
183216178
183119910
183023640
182927368
182831094
182734818
182638540
182542260
182445978
182349694
182253408
182157120
182060830
181964538
181868244
181771948
181675650
181579350
181483048
181386744
181290438
181194130
181097820
181001508
180905194
180808878
180712560
180616240
180519918
180423594
180327268
180230940
180134610
180038278
179941944
179845608
179749270
179652930
179556588
179460244
179363898
179267550
179171200
179074848
178978494
178882138
178785780
178689420
178593058
178496694
178400328
178303960
178207590
178111218
178014844
177918468
177822090
177725710
177629328
177532944
177436558
177340170
177243780
177147388
177050994
176954598
176858200
176761800
176665398
176568994
176472588
176376180
176279770
176183358
176086944
175990528
175894110
175797690
175701268
175604844
175508418
175411990
175315560
175219128
175122694
175026258
174929820
174833380
174736938
174640494
174544048
174447600
174351150
174254698
174158244
174061788
173965330
173868870
173772408
173675944
173579478
173483010
173386540
173290068
173193594
173097118
173000640
172904160
172807678
172711194
172614708
172518220
172421730
172325238
172228744
172132248
172035750
171939250
171842748
171746244
171649738
171553230
171456720
171360208
171263694
171167178
171070660
170974140
170877618
170781094
170684568
170588040
170491510
170394978
170298444
170201908
170105370
170008830
169912288
169815744
169719198
169622650
169526100
169429548
169332994
169236438
169139880
169043320
168946758
168850194
168753628
168657060
168560490
168463918
168367344
168270768
168174190
168077610
167981028
167884444
167787858
167691270
167594680
167498088
167401494
167304898
167208300
167111700
167015098
166918494
166821888
166725280
166628670
166532058
166435444
166338828
166242210
166145590
166048968
165952344
165855718
165759090
165662460
165565828
165469194
165372558
165275920
165179280
165082638
164985994
164889348
164792700
164696050
164599398
164502744
164406088
164309430
164212770
164116108
164019444
163922778
163826110
163729440
163632768
163536094
163439418
163342740
163246060
163149378
163052694
162956008
162859320
162762630
162665938
162569244
162472548
162375850
162279150
162182448
162085744
161989038
161892330
161795620
161698908
161602194
161505478
161408760
161312040
161215318
161118594
161021868
160925140
160828410
160731678
160634944
160538208
160441470
160344730
160247988
160151244
160054498
159957750
159861000
159764248
159667494
159570738
159473980
159377220
159280458
159183694
159086928
158990160
158893390
158796618
158699844
158603068
158506290
158409510
158312728
158215944
158119158
158022370
157925580
157828788
157731994
157635198
157538400
157441600
157344798
157247994
157151188
157054380
156957570
156860758
156763944
156667128
156570310
156473490
156376668
156279844
156183018
156086190
155989360
155892528
155795694
155698858
155602020
155505180
155408338
155311494
155214648
155117800
155020950
154924098
154827244
154730388
154633530
154536670
154439808
154342944
154246078
154149210
154052340
153955468
153858594
153761718
153664840
153567960
153471078
153374194
153277308
153180420
153083530
152986638
152889744
152792848
152695950
152599050
152502148
152405244
152308338
152211430
152114520
152017608
151920694
151823778
151726860
151629940
151533018
151436094
151339168
151242240
151145310
151048378
150951444
150854508
150757570
150660630
150563688
150466744
150369798
150272850
150175900
150078948
149981994
149885038
149788080
149691120
149594158
149497194
149400228
149303260
149206290
149109318
149012344
148915368
148818390
148721410
148624428
148527444
148430458
148333470
148236480
148139488
148042494
147945498
147848500
147751500
147654498
147557494
147460488
147363480
147266470
147169458
147072444
146975428
146878410
146781390
146684368
146587344
146490318
146393290
146296260
146199228
146102194
146005158
145908120
145811080
145714038
145616994
145519948
145422900
145325850
145228798
145131744
145034688
144937630
144840570
144743508
144646444
144549378
144452310
144355240
144258168
144161094
144064018
143966940
143869860
143772778
143675694
143578608
143481520
143384430
143287338
143190244
143093148
142996050
142898950
142801848
142704744
142607638
142510530
142413420
142316308
142219194
142122078
142024960
141927840
141830718
141733594
141636468
141539340
141442210
141345078
141247944
141150808
141053670
140956530
140859388
140762244
140665098
140567950
140470800
140373648
140276494
140179338
140082180
139985020
139887858
139790694
139693528
139596360
139499190
139402018
139304844
139207668
139110490
139013310
138916128
138818944
138721758
138624570
138527380
138430188
138332994
138235798
138138600
138041400
137944198
137846994
137749788
137652580
137555370
137458158
137360944
137263728
137166510
137069290
136972068
136874844
136777618
136680390
136583160
136485928
136388694
136291458
136194220
136096980
135999738
135902494
135805248
135708000
135610750
135513498
135416244
135318988
135221730
135124470
135027208
134929944
134832678
134735410
134638140
134540868
134443594
134346318
134249040
134151760
134054478
133957194
133859908
133762620
133665330
133568038
133470744
133373448
133276150
133178850
133081548
132984244
132886938
132789630
132692320
132595008
132497694
132400378
132303060
132205740
132108418
132011094
131913768
131816440
131719110
131621778
131524444
131427108
131329770
131232430
131135088
131037744
130940398
130843050
130745700
130648348
130550994
130453638
130356280
130258920
130161558
130064194
129966828
129869460
129772090
129674718
129577344
129479968
129382590
129285210
129187828
129090444
128993058
128895670
128798280
128700888
128603494
128506098
128408700
128311300
128213898
128116494
128019088
127921680
127824270
127726858
127629444
127532028
127434610
127337190
127239768
127142344
127044918
126947490
126850060
126752628
126655194
126557758
126460320
126362880
126265438
126167994
126070548
125973100
125875650
125778198
125680744
125583288
125485830
125388370
125290908
125193444
125095978
124998510
124901040
124803568
124706094
124608618
124511140
124413660
124316178
124218694
124121208
124023720
123926230
123828738
123731244
123633748
123536250
123438750
123341248
123243744
123146238
123048730
122951220
122853708
122756194
122658678
122561160
122463640
122366118
122268594
122171068
122073540
121976010
121878478
121780944
121683408
121585870
121488330
121390788
121293244
121195698
121098150
121000600
120903048
120805494
120707938
120610380
120512820
120415258
120317694
120220128
120122560
120024990
119927418
119829844
119732268
119634690
119537110
119439528
119341944
119244358
119146770
119049180
118951588
118853994
118756398
118658800
118561200
118463598
118365994
118268388
118170780
118073170
117975558
117877944
117780328
117682710
117585090
117487468
117389844
117292218
117194590
117096960
116999328
116901694
116804058
116706420
116608780
116511138
116413494
116315848
116218200
116120550
116022898
115925244
115827588
115729930
115632270
115534608
115436944
115339278
115241610
115143940
115046268
114948594
114850918
114753240
114655560
114557878
114460194
114362508
114264820
114167130
114069438
113971744
113874048
113776350
113678650
113580948
113483244
113385538
113287830
113190120
113092408
112994694
112896978
112799260
112701540
112603818
112506094
112408368
112310640
112212910
112115178
112017444
111919708
111821970
111724230
111626488
111528744
111430998
111333250
111235500
111137748
111039994
110942238
110844480
110746720
110648958
110551194
110453428
110355660
110257890
110160118
110062344
109964568
109866790
109769010
109671228
109573444
109475658
109377870
109280080
109182288
109084494
108986698
108888900
108791100
108693298
108595494
108497688
108399880
108302070
108204258
108106444
108008628
107910810
107812990
107715168
107617344
107519518
107421690
107323860
107226028
107128194
107030358
106932520
106834680
106736838
106638994
106541148
106443300
106345450
106247598
106149744
106051888
105954030
105856170
105758308
105660444
105562578
105464710
105366840
105268968
105171094
105073218
104975340
104877460
104779578
104681694
104583808
104485920
104388030
104290138
104192244
104094348
103996450
103898550
103800648
103702744
103604838
103506930
103409020
103311108
103213194
103115278
103017360
102919440
102821518
102723594
102625668
102527740
102429810
102331878
102233944
102136008
102038070
101940130
101842188
101744244
101646298
101548350
101450400
101352448
101254494
101156538
101058580
100960620
100862658
100764694
100666728
100568760
100470790
100372818
100274844
100176868
100078890
99980910
99882928
99784944
99686958
99588970
99490980
99392988
99294994
99196998
99099000
99001000
98902998
98804994
98706988
98608980
98510970
98412958
98314944
98216928
98118910
98020890
97922868
97824844
97726818
97628790
97530760
97432728
97334694
97236658
97138620
97040580
96942538
96844494
96746448
96648400
96550350
96452298
96354244
96256188
96158130
96060070
95962008
95863944
95765878
95667810
95569740
95471668
95373594
95275518
95177440
95079360
94981278
94883194
94785108
94687020
94588930
94490838
94392744
94294648
94196550
94098450
94000348
93902244
93804138
93706030
93607920
93509808
93411694
93313578
93215460
93117340
93019218
92921094
92822968
92724840
92626710
92528578
92430444
92332308
92234170
92136030
92037888
91939744
91841598
91743450
91645300
91547148
91448994
91350838
91252680
91154520
91056358
90958194
90860028
90761860
90663690
90565518
90467344
90369168
90270990
90172810
90074628
89976444
89878258
89780070
89681880
89583688
89485494
89387298
89289100
89190900
89092698
88994494
88896288
88798080
88699870
88601658
88503444
88405228
88307010
88208790
88110568
88012344
87914118
87815890
87717660
87619428
87521194
87422958
87324720
87226480
87128238
87029994
86931748
86833500
86735250
86636998
86538744
86440488
86342230
86243970
86145708
86047444
85949178
85850910
85752640
85654368
85556094
85457818
85359540
85261260
85162978
85064694
84966408
84868120
84769830
84671538
84573244
84474948
84376650
84278350
84180048
84081744
83983438
83885130
83786820
83688508
83590194
83491878
83393560
83295240
83196918
83098594
83000268
82901940
82803610
82705278
82606944
82508608
82410270
82311930
82213588
82115244
82016898
81918550
81820200
81721848
81623494
81525138
81426780
81328420
81230058
81131694
81033328
80934960
80836590
80738218
80639844
80541468
80443090
80344710
80246328
80147944
80049558
79951170
79852780
79754388
79655994
79557598
79459200
79360800
79262398
79163994
79065588
78967180
78868770
78770358
78671944
78573528
78475110
78376690
78278268
78179844
78081418
77982990
77884560
77786128
77687694
77589258
77490820
77392380
77293938
77195494
77097048
76998600
76900150
76801698
76703244
76604788
76506330
76407870
76309408
76210944
76112478
76014010
75915540
75817068
75718594
75620118
75521640
75423160
75324678
75226194
75127708
75029220
74930730
74832238
74733744
74635248
74536750
74438250
74339748
74241244
74142738
74044230
73945720
73847208
73748694
73650178
73551660
73453140
73354618
73256094
73157568
73059040
72960510
72861978
72763444
72664908
72566370
72467830
72369288
72270744
72172198
72073650
71975100
71876548
71777994
71679438
71580880
71482320
71383758
71285194
71186628
71088060
70989490
70890918
70792344
70693768
70595190
70496610
70398028
70299444
70200858
70102270
70003680
69905088
69806494
69707898
69609300
69510700
69412098
69313494
69214888
69116280
69017670
68919058
68820444
68721828
68623210
68524590
68425968
68327344
68228718
68130090
68031460
67932828
67834194
67735558
67636920
67538280
67439638
67340994
67242348
67143700
67045050
66946398
66847744
66749088
66650430
66551770
66453108
66354444
66255778
66157110
66058440
65959768
65861094
65762418
65663740
65565060
65466378
65367694
65269008
65170320
65071630
64972938
64874244
64775548
64676850
64578150
64479448
64380744
64282038
64183330
64084620
63985908
63887194
63788478
63689760
63591040
63492318
63393594
63294868
63196140
63097410
62998678
62899944
62801208
62702470
62603730
62504988
62406244
62307498
62208750
62110000
62011248
61912494
61813738
61714980
61616220
61517458
61418694
61319928
61221160
61122390
61023618
60924844
60826068
60727290
60628510
60529728
60430944
60332158
60233370
60134580
60035788
59936994
59838198
59739400
59640600
59541798
59442994
59344188
59245380
59146570
59047758
58948944
58850128
58751310
58652490
58553668
58454844
58356018
58257190
58158360
58059528
57960694
57861858
57763020
57664180
57565338
57466494
57367648
57268800
57169950
57071098
56972244
56873388
56774530
56675670
56576808
56477944
56379078
56280210
56181340
56082468
55983594
55884718
55785840
55686960
55588078
55489194
55390308
55291420
55192530
55093638
54994744
54895848
54796950
54698050
54599148
54500244
54401338
54302430
54203520
54104608
54005694
53906778
53807860
53708940
53610018
53511094
53412168
53313240
53214310
53115378
53016444
52917508
52818570
52719630
52620688
52521744
52422798
52323850
52224900
52125948
52026994
51928038
51829080
51730120
51631158
51532194
51433228
51334260
51235290
51136318
51037344
50938368
50839390
50740410
50641428
50542444
50443458
50344470
50245480
50146488
50047494
49948498
49849500
49750500
49651498
49552494
49453488
49354480
49255470
49156458
49057444
48958428
48859410
48760390
48661368
48562344
48463318
48364290
48265260
48166228
48067194
47968158
47869120
47770080
47671038
47571994
47472948
47373900
47274850
47175798
47076744
46977688
46878630
46779570
46680508
46581444
46482378
46383310
46284240
46185168
46086094
45987018
45887940
45788860
45689778
45590694
45491608
45392520
45293430
45194338
45095244
44996148
44897050
44797950
44698848
44599744
44500638
44401530
44302420
44203308
44104194
44005078
43905960
43806840
43707718
43608594
43509468
43410340
43311210
43212078
43112944
43013808
42914670
42815530
42716388
42617244
42518098
42418950
42319800
42220648
42121494
42022338
41923180
41824020
41724858
41625694
41526528
41427360
41328190
41229018
41129844
41030668
40931490
40832310
40733128
40633944
40534758
40435570
40336380
40237188
40137994
40038798
39939600
39840400
39741198
39641994
39542788
39443580
39344370
39245158
39145944
39046728
38947510
38848290
38749068
38649844
38550618
38451390
38352160
38252928
38153694
38054458
37955220
37855980
37756738
37657494
37558248
37459000
37359750
37260498
37161244
37061988
36962730
36863470
36764208
36664944
36565678
36466410
36367140
36267868
36168594
36069318
35970040
35870760
35771478
35672194
35572908
35473620
35374330
35275038
35175744
35076448
34977150
34877850
34778548
34679244
34579938
34480630
34381320
34282008
34182694
34083378
33984060
33884740
33785418
33686094
33586768
33487440
33388110
33288778
33189444
33090108
32990770
32891430
32792088
32692744
32593398
32494050
32394700
32295348
32195994
32096638
31997280
31897920
31798558
31699194
31599828
31500460
31401090
31301718
31202344
31102968
31003590
30904210
30804828
30705444
30606058
30506670
30407280
30307888
30208494
30109098
30009700
29910300
29810898
29711494
29612088
29512680
29413270
29313858
29214444
29115028
29015610
28916190
28816768
28717344
28617918
28518490
28419060
28319628
28220194
28120758
28021320
27921880
27822438
27722994
27623548
27524100
27424650
27325198
27225744
27126288
27026830
26927370
26827908
26728444
26628978
26529510
26430040
26330568
26231094
26131618
26032140
25932660
25833178
25733694
25634208
25534720
25435230
25335738
25236244
25136748
25037250
24937750
24838248
24738744
24639238
24539730
24440220
24340708
24241194
24141678
24042160
23942640
23843118
23743594
23644068
23544540
23445010
23345478
23245944
23146408
23046870
22947330
22847788
22748244
22648698
22549150
22449600
22350048
22250494
22150938
22051380
21951820
21852258
21752694
21653128
21553560
21453990
21354418
21254844
21155268
21055690
20956110
20856528
20756944
20657358
20557770
20458180
20358588
20258994
20159398
20059800
19960200
19860598
19760994
19661388
19561780
19462170
19362558
19262944
19163328
19063710
18964090
18864468
18764844
18665218
18565590
18465960
18366328
18266694
18167058
18067420
17967780
17868138
17768494
17668848
17569200
17469550
17369898
17270244
17170588
17070930
16971270
16871608
16771944
16672278
16572610
16472940
16373268
16273594
16173918
16074240
15974560
15874878
15775194
15675508
15575820
15476130
15376438
15276744
15177048
15077350
14977650
14877948
14778244
14678538
14578830
14479120
14379408
14279694
14179978
14080260
13980540
13880818
13781094
13681368
13581640
13481910
13382178
13282444
13182708
13082970
12983230
12883488
12783744
12683998
12584250
12484500
12384748
12284994
12185238
12085480
11985720
11885958
11786194
11686428
11586660
11486890
11387118
11287344
11187568
11087790
10988010
10888228
10788444
10688658
10588870
10489080
10389288
10289494
10189698
10089900
9990100
9890298
9790494
9690688
9590880
9491070
9391258
9291444
9191628
9091810
8991990
8892168
8792344
8692518
8592690
8492860
8393028
8293194
8193358
8093520
7993680
7893838
7793994
7694148
7594300
7494450
7394598
7294744
7194888
7095030
6995170
6895308
6795444
6695578
6595710
6495840
6395968
6296094
6196218
6096340
5996460
5896578
5796694
5696808
5596920
5497030
5397138
5297244
5197348
5097450
4997550
4897648
4797744
4697838
4597930
4498020
4398108
4298194
4198278
4098360
3998440
3898518
3798594
3698668
3598740
3498810
3398878
3298944
3199008
3099070
2999130
2899188
2799244
2699298
2599350
2499400
2399448
2299494
2199538
2099580
1999620
1899658
1799694
1699728
1599760
1499790
1399818
1299844
1199868
1099890
999910
899928
799944
699958
599970
499980
399988
299994
199998
100000
