724626185
841873625
905718074
762221569
888053256
846562467
457928041
926139305
164207094
579817873
569389270
432063110
669260684
274827806
474023804
747980256
956325803
280806774
663451150
310731865
361761688
288600442
436484607
223771794
760134629
227153666
598940706
556307112
199765669
171339828
601134218
198963759
559701429
301879789
167814908
482088190
878807374
252853913
199864088
704681038
992269431
843084271
550964573
594869695
562234450
560632680
230885585
605303842
30769618
129667195
532792264
239251580
517342496
183472654
744438929
841222333
807477513
407880703
345320998
712559318
862260507
113802918
383259632
850050966
466422117
122016326
892623556
645053561
60532965
33622417
792369085
463550833
983838949
18698696
2882674
892786535
450963594
634614681
46247504
116566483
168651704
863303827
410125630
300748813
373210115
253346642
537577990
763230789
953808746
421206462
843256150
281821805
868179210
168150776
821953288
349276733
810652373
131332608
261440591
308828940
919406363
73589294
835944689
33812494
603692298
894004233
252620170
138200697
643926240
55366737
685803469
153374693
51022620
860504029
926396923
869346317
657517608
356232830
988864870
542865881
103034135
710282426
669756109
424316176
847329648
762523824
165810971
457151839
721491612
885394034
999944427
1859622
514932441
838788919
812618032
85643314
602250438
604718661
88525449
466510427
872693217
908522758
609860039
941632031
16595050
527859886
780849849
94293320
72514906
486264393
68212953
646395500
123975483
45786328
241858703
594116029
360577974
751548764
200139415
129371388
764654226
792765091
24886441
659871726
767208626
486433782
44162674
889468765
728038949
923534867
890087251
897906684
911190711
954007304
88498375
125139764
437786095
544351522
998143101
121683793
211053308
985277998
769467421
947027787
281541920
873277711
737343761
583586024
130144904
233910340
657052670
842930237
545716427
813015341
335862842
371716068
470655793
58503232
382155147
257989576
139814995
68974701
845807221
780208803
450460804
99408039
425530193
175283513
799168452
990997427
298664841
144456791
775887002
783866680
449723696
525964423
25446075
921456547
356242889
2488251
174197405
934480452
800953740
214192766
636002406
353370687
51365429
681208966
170044978
296114148
175386474
719182227
817980441
502374205
944681767
777750670
65385678
919123805
765233566
542527867
213805848
381533157
317845005
444563803
310548259
874129045
427745890
346750761
220960067
605035768
865584864
5715562
806657822
687612250
531802933
833870927
172178224
882676510
284065264
227574120
331159590
55748113
365275033
98160043
852116363
583620360
21919980
820400605
657067435
540920778
662945564
629396236
31478082
287716943
453720751
169384053
918351171
896832458
131416627
256117629
667420438
697608929
762057490
49042647
252125886
152163607
120067383
768148392
980348043
61265735
132962678
725312645
631447903
198805713
350176919
30573044
178731986
21476641
736102071
918299334
195534008
544608314
63354575
886732913
461187076
893536383
196771034
415534805
951305232
115356563
609867326
102188912
374369113
725887989
637782508
298858763
3988135
290351644
698560477
562860216
644167284
510268513
102388003
137617922
313865445
635507687
170222853
375985421
144805276
940884223
416228535
882020883
664889987
572657287
256901994
734600831
809731575
542947872
444797711
537594401
745281131
564372911
289267335
992197775
789743780
685829397
855550008
756784048
177872738
733576967
649076285
179744187
242508751
251010671
709935706
374486054
540907834
220311036
457090245
83237075
789397377
940895465
756094453
26640035
618563811
664287867
728311319
625743591
185628924
311296834
573245599
697511729
830819235
311165612
211889406
776848117
4245458
919773652
670008996
427633201
357492157
992449975
562435739
432897701
798276888
148900022
902004404
246541906
218626379
756158560
115277014
58477042
68793472
320892118
209737441
183499784
272135024
287295275
426942308
4541023
46197025
893419438
910496913
766745234
479619312
979826656
814241835
406401337
458665248
153086978
364333215
431478769
464210479
682449058
239189290
13222156
527300288
484942848
513378448
339429205
916103116
172877294
980158293
266718367
724581147
759732831
34392904
793587733
405165366
635431055
913292600
201343892
683435577
185033562
558644909
327902744
42003691
635933379
683972486
423785508
3038201
758062220
869583930
963148625
513750126
529433037
769482935
577566584
648116201
616784728
313705710
522495773
627533705
334183548
368965186
705619011
348325756
626531410
206947300
666820629
459673728
591828824
552223560
931741676
312131210
689719036
735885418
389348305
167041344
892167345
708784939
105116833
667343653
824742810
557732683
130617119
939130616
110628866
579933447
549997989
472628290
95958019
101260574
15113653
464382626
462760893
1162521
549330257
961798196
276022516
714730951
423813962
716340505
118584236
440178654
44153589
521466700
795242586
475311514
125987155
708920773
144469227
669467670
789531902
530098911
389883421
202064926
902094196
426351511
585656736
650374376
942700926
898557971
56982959
716528449
631320962
718333203
671023939
72356639
586540412
261476025
56184348
150923250
384710055
558396382
850709674
741893174
572494233
122682147
177667020
776384264
852751437
163624643
738267629
558375688
9521656
989641503
347477368
336766947
601342241
103686917
914041430
304309901
490605695
752293509
645591726
772045088
498292268
912002313
498870454
960140298
200940085
147895724
924463791
950232943
321556847
630408431
853164670
189737132
89002765
769486014
102109958
347929254
115130831
651528737
548700294
544221799
165859719
268142737
769084117
888367740
959830511
91451058
206554665
142496098
475266116
877059377
847024091
422325033
1091773
144228641
739631793
452873911
655155238
512666886
320809736
411049786
695016882
117813222
794015887
383495431
594459124
518937731
731934663
439914486
180626742
734976549
43467433
950327006
902327230
308904706
778637614
784808955
739641820
626440079
782185834
559836608
425506896
810128515
752509401
674365585
211338203
694646075
423235035
804265052
692840998
761586586
467051087
926153229
952009003
452859038
617551046
538250344
387254638
12074792
624245780
509930779
352924114
671260576
401782803
152033016
153257546
826403107
341573460
42713181
483753717
27755849
128476450
730118990
434868832
278546468
884330595
242625384
86842594
383884522
344397912
793006521
43520670
791316015
499411310
793528961
41253356
783871256
598791938
69224356
133683057
995649322
966735152
332796214
672352571
571056870
193315495
352477477
72195902
407466809
849828722
333391871
388352910
165809215
52543685
350888704
853784062
748769405
179804504
752877717
675826270
832946589
503702440
666444474
129610100
16344119
617968312
634284646
332804953
660795167
125937081
401796105
902761874
884790898
885320977
763993311
95735797
149802432
815538988
146768319
42621768
724977624
994977878
970121406
786552224
10361156
217655434
914131811
355790516
533964770
567309444
560095575
862227870
459094181
172844590
198820513
987022727
346898098
791659623
387856989
120523041
819103287
108455911
217034641
944068725
578992995
361034261
738620420
577076830
609440271
323431114
322423212
40215682
129253938
819481951
707364192
92406157
649332390
331493952
835788683
858211684
943810625
136953474
362989509
856810218
880074641
557022262
22980248
73240049
53727680
839896768
34586269
667341601
825968569
114464154
903738726
924865928
139571041
675434141
207968755
848399004
25738003
949769344
918761051
151537336
567690361
261604538
604182014
776357304
803722139
768065780
712879580
443605312
692093560
771822573
565218316
233538569
793266900
181730994
134977220
116324630
964770234
52275046
772000258
535692215
362891158
783102896
166541615
426431861
276458611
320552009
637608440
473519278
87101283
797280632
550276230
132620326
820783698
448384582
476367700
483035703
941000266
759443547
629306501
322490925
879953327
686847157
457281759
473929804
826233790
791224404
783460943
522829950
863881752
771263903
285805491
762119928
666431497
667866569
649680216
775352225
834794226
565602501
233047569
483918910
850338883
508634495
726823538
228540887
798404514
30450803
994320668
432440789
967285709
91533342
500595123
444301031
474673439
371559047
356877190
417248790
268335226
882322203
985336808
915399359
80920396
488381921
295601795
739191515
910540879
445827866
596968419
292154339
209165591
310931556
381275106
761084502
990449256
152758324
374364500
655274099
761624773
596547508
915325756
240158102
902522299
677711571
807549259
286390350
336901339
940924726
210570604
895786828
24771657
159977554
485639657
611694046
922687533
603213413
182619469
979985316
610235449
515987569
966163318
932392652
411923935
979268017
408041
433647732
286556467
203721195
60168113
175141980
439716839
384061527
511593204
884275212
574335785
975051828
1599994
737138104
106339258
627112929
993617379
675209806
990539734
111314888
2676023
505177082
842912406
910663095
887983797
594322197
947208883
51888475
605470585
363033139
811344465
637734811
541499973
108708333
510228070
119955349
959199691
308698991
795590797
962813863
283298468
443691071
813447106
654133802
754148307
850219505
411983918
847896091
164469622
315346437
937540605
718534020
361777849
339775859
705664562
633047208
175423172
151476010
311229228
542311379
630966632
316214191
462432965
365375327
248861819
58815615
11964106
762174681
272133845
331896443
737809396
980982178
945425364
458701790
292262870
376618093
72581969
328074961
641541460
49240996
179243984
138273756
102092711
386874807
77622412
629007828
912771243
548782106
947865460
616809520
976050784
384393827
812877309
601813779
710235754
767168023
339814573
990353713
231179436
420913265
849438908
362205531
118594583
719007690
432084385
710645109
682649875
587391698
913960397
326654780
585084547
137882086
864092140
505702211
439534258
178513543
888362483
480316394
802244769
922047649
958119926
415542610
410486569
662685918
234120904
147005536
509831183
910130968
511521269
811312431
784257333
371099826
877054904
547943742
906400455
91559608
914063498
85085005
473060469
352518705
181345814
557934207
999213648
834424331
724739239
901690322
164396268
644447101
60494718
819044396
456760136
356847826
508033563
589291487
860794781
664120120
48550700
299889030
185549914
304804397
459316480
831673411
487007056
128141758
507556796
46277840
396269909
688965433
956853613
369548635
270472701
163002139
458956047
204725414
397702113
80232213
211233852
350655078
957076162
755711568
204329795
236789769
96166152
439551584
668778563
767103921
210503007
368670807
680691789
846364411
697803103
295986605
175584569
714669942
287628128
765120940
266262613
696042072
359976364
15252891
784772178
843743843
408940079
280268148
490185198
3156827
344919763
992628203
924843282
235017439
341094244
113769464
500595524
15012828
578294849
754602600
563610435
36911160
349694983
715264679
518032021
504940163
719778634
120961515
951568919
363958850
983389655
269457062
1809216
568131739
38817658
784608992
918474109
506247551
906248583
136107491
49143714
17988934
887820661
809858954
645218424
768556721
531992698
261325231
135440485
751259159
938020852
268520644
487841563
168260071
556665461
860123037
629897915
145769149
858003275
765331343
456599938
491549668
15628027
26243994
432255082
132973094
741846124
772967949
819227759
118056511
864208427
74116787
496683437
567489227
300206098
913158432
660287142
124200284
706819218
972800188
561196261
732167976
762119960
781486704
727725678
55950563
878519419
597211479
540338777
153116263
535208558
955422642
455482260
223677316
137096616
11684302
97088354
565405864
591473943
352537590
847216991
812504879
332855722
467878375
686481608
590672390
26193668
41114377
980912456
310163056
783997149
101748972
382994682
441858911
942974257
50192136
111838659
859291278
593342855
387626724
928838146
305443255
27630474
447745769
204224192
151657373
590445163
638651195
881400019
298182952
532247607
662799784
198972022
236879798
272434371
713235650
504168251
421874688
449575293
965860095
463571046
721975863
42580634
355826141
355540389
757331819
692054213
677884524
469387150
997383867
911566824
261631339
231570996
995338599
379541885
90206966
397040399
362980379
576852394
652052603
297538376
351509886
478265105
47133721
953664899
288042975
729702726
637501734
465294167
465408262
12358037
930263704
457093008
572018506
959570218
744595695
286683668
250198906
284935509
820338070
892761300
223309413
196045964
529400312
537136790
352394140
844756190
533510465
936072399
481445532
129253108
342363778
545764689
154383525
590473993
657359280
839269682
515592313
109877688
401263066
426344848
151716082
488404527
807274974
343751999
378050227
347916879
34539337
125594299
839957987
278165862
663326973
415866360
291401044
93261416
651038729
205432430
411898765
638900253
602127127
973449788
522168994
800223032
123179551
361626090
674786338
513442958
156903437
921356751
327500987
748576874
486462933
37622578
622572567
489962411
292346912
816874322
111827228
195858559
781080013
291117071
550411413
981225527
77568051
987545
751911416
195956984
221571230
118444682
665450292
593207320
249527423
543408667
923406685
838551560
219342467
260339416
67035243
611237435
853624126
250315835
976587082
464959213
557644777
921654048
124419370
245198117
747393553
195352289
267977606
449930686
710351059
250908781
801023956
975378456
391066462
822401045
816634845
609202537
539559790
725355770
682312532
493079365
752994103
308316572
755318373
471802791
753815162
111077194
457674153
778681309
432382017
789756286
486356484
244354608
161059452
527219795
144163524
537058363
849922441
434823427
907069235
694453929
794520618
877653132
283727199
796529546
555270190
932753344
296451276
371395927
594218919
369835641
46593288
650921786
888060856
557019095
616550559
317214314
732243802
822549826
649472555
713879496
113611887
352731205
585747558
479884898
646296811
931904248
579421931
181781371
651523807
751132151
328361337
521363665
698952998
83257757
742219912
179148778
908869199
318127651
908956929
361560870
20886086
816875872
455394870
353997802
632331963
257378039
449314791
446988633
489938024
619188583
678687995
435901874
94868567
895131253
387773134
78758877
755292719
156501050
325376036
599490449
197440163
471572952
139144204
178674733
370267772
572488563
534171408
996835790
153346314
726216123
820579490
423946505
658928867
199568756
101742506
604336204
35517991
125381332
711344582
478133968
462578200
281243463
724539792
468739828
812712556
731019202
16106282
151935145
220022143
706071738
317372382
623634939
167292525
520638453
285778437
254560562
709728258
805708118
424107356
353501270
848732318
531964572
240012104
892539175
353057479
829753070
979990786
421767266
425753350
861717543
812982420
643956000
456961522
875067773
210777892
505529137
249112754
881687686
57415031
245016879
643796933
312413710
981761176
284520561
277949895
723887026
240454766
403762825
383825740
969646493
410397107
537692664
587761248
469035972
878866866
425227776
476229106
128088409
618289991
213751933
442733020
421927744
754566064
545223950
733746862
918914224
382429828
147154081
232577366
712661361
942620796
241944569
274160484
728754815
125815018
545536501
5234187
168915650
685671010
938207474
708088398
234950595
426583910
903323934
386300008
395926955
402482044
402639792
332332060
766286222
753212898
510559639
829076327
790109992
316796849
222266666
819043198
250734572
88216938
369219439
923243155
388775134
499931256
161436153
57636776
695640224
97661274
897310299
470997608
916548923
986960009
558878340
755245117
349440293
945874993
129259365
652395697
205420529
125096918
701043946
672315241
119509731
27243203
754789782
808331408
915738825
232774587
580335018
220601561
820977656
830074386
928743324
450544060
609135731
19554043
191306830
521676295
66607701
691138321
166831561
954005406
226472550
696373671
479906122
880085354
992199453
915200136
552324940
512492854
462169490
848232638
54429036
367346756
721348659
81915286
909969792
249941326
993370965
359555870
40354656
754597759
265305392
306298227
571165017
304191170
821495849
173077546
500861962
30556575
445628259
375014826
372298354
170459382
868490149
369597177
902052860
393623753
671386090
265239950
691423715
385383951
397823589
420398315
664346573
266408779
54046043
589963017
709372125
207596960
522375096
25189405
7080106
526666875
616776993
288957533
923153715
36259450
559959767
860929841
294780369
760453706
423998226
19742584
109177909
107491992
764767026
318613675
233949687
663747603
810799417
278061891
544234967
225419078
756289808
429022219
142038779
598238942
70813411
348244743
347311734
568194972
671635773
711185159
703126967
594735983
765740277
490356748
146248407
709477241
971009837
756187507
711663261
627259046
412997818
841802771
823274414
697518520
870257877
878291345
614576503
540456157
894970517
146032818
819161517
225037633
244030937
469473939
2268055
646924375
257756713
781428848
109443845
439403688
717055819
570611150
203534421
474102311
851795913
388700119
745418376
578454604
833657419
249112459
249194472
302627592
820464723
280672937
65044627
575880754
976673544
970115570
192075949
466614717
392996654
720519505
65242968
33489867
693864034
505799882
612208290
663154888
387930427
929873990
712746994
191561601
30141754
44896708
269375982
276345417
472213771
695287971
337286942
454900706
746539652
773087110
906408740
931143847
859402167
800117887
867426442
705482121
648214647
714199299
603680865
169681532
93933506
267434711
25466103
464202730
402998200
938115155
108869287
576850003
673141692
93865736
414558656
804899193
932543315
791577200
7841422
193932406
285528436
810592520
847662014
137545862
952879296
98850324
478265459
905548666
666992580
713476056
265781458
205936024
833018242
202879679
528246412
712983087
771135842
120317130
110745422
437793147
457164450
347848457
563432717
403635235
477203749
398945625
842167402
115215845
935373194
233462174
859963815
798752675
184604242
385120159
860022449
576415608
752796119
859316975
694463480
669333407
943002483
117385298
840194664
860454426
860804003
923422095
548989238
850481200
764654618
375539433
795708576
697746909
166158481
905596771
155651059
610015096
287693030
219878055
522114106
181428807
721014054
352695423
234606611
455772597
114324744
307257286
123297204
55163148
625762569
392379459
813803659
344587272
826997643
579966913
397050949
650570697
278471159
192955086
908317392
8910941
590966934
433997844
145755596
496871494
427983120
70945579
592090231
431112711
450053027
314669818
915116160
702288639
685361398
615301548
726778799
886133605
329393569
205323366
158279617
813560139
12625183
591977617
84051228
843154868
877212611
559845134
135995491
996839384
71769526
641662509
682376388
59527681
934708051
298842400
552269031
881557231
366650297
584831769
79462583
376907582
132623107
688295208
160571494
931808670
532417057
678059532
128181544
354010568
784098070
240536025
451000737
373400363
235731933
855761849
919109454
230115666
291939659
69764549
178557321
438891810
635269358
117024998
533512874
561883358
216109558
641796323
556182535
635096561
240148264
420400734
609259462
625582813
526819449
571890862
586739334
177001358
713709157
654658774
195859715
764726044
346119376
195884691
124384421
452039690
437328234
719691435
577972290
515164804
74023448
474737650
438345074
783114572
29522270
101446561
218091636
193226200
557049968
297169512
570748519
573633492
949293107
400587649
265654766
979284034
279494694
586555715
365678784
526229902
151737950
288207805
75328634
718461404
938455436
793158048
32977246
188938932
401236511
95114817
178959937
542374383
957895693
547212031
212329995
470632217
131550331
942660458
897905171
989738139
822180759
412977465
365747237
271490343
62410806
135219023
41374231
843497614
483925328
321254566
226137063
176921786
996171887
356183652
67413923
428356558
383742755
112114755
927138300
609449027
237148495
725051367
754685909
778117069
496551104
261214753
50011159
683944571
705697757
86839667
229488690
785937343
890483409
371985617
215182343
673287167
556749195
990034095
285782222
782647685
367318528
447000982
351846389
431997725
691114689
732851990
784813166
434328723
206603543
165846293
90410773
301537950
734933312
898568820
109375073
876536011
526439921
926034843
131197210
497063775
152992462
365752487
878062203
552075541
914856642
804745478
1327987
741915976
775700505
610315354
222055091
154263994
514350942
258221606
97560943
946568807
326545218
927133347
352804902
355085372
168749543
301045969
533846030
768982261
517645129
295442503
57669036
668633447
673428438
337731969
869108597
409523629
587594254
126036457
603355859
374665655
432524557
637331839
776124484
412667148
396575461
821153266
201310000
714912395
976084850
121103289
46189147
945654603
239559527
578922709
891744012
687971056
102756582
302197346
927647786
831522907
924864844
797161068
383263637
870997710
253923440
595690924
201341497
692691945
20188844
436054780
946231373
419528356
995872615
844950666
906058224
293720738
839240651
845295962
884328520
327415305
903184591
743325792
196975983
369086487
183111077
832679502
724467703
887722539
537810343
904558307
326143933
787042422
867008758
113454891
553585164
681068524
275510070
57703833
765795895
756632822
934324854
778874920
381094164
473713717
857671205
383038807
421739186
218759001
767442684
361053884
969742471
928973769
670042099
57638508
525698123
636448635
26043515
69407810
148710548
292179376
559203167
363779478
150439238
523763088
428771733
906284320
742257789
91450716
326361902
827921362
378135557
582561331
82767746
810609263
915488942
871877045
752158748
435504602
765452781
427486045
338259628
140895284
335032753
902561206
719892592
138679209
183446534
201025302
818147239
291207100
669286100
786087079
20206103
991542551
194577059
426207490
700886661
554792660
581764991
735285036
135762339
80266981
493900516
147808541
596171319
757229730
753310420
369681875
234339926
313140866
570179688
797946862
119661155
427353766
760387323
232018815
247405727
970233733
802745075
264416331
197053597
872127987
457187477
104861648
233000662
166915306
941796918
445401944
531446170
823779480
786251676
428557840
675742708
487431128
816772193
862579132
279804124
580152986
526992535
347140466
350333320
391223704
128514390
61730199
362366698
813133993
130731997
321025956
499299333
875307184
44100680
56131909
989456870
515225371
86139215
335446814
199439483
954312591
527316952
495328272
618181625
691960671
378270331
377632266
912117327
625050765
823798119
928150643
706667433
963106631
121322372
351242847
275661238
450275301
601300601
17774086
819534983
722904774
895352993
431308670
111124643
364767366
716332856
804460912
431228048
507270201
449485869
785448108
175516914
960728243
399870503
441126897
45226944
90239009
693160574
469641155
838677872
903077386
731229907
940082577
730094369
291720597
208920010
584926788
352192475
97438303
157282732
968400631
428298355
102929237
998287394
438412267
466473748
159208692
460356120
310879742
182017426
730858113
173740979
732955803
101419423
53181003
822860687
14761372
17308500
317061037
33139972
573490567
61594711
660642928
505217915
63429836
272132797
187122140
481599201
867496418
634221464
529810293
758171286
387529926
676820569
453961977
547201059
831842892
962842446
193796989
970531191
447412107
356550563
429838322
666614688
64705019
295760257
409760916
990440276
44926709
474884673
357056277
831282398
989611181
323334843
152702685
212798437
48885790
299732528
913822678
537136497
529404255
64613387
57023767
673489740
402751600
675448140
979200081
895420530
563376307
109955170
793856017
384341092
488886118
233116310
295308154
160978978
87866491
260201163
611977907
931152848
478023075
714299558
700840829
60490138
871303508
341062138
472150991
289331898
672835005
344538107
118026081
798641916
156102139
15999970
818384058
379735670
995359571
875415355
29671559
912678171
56850160
111876093
99912013
980082518
706791125
661884523
885482271
727165995
443417440
860395644
364943628
240935310
552381764
175262821
282899330
379108446
128267516
52889328
303419494
466404148
103840574
389582024
723214204
586448783
380197090
414158218
222599790
963644902
72180223
844121271
138261214
270938946
611011091
732632865
30213455
29490454
820151608
951932650
789461324
340529462
799745194
370957989
336432112
712856938
950002639
270619083
916335196
835155814
9647875
659717390
621635521
911386713
113728665
679669249
625473647
723324639
229530720
504572595
343458834
858852419
166203786
489237716
171027446
257104554
704951173
934245044
785821284
44909621
541344272
56641127
8473989
645750820
720223345
5095257
481146128
497155716
181979426
720044673
635790438
677541702
192844892
709224127
536048969
992001206
597164412
304272199
683621769
903169730
256521253
949195526
493904637
375774383
643344353
386880011
144799110
592516737
349448737
600470012
544945765
651695943
579280653
451707578
493443028
815759611
895875349
47590482
386566297
494739350
796120581
914751594
889640084
883663583
866664560
399238403
450550740
863915711
27168258
457428322
944669717
698249410
58455519
237383608
842914668
58051414
186429668
263230310
930323554
760530994
909474523
917480611
708903010
763966040
947777478
362697483
407982893
754832460
205046081
866800771
514127524
899939831
187456531
497837438
102931052
662507820
797978778
803364014
189075419
834046784
4517123
446969288
875128996
395304718
545080918
268006610
516043357
834680696
596781435
86247594
696113526
454855090
44405136
14683704
90687290
597607597
625832079
38365484
180302756
370026597
880491845
805607493
813941548
93191572
100683789
535594339
254895531
75498082
744451857
579304468
135328894
624954121
606131248
854250083
470134523
85269369
734553205
551162670
26473059
368458258
236274739
809760208
635982702
777540271
522076764
848865973
498863545
638600968
63157345
544190976
665611155
765031274
331961565
505935620
766115349
637957558
360946097
589782869
117681115
627844508
265664249
137334972
756085945
256902792
406929969
771568340
813404081
697038985
459457113
305538549
264261581
350164390
951922164
808130936
638279600
734327954
10488636
22448355
839738176
609331169
76419908
18536940
72990844
108498730
401876030
115190819
131799692
611190416
164123243
488546881
195222781
904077133
100367623
219020599
740419204
772137361
440079581
558391779
250679025
477990101
368744610
594420474
907877211
275111434
410323683
704933914
149091477
175907134
554090460
32755704
533517591
103797734
519088482
849619769
470233117
650451605
217484285
414483505
245034269
355061430
270392762
319377266
75061186
441150799
640762996
862851938
12367864
235221467
883545019
537526671
568459972
852937951
328427748
232906852
252289235
639217785
882833610
991158923
23389803
26874148
819615835
925970681
36698117
837775978
275520216
533542601
701532913
24255998
775719004
797368627
198269967
353353940
143130375
857756453
921721605
827072844
936270604
812064753
87892534
112377074
199066149
613209473
378375108
154938786
50964936
418262132
734002479
545927708
891270156
71666851
18878444
713462235
487941775
827618968
292224322
106247292
852969543
68594095
22186939
55941581
796756714
767290690
533457031
902714750
540637513
362466048
12109754
578240179
407513138
162618370
456162920
268094347
496927353
213713554
857527420
735327866
161891777
516625086
176290986
242594447
398436562
748421730
783755782
885018708
828337120
52328224
644452388
924664768
831965551
501801022
147389171
47910185
411907176
655587317
408808463
925104270
593473584
851624754
288783293
790356039
351336264
773114791
799096342
681067974
868172167
417484819
242870741
560627568
880028953
316619834
18443293
182329263
75868590
252502567
418422339
574257492
290176227
202934016
309500927
909326412
136582371
937064492
431239957
934554268
742307290
688052518
41623849
208386614
158600202
474285585
169065784
626144587
209180824
415817549
258294776
929611548
136566811
639657075
904840996
328664301
517705959
934763139
999759196
534593487
475679582
385801201
793312332
974575060
837247537
692273389
581570920
735961392
358644278
494681801
773114400
664922580
563906911
235986323
590090495
729854180
136007226
501471776
405915849
98181762
321429425
822077500
923794474
284165043
451047099
782628671
754594375
668706887
554789852
275603202
679757666
165948503
886576464
765574514
9270556
212173831
615060773
381969773
802079788
378422445
651604382
444085847
501434297
789802076
79258932
989444430
671356895
941399844
31729048
542199570
423187877
342284547
363263475
163894423
496102107
121267705
473480759
575876337
432365723
787405011
152174440
16995602
440229253
890539976
937991078
359614276
584232669
324758899
967304381
602757161
78641367
990933171
786098385
212638774
930703252
32659515
138460106
908886063
977615892
614705768
646744850
392304497
998758910
343492091
655393040
472390781
937199694
665903090
330609037
614219235
276115048
228115375
201159211
859526562
136417315
959659862
135509468
68894812
617851215
913538664
990691848
554195563
430174944
602944414
522994460
916976660
92357192
195675287
374885471
20244628
972676983
804046387
737991889
369630773
587781346
57421729
381065728
461307116
630364275
317929996
644132486
681348711
678917644
855851106
179874534
765776165
893686268
933409555
582348744
658031555
847237762
556184363
388269071
809744125
962775727
164438691
964223539
299907391
201125220
142575239
57351728
201604219
28902753
873866259
409229267
647385393
108960094
88642108
623030838
537928118
709300748
799775012
200281042
786474331
724884485
150768976
593507447
218890319
372533984
597536526
410201034
336142033
984108889
270152353
955518231
426898247
301421628
353343449
833961963
792210438
528666000
704295774
219862631
295786252
993016207
892781471
98446813
839347375
759259165
845240714
730753256
189343490
409756565
807799579
422305790
298367521
937064495
404201200
88514985
371922246
988449243
79394417
282248482
752922489
516163085
924162005
87590502
567242113
642922802
574435551
712875126
544592983
68757601
95771207
168045691
510346714
279770754
555002430
92691352
74148545
238724255
95142594
679457508
648333152
758822534
136686301
631019608
987201585
678669133
7999986
217887842
722968603
673043784
233452981
36434916
226694768
670472367
413458346
594413069
600887623
628125416
488372805
825710529
102550306
127892045
532861368
410166480
470286751
334987692
182471815
756224473
176150163
911020976
103957419
307716063
198028201
188764816
736981006
895125001
986089418
467770924
919959322
917866149
595545581
810093731
569800150
220771555
555714076
947523282
781637142
144473336
805117694
864865128
951265458
654710758
613711268
279780551
934063561
211104795
683207947
45557605
605152143
564223087
906438624
541117555
343997751
691519373
37948965
962276063
938664560
813795101
863754459
71648373
844326403
445927200
78099717
320948810
372261188
915178311
342366946
932840788
620692805
975506383
756735239
474408925
550072761
215253858
368980871
379483555
475531640
952191828
121347325
67501283
295474840
843019515
494255007
814068012
73263284
833083959
967196475
934480768
699929152
801835967
862713093
765375202
117118664
15168717
18887880
644405263
181019171
611365267
130869143
526212520
645667228
776222988
483543468
82619811
822905705
583442157
24163377
995632556
443023266
450346703
402815285
911777004
370348155
80051514
655294327
989558778
931699814
154092399
611504563
576640781
26765654
430875041
144310716
911929912
905239442
946789530
530983651
32813623
498154179
432614347
178912071
303409708
671127080
118409691
864091394
763271566
956807770
224801095
510226621
626426926
202053660
589455830
174495136
438111458
335620592
321761945
323750550
644333126
967381539
961533192
257585307
721983839
315778927
348542312
828320187
321368331
895669808
7732081
373037941
656629915
467025627
513426829
207055320
312682878
218582315
930007507
333801611
507716782
680920826
904731772
170255203
365526910
597480797
86052659
463835191
559633415
225914283
940972257
426808376
593400595
770821651
55355645
456166512
30929800
425540314
137338806
861122477
980534423
644969391
981121943
914022130
195019665
557478891
776549962
596027394
593845616
569910884
697498296
343607085
824068428
921173064
384061381
656178676
236404518
586042494
866842897
665428736
694431818
862551781
43727167
523739731
181919185
245973261
345158982
745330639
133954000
752325026
497013498
439405121
848918533
812990062
573072408
523780431
583883348
76988211
972664019
19982148
497315405
74031436
765133420
658192562
313474335
947269387
580284620
238851526
263876286
171930957
277942760
712453014
982726812
303788540
196045964
36942982
381458847
985504888
505442469
281949861
629351331
12282904
93372370
202516158
183568173
780106381
683976263
219311298
490858395
857188108
518384054
280157993
836712124
840826632
846701890
105738263
215016286
668070986
126597165
132317833
475155312
96704963
345180740
983868449
236782624
75225213
380132114
983123484
990612733
913388713
269060143
539521450
361983775
755079341
959777748
772127592
144374905
970792059
846096131
79854262
809918782
721084246
602810039
341346565
799914326
990902861
670317203
134431020
144219491
927757254
975189600
479276884
803381480
604091861
931210045
619811872
154778559
298530426
835282388
311250408
212655683
588636444
393600994
443730541
281059474
17816795
311180589
641458466
813734334
712875126
561900359
149262796
826250852
223342265
549084493
213964965
78269536
159268469
132131509
199054681
554603243
329855816
830209027
980898136
950169616
817038421
606846092
145925304
8654251
984196308
383062330
532307263
841004159
112429272
56127235
745525908
186710884
580934051
722893930
235630878
820709593
652388753
782730877
825190680
116646778
515715896
64266370
35264177
34990968
86262646
242006900
18935224
2234133
241710269
657407105
558605962
487422534
734498815
630049559
912303238
648467847
996555624
201052292
726824565
148831721
347937708
390185042
881302173
505055566
192344721
572685230
346967305
408497971
779979853
905159316
623488210
31575812
885320075
152151182
473846762
713740329
505044281
186840573
588656692
417381306
320494096
77129861
32459044
634509010
503407558
164505125
419275781
418453117
212620301
721252946
277851675
742107713
336207814
689575965
602360233
888432021
883135657
556281810
337393170
630815639
731448019
967738421
147041554
718727519
384789692
830351539
754314219
1740719
539077841
208187032
715740058
617930581
323764485
355197212
661604998
794844489
258283697
34319216
988280785
509948041
642016025
493651918
412419892
947946075
814703354
617526482
141494709
677906075
799550523
627681169
505628752
398676213
829560639
259930627
111365580
486931849
92619567
614721678
748553870
90273824
983919759
490559729
422421098
41285962
875570694
315175603
846423058
931559324
399675164
587786140
398737438
560314404
54833656
114656121
564968822
14573061
309059685
493625373
748051023
508092176
838856491
72956815
944466653
648451324
627178443
406717421
585591183
235786477
760739042
931465781
597094071
219957244
477936181
736683143
77616613
468630963
767294982
642260250
128394160
624534317
989651954
189251579
397544511
667230066
183950406
633599243
687995113
745017157
230707802
740610259
896441502
887656546
64041081
800716003
473702826
722552369
916799020
153260442
806521832
989151228
319466805
484889219
233903486
57005049
101912905
841528719
227263718
590941704
965315913
214309745
393932313
319495735
153860042
840885252
722042893
859633277
327247143
814360505
292325821
357299761
789461324
514573668
573730996
796151855
973329020
478371172
895647293
880067284
507772382
145587671
501355994
979500585
424166417
109910311
899279762
929589102
511054309
532692805
767181961
105266585
552425997
453522154
868196846
151211171
428905583
502323088
320045066
149305313
443085007
265395757
924825236
866199909
482944696
139978552
278901790
936482119
544410213
99073496
936097808
273692101
741264471
654147973
962477425
360682997
280300037
607170084
700987437
179257349
170348393
963655752
584207185
309905937
624077567
673375350
542574632
713472161
869820593
462969288
148948306
51339388
456089535
503195438
925413931
463784077
45195273
471380153
201154906
167948594
952034214
553996075
491938843
31065800
689938593
742741072
516697086
653831956
677664811
867386114
678129376
95052365
420509010
346755219
237430871
967750196
824538112
84808774
417641195
750995946
983947421
385062514
482120486
279648395
721096332
425782570
279535501
42154475
334475605
393036730
654930687
191968634
577276926
148713264
113969068
505445328
904872032
565525832
944099482
139804503
121466366
296053394
489872238
355283346
556021959
387685038
516900029
181534390
908878096
560272489
348021037
263515768
685052925
291030853
168883840
870463487
546271469
254582785
413680333
247295490
850315588
98705636
389868218
386909569
853038000
397543643
404906170
280392490
73419620
245165074
464895092
797020065
6555861
781403914
59267166
684642457
429125937
538756067
971320059
627213179
340341145
805587389
506623823
445451841
700196853
475919666
700674799
48221300
127696275
210583028
973052749
467809768
142557189
858667539
649710587
383645346
355426629
183402117
934728045
372762955
557404573
482863295
654074294
984533987
200179368
770478781
618059377
545463035
333280016
756474718
986244572
510745995
602420650
190880207
739664956
854162098
998520839
297057813
743841008
789880001
304933664
701903960
37433275
154049862
952023038
906331516
389838504
562515062
204216412
478186820
786997662
931771982
36917435
298697285
717810916
126056346
561135904
416528674
613072801
63583709
412455409
154470719
115057834
630837601
277987440
745969391
959512114
178663794
918558736
223292384
3993863
911123893
164625195
226265968
894592031
799184565
811710089
140356290
338331138
906355414
634938702
26656156
185440349
791414720
436181534
804948507
308003019
773289705
39927132
738508162
496179316
967609930
519795574
301915639
946541228
314792266
749466816
705293348
898598979
91956307
393815574
939959087
734587504
835868307
464576792
987988736
50085183
521465125
121817784
897101359
894922901
522216729
105454443
399796577
265270137
434328958
372194746
310127663
838807224
856931385
864119092
140232004
588603434
136903645
533681458
982487786
808186955
150605363
429140578
463995274
997737374
686771476
479831564
682445962
765247670
185354871
672392316
227285027
500877895
810651218
203576405
370896793
415874651
460592456
645762990
460960064
952050428
619872541
614899001
525606352
783812349
912916125
432537519
158911205
194869049
576063048
36927721
941860894
947167908
299069168
957167568
308632367
217149032
378320799
73897488
937813668
954418579
342472758
481116189
551006166
930061488
328122589
61415437
690435880
998269314
886099107
588143892
464628075
847617256
123085735
418379323
439023248
343409083
1641244
805284281
605365048
543395166
432976820
147463183
161750464
895169679
6644822
479015781
748033753
368698384
634523074
833709067
955214323
148356827
759038534
520038854
27802178
811925188
466271414
14084459
267008728
753297077
128808006
520282852
685167848
485222887
275799556
750012687
174317352
575829884
138937891
880617640
511016972
971150571
31071991
436232889
85115408
441671882
811961475
915333806
51822856
723986022
595961124
996403368
885338685
583590736
78621405
741051838
292940471
748390664
798606185
299958113
182722194
369174249
498670375
803097858
195134392
885137509
310200223
491432311
918337963
417143426
23270344
704666002
683675121
981104687
871344348
800380731
462165452
445241594
321562755
843361129
42316623
894310236
735287328
552199548
260336289
869850156
824939121
599178972
545692454
747198254
755689601
128699433
451130079
946394450
185206406
491863486
311288084
822890822
688638740
459506582
460301173
550322770
421420987
427766881
32021208
984953327
746241314
803150236
432394655
60366639
862782584
417646048
595178750
785879969
971247349
913186049
425818705
330621211
528149529
166442118
420702176
693722680
207693384
541577339
568869804
520421352
970825629
903457750
364870232
206338871
826619843
324003844
423117056
196099207
533888348
904465742
926162442
58961504
228544706
101890876
724657365
671970405
188791484
87087159
38300213
907133733
952657034
270143256
491323378
135650041
926416056
740765167
820095385
629097182
30896945
532893493
567666247
199048210
931003780
561665132
969675336
368971393
66514954
845423547
846757928
787937309
363726406
391856205
186998184
738886525
293839994
434232100
794246679
295440361
64330248
606712122
510667501
264721100
672129282
944562593
912585995
891805128
447235968
64314298
139902063
159944928
568546668
812919651
534158743
228480762
344464726
796025591
802983719
423575308
906091075
333432519
140923103
413211980
4384464
80303262
53052825
609749553
879775684
358578558
275510070
935938492
24818035
272690113
713247426
386365768
438234324
525222466
486595461
907951686
875820238
17833295
257063763
498552915
11224869
653153104
375458955
241487993
691768152
779629203
556317051
278017348
440668144
565630025
805752251
693965183
622784712
845486715
30655253
936257940
35058351
788118508
504933976
852354379
803294656
423455522
137130394
425098132
264192226
222792764
998547485
740605446
792415854
726642001
419854945
807888409
847775730
625704086
972534507
86143243
988037214
868285302
686337123
982392047
360157499
198020824
10761462
794460766
579682905
455232844
445877926
837390611
692720980
45682140
838911257
348826615
474516419
751208220
394769488
127051653
739535135
316860020
763907392
205392833
118143815
999214074
474888395
226600775
379519268
545371010
365179166
776998007
998855735
438106353
323508946
103139172
473250775
83422880
664974299
418678537
143277025
463447417
589084366
470906353
135814132
80236288
156931422
974832
873633042
11187711
887637587
108793630
334050367
542112654
972649839
648561180
665891227
961433163
675140254
626675734
520868655
415529680
867724829
737569704
567588039
917523563
557644777
180252413
765650195
16778417
29238522
736910013
127289272
334412077
417975535
885948925
485900831
824829855
231003926
19671810
555295111
341207244
276162471
411162484
903539153
811889682
510473288
315385183
325542566
930099234
969293620
877656363
729069203
46731926
615362820
51275154
217833775
872990112
656456205
493360603
61939137
467044658
146102414
14592379
711244580
730201318
474152730
156206856
176539491
124375301
873148445
551622556
788331549
238468775
868683460
357716631
982069814
241076380
150701543
276992651
989682748
326456566
306879411
959551705
29605152
367337446
525964824
995271750
416746579
546982223
130495453
26444665
794171775
15242757
733581332
715351299
346692973
355514195
496224645
602165606
851737417
375307185
495348797
885853726
246150812
412717796
296898131
951994950
30597176
426769059
884020307
687569103
819414593
761720976
220730152
394405139
621418757
839573776
193568511
545197826
482376729
164188065
570736881
899945085
714092772
280324848
465985078
31432665
9357865
577420450
931646891
796237689
837253643
367563645
340974174
812606874
635995942
796857703
242969727
75423285
709818511
711513729
554112419
379594272
449524924
670886012
320592234
724791015
660313491
311797822
531863004
114387203
226051917
657889433
908802900
579848483
866341789
436356138
431782258
581032284
469440967
60967374
414120253
108439397
617252204
228688234
598487961
661242305
252514725
368543555
289943409
519444060
673427926
841243325
706103947
333458945
700123637
426794500
672451777
955265094
290785461
198979047
577705550
392479520
552847281
912210205
505612404
569980201
399952998
57528075
97356199
523242454
783116170
904335805
310939326
504977474
525131652
820806744
117112900
333620085
961089110
652800056
374309654
676669999
818494285
924116952
921356738
722007400
115589719
238293728
368594941
569836527
573902432
595904430
592516737
512617535
611210560
159882947
138416300
382637001
157022161
498944745
461488901
926101232
53855010
655816156
708731473
485288940
57831535
297589376
426096117
800846918
694518045
218718044
683337863
85183199
263167210
552111451
856849469
601216593
587420832
907347642
139770335
874659058
404651150
624934656
772050099
336289236
337406921
396754372
634038164
259011592
48256710
472788956
153518124
436873894
96690101
288031525
397738988
486427192
708898923
54872307
341452877
485454313
592988453
810994390
489970757
580281160
670418586
599014070
613832556
684960614
249627696
29782254
692232536
747324497
188452800
572579595
124671048
173772794
820799442
46580133
467733306
592229931
624669500
245149909
614861161
515330798
434157428
642687769
215688554
376073040
490917145
853623054
965237713
570605402
168825997
411820166
526603494
94371860
38747982
672460739
586378968
7777399
576538791
344319371
874706696
349780361
874996865
851996574
416860873
459670935
805195853
648774923
35767380
704500853
587789440
28274313
429105843
261497091
661551973
607188710
451064663
14414544
617306202
521923795
636208396
213767655
793477367
365782333
60028305
390694998
368358840
554383246
589154492
34045812
603425269
490750770
198187111
315566791
187695960
707398511
795345524
300760208
44760423
60873816
623771995
688869428
581674576
227957749
714202871
90656391
615852031
221917192
729575960
566836186
976514955
448397755
477980711
346360491
725640635
361887077
315556091
925589765
197086024
857170406
884185374
701717279
579399022
976018926
521515582
653124790
654850790
316232060
99782942
894557455
772697778
915739936
110494538
445038573
434348361
589057490
143124483
189161700
503677715
317140649
370627139
86169294
263114952
860161829
887497406
107821072
509685961
631573999
641653878
384029324
596047566
749156156
129340627
534484145
156206856
465089582
315518934
100332704
209011923
381059965
711575274
856338660
974717079
773655934
834523195
421501150
806354681
437856267
149181198
983050021
534957078
950931263
855449022
721297497
701860258
243872284
544465370
200543224
272601398
347467036
314018366
665197267
192142237
822144197
403516713
54152318
914175777
906121164
761245626
577423345
439089496
924311803
430227214
875853641
229611219
619979311
619435775
93214835
493369992
20421129
261720484
159430049
146603051
847683494
478089523
948985531
727713314
893490227
481855419
208722790
161052412
710985191
601728695
873813316
263239559
671500483
506497551
757584847
632265151
227336129
427081050
12801521
414706301
451745178
272454181
586239957
178938034
825507483
426006123
101467416
376749095
964874398
722781524
63307064
624036501
258946229
825457401
893614927
994513957
818131313
48947267
117433444
973685005
626568296
824055113
83161323
338561410
40173584
986464789
567032030
142576319
398058630
155582807
200629101
370893493
935101507
932050118
556924142
471111624
442369651
81788100
557996666
267783186
456787253
429281607
136545969
286513493
233575790
973627642
176818801
757148377
374922089
478775002
6190383
387013808
508378918
486509815
87241683
520811894
325460894
448220752
966313838
696166999
217944385
368863565
796424292
307425590
25780056
255374891
355094968
365463597
782478878
250046232
901152042
369406592
832163830
858759982
316353652
795561477
988157634
167329854
132507866
651845317
744629898
23567455
839794630
328486067
587849964
267608415
410124239
745302817
66555963
31455351
728988641
316770210
786211958
953278394
724738267
352423114
512281240
743899196
88395357
437561667
859632721
566497533
286526301
677142763
389075106
92115880
36977066
776072794
573284849
481885958
336755625
430735184
81122535
690396207
427136770
629948513
628260596
167106607
105868861
686651322
526319724
439489087
616210765
672713272
795906699
412535841
550526471
760004632
405978453
582823071
163177287
907529843
641653572
49958041
811985665
235633179
162560695
441020953
39653960
953045237
197090890
856679934
512128774
189043018
373853527
10812631
431192618
612234116
748884205
538419055
371173457
8338468
503843974
929855781
180226775
935908796
849205638
508375617
527174730
444529814
687356241
263655003
699465274
120711427
774473275
553827116
584324372
845703335
31726990
72755321
905240428
400810244
293100151
929523636
435672175
886321300
532649216
500671797
487893044
91531826
299457736
252452893
734683377
370485334
508185770
558376867
247423812
283591745
960383130
961796148
188248065
392796613
7550276
283980477
936765388
500835049
564987978
719114446
936227127
875334376
895657977
486727729
629763612
479121364
732405572
653421330
237733691
627080630
555683969
413116896
547263375
643309113
305828321
869373109
551810868
961486078
283054156
453357119
109332947
755244962
162297573
980876718
636160002
656743143
980109033
327004704
628792623
548960872
381855831
719599329
514548391
426889341
967882077
13359259
357880127
864484352
529661492
443222954
787028664
231704924
526921755
203322659
133496352
684068791
326833379
377833613
791414720
271587057
322698011
709825918
369608643
190070278
432389143
265134744
760673581
72746507
192614481
154580964
146100491
417208874
628388332
492091219
363318685
675092555
831418401
726984967
470220799
849638821
349005199
371949599
25889317
590347410
36873092
225328006
233383802
996843841
574640648
87359815
149282251
554284206
947785915
442509355
238957832
134235254
737276498
201191459
314006581
742836945
803476620
420330283
788725471
281896808
47265841
367643665
880413538
888516108
327066902
424101835
5270516
673806805
666570529
752449634
164951342
898913645
346358080
820152036
913511808
72199805
649296570
46625578
631326043
435548432
132775213
907198056
880035047
229895440
836609424
632554201
659492905
428585204
374827013
575909768
777207274
496079098
762290276
483390025
951093218
692501225
352004963
363632796
845389363
624490335
418317645
752008759
4667457
436054154
661190418
394878144
703038264
667618560
68124693
784547027
289281607
240490754
206357289
631596460
774216718
386363232
39935513
404106509
441827148
895838464
792480801
965282788
325430322
925295377
223563733
479134843
442154386
503221642
653991931
201760555
224289280
443662369
374720534
792543216
307861623
472559925
472356017
864357649
866316402
983579516
495500695
4165057
420724775
665256591
693343838
943534174
725565009
977037960
76585214
485313202
606607828
85782267
731980171
30502201
726659523
649725219
214627838
518928463
327806392
659451651
70934254
184601008
87159464
951125637
682555401
200843695
186097374
672026525
489001764
445124324
857599798
349529828
849555352
913007646
421628076
618920584
318804602
6037397
161725828
585000659
205332346
805119367
486258792
235317484
918495872
847004281
351471691
666842652
576672420
975152110
167058499
114920457
809007753
289514927
892122434
205910084
535840161
95789846
389920649
177383406
686576974
41458253
431491855
590330744
326225765
247876431
901122354
183158415
865429026
433023940
586992215
765708400
639889274
933089299
315950983
272488199
515162702
53910537
408296408
560991204
726433193
336360663
995475519
100888971
445488932
886593312
98888791
470591551
371120425
456538574
429665726
230965377
543933215
686989845
956089948
581283646
511533287
878837662
28737327
174004667
287013756
265215728
973703183
254687721
951408166
257621532
117052562
456808794
818221421
720689943
521318366
140804915
821259758
89139331
708363610
492300253
937852047
604501183
823862925
621447028
558457564
103791630
904094132
137820576
337673459
731022669
661367119
154199348
444811425
586640796
603620715
126635401
618098695
538606862
505961110
256276462
862873706
60074646
736075465
668180301
375536990
440204191
499106878
641154116
240221101
459959064
994781253
43614242
855106193
562425671
155557571
434076345
609776686
973584061
634883660
398993529
620994551
12935319
789461324
65319743
790535627
413341850
862270427
147407773
693845160
313826621
973353785
659876357
140257606
521466115
114648351
556440048
618304195
698674413
466674812
535587305
66635575
19497759
440380977
187761323
834669486
364097705
202496201
240385318
348453157
995551122
859628572
795045217
883865396
426139277
939667363
640444735
264192318
502508437
910403196
322772811
657540778
942014495
321064970
850194795
267611733
280639980
676827196
267467382
884682180
454769246
616627936
629709183
409138337
428824953
148530830
264782776
4071301
646000690
357870030
936574192
401131291
214399202
807697175
217313416
459054448
173884692
9527310
743106630
874490930
997782316
28383111
595781145
379536825
148162592
211528534
982389355
761462859
991544415
782172369
932304941
413607844
628587024
593740971
437785348
885746784
773461268
547843299
104114034
921830903
927967584
1807289
314435070
291523847
85821411
330850006
211035762
713716269
242553684
683207332
873579712
265982287
316258671
770657141
878056931
639628884
540788908
893286345
733703157
678975499
121305617
63176316
603682098
458701203
401554445
824107293
903194744
903295673
4590047
31809928
483005680
403197610
956395381
744769588
894224924
452423624
280081750
501248733
848456027
888778237
586684396
934925946
441442781
733631852
246659959
517839439
508763198
50113732
147511219
689060048
729768260
154066653
86430914
543661972
764612584
266606197
272611159
682389129
956040357
141455954
762981607
422917561
833541084
306275002
928086709
210869594
448247411
853604451
970079567
812236784
392004795
526562716
911200495
544816281
843423548
104349554
115253498
511668155
921593135
692673407
957711830
208735368
568436823
877116276
440991225
743816348
170863166
379619755
828768659
375493887
217807156
30483688
727729657
363957094
441693743
570567406
435439833
505315301
958760278
5399537
454155215
713444640
5842155
55989308
473374163
594750942
999273712
471485272
130350117
722231213
645911016
586800843
952063631
917408386
474408925
818697389
158578292
555614440
30556575
439102418
294298868
369033673
31080003
766194358
447851355
450578803
65720721
593666957
343708678
416094498
276163343
789109157
997394408
6313596
315373648
637211860
116056181
976969813
829371024
374125182
955091206
1281938
539726419
750622027
469593776
855329205
23507184
251295643
162703421
916861108
121910605
246224588
309904643
807449114
592019549
185980387
338824349
650522954
968069143
226352634
661227003
11571144
853111016
822658251
424336412
221077194
453060583
712526130
915844833
669405607
575901067
239837266
657985004
84194896
383991629
656379576
909127274
412924925
962166814
133351934
136363495
489869217
893333940
217606725
510779164
342574949
939824884
290894010
295490760
677568288
459932091
585619379
762812954
740057693
553391528
714615945
916541949
609510269
642386574
569339574
519278610
181419285
352731205
125184345
748734188
51999823
919356412
889139359
928139168
939380641
864552993
775717430
861636822
911199188
484304286
982389355
793776939
119198804
296940317
561302255
274355148
25831990
551618870
571634385
249677216
101232947
49212066
252683926
432324947
99591589
713350335
145071152
859213036
139792106
524620052
244746972
100823268
544624616
825861346
743813061
882321749
951234368
2085122
498540540
546433864
571074706
29834009
706981506
127847055
940728257
269060143
929197165
186863203
803942076
52767633
268108406
906758898
898075180
343424779
371153646
213435926
449403968
252325694
82217859
339197776
135821044
416950940
306835376
661587601
489619532
439339657
673281692
629234425
138462298
609164811
388746371
172707182
548757079
675262724
555237129
863964247
994523147
600408480
181128231
46235777
90541151
18045188
652136069
132163750
399113741
399457040
883352388
243715565
388155003
603682479
614958923
4432579
521104953
467029486
990791746
971560904
781543475
645826690
52505635
139268783
287791883
305827871
423115772
250052087
695108404
142873736
714593889
353922298
474207900
26469974
264486858
392981212
989204329
125915503
177937224
872349740
590113357
837701041
168168769
6557377
818665889
618326809
997463116
952911837
297930269
602206380
411909312
717240950
675109836
991790432
548719121
824169350
985253369
633906259
778300021
283477389
305153289
560996716
566128770
747356964
717072449
518246784
132176170
318805112
684388266
512063670
587181457
885842132
64259371
417756915
971822858
818618010
82530492
860191623
42706667
250306018
160532486
185655893
940988489
340080154
496301240
154248093
813712790
503367025
944826203
169199912
120009566
632987687
540075860
169165570
246663376
511876774
915958776
659305332
872507518
210141498
276305054
861580335
912347674
252909277
947594930
55957409
487841749
363862840
736232996
563487239
151827396
304529146
103140820
902386677
515538072
350268032
683255847
996710940
483479622
364517763
760539202
191925616
540378134
436248100
657587771
552156515
84808809
562001331
212943085
307988014
325931086
828787073
558468317
772744118
169280706
979417324
841559418
579415903
613743960
997133087
67290031
6722358
566647556
2140675
604660488
156174640
309748235
223121436
266123271
754793119
874196339
803224229
697501640
547867868
725973426
110466287
1824772
602805959
84400642
394132155
800808503
347251706
781639288
33976626
940691958
188622005
162579403
189073171
87119428
860335322
222117559
843323424
851484145
941567792
3930581
90215925
664789512
796034858
12266232
739805995
992250345
72524587
444126208
119928795
242374311
23010868
672423717
331223883
125781333
681843803
176712062
798301111
630354346
630726628
675823119
100870227
825254482
515651955
637861477
613742508
330906980
62894925
34030205
833285234
994355923
591609008
923057903
132607865
305426021
962147276
29875290
141779467
971515572
89690825
319951154
537208026
20325552
998062213
331987661
58930240
924736006
211645747
667206008
342194134
293022773
486259387
651743930
895477045
8932329
169883135
474906656
729444941
469139487
78939796
199837583
346778199
20176289
766226014
722281880
262670593
518376871
811410773
204265013
220243824
694769610
751717376
731277165
429896031
819138046
79623879
419368674
850009281
315792514
787396661
6016893
701772723
815128077
930250420
252602225
447470172
760552446
263789557
123365095
548229344
421739831
164329391
738734968
431282689
939212369
156193077
744688053
270515661
64533115
556664937
452438440
368856259
399186669
712703570
719166932
280941680
504281454
872705853
745287035
384194003
355996779
937280371
6133117
997247785
413481665
460404639
328903527
589705499
606991027
972938601
35941494
679180943
632130760
899978637
773493195
394256757
73181657
156494985
529873994
341709420
827404598
221374838
481092435
337206550
594803550
25737937
659818547
742655400
89162465
931695903
502634064
257907463
76709637
179873147
970011031
34554466
584691996
531644526
304945894
398858586
69836866
8208712
876841610
160294287
848912227
227460510
441529625
691399317
356540221
977369727
596335312
146744895
247156368
287232686
160672769
120553483
981138001
656053045
128761227
758638353
718541730
788229044
423054871
605637701
958786440
787089136
164491438
191506199
192332874
31023391
243178246
365502726
252116354
859200319
574408888
305653866
257311242
523066909
25856371
760504810
811498648
61194206
832192819
877956817
947021708
668938563
42984471
272598914
662548728
44862354
58365456
776785961
819828507
110555044
895378853
847011643
447112463
568898895
191108911
102719815
89673833
956258541
556708643
618973157
169604506
327646059
312024243
465367892
850744237
94056677
772302977
980825479
155648418
273009480
181834803
320529223
336187638
334289677
533773187
698756398
370069035
495537372
175779339
98296367
603496495
657827343
615576797
931997710
916828679
202148088
9416088
990527942
457863408
69277646
515448442
270460390
22841426
214155310
585732483
660143021
913437084
870981466
59158339
60916882
858218215
341064140
851273975
759468843
938026617
32089863
776491467
61755858
521795078
970693941
475631768
946421426
192809681
562983183
253875647
980319448
62097275
669793442
714151197
548554676
362019682
776078227
335774911
835111481
399714393
147286914
236552266
651841494
700671234
574507841
328366837
632717928
528397547
192785042
767896859
963163256
793671419
568697551
648583295
838339671
166978236
783915856
400860712
282364405
128448961
791979251
509483078
852324670
976640409
830211043
595690924
437063489
234353535
992994979
895148342
926008022
294431303
288393993
661466304
112221567
243668486
208854847
805410149
955563122
348786332
744273410
291276070
168800821
798120261
499337400
998122534
437810718
178832480
283881871
23556048
954298543
298828127
701908653
260073858
565475486
468225927
105652450
506057868
538057810
899919244
506618483
420097333
964598552
909613849
905541228
593773301
436085130
487481023
711497247
854074057
347148016
682048822
98022983
242765952
329348899
478735683
893670214
114881591
239750175
559501234
925131152
221327617
227751203
489242716
988623927
24794272
833122403
845682210
561803523
930561208
528502494
847314562
47153333
100185668
31007079
872343996
775050250
241102819
405997946
964896503
513635694
673538320
827604803
914394273
244585556
69896054
210314228
931400764
175826621
368686867
932796745
616199334
432895104
724214510
106811662
234761467
191377616
271672234
824827893
250880323
380302794
520476541
437836038
365092791
998673613
108052587
502735829
379366324
35439111
271884698
950436333
736869209
193365165
856973601
863299186
616006457
389831044
475621804
738973989
954929730
258227614
564551809
92655840
321055236
194721381
952777797
140736532
761007878
880307267
454707263
426034527
182986109
570516360
767771542
793660956
148860969
759505040
413310049
115039739
740163910
638143469
746363153
977366502
788175975
371542307
518958187
923631107
116144878
53573259
418970657
739224798
650112431
972089986
112941174
871196509
175521028
764402290
46552779
50787489
517949287
141259606
817106130
201714587
673391085
52112892
945150193
14793128
678687995
909252940
891732602
470228916
464175264
380990301
284691056
969078680
358164447
40058238
820858514
732152789
262575398
861414440
449572499
625444610
14201421
819191354
540874956
722503035
679563576
293905332
330113151
841658973
616884932
466742000
214017306
133522579
205910084
813261709
163463946
617404126
827043216
861377627
714851807
736296266
221839692
732105209
614087581
983449431
515871000
370829896
861148012
989977300
942532342
695306653
653353175
595555962
634475146
504819822
245602367
532976936
467115825
348738154
282520074
284955443
217480017
741400707
966764562
188082691
761486607
926737247
82285284
95574074
213573866
509691513
606173417
675383183
517510371
128994789
321449571
593393356
931267999
519574009
280313785
692722844
765687180
731217708
768841911
534835658
991195993
899661831
914526264
396656167
930658620
788191047
86064811
338468782
666379470
834689681
461862625
458819670
994430012
781808829
706012494
116951744
661434261
877152880
998740556
4355540
960312851
233236875
398842336
960796537
508917998
688614947
175977383
917417408
383412713
914215362
410041094
190158374
422883083
548103182
438883384
469727550
101337217
310125266
970447702
567465177
506610901
884770629
830511622
66771881
940778585
86793363
513573830
63537574
911072943
191245282
364851364
647994923
708694015
45177363
573822531
573017710
360155766
834998774
764689882
669258171
101897346
727110513
754339232
749748297
666779735
106454450
477732199
374812988
529997877
132573760
306931069
276004596
981392752
766550002
358275568
857724810
799221958
124787812
327030204
811003377
827052915
246217637
201303654
62341216
697712523
553696985
717267359
566154686
191355275
211434687
589118671
507070238
738956529
825430348
21638788
723818912
622605901
698518760
356275632
411188641
589048330
733439271
787217745
265236549
833166556
696515404
843841693
945863364
215388242
648118076
103431928
321223142
575206156
692450352
42529533
69130608
177930352
924432956
99832374
403100509
764769358
921461627
197619855
133152642
741906489
861580335
555763161
304503643
49752449
893827370
262373497
358207625
625932631
42149792
371614467
251610822
578119873
546203048
567390895
597985348
996685829
63673357
938052937
231649029
123711907
267974531
341594629
481813896
940149922
612975021
554161405
74644614
48172058
691368948
714075062
10998686
366121902
824653985
351892215
37699484
165741576
566977575
613447311
53327426
10484845
145818507
578759847
266780559
283725684
532517862
839404953
359911567
928892711
744663620
184703297
461100444
125912975
70417249
600675341
301420449
833112462
67135598
576186485
965349465
917925996
789576638
520336414
787756480
193506905
78465712
587718049
380200282
255248688
416219697
277211737
968208070
863383053
902043569
21981743
175940098
830649795
449288236
560788729
576657428
697614896
509213403
562072864
451149876
597268375
847944521
438907640
399395548
527492789
456512644
986851561
644797652
155450223
7729350
771388263
817443890
956500437
207516700
246678057
423935780
767571038
155614615
556901414
674264569
224121271
998018893
381145448
345834170
768294335
224866451
256875064
555474274
712669657
510841723
294897687
511812399
405907233
521518173
379031111
34418235
113132985
678687022
634105463
908428168
106898716
310573166
882410506
212837180
124168827
452312156
485487197
578694133
927981542
400088946
821903532
391057083
65894346
987830880
371367164
150208453
433776460
616434317
569443022
61910027
822095287
225304585
925818197
634361505
608303587
789157440
634411655
975822900
372795868
191697881
131235188
126345632
972088388
826555802
596541912
935348702
976385918
740363590
118519568
732758835
653869644
888978782
65684037
65539488
18222339
75223743
666340720
973841654
886828684
847785604
111902722
341213541
990677418
228756967
402372740
122880434
323869250
730032155
839427165
409884387
495465362
310626832
297823607
719271844
660781347
324840109
710428911
199829757
931300186
643117909
535569582
282542200
813200018
691318004
531697796
482364831
662722308
928776590
568318875
69989277
55240610
255698175
223052438
773974372
270939183
704811472
53779461
694444540
6204424
366425996
662566203
233113238
105505430
626380001
502719361
575971377
708750625
888531962
667271609
113471452
410916787
277396331
210358641
469222713
747779909
248918720
658561147
818476695
279156415
854476206
301163454
811432648
735791238
627178892
266794164
220019843
987163601
592171081
140454036
582618372
646927437
799554119
60736989
869552374
342877590
635664039
638970805
375600817
853500689
297672738
584076546
255173358
15050398
448981714
625656382
472470311
886240521
876821991
173281215
77007788
110435778
562930651
977562366
610011041
205020548
475919666
816636597
464727241
502698619
556293545
482437200
279792562
466181966
119328661
719729411
149866265
718097445
887850222
611910768
434650051
475167680
804096749
21544391
665854415
824378651
156853257
953007733
655047268
547790923
669359033
431467112
341346565
613051827
540911413
219191405
277018591
39098014
411637208
649021170
275676319
290796267
172578432
727256627
221840247
64512114
976612290
654775659
551591261
458796809
782107918
523822826
760838117
350228880
91327
621859493
356623714
995023755
391200564
580655957
417262070
23254577
491642411
235626700
19993207
774145626
592036698
745412883
815476117
279599384
74355275
295173449
525999881
474637302
149529279
224605279
603159368
46391319
192431829
142436925
57989139
964839738
337622525
357021297
332191619
93361251
693909393
302651922
134728532
457543166
265516599
639369619
909274641
764590657
186636568
477866350
925221885
490335956
913052013
935778543
982408606
504540447
215534819
658304568
391839443
622386425
840108557
634613524
27021775
398922845
143355622
890129692
89621993
616113654
386348890
487343123
933414135
203947759
412615786
538122823
326765561
211896679
23337301
247768343
540097783
760826137
476773676
764868213
364241965
961982819
158361534
180557368
134722831
622097848
789841422
949383566
586476020
844370287
260030577
262408453
620476421
796831793
61448413
96934119
465509923
250590404
338288750
265456487
201552386
73933604
237104435
93993632
704325581
104834341
563943973
617759333
97978493
26137524
421850123
380691372
67910523
401445810
7020720
572474707
8413154
653143639
29025708
99938567
687809448
847549362
684069202
536296700
797097556
70892222
617816559
814518705
506067876
296560461
480048015
569614850
893636704
586929563
493722089
521857283
487585897
299850949
931833760
413407217
100346764
468027195
990102322
408888996
393157051
829327774
231188817
883551930
87899576
22350842
749539899
252541059
731841075
251092360
865630928
93123690
249839764
174109828
295398629
523385597
152317276
437416041
809744269
412890284
502619488
13355356
108198384
785721582
540923946
820290522
937404092
400921081
174255934
225576706
92303698
785081705
926571514
631750682
632561900
44130004
261234991
783228501
12256059
240433818
186272624
190098990
14777780
254904502
673790247
371898184
13668389
10055433
519110001
483770683
401048222
728502583
412955503
155313417
262012413
121249505
282800493
947952364
13370317
820172202
723547336
128749596
923002460
682121205
295026631
577386675
472234046
890155050
457615549
128325487
735356050
857307942
798987494
578972153
748825626
380450413
349243780
994239568
765988593
607700957
988245656
884555546
577718265
479902589
9396513
344431214
321462610
587940942
535431006
199574871
609859869
472322712
213577097
697235460
466051333
862051513
827667068
940750778
472049742
896672714
906469568
75049651
710430902
366878118
143676102
760928611
48733924
318163351
35715432
43446869
219657521
410763233
453700034
472017574
905271650
677015925
45820021
820480828
812961763
919421107
36402185
963071883
994732291
831873771
831891100
51104975
44424684
372552322
667887425
209421230
695089208
8486436
925870564
412637764
235254087
834185909
427926581
854505370
19451903
149282378
729488303
19355242
816318973
131150380
271322503
515506876
300188569
909545818
218169956
807481447
295419217
888058165
443740772
771061944
270201299
989809171
716268729
598460061
843982392
325640102
600802079
913802371
533948454
886445620
576482979
84227050
643433933
992049612
702190484
499662212
487066872
894586610
573799167
74584064
412132595
803652977
172759194
144967202
817974154
538492609
932118523
150044683
124989786
954457286
339914498
698208772
649363816
557729085
693568054
212507669
226508040
457891425
441143590
3984597
349473330
218254186
811781041
525140131
799215432
303272380
138295993
479281850
19852029
386695109
183649287
614816494
943065939
313805193
901612084
961773395
511725664
749332673
667270648
232163164
50554049
808400900
694983978
170487088
208057013
193953345
981341218
763498559
794299247
506552998
96896256
207500325
995329967
783865230
346988724
818840048
560830325
604492706
521077207
104476892
60440794
463977278
384896013
797363936
957562577
89899504
272475396
361759700
108217272
901191711
27564464
141888364
596267332
85018792
232764011
746566349
832927177
902261602
510519478
758674401
888927874
233880122
423737226
450363147
817798594
556927656
955621127
740373096
328055813
700497576
354912701
254016809
433775698
649605931
758287849
240536025
481991544
90656059
543071591
73116611
655613028
443872714
443355948
218964605
850715177
186496689
494176316
19472065
53089739
144795422
51591522
869931230
301463034
607415778
457433430
961713151
854375282
202582684
254998298
293830223
758131112
461912532
695091270
875754663
390846119
738381136
668070986
206566961
854607264
360891794
99186891
1668184
179156193
474301839
516104032
660036276
490880589
116089576
200957550
903084582
716508280
868863085
137923331
714947985
51803723
41929878
14745228
571910642
846857708
993079648
284152760
126225692
395603021
312069830
822577015
261596789
244264861
899089766
949814229
998420240
214245556
134478209
699298138
208764357
849503015
136870173
127094633
14570253
160753533
55393688
325802192
473984321
638766279
471161366
25838346
370889031
654066783
4030963
742812161
642031789
200794486
752201353
704569138
423391600
223179786
571661425
805839579
816195656
221182598
585499045
421067886
371853192
686348140
673095851
215596310
981477485
909243521
885745639
373966217
830086540
127594363
317475307
56437918
987909849
349184388
400951934
457757819
403484383
308032737
801459301
349259381
2660565
275213602
860111642
365716404
302624608
643262140
481865612
42886773
910119404
218444735
515688367
999789073
833070215
192262664
210696245
217497851
81347584
411652100
670529388
519624143
187507414
806773587
7259569
408487670
67424631
76296656
420922238
602262106
803753231
740310818
206140258
205852250
314503915
577427415
328111791
24442896
893878016
949319268
602528037
825779366
155519373
417420761
242002417
148005977
633997817
171777536
82826262
981958429
788222700
678839364
624430879
810493360
942947533
830703713
769564292
351488372
490738273
95996562
231145985
848893260
973946603
192394847
332368619
670365221
406884930
51986000
847323007
199136444
348917507
470623997
189134034
827886938
957787551
924329754
356439791
498044167
367860751
664264159
998259181
802095900
45227878
664924182
63460345
159948906
642253998
238253757
745973937
221539555
664770495
454304878
257512413
674975408
565539318
513224584
351090406
187432712
783488757
101032464
895039493
44602043
672279000
516337299
987627181
309905937
756680221
536412240
325587851
75817783
307392763
444170878
815476117
936403070
551455359
386022545
688225916
151859949
734611263
837885038
144952272
693039841
381799053
428896546
561042902
789237173
922799974
2308636
157009184
845627952
919673657
508049687
482888061
381123208
474237534
46896095
23155918
793802257
834093
299716864
445325637
300950642
56428182
879447543
343296633
458795258
350556805
605251476
69422488
295094701
982135838
238005507
427099593
318891255
874658296
731257496
103798481
3160129
812481508
707018408
541391653
723332986
211809089
828494029
993557264
415392196
808958142
497589516
874301957
431280823
610128871
788871604
949800186
602384077
962681997
945417577
320558986
931556173
718423878
836013055
649622670
871942447
534304123
424451416
78967399
37749042
14079727
771785911
687021666
810244964
192871182
754103321
649220625
341861631
975562222
24518473
995786064
389439031
870952637
312530436
249188595
384898651
602712138
675426116
82576720
544516548
561022540
548780441
987390726
450255704
689368813
619002723
313808518
92009734
319264849
877539640
912781703
969824371
992021581
59228529
77426385
15633590
674716488
671870055
842677278
583861824
782068369
800570438
604240807
283413412
863099387
134614533
505968854
231238495
810106419
259129
839393281
485722204
30131907
506312564
526843839
309497158
640494918
576666911
553668327
510368352
371109957
1266779
649605931
231092626
326120680
763525051
683068629
587533220
363277868
353692759
637360240
723244552
251839544
786954570
621832634
223273626
200891477
421137838
237669711
790737444
376967294
39458875
111046011
533033684
99430323
435124257
705550733
89809007
820251207
792496546
11096585
604523067
591302016
307131919
71008592
4199152
528429414
434508647
244279384
685444485
96691732
114337003
694613170
498562949
360186466
943560855
182839393
360816487
382838330
570757925
375151360
217752302
203282686
127389197
296823468
550910996
445265424
6703624
404329262
426091936
934552586
72275557
68468225
498151956
840202209
318840027
559172397
751399942
273693927
510659064
277315236
996896535
33832435
680121781
166776001
15735723
655632956
53449359
13784534
875703705
108178679
116610679
476764940
767113827
149346206
171157804
296410705
576218469
67705371
231718539
56131799
433869142
230271688
678858285
403227908
635912165
509739864
268609364
361408438
352712127
458336004
920723067
5499344
368193040
758674401
65339574
128138232
24643646
657920840
106830410
33631998
411008930
177522825
392544439
540427930
442476040
99845150
310723515
909436494
408964876
701623604
8353318
619726070
213905699
419778111
797541583
521333374
341310452
452112447
653581367
986267223
826464047
942385284
243894055
838644195
957638944
73909805
979258
672474296
879962738
538693613
185686527
625503835
939129705
266553956
53432749
127192813
70028673
934107763
928051589
594407415
737258179
51465527
672165539
999776251
176129631
573095358
395824498
774403313
446839883
258946130
37949451
891673973
366156302
95728928
710039886
699461392
293833875
898209689
416540031
52255973
845695728
815431218
305114087
649685217
218705874
528412728
696163617
327410001
705615547
222676582
993177133
656675099
146748650
552939288
99240648
896969411
608647587
996160477
800209325
832385217
927149621
741021929
599158273
836732137
647810942
864202335
105663124
853446278
499026001
548701119
147459672
883965348
677106723
458554488
608517290
731766729
997161413
713021179
4302116
619328366
297755005
937763561
501042964
953894812
658398394
239953062
42555153
930688199
614887470
124560384
580138388
109079272
498144767
327972246
896510731
67181052
903999128
635305453
137801602
358272578
824004940
936546295
419897316
185236770
465162800
85575208
902642794
543575909
140258402
171238733
655573172
283589767
819138372
100692509
880094261
539365149
776067830
655497760
986583887
219232247
396830479
36550446
13357698
313209118
131572946
434177939
822350917
249338275
29238522
655422083
605433297
569892964
997039688
660452685
322250137
176429157
701455834
777083614
581062356
226482346
838328429
761470583
939796532
927454434
461579951
112991090
460559167
883447039
272264300
125833010
200146466
245083774
853170445
50056567
164390329
648343990
477704724
852903308
707970106
569331849
855310689
464552189
378754772
556632757
272161692
569973771
630539470
500452989
276079014
782858530
266888376
268964060
523954676
657890546
206652350
485608960
278009502
23249930
108596553
940659673
147327760
487979622
897541117
641410734
85968811
88740415
71201710
782891507
812072928
13846804
749077059
657348484
188651333
639329866
712036136
214853100
372877172
984914594
165700682
760204542
675167239
940631511
994420738
45282027
93175995
387870016
481810126
50966419
899528183
259625870
683392637
352172283
800227410
740306455
265784144
627230668
673451343
691629238
336783068
267729658
237887267
53308464
28968580
512710367
801617275
231241183
637212685
121974771
454152316
247518043
67231283
401949613
582676058
148158969
475411639
445408728
982244180
458880684
78719245
262585367
745321947
851389057
323507632
861662289
657239727
457965391
28980936
290105857
509177532
841757843
36456636
408871363
168919853
435572300
492026914
208629979
250280239
884150470
827105463
278029330
387159842
831044898
858158375
318153723
612302059
154937071
715967231
838222974
219526823
155224816
29379200
784628028
316168776
517465983
952686867
472638558
421442481
510757688
11490125
400876994
341897483
294250537
346383562
745962660
903651712
954802121
880354583
412222142
571288129
981570638
369652950
384712216
779734537
487554789
995573465
97444839
170163331
112471281
951640229
58002355
189944933
189356627
148269255
576903781
534397115
269028906
973716575
529107306
429816424
984610586
765915502
864658493
909110680
581664376
502394486
798836986
847335280
518487132
132360551
118906591
597216313
738524280
6268822
954409264
288426198
82609370
651579820
911420332
196024982
909655001
671096508
40448266
679713243
278367651
423737226
981933024
697155493
362719579
447485103
540668920
242821785
551530259
894964547
849685810
644249627
994850450
896158311
426438052
920081404
263301748
499473313
697822500
101387289
8486049
843249020
481421224
714388465
888942305
981563884
80793923
835637374
733383926
697384026
8342911
76618995
231783341
346800228
669941755
589578066
346670307
419342245
347678784
549689113
21310885
169790629
587611294
795710937
445464955
581803080
391713349
940047100
597805833
499050024
709226528
673713252
330175951
436303222
970779408
537621224
174158070
51528290
719278520
519267841
323385807
722535788
955154958
263692510
282040915
451330645
631930322
344897372
163951373
80567781
119913244
822802186
655847103
346721708
582411933
826628583
634801072
140040876
513246913
620551379
513021727
563751970
917395272
639091968
517446386
792246972
417049853
369361201
10527335
309820393
862533468
65773977
897149593
113317441
776441309
907010942
984986969
907141689
302672247
748638976
830422842
646811534
418128523
753938611
664674419
354152119
582383767
68860624
853642494
317991352
781639015
491565665
608524332
370206420
952188843
516273596
821924294
962798848
856237822
109963713
99453563
672948674
893593522
583160207
43041278
519997978
956773102
981866773
82103548
755210354
960682923
584185472
117770840
781788244
364795569
766242854
597093684
545105397
453219227
638795561
474708433
974163646
28370104
50338556
806842733
620237432
4763656
311497480
817998641
132166840
169674578
935976174
935566420
923814098
797507135
137663176
731217708
482500353
845579272
17442916
803520278
65653677
828239948
227501820
132653074
446859842
136718984
436216187
225324105
385654772
13970653
201457290
985157999
913173727
282944149
156570434
386703896
148652541
554434613
567191746
133656154
408239186
624662408
306667056
435490734
839709621
883813376
944841926
141018191
480271619
291325759
280941073
318865797
319051137
450635218
487680593
463603394
652551861
339752907
484012714
906494364
512928155
348189891
38410306
94144896
790487787
592927155
450806696
560505341
584821324
278220025
463775991
634274641
759692906
771107353
658561023
844810464
264594543
958527447
729146391
137765218
905054041
748800392
553198423
439984077
88330920
748765708
402991467
866423149
695428839
714804234
726629689
416977747
335957078
219324336
291615029
524073426
478790350
848089190
394575526
831287066
889786567
813980758
575836308
971805281
353006248
336616076
366928290
444218801
251218947
229654710
473031476
258717604
845354271
900854653
529680414
605717313
74928865
147558798
840527345
550270888
614952471
737258179
291873814
682642739
175838958
694397865
13503146
82075599
950427893
707466165
489388092
625209114
294504385
227982547
582072753
484009268
212165264
413964816
135707622
6322322
401648515
933371391
8994468
211653428
114094695
662618
599087136
895868413
784905854
58512002
89480999
209970118
641732988
417462499
196204459
985320620
113404414
390740361
83821804
593984768
746030881
768776879
451584866
993232364
323073747
318530065
754586086
688376622
887201626
455386981
691716667
372034257
15141636
843637618
108073547
940072252
990542730
60448283
743036091
665346394
151380975
327093887
995388231
393523840
65053971
99657568
533644985
844547481
264248029
597742444
101635120
71716588
76742009
554322374
107456960
798488430
768234666
17474079
660327109
405749325
602494678
651258351
690689658
576304727
517694854
292323358
171819272
437666769
132344874
228366820
469753004
708196002
455119120
205420647
842824422
66221290
776227026
562093438
464028050
867611823
828245297
862261785
909606345
379136240
371558023
67349032
814687837
379265932
573403236
66438727
648636167
931771276
690514651
723601446
355628327
634269175
826828112
170757793
96843634
654915860
796357557
510506045
872675482
991194647
262506973
389334663
969041464
8033921
799794928
979260767
700974776
536137748
371275223
762903024
617441630
974943196
383086449
331596295
185133887
831651921
226289111
850064239
422641614
688650088
329083584
737253126
425607110
713832327
89660741
835177370
612742694
680400624
424720729
112563287
886128765
746150096
827115945
956734319
282203841
950032368
258456694
531318134
623133841
789845230
901605457
641624368
565864771
385280157
775448994
333243619
858558067
46709953
973265022
667771598
506178988
51723087
624255341
888655353
506310227
778967073
757313492
584095210
657764887
208435889
5499344
607604252
509176900
254012532
268842843
888933135
45998486
672979702
546136760
980811896
728386612
920095180
579262352
521472661
784197726
354810119
425537274
540283860
542591569
791683812
426896668
829771742
928548910
171974684
732033565
450188786
262803177
952057787
219551210
140287291
696630491
191487191
909323138
169577558
456280099
510652358
877790201
653271292
971572989
330177863
400310994
607902799
343730703
55724039
61604864
799163308
298585513
17589723
870203979
428594055
653768104
988422815
14530075
481190689
785276906
787563843
587066331
882681503
814707222
764655959
18242965
75852391
896120585
497450108
783089147
885893637
173739078
862481445
64688251
918773999
221332941
560234099
894456188
555102528
773386202
417729345
844298945
995896518
601471614
892110607
862899070
664069236
751349279
892931483
165594428
213719683
314635504
278822946
764994861
135376120
149624020
725192941
994177695
438102780
118604450
416700512
580737077
552154178
736163132
829553970
191160106
343999961
292092737
848962224
443099418
842044354
271256622
559700534
5311819
902538103
628167051
12625177
526523912
118143815
687931838
451661968
187495644
843568721
951776402
818401824
66335750
482604144
345712383
434925079
571287592
284723959
877146210
815476117
76632160
701674818
576049338
55784609
223765134
446818353
21141946
665337351
647194708
577193142
977807921
719540169
458582928
944421538
19602028
794759553
55440884
203088524
514330742
548345020
494634389
368485661
513185118
688280411
807426295
675183025
910119404
394762664
859606394
764992823
511668699
358451146
624703962
833381957
767797139
4057902
67381644
456814721
189363028
368142404
408856804
919786856
559986742
570207561
535294568
750284227
338518247
277673869
776082122
651880108
327748881
333233886
922661046
179450806
634825634
903616744
842106982
709026997
264059538
91624531
679725730
433255163
778266773
884140243
330276245
121153998
788451860
511416892
504027807
537926165
37124810
604382148
422746833
145024675
483560642
758219155
618574217
827588526
188815397
397445794
540343580
701310343
192346609
710980543
370001622
886761128
367619525
685898658
704852588
572930547
475541543
354160784
120292961
887671364
263805397
559455431
329003759
64639672
653526649
643275802
825847941
747214698
744685608
335911368
38889972
551502337
993792185
3979259
155439872
375869821
242597733
575712392
849272737
270803567
266516843
249506717
28414514
175902448
27800685
76418169
340626060
444604380
194695385
229993575
209950822
847617420
609066786
815255000
207450165
358940185
771002142
296561307
463251327
442865122
616210765
30130184
221385462
524977
122780231
536392899
532294996
375740298
519289373
854364234
477761536
70421519
105354393
897953319
630959311
103233883
914920480
491589053
93941291
566162675
627763936
375005422
261872754
787652228
224490858
8422395
878791646
762649008
219414226
305000451
971978508
453142164
693572195
710991951
920967443
261414979
671422774
108967089
896148977
312187269
616518856
10162777
239168701
277396331
326686208
528904551
198224301
576351312
158703280
362783533
160557140
250862338
62723974
58583248
155083365
425107153
168308039
147897960
527570993
263392799
483969335
510656680
575582016
795114122
975657936
42242974
967015448
598127479
826244591
736678067
765529781
235580684
377200475
719139236
275282441
795835459
818279875
938493611
850596168
354302480
425592547
292738935
393974043
324043262
830621122
577800497
228771584
785505798
71213519
491589053
480069226
790608773
737003580
504184289
361173107
465998856
865830672
10775922
43741432
357187787
792221362
260119909
517497863
70934254
274914271
121431583
556768330
576998092
68084274
670731471
829375336
853628162
516505619
723070258
221725029
228396520
591300341
391092918
389124204
384035412
202926804
340296272
465444920
706657809
144571425
212473867
126997037
919093695
940513707
511093439
215443840
758452781
102907044
564618090
395236859
562968510
720865019
933717846
520469483
664462618
234441150
861767383
897293420
396264736
396649919
977250446
195876702
647172375
899254491
598346565
221374000
263959290
105713096
619395554
84510190
11160006
31162142
107420607
754298583
562852711
576576482
301131054
625143146
492550157
294492120
181196216
411123975
387205200
507734715
590221611
244458271
725565009
806078546
986501997
952410957
312154943
894305503
156551529
209182854
879218827
124862967
931125354
614167248
870765494
528098436
530401702
43835203
55751970
560329693
875905208
855119223
745827794
125170941
896695392
632697848
115556687
629291410
385158348
321327436
877574714
925473151
990614082
298622198
827326970
559529625
900893550
776643113
651324851
172922943
415687059
852080574
170042774
885509400
286774019
5800579
282745053
654865178
995583628
724446023
208576384
651147544
544450346
729656470
296176896
392472175
630556074
820623
153384104
924461078
675611895
886570504
242560462
663246393
653898193
962690439
705577415
463171876
261318310
391982356
284004084
262577714
759657978
144258885
962323777
966711957
988052015
854053323
342652551
841749964
487775051
270557574
153525148
498184249
775795600
601186444
615505695
162295167
95671497
696398276
178512667
848046915
442192992
131657635
42667110
863991030
20249154
575364429
890969071
459049453
280793234
216296740
39989952
209817058
209533723
851061263
462432423
290232491
90519467
239208
691248695
150925344
951271563
591602370
926776237
824863956
838716705
822639184
564978005
46368360
686864052
121203724
829317706
155415871
245931744
489850903
20123095
32002690
847268155
938414543
352279533
3687434
824387431
726955726
358744727
389517345
381005289
961482787
900841292
31300943
786440779
344568409
470374723
139896282
591682657
650207657
395631148
706848307
3321075
815195136
427572190
73442785
957846979
149687929
771359358
43869540
137616235
325143513
793657759
933997635
722474759
834415288
986630387
884282783
821937020
371284923
5399537
352103493
289565576
344112959
733585725
129595178
718108063
363628155
481007420
330218850
133917205
427773838
851787276
740378928
753763991
622574924
708816911
951846965
539282152
120954736
558893116
529341824
700845043
187437305
911413972
117199374
511611711
808535221
416920869
249964667
429402855
4390569
655221803
874303414
651145541
514627077
461587995
465649740
521394101
769378003
989891437
51600413
57922572
591265612
834674301
153067637
555511674
252984428
913086842
291552158
819027218
119563733
497017274
826674696
983639245
43898774
534153620
568800073
550009125
482052861
320577059
600238610
361216106
752532604
136860961
76172542
84270103
716255469
736740349
83937788
837857660
816718522
449471395
808073197
577162817
645254720
663485876
311818547
314178083
736057165
571429122
80924696
302419568
476535988
765089972
614014043
195516719
67241253
121332934
244052819
825074765
830085248
268755634
464451572
233391329
580551697
482634645
999451614
980153875
779615434
19797042
164396182
577357822
482375651
858662118
709000298
315052917
24306240
611210598
271036798
265040324
416301712
362833857
230046334
682261681
522488405
776581580
599914813
134546281
368784651
415381708
683428897
592817671
867076560
398588285
250297763
147034476
961849691
171347056
645515396
644640745
742267793
689809847
755252992
969318590
774154156
401760140
351200884
634174083
896835679
907124986
279894916
98560832
819362241
446118721
329758466
681371762
252519483
567526210
90572396
13246001
533302740
908562262
206566961
498051930
467248517
204063502
948944123
831283071
12632708
224835785
859749594
138642584
145615857
690873179
525303936
787578735
363656126
927664572
655325773
121547718
117160579
671516147
510639089
146324310
655376063
599597013
805817851
785248452
370504827
798305161
393616627
951988625
860610333
814925183
175444353
803473926
905287041
295802118
900853128
274931748
888563351
241121852
890424897
359838967
388169752
270536165
14442471
928319640
995193678
761749740
229726154
637869013
570287288
84802254
539310672
731939337
746855743
98849772
937866595
848588271
596869793
602470995
192350945
333984518
42625419
116754012
698978198
703538983
698566809
373327443
390374718
225742381
190531043
14474711
137929576
950954534
386646101
40442930
371355569
356602554
373960649
346857050
737354186
397184750
210345958
988881092
712979674
586800169
634787165
378374899
664641866
753891715
636785829
515671012
361636650
327805256
854511548
49713378
56123671
483358403
145839336
301652193
669430516
231325818
101986455
253138527
358588436
449217513
63046673
325681176
352381057
889511555
665521672
402677305
832262919
690185412
158720376
44137010
4923415
822123306
142918134
720102065
944978274
644338192
362197898
628132425
435269898
176359459
389254300
911529206
614115385
73978223
782372753
662999948
411274914
940315811
54167029
882825067
868092099
381847662
150241032
966461100
432665865
292801719
32837452
776549189
661427963
875044166
803873996
452614694
736320885
595554425
58393637
520831171
13148243
334774203
542206059
908050570
734720453
967145691
132594993
434109168
299098779
596789106
547735024
128013521
227423921
204444706
296709119
779961151
231997638
921481647
915600202
280696173
260914668
256374849
202388571
897694906
865644347
939259679
480459964
98548689
672213340
679050962
535784558
911212951
270179165
912488162
811648522
739356087
375105373
839907002
664029377
498237978
635274560
369630546
852444839
909080956
73120473
190047426
735311968
271379513
687986261
385890788
658849770
639474647
612353218
441770868
310036681
149376094
240300766
525052492
710442151
229817624
908888669
799114579
852281479
209046890
511713690
122088064
983988594
655365902
960554226
911551191
868694649
736799825
885401576
474563096
491117407
246051834
535217734
976995870
330382333
827593841
885328540
260995702
433236451
797339609
588876432
131996763
454802170
412489203
269578417
809152439
849259570
487247194
861564568
154957096
705735382
187502712
23103376
669647206
794324754
727758443
709699115
503349993
38418997
469477589
483828235
978696266
190961568
477578192
970486098
744218617
372562258
641988035
65342824
824494358
673244871
900851349
141353
692653980
28595722
973036263
28147076
946198052
664170464
490041260
488293542
853792956
315646322
531267114
540983685
216717812
605976589
386042183
313386407
379619755
916610107
850199095
508282631
476132868
877070604
184916792
791741481
118819133
987666928
404226153
263070932
913453899
798190671
59496154
375694806
99679046
916438845
363967089
469557031
951330282
287954885
628406626
47998282
189711440
821522438
282165067
176494740
112908848
995320371
514729094
617576350
684840907
803595182
18137588
196907788
946465711
935244234
737979440
170538592
737301394
271686585
581082073
838856491
481262882
329027850
783426817
325573773
82685616
496776697
64116115
945430024
379891020
49719714
72956070
950838914
214375721
913021450
263996765
912678714
97960628
577790175
128636726
43593058
549005069
675758028
488306146
23299353
366940944
134497646
132149536
689244242
182061052
28263911
1899957
879866385
714821029
492337011
511988959
827992843
29301112
675200901
560025911
413413568
637846137
812010216
339788834
257606781
925608745
326428681
550089804
106610017
984500489
655821246
984840843
534097088
713479833
192788663
227715950
583816247
520378942
563585537
94095676
689439143
808102823
62895534
333470184
77771454
534065448
230468913
712264877
914509518
194985026
445186833
674419617
692463827
858194371
100074977
192446718
899444830
451807716
256506531
246320814
283653519
479798570
61415437
609361134
979632757
219640024
116691902
318270609
659081645
998379027
461428139
221672937
239607572
99602953
933712897
960701371
666150905
682546365
373773222
998137460
716262248
663809867
354726204
585645090
525710749
978805361
796745372
599679842
135423949
52831563
800473378
686641833
999007552
598396190
912219536
319182200
243881592
520491338
741694982
449060911
638245134
926375688
464818895
8876062
102367202
539686046
780568798
260989821
383181059
278334346
938052937
524842862
313540316
216607876
363851121
724145855
328100508
69682918
235306459
166376114
624165381
561203961
448953343
756156796
546399300
113195651
763785466
479920681
912326962
133000470
672802904
992021581
401021158
978759204
669417108
789379893
692140283
674716488
672269023
701881382
64687087
741584676
819045543
271367796
220073151
143336959
488604549
458863474
64257196
553584935
746296301
105800990
270426436
607525129
410488696
41399087
337803931
241855079
133048021
33403370
627698850
906109567
439433434
968166012
998556682
875639428
938461622
713636206
564444016
310196087
446739016
956922193
65331530
70447643
843237218
151032670
253646915
448397529
651887090
720289262
190197611
277637925
218218003
286783298
460663816
383790224
369270400
180307929
121714990
857686696
250761826
293824543
51983997
235555813
660051908
475938554
960839381
945200009
880373629
584318338
363067603
809455843
503774833
625757478
720834552
909707266
665095401
806845442
209421110
725239681
428862406
719472852
145359893
586321784
218939155
994805560
722340812
699073808
956343050
322614820
110785813
370424599
20263506
217841439
332891602
754382647
878764807
717562012
327186078
455825043
325184902
777155143
890523303
502674472
442088209
317110733
366691964
436364039
887142671
921545476
612199558
41687341
44814601
502020032
867633339
891314305
847643955
970031093
636769974
944201884
148195429
153020482
463959375
572512307
113703340
293695850
848152019
968273117
671035313
459575333
134883771
44503234
664125357
220089328
512489309
234463060
908599361
773968667
123509315
237118768
29752384
498219188
975218136
246723962
75858042
437952605
351212723
445586346
964646152
140884355
672534722
534882716
738846982
802215066
36053028
874005805
615683593
187356276
312524099
522467582
450287066
59729658
844751331
515666523
565510286
821478497
87578787
20572621
555237129
405481352
730015260
278080879
742180018
792326173
906522951
532778970
551591261
789635721
661595225
248129806
458662349
440152214
922175718
145700523
572252747
6264344
621748766
983687720
21531960
391558086
828415742
773590548
331110810
665936354
794324754
256778136
788174435
855495945
2053482
538135830
4096996
518463830
293770729
301675690
987193959
540175088
413990075
887789585
10427855
256532677
614036681
720303716
263178268
743809078
284092893
384899808
91888427
893201705
410892156
138605119
932193384
528867086
107008654
749668009
186984764
957622221
28461926
293924983
461055592
375896192
841224186
526483693
652576614
289227303
480057087
649235777
101865786
101925580
74784243
60077162
987034419
667550021
516684259
404635313
588383993
695631206
308224682
23528386
509633176
472613321
941286589
602562181
883565885
901467308
182856622
839673675
473337763
377783398
446201744
129561921
361653401
700293794
294700444
863468585
21068404
521966648
324936178
898012765
23389167
106823781
334268738
585399836
213797433
489413923
548136130
246116168
169378830
328807148
711097586
263309721
633060586
973672687
718548265
503029357
301903531
762180528
393601925
734904408
425534903
629018579
398014570
870382553
448096808
476874021
92094224
662269986
842311416
773402123
701501897
969803300
929344256
809189953
481983436
800047984
430642368
11636927
398537224
725545896
323394545
155000091
635153139
241881642
33786307
548780441
875025011
849687712
681414574
968052564
547177414
13489681
259548814
658530488
8576595
288203317
182006322
422842359
175330375
418778036
101467009
332700018
587157994
708406141
743580280
349619515
367146958
533327243
142503530
363060449
380801121
489517288
161881287
516216536
149858433
860764230
807761165
510296342
927040442
341288655
740836749
418148558
480986202
145356662
730382676
228946272
162050782
216998923
487480869
508721374
70421519
594894654
897085857
213676884
673905035
467436585
333343427
168208529
780894777
341762793
389513383
745782802
605096017
586413151
57825760
292828369
821302770
474331500
108196780
391754422
903863625
752155832
896658042
275187831
991256906
430971448
252462060
935101959
933302220
387944239
984412688
640556181
506278937
980966423
806091750
767673119
362012766
97977819
870987624
794583393
431772754
840307603
845699628
316190392
573736338
333496291
598130813
795137536
326915979
641826729
767249269
842464508
488244101
155718001
977627583
888842457
209137142
30693079
699933014
260212256
21743306
911090349
107010636
997213130
975443099
920246812
221077194
442164261
331069592
555197464
20233501
896653665
210345958
173179015
902774713
792893942
495950605
876668010
137156545
332252559
189400765
678116635
758989631
590623617
301851573
307141893
151622842
822840675
946914148
327806326
331474522
17015772
129096674
105733476
37474904
377548267
218367770
106786934
575690457
481981958
636471401
94919703
227531785
477338362
144648607
878391252
934841049
261200829
665056545
941772479
941715504
958609539
964241025
234606334
345537153
596898464
48202583
394111351
174525417
564171487
211727762
614887484
397230384
337206498
710594897
285059151
470698079
163864570
968703083
134139084
998566513
859901879
829963370
548367679
613757598
955077346
531329017
435315339
884355403
407945218
893799911
453029113
271677052
410761220
940235142
769294957
4603489
68772932
619682426
792947303
277054947
843213703
491781726
207600476
862010298
125236185
170604210
944215700
936467188
823957909
572441414
50945448
944021539
259714429
244948018
703084430
551104785
391508694
34987691
735682201
156344061
33025265
171293524
75155430
941782488
631523670
646764280
429188648
587665157
268664556
844013881
792795561
626686709
553634854
397518530
804616176
771509283
985052088
614996757
205374901
516655288
197381333
880400198
260477977
492098155
155704582
306109031
215891130
5824866
215724842
428125110
599956611
187165575
85021388
443432489
869215238
730150556
438987118
403045876
771392824
571054713
990976507
490880592
388066960
130758771
620525920
72877800
686514682
654617851
945792444
721700063
627869422
550071659
900012987
641814571
101968229
822891254
259361094
465049618
4206578
272466715
801425315
926222389
592040365
929373805
876004349
371430330
986504367
513236499
416151066
615524166
471962101
188228564
909779060
33387203
451760550
423737226
602202227
42984471
123844187
416133434
109443845
737432934
637974329
386872245
25584674
465926195
425612941
33411528
995733478
223369509
74436661
3129293
698976947
151409756
67540186
243359056
851255102
647548829
470467080
409277084
525042564
723020946
651975049
723571090
249404606
317730163
66796536
261167017
658481616
216755906
764299887
983042024
567030987
489423537
199465747
38231114
93403394
24004269
747483618
166169205
708903016
712465015
115011686
9461620
830163524
805083555
944693194
73470474
956377862
660988957
442415562
935991331
931077176
453562494
392084714
315251651
796195989
942271438
877659156
680268191
16701686
982552600
27362685
410201034
53002256
425156940
273553997
89365994
121634897
303138593
875888992
588250553
806654894
391308687
249157292
112906045
681694181
666071233
960900501
720575369
907768894
281363148
801240153
612581913
646467008
75088501
156015736
750817181
732847687
695177438
720529242
62646976
52355341
49536749
359892312
447962495
146795291
39598871
352452298
981028270
210247414
93699700
275274563
233199133
518709372
376901249
607160548
778149566
309234959
228278563
896217583
888199369
912387
965480081
597838045
206273129
888972851
189586563
190550991
52734204
956859026
677589254
544707512
204969803
411240493
597073198
252407290
479454820
520640721
673503518
357131158
154844932
992047631
216607591
543843582
912537352
385339597
847653510
120747440
87179393
197471549
774773470
633007002
135851832
548943608
348323139
765806992
110231869
114755943
649619771
66875516
323073747
35556331
191299537
647498395
400148528
149527997
405153106
916206396
680969237
956545657
586860209
732417329
131882889
820738360
616305759
868697091
493658330
611994257
364100101
134326547
904055657
97826313
870056120
327238932
738644922
541685624
641039465
517919332
236335812
131326591
214765938
760334229
660744919
364756270
956807670
232703084
88934242
473022463
157675552
782416092
629122036
442217984
288444510
205315863
55173028
409262635
437179260
457993232
861508540
146598722
464017939
956267630
819261267
529902015
564324268
155369439
350857329
607757048
989801988
655462982
364932985
102865802
124970364
906979355
37006139
11900329
283170403
48196013
993693137
838098608
546390251
200897455
675262530
105014085
177212376
545523415
15317891
241091102
954267157
309982822
370028445
411617013
78797474
436759286
964815067
409585676
406354169
492413793
862905521
678926163
969882254
641175316
136241572
649332097
818477260
718282211
583903719
93380731
297266108
129364257
393681214
618733073
286298717
364966528
16380984
185977843
989955182
619182756
607381964
409569187
25358107
103369012
184512641
851185381
780014049
269109910
447455152
250036447
596648687
173382574
743019906
840062492
11702396
533103580
166616944
576885709
705418334
45759048
391216048
901370980
612116267
239768610
879244361
116558156
159190656
518639083
885362461
72993453
217235473
562585440
916844813
551870909
901535495
761287129
979915225
580765702
198722898
707479390
389320535
835681588
501330252
309450178
397922270
738703988
785329252
513631002
859997960
480277114
26447649
885075373
207864710
896932953
488169700
792638753
7785474
677783956
317823230
271321269
937153216
371956402
618834825
541597496
694451341
429979902
816382736
265727175
581038663
355257897
102711341
806525883
393200834
644680986
579113712
181558130
496881300
475106740
596512973
570926512
855353470
516610410
448557999
167811607
972878411
349313483
171393685
341621151
269367516
422625880
61493017
192748252
293681341
214991242
674360856
910387029
972085662
741907968
83456232
725838297
329591006
180692709
624740922
766325905
117462482
656906106
378979130
663704970
515461287
170138853
884611143
368005264
597756296
280316341
360148274
301247340
341988854
170032629
374841821
370861669
110861016
757663678
598583718
972799775
846136664
51490844
174896458
572101577
122079025
314826648
335985351
359466959
279974615
771534323
473001430
720187421
764499060
520525504
685102760
587396638
114846252
937640805
785150183
322340494
115126461
611184811
646066288
832871124
594556301
715350073
364645030
403223635
939028435
623679486
424753577
191166828
814295947
527914721
216157087
681126056
333527440
927836298
28575160
308385846
357005509
294690817
883836529
513697745
779654939
750388523
737656318
875031677
90716055
704426909
16817184
660505366
443201630
829398804
175616341
58377007
404450553
355224949
998967294
383785520
719382342
815288882
33084089
369876270
840141464
542233467
312879083
962804342
32496589
921353688
264099341
427775008
191342194
277365304
784170966
888839058
876034773
570550232
840449035
352603036
443723714
399824248
675508789
935057127
355489421
425381927
5827468
254881189
794342311
943039064
327432590
98186493
507709996
559504154
454214085
335771485
618570837
320742542
463015362
919081044
104478596
952643490
88015879
380373512
259310359
568915089
458850523
706255072
614057657
378979130
465878662
22442921
174271157
904576189
862369103
327066466
712130
286918395
475851459
219742263
258421996
138010520
389751768
365176838
113631860
383583109
107308262
339823687
124671048
598526768
515428527
234928794
140090487
459912663
969018903
812090876
279806269
77093864
10441631
422913516
392581881
105197741
239052374
681584516
264088087
325169751
838334781
33807133
961925919
374025194
771567170
266868428
676792232
739235889
418942520
857675622
181829435
491705780
253033939
226859607
460772739
205727203
953715549
555570788
949806856
859605436
625744285
130960263
964315626
683807147
585762482
224503752
169838353
905253378
345236891
877312199
160851747
780461465
870942301
606160154
887970936
35368552
379772830
663214310
776288929
744659295
438334006
492349522
854053323
899213666
690984856
300823189
570275126
970715804
457263133
967995635
284664119
354486013
933284900
771359358
946929450
946955797
492668405
648139548
918755467
391212900
425958575
227705105
317300454
632192096
799230000
726843764
641037260
136474626
140804915
300276229
243810938
264127541
355874977
572443202
21339938
958673996
421254468
692873247
523428597
54500328
925149349
820395784
194826363
134328808
999618218
132074637
372762955
953744413
879957739
240508816
196888732
277582595
321642099
160134593
569808897
745552818
316308111
891583478
500203993
962576535
156604560
98125867
242525734
410976645
777172090
814408148
612921495
78614092
270507439
613697687
301966085
844482686
879675749
874300805
573050215
66910096
891635692
702989196
746400474
162985065
979599815
342918846
794477759
718579728
444824780
868668109
269144252
920248968
725973426
530161733
416817633
676930600
603435385
75408510
88311091
173993216
105905686
497488940
6372921
461713652
933951732
259002067
199853838
21760336
832023757
943046088
559132737
637113250
392359448
488625224
543620814
79597059
952798091
463487926
194447533
50474951
139167174
214775702
93984643
618647970
907375042
429387248
300691527
856290276
178904147
369165383
121236650
628560360
631186718
937264817
804498785
878403603
539859981
325235802
587380654
321992126
255869129
803207629
454622342
810620688
666142434
201623499
328785528
613326717
949933989
748531857
300766586
653028910
5205239
820763483
568588265
644021457
258418639
553257510
862746511
387298572
444369677
582698464
441717086
443180332
601468603
164879234
157896258
894941482
592843233
34596289
133913985
655923372
397029240
356279660
400531988
841012495
158560406
747922378
623347637
983652160
931518054
615619217
45150823
631998352
573072408
473821376
743580280
744780420
229474251
120448763
695820419
755903996
864560932
106902925
458037683
83802747
971401310
852712844
96312820
527795691
68390719
40263483
62444667
156183023
417753835
157499785
312631117
426380675
114504304
685806551
403658080
612905235
768020928
547702178
540636717
389787521
859799634
829256880
711146512
902118463
760450530
605370170
341435604
896211746
360248835
525450652
531682202
226176784
489840959
674303057
874122007
703837883
467422935
24004269
110542365
167173664
312969876
50753530
875536358
710890460
397793736
288912037
30247363
728607664
405123602
639695443
394106665
370959914
461379592
364337992
128821388
727278819
971695404
241040582
309538350
811749266
24009501
842511327
485336203
787396324
165233280
369491408
895475783
337913136
56131004
453776829
944062499
190547083
553739339
516424228
75516336
721478090
245198882
160349784
253276500
704110181
74759464
745551522
765825386
736690499
270854748
201202333
865798150
429866355
982772277
245998029
48985030
330018139
500450235
255878209
327523635
420729146
859304974
963069622
46969359
90447781
989040388
682166580
912647445
392084714
201001046
462949771
385626186
93481804
511196056
330039919
298394554
463377706
758609452
636009332
54717068
274830964
459431721
328347332
791626363
706554392
118750248
274051592
358415033
687746913
4760829
556366544
291598494
561341043
188120450
514950887
34535705
932699687
41657649
864676962
255859523
94178685
491666328
492108339
797968970
606619666
699865634
897205780
371855120
355857519
838617326
287799659
512477983
757460582
86521913
840921871
657208532
577600423
231724387
858165441
162935495
705138927
425602938
100010758
690798522
861436186
879129773
777618534
268002959
229530306
502440173
957980807
700180573
240646522
489641227
219124979
256806865
88666982
699709957
885459827
87256892
255962228
330501111
285512078
158808628
997316156
985013949
734088569
806391641
296466875
13013465
936913475
935545548
102533670
300950642
797960982
190513643
244515084
876648508
999902414
111467747
77422467
534410008
490445519
858264197
370607976
555463276
609368881
515511665
359829469
455240901
870332912
336072618
547754187
904435367
838855758
795566583
248740687
539314315
420105052
39536791
374872673
660744919
918293754
134610472
368284914
661137611
282585139
177387800
128276200
558457564
679285623
80641012
363825160
155118419
114853667
401132660
467964865
302548419
754194087
431404620
227888819
431585361
961624203
96335626
382049922
738897016
623371420
547665782
623676070
587262678
367767564
861015858
139701938
574987632
925964987
150694400
595727440
558485441
983480794
820134193
591555508
189919246
886901007
511966514
529273348
293543897
60220519
230405646
310555076
235712511
959386969
172590371
73059517
662785132
572131169
945366007
133257865
525991257
395165278
188640429
180250602
306678855
891323812
908317392
365204323
317440447
289893507
65008406
746054139
294823339
670625066
948828751
532463557
50150144
147406878
540607401
433316336
513765412
543548447
227018253
57477040
837020980
181137512
481713649
532695849
344579801
717798238
860087025
662230732
838278896
285333697
582766157
764985578
206840072
845502666
547462058
133990155
885239360
147349712
550693614
204766309
778983407
757614015
106535226
785582478
895655454
912971089
425021944
94058998
897326844
102533885
197287764
422099628
517281323
387328476
247142833
685249818
129468475
418942520
205441335
371109960
105682691
527737165
876969275
766317363
793213083
302961698
946021897
469357147
685430804
405517294
557778313
877666301
422799393
379931781
703583416
126058178
226525554
576915088
37475726
620270829
36130588
68565198
282953855
673052603
733386286
729993396
382344942
369252175
841481034
519657841
145803918
479564045
817180722
523836141
538867625
243785858
841376225
797684353
799163308
502270481
909734918
418998095
600436375
511140642
710740778
7315100
35029794
147901060
560373163
699372590
734448001
143681511
12913483
423808629
912708696
167575358
470134100
322980068
485569320
84098949
48379352
324167720
118451377
629958163
32237975
910203599
499349474
252274734
247042735
305083321
698227384
989245199
154652400
477506172
630229279
632232543
154119626
536453627
879629552
837976385
735902689
155336719
602371865
977303455
445635079
249598757
973162521
401621642
228716716
160611572
192612566
776078227
743008958
464168851
608114291
821891060
661697242
821287163
774823277
133288699
607190510
559364990
195517066
683027358
226766133
717350368
639917561
358837108
269917327
830649678
33856038
803449547
645826533
6133117
32089797
377662313
280944489
198960837
607767379
431914797
122883751
396979720
526264920
159262791
260980097
509959110
675088432
558395752
280284210
581701529
258348544
431964277
342882194
269710710
164887532
208552518
993630929
259489127
44844748
513814661
459533085
14343900
235657573
17812537
237585795
239640926
188077315
462072977
346058990
937479334
583451897
195991179
584340831
43837970
537074242
33850247
976716151
958095045
842089705
549593415
531511796
548503100
962149485
911379252
522152336
304517084
642608971
448003331
443253797
879894654
500417152
550123249
471137269
38316656
571450632
180199324
556452992
287682411
509624844
177394996
92562285
177383406
328526336
873044498
962472253
800608266
485863341
631544519
432677057
941926816
563547286
523147620
627708301
495195389
54382806
614816494
160288570
966544619
9056097
537082967
282542755
586042700
419803346
233437809
849262971
214402340
565825417
168765992
558969902
422171891
66977001
949855073
938597084
430405835
699072452
221814584
695527438
717520609
346167362
112791047
483872859
973108166
496492704
198521067
307443743
527677792
923223264
376458039
421412212
338792254
283235426
22837212
901324306
455081795
143478415
297284802
365562246
445984574
484411501
728014811
621588780
440794217
409461198
549304182
223231291
163307250
972735707
907409901
669412144
907356134
960005573
662075014
172029693
160484762
764339204
909247112
971532939
778954939
889500828
319049567
535176517
255710613
231952470
702967642
276700134
349259381
59444202
258935746
512418025
897042504
497893033
578512715
695673346
251711729
612127504
941772479
705096499
405973377
745679679
813681715
222175751
325145237
106902925
568537960
936153577
862628932
229331836
559578294
640510261
972530132
574002958
792434188
273654784
335070919
311410552
160881704
427383135
239768819
714533725
209247520
913252244
338189852
3539602
384624709
547261393
933368491
832302486
199683431
164385726
821994210
204402125
879584708
740429798
610181470
197423865
966544619
163805551
190179524
695179435
416279863
584156193
636568002
397307418
520054481
24302629
65361406
789109386
945212418
504371565
991118865
51347054
28383111
741528826
839673675
450793355
586347006
597772030
788952579
669088326
275963408
439320290
306797073
396808372
1115480
559190089
936958692
832487119
415886894
490640930
779572526
352527607
134554956
534137245
510063058
41837359
652190181
894875919
49463058
231325818
742316226
164213875
146486297
470375390
245092600
460340923
135282387
189962129
885081015
930259883
343234845
452365887
716679955
193632496
596469462
243649069
248993180
961444723
968616124
91832074
425371399
77616729
1985904
658928936
750684777
913308545
91912591
976237927
512594672
198583548
340029511
641259284
76633581
167810297
102173630
577268367
289191622
453678068
474597757
810822857
344396681
884734501
770228048
241572872
47203807
524793450
483367577
200080593
730068812
751773450
3451417
413107007
790447321
56400248
270551819
19022492
944321605
300367168
413658454
912219536
638194997
286316926
515038860
441790614
227541221
921304793
201390486
566495936
724001635
47061884
830242398
73416598
692056269
20888688
26970193
93976013
369820911
828996398
675618306
28205732
821740686
870674872
105842957
609960837
333080610
579448428
514853365
140799130
892463294
439887843
998480930
742227191
223325136
29312868
727124820
281448406
416556232
19736770
556870590
260919286
142263217
262833852
118219023
870332518
601991481
51756173
533615611
685355218
789988874
113195651
130659156
830804010
379351044
706500398
721906483
997101382
655869459
306063753
784556999
275161386
693983200
290532506
213655869
986440383
497370582
867841070
49034347
372763673
798772265
111838659
551843428
573181954
624198893
973645850
103069801
163846653
472594920
535928221
529168847
916588125
742500327
203986715
975368612
192564079
619932066
211783557
423683102
557867086
966159933
19206608
79972465
499283775
121262868
553815114
597965852
890672748
91888958
657833777
658996279
917743439
358351116
64626555
312206713
660233707
761157081
690219141
205087134
729768260
539265128
824953881
145954322
742900240
662379419
352914888
434415209
201965438
315039958
636066892
580235406
681202393
453317995
638287887
4028230
836230339
76158639
508270838
794365920
254673942
493833465
305579655
246435302
598735744
361015604
418843176
486042832
209788889
134176246
348270585
221114602
719349314
999805616
376612011
190849250
273047574
473047970
414107963
199207680
54774584
62795289
832149317
192860608
392246223
685854967
915917793
289904646
524097724
106953154
857407446
739922026
706286631
808855085
895665057
747182767
383463163
248506750
169230785
304217225
133311643
282205257
960751107
848204887
549412327
702613979
346296042
33934250
457915629
741894799
825746690
875320942
660825608
344223745
822260846
872449281
495346606
874755486
708403026
646000336
524887703
104428005
37037737
608916857
741915963
626931151
652684855
980999057
231986606
351165246
118258056
87079361
905895426
130395954
827686214
604425837
275997858
828526108
568349372
305136704
459893429
506916099
207923060
930083315
779566338
594334650
532526955
855818050
71065873
606859811
419049305
551809108
337631363
575787460
834874400
630852392
971037186
547628933
205889440
458379404
12994455
565241926
779718332
539338588
960483691
741939192
250188732
710241469
291331605
722730121
548694367
68192537
341960278
865163253
600807660
662735386
888484540
954478434
227127575
834278647
835685776
563583864
482688510
498519845
692542307
79639836
685936250
907795481
927111163
508282631
791036346
646254489
115136695
371395927
260245670
218323570
45340521
202899805
879557533
240327366
415525271
575592126
543003889
284389649
803488334
622347117
3222588
219765300
821436086
5679579
250637664
202043412
322194413
655013845
920918014
813840497
411523098
529862813
538234834
805938303
748766114
737961006
274328782
227497355
60077162
563657812
324840109
156969208
161721093
150032191
932384738
797230557
768502743
681126034
506195959
601422393
611362750
734984949
734778485
399971076
311193341
82234812
193162543
252346518
304262167
618261232
179679694
625469680
309852777
225178996
707385602
220056855
451671344
259243567
57781710
668991957
322386367
694134505
696602781
629149801
344389146
380621143
779020427
44236118
665670596
677059397
214448274
807936826
880170622
968058141
453600418
254961642
857070379
527256283
831356297
890216933
41241054
249071211
795000436
162560695
560841866
310383572
374786279
759464201
259714429
438266400
855132037
847112837
359915816
731036458
587268311
785296945
742887757
529184628
275457389
527546765
560731860
607973913
566266
549007156
680137362
112707488
410881483
687455950
388531468
512152809
604855036
267902959
770393113
250595593
606079360
156969219
532986651
693894516
637367274
741914087
392445594
859845687
904019
862217343
237318652
825720228
541671644
36391892
804717567
676096207
244994755
107213553
167827426
961790833
607686499
122017881
941725781
502056420
982448439
584255575
721566077
812427762
248173208
40156124
521100822
408681940
546174180
215038502
393729082
836082739
380467712
208615839
665226647
584412043
611658415
368003476
572081122
736871665
99928296
30929847
931053793
713447923
898209689
690284263
730514098
151410364
616458063
165376130
132582729
281866264
83326526
975688624
263796099
622595044
424635999
248839158
1989032
947689437
217051595
327210743
390774491
420152306
907812693
967970643
130008670
910935675
92241516
224033306
572448846
471728789
676370838
973034451
863929778
990220007
737807058
346481771
555352619
93450179
132635355
264660460
195752337
108699113
692724052
792426000
637733273
985448067
794443851
679785027
902259140
317045567
800692268
241302073
933014009
258872116
145434150
616391310
721713903
197836396
642843661
12176961
402952439
318941439
448533838
765687180
244293981
628058787
546168900
930459765
78926470
372340742
202453086
464000260
288940321
216929444
160069023
387162405
496498213
276721117
496832386
607639030
259880231
82661795
750235205
745794496
298396875
84060830
857225040
975426908
932539845
490916470
32529958
465329311
202104488
992343775
989715665
882629538
404605982
712815424
731288874
228824835
729715830
685883352
861259441
160084649
912326747
471094770
595797861
49891472
659519623
881012838
637386545
702957894
762596820
74666834
163475687
187135849
425951214
543377511
749006170
443308199
520147746
861479542
192484386
970246685
15382470
718234469
502195254
678520380
451026431
91003162
285275117
234068107
24226232
621824504
935507876
339794344
45245838
76599357
629479070
900042807
926753389
575945402
950935221
626075710
439135501
599956611
185926597
904356995
925592660
402138066
586676222
115334161
303365485
747307704
33381129
335487243
857601763
620406098
818208793
627465999
631424366
300799281
478538085
959376453
198377187
37011725
440877917
45566271
189886416
409238631
513900312
377373904
691836434
49337335
209137142
693345641
880578510
154192924
814066182
623938185
522393165
729635690
996702461
764500109
953843538
230988045
149413378
795787056
49328347
392304497
93911891
639935729
861508540
683115689
703324515
134292975
227601523
426480349
905188367
58985739
498165848
291605300
991915367
970545022
848401710
743903789
660993745
532684324
718170479
860974768
276134452
981762521
474659635
537757565
16714873
733822867
25208164
388459969
290007765
782673489
388527917
761890185
938717896
395308488
141623822
99916155
858760274
426145192
173655857
343873711
788333425
26671423
590730482
111203227
901702580
991734986
753932160
28899857
817831989
627049535
488495901
100531334
315047319
202614141
812614389
689887
386570050
366753102
590413098
21080801
113471571
750335871
759625493
502245848
487311181
611318479
136237699
5387962
863794456
535514901
881657475
335369943
396591895
766347894
821246657
466722287
813524737
296920338
412761174
365840155
371472883
332906761
608452123
990588070
268625805
440677551
260433951
235141919
279183080
191399530
357698226
482400966
113425904
666091652
957688195
641794861
246391301
296828185
292600292
705261370
395180890
697478615
118824682
51761985
680813758
32559223
424620001
271699951
659838887
107892526
622276092
77349011
469369117
889641884
620546963
190725726
905022445
105650054
853248257
42600851
76589365
489942017
160134593
251118540
933279134
217700444
549847420
175183211
506894618
517705563
889475183
523149287
156341440
500214389
776926571
644109966
379519268
688594875
181780870
618227358
734052935
628768813
155291493
245458236
997904151
126097627
7207273
679349479
781937296
99444665
442750240
765014108
743240761
910368871
747093560
77180286
669726658
315196011
766029803
853072549
685301009
907984503
87127968
629744533
123792329
282871071
649286517
254477076
760562090
933508808
751010323
589007501
523936176
699935221
228142723
898404780
576323807
682126505
144508047
153126061
550346224
738179680
622497347
2869807
452583904
9628316
392664435
897014342
439040477
854392439
841130810
877827912
378075940
28704017
149330258
936773410
424602820
65575191
812038604
562810938
230431241
276511944
719206103
681550105
975634866
177049699
123400609
357771383
741752152
954637659
521863553
803901460
989239666
995986709
609502745
374276936
285537354
325602350
331226279
979650443
821212327
36661729
681348711
160755006
438924961
74433614
718146072
825001819
73233031
795189988
180154205
770178024
212169672
570724888
945508048
107844278
180381615
836141684
763163912
536721362
747495217
479773032
611823704
327908079
969304016
86322670
835021717
943526741
562446160
174707630
205761550
994695903
336367497
837396289
539742100
580508227
610168285
376594975
431534686
770644917
371450121
393083015
477898412
215664023
219535775
300853954
281823926
268172783
816980500
782032376
511542061
745055243
896111917
934686718
815728690
136696920
957106191
681547283
88444708
350752403
272982877
121862665
576621971
674075332
31229952
130326367
309001352
257466067
560827152
58887282
440793614
157519980
326140445
349914862
419110410
149429952
342500092
201376148
152732798
129572307
953682707
574276753
271947451
778866311
175233213
433557779
126231754
737077611
871535986
190238190
730576124
908917934
395394259
720695832
94651438
101324133
12599872
209141465
632115753
685747854
887378382
380188133
653991373
814953077
246902417
572628628
268000312
999607500
763012233
98325072
29699144
277538390
254841494
261630398
980212859
513105052
455405
325032805
561880263
788791224
439062494
516044868
993155555
992054414
993847122
596206826
138149499
866745239
959013302
656756539
558274502
120940822
744409668
196129162
180874893
244621359
197824392
945261621
11875276
378957884
329321684
699467702
716618952
224279760
956933578
596215884
48856589
381939167
290767687
916658906
877446796
204236477
769431963
16108920
986961018
287657998
550006446
721157554
324172530
897379746
990994052
259854774
25544010
355298652
664796611
243294470
80583375
361408444
798103643
216615079
54246204
780843298
327381051
144181424
47864465
623955226
430767644
742931640
909324493
827963006
79187298
980057096
314693560
7637379
515017687
179189579
885410795
10490484
42787605
22643203
857800445
427045592
317637281
926391460
730566629
645425210
883817963
182254900
122852843
640909488
30870256
176058966
101345852
190568728
567759296
809478351
303497643
788424971
177643125
931264622
409581744
492090331
336963554
585154326
223484645
621528459
259049406
982569137
6042248
991849062
675080542
156894110
961534868
542865895
216672376
39800874
5657626
208362803
965990335
805717661
798780042
443405003
580746931
766351958
56453455
965335514
411512255
488989964
114522507
882112578
819468189
874699012
286249811
760681802
244443060
831849529
113750911
21643729
96248596
914494306
622031505
538046023
181940389
501236150
808278481
154094277
299656780
117861517
693637419
971226955
207967561
824586499
620592045
167778604
27387293
721325896
935128908
124560384
545076630
183974689
716042162
389912290
929113457
77058939
942271438
68453516
276571671
715085733
49605360
52557745
904624653
430851603
655632956
668692094
612849615
96903670
368784853
487047906
872823266
660721687
848901521
152415239
4635279
852425057
319781968
13197194
189937259
477073594
140753827
569485345
732488372
111664067
696395303
39687153
796700267
282350390
30521893
870082572
86598633
947584809
915741752
740493039
163175767
506801337
294790520
70173704
59430153
10083668
198160615
369253227
324095174
132101460
778280273
218020138
337042123
225701900
797240862
293690328
932822143
352867692
698746730
319156953
940447323
785103750
200207826
48963210
61072695
332890776
323324669
917776272
319952697
669714572
444099915
332260634
421098214
970372632
657143289
30038582
800248181
867231000
437586386
545687633
708697742
514906519
431635737
216031556
385412762
118802633
344160516
843993100
738545679
284097487
398620432
969080154
520190816
740010045
852864420
834956264
864790280
44531026
949133084
857675006
861142911
166823493
43753373
604798706
239640926
585586902
801978409
389484681
70368106
708540189
851448041
480070150
600035991
798266989
466858924
265726863
590867929
112366095
671183260
804815556
651336093
30787534
891524588
490702218
154125880
491276301
298274740
714035530
796377759
323258405
762470948
998284864
620644457
234377318
11917099
555339171
625497362
837147070
661629525
288917601
734855621
456234929
109294087
166992260
191419166
837870405
376458039
207370739
513621571
547459821
682455807
58560199
852824395
987972267
888515964
780629369
59729880
423190368
494382384
514239574
126785322
890447358
512408987
995765799
813069818
870996282
466191588
580595643
687293607
768551964
352371718
431897229
712179956
82629442
830687235
118519564
580841333
407307592
121541711
621592743
865566881
166735093
305928434
745944537
609337418
556698829
787944142
537348622
132330231
44589729
576619093
723742521
599557619
873662221
59164648
458977539
906529828
512776242
267952745
939917534
839994204
170060187
140765816
182322516
902700934
854712227
551318446
508743842
676633441
354451509
580136066
783168125
453416261
112616470
2128468
980073680
973800312
182976171
429088455
720288359
700464340
532767767
266698219
812995703
368148134
29057745
806961415
501477251
671635381
118906471
560569317
151229199
393521212
518124880
208409601
495407098
128707125
13971182
225032040
169043094
915596758
344633898
830793770
609771228
111238388
808653097
832216684
479292751
583001933
283932506
465481379
804802154
292276385
299323684
146952667
92171273
589624012
740995646
1366180
651055042
985329601
535208594
177964985
383368853
851519728
828823916
273213991
213997559
678486277
635192561
884241228
41776571
516965998
193605524
198473537
750496171
591319488
941145455
125094367
375439345
12625177
614409966
75092273
163166896
513339195
404031163
805752251
325567523
633174832
926911120
750466119
684425306
468576609
351380583
602687423
816767188
157406590
780568733
567439575
383861354
643956694
187680694
567625735
516529530
935026590
746132496
386467269
348102484
841696288
538354788
946117189
594243690
312727607
978744197
201763280
972419321
908419269
965434661
384017032
815203530
753925974
684735147
455628003
478537543
357610727
40553573
223658050
866630733
681685410
691187902
543419803
845457455
414816178
754797931
817003672
126128136
513491681
810518548
401591983
104568847
24416412
426293379
920054248
531352952
525343348
101019181
426061314
686387380
370792339
961572304
207923060
783212628
784547027
335018844
271192482
870382553
507635756
872455018
997706482
545288245
966897762
375473979
71604589
243711277
526261670
349384722
911206612
78137811
324987248
849488443
829596293
86379598
37707099
836560956
34991215
297687769
307187788
631893799
925878766
628723319
715431012
787076818
117709577
258335650
9983288
528206162
898105134
409262453
235892559
973490693
98598642
279366124
919620295
186622118
915836675
735513746
609337158
779126014
970444214
287319519
503269815
45217804
224192826
828713411
958000353
822360063
494605321
685846573
571336987
917666705
315417210
120545552
800192600
454311032
447188570
358664496
529386090
602413351
867629596
641033570
40164895
657293279
577379482
113195651
877035262
604080778
361451081
675279142
847289618
266499597
735608925
612050232
630727463
557261223
368970213
83397714
858829517
127298992
410968511
397209416
951513532
661351257
587665157
53080955
224119154
546492689
732647053
123300388
668027921
678559607
674752497
302420943
951298659
548240044
491561743
883684177
217937956
466191588
934084335
268104511
903397369
646650407
488897536
480509913
16488624
50630291
332289464
429424305
859141075
807148563
436800944
663070192
742764711
639073028
793493195
899880871
618324011
816612703
313437075
439872176
92109360
225891528
557763395
215837625
843531722
746673004
686586357
39703315
496520282
776599181
2640488
112179818
72076217
31643566
226905323
764805047
326412064
477884938
888389023
50688652
799069756
187012598
356543790
786244251
976597945
352956723
264388793
274480437
506095860
558436257
429193696
128751568
62660074
654825165
932241238
473761642
198132174
237103951
715369193
134111203
622370162
748423198
857098292
162688724
331910017
914693922
17186706
322252375
192255185
12259388
414981686
505447526
487525915
845980305
73920248
404818266
911228579
953801799
155899096
448646711
870080186
162021632
965496196
214594325
579581857
450420647
679796686
87434700
513129649
905118920
301846742
268821609
165547617
178091827
733687516
930110741
51182749
689690430
47023490
98660848
851932898
122883751
978712743
158014384
394577537
635253965
904807687
529113215
879929564
749613166
706286631
767332439
815410690
803110649
585809314
259019456
20371052
971514486
918954443
705145663
278495649
959561872
980220680
434570483
697395516
406235716
417695304
14691280
411497671
525276994
327048038
102118193
966777987
909807887
794497812
429802719
394691134
313163787
962319051
862555372
892760456
391933967
880815388
17165438
944494307
79110083
345049436
359185837
488546892
682157991
657431894
424614173
543689255
688952996
899386102
520361233
38811207
317895909
918926655
163132406
127963885
615508102
534487320
713782129
157428575
207505528
245152033
808660922
129646457
597550345
538625682
592516737
240184241
556899224
609503316
163245899
520131711
221096497
642945239
49858771
292242476
236024959
661708317
345271443
773691967
584594698
97874379
356179995
727618918
900813811
130936378
933034237
514263675
461428139
87474074
965604992
783163230
193021291
326361378
737204432
61494346
175910723
126058178
878532377
324730178
847484288
745426009
522147888
664376596
28912881
596127562
705062089
427640547
200400259
320057618
733188588
371450121
825609036
284274498
968726872
733688333
640658530
325683263
909355356
14841050
268373952
967545343
267113141
476065324
590923597
508272162
457797510
856069079
324953803
125569936
674413277
284236278
594700352
238210976
822843747
130815200
520965585
928573179
648021654
229332625
619131071
375312867
152448457
840653535
159943702
550089804
793857492
537612576
888316081
193182885
646218243
254998298
664453934
96966204
368762420
15759718
838274702
686518940
778205009
727939898
827794753
754848688
29191500
964542563
508908367
331824939
893955746
877746516
600333713
853264597
33137512
806090852
734013567
737336689
607944393
434965619
163141260
147487981
702107239
272611194
615395003
417305040
189957573
119997974
708792802
941958862
575723143
646922099
573389458
262330974
149868358
775960357
241372786
548560452
65604899
714396544
172601319
319543953
383721346
162005995
849127959
394100646
821654526
60908893
14834942
327744694
426288622
335473800
70686875
232015028
784142776
685680315
416542452
616645491
614427736
468233595
877037354
696767910
360072556
642552680
52769579
664681687
473099027
354643050
542404374
891965648
820385911
159858347
847994642
474538449
971792802
706438383
526312156
731592116
356903321
696234335
116351543
192982418
477743367
344188312
192060698
386641560
301645742
708420686
590997097
718698842
558599532
294943710
9541002
294950445
711810486
523655699
831902987
28789266
159735830
480560355
773221626
280672386
95482610
573421720
779053816
900808607
955317840
780449870
771620021
967376402
701066902
421083702
445867195
247146549
737907257
138152528
368417153
866477871
324032847
661242305
567582990
670323306
42113526
208606167
853506867
587602124
120696376
477788294
841546124
443055218
836802139
690734420
767758988
36545716
497775565
469689938
941713593
612037246
874257804
453102998
224842394
417290672
669595263
368779338
302021323
856506348
94022403
877364618
137195269
690061056
688984885
220981650
743251648
748886223
673322152
177304660
96891875
848251502
247574120
256333444
510286639
559194824
782755852
234477551
550927916
639677484
69572023
917210891
884990249
435909470
359588622
448927392
141838121
19192846
859051508
158477463
213522797
477185577
717065989
230102793
815462472
384764602
659164242
828658867
529492839
873911128
602555752
200185510
593869264
306439931
652461986
928447253
460124485
917733071
421422260
228529801
179218377
78241115
806823817
665269436
204556995
847861378
395401306
197660392
341598620
309697778
309497131
837743480
85944601
187922939
183762210
562081697
26892541
590709612
367650559
719981237
13064044
645398379
759534158
704608051
861040355
887582605
698616765
641476897
355992274
537737560
935804686
802933353
781120586
499558831
590133559
143195176
598989028
286638905
684815356
289736052
782051878
65893436
724794765
406240758
168346324
683277147
436064797
795227313
146510202
897731943
431674127
715213110
16002848
921044822
490924313
201570410
420177916
651559175
150343048
997588625
707423917
322362321
541530177
618394854
226945197
347046032
591286214
381406478
116761322
403497256
276042355
662990048
497971990
353913485
446750641
717506210
303446728
87554589
962460674
36406985
639118012
477738375
219936089
301930648
568282057
826704576
794239260
700197365
934730202
292604734
11627573
780684924
654686255
568343120
345446132
181392103
691718647
781617301
964024435
714916999
9868386
839179899
471135720
555860979
966998787
335802521
901861039
214044358
260023330
825761873
468753956
587877622
360797411
57484781
758974613
657812544
502690154
841586193
265486037
310262961
822075452
772120725
424278191
668025420
354889988
739132699
39684292
808003697
839892483
727286944
634083766
376515481
259622476
993739476
313925227
754311956
677325027
344809441
577843694
963182234
281933169
638618837
102196296
654617449
547964205
8654251
24697552
548116749
227336129
317261538
90226123
642581865
310825395
236349910
284491521
633870803
490195263
964755651
760851017
609476910
160038485
478994950
551822969
692571281
152710490
125663880
13846804
96494308
570366674
118550603
672185039
684428542
442858586
608173732
457375798
496539825
621044022
571726592
956656314
294328347
162715162
715170174
560157896
69770418
408466124
805795991
886491918
437169674
576706229
712806440
961998507
141586801
940397400
483456323
748839592
18737453
505271623
96157079
168343158
46151850
159289064
344674079
907738028
452610112
358664576
500049407
465509652
899190848
263261957
143600536
244969013
641598524
983772641
443828274
109714353
736300464
446311782
875908827
421769303
529680414
808058163
503288153
427637728
326539806
164779335
738995020
634719012
971267473
60796730
924563949
385789506
606820126
251337237
530294983
610545832
280594790
401373498
741846124
610888754
683209675
820574259
164897921
50733709
380782500
663007532
104298945
521443359
771619010
83354083
207079680
984158599
410086102
32386600
822737659
897153300
409824996
136862255
325889558
531625636
171181890
369792725
339911150
616300925
412084676
736514995
76590123
313107093
348731210
162359007
95165317
649569184
789585767
320481997
364747525
757235862
798786032
426198372
669412144
263007093
761482517
253569745
667521252
936966600
411673882
346459865
836013232
732591064
984158599
550444455
269303432
782716753
888656601
242004635
773168884
838117126
97072150
695256096
214616219
690146296
393848742
299785163
657406768
264349946
405179791
517481994
521455632
418802026
981418907
565864919
564119064
78749079
217128183
995017017
843348361
499379456
135327018
477545604
73921941
204371391
192296342
74286077
344351434
925712659
295305813
782186425
741769867
372161193
793430074
412715175
201750281
994577831
207964529
830508959
826258227
298768264
878466562
246495840
530141120
373829260
36710698
850721205
619458545
161412683
124065322
527197879
628414359
459254759
778383532
930306936
715687817
770798386
790829822
255114036
481269296
304623263
196285886
101254666
755411041
738462017
940547450
50149082
802816095
733155077
935564485
33257478
135227079
507776685
192975866
70129202
448290304
388203261
883143769
689061370
315278038
195877258
791962878
972530132
441269695
435651755
86900080
666071233
51008713
818775030
717531064
741041017
531879366
829453000
949472928
719486120
26717263
60949722
915825924
93412476
490785320
150580762
264862303
713861343
531995723
786438036
713017233
648760912
817964312
242800604
93259539
350069667
601834381
368841607
675992456
788902682
493857622
28590191
737200620
122893202
669866534
882989438
862438487
152369627
742112774
755740700
356738029
480739141
277501216
393251104
331475443
522606287
246700579
901372507
792470460
732435708
304327767
705226766
29167482
254890712
62232809
16718928
394637519
780593120
567538835
720030856
732593921
530670464
470546648
200631534
666636824
943724353
139799693
80158311
824802935
898774800
507426121
711609248
83273518
984586131
526635648
686659914
815953675
637604462
549071689
160284713
144984868
477609331
218875426
349722602
504863255
139688634
809565505
294966419
114142773
257138606
386022545
36402185
624604673
179049411
981499290
694667301
190299767
799909352
179703110
283134
722171804
957653420
982261638
446724208
736683138
361819727
501158830
470328034
484740344
646865798
70462644
394774766
986469270
6108634
672272830
864429050
378232669
670936319
74798877
919019614
841625648
262748041
895267783
828459607
626534504
4184793
40486749
925742042
252921023
902788872
627948386
139533855
375207294
349186956
441834177
722440372
744130955
701240839
647549068
615553773
471856994
265270137
599402826
482076767
706463521
909630603
965227653
390898006
8994477
190688545
479666827
505695834
513446240
87167301
205581243
713831021
459711728
916074628
562640287
914550543
330983997
832266114
502588533
373720935
571635189
648723375
146494844
630653291
424648606
301392878
16635665
560019655
999888095
636142148
250579416
353499093
614007712
184168193
545682577
535682969
418142544
236117719
602404348
413990075
471142463
238301635
670293159
368622305
416591946
176660559
44949756
511221430
275386460
155062637
850420384
362992301
996398579
734869995
362961882
978553065
266159081
635481209
698479752
761313335
457909370
128632563
832173256
886455432
952362838
936397246
247847823
197434303
602423477
474072782
385766620
425472045
827983675
540133460
474785422
699307229
389966054
763400192
85038930
145714444
879601840
200362126
171737856
714901768
732820565
88034903
257519431
160369433
192382302
92640043
294459231
480743049
240292759
165203482
43673547
169188735
814658275
471986380
761739295
824581091
258264766
56850700
387327315
36074969
597103638
809690320
168480913
839069606
683608996
145530740
82365395
291729918
793876259
723610458
120091688
841694530
232849516
537947514
517774960
475747678
937762818
198669432
795813010
774754021
563903076
227893607
576113107
547089312
211601653
104283506
80153162
980009097
621484833
771566807
819136028
57650703
628944941
503554269
792563063
58680009
82170317
282729472
808396215
486900157
478425222
22448355
259722031
41298074
293362943
347508442
701817595
72920577
8935350
349733852
800530062
677114863
540864537
550341864
501923926
89268334
506994345
806183133
144868027
833140454
261428964
52649774
539541015
212229005
863193640
668845091
270888111
519099811
437965139
28041668
324561035
772492034
537226388
747655209
640181569
731275754
493122287
181889740
523566830
949774188
236225613
397672763
659976318
660888826
514840548
662808556
91293117
143573802
707353120
722820458
999783341
151833034
936942580
726440460
50432186
836643553
859761493
917092933
396041023
630904237
820323324
179418555
942397207
84382997
610186395
606883797
9068795
90454099
438982348
965604992
788149764
441275843
213786940
676618355
706848307
85361122
398212147
983323577
50980192
306525440
508917013
899388368
858093731
383305254
502327684
180093234
124002191
202527845
485883828
197405527
666470615
662240389
672521547
65628133
74793734
284632537
152339262
492660311
188029554
129274847
809227934
92320532
571958079
726548760
890052964
570358847
804323763
878532377
148584757
788897829
617037049
742178896
524566512
516097086
883339908
449283870
93478493
325998240
201958764
36438901
193764964
900225567
600498026
507598287
812966285
856739886
963216480
579936891
793384158
332226968
936675647
985649985
956390821
490429915
919357409
681490159
21807122
796959771
214662419
972729414
458718191
532789712
832605560
188834098
622334634
975513572
192372258
867463676
708824594
169396128
267993112
544904473
603441673
422405233
789686199
847012477
377169617
421397338
714659475
922090419
952717764
234009796
984616708
994377070
370543913
224293725
332505963
712307056
817000
354997707
232581401
680078719
642580298
52191597
980371160
884879692
385125246
754943194
469868165
400423460
394217250
501918480
101967253
513021727
452225602
579440506
561575833
147893130
603267465
488241306
562119668
268963425
390043096
266342163
638904776
415929752
948966896
253226496
630862794
252704474
833075425
551779359
688888779
529733359
128404322
396420743
427093754
933178439
700650059
609071877
107626930
429741831
64036495
661097176
465562678
993511333
398272193
759319511
972431455
727172240
27906202
729016731
13113531
558517432
764368543
996074337
719971370
374696122
474567728
770237856
538294652
227116361
244273447
898493857
151681083
602572635
969380149
554036620
688619805
869057406
382957036
619855391
470720304
746727648
480568302
890534974
362036486
41617137
273588708
474597767
784614484
408533388
113796995
677406408
165962974
337996232
640500740
734771804
80820151
789432007
902981969
276019438
342565485
198120836
902716019
518449227
832132049
876337172
913122265
105084407
886301981
195385384
860544907
622676687
594752720
550993197
831157265
492779115
69599197
954095879
17630685
387868132
350232171
637220879
882905911
779538763
653570916
802943504
786769430
275062652
517117527
647940842
837335143
903676096
445860622
168961717
390976662
486900157
268854920
382700906
256778014
430138168
507559940
356039107
956517966
76379707
736279932
42117546
326696616
133991738
824291617
37597391
215321185
11520905
191986758
764384917
390353438
887706613
575434055
57330007
754689949
512095139
703971566
49090882
266324609
815323786
979723626
419594054
912573540
226708351
368148332
824469168
304051401
136301198
927654361
517645164
382749657
141802403
889264308
562909598
354912960
395788601
176584200
491816362
188409451
867897788
311136975
651331684
887236607
11297812
941160844
952594153
391581616
366399690
44405136
977513302
818102404
562582455
439640435
61414606
813185755
17407903
606278314
655063801
283951492
106402351
644218572
661294455
851163633
240683689
297741893
30757863
730718819
792415854
957123280
201218124
737137904
978406601
154394767
869290670
77354395
162084174
895344802
120988252
184142458
418593089
831572602
10395568
729938158
405912839
398997488
544257462
663592156
383023836
814348096
972233296
315852083
953656523
708502724
241959456
326148904
398617265
89858133
832705196
372582120
845318364
194652857
980363329
109642380
95574240
646227211
91147767
907879775
731488526
910214854
914061632
83326181
977677281
754187778
621533272
703319365
247637651
500397043
479342949
784665894
800701488
204713945
944632884
681149826
576511247
54811908
498850672
239693458
572934780
682044593
625198408
604122435
256592560
422475334
553826574
485272512
737494257
218964059
451070029
175507350
181498298
794981488
574918904
88515003
942675077
264345360
61008164
498205138
937150372
818899730
857899209
898075897
478625285
644345234
286536205
995814686
662633701
182084849
951661666
236896494
376020634
170518251
983599979
872487289
611676147
560729477
654926358
866016752
761739295
583003117
807962732
892747183
414741358
469709380
755826732
307539757
333137352
956001126
714364430
676611510
463422909
556095258
272149210
464428390
908734690
934928930
219518494
181599545
794237031
69960899
706187343
487417
460114381
950032146
242525706
341135751
371158114
589433345
891332324
848679407
798747184
57293779
749207308
845812867
980375588
908075640
130095716
709072521
707053951
652502592
50866460
380542255
831786796
208417471
32505023
592671757
378392028
370167830
592554338
668687691
192233663
844598444
880395496
555811526
507786990
369210078
254635822
84218990
229527225
201750686
171095035
866391946
459245543
234993137
778091237
298544820
182903434
278009315
993420732
978863361
62064778
72092187
901562400
232727355
249324427
149880238
876004349
315917704
551352650
651709985
373884770
441063150
629040757
907198234
19268504
257868160
942470753
897904660
37333418
722173841
885767131
422358674
229837483
871133866
385990716
405446741
337415710
75413162
347699263
236225625
413982302
758035149
492261638
477406359
858835012
665390756
918035575
311052353
138472872
488533546
307353518
654553926
674397569
568489525
943312524
44179933
876146724
903789635
325603020
317306763
998558252
812782871
512503737
216100402
605420111
187207660
621205782
68537329
297436866
125699142
205500156
133972519
118454112
27191404
327610375
455648417
385719284
274783117
690176078
992168744
356359539
551878957
664319485
366873432
647357707
113862427
448910028
441513326
527823534
121906003
565790507
928227467
574479592
611658436
830132038
360816487
815204348
676051716
460047591
327817453
432023728
854807716
178178697
472548734
796988819
734123072
476439652
941421690
876318090
373336503
315431398
996691708
427303633
19826981
269370461
833793947
177930310
905020051
708949061
650339630
803797344
199090290
488631438
320955749
130830973
565941414
692844911
351985784
738213350
285428136
947689396
751762328
806140690
39469899
768473620
760721436
841515410
993450125
985008849
435685475
963672687
832160795
469836609
27174032
44333492
979778222
287796064
602163558
222389992
164545722
661193153
851961062
808198788
208475471
198896869
467229111
641850386
294261916
69814678
365800198
257761042
353609460
265812819
51602665
778702256
299878460
647987756
55587952
673109326
818953647
579619920
27387293
790357111
261776292
506574091
541182667
410348266
156633732
318902072
176457445
808169771
210364381
392028527
498112152
223398149
556303866
546088416
64102279
81233313
146670937
252738966
817860051
635469561
982717300
821421800
293189485
361965275
32917477
614065457
895072571
375816735
327984470
976015828
794900597
519597765
620001358
811920231
448095643
510151047
455140755
472382210
693436092
163982176
924456083
140580157
571478547
947186902
421697356
144222256
170264732
931676540
40742362
351097358
459978733
864496935
37529053
943628553
404640442
581175747
191224153
519179958
174572686
776053223
941613114
192797445
970009816
973058564
112792492
713425779
37458847
175151328
76430813
245961093
968216653
502461677
943999408
993574074
667108372
670643478
221856106
856921959
672856161
506072135
731512231
46172783
991644239
455454615
495359036
806961415
493044710
801850076
285047982
76576405
906480851
529778452
484026283
761089648
163890929
932920497
877659156
990857469
247574120
375015579
80895814
527874026
279237563
37818579
609447100
645403133
169651386
961355810
780119197
599103029
274165777
770228840
314982745
666663895
40400920
35989194
249553440
997936277
914846010
806429854
8497802
517315829
258667311
909104044
214017306
109774886
724404425
619462445
277276273
485241442
895471557
449901004
106818032
436999351
160236695
799040305
343510834
192691594
716332902
906419035
176437335
812515518
218361977
838309147
83884058
940226029
876004349
171628474
963885211
121276843
218218003
493994369
941291191
906142005
468675750
459440576
752950280
351095559
420500488
863890287
714904386
909865450
105418705
386075810
333746701
238386839
643033671
753248745
447788805
278144338
58162316
459361993
587506293
421488364
626774468
979835296
139611846
822202601
944155516
870953217
632009504
860238055
643310822
333394902
719328792
43074331
919394429
868759022
985346940
132319529
996680086
451694476
650093366
533018972
38012753
892822400
573635320
119152814
863694767
819917399
846250582
597796937
957042971
115252616
151056301
762733934
278878432
113631860
755372564
775654592
834097368
651115698
507318119
464419074
100609063
287204445
10838476
775590548
219493645
24302441
398548779
484502653
520851605
187756426
323649768
171014128
166369408
363403600
790519301
762598585
549945607
213448335
540291657
474900094
134415759
478404797
999515162
729132903
196948161
33301013
800302845
319162821
667686927
319444736
399202359
498632967
24214535
911861115
813556434
990181634
123361982
73907346
948620732
899267968
299263015
413319537
889808397
646644205
471677781
766231384
38840564
857632309
12612891
326434666
734690854
993351312
403535446
386964589
520224959
170165794
974984931
670417647
287914943
986744000
494165578
735998187
896473621
271288743
51962542
248982124
31409425
138462258
911931432
946640621
310262662
46310769
410119223
321236948
554036743
860428154
69369741
246700567
425591774
111700037
64010691
920509550
236319280
911180001
874016846
347215910
684758231
448521253
642467724
382687602
872283708
255326180
350537063
529646263
579556921
247456071
862537454
526096791
565317103
646701485
960490892
165339940
179220896
725941418
274626149
999647593
626175521
294841407
13981473
916339533
681523896
63115878
982097514
871048287
475967244
503345313
163544613
955389513
938407210
957598145
727331385
120909862
888685352
793984235
971851541
350098868
41844841
935476578
368757287
808110136
243356481
265187919
614686651
41676082
978332859
166427862
942313839
415579103
88874569
556074959
361965275
508536243
230685029
895389495
141649235
140319991
396561199
484946913
563797154
592245168
187552924
913661010
334962342
522302397
855678122
298882859
25251444
34703906
46252495
478171526
118348552
672574525
301215299
480899108
16006336
108295719
781090235
283908809
403109035
685582970
423908763
158015358
31725615
254640401
247768687
408980949
373119029
869919551
681340899
957391179
876895481
48963198
307431290
9349349
166221805
819737293
744985348
728229705
566796532
625609443
233597977
281723163
372755160
537399408
637657231
281405470
72738578
923848035
735876419
902897965
312450502
298274740
9562749
458863474
932050101
499999528
959463297
837183251
477898412
661001011
634549431
598915000
414318930
589905692
739471687
388579616
243810938
33198948
227965679
943818763
381575317
480585520
143904673
305444378
396574186
530084026
263223001
812847877
796786271
384074197
13925794
252213868
596467207
217880679
829084199
756339154
237368826
328637418
444788912
709436422
355573257
94954147
59222342
10014584
437766635
272974134
732473355
892273483
862533468
378533147
676469780
959360278
897615353
660861755
731044407
759335171
281428389
163010545
932238231
671107640
201077991
775497226
10477287
332360362
465212778
416835449
403422722
805863053
340278589
167005841
698292532
682256007
825939425
634506704
939944069
45439821
187397904
6713764
333015323
748388318
744543921
456224042
468382754
925204738
237118768
24366966
710602398
321379899
495744202
116218769
342214272
998861478
108358907
50733709
576791073
322579881
915779947
493528487
226976146
201473831
847933929
604267000
144923811
685332108
610836438
923608468
293421152
123603532
483804966
736055606
308613300
592372944
104710616
981418907
592118611
867502787
181132766
956442846
494089475
417637104
552709322
23327314
483804966
967813770
125217374
379845529
38416666
583197051
674065656
920144661
491190180
25706807
729989336
684744403
581595194
179807142
788693307
600406084
672937521
448664264
970280074
688404055
802860240
28672158
345088040
631288355
20229459
210779186
890110781
846538725
489984368
86767303
48692483
351249413
316530294
877173055
95589639
829846373
512086549
949444238
102645150
456244082
731525113
513424004
969093072
874111988
589847088
430754271
852625448
510697634
947979874
198604709
455821839
188720350
114765361
587225372
963198434
202049773
761201509
378959528
845929603
559782452
620116949
161408448
516126969
643149328
487622598
865921866
116347324
202632468
568318299
924431434
963566643
212876676
975274449
149636365
408596800
838112446
939004568
194551200
274024804
531482616
378079007
453346764
357368512
425637106
981820291
874339460
310729707
504854039
198338113
66925991
126366895
225903859
818059844
285799308
745942505
139757230
786286743
450298762
367763465
770845482
375532843
129912554
684661671
760168376
482491768
935379445
417640458
487489732
449429889
935471120
16561931
276283446
375218735
844797208
324012603
405587611
698746590
465047296
938600539
725720955
826427861
793920098
378620916
921390046
124829347
435655957
304183108
19600238
198930624
784159119
162379160
931025726
17529247
520276756
197125392
71395528
53425615
673068760
171874900
870089014
390052017
974358940
483413322
373769832
157234201
809104033
907555751
349964577
443272372
956919611
433156183
820623
443196864
197634192
74320338
295850562
223296235
305686828
549017585
412002471
864251261
812478656
143124483
204319621
477294206
869735813
340497332
118321422
127086685
51715965
983119002
64102589
631619749
70730429
808471393
395867054
801698841
232154499
81897357
454837340
998853014
110692732
128243351
540996800
791620238
278854214
266124448
736218518
32769745
789906949
345044623
740210223
184146601
87017348
516520179
735826274
141966254
700836084
529957251
569973881
245104158
998080208
308336967
877574714
88229918
556565307
404099395
169889965
422717161
550290776
660142562
350230767
898169321
993425361
512047087
88997570
11511051
68064503
706693507
273440158
178584797
183257715
208353626
753815329
874443081
146919998
355301200
826296823
248508948
228705507
731324338
852308496
54407200
553177281
729913111
613710172
981978814
948744664
884251341
266423733
411129807
799050891
29447927
687571336
349600387
778146742
354360799
345956797
625586825
148965519
925787745
539828738
17640121
392449017
439267003
141604688
464166148
39593650
502924401
828314927
832804853
225230403
177552531
748004492
758222902
622564921
355992431
45136913
308010130
132116366
43949789
54657759
745399111
518681423
537858432
161701556
255326180
305786051
827045660
193595274
763409694
72488853
636138738
769811893
597319903
665142496
497565113
653219935
815561476
140690510
382598682
841224186
797569484
182435117
536263267
528994539
389135332
302461950
151309126
567602086
587899502
180853027
779621295
11701717
332042052
171197989
104367685
85755044
801174644
614801021
220309172
8892170
83843163
504856272
569351541
189322237
40681797
255983258
277352621
666810012
621846231
909343934
320587659
981902421
985057137
497964869
227127575
115237927
142219087
255166440
504860298
71742845
348727580
944758158
71202216
396579978
617801875
12442027
520929623
584753846
181080037
844217251
814395091
652713736
752920618
438226004
340138092
582422030
657050636
732011874
305691119
280858569
476921770
666729442
935740572
902466052
609047431
887782703
374318006
390383453
163305811
339058115
699338085
230099040
129370308
637616056
754141285
11665265
172907398
93236776
571856714
131566788
128138232
342541148
407043955
399121757
112919222
595743565
284620672
986966519
686514682
164823987
725181543
993315163
312494623
125771125
336294568
75935827
612026901
674211074
974752873
361557656
875899383
293095525
885068126
146074992
856366081
623329949
329412283
543777264
671803512
274917113
168530769
941626074
820866133
522152336
627239805
443288233
457908790
795487798
703464957
830030617
878183643
975235192
908565492
179261848
929536983
453841258
102398604
435166457
81566204
320619852
395531090
497035214
293766611
93018050
337052979
395252871
152769191
381094164
878577249
875167102
991390153
895554258
637274952
450662154
330765636
102129867
721667833
553342217
963577319
139900818
48775392
669616803
559896488
447399990
5152902
855820861
667540169
282274364
486064199
244167049
168926355
694105225
276162471
800947271
225847239
691803394
191154383
555938016
19205154
613809618
774594478
634794554
63359830
258095137
429269763
92416851
87649244
362208525
211064525
354098002
533573569
223532414
136827393
895608919
200794486
651629352
184745705
81288609
234853024
578360327
638511910
734838471
863609480
447672402
798850643
661366834
923812816
646681441
908367853
706501521
690310541
399815851
426272158
499592272
651910881
904209751
29763222
718969717
489418620
542775532
523972012
426231744
696474504
661712513
305659338
124254475
305492282
672344536
984264215
536335743
335246519
746764213
740749722
618088900
558109354
803226133
257995403
960551642
946730323
791500936
793251608
390130169
415157344
760173545
972614466
273731030
308901319
702053930
792638753
845081083
843493260
333844036
74714728
91866398
263053158
672023775
437545604
312269496
187062103
582311034
531538251
21290318
663237216
600754175
332414919
792034993
290452501
132833864
205413205
244266462
802938025
231408834
253144757
789090235
430587832
971763340
880008560
844473252
754973990
524346211
657673191
936933099
257383532
607918782
459198025
403637488
682014099
335533180
958997068
677928729
871223544
325784710
193774189
259740112
42854100
359498800
25795765
832274827
221308535
426904806
530750329
140021515
291102909
635851647
333155222
573391352
824390124
579131396
202007550
138117985
608425157
157512211
746940269
832927177
346073336
617105347
984575034
895027392
150701280
297980563
226585674
182073655
951375698
364718222
968996597
448703785
992062923
437755505
218394135
450839537
173022795
383513821
915965129
130776190
961923987
598908695
160717968
847923092
822031229
581418660
646046677
772866607
475810848
499321397
609261823
425997250
570275126
712296641
548413284
331440965
629027929
665512884
304731650
886724341
754268091
4498542
463549228
275077980
299528761
785276906
93355443
41930358
913213900
692030733
128655622
377155979
93405682
264936998
316654797
614436034
103509200
775415406
721410684
890151184
358288831
616197209
361452388
688462358
515862777
278426974
267664335
6446471
161219380
99240655
915351826
871662039
656320488
109554413
165186629
67853812
847643955
818401824
111781757
543199604
831716040
432786952
672202503
564238701
292828369
6923403
698102182
682169678
517744653
900404221
377347833
483171950
976596688
277000897
607591141
407044689
550616443
421746631
479693448
964886358
27440202
321655412
250556434
598988062
897222746
543612002
593699717
299408086
422122669
147745381
467355965
304181848
184916792
717324995
906532541
874016846
599115560
617948045
941926816
522380181
211785124
532537465
424519989
346035804
959067007
359721407
592988891
46973705
322003229
438450349
675517676
207806749
990079116
656373690
846126421
723485600
791277182
5580422
185175727
93784308
545788357
412926592
621491177
767848340
44370650
194233953
899759201
10824584
544983519
912117893
368622410
3748790
528780058
390240729
848986118
879646074
540683596
33010387
387297240
316300802
269268087
37749042
86699729
54550207
583464741
638485883
68743725
800906859
773255258
675598870
390841745
957936173
590713534
13812584
311285323
242312413
205515711
511492051
867143983
21949388
373141045
689616888
170980140
56192534
769061381
186736596
589573807
755941235
8623581
24481600
901401880
311583695
498198003
483054100
628576729
671590641
946436253
306929780
255114036
991130475
90365853
203120380
798623491
456783799
585905963
645821128
752179489
571668449
681019184
354348872
338671376
391928337
296319141
349113693
653295846
529636300
220725516
105070750
392071389
434357859
873263291
29465121
640093534
615384182
677422066
707968530
634779441
822360599
167159278
385253829
659432868
835068116
18604192
689821473
381458847
112793541
755550546
583688543
646472901
201840033
367132829
697613027
203827368
671062130
288596572
630163050
480191566
588230984
398720446
179807139
741297163
726689266
54351046
521723407
576994211
976455888
881723396
532266973
578422228
872292636
506924902
324811336
792365503
382912694
360347917
796556613
8148323
695186377
506506702
570579226
886875560
371090010
870163034
676965210
960674238
854426173
221655514
223304199
535871392
318123720
329180733
735287328
959795134
224861849
488423884
855596409
324551481
623728005
210309670
444284513
483679551
262536142
426821248
775339085
93791047
670352745
205062816
110624259
351993297
976997445
118901773
51465527
236989838
61933620
923820520
239846725
490491090
713031526
472124669
337406949
691491559
69690509
43710211
835968854
304217225
853219161
784621317
295206550
891061974
623592826
259231643
224807086
127520869
685778981
993789407
790441616
98331951
438560191
112096414
30293216
73933604
660684135
480184605
534195329
798778314
373017992
236597163
424242311
43521361
247587942
888268249
916779372
960241246
571853631
774419373
122566288
288710226
308184065
762183849
826443291
699471667
32316225
338267181
435611773
770016294
526889700
597360663
757281361
580126978
322252232
441092429
837421363
935349215
445854835
343808756
901058299
804683686
185128878
218151612
417207443
437610596
94848380
435578311
845476345
661001584
450849684
311644740
433082661
102921246
805829177
936988754
597753014
106444578
794378710
971901299
913516925
156678055
31323489
735616827
282400646
61354351
778848261
167362950
987081096
238669182
726494294
12979399
266719622
132710768
18852580
979140109
641532490
361744621
394507474
606849983
987090614
85646763
673771101
548622851
621182496
736213920
591941990
578715268
997055733
191514301
888168958
575398472
926664747
424699007
490882145
754468800
689332183
354379703
779242690
150426978
137438385
293649010
626964884
477464866
730514098
565995193
359083790
431844363
504246021
267110285
860953211
377329207
288848531
29553838
996725098
490187795
762112635
547996149
355494412
528875052
655018310
963127772
83802747
117564346
754141285
259243567
975954210
151520616
766763577
168036310
217691447
970537467
213471155
724351862
148501577
526703532
890874421
459319319
979823536
458697637
122813387
606945312
713480832
212350174
636318882
378348210
776251045
521312679
256440071
283609009
941160844
980924815
167536988
588222415
214908216
284512708
82198092
174106146
766596510
977212449
476028342
874841038
266577664
356658056
625339482
365565985
500656221
819143913
813843316
810009416
224192826
816946012
793296582
512098930
752037907
941213404
995320371
116477443
507515053
422740783
161395625
348527014
415837046
369254082
103185708
137730327
733444869
166669320
737421995
384032891
629333625
508988053
83489119
933423489
967420086
860437671
521967854
136075234
837977591
269765258
128463644
10454393
833926115
220469165
233347258
389062914
956692264
181286590
36587892
651784856
249775991
606184497
50996110
137063246
480673103
91325830
105240204
575605555
343900256
586741421
813353885
390041426
627738099
304738456
661558411
508748049
456977680
107919863
243833414
731031653
249674738
140494674
586141774
843245663
320312501
568519992
331622411
309113680
264284118
398062458
110365077
108054788
225275379
178442892
939838568
872986938
326851161
313587288
467544344
134000157
418220281
310916318
407204075
974907084
35446112
76301729
14806941
63198819
829379946
310000680
466823740
687736959
337124403
806370038
595743565
628261376
209532934
326044630
110155522
380697054
340023617
828696135
575022314
281851987
398070345
785593214
293022773
153603766
713469530
339611006
849206078
966311546
776331941
204232516
191965568
279656103
492779115
393276113
646700067
294183207
701766476
794610883
96312820
968441305
646081999
728114041
200653774
490696377
150105841
847714389
338618153
184916792
873141444
793566251
351373469
739044731
918653958
153381147
744037414
82231788
856766692
37706582
999566276
348130370
910948273
617864400
268763709
200322881
41427225
431113936
803425523
696990075
311185082
289510027
922283299
545240036
921168356
340587599
751857919
241901315
936097808
8665563
839419982
54202951
982822482
708515807
29146814
55599781
364843875
398113196
866602054
588982462
683930345
692854749
554888021
926789995
933916209
33324965
817796472
748256148
252900698
76685743
227220009
555237129
931356516
475895998
685779493
147028767
633212073
300858436
947255050
987376446
206380588
246076715
448993162
600448697
538247054
726969777
80865807
228480762
6993942
747926245
397936802
836493670
579924869
305673921
973115656
781069420
843489025
987477981
202739783
177210170
386219673
708352059
533832529
799230000
484544769
281251896
399078032
133434215
293698323
648363267
330238840
475158601
847185690
299903405
141761818
697785811
394728857
971949098
615920807
635766001
177495259
350195566
868439039
748094005
248842217
724742904
39095842
501659629
432374122
908599361
448507172
281454800
79876124
932695447
296843618
951838356
828715003
982717300
201376166
708297421
209797028
659981440
640181932
702898096
631613493
939428125
835429798
526737219
410781778
136944712
543469022
256802420
999412934
187528870
608408214
965383395
217623149
5100042
231801698
277396334
184445212
420575198
907561593
910992835
360020281
996979624
447293306
357724411
325181174
354015575
113750067
818102404
916069786
203366382
50149164
796085510
720932203
61611236
770974766
186405344
755397896
633640939
530472386
119638116
191482864
164537751
201035375
300580320
752693819
495766027
391480309
483104270
135393228
413939889
881056287
387809177
584608289
133106134
283636351
483382282
131298776
786392443
716339338
577670727
4048113
324185975
548235704
527544018
901850661
943066772
811409967
761363894
311218560
927488511
363142317
539988529
508145536
712624769
830976879
916690948
847198905
881868105
269026125
485455857
135534801
731512231
559773928
446402985
604042540
480791503
308991479
47220958
604203636
616183076
299604031
1448658
217573335
741187798
523247490
2968834
877441255
327458117
41260814
832510453
775035799
810022468
454486924
658250966
100229031
791397138
543789363
220465392
693493898
361789985
897844777
54553220
291936357
748143733
251565224
720084639
166950927
452617444
12425641
117011807
929981877
87793364
567361385
320657470
375049284
89373970
413223913
17225572
369764547
372419436
516279581
761611960
199620815
950221770
500518083
113241174
872077856
285483677
663072928
909916908
706644182
582672313
760238240
911354451
277772718
571218432
601608097
858418712
536099872
675497923
4802791
858782554
425494890
609469547
281923495
137851050
343915869
928651499
692780333
341645976
243197048
202121851
249601180
66063336
785179393
47937071
775609378
164217043
797987367
449377106
771844597
690472095
69950410
93229201
974121060
875787791
655909243
399904298
366572495
669529027
812872112
903205125
124051833
560320186
337874107
140396621
126366895
484193575
65899850
430659584
470345980
667410280
170161426
474025830
487756787
10254954
87997844
65649389
743240755
259187068
302517885
54179582
281774453
637860903
321380586
135814132
634942135
730779586
923026893
373128326
528636227
911015584
80135561
65575191
462353560
400242148
407511209
122404947
20029120
638525110
83678685
495550530
492875508
940635845
155220978
441456126
810130305
831998475
804396445
121704089
372753683
745376569
90198606
671631950
867122954
429058617
378530046
237642010
62223482
398448875
182853976
814116110
948889134
904792540
842549758
854513468
266973835
34263857
337522635
423778684
294442189
394922616
291027966
60182699
641398668
4486470
441150533
82177166
212090689
842379085
776504790
82701224
289556857
292737741
445752670
58599691
227203324
121984116
758795833
436253760
399213156
496663151
388434484
809754587
150237203
6989432
434070836
554795257
832361967
758668010
442111245
556597795
804807129
572628069
623313940
84236881
832083570
883618547
407731237
61539780
639075083
792095382
434089606
288199072
898075897
597483777
570582314
12021772
415807570
85128424
363510118
19628164
440506420
89331901
49557213
102254100
989926106
354550965
717462208
544257471
554523683
434036454
556688489
94040880
579929143
843886550
616230595
502979202
172198007
815096937
434902226
735690046
140352131
830465262
40249904
847202338
582838538
249724077
805718693
717408719
686576332
558263436
640348056
669726658
943295843
428160725
100493376
327908079
546970615
200946968
503823859
43468003
441982675
426154280
876648508
214348322
240617007
584528599
610913869
472378059
782085713
444750415
348300546
27133006
183673382
681531229
654702690
84336778
737886918
236590734
472049742
620048054
734690854
938342052
175988905
770513699
382384680
979328577
919733209
960961814
413125427
818610409
341983036
800281756
547535182
762685674
480772899
951175101
830711974
896038422
411512255
544300545
642059330
169782630
274312558
726685198
458488331
792288049
734044885
282335148
675390923
548937159
292010762
692449295
570901171
401690741
814986184
663665498
409501245
63938938
484599514
721626393
61346389
850392055
899672024
423920413
316163314
48345867
434263912
505471182
135687170
972281266
160218246
562890636
137606802
854888639
579870875
939520397
61897872
998448237
594204695
715248905
102861841
979531607
917273894
575216458
475687850
678451630
740533872
767928235
888432021
547477043
188750522
156514559
863692514
863817399
471656263
375709004
142313043
620956565
442164264
691755613
624301705
360627781
425286365
768260844
176185860
254637839
348311821
507549623
782946078
368828160
641140637
210278142
687930447
3890622
216375603
212599843
358502342
597842266
785179393
373905408
100068976
51684507
495548624
790739086
647158616
527983745
713664629
637520047
932329219
422787107
193970431
413265056
669486455
888348576
583110872
403215921
462931912
596398692
124777059
106629954
891748310
656043727
245130398
520545034
604871709
262526247
704934611
970198841
417829365
665177974
501734477
371327701
222830890
831651921
425812378
566219442
797109429
340865189
786445337
694857728
103067929
440835748
995659199
883381758
184294229
533543259
551062181
545244955
857675006
224896498
932075424
252530065
220992793
93717597
610644018
381090128
454505067
498237978
767549689
970368363
486388750
389931299
826250852
294987305
765489831
423869139
555862676
687705109
446669565
586466613
891336714
767548232
58377007
419403346
485978139
692243616
187894716
641503157
931357526
890114004
494358440
270553518
82293594
721872331
286379147
832628265
201047686
572884544
301633467
649890350
940027356
222162117
812508449
376965302
973945044
444974417
945287715
940405483
736279932
930825260
900827058
468883012
21121488
199025065
963433443
211999117
56353745
751043595
671561333
367678026
114183976
401971039
815276713
607128719
838349816
186508315
254569208
812245140
122291755
428339968
856667548
732847687
440346298
122461972
325993155
797720532
804427070
169509002
504678902
536954872
535472759
34235123
400827633
512739921
198046592
655568457
984589463
414699403
309113680
251576435
127452252
703855055
652712980
788727838
442137789
250386563
655703958
173449053
38759516
192020359
640111351
43253866
130133735
161821278
199056599
342424548
261545688
174829279
266480519
902073093
714952912
824581091
786328613
451763603
685212269
108358907
188088094
410369184
82932417
890570851
56454425
792415854
218058203
615332433
882511681
991342392
846096128
557982163
71955690
603270761
947996011
669784873
791732340
617017472
141880276
859274102
870632205
188956736
654989234
290295469
390440805
615482178
816726765
63123091
475249272
252678978
987880175
378559963
353679717
562025886
467431745
496169928
56653935
172966444
10669970
538846609
433301107
875887547
127624345
192691794
98675293
151671016
394515629
929981877
929254473
605064317
868434822
13198204
51378292
237118771
690618795
798143572
459540483
112743718
792127757
298870773
843413941
502617063
917305795
172524719
108694928
747339436
284946483
507592059
112521288
921077290
206605991
235889231
570750746
737880065
130426839
591579177
711356628
915678118
449123515
199949455
453060043
988496773
592842874
288596738
829487783
455134572
220881580
645826533
808987959
306078454
691416500
889120094
22575967
596512973
84967952
65004336
756878300
148386681
216127542
667443195
598623424
190197200
477016279
472893609
917392938
126673322
374276385
841481027
137361256
246723962
942729883
235713224
871250133
231142414
39463239
253033939
376079378
860319633
998532192
486088604
755252992
180880848
919319380
991125967
832062648
630620937
744837293
500070646
986703543
666827129
105177126
145442231
129200376
190176538
130513012
518000579
337397533
853346723
174860207
725545896
619932083
657491342
520016684
620816224
736934912
495064362
545782510
9300010
202106474
895847160
89404992
606872045
674716677
446843135
731938821
670286619
690071397
552932538
836387713
22274354
951924690
898565598
509461465
752277347
766013334
309187586
407425276
731894504
303410064
375068550
358451246
202947483
276069297
171640411
246860759
987386110
534785981
485173941
428037320
231507682
268339024
495224632
90990670
948484675
830553826
486044195
384253119
478221424
796741468
963498045
671543360
731591551
701291198
549587790
670786934
763496237
639882337
852304424
814513934
901326311
925140265
122002618
8408596
170288017
804993169
84654374
808704220
147723921
434089606
603654761
62494894
430206056
269633704
174285978
537967883
586294355
150696440
654475747
960640945
566529426
285449368
385118929
201487689
287511158
848584493
184714597
987350392
296329561
293218939
545449399
266767160
652516649
631987197
830554392
201499101
582700614
852548219
763869148
104298945
19963649
485962859
256073207
921945802
98807456
538446339
172579492
430121799
290597897
32565737
328072228
888853304
483156920
589553732
197125392
326400029
50166353
717764628
492221941
824980674
343666775
765441688
377988425
733649241
485780453
331495025
594325644
352424037
213497746
95362864
761247856
810775024
861888087
429496063
539861605
756872174
539181437
782015447
671209859
289877022
754645373
541742928
183833690
982035147
265942453
396261486
453851927
937064492
455459823
962453491
383179748
88783996
148399188
748948455
522284646
847858409
637656307
488090521
22350982
298992675
9553851
987799751
772731487
595197723
926524359
378439151
781283697
431551821
232824871
781793719
414245569
926753406
354655703
655692672
743507841
503583260
898721570
329836125
117398924
962425034
790275818
633452443
616972721
901722906
666333555
340485706
100271613
76459972
157423733
998071579
849653584
832589458
413013472
780593871
415533925
292221187
52511333
928456533
489747045
601387573
34656000
143791901
365295830
204247325
998643206
760559751
915787406
600122688
983271064
466656728
722927387
191860674
729139252
785795045
291574468
717408719
69765215
294556120
224342740
357453370
804170488
891416279
120192660
363247148
998623862
453603556
763421889
744523133
58919845
55020330
357476457
455709990
698566809
99101696
207632793
485774373
815598726
3362877
747499630
790843028
126885038
367395152
452947714
878640650
965229852
365411168
776915933
896182721
146510202
964687314
984887080
546987979
663931014
578674319
535210729
803114869
316424876
450275763
626071850
783921429
208892663
42084384
253117189
248733509
123647746
105952654
545675965
871880595
717819606
918649794
71861307
267045637
789410245
705434568
903979513
23152695
963773789
754657960
179175559
467062491
849593134
821493354
373939667
631420604
141257253
92222607
194068608
814581535
324180315
298133667
393381490
961123672
441725230
769431963
449377106
230480033
760944240
75090298
600887459
750293280
861378313
241632429
152503233
279579118
170129781
574673534
753155083
597558410
922903168
604348636
311715241
80065941
674247430
573457625
209605455
637520047
791191853
619969262
943583969
630444589
144686169
579124559
350811803
544457748
491561743
939028435
882469304
769439622
657904225
896148959
698495202
123163904
686632240
225692460
864626838
188259030
64181409
799643497
112279835
251028211
585066061
368626194
897537763
775494499
839202009
572738801
18917969
873617946
324438962
99529986
797615574
299716871
160851747
712767421
870911671
953919296
895087207
624122313
137499767
155439872
755113280
995488223
501394688
981874763
670786934
222877146
227337853
450175022
212229338
122474010
587665157
937686533
311741811
480459980
414651106
365608858
731047885
926250014
831517893
952915851
618088934
102367386
199541593
128461198
312878740
522051677
248919611
923281203
530797328
67938563
89870474
630144038
417397114
753139438
214121743
364756101
45110078
513491906
901416489
931917702
728309161
298294039
418725587
416672689
461813438
823412841
844969266
23768004
754363040
180841727
429148250
965849700
15844987
624366417
335745928
931450354
897613626
947753128
225933952
78345199
903774599
921043810
600084969
345667533
397521925
836895093
178929469
533233947
444222372
869937026
191745260
30921888
515598354
249718229
241956918
904493949
827360659
955578975
682169039
608075319
542421616
532133487
789147394
657099992
185655893
234853030
745952610
325631285
820930122
667109974
41321771
198374702
115430287
681925530
283358474
248511284
249182150
195305747
60454932
704121671
259678232
929816330
466590518
741421930
428145139
50597406
575458625
666778574
87917103
528484430
309665309
315102456
839072949
537135037
354582035
437348879
540858714
113030756
210351089
574498708
236274368
615064918
126450350
524169465
886371998
360417277
408701227
652220413
980484649
760681802
302512385
239758999
164687786
710890460
749650770
110888992
719361866
234796889
169988229
204278994
292271023
851833779
16209722
911947507
98427020
953764891
18488534
774924749
144868027
223489852
506201553
212519064
881825087
127615833
95583415
676389376
472110479
198522478
963275234
28449079
4888300
806013420
302107082
917002980
52696675
92317249
472210770
394513478
617212457
997672513
375305501
152277377
93886782
307530114
398965794
661968294
719633471
488519945
740679984
115135845
85578903
410718044
895894443
638408846
55199291
68759450
326084908
33199039
466025060
754141285
205323589
415390471
101222291
415999693
767399320
728224270
216887850
177524171
587554854
117561173
886438357
616408865
112731177
856916133
443559941
995616886
281490536
890977325
44378367
879103358
118425826
974981489
738883975
660285146
665493795
643340489
997504004
681577836
74665130
763219930
769960321
412106216
346231514
8681772
672660890
535109795
446913686
496631993
858893196
681225426
452221387
276231606
561934221
924870429
485518594
928189302
779850684
936111036
46649277
488844124
792542803
240998871
387943505
227701145
470263278
628207053
333547498
453253173
987201962
55543654
26445573
308653102
380657076
607591144
132562416
502577733
950579663
739833383
73663881
566233243
782732398
837367966
976811222
747340870
457235152
830806156
328960421
800827207
332845216
546352894
961944397
395072823
770218509
588555994
273087091
675624676
378990192
935041587
664441349
737228642
448718345
706477721
408490251
985443876
757209114
86750334
36438901
475830834
904886091
375941234
495338710
576225309
934076760
162801176
44686986
789419907
546001232
465107481
851918911
78912021
696825853
81071676
891601491
85429276
653184342
430121799
697730205
601222887
328847553
703521947
916103856
425759865
56735727
121217823
613464569
415453015
313810565
667743509
272355770
447171843
230529403
217995587
823953422
158181070
688165158
236759640
98309336
534049143
177967922
324479790
233212776
874592584
840057306
619002723
735051017
960961820
385982359
456688461
749459455
409730990
61914297
503998517
864566421
414885872
770455676
45566271
411343052
595380770
39658771
877040094
520704124
674361355
867159684
811802935
264693046
471135720
592009662
229924683
846006512
754016751
164353086
782524286
959248695
111072593
362457366
658835563
23531616
363690198
944088916
552507012
100785206
338203459
770882694
447025709
849529185
377678410
846006089
665512878
504651040
148645270
160663787
643899802
460695024
972530132
551967811
744695837
521540424
590994614
724330
779074830
337123716
488164549
894894535
484104036
148460170
970972994
235025062
68772932
621947000
35647095
290902528
507705336
861564568
78873939
548247333
977149241
870551874
35231323
28669304
127033996
890194928
935967463
717665758
472107851
947829398
166960979
83664931
174317359
57953475
704862393
977368691
282702933
509924615
861480895
370968951
332863193
35365123
699171367
244513768
393631835
244365557
79138698
192180374
487856812
694739153
327942218
809274542
359772495
145619976
272895979
26501129
894087187
140625949
538104912
940470285
842443757
859682426
646681441
939820620
367441782
827777225
367169001
642316238
199645497
235459257
901508522
544665920
286839945
836459947
610888118
765049425
652845529
430896128
279750618
726108270
512421190
562406203
430782285
501939375
219493560
134554956
65047859
283648032
484497931
27357079
517293104
172417944
183324622
850661226
457423006
286508856
952167872
803743679
193037906
618353030
381688427
197128517
705674628
675504121
955546180
36495423
289292034
182104330
526712777
117862224
480361549
17006389
140986122
374603655
481693107
809722240
609108971
973010918
30436909
804665554
30458442
391725282
88679425
746222131
898990122
223724559
756400663
961815523
656764578
84293409
124177416
866473559
686376227
963834072
864986604
900516439
923084000
63268094
837546247
478328158
34412603
192894754
728837046
769029397
668628547
911720956
85623071
652658248
453734148
625523047
272751539
571500687
132509741
798233573
480461436
672475643
527328849
205557980
384457295
619507217
944185447
209812977
720438928
351242663
387263857
637301529
668056714
737165193
145489669
833166747
29585580
834874414
96681627
569004580
241353566
970672920
701170742
457031750
127156303
354451509
757705694
378215790
304070875
642367203
212412707
11630947
296944350
314917215
768291471
902144914
317869808
507213989
125520297
325445347
315593923
742743571
671279449
761739590
254003528
223761909
539887212
471562697
354643050
13822239
628266308
362546813
202452783
190637554
418075288
711588675
766616943
232225787
377794328
235547386
515427410
690512767
33628844
300642398
429709436
898002835
920691952
718538662
98745407
69278935
291851502
59174277
434623411
923793246
290140581
874778846
860358874
827360659
13744225
475107576
61765313
957870930
459499124
490640930
524295530
788056523
951639004
677402669
359653713
809052309
619091025
967409230
260651573
409312693
617653199
477548424
275805730
282343381
808539300
620551379
339330313
333770816
626257332
620714599
43421298
247191193
863592790
163090778
836553942
255857107
911587171
959368295
462132700
895778502
825922628
145227628
814604303
284607381
806746201
814084304
88480986
890016984
790801878
322631332
165534797
41451042
92804655
793947543
585633315
574487394
709681829
912776882
314632755
526904028
531703017
423530421
116424759
359716389
190323636
23760496
693684269
464255959
150252811
855432725
741679171
192449905
45510775
226305057
154039849
778158495
324474828
767070202
664883236
601859250
903496200
603198805
95715870
710615835
335150917
504288267
849848961
541224157
921010419
332912329
735690046
786524053
550971025
656962583
710710463
464723997
501965260
445552042
68117160
634035149
423873119
514787316
345497865
97874379
52339748
195115248
674800163
500453877
742611413
962812494
803005430
537871481
302021271
552105864
191188695
195148298
282708047
745152646
198176142
62335525
459953457
90338481
599134953
629888137
404362657
327410112
556449536
420413960
111557594
850434925
722002059
227676963
843784521
334800457
75260076
77981911
882112280
538654442
40939757
525315115
947826514
94251638
71899413
725585650
608401429
696398276
675125093
228283034
613398771
496623765
491922746
169176017
889749151
333203767
889264860
972109274
6992426
954125395
510518937
369137162
394420182
781251773
14129231
387551575
296073322
798179992
967842362
38817952
277191627
595714723
432059547
457375798
500024279
496457074
184387743
899152550
87997844
102965704
221710706
590426483
805524284
608845693
505568416
368607133
101818617
256843787
933677607
409914461
564979802
145096385
243493607
62831941
232683947
511093439
198226429
189867836
195488552
276763965
711954351
92603204
782954931
193795442
293880625
532693261
664519861
356114872
716692878
54887444
90672911
774832536
627731274
137703112
980968507
421006288
185373995
388537311
127823716
873499104
807262503
965168733
222757032
83354998
944699868
436038929
768305524
654001479
901336602
515126723
486322023
619458016
236601922
514103857
857675619
637280236
728091630
683286217
116593936
862082349
668412973
37618790
113292838
307417421
774403313
947755179
242421866
702786348
765263776
356351786
318989331
521657093
790936856
611983671
203821484
540396931
209074280
530973527
420743406
744660212
394608375
576504161
288689742
40673793
94658713
73694918
670595354
930824348
968492043
605906303
230197338
507352338
905599572
568272954
342189344
12404917
288457545
522206638
131077135
740395721
44086137
475665145
917152297
80109124
559359892
961165574
958363696
323048765
441312198
365432473
951592265
758852949
205355160
756197873
240423163
434844108
289386689
368904699
639106266
914494338
389730910
213497746
471739307
568719496
80837877
822560442
124970664
58712974
398989390
162948079
76484469
182007994
958853426
581353714
759343821
369444667
151888008
777368531
315761836
529413290
247732682
782185355
494885534
489135440
527761976
235379300
616744929
185700557
579835816
239185587
731700211
388062243
585809327
33976626
565480101
788224770
864765988
133359812
216202125
224475664
616077219
982776646
969318080
592328638
633762780
378796650
576007895
641013153
213422725
756849619
550021851
474550421
379732779
613688846
617729598
358639842
79515871
756355153
418280479
366295533
976188000
978467403
40151632
998811606
832809243
717951547
563376307
227907756
259345613
960781156
14792791
662092957
924289564
756405864
109950712
290140581
578935935
31955237
907918887
998652913
651996803
830663207
603982234
922885661
652036714
651542804
71233345
370212899
668426952
29755589
456783799
82198138
907847181
821435242
706740802
444752355
764899768
292041689
284279489
819556554
970922340
67931566
883926332
733415562
600161410
757466190
736811337
551064903
640703709
643167641
436812513
667929852
633267317
535864898
450750107
598717121
770695799
210014194
225149382
34418235
526991860
292873780
909346366
361489970
76158639
717676815
522141674
317311498
228200624
787421511
500129534
64318364
925213755
413132219
592354293
226708351
635497239
112171371
834370871
743526905
957513717
628953701
301461951
607409014
330276245
810386602
663127373
114685453
480899099
557122325
169178946
806154612
923769808
887977015
450819151
75290382
476702911
182735369
125574449
163105240
30038582
507006850
925004610
624474500
491143839
198187111
75705183
662722643
463918153
188135896
486981352
617394605
118580284
511071263
255345764
218681495
834343815
175222570
960666825
42714639
530201239
889846652
325814677
520469848
15283165
863694767
295060325
359569619
554665652
366085109
782305704
477520687
446381790
469685511
646419332
487930912
344271143
551584053
73428075
994494822
819634069
195911432
348872103
947738492
861127002
439233282
274813054
464230203
585911246
262036714
430780920
912556356
357028770
715060869
32171142
761590918
287239797
17970748
379240397
928965281
485700656
731711424
57582894
122541888
654316153
287603082
930740417
180445898
31117957
451350468
64626555
836723126
333781200
805182929
217451114
874601974
679914704
708612805
39307047
565219614
96615876
758705390
475966326
298533486
66023253
708804595
947735748
717842463
556193099
926724840
385285830
714049792
378784615
690441453
183723772
249146135
264532988
609240265
601973849
877322656
935925030
657900753
136945579
798285901
635124580
92553837
464028050
208075534
137680004
942948516
570860186
690274028
512512340
271189936
38661916
660103124
972047320
835235223
301342791
548797212
453412331
110654298
807109587
454261380
525999881
673582085
863672440
680268173
364695081
196546386
819769514
457979389
826789454
503277900
917139293
677200492
669570345
486524909
636977130
265584038
111514429
417373482
495357396
944527744
251754852
195686004
148393704
117527326
87693238
75370035
533377406
268966098
676085903
844482686
309189607
861244645
425893802
657592481
422977307
341990838
655960902
297690386
640477891
272963855
343806697
814574870
574592060
936749034
725973440
279047393
910074941
743702105
911753045
876100646
870900897
927047215
527876157
773882600
356839529
43998923
13274264
451926127
174331396
830740588
240535103
733276523
600224170
244567185
383125803
501746761
669088061
939216882
960066516
384457143
725266344
560024171
484437263
321180883
376373668
323033145
993899845
837562516
210945358
235631127
984498268
443471202
4899730
916388537
664332123
698520169
263261957
510920960
352630686
899428908
216658169
354795135
91030527
237166987
224463697
542450078
878649423
34676739
810131112
707511540
173022237
738272657
278900012
888047618
187204518
614698282
644752683
285350201
367642519
927356083
170538592
409107741
286009254
866997327
502765540
309252736
884980130
934923692
459600491
727886268
692833740
127001765
504701588
486307234
883297196
533633054
963412092
210213307
607060841
99023297
178565580
696138996
467962516
412037655
736992130
852467275
102256259
332461291
628031360
746565857
166057938
464761819
109824218
6621041
780789509
484830307
901945393
373633186
497808444
573741982
626355298
964556698
877249965
480854334
291144281
489501004
460347248
510438111
469670825
576111297
124578647
198404187
519045777
703681476
115023171
743460506
84289058
508469173
378047944
980410849
875606352
523036766
627087676
232804075
924456083
722171798
697805330
395652623
178271896
448306849
795321572
978237714
9995759
841069652
203988633
116646698
381095662
735527438
669616803
613838451
97275601
965243621
600052701
407194605
556864302
862781306
320812185
572677724
681117511
301803000
987508548
192894754
636646472
528733421
400894651
559685400
273691127
428585204
320817041
344919520
464930346
513233172
481914962
844396907
644852433
889073355
412063160
113254021
63248144
120816943
253779971
731690879
619088456
360144632
956438326
496498213
869245984
948564928
926632268
933315336
647025615
185083916
106701295
956044968
100460023
345724454
960505179
234863776
707411055
15532931
516279581
79406679
661125038
304709502
53234013
842677833
788140444
625594853
7490232
448664264
568494344
152266892
922723905
923769808
376785784
213139506
109882660
580041479
67426304
317400537
682120952
807574758
749788466
875644969
486556252
916080367
356407713
600445520
235233541
668343387
118255606
205991960
409370956
930061488
660408490
691479788
630798364
892310628
357679890
687750405
749234065
581993410
534445978
232493931
650371135
290167510
985279339
472191186
148411735
166736578
65580069
50785288
447889252
177925586
543422916
44686986
889964103
378386386
578544621
199926022
128531906
300924163
586853866
806021709
736334109
305992609
66296941
73984030
605051109
490665460
92593256
376875820
2228561
899703443
935710655
873995638
981898308
848666952
581501039
942863262
729918789
378957884
993135192
473864894
185835749
866783864
365100660
760768784
749502912
339317721
130065155
939531842
710869885
245626049
834013930
80278571
184179421
614536180
353691970
257995403
929543921
588038954
491067920
227697436
146185703
38944684
479794193
183226118
675088429
212829029
958833322
680868131
764899768
824361657
626881315
760552446
31752645
242175652
885657338
112417101
536478380
130094700
652885720
433011670
302511275
28928357
681516539
266011517
437740364
195321100
758852949
122458777
306678909
341233005
218105774
116495692
464086089
334549829
538977699
510956879
4176660
638111714
520119476
254388827
523566830
772341493
36960125
768751197
715955696
850337369
748206352
35354095
384448288
98452827
377068336
160333777
279793096
898563547
96797638
547008272
892802916
106366306
385957292
183215936
557861636
557778313
168105855
831876705
423945601
402414508
742048515
100671947
498850672
303491397
16928020
247793783
395369544
719425767
411515690
657739357
353263955
656182518
541609121
574697191
33976626
269914370
623546421
249315632
291275066
630600384
480730890
127624345
890925123
126137368
768475805
871209841
89499134
913182884
76887779
884019771
113717358
7476507
205833131
933842768
722279245
335815976
209571577
611671102
696219300
91019254
247703550
465001549
705960817
364917192
347222271
878805843
326151627
124491066
861460481
907839760
972682973
745828898
357877526
365257050
414972499
267608868
520512235
390240729
10862413
672097005
952769208
178675962
795066749
955265094
369217718
929718318
476369051
657627159
404328458
728842216
873162827
363673476
189671078
78796568
699825076
430227214
8753854
520706297
939723744
741113172
528705342
484901651
94751273
728640849
923726998
623104620
655350986
780509508
263901226
642666821
993252153
275624138
805587546
652124291
827532678
935001737
336751760
806511480
244646050
775156905
516566540
473132290
36620005
511529990
633987235
330206602
788490206
393364628
786899553
947336228
488192960
174581838
711354394
566065724
450889836
865056002
975562788
480738267
34339749
266142467
888814683
193362213
320644305
153641094
65317811
849631047
866140375
520426133
522677030
33055618
434076388
19244747
309497678
967015251
707147797
648047111
104805927
337935299
858760277
833635774
75705183
50246689
116537951
897118485
230980406
468697871
888245706
229560437
242105885
504882429
595174202
18953587
109578551
212180408
784925160
813013570
19408977
547737273
773203521
31991141
215073558
714048083
617816562
547503761
764231609
176250115
609379470
154380673
890277414
545113031
66998707
602362414
371949599
142258223
981012728
697301844
185433067
690927888
537118459
560897691
196670299
260600280
733245550
98365909
269943607
355825848
416133058
928108663
606206323
613642483
127420748
385308044
242004635
312468745
451653080
866667865
779322424
337928744
285377049
923866691
151053542
56459612
460820805
622140688
9118284
405615054
540494819
929336606
628209228
243472824
478826711
728213648
913776501
750929570
64138101
287435261
616562190
85393039
836693027
213404189
858641401
639772521
135715334
198655119
827308895
809199774
875505131
265985891
499398706
610862484
962732975
483363599
24387697
64586319
512826860
757221367
832480260
10695447
492779115
796925186
350570895
827834749
703319365
34891253
474444568
239893858
850766426
649887431
941255810
312879083
192601818
204237894
911072068
513358601
505692381
700562968
865330863
774311395
172659777
672489030
989241954
851942415
662322174
857976372
163443919
213818865
34042138
964683865
543611548
151773580
910619646
301753748
752976447
816165951
487594801
844663089
720379967
563602898
562355578
289357638
55788913
198240043
613839742
29726488
561406663
310766637
381632566
342718058
992493454
354098002
661168997
815723921
785426212
905065122
900320781
655590264
896486347
467569844
943754696
26985294
951432992
914130987
797278120
323712882
920263645
472268686
393568492
954376907
669534704
395054997
488290345
747756995
661745857
745722784
269889493
900210373
992402718
3957103
544108857
413414057
714720729
958370289
386086283
501906182
929917417
458065130
62202760
539697178
326407477
557734406
879450945
801232408
783374755
395788601
811254035
676723130
885322428
762084702
443160651
57888521
962606847
983174580
864586013
791115933
468824535
526457468
906862124
298198872
525929604
885892925
132266495
909266197
654540065
640369486
555353069
413533412
376012077
422354294
694116997
974927506
851111366
311744106
218157136
384384258
796335848
699033469
400346135
759257953
704110223
817596250
359211949
954662216
413979242
912189295
915488409
442892984
263796580
684346184
151017038
49162537
654450629
104863490
847603302
711183285
125639984
6277394
714709699
622717573
917978576
649848345
614748427
68772935
935818913
419275781
969690290
583892700
299908922
724559738
25709265
543679877
159688634
35789709
801327682
790569959
259892338
938895070
69194422
889618565
357746651
959248695
635644341
126961721
668967619
374032147
869904502
402281423
106139130
167509423
348750821
592193841
957982985
395860679
124066696
622015438
42969904
253711038
963542925
603271419
77114545
49546900
885767131
113072242
992724003
237264271
152866116
588537472
60577000
714249369
678346595
855603642
346822315
154585791
987359965
925530601
654346255
496257930
980804237
825186238
778370732
351743014
752766515
483000202
520808538
983042024
936749028
334278286
823990842
68925526
31653533
68083263
506047007
286105000
297662314
204464329
658574115
505914725
250844347
455239645
312815144
777261811
537158081
763895596
403968414
520596520
825346075
236367312
717324995
924971852
945189319
357046390
286040562
643257574
911423116
78159427
957504944
564748798
141531117
832166031
537987604
30247360
493675197
756812642
747134118
50555434
219380977
608514164
102944721
117004902
978612021
543691906
723512824
18344276
498701087
668627533
996290097
543711175
345701652
22065003
250723294
762078587
10447718
68130866
819849733
627690081
358585352
543450383
401470922
492130619
255328341
736849610
514503253
851436743
460806320
75294118
12266046
204236477
263568685
636017277
275138116
151790434
102500362
551059066
821421800
361965250
899508771
907768901
777014429
673301244
739268741
310000680
460981102
510116720
527566581
635262420
62373693
861653139
32739236
645306197
638147698
331516937
530278895
305133343
193859268
173845879
815464911
665934155
511604709
532264497
670810545
327751272
392664627
392565893
188011201
788977623
802818820
290001181
382109458
216409466
932783410
756331724
823173694
434560998
560715761
959732522
643276597
688196645
990173991
953341397
467555043
713832327
415134354
243002886
907820935
329083015
73920627
348677275
208474883
283405526
386219721
127307714
344088622
243170736
672307281
447217140
687016043
956757195
870884903
359341026
66832909
917139296
562031370
249425337
983895944
252042153
290552931
900981724
173511210
69727416
183091587
255862833
231541158
502332935
976399015
251541489
740010152
885839789
874646634
423771569
670460273
401595208
790327948
402718906
911421843
120205288
445671127
885809983
674658021
567402827
65420439
167388504
993899845
423703379
272592469
285286279
627811957
168298990
380801310
104719265
711487482
245227554
314021445
457558084
38408818
187927808
940210158
839740660
779272847
465366098
718016573
164584134
815195136
422364779
315761836
180964306
936743552
158686192
42404388
558636966
543608176
461050219
515186837
62470034
760287428
685133913
963416176
213100642
980895386
976388868
214017313
851306959
32807682
418942520
586231559
354311656
381462622
862341498
561229358
131739309
728719521
21151966
507438056
998085913
531154492
969322696
174150274
599534357
433236408
89221447
61414606
728407330
62515557
366707782
328770390
414914449
291968642
662195734
805986055
516406781
899454371
572682564
212471936
491761321
694014649
181421731
630440139
958363696
774370956
985117129
839161908
379174142
885809980
539374509
58611404
618943603
610036545
22303917
21156321
883400332
490095637
170964659
76133447
731841057
960860775
569436935
8054461
250292237
302979845
4297901
865723979
150619076
534877726
824484474
698739417
120914538
11938232
661692760
272611976
366147004
217910857
674659287
54957953
22445736
360347917
472715013
362654400
842047248
363344634
560227411
355288316
259208052
355706562
727849367
675923164
162237656
752635781
245042432
713667087
568603385
405605484
735614162
172659777
570558370
926160680
132792020
44819742
718896543
498436093
449874685
447025709
745087096
194635580
855930964
521128270
799084592
114691705
269327222
277878431
805211138
954737231
808217128
950378232
273482747
87144796
377471598
142032633
177979796
802532128
528646859
963079690
812596954
175972862
916110945
126162848
436935124
985612760
412601163
268927714
42727783
314679737
532051264
371068369
223120487
736574392
39800379
141271101
989166399
940651056
200661587
396692080
460538646
500370937
126062944
633071203
757756657
578212333
748420950
32837461
528944230
529034641
809601520
632832094
507352338
76003736
810651514
667618456
833777081
588218637
979624317
38898797
627193288
203139670
175137813
985265568
22014569
410488714
359211753
442872246
33167876
159722369
547653152
739196349
852941991
745316398
116388894
237847319
671710733
295393450
368980504
665900429
125037074
87239741
766547606
41314722
371813168
240329161
958510667
8387880
150934441
596994614
50188153
752441184
835280642
7345641
966269892
521876656
30038582
866713499
986526344
27664960
689936868
606996556
107808365
148936300
914628279
965129911
857191919
681975743
554857146
592096323
689147518
529614234
514258844
763969508
387205200
612147178
566004020
722875557
348201600
593309404
519852452
43084648
107272241
317951771
450160255
979793252
8551898
63781000
260679546
118576088
701767285
806595782
248516019
180550941
142460394
101641347
176720664
205420647
647732240
658326469
91747287
292493498
782285265
814364470
698108612
336393588
95993380
274480437
763783260
730027711
226314811
995102062
220756664
184221317
78844004
388154655
495701797
457616066
203682879
397978948
777397598
249388973
498915926
248794759
943894762
461583249
336387653
611172850
685491955
529035568
890738814
627847182
44571290
864508335
926831486
35178424
354539933
963037711
465544273
818333386
398462594
913334714
29480753
112094720
297614307
783297070
597591511
925827357
850858609
114827170
372987374
962895809
647420673
800804018
99142178
654083122
658865299
168418770
956174750
538288172
844746284
161254430
615553782
18081167
790167509
961703312
102716219
807343295
426818209
947335907
534222862
835236153
845808882
939591685
592354293
325581888
375943556
131535467
788818922
777685842
999663092
810483188
479296192
964323217
811474729
210523258
617535105
826733305
421155709
875367169
113166802
40216980
803156773
970543638
710512229
820832657
936574192
245397367
971213806
517867571
93716357
909047182
84840767
656274315
892612647
607767379
408309875
690454613
136500082
733547585
803750143
682044587
43774095
463525322
171124270
427317131
748807838
994448465
130188338
407034007
523037947
139450007
628747444
17394607
54108637
450707762
13321441
257840782
803701027
746594958
427965483
148399862
694625038
695170049
643717600
191278932
691492118
3543557
274714157
664696754
330642169
878764813
509581708
954754248
757043988
231841690
20257418
528844602
965203739
551586480
209519115
229404251
460752424
691905295
740092272
320339944
700561667
257067635
801101083
879482826
998214924
516069489
433642147
500203990
120755039
981682348
927047215
824343311
157515692
669371919
693834357
217996635
959074139
212324304
704695032
315923710
495899485
67559735
34816540
744683292
828868467
83586833
7999986
625164247
97829932
964482610
664554905
746045579
318789882
562742913
345778307
772094349
431964890
949759853
390468285
16568757
475792698
771787924
5394807
897874805
350943457
210014739
280587451
8267425
460450314
651135255
309931025
557528905
218648166
39138196
1611295
839892483
82292068
964486863
529507382
852963769
851833761
836459947
227528023
264840208
61008164
584164775
27860610
333525415
916137383
547895057
768275285
187155350
154500522
460770716
137080243
132497843
231200154
57972025
916870294
138732438
704931008
976987546
432242177
302174319
817970465
604898430
78358950
650525366
250953092
285137564
959965626
549305796
545745342
280822470
195092525
729865884
29565053
936631361
204512702
383763329
68430102
403077307
799416448
702081587
843309699
609673014
588678387
947614800
110482390
547439301
187850520
386104712
965236517
695314540
131882930
594619446
3686504
50113438
283064386
866924806
720102068
810346372
195754348
676556588
928588103
192909312
558815325
809049204
450103300
102646386
290120591
410076019
150384171
309877665
525653952
925372091
624644402
140448326
622748067
373052198
760180439
846662956
458662349
676211988
433170162
97438514
392910643
422869257
481073639
714904402
668377782
449958220
334207934
210041258
665476618
193924276
64629115
297794536
956294323
309653847
351711056
209085587
814513934
649240834
136827393
718423189
947154330
988991460
614774049
70042901
43293992
120079052
779586168
433325753
923769705
719206103
168793862
954444304
762596820
239809657
909734064
335515213
642379764
210744314
974414345
188064501
404055069
340297212
101557209
861462481
813204474
137792832
545336425
730382683
151053542
673880963
929363916
562142722
53505319
74415609
204790873
883120900
829479059
358780200
737925699
589828530
331636569
556073020
768749841
202325579
231465957
830856226
678634850
308788179
928479253
468344883
760289667
126799341
357094290
162602555
394828849
801080453
13901093
402492764
403478514
489857039
760800803
946390705
829206033
720771360
458430555
55064718
674984299
24134712
583814612
808729078
249456581
181535341
840434035
293203978
945431843
375883792
342528584
193935009
146892155
340602698
13499438
156020201
333560733
578257249
533475867
948152366
720048593
776761645
387264425
514134667
223735087
957699649
405298526
661015600
608693138
724489585
186077137
621021204
660148002
966750428
686695279
746340041
575281280
43057548
222063105
891810053
716190678
285343557
644300478
896473621
919225089
664736283
61608196
957952084
315917704
527420919
679792984
285278695
564965588
52414272
245188534
391771221
786064156
276091845
642632997
441607693
147234716
162139258
807287529
193883806
295142883
14144375
936606188
399171965
478935466
459957914
5046269
236136348
45136913
860338917
872705526
168085910
819716438
202641735
139873537
647049962
203525850
186381707
479777881
734343873
405241595
328827796
871164115
421083702
354451506
589212000
273928106
634516957
56737204
697192219
608160131
447347682
226739061
95214902
784918233
580531990
924631455
447427261
332880620
721096315
636846933
164387787
465023892
860833158
309544229
441312497
748568528
360218907
971404884
577702419
383377662
140196246
375053255
128057036
977853349
349436032
51898868
765556058
350521974
696002367
809152067
788310955
509386347
348423544
657512681
609476910
357037532
412788506
615583440
530632837
730687843
323525962
946768164
278147121
79935752
84773070
959364155
800083063
601525768
797472720
625980142
752256207
282571408
498452902
192992572
777814489
795736941
234441507
522710157
961910259
339856824
935002743
311167318
140160750
476388676
842749626
994167004
670161928
429379246
317154735
553209769
688597330
94759227
253993536
122817166
688492784
117145826
952265238
813353885
687436309
65786474
874084765
278891343
357579842
566154700
367276524
723206203
101293579
120591856
850456680
691731554
845739536
715375559
77292915
409103550
741489686
797278120
449037591
951294832
533832530
944243645
758113340
892492284
450220231
875405051
699056082
408650016
186919422
585285339
713444640
960361503
984082188
143579298
909777748
471557492
710403226
456579217
132126867
256925465
928170801
599672516
404503944
388842922
317041884
37934299
956390829
552600639
825187964
200551490
611290319
589256303
566037288
357489464
58526282
252140728
145424700
393977955
301301883
513185057
16849611
550778574
275832261
281828907
140411236
467529667
131030926
757556009
281036433
472815382
77941009
626686758
682333315
700977767
666780336
318080520
184509312
966506974
143640236
778561132
776639979
959516410
9814083
333509939
428571030
799270547
679806558
890511219
403210017
841022263
958122769
266767160
321177201
577125389
229523158
216037968
688919055
697969117
445097465
915741752
616726460
916323996
119425764
377144254
525276994
752426989
626255198
877574735
335926885
334432528
365608855
853424123
907924678
832822339
6599103
144919653
960100221
418070843
510652374
648795516
442164261
473743892
770304017
452619627
659443938
26765654
335513212
964486854
808204402
573949383
729898880
454671968
842153500
691071785
845405564
768226783
203606789
443886469
497255652
123491182
588747599
125099454
951496611
927026631
919839402
218020138
944471122
779837387
674211322
827045660
502750280
320378870
347242744
68733536
101020415
273993343
50869847
967053851
42324849
270631004
978197660
991597208
780232222
371614467
601642266
755531380
350351873
703479856
368849706
900905237
517669862
29113442
170980140
776828690
668605286
940368467
850750918
848954639
505430704
817511267
454162385
556365558
79148112
584875073
627429473
726648680
645298918
359788840
855519344
765441688
219134535
328674243
842330805
914602986
340563029
630920968
31272742
195995808
853621388
609828730
249997940
239219701
995193678
78812684
833331920
71995405
564922383
223190896
847404883
76423986
258521854
339169217
388586046
749368146
180512851
78619688
376962988
990863741
853206063
824809855
332038136
442651169
927532783
857647166
849888977
936198900
545601218
313615948
474736465
985925740
87919480
520965585
147258971
768799191
778221674
865748937
164353072
251044075
71851687
748979005
4708045
305272917
735248967
915470885
54887444
36990193
670432564
388449434
599527310
946345119
947314092
14435798
360170872
6364830
649554142
939956685
862895704
20177329
252784209
315149520
812936564
846250582
586400153
759244857
105261630
146853839
635627857
931373225
678144833
241404903
67173321
976820192
407558748
855916294
384317283
668657095
637732720
671990198
874054987
224808788
211168034
383090972
524755109
766820192
431904238
325839477
233772173
841288540
780121692
989477447
257933278
915464173
533425212
3113209
772901105
970141972
823788115
560835372
548082212
226844608
384102540
114909405
705949352
325814677
13396243
221469410
628856697
946156349
233649302
407307592
914542072
512081658
844995120
972635480
581082086
603984347
51051011
179268455
727314674
416683927
405056898
497397032
376606450
730087344
892523605
308993249
992504394
218503354
581966849
872418616
393977958
755186551
101277736
646789532
444705647
248466697
156301304
599481039
203668898
552558386
807666186
34935604
314548595
520384207
279750618
593917604
977607131
951780244
974670113
24782508
455864728
59068979
164770914
744906179
438396623
498947169
49244477
816406816
285962700
932758713
309176516
571247789
570595767
249668085
300183536
494864206
644518667
308791451
412937808
441205254
774263710
956058633
225318417
870460706
768129170
734052344
922185113
453747149
336109933
548592715
840558725
827686214
682888135
96870382
248506160
497600318
526456107
165623089
347309396
599693800
685446716
641104492
870305099
828604401
359916626
560167544
351737518
280832567
128248174
561593060
777329919
775393812
54047792
984393030
994788014
358750164
225051651
106546843
9706054
955745405
89593627
893732421
788490206
590635338
3134415
697364109
14385185
54856858
379276728
621402142
43789360
743792918
662773233
185414949
738074929
122768633
967296523
512897852
591469768
611468630
676528709
508729736
495409520
3934332
768176753
342661100
881405206
711851659
584343635
778003854
545442215
585118921
485662803
50146331
693003772
501291595
148933388
390528096
941010411
302270840
498065826
478594644
457107682
999612121
511718450
831504301
489747021
835290043
672252593
300367169
146710577
362161490
978781258
973852059
309036770
514239574
138300112
107762588
653955116
818866606
147800065
996785154
635758797
213115873
484546537
505391279
198278037
610639186
915251408
859232314
389786264
603682084
203952147
753653721
915015439
520074212
25707841
674135262
583626211
351596467
998724083
798064940
61595412
465838271
298551820
425757862
435926852
797964823
9467616
120600421
136720080
773017124
382787258
762803163
13460567
487491085
552334180
382843591
998085913
926481854
716933048
654540065
4243222
318535486
897221895
786861565
182839393
455179353
588762055
114534142
885558061
237165751
370813109
706334137
517085056
589374235
561084375
9801015
494864206
246946935
110111035
533615611
384074200
687864176
756300988
399795081
910256260
141021804
486237046
506967022
33674517
61008164
235989043
398980492
448204856
732206184
432045698
461757523
800773600
563544937
799717102
549093216
845257295
169147163
315157161
462931912
431267178
77059814
478853116
88947878
644584480
225853507
480988221
53307688
801720806
699617833
785411071
853855011
739302454
14230964
908019395
585174166
71267534
596383665
936267224
955735765
536099872
429858711
642536841
163531475
948602093
750550696
299517427
674713415
714134030
401107534
468099451
743231436
300242100
745045828
579979757
285643797
979846984
127615833
142036892
307408248
329424886
163640201
832921856
379056671
428479826
935554251
781224361
340553777
766207780
714878546
203772894
370482531
493799678
582411966
515664545
302101819
847005426
89092480
872637520
399062702
375322124
674640702
955080623
247301781
845337707
659081645
50938197
155131332
745551187
71361649
955550199
583355030
475653427
315533596
651210441
330995138
584199419
972622259
522581774
590730645
121589124
796721481
725978487
955104342
869855645
880208294
510326556
63091972
398611974
234517987
747802255
701081276
838573545
812360979
302323399
8956874
115932221
773757184
436265924
760192073
77478549
168093820
937174453
225630581
621292940
812024838
700593674
712979257
966482424
580055050
380630367
147278061
488940000
931452265
412703559
178710543
661112850
404127409
802359303
736076148
425330614
86949372
412912151
425736727
345182705
368402411
857850870
962884651
617185702
714134030
520213770
214007282
371090010
481551904
485619128
94634352
297066435
636834815
541946436
500452998
568435056
544046428
552578980
149724284
773895431
698237850
793430845
485227745
172972195
387318174
674922506
717914216
552967148
76226343
412567356
465514192
164330568
792434182
569658373
535083053
825401828
484185928
58692650
929611293
133276979
801685190
710229168
954311368
573927934
909990852
815264608
256896441
585837789
255745721
627433847
580940613
870174430
192407718
67022025
257541562
104740427
765100589
817936842
633249768
974364722
508280935
804037629
114100313
609194
230570823
612652262
824666018
74180920
49235302
670379966
189033949
348727066
162001926
805591036
471212814
100465909
292836088
313414809
786244251
661662304
114983785
929132068
18562406
397187432
211728372
502015451
695932476
547437591
279431620
136183239
776080061
739603792
826858834
110923473
539387778
246305995
510370821
200095626
801425787
821692783
354151022
261005798
838543985
683847770
50289393
914806653
977867852
651074862
962648737
51914098
720397078
360342996
791951832
447808197
263794294
539045448
817999995
533488903
160446060
499141820
956654242
334331145
290832189
805740789
498362550
940037290
377471598
317575558
88962794
337052979
799978275
57755844
630286737
356369625
774010381
95982785
460839455
433805080
813864661
729964306
650498439
508778121
860809408
127452252
976007049
18841500
291211016
548239753
941723489
226308723
845217457
404979595
395649058
780597916
451542292
860477628
845329237
189550430
742799102
111939493
699432624
891034154
742335945
165628522
372055064
840599201
239328754
573291765
595612046
167983003
199515293
808388466
301768313
16512606
727507365
595780770
927387938
573573740
686918082
620714123
835917320
876346879
177397794
469906222
403512434
365588245
536512962
623649650
486593715
93302129
825797508
590251346
864494290
658318656
763241816
726044630
114827356
901158259
110353332
670139264
994563687
259908147
194688499
499298972
945964486
387752470
509909240
342211556
181022905
433856834
626314049
450833391
827073487
998374707
221082133
551355640
85507065
763368579
859632940
79404315
380278147
265270137
138891105
370226116
812582093
333844036
576621971
806944624
51453526
699619171
128710328
955227173
808558086
801030095
393644455
956013076
872059295
915678118
337123716
109395744
427763623
37985009
996896062
603213426
218108310
517117531
470221545
676365572
732314007
109121660
439264798
45731309
940017832
323275888
169414600
35884767
659432868
439235433
802107280
431798625
602356942
257524712
345006916
976522588
254781829
351776621
844379398
733397242
233468365
268051776
399493751
270202995
684126880
949209268
136073477
565447947
857116388
515046540
97829932
686080566
365608855
986532340
988359501
374285680
127825240
284434903
939101606
8557860
767838450
71308489
508824233
918935172
382832737
817596250
188029846
573640861
56191918
936653098
104059560
978197663
788976521
714529278
997189249
676881928
546895493
507286067
916760369
531296100
530316541
320577059
244251181
348911251
646101730
4446086
825508131
916541952
603543391
146715436
932248437
210527124
683609024
929812587
47261383
573597098
989339472
280786919
171500477
257409979
406495032
333904081
105212678
560019655
609673021
153628644
475290652
721030149
634241354
367441782
961621547
100470962
102256352
66804661
172467928
930535778
309041307
384851286
365502194
651910881
231465957
989796629
458881797
984363548
159851425
967759586
97842294
314645706
522183218
958612517
964755796
419997103
828533696
40914918
458888051
698801682
857296914
423985302
580495691
686663691
909247461
175114441
954745663
84086659
474597764
28738521
167253902
943606717
849206078
180202701
765446140
527716293
799964720
23708295
657070960
561341043
586921422
286271476
54347465
934245044
355688503
910909029
221945652
114417735
947738492
452579659
993291913
848984528
212795888
847910179
924636338
631553000
10066894
24191307
367201160
737020510
162468093
905133907
615762616
847962795
884698652
206991152
335945900
69208151
13686046
442390927
478935466
891925725
76100574
537011373
52430825
24214535
15070881
460772739
288794862
326592172
789136142
121834244
854933724
737275180
902054793
661481275
352101885
480563053
39607354
202697282
149534585
937498402
447552689
605179290
63439777
799135655
86012409
945611258
261076169
819426149
341006143
916377237
557163933
949556795
12200309
20655246
155625205
68125756
41372364
361805230
508815315
434190743
730188770
846271123
609877433
533010871
51962472
568460617
674415628
55546527
66605473
24679921
152866116
731892011
244639736
946791699
377775274
491843861
409841400
818650734
702589865
188383153
656857482
438420806
381967344
536711105
138255973
288596572
282482795
933422838
85071813
962985310
710924237
717537714
142714069
337105662
110217862
218741196
811773180
738147234
654546905
618583463
384780030
669570320
232006216
184972825
230906720
116886769
902496554
440419041
150431611
265658219
433123480
312336074
606404232
861666163
675800745
195000164
961240577
857391367
126106935
593038538
87458607
742617818
712307056
762827503
115057834
467038381
126137368
898178751
649003232
622986970
807109587
990896135
272633821
465655488
124873967
271463072
45426337
609864758
116500332
986925999
847101312
957197106
699792729
107404374
914246841
716898048
560566201
976841323
408056375
13139003
609590801
711250310
921763950
613354145
531813690
404364540
537350822
140555356
195692892
656399657
370014935
430238815
666656431
978001158
843581083
841696288
603846933
991303863
929113457
986913777
798861669
320766246
890641818
623099952
509467856
431337005
751462173
509193551
471420273
714529278
686700151
409498449
905064227
212613889
962470840
989949050
227747436
881091894
4491661
112923322
424629789
593967986
202489858
836853191
134765394
811661039
728640849
14214528
194915523
996734689
204592307
137051633
976187896
275528423
558867969
877344944
574629975
760711452
591171737
883760028
443140836
383143133
289040228
820222337
400454777
710211834
169694848
873279169
769624823
202758648
650839573
717311675
553138729
619348127
241396288
936967866
362682884
296934633
816493813
703421470
226028007
274117853
457908783
397248907
552919966
680137362
290999996
139439217
563813026
181018244
433618717
620973868
678990502
524881690
621205086
340563029
694394928
872261536
307724648
634958633
153119917
333138608
296819854
540448306
430129764
771539849
441671882
948060262
399202258
758804226
884905916
832398275
114177065
481084264
397557065
708348666
551377625
971181329
449853067
526827383
734412237
59072141
445363775
460959363
799798476
615285381
42464768
615723767
714593896
173264688
961960963
355370393
841737107
300566458
122899609
647676326
841022266
365031007
902705044
913399240
627087676
763991842
274128884
500581230
338609483
585064860
556066380
724786222
595954531
242041700
937894287
865132078
452859038
47571298
450179158
795134967
379938931
862287878
613235506
562922721
735371446
701323960
696557006
477743367
834543405
18112174
411987599
827929847
124556728
637735273
669317790
870231067
707394889
717095341
368232215
76877856
955705146
551331764
698624674
867349285
718674511
165580869
880494126
498309118
499266097
721182890
594180106
958102125
460659525
235114459
421746555
226009017
609405464
939288594
720510449
940104927
523155354
717531064
50989648
66995586
185133887
807645166
75161819
158152451
129967886
58502452
566890248
860189947
917735803
136392683
399393017
322558106
976891706
50671669
544436398
108056118
253600155
264398506
183573480
345092707
53247273
111467747
20850702
608327270
388232498
529456884
445657385
30390173
80526207
580665142
755743751
733338130
620439082
252281632
832547670
53905420
525433178
473210714
230680113
252442771
413797565
300403831
176226159
797497174
218313876
236484138
796217404
168350856
116673630
977128526
164730021
684531525
897085857
658250966
285430094
886483944
906796311
359985700
450507211
715437490
121417693
183299313
250194347
869327563
256188545
31235018
248039550
921705206
721353180
813791381
688831126
646286300
668377782
3496214
67375196
193216152
686023075
528362152
905053188
167421457
91861890
401070078
767455448
835068110
574004972
886158547
951951021
713068948
681343006
367293753
568946632
789518999
80926526
424575975
613226270
897287267
186276162
450426565
220396808
107096384
141750638
192244242
140166172
268674312
598736764
41478645
428118912
768258351
732553710
950172365
391558086
374786279
482443180
306073590
693283118
786468700
870821826
90226843
779421000
684587094
302218400
588228601
517209087
604372243
622194335
838507932
824095361
701066782
253527400
956457793
72124617
674945331
454163768
325210817
805575721
987079195
923156315
18612638
852569436
776197352
944870511
205964869
182589584
681494724
386455272
237624637
84862539
213715530
582450788
356243517
921784321
228380069
228131336
764366680
728191758
819230643
521498969
747639308
959710335
478950729
599078850
737975312
625276317
963989676
628074971
190024598
623448891
488852637
134293270
54108637
145204839
636066067
770009218
33835321
318926644
880259694
833111987
794588629
706969914
193251350
95306139
382128745
87364944
753043793
161582883
266848763
42281736
141449666
409513610
530486313
686082811
59539858
915554314
313410403
849343665
395431474
520566568
199137413
402658132
949469942
423030835
300386465
522764333
532128198
422668712
950308383
434098424
368568953
360725849
915011283
945017728
255938388
163934604
850098652
446247948
801246103
694702263
555414278
900700331
811673788
590914687
413059272
748459436
449606834
801178171
665512878
393814251
848089190
756722602
84837290
352709168
514949094
392050243
87525593
788657366
906419797
973115656
464864336
763056301
714929325
209941761
685574775
602131721
726191477
584075955
85673529
375524222
461679162
460225028
372017798
871925593
477017671
980962929
49241017
7977699
619957748
942165267
829759781
113373467
85506127
697982430
56712239
286297287
41026522
155609281
276211016
948445768
420290085
320925194
318206390
598923297
393521212
811656156
9828034
88911670
44321055
493022188
710185614
417048685
323438689
784400006
573640861
125099454
93365393
784523779
778938284
633204359
448967571
621592743
371865056
916402396
633481182
727044321
899520122
84117037
422805732
319255956
680124387
642800571
427053419
296627324
374720659
660299506
103521122
627183140
80949028
877097013
330995604
43559718
683567458
901575097
6009947
606299891
994224591
820985251
108126695
819029764
592916259
798117380
241657008
899759195
169330638
54821191
803120673
508520280
153835527
450626713
841737064
470917632
652358349
759669376
282420761
371327701
426113595
131615918
531346712
393092293
326477133
661029612
854361383
447371012
927478999
934784684
954708700
189429491
820519705
900136452
753026696
379195629
249555870
692208070
74934180
918944281
824474738
651164261
488978891
650414517
177641674
379828990
987452276
642529545
126763701
572324273
739712553
865523915
997352907
145111632
904861321
650462051
466684015
796876341
562827644
717191621
641400216
122787523
145818369
883393288
394878147
918977696
176462058
131567382
924809854
580468600
623153470
563643715
461889162
413630681
51988989
3111640
237517090
415434329
733846507
616562190
845535862
387320004
271921792
50671007
586413151
359802191
275109522
601768926
799978275
815326615
825285318
311839747
878340080
961669395
839573776
308508737
21150412
297066435
422638909
727617875
708923937
665088901
506698091
458721775
786647447
688963022
738636535
517639062
320356305
726992025
343409083
606217610
515311968
345463945
495924532
7306004
746163967
465125211
754915561
322048994
775449144
256140621
692177379
653935122
322578912
600892069
389537416
199037623
292957148
948214698
498554458
720205947
187554779
702684525
953552795
917009155
612712544
85804752
916854503
820570288
394046515
981370078
236871947
684572729
963416171
39482622
505277172
990055778
244329351
167479300
518745828
979828295
667823822
980834667
644653554
442828670
401575201
776183425
812791376
499503777
907501827
887980148
102382074
400476871
918400286
286963992
348069499
105007098
678658166
328904396
966347693
498863097
702059792
282515898
500508656
701066902
998165177
865945975
232014026
425966450
496700684
546722576
953209868
634817055
17132105
276052933
957282804
291610696
743792918
551098575
116924325
965778056
139787909
468761828
731287862
97308460
644171073
160074010
420995188
381988930
141679378
866108853
915166860
19487833
289917909
226305057
363430478
302682525
54938845
684748693
996125142
519870827
243220388
625546514
792684990
195877258
923780345
300020038
166921432
537382248
637105470
70045897
319875545
557511555
481905464
100008236
538010697
957732056
876034459
639118033
105472680
843347609
27994655
424068002
738181454
917818715
4635279
420290043
906432209
270159651
149421201
534445978
352645708
615205760
676556588
663514502
882904446
245142537
478208925
799916937
260564136
863535687
358832880
952135631
11028856
208685565
49964149
547653039
861843375
174054720
465510377
526540447
186142516
728553666
229592818
349382293
819976355
58692659
708878427
296018350
879570370
580068133
594994858
537160528
200906037
338745425
555271155
189680376
371262944
673252916
47820570
141417569
550898884
239108003
943409432
527083484
708882485
961528921
276695765
254276573
354814067
319439381
793733883
728349568
223791856
171903937
323908902
306569675
175056627
784324483
409814454
774311395
4129041
806146490
957242161
516553957
351247504
98805848
518343389
252250074
74414444
80945861
807137648
173655868
686313987
690094036
811777153
602252231
559144434
722210526
943640524
688923985
551517037
21426858
228864424
594972436
508259317
148446313
615714180
665737691
562013012
179977536
83020893
563592907
247697431
791411505
121276183
8473362
797981845
320045888
666843241
854849536
722099139
101997800
257990867
904559646
332049768
449590298
12625723
22564049
606711332
686097836
531415624
656536390
356010998
54493732
546379497
374276939
963069507
767920053
977732819
978367129
896163056
530855895
440937235
897795368
703364751
201781500
135650267
523080429
586300632
123935368
422862161
514224509
295704219
277984463
340200313
884884807
67696615
154769668
343904725
7607402
456354352
620170181
112709540
615170060
950373491
599112120
332446410
603063611
270996344
463004012
504506636
86319409
709811841
498314097
551368612
798902886
434375902
699128282
195617135
558277121
25598116
893990211
821246657
291208344
334643051
633249768
72956096
891852681
962831564
19547922
179292677
257119788
593682204
24859858
331742939
620673443
900289931
352215295
316383349
321757201
139947459
950595828
408982157
136177886
533088728
755745995
44546241
806932033
278137533
903692051
391648536
417437208
938195462
111189785
241774724
608786637
851033289
495930574
51501903
323143151
708731219
620985827
310888295
656932005
696067080
664710538
88460894
201290151
396248274
825519334
238963417
704656316
954623700
295023474
76348340
352936172
108358907
203805442
577042820
6678850
447400148
25769651
702271745
890394724
889354837
426682259
585951938
187941897
941298319
926701033
852583261
336274775
312827269
567064114
92042153
903313151
771688725
609595672
425736727
300430927
141131828
208134730
850749637
124280818
534684840
955454484
184035505
420466708
74898248
677840704
295947396
577825499
333078835
443975297
138611793
913409408
818102404
949806540
988147543
818360790
459830897
936111036
600754175
398129918
359873676
834752022
902151661
542972270
221366514
932178794
265335233
357128549
332347249
514077607
369270400
522380181
314418579
145160325
902176379
669911813
392713107
917016108
346822315
984823216
455351574
726460516
587901602
768512760
289917909
892885188
262895817
667950396
349632777
502770894
608675629
570079484
718957225
798256456
274539423
375469381
400975149
246175572
772761677
200580480
170749446
297879968
379220668
792716912
679901065
605231456
657975461
504920615
849372159
910587233
277161191
968409762
596787241
404640442
359114285
854386688
153412683
555247418
591550048
677758684
752313843
128934081
576504161
510960299
176267776
642541254
938326511
920989187
771615782
918281015
467560979
129997027
742924762
561344580
495112466
571203768
378091602
807717260
517571538
762347179
384392891
599036702
110591300
637593888
31208023
689227375
37618796
882172230
585127046
348056764
209120764
676086114
763571068
911072068
955266529
313849426
455711559
568865133
803986926
214243030
84657910
885214902
365094386
268509928
229207582
56990126
843418791
150627635
169651386
834189731
628094242
701715382
995136938
771595278
685583018
165840081
569763916
335563544
607598337
17178158
758755155
61385628
53196778
656563384
664406573
437620792
25368193
624443342
479507769
260699032
264936998
55334645
550338330
621349133
77478549
221870387
445868577
197532272
95653416
150710815
783066465
514191525
4991645
517826913
46004868
610666440
442184337
14134537
390687581
487777117
808314584
552727191
590764172
704121671
98507102
522634309
219351902
515842979
523555779
914672370
197992569
601772069
328969140
412641722
914090109
757594106
597045060
261621228
290232491
646547732
619378468
246684400
808543603
353668115
676263773
976900869
771855557
680473018
626014281
466852169
935986323
471307523
426765138
842899593
549773874
512671756
974973116
522783105
413794264
322627361
391039692
541573988
418928831
962356097
914631006
845885247
413733595
7621866
465394443
161211607
375656809
357951795
489630
634378544
96860840
587706463
525729620
470772813
775497226
961612544
279431596
776737876
100786953
432382995
658903852
473963553
97978493
906307164
379828990
264433544
825987494
250574356
53425615
657089011
799788914
904562651
597119811
98877756
961928616
190447808
143102945
27287318
516115053
445194955
591429721
617191832
590225792
31969470
709671554
455666217
421013545
423463012
816726191
64448661
117283709
780856877
899958438
983935010
731975521
547788199
256510614
856200957
234337876
376458815
619664023
661697242
589292368
142926562
882269550
454523592
625886850
158430011
492797568
665900429
570929249
377621406
535210139
486424908
688431311
702729433
951894787
919394429
876881965
41153468
691239608
734736939
218403225
587591575
410984943
617931093
117815443
671541736
284617834
167357913
544437254
589911045
809366509
203908725
792099679
452232872
999035759
22555043
10128710
284067517
170602687
83489119
558434157
41403015
764931376
406226958
266380044
552326362
185678053
502770894
329288362
127558496
675144934
427255775
355340239
602484871
228513339
355678315
211334357
962155871
714563508
894901243
582896674
416000296
575878268
398111502
723512824
463525316
620449628
738508352
88385916
34419523
379220982
854941979
29749767
150901758
10443053
47480310
224907401
754138717
349132242
393007437
3758136
585723578
405040807
883040650
389071083
393751824
464075686
371023263
910325697
308760400
443752329
298497308
888770108
929414728
698911767
561029713
723195316
479908074
260023330
101834450
60711663
265407670
710721210
575116012
224391374
45779805
380990676
74860047
605754465
547794789
278495649
265814403
989185548
249424700
145658928
173835760
95993380
206039715
421746865
614962311
341584732
317197666
983665835
265633558
491896177
722519256
368784853
182732886
238997621
594144013
405828079
467340739
481039244
274348734
970040911
490119623
139010561
465302633
345594929
150091769
213136080
41582464
398860267
942071298
727352099
384277520
242962014
306985327
929706421
630249878
789379893
293710417
796217820
838102048
690879801
527599615
129396358
277718553
707416844
239395573
59085010
614996757
288821721
911366780
814013350
83507671
891990765
754338820
57959106
336751760
618088906
716345158
867305601
209573718
356121028
838705345
670797284
381400042
356660481
661669840
359591854
332292418
345092710
450092019
653312265
259858595
338942439
987673946
770003523
632303152
66064096
611532459
350418043
17970748
565066837
92720726
875909755
248027130
819309388
126358124
638285805
500863743
496060245
304544128
340761949
690899496
242730493
551843428
10342295
450914976
407604853
75807535
791624830
266258935
647061015
425481581
442576361
47887205
114454432
924211823
898620417
632349843
828756310
218211483
471985031
126475574
570402427
844403281
27167411
637079184
427167192
356601292
563300453
868028552
465412175
566466632
394793483
725287796
543729273
325492122
1879069
855859960
291122999
897775285
357308160
897601426
750653409
151953242
900320781
96136174
224894357
890972005
713444640
91736328
715792650
462949771
744045230
325754014
102031752
495457264
577848272
514830432
860544907
235783150
536121213
666677642
777740567
387412065
481599218
477767930
755771000
756902573
406052829
353967796
547062670
225632736
782437198
448317234
15244167
381386096
87929401
502765556
160578212
416785560
263268360
777902426
172198957
970900698
577523954
463538663
250416989
414699153
207191836
696017955
623827057
599350692
97212347
364959536
158860617
659137519
203898004
130763161
697304157
595265491
848806483
12799625
20371052
360261646
565749973
847857255
180861804
718457024
70083087
447607885
456510726
892968641
140134075
248574478
377171376
668865954
237695862
37832019
389491235
262955323
14876193
338413599
804384533
688309019
770558747
104568572
99524106
191299342
100964336
111713549
441712493
826156658
288711185
703513441
365793758
989503498
806110354
45345603
882144705
685586698
866660399
824233893
704058832
115599616
667397494
580583463
448829916
178684257
357585088
907970380
226938387
681098754
10162780
110825191
808656796
477852574
261968089
805634825
294193619
576662474
316158266
309929656
606290998
158043342
786162616
865360575
512054653
836876063
769466192
609911434
731032971
576019256
751604658
570402430
811800256
972443085
29080334
736102422
729787636
987832251
599568676
396554482
507529328
405810356
950136528
151667882
987987932
674704551
158670340
728824419
781515201
394101868
165494107
678528108
576134892
665648600
865025544
230220766
387131856
661348975
987734628
230234422
336106671
746137714
37706582
613274474
952558745
901603784
160801758
597702969
706300551
729627349
598666738
40528735
251385448
393484063
374382855
585374804
779053816
341647426
502401365
788309516
30927548
589051019
185303989
366336272
136595984
217582450
511481215
496778633
139211297
626454608
220334076
357149780
425270954
169651386
158430011
678427221
3459018
934107883
190807995
46225372
218905311
829053501
779568272
846196619
41350613
593674148
338053385
575215139
536321324
93533089
403622200
309697778
708953184
678047264
827270002
95038128
666040955
939695979
342542949
103375299
514351978
528768651
413809485
785613385
16988314
556529486
388433636
883040650
551978051
944181211
83768495
802435824
213887505
54644589
176260228
457085328
255596592
89620682
548367679
383727725
482377899
997664953
818799888
382363023
921674435
762091734
966707037
868071508
957636083
319162821
862004286
756918313
976857744
747317164
583012279
293203978
59391100
853142590
780728971
285501756
475322060
921096739
841627893
554666443
105813586
339475604
600811719
383277734
630494880
909767461
888589165
637531713
322627665
976255044
169955576
63340710
404637272
872356795
93727789
144982455
769976676
613506078
960193936
84441921
137308334
606898831
651489892
248842217
776449893
839370
251489602
115837232
6044849
385809506
490659343
629210361
329761421
171313477
387450500
673270129
668215373
68923388
343024096
36276482
92648116
740684741
828961364
922334421
540396931
711487482
987554765
229724850
471519533
198653710
205413448
265779264
291155518
363673837
847286359
128380877
892202752
809944647
975587520
446858659
397568769
346501172
151230976
624310387
374396461
79979531
925656341
203296282
75182669
837421061
884333713
993738960
808606198
797569484
643635217
16668317
284317076
953137595
899604116
645449276
534609697
814674690
923785409
760831809
960678345
509996576
830775959
804582375
257226549
882136118
313267253
744920449
195685997
367114427
252325521
286058972
51266836
963308067
490267091
264191076
471987586
893698300
561019148
825258138
717095341
807998134
490491090
405089998
908932924
5288173
273012758
137317806
21031185
664897795
588269715
733285558
172044312
788865736
628651995
556235610
885309741
94868567
98306450
720114596
380102272
122521217
713370658
262970815
94138972
473457075
939919583
381934575
14937646
570999648
5081246
161754474
276659714
971297348
525244615
385526313
574393414
178784525
987923932
637752079
758486881
198130744
316243171
301760384
222537197
550789855
486307234
939222581
151959955
466754405
620927907
486134429
538564900
12454305
657491342
416158716
50581142
309222120
915889659
341745258
286786871
997725048
130694569
458161999
48061460
451722565
45162768
154928756
731979657
481359305
879626214
790557126
562993547
669557051
850262094
268223584
270798749
363274694
505850828
360455979
83978884
486662266
864154550
758363868
483763583
329284015
373441641
225318417
498037919
758081512
101801792
10236478
441214075
922475044
176903917
802212891
368053242
800476398
77532165
46054681
223700075
863665662
934032108
521143299
414981686
936681611
676952167
957123610
925250686
766080347
302690469
7866489
770303670
619697756
451281209
708064816
966908942
754596745
234823198
808653097
423331479
301472973
603903344
100308206
766226040
557208837
564461963
313224408
652864109
337724071
318963236
288676029
112237833
84457826
194706934
269669298
333554330
492637688
739944270
981716691
758974613
436963782
510738290
675586469
891578625
642501790
367735091
434037515
73729837
712868333
884459572
549828542
741933601
2206100
237119656
391228377
868953598
227766156
900473097
56830879
982618228
345928224
734088595
519436507
857872277
824360596
512443190
161874797
894860824
352340520
910492595
201739258
234640731
435081518
906676912
232657435
952594153
898890756
256413431
869598144
805928402
695605765
186281130
425555684
514751730
289119236
594320184
668947014
260770213
419877468
142523992
708911417
200031443
510325142
787643265
494567179
247369676
151209785
241502841
494083533
773527542
582678618
802280961
513590432
761355048
109010070
543942159
300266506
428558195
213448335
866997327
919705003
14012128
882402493
444279711
672889123
506518571
677125559
14312778
384435858
472964325
330541087
3883246
447916581
935102654
946932170
711765180
272885735
276563607
248508638
337320352
348189766
721702471
106740114
695654313
361582924
650423253
903643734
870825663
924686049
829163204
735022550
490878328
497308413
253771386
182504811
953704920
224356953
873000578
685905462
711085915
8774801
317707617
543056137
962224877
857282282
210503145
656390756
473047699
252333772
492363788
919836031
657491345
48768929
738813058
917919580
360061763
834778495
30707304
540133463
972386414
536181475
966509406
146952667
186190369
599561004
165015861
800690210
811367690
336345206
818408648
740310818
804523685
757902549
475138979
207253080
711520630
365411168
380226854
697121705
386627630
419879228
795335829
165233280
832337407
649077909
20901991
127956330
33031669
382249531
766268702
486364708
740395254
523670534
14159376
350228880
594536555
336858763
606539186
79979531
595392926
986561166
821967364
42915304
466718150
462332385
360548167
236033144
507688945
427319060
787642692
929849804
940842512
760074215
640966554
955248426
850775522
693789045
195042065
860238055
750931652
372289490
188039690
81737843
55978261
695370739
656928909
581587853
820687321
684287030
337704899
605787948
966939389
879251412
644339606
75168362
874890676
360417277
93602260
544854268
802532128
858275578
838442433
857266832
116077112
11133653
931780689
765474332
953137595
665888206
633131276
515988369
27250165
381045868
635973114
604446301
636480393
950629485
86150995
530470474
810243812
17712328
614804226
644959662
744873480
926632268
992079269
10562590
28300075
131030926
899495300
568808087
646382199
466004021
402806034
345475059
598647387
419645631
250208577
786745253
910749317
687998393
281364427
707950846
95305536
796886620
278488381
838321707
342988269
205315849
700910246
969441550
285499825
579237521
222769963
776212971
899376307
143559734
183435907
456077688
216658169
920088036
207408090
554955125
386373102
741063559
160339770
229498465
489065299
347544605
637363314
803120680
330208764
504731869
657273034
990217532
486724895
991633841
555840274
799065376
945221235
623818737
971464185
517974808
906853039
63779249
591309704
222266028
75835509
528232959
860042289
692158611
279826359
795841298
929960969
121363115
147666576
309544229
855138664
219142304
962992792
752657620
689927462
19454039
523181461
967737222
691248688
905253384
752822931
303976991
493369992
85334062
531257748
422405233
701687137
210076472
205100518
244502070
680124387
157020441
135992424
604898430
399626474
633555112
183816920
897305411
420612094
429841214
347588720
98720307
804190399
190514095
269522725
179548607
954095879
222881304
800258790
97906138
410079035
8422395
755017712
972530132
74743172
413702303
336537248
421588228
146336439
987835408
110010576
76930025
929609903
114139929
515064133
150609524
897783261
947478655
525750921
201967655
341154438
84457829
559309134
71786902
650275755
671273986
577292865
642877093
763447374
353259122
913445180
578096508
111646193
709173806
51732306
728126012
514532621
585301313
729609684
160082929
912756758
988650365
328970390
983082446
500267487
563723905
288852776
772110869
949754355
110812813
297487611
781019453
916149514
333068186
456227369
372210353
89331898
451793072
754457177
433985301
179795928
977252519
499142433
207079110
497695560
866781441
315177174
843863911
931207317
464681959
671840124
195611853
382507055
276440942
135594969
296134268
204340971
635155191
483297952
305774539
972607534
735998187
433501855
225910152
353305654
41510784
927125011
310135849
634398906
173524975
330421727
779011462
952857284
751462170
536478377
746539652
479673250
706049899
894659196
10122315
130637280
762855344
910987271
133639913
670717017
471677814
159031936
669999989
611648087
88703820
353773006
639235549
242127658
136074606
937689549
59998988
183385329
921942128
351776120
529579139
742282350
197769570
562982170
361466382
75645070
421316235
512000941
239915786
454437525
854549244
611551751
222876336
127575126
918984436
899728737
799390107
380469168
369468615
984791084
171512049
607160548
276913288
558788626
535853760
275973621
678899109
596657717
73643458
437151708
530014122
259730453
553426007
744426288
744140944
132029770
705536832
95035143
785319824
101268470
124556378
417023393
457511325
396634273
34827980
929330958
155757481
860666624
198448501
865522173
567421901
607591141
677628918
905515018
313482443
600333570
496881300
381917995
648532315
512874050
994083966
333542837
519870827
386624596
320492180
103626541
626326039
445057003
510302875
785297853
187799975
531960591
74355275
384828801
658554836
40754016
368784451
688439688
803837297
427929981
801404989
873901097
364473283
74126967
22068506
84209386
187501205
937686533
681496120
247072906
82198092
350398731
642082491
476162001
352971264
83069805
863239101
716362659
369190039
23503364
372658447
766220132
92002339
631193022
157727158
281498061
225991293
182814110
800620190
127284605
136340850
487525918
335080965
631618155
104211040
591699910
65597483
240230332
389951194
407864346
663967051
979599815
327102520
492264707
934959745
712517092
653398506
390394140
617993131
88691704
482965989
270777632
998732094
105649286
678343382
984182595
35205628
626980192
170787441
929414728
884661411
356018069
585030063
825781898
658129308
744711738
826071962
707932712
87672670
52791534
226097033
110788041
307213872
798795725
695944959
683737549
599538487
580045384
492184278
960184052
230403161
353739156
106950182
467392343
279657882
234369915
286870992
396888457
614539262
74549458
243984063
87953571
638605841
588179702
636565511
922150319
132039779
199730991
139896282
602982404
404958329
813748282
307461229
566850941
677407003
373847398
761113998
906391405
114399546
38986519
969070516
44686986
188726121
943648912
559989640
800906859
808275249
967520766
846786067
263573728
869217484
799595161
670684198
164644182
689512916
3012017
827004417
939942934
92253842
569299379
294359643
389383972
517758965
10443111
654134944
637860903
785368410
188901898
781211982
713261957
338422574
361564398
285302702
745626186
722766204
163074453
133049916
335001830
917501111
698298851
165630224
267854090
468025559
813854120
760861673
77290483
923812816
559917922
65779410
689597784
918719298
291349233
632907171
657001833
210206981
418460056
14020835
296538771
263351767
384699948
805843138
574032624
127624345
98792918
317590635
664541477
976279342
224644119
117646466
97955717
42518886
404244185
244280146
532005315
697922446
271810408
267539494
517892568
303258026
420842595
892406282
859304982
252919967
234441587
928385445
980419660
857981241
563816220
101797816
372644050
810922427
731973127
619160806
735150476
916096379
145936908
297579820
961909534
925178509
708992409
404116568
153592136
34656379
817366682
923671434
11757280
123307099
168283149
836211828
314451878
93789945
540623450
784990070
587615266
784829156
435541512
170685692
487395065
767129560
937185309
924339673
257038761
889036180
77422467
544347369
909841097
67215514
361943514
27225766
118847280
275194513
612019837
90179595
470412682
373599128
917014088
453675215
744056349
163551261
857124654
513052259
813905948
22209610
817180722
337740657
143017403
363210856
215695949
736316249
581532217
656704767
870884903
114620640
503263397
934469215
229392178
833020447
23373264
928239592
142716731
693928464
590511061
549018092
860726490
668471496
795621014
194806302
847714389
2843321
33437767
557071356
342940761
155183060
580147113
652800056
175378187
738703152
472379080
46039449
864598714
617156466
113195651
859211564
641948226
954923449
473694033
617396386
90568757
71266336
339169217
264141187
362269897
170416507
324127482
798423878
663046351
964405562
561751091
903182273
633885764
730647557
264670293
813992501
414488661
420170873
515377538
741218112
295459133
944215980
444530683
129998592
425546780
589585073
696811846
22608903
190789415
250208580
40049766
89341930
706452944
853016525
872970799
935842643
901958431
883134338
312759771
211577811
288358348
134446389
66610772
173861559
501505978
335553821
30627078
281413701
57890463
268369973
888746731
115434652
528457174
100397244
747127473
633585490
850422491
331161088
972708758
963542925
603564869
40677117
761377856
483196512
210902831
519762771
249443093
903848557
143974179
979329671
657089011
391629040
63603748
469395583
643841175
599132770
743777364
818810421
949299459
196901996
871968828
926222389
562582455
408138862
492466756
264466787
976804338
647387946
83586833
322558106
972390319
599093525
866727885
949122028
994602134
743697502
761612339
746295089
197356595
903096569
339227512
897586945
271056336
96435592
398109610
449362263
818822025
675654706
683723076
962976579
968756240
554408655
751470637
231185468
126769686
287511454
537500691
762941190
301789039
687004222
411135564
143264888
536619994
18655853
230173625
992222066
674284920
46000554
324557361
674834900
926212498
913737293
724931073
210984940
430145305
54912110
944363635
41582470
697520035
116473410
671504611
641717692
340716671
47996005
218457499
684695055
453165759
609510269
687526597
414726501
79935752
461897238
580135988
860850004
218961560
737386246
114065227
126106940
837356677
885322428
222793177
712358627
437245307
646849131
349581397
119245551
340827463
715899282
627760588
248007562
584904889
496578446
22422375
535124080
219835409
921125105
716268729
681157215
976094419
936219468
97758534
288785649
33141784
597769112
2449866
531515988
241500102
391262144
902048347
722019751
22053993
94210993
317937688
2999036
772628994
463376704
244553049
276920107
840095953
673819724
281071362
950315421
616346565
957503909
72076217
555570844
311341847
27331223
666601853
660048915
894628233
211291826
814187856
383142106
766914071
439354605
665718009
116670813
195685997
790180113
715150316
689160369
143755728
130349517
233827958
69448920
348233969
563119195
41803331
541157902
376460310
438710780
145489669
454712554
626226416
359674658
117388196
167781773
116081583
467293371
910623298
845219680
432813752
242804481
513479008
827685871
336175615
494495943
134532794
925887441
201938558
821614853
29182732
483789964
619879216
237377228
521537381
564734210
252259058
196520248
448474392
395860679
808965263
117059452
381045868
280720762
86193182
489937934
568430453
233514744
958013107
2968834
412006708
960440544
793119948
546876941
814331163
930731210
287478905
605296799
57124745
734611326
134342710
224169712
358138686
647413699
372866790
296602105
431129621
508272283
174677521
972043380
318901076
416081544
913882240
241302073
658107065
853328874
163485038
855495945
664841577
976776367
689648041
560173628
168738457
53449210
690729393
296343141
326390750
765110824
68840003
211502779
793859570
310510603
800873543
236319280
533113557
248733497
282774693
404940742
169368397
609497027
933170864
309364367
564644851
94076864
254816589
796610322
678885661
599831275
587728331
628481598
713449096
806487480
664055865
615824484
180910357
777422979
48083080
450187442
67139352
59907096
462389145
424602411
687322324
655494111
33670449
28274616
97955717
228612566
913552701
36398646
308632367
931877199
401094846
969246775
25430637
569302529
673335123
672516494
46557623
47940451
85814238
673958409
730525336
649311769
656737137
260352066
881056287
783300970
232703255
228230810
88297585
326236414
675639849
477955850
225299334
171185426
255422915
527319543
699130454
602847333
743904541
477943318
668126178
960494563
968881750
912855234
339475604
310874387
407006676
596429889
165176873
827267075
676051413
945325419
724153394
167854838
797934624
760961867
551381904
60428861
750517371
638454123
637871782
931411306
305090745
141271101
601993327
902079405
397246122
962845034
219840065
435051481
39792167
590101320
801046900
623038327
969057547
296509612
914032982
292669777
25796335
580239446
984273886
332982832
633037190
751487093
570169092
461009515
149591045
459146881
150323795
328703385
775751138
864912399
273227421
382169603
395685499
860991889
391366200
701323960
75768413
8740606
951690076
649749806
732528572
480191566
767846077
721779940
673487262
514689375
273714282
225493013
46686186
321911019
312722306
733307328
163289107
262147766
733647268
240932807
757341199
312828192
31101381
39469872
249049105
894362705
362135991
609690458
20593486
432808083
409835506
88666982
989914117
262565830
262867596
522629466
981041758
167948608
691666523
812596954
354210344
868341550
8289465
95622645
139896282
7714600
231313862
192833891
362526723
62164489
294955452
729680966
476808742
90151388
57175011
22409872
914393506
570290048
698771791
955193484
835176342
713414869
526104962
392952148
120538191
907755859
719748165
335591631
921387119
734877955
664123456
170627513
117834158
419137352
433639195
836683498
520807990
480107186
217032048
990836330
428383347
780284628
191054730
576280143
323603804
670881366
539664778
206572659
549587790
478752473
235429920
326498032
302091008
477228644
665196322
596067893
86353592
267380054
677758702
781465295
965188752
380767164
382908514
388609554
311840146
302831341
520909599
951193311
395975917
405215665
103715471
746667553
275669502
72138065
853902888
535210732
926798343
703940321
19444990
453611551
373643668
915022616
767147659
69150057
787472717
507296159
976557905
497034350
122613778
285089845
546107680
636948430
612818938
546092250
18954981
873589008
185549914
476061850
67488074
156269721
452364290
268537358
89365994
650246946
360267261
502617318
762466006
960216835
85150222
877363936
7506415
943188981
668934339
802877031
589624056
682117075
299368383
710890460
779441450
811777153
640214011
595329579
752365904
645013590
102265896
69366220
475171526
123058085
220913575
170642072
907002667
867469376
177823033
21484953
95511968
300166786
848873424
53544212
707428569
465711208
745050881
457049852
450407932
59985423
511051763
231375526
679557112
65256507
419843402
84516335
317967845
3004447
652887239
509562758
262070850
717640752
915242335
706553473
974810076
560267846
249660643
829498109
190451252
650894489
562873470
491621958
19803678
29945120
381619903
691873543
912608480
574763968
837288249
774811343
825285318
781805187
312775324
287314324
280495606
90570557
930281056
364982285
973395285
760693238
437006596
959140480
794385135
985384841
249932651
867341658
324059039
614702095
809991426
339370735
846073339
937154189
891687347
872660946
692900570
650816703
480086636
777239684
760192073
106175196
387364795
867801609
997885550
944846527
103626541
806522818
890509696
233160846
563596376
999511132
332173946
215390461
211967891
484891889
695191696
436416438
674890150
879401494
718729442
401898224
571358335
700493381
308702064
959612188
336661237
221268681
213985127
855756834
250383030
549683051
413458376
362049535
758411908
598435337
936561707
837209778
136996895
281712264
955600217
942987104
170438977
480544556
825419756
430982287
108225605
816174891
231287538
302248049
812477030
271340651
597837793
299273354
198799250
972904574
635164427
816237667
683872413
826110176
497670430
694517674
745094230
503052803
854363533
286178990
844932861
309245857
378144905
129416433
152746142
896503230
95671098
807032698
284680914
293334536
717253817
974386594
103584065
669111354
54717075
2249280
60731520
153765061
900576168
236838600
960562522
991462941
325892429
750506188
324172536
848137386
565163153
938624952
418658171
696966126
652789797
313202223
261073945
911333357
695047089
797022632
254807890
278530708
646885334
59599403
6962076
579699071
534698685
132330231
926597759
497690598
482229109
68260628
288608089
955248426
809936249
865047154
538412565
522719880
960101436
139035014
740793150
241490062
750653409
858838377
656553519
891804847
647306181
283725658
856930641
385441348
428752774
103264626
270063021
696659182
221157500
420463027
655329118
486181944
499107463
370754587
3499962
860102943
791383048
448575810
889980545
722715159
506467629
331090435
793634125
357334972
397939041
386143790
992054414
420779710
902919762
782072865
714412446
541832435
213583792
121585369
677402669
822241708
556727415
261310455
538381837
895083724
170459757
651344167
294968961
779143822
240645504
516329727
189683163
354779274
204319621
416570228
721781523
285932653
635646377
21031185
68680629
716289036
132652155
872494842
386404548
39450249
550605972
200475968
922738142
164213878
25981272
601311519
83663430
119106474
275503084
572807898
534292358
978459775
925250686
583646232
400511979
429037821
671210767
380491256
937007015
931249297
747164920
677362219
398108911
308404761
712314864
534389066
30667511
615594381
632265151
204880459
125278218
817700592
725137851
388899075
923902465
261055675
802302165
618245111
121312693
894696224
89630928
420070733
638106209
244470353
330643433
114327095
154703105
730525079
993291976
411096996
485744676
623858781
201207255
367015138
307060596
5878641
132174974
905073778
977633234
642639317
761692768
874384672
821902768
577725081
922608698
700839333
545169210
203846316
189037042
276865229
521758897
866612321
869789105
452665881
633481182
328281693
656363773
141453327
304572707
758042130
813482211
92814463
164050255
217186267
902023163
571152436
33744038
285981197
225094394
390351874
355948805
22697210
788041390
180343776
785623060
509053235
293296069
238053240
939564856
203668898
265559573
599672516
77869216
137203718
877366425
265029676
380355727
175665729
275044906
875167905
454100592
882744885
218711325
560319662
146009078
852311556
366742476
717061527
848590450
138329858
598122143
462646935
226182146
582094304
873996241
145244420
287636836
363537382
540874956
419869089
488518981
499831547
555674081
749218019
476077064
482419870
743295524
736106855
99310348
435490734
945682739
401327656
398048081
494930480
501746761
682760934
512095623
659457034
745613907
765135364
917362106
232691945
555509991
642288196
147963770
425034364
704154341
40265849
6923403
758490163
180704220
423178361
951623587
701018820
838811266
677161526
863324830
926723301
896184845
299645574
995772180
452254314
291087597
925850529
847598541
152272065
626779708
801827875
309544229
835239319
579553828
230034822
744771005
125988193
198747737
18814903
760387845
89365994
27562871
497233837
652358343
26653845
364996699
622308020
258014082
590426483
385774323
31172065
486612528
847323007
277517764
885196526
222671978
941894715
630147492
223409979
157866573
257582070
324171162
517562077
204101271
898002835
49341123
204759859
849136336
374776307
311615292
482451525
419459504
501945151
836997032
893349038
26051917
756238961
32917533
812241278
699857166
579634204
981524212
974475415
144208811
206920782
429535308
569245793
678544490
279604265
775442284
377270923
942379886
839287504
828999815
445835002
351542216
848759987
477234871
488405612
388541808
360626474
768559199
336751760
62520791
713449093
879761176
1489431
209351087
549987118
205383854
358428556
816946012
162237415
544484512
642274730
813171374
910739218
697034480
464794552
889036180
361013881
513900312
342666055
36276461
154158287
918757004
130502900
341804499
491532157
678330210
173128634
838098899
725083314
505215754
987383111
347378917
941008136
749660668
650925756
248506750
539026202
640501597
834343815
781116819
296124884
532325622
703713877
971025676
464433865
685013268
542184671
726878201
873715404
944910129
776785297
99187352
172583370
401682008
544845382
361535130
676761001
937515808
82688066
821802130
361615971
614057657
784634759
354193887
300527101
333705141
339689929
503298964
341721521
671470350
96166438
878791646
452626693
644126324
467264951
852425073
455007549
341207569
687973185
605533720
257594664
388903313
461042454
429661597
138970831
450155007
906901799
602484871
156652303
41413132
485859594
33951925
43227594
336640847
884177437
239234969
50459959
287336768
175864066
206358902
682514076
449513022
163705057
663187504
976094419
796752157
370155410
66524959
286868170
331495025
428257718
505205594
623000749
749354732
896828849
153464894
534921342
585619336
842159666
849394931
288691974
877149261
171565432
755527124
807904130
847876086
706718068
501519070
980076243
972531166
110582126
917510828
606992451
331563924
679405098
336381732
906507643
298982927
796870455
281681512
414168561
577048585
220858544
495690702
808098574
689690430
863890287
888392953
46892155
212715094
268413549
105389594
925073707
223673842
163402774
15110308
597381907
490988720
752013873
357310747
798191802
799104016
961703312
990260671
301777256
957697511
336405404
431015283
761918040
690937956
459247937
917264088
454889531
18488695
543550611
993248092
763657815
605467740
134684144
383135581
299543569
435275938
751634877
163903197
257739888
914356184
497964031
465412175
88834958
808791859
189436167
10509099
282576045
229101730
844666061
377085403
85304222
647800867
693109833
829322448
917168136
902048344
471035650
728748544
990826803
11348606
999012870
817670088
768599023
417171654
681836888
324397759
70348107
453585856
41863528
70425157
774067353
888274564
430425003
151326151
918297845
557764830
870657357
118242070
646135481
773925094
636853774
31653542
375935386
975645529
66621812
207827876
495875376
249154560
191322997
754549092
904371719
19671611
720468587
762971154
756961536
614643823
171574649
604675513
986438694
286817661
75120517
477738565
342780598
436255935
948168779
191462329
103820589
797161068
736665814
50670610
155982661
788573423
647682511
619147076
86894188
325731162
438853059
336412122
680827932
181080746
151171492
411280222
645116215
967226318
774058344
740634295
623844994
550335677
784198645
741557014
89166059
742189848
140702450
491122094
313097685
602278467
234869639
597344547
54975357
292344221
500454003
87613759
835470170
907492049
846427344
763934973
988909026
633079510
200920436
573017710
550952435
392584290
966057602
261987425
606702320
363200827
470930448
135076096
177321526
984872796
11767491
287911422
90788828
83101894
85753577
252738972
97137219
385990258
177080393
516693571
788592071
149866265
796471836
541663060
599112120
437419377
353739696
508334128
117745593
26724606
694535511
364374273
446802813
311536284
462693796
560974478
413104780
362898248
201511561
981851718
609376378
764530154
417157778
295873773
950394476
964223596
204351007
80225559
920989175
969300239
718981982
806525886
450861454
679075052
206729177
974475415
944417760
927180661
393993761
107721924
471111624
886301987
423837493
791555548
580822665
151098674
492098158
99787861
634481691
435572300
117004899
631194475
355279936
739092383
994260083
171313337
18405617
971506079
439872912
842490968
238625719
269026132
395654517
537784822
563330082
498578214
25277718
750297531
233487180
910070683
516016517
994738693
294304093
374316284
125403495
628332562
599089434
465390862
651558889
668974885
93824551
967749039
131906618
28912881
163327391
371125758
643136909
339264672
458610328
128727265
602024494
607321067
227830174
690615144
286282872
336072618
868903555
975001289
135958345
776909794
638493908
607767379
250964584
949277498
657587771
758449984
270817974
467244380
84837290
427715469
59108615
849703532
913182884
758449984
980363329
34575841
85878231
366986983
336237149
549650260
424113394
517497915
263156079
120786437
257556848
356467992
195608025
354358842
210008366
251597720
697121699
944792179
993351741
599774562
37453654
68319556
542702087
378401148
530205423
889582277
519162802
159220056
812894938
687992680
963190860
489972818
282287589
309723301
387287198
942568724
74641190
958546374
640066816
485817203
410410881
580369268
51199303
514065496
681608812
919904144
436039580
729446297
318095318
82802032
137924268
216340923
36930750
26724606
644917196
56036727
195780969
373712880
654848562
492348792
859010971
450662154
395072823
322574777
53247273
789337129
719949078
511145559
347240981
448521253
68588040
298848369
618710364
844106014
844154479
917295664
367778671
40910211
205581243
763506873
84209389
570442147
478935466
186914631
236851414
851144289
70080376
151704855
29110673
933900774
900869364
343397591
588871551
842587164
722064289
52653736
813606559
713668480
270110070
101669352
193269766
345640639
921871891
248422762
424544267
760445287
480386712
689233458
978848725
784829156
863639382
390744662
963489874
560874591
597808537
369131494
66806170
922769428
772488417
148157940
73130235
188937767
261573811
719697372
356141967
133325174
170937400
658493255
394788320
566734150
423826756
350071396
344142104
451498841
304668710
922185113
522975304
568143511
491243894
51361903
633597909
528502494
445267488
773484583
18811290
635224310
15904965
857035631
996382868
326934823
150603909
205671527
429705420
878640650
393474640
385957292
258908345
502699738
579876666
954961032
331808811
385293987
367807082
285375374
265996502
192547447
600743660
561933064
732537192
445414668
646963380
141402753
945467796
257820437
495933392
803653237
915387949
622247596
293637008
212228999
841946207
565032547
670183070
912500879
804151763
562797119
555595388
786289767
439040134
216759586
33650763
238428474
330388898
533277960
937877301
759224583
166890601
805988923
52105521
95396829
846786070
66326989
274424290
130348400
292226471
38012753
574498862
225051651
980838609
993916095
424569987
523814390
862016354
486553200
656280623
50816763
241344256
583480459
22860132
331133479
910492595
278607674
325920748
6586315
335071040
312982628
711593911
328189789
273636299
874063159
453004719
961901635
119437464
825854962
606259452
197050324
414286326
191880739
88328133
486193208
260600280
260790340
956323692
922921375
130589802
489599730
495998358
442867952
782669738
461675101
287390742
558109354
466592982
331495025
601813568
878927043
140319137
831674042
446796762
116070766
750297531
108296262
803430423
838465975
274050341
237177498
327477122
720145455
521001815
530949537
80949028
82443767
247612735
338396117
550620712
126290780
448291582
674201863
899736792
246882667
805335737
595711779
70773459
293612696
246174397
368081567
344231180
860856921
574140567
434170776
806699369
539455980
763849922
569902221
254979559
228961858
92438702
322453036
848179457
538309467
4117311
550956425
671142243
784704513
733647268
738370076
882008362
679092703
62942069
50482169
773491090
41607206
333480983
668183718
478793647
255011687
16418727
358778382
254790855
276817428
666244977
441314770
537354630
856101800
772959718
113400120
385784171
830647197
802456224
770608659
822202601
526674803
177639969
773489119
462596346
170929886
80051265
293044472
264221000
323000169
537623824
19842150
501474687
658776347
159146613
278854214
403621874
109963285
153826574
173900701
585598964
30477059
974321839
811566893
594654885
985149320
282542755
247100385
986973280
841361016
955606445
734096437
378202933
650816703
780127032
199515293
114130842
712307056
576016525
824040186
748396677
127493095
212970956
924842910
825998374
738649657
380456663
873418991
757730616
83246057
309905937
843943649
106701295
168908381
25052287
724719534
1843253
586257877
304312906
640689141
510286280
290167510
12979399
235052715
278773189
445874156
87656627
969790555
184173204
782119320
608382362
181768692
543945117
172590100
219511625
677061523
869991267
684297440
728878879
162242113
648433307
921260069
482400966
675686787
188120410
104352081
709850715
439536890
385797640
335566664
156084169
954907386
846422425
952915851
218467563
142756043
155250041
645327989
565605536
557212907
412189939
464805775
825922628
470963389
593610260
93125758
505681217
485661813
976205448
410566431
419997103
501244095
853781918
483499599
160080073
716077818
758579323
900589055
191992324
805282000
621654394
421834623
638836904
724359142
499503777
577216625
78532484
820965334
996099696
753519021
241739812
988118608
458352561
579553828
777650243
27923102
728128648
821333380
736798454
661814685
184807439
608346357
963018477
212948330
627928523
171441098
886878564
998861472
844932861
884568189
636741343
555856744
179578346
210794115
322874495
164440201
105407460
74243728
132443493
120317065
951357979
6992426
865897501
861283715
946831189
303046957
764006018
537621224
245433037
44042226
400023996
87699582
136132151
520701477
240317995
246721115
22274882
483026537
860420805
477228644
655526146
655379451
817810105
139030601
771844597
926432418
637728664
505914725
804212548
342507035
922243832
238840099
38193531
96287709
354321746
183073503
697202539
139082932
754493996
813636580
402407779
971128157
326318321
508142695
172788079
88500508
789761619
995562953
757286519
953351277
25498059
721068864
443229312
438015168
550731651
972643827
808447704
873748050
13483329
336498201
30130184
570286083
466858924
147098756
915324867
406499704
393384716
97612911
33274659
816709493
367125756
518974695
122565200
698281259
477577480
676956712
845301790
256164887
864171735
512444606
667165542
451604274
36911160
838863144
253821430
163224885
646047780
793206545
404364540
793634128
363604311
907748879
751866144
759881355
100062267
353975424
665019929
379428472
791630368
144513911
334892230
819558986
712083178
759067500
645383813
481399428
748005198
781793886
720105498
884500145
515603981
253798038
712978942
896266321
563330082
143818419
758808492
727824178
94060206
885558061
937554325
779466568
913498791
417984428
74276761
278552912
500541441
254288070
855051219
949404864
219936089
444122854
792642639
190442596
267743363
192978647
50538459
390953930
392307243
792720508
974548761
4681030
516219169
108975966
759745797
301202175
308972876
270578952
856378616
253764665
518184163
217422055
560342331
82512660
938457398
435230354
852102453
273765920
452220496
39288824
781212808
317441831
717127713
144113580
30995149
548446292
389557833
106139041
610563231
283046660
115656932
635894153
131741356
73037497
316740592
825056185
58644302
602751587
244809767
764154688
162753993
435607634
350857692
706096227
538911769
970061021
80203476
135888612
702423217
171698324
851996574
909259471
217786151
55570043
128990443
49281296
844129553
618292968
696992411
546690335
726976536
761722737
580334
335085364
689194265
309044451
637641190
969957636
669281346
664733946
650710197
370883475
234555196
314267563
761692768
84840767
691519603
836592702
717335784
491956620
399735283
398229700
763773702
566431052
898597375
244983232
875933694
717805942
892650201
975970821
665491968
823586160
376612011
227066157
189714237
18831498
330802500
458959791
382507055
295525509
959248786
623679486
756238961
413125427
753208239
150193639
940565969
182453659
491122091
622564908
773995811
317019083
707266652
372649520
843805581
630583478
980006525
886211801
871203927
732192794
454227268
27652432
923098279
611169581
894554548
336474338
951696551
194149586
465503218
409884761
188594361
280796531
140336194
453738320
693618939
562862240
824924142
897567453
245332731
282493990
971766434
95035140
980886667
750621735
819047148
781077245
515510430
200461535
773920345
69882158
115722035
663932971
811865473
367399058
58035384
130918174
914244752
885684053
998387434
535631133
786147888
223655833
513207580
976276852
529523948
645847583
486248603
366790667
395710324
371576513
464112745
709296514
814574870
564724174
585030063
4048113
870317117
198604709
956640240
727012945
342674733
833309738
618438038
713820243
34612393
225875912
329691421
372134490
524292026
8011087
838664223
646916532
966737160
671682073
414726501
343752006
439677221
217214569
848285225
600595702
721303473
658326469
762084702
640369486
512166439
631172315
715792650
557862264
222423482
392476665
899292325
246894082
983389999
38446026
184608860
880949134
246704103
970299976
972043380
549957235
428339968
146996859
483874711
238983903
347044068
886250205
451153255
533510985
31361988
276571795
957958866
511668516
79180768
547551612
234922036
386406868
494177892
542647407
316296505
767840947
686073311
265429466
85948843
747819185
939293553
930752777
599994882
269693890
636926344
467692431
624799798
446058886
342060193
317171578
735571201
316026137
603816366
900210373
553610129
191648501
538830672
724287236
3362877
744358594
91143505
883573799
185299932
647497111
205743423
624871945
464316338
671561260
27743253
596027394
568447337
108335581
93267214
807109937
472805630
509870019
626221355
653696351
72076217
957839484
543006174
632635038
52475155
778363890
360417277
332571249
132520163
106726033
177919078
672209029
291174373
160340208
480029784
885410717
194751813
541850197
435034576
495051162
461451588
846928729
718170479
583743680
427724512
446913686
775927246
812797396
820590356
410465062
962943690
402570335
30805619
760596816
24602497
260505032
747340870
989825191
261233792
693437376
128691767
567295619
255745721
574256665
662751745
154462010
117508667
9340195
51711086
131270932
824048849
979703938
844666061
872059304
51920288
379304727
901918799
166697452
626140383
837447986
383097180
833600766
525738707
384527384
604181371
926291600
592516396
255343327
271626396
13606999
939486138
660751544
647299300
207133627
41525108
786911235
404200451
630885531
638285805
374863799
37816242
989305980
766133456
493867315
726925933
196935973
924911353
622564908
226127158
208823025
283532285
367782623
989276335
938904877
239093230
75792587
846510132
666173594
564578719
668901935
554146907
584587978
474372333
637735273
276292716
509327896
816826435
7440012
889754771
927424635
945108436
237495680
595554425
935925030
576505779
503435885
219078297
126156250
540424653
608617709
506889488
521807687
970856766
131510372
824924142
135088314
931678980
370388122
64548338
18982122
635553730
241534607
814207149
889610179
166130318
839820262
328758805
156065606
511435056
595329579
494323360
910088391
862337095
208084071
764616231
788817379
46943392
701604978
393366594
723585891
533132146
926802195
390762143
21238018
306608444
110827758
823112195
876507177
89251535
922495130
335004499
73623854
227311172
643919089
62274986
153737523
397090539
316648767
101933992
453172242
956000856
267945889
490615516
79289147
724823727
764530154
734682977
544357486
441889782
333809281
209788898
51703296
454707349
661375284
599746368
418162475
443296657
80113477
97767005
734517908
982564468
188816134
375262629
279515974
247679519
242888812
459259188
135577590
802631219
547181973
116524405
113244379
132651321
668479333
544904473
587059205
41929952
923914691
906089721
726567183
121201375
558300788
331455148
741535974
555550348
215064883
970447702
760768660
952865629
71820119
265134750
638791267
691347147
156752134
791580073
148205023
585208223
869902967
374276936
317492235
147153505
447564691
477453694
685271926
71995405
121013933
786065554
483389110
410369181
959701104
820900251
628913673
953897710
9172139
617233688
733918120
915676340
910434109
482326549
183555994
477155685
689961043
614264870
550693614
888098421
683848110
933330169
819624014
857343318
400711950
341345060
850843538
914499877
698930467
16701686
414938067
357977849
523324608
647676326
553186270
542269067
419680646
598297177
612014141
671433181
654861620
835396669
691571536
342273654
460937988
755134226
873162738
870449195
326960207
372384094
73674857
684303536
585190431
935563811
420472455
293884841
579420977
408097829
845854654
651690466
688774103
78150653
714229855
810233363
56700061
177037395
713899950
773631657
600873206
555633394
78392219
537447715
256795217
719702533
483851245
622872131
90846460
698527263
531850916
822696577
678842434
372314950
627816801
665056545
246385432
715957368
265475850
530262281
418233152
888574586
12022363
220359701
15614977
63816773
25221636
225293870
831277231
907284254
357575159
445124620
275290052
589392232
778306530
937533856
609408862
62466501
473162305
536755543
464255959
915953191
558645692
666760862
616286437
223369509
381146571
325901760
113953879
823445226
280778927
509010983
651460485
646251496
876426936
639030918
387804690
956945011
747041736
571154058
102235479
536362740
45423231
520660855
418883639
845858303
871410921
920971162
748981985
24542643
678442775
419326943
660286619
426515016
609140939
34885210
332703996
50673295
226211813
240408268
693398503
576195038
415034110
502523104
10539377
7348611
164197557
674468224
421768697
226241057
629672776
915987835
945728258
296258199
549013195
609520602
732963067
870510934
635937578
893160421
282769660
366770066
626897513
207100842
811665194
779556328
763785466
112906052
176608720
715311563
51482853
15054539
777062912
875662960
107764760
72990080
64698180
877082077
961578663
878878298
96286535
282126914
938720597
954555821
170052917
497184708
788008232
844444359
967210633
392226669
427965486
975014952
602689243
225238463
506758988
548722389
90788828
904201238
967842362
650396112
447396677
965768320
301557175
149822788
972879506
652037834
480885059
151493694
884242479
171441098
414726501
148177354
458725377
873889924
951161229
385797640
857376085
664857307
650817856
998367314
56963398
704128316
48575412
677650876
879622398
781320113
434736913
786329585
558780556
47245073
952281295
143206346
195298225
251597720
41734165
655847109
380700721
259745733
378604558
415232632
991017543
22552103
213404189
100969280
125640538
898753279
680006555
76503964
507241189
377625799
915418844
911200492
10708049
740749722
695178460
646104698
589991791
408830201
272761251
864409289
255222207
417233584
925916850
183638263
268604014
751526371
363329912
541085128
88691704
55347264
58072440
458556618
754507242
497727080
251711743
319664934
341432941
22893168
928252239
692506304
993706446
112090294
668631767
337788265
985382861
605053352
452933574
367310927
519127246
893364405
983991864
471426245
984515744
364063007
467840357
290338607
355447542
521091430
45423231
327846337
846011543
62025736
333421327
664641977
575192055
950954534
401380012
972010739
94117650
329632333
398596653
988191320
132714991
76583228
108968979
841665751
91888958
972830329
997120358
407353612
986898937
807845463
538713162
176415027
264221000
80508182
679713243
680362894
893849216
792500308
908386069
258367669
235778747
68808965
287249355
875117572
332891602
545680186
276580448
59259785
167736901
638509265
250953092
801865282
96345798
109306830
947397864
522909980
435706735
215968971
447169191
324644369
291877295
83664928
126089358
519829355
993232364
721096788
981366457
799753774
946932170
493028927
716692878
945962835
309044468
683488618
670673112
82799291
851106436
626576134
690339808
421577435
578519095
211140657
92458397
10066894
883005745
341112468
105623021
359879150
46858215
343516155
460038096
699627459
590271501
951168907
236500746
448228417
773704720
44607322
965102317
496269573
881311557
945836959
486876324
462606264
253697924
836622405
751717912
798532427
560995451
945043595
793452976
444287294
946083642
892968641
109125511
773438440
159161586
257550967
11222869
766736741
956662259
590518065
426891743
106762037
399055814
596551905
689085856
536373223
295854510
853374076
774972773
260569070
835146549
248577862
176961150
131426572
766994177
810025628
83602332
33473826
971025682
757740972
981346609
343567384
180371718
971131011
243130056
609772857
399779253
427517696
194820646
778361438
540998301
841248649
654332862
979360957
561390085
723148089
525437850
337096538
649296698
490438363
567828664
493993967
960494563
931219213
159047660
466100083
836940451
444785809
699601149
492466756
651496126
936388821
837082294
131227712
660152598
104367688
385134948
259760079
202500351
921674150
672404690
995033398
997936277
495027890
970746852
123627710
57868927
538480590
25096069
704942163
237567846
826614665
43123798
195651601
13770166
178523196
302934496
187154828
456888074
820351824
798293402
880806139
236191106
619240984
477600618
942660010
876694722
292839414
28065503
816946012
927559581
266997846
420874532
133991738
603019827
75116059
474039823
88314029
633804177
981437740
736905507
2326473
196500978
635735685
212560062
887669515
179094682
512224570
589524675
58173663
972682973
584743289
566971122
242406343
47242387
600944328
726039435
634000693
873909562
675617867
508815312
776848601
211391894
579958596
316004753
832173256
790236793
193809327
141449666
212803556
529107306
92458397
651210684
58190183
964338105
753774781
16745046
12772006
301423783
221802666
270311726
625422143
714667156
375844709
684141667
866638231
729360857
920637247
654132989
399735283
408490251
675698982
624696171
802818820
123361982
188036521
529492842
615673959
497931747
322712606
757714233
648690844
2249272
467240385
843126576
602118208
859641163
418209614
135568470
877533828
299543569
211558529
155496763
12981378
724931663
832967645
25444962
561812219
20094103
515085998
98817097
783882331
60618326
748887752
246049080
207578673
115852463
954255434
679829233
477127718
981553285
562129623
607701490
373716582
165639647
879920093
924332691
773295153
94934529
967053851
801923436
795110775
218084008
827273422
908363352
685534154
316470237
987721519
841242446
65420565
544424407
18908122
896699584
290795990
418550141
561992704
427252686
896163056
125361648
589653489
303423050
170453089
590959562
66675968
659519682
694742310
784414297
96223360
849255109
33515830
206527618
803888721
907403891
550335677
195877258
57117985
741479361
410717622
441166957
264174326
205693579
366264287
464165273
797702762
100103914
607331179
208606667
841572871
340860505
109156939
453885290
841069652
613770580
31312908
631007579
813142445
376717182
700752966
607871699
189585108
758336577
475802180
686613236
138591841
624629278
838471001
860102943
539079683
932742454
531048607
416854702
360626474
687166867
283077563
965782988
967774425
149944516
694758642
849283377
475857941
758974613
106639380
564670286
311549977
88460894
262182632
782186425
264228588
47084298
743132169
893049165
607984455
903880555
451252076
394375773
165353853
779433954
111910861
181664957
585374810
736103791
607331179
533882107
689923281
946359436
867885231
506011151
653106658
854829777
651579820
723178165
692414370
374002247
217328772
623870892
754182068
443227720
903659574
627742078
949369145
793589060
177768464
399774990
771293887
836438621
248830262
694305462
952319483
638354383
157956638
959710335
624982303
859606811
932718648
379056671
355849158
818085010
246310177
170626368
153488757
678110252
286751509
832662947
611764013
52681683
549500465
849455853
422601732
187870806
687828374
937206864
489759526
56851671
408607331
561018170
508389178
556185505
900183043
623843278
852230553
455689627
229021177
58555894
410076019
163314779
833823008
785464594
773982072
522089936
233142388
202068978
235547386
176243002
110587117
699179246
754389030
578617070
96966207
114969059
82272862
33845115
773389732
437785351
225457489
623605897
434750068
113236276
618482667
609228719
753977791
581657359
398750559
62088709
687356241
914541695
673574064
867849739
220885435
466888187
461889162
95726264
257569254
606503521
289005902
511411463
325190758
396066037
831563656
317469352
627220602
246185315
761196555
316460555
434379512
690945132
798085638
391650486
750897048
95566442
937739814
107419742
69043269
93278397
520470823
49425163
943702857
202468365
974324040
883788802
566644908
613788296
849115974
27551795
648467391
512684069
246726858
815368252
677404154
182269233
276469645
592357268
868816899
321707160
54938845
461472567
151448183
664513714
798793186
148368297
864024485
109722758
684075910
786289767
819936468
828913641
240247868
144534926
875342361
212803556
878730172
891533202
255598029
32157159
35601109
947438050
911421843
465141684
696808283
496065086
600757004
609871104
313281222
115592735
79163231
658230247
190526149
661601814
554386151
812454468
582108494
48521253
981442295
9967281
934737681
986469270
437719165
933232486
616221796
873703344
847436750
525931888
72014290
149185737
631349231
180343776
457068871
611699044
674550437
615958811
178720299
85987343
934245044
44284520
663604713
916196514
290252836
552721991
958502275
621099211
835817660
825185537
264128823
624535575
864884254
124509661
287658928
483358403
779470600
934959745
584366196
355942927
216316515
406044526
190547083
545866594
974981483
328281693
534882247
458959794
316912431
828378239
812183178
684392295
977540281
953680547
529155924
513095155
756217658
304726832
325333736
528847472
102266907
173522035
276329986
97567197
24620502
324501617
507172309
911535125
753692517
716693622
925622384
865217003
691825021
485714719
521471785
417207653
241060244
227243463
900819803
734172411
934047981
805862510
381028746
411073767
974472031
894488781
710485572
282609159
330324029
302534340
904865757
77705484
691562871
839506091
525552457
276190886
296186473
20649041
656991002
689189225
115521151
918555702
317774377
100982720
449760470
455510489
260550412
481744938
489000580
482389570
895378199
639073533
935179556
146474763
402453912
136827393
511889042
332760837
667512741
878548173
747688829
973179168
542634654
761716786
338043058
802657770
586838072
559204818
941601040
539144722
457120212
554934206
220904221
62274986
24170768
498833423
781836654
76913288
754644484
480267049
983687726
803319108
249670894
334321709
173354897
277394927
992079564
650722200
674027617
190031990
764384295
678041059
884488851
35844759
2913735
26179130
631184952
468471291
252735595
370794593
658720193
911420307
22474879
593038538
79706606
164882971
740985374
901158259
872329617
275973621
584023184
770696732
90764988
348759261
327971082
349686296
441079161
986331979
838442433
689741747
100109005
997669269
841474277
922495130
529804739
516158082
811145168
240034614
397781671
961144684
247983230
671806645
343257342
843646773
740223305
19205154
890047320
600336856
403981367
237901091
440443239
850717938
755567916
966838773
898214860
252409912
377044072
159474
101316235
215121950
470800521
911090349
5366481
232100447
792852681
430052430
913604484
993038146
20094103
427965483
547867868
179310734
111885898
951134003
623702833
124588015
212147637
317189273
971007217
228652495
122160803
434273557
892162211
340761949
810420304
101632117
243642400
346671920
973847104
367852908
134194155
243576254
201380845
876251139
451748101
651562318
680118548
537124540
890625856
886297338
771072295
795863588
321155997
618438038
559553523
479570241
960915421
43613628
541918214
277248805
893821602
687016043
227827134
67654165
320817041
986724384
154380201
909457363
963611049
288821476
188343940
70816781
762403754
700752966
738904506
445666163
211868614
897118485
19933707
938745229
638285805
991005652
103420037
757425935
67266531
922694651
947593345
511885560
253297441
264728451
372246270
612198140
500026102
931372281
605739563
155162680
986093387
775939448
903899759
509916287
266843968
140196246
798790434
829417751
521694787
380728113
309219020
914183442
129888947
948316677
396217092
741163244
414266849
79971855
324289190
739712553
383386930
501991494
303595256
990412709
434607620
249534661
175444353
765375134
426582339
539562269
86204357
260019428
286566104
745022681
122541888
487817434
365579741
109133856
505612407
696183801
676256750
640393429
888684235
529715046
447540421
692736637
758109554
254954621
824966372
187193029
535179912
732133492
765524521
45136916
133397086
812061126
967053851
239725428
313604582
165908580
804837414
699829002
662090130
486317741
343174071
807055312
803656979
341641577
234048803
73374326
857632309
781953425
938401546
951139949
100256116
639037761
239435296
313177650
152082037
786247086
841914968
776538340
861904807
90459207
6864251
830145895
795789663
473300535
251378224
68658904
494974526
98803420
373678483
747791645
890545087
271830987
695789803
392812879
471928840
83739651
965451743
552054124
256557535
922262173
139947459
486395193
818665889
862465506
809163374
437200676
255798108
537464739
948770528
217661066
215181876
168759020
301093507
778866311
824666018
647420673
234784315
340434918
142308918
567118923
108077278
464168851
441494723
618792870
167216265
403027629
499628448
6171684
553976619
699938693
814083495
795662909
777443980
147155314
580067266
465351368
214616219
758484537
776917380
48196013
630662585
526340811
508870104
186438590
710213129
770432238
12454305
813064959
316763449
901417860
726108270
930272423
422738451
141143413
837352245
581350902
779731345
849436085
674800166
272998968
226571083
126304579
918626791
667827106
772306720
611335322
986922600
19408833
399320959
909734064
891445723
77949552
900893550
9131860
534062319
48106354
899232776
741396440
439062493
912047650
634804674
72804931
422862168
468198624
145126419
351535068
372335625
396217098
844073205
245852894
260608029
447950203
29152665
557108884
162078430
134351628
943648912
608319905
8662972
540182164
52841591
207695257
606027420
201739258
642298259
386413282
993216219
498919724
295329616
866208634
405683846
640735209
313629505
732363590
747196645
668713525
726142255
760434297
995379005
888676842
83927420
950925300
150380105
657003260
515503509
859441529
837786795
536167941
673411127
92300505
670419149
359518965
593397865
217803818
255910287
486420888
173570234
873591353
601207279
962681013
618583463
274161946
568247793
675563863
257673753
469839887
860144149
950021373
256616587
123462783
950100908
173097576
946687115
107916827
843637618
552899247
192702679
875401264
974606337
17408271
270971798
228627663
615149272
356623717
884972038
61295200
724826454
65302365
650548608
249378779
460971065
327455607
704357140
813383873
391474989
93776463
962190586
87986432
552018856
755987987
274752349
575952286
415401007
778939173
190926902
779514582
799065376
216657362
90566384
670430222
560955275
978472475
198684998
779066920
551002430
324648350
961621547
839914586
942851267
188496704
604867586
738457647
790549049
29277948
411611239
419051025
104460006
465412631
15700087
236297461
187603648
337467704
38852743
684798567
106717964
651009972
863320973
444861294
446666971
213072597
34548669
191278939
90440425
696282919
214603909
912728670
740559177
723981217
708170841
604970850
477136298
180266434
594778238
976522588
769739031
355535162
143345376
325992074
703708122
291862100
336949153
386693102
605007339
839674709
939778736
325497127
640293698
877690275
29602407
339290163
649699176
604329578
18562406
360224825
734910761
131091660
617035159
734013570
251137226
558707657
5980582
405557035
891748316
287827807
809123432
522089936
243965457
883666189
280796531
738205468
427925557
517029044
997006741
747210797
103683825
998037138
127459132
343998939
998448237
758944160
873957211
52141754
270433755
582663368
839476078
206214222
269633704
382687605
682302015
979828295
457585905
212771304
286482198
351776621
189037971
689509198
244750503
381174977
661001584
299836259
96148172
667127861
431617164
725705262
545697000
893602925
254364869
40777317
596172330
757219318
922508846
613954299
884256994
387553261
336743632
51236405
483906886
77590272
140847979
82378627
784620381
175114441
995958368
123361982
554408655
933751363
697236329
941072322
632779756
426151640
985741830
760074215
879271847
709010593
402789754
341171501
719567720
249705656
184617737
690700558
270707211
876146724
78290937
811533031
492308355
616592609
1441338
381662824
332832602
460040706
709397526
216032589
961767406
293066284
294436946
163902629
651345095
891331875
827834749
600645045
220715686
171688728
962153259
676776329
299710073
254581122
35798013
463456123
203756573
230527797
46409923
159696656
632443309
958009362
127365690
556723557
927180661
925373903
305616391
432059547
245810980
903713117
270135550
664741187
873348293
148963066
846514361
976692008
281070406
259598983
278787054
674625448
822653068
750225087
344976538
690166881
363600699
611835871
361470714
375575420
275305257
292011593
978818011
583814612
764823104
440639766
831948364
903940336
473657047
608101032
483254704
570747324
392584290
16967126
237133135
439029365
241959456
478546406
306282835
269471725
772296461
144298370
692912304
323394767
360572478
824734794
567281509
875928929
621349133
618923632
215068390
794747462
537980776
30094264
857485350
620092090
599619274
528557373
365497674
756555377
191688832
157076131
685560182
136766294
180223303
776598574
720575236
248435748
413149502
768656290
104436207
255460481
918770289
192975835
417162396
840359449
327854486
409278907
700039688
76896312
468599851
581474009
313127600
771971052
483200711
126341967
200440607
666709421
849942860
37950102
466371228
247679133
214471442
142015342
868817403
728026891
566616138
505263637
936689664
978202429
464835939
662919708
168360708
699593272
567258042
814037455
779487156
590206496
81394202
22622920
92537948
96702397
520326129
45176190
680977799
903351385
856744089
472263873
829852281
830003772
812155163
282577817
34656379
587716859
687441388
770804530
390771092
878907976
45662919
733307328
787607539
881241912
170518648
626952704
623827050
106632606
388412250
120752156
407384777
95214902
781971956
188585689
756431821
336513649
975036160
371353142
264386654
343539448
596581241
190299767
634958941
99066088
787968528
359635923
553186270
280268342
760759056
842866939
649183730
555703627
218562846
715311761
30943531
94489508
810616815
717792855
729288964
112404395
930157866
911899807
835605353
999765043
390102886
55574593
145126419
194777931
796849828
802809533
986836313
829103017
119546616
263400666
76534043
214272163
395555663
668068270
413995370
281243224
220771533
592516737
545418415
334472764
132715895
247933902
960529936
593420256
942176664
923257150
378079284
158716885
201793648
749061865
337393170
778091237
435850680
625382848
80377504
154449506
668811240
506586132
855120704
739132702
229287471
115107283
817084616
163872348
39096635
339560111
568435056
301351156
480677906
995171920
549704130
868859393
82103548
717998709
378256395
412549769
556350656
621592743
796458099
405848985
129851956
217428758
764962258
498191435
967781875
168322565
85374724
820287454
135498173
63038424
305920458
285714562
153761683
741012376
887643484
43579733
533611287
11753792
998763138
764372035
112365429
894148203
614464885
626931602
738990325
23191419
25534362
765049425
221361370
867638879
80627216
668469513
506993852
701001539
667743591
176784921
903373070
970823246
785862187
147927256
596173274
488198180
548314401
933356719
304858550
496624047
119097983
579033819
278664278
551401661
962189773
214993952
218522147
293452438
315440399
978781258
311297523
176243074
398070345
874071836
27358535
794368126
502697373
918438001
273033910
407036677
872109278
138011259
331361155
686376662
268731069
856890440
856179283
992539311
239234969
130395171
645209188
4914018
669645051
358213122
428862406
485461174
574795658
499134666
755141520
836798390
199735182
644862742
891956826
394245104
96961104
141706710
315230767
733711437
84513126
565308529
297791433
364112608
895245941
401797592
543711175
492356897
176998902
780028047
910365783
65094170
674754157
808917319
454712554
678937038
114344121
651344167
985603165
501563906
563248992
46633608
335167926
628997671
972396059
657597975
758092573
938675190
999115723
661313802
145160325
549969256
741454546
383878503
284483324
647615164
272872672
987376406
717436199
370778508
228038845
951591106
777880614
359478495
423435428
816826216
849283374
667241289
219445906
377953494
37207707
479526410
110365080
842467403
497637015
890955805
245899806
617570929
105060502
423457793
462680986
931619520
989466632
997895875
232636796
741879760
654327271
18562406
856755802
31302047
42144530
842009041
886632794
144688034
970866096
711934539
749334779
399971076
668137360
595576272
964740157
909482998
988056636
591701028
707843502
865638552
885920181
690502614
358346812
995585991
156028591
150607839
742663152
4206841
1553756
26407685
185145704
397432302
409204325
54912110
633129437
153417689
202058285
193899567
776058541
682044587
431277690
718893017
371089449
153994008
436051591
643544945
787393873
192180966
308442467
117461019
787167862
827033361
687631284
214991269
403751118
725616319
298536600
219768446
446211868
999823766
510787582
423508282
719596244
126117464
973642724
457428322
867300388
248416194
269543667
422475334
608803585
737298848
191589875
696487005
853712513
442596263
581772279
672269023
931847353
507221208
473066094
255834259
568525786
850280803
167060521
139211297
985178580
250900512
207086789
672470058
794465214
278449613
275585259
451807716
777252853
160111536
142278479
334852127
981340968
863261053
988909026
383604693
360940110
86762715
387868722
33830493
820344540
11784653
258037376
370186549
456699621
141649235
784689336
24625132
416854714
348673893
303740805
116556623
893274066
867763788
338770852
580522754
125079701
258425081
433615504
922467841
602159780
166792497
564498910
658162396
732092932
357450885
945437180
445399103
436181534
525237445
559028225
337544217
522089936
142371992
489378719
17400618
627230668
795066749
390063517
375574545
374319489
446187566
661386378
119977803
344082580
247612317
35132979
27118080
285863297
677577066
960099929
596904633
428253178
716015592
932926939
891852681
52341833
272527092
486081427
642361952
226942646
819706918
504939973
64432481
649348612
800026320
671728559
434080225
532687754
317247550
425980535
299579453
718780803
165846293
683481631
307585031
894807664
222881304
133733692
672522281
607441637
354650375
457011066
924751477
794440599
408309875
952578990
151640348
888029240
419099142
572856672
351165280
33692315
909515535
317679244
499977621
949933899
137902866
806827627
415048380
330439489
331669359
97692693
591987314
204012162
520596520
429029411
170040078
35633768
442926864
114426966
399858555
196912338
199056599
564790172
488007918
44634168
728367129
665207593
388098677
299645544
194413515
557069934
739697865
608665193
761384195
380753151
57162373
843106809
951997667
340068682
645807484
1834849
495752733
497259278
270397523
301019326
163974064
879884217
927311131
667053516
656390756
488346005
823127217
397361919
665791912
731261217
46377077
930272423
883852908
560551090
629447233
30602990
640944273
693971722
760856642
729088879
872688254
469615215
222338473
385422742
769952464
348831668
629838774
227488672
956136018
378150495
933816639
892150705
999972183
308455744
867632087
966383866
518853519
604675513
659173930
685987394
658737623
72462115
328913330
26834110
117011807
514126605
150290161
188465237
971803328
960131792
65953310
188304619
760736315
790829822
635076146
392468167
194552405
946643142
841084489
576775511
665321054
332179051
507550151
729573410
48052133
399395843
214018661
105263563
53316304
413288046
368051212
602401111
292039928
519087215
356879357
252677751
407054412
937331949
401502716
494793234
939917120
120245378
960271691
636061559
264563001
506414965
80270755
173795515
10937678
426145192
58987333
530981226
693008964
517346273
622575986
358473313
85259694
237577657
738205468
596071091
531935447
990826817
454995427
912362330
10928964
528764007
796080583
389526909
144318321
14287581
593718622
38529892
438621527
590471479
353333235
609708839
380666434
787365413
448471109
669133560
176225708
357235842
514555306
750466119
385672662
886882646
258243774
614510558
225317613
640955444
779487150
275455279
981094856
479693448
465998856
473842760
106418591
590275440
481904851
471619048
661624142
445959092
624421078
644670175
881567266
205854813
206358899
458959791
610959462
78007869
677984641
900555811
898199866
889526123
741454546
696720593
712701348
575215775
649317689
173229953
840933933
389383972
659834871
260953284
606910524
936426485
689211192
987335026
761540184
564028771
118419301
392085484
228898756
535682008
920071135
92648116
143481997
602473021
520271708
210923382
360655002
738782476
88396671
451337224
844828013
929820551
164164829
499068731
288210957
320378870
970572697
113089690
453213466
178060515
129110804
553350617
866923223
461498337
965582843
829315491
625855834
811999492
195449004
502683210
348441282
785589251
772550245
595393122
933455343
599018106
849885132
489135440
823058317
696815887
262864811
688067613
685484445
380162103
903413783
712516537
874339606
496267835
830613471
558525491
524686841
128245551
554298246
252402939
696996850
716927663
398987367
738962189
47571298
889006586
22274361
249179890
543583620
74113077
285201216
291452842
443926447
757006272
119862715
689128167
815845881
235820783
443748707
763659741
281385133
883926332
596681076
904438664
231541158
194726108
415974183
214348315
3786388
8971819
283418094
617441630
919860273
157479035
626530588
68319954
902868566
57532690
613982809
570509065
890073378
892310631
87353816
565415456
351925504
896056229
821475050
464699146
305003319
449336673
722090487
94395743
412237698
641532490
283548957
187348062
624556199
393777682
566700646
406734873
314103841
284846221
65420565
207690855
412690023
983082459
220287382
462480262
614009011
338711034
487844313
607156768
551314340
603566783
862919121
290063490
310602544
305141249
651680439
948079125
145540921
114139929
460806320
808720634
993899230
493728456
772173654
7723942
379968518
985925740
940140371
132537144
880218111
323000349
498862525
675547749
868167024
773494315
443333602
153812569
937498402
342842452
458636948
948316677
146097485
455304131
320766246
837005104
152340248
299702639
22034412
386759574
788800181
425641519
69572103
106259533
620743966
156206856
796579326
671253487
242559558
191970950
804605252
792363779
363230259
194413515
424895702
372762958
277191624
304214347
742248938
155629149
614350621
713463347
437803177
269193113
911421846
901791384
4185000
226081962
516693571
335771681
515405397
589907934
718969717
44121149
971235346
618890976
398855140
848006192
213144312
136523788
280836314
325091686
582790404
721925806
356066
48456850
292563524
407750115
8856165
743618322
385976651
137696605
444211161
876128073
929929671
187549898
967697472
633882183
595469595
785830682
112195688
269054401
418843203
773718768
728393596
246712692
870028816
114824429
808152852
661703855
425240604
839512091
44108473
869911599
251081623
190526161
685778981
308149941
277496297
134695610
51895816
307034451
426162336
410161663
169613757
321301022
813028983
854418077
581467717
358025139
10906759
236481440
13643660
96331400
136219960
622900437
424736982
41142643
123216780
161024498
181026589
384321988
637082858
239255846
609828730
83626952
357579833
2452967
950160360
744559202
188530271
314001783
393062399
495005821
872611527
400576659
701338622
727026175
158430011
436955565
311839744
739534460
543075467
132703836
520044588
384733097
391647645
446968707
98266167
937150372
638070796
364284176
397144982
20637072
635970295
743920751
169064229
387374906
899243981
858527879
773925094
120265856
43792594
343220290
754141285
750518584
546517397
433091463
248918720
791561170
833995368
629371434
583583290
698260414
650263520
78352756
843320886
472659694
677663604
438763406
157557366
520146451
152079196
239259909
428676933
177049699
136483372
455237735
401310066
126339490
115306018
40535847
711258688
809285388
404915986
505104855
6598598
5127478
11137442
270979735
419572762
310071656
844444359
319687761
418853654
792340047
258932006
671648286
965301557
659416669
978893418
852078027
956726919
286213
707682833
397771775
274352827
469503442
564998483
618725643
942099628
623053240
590271510
698545239
495153643
444183879
576621971
243295754
913160769
436570731
455708413
352867396
673692878
148897269
938125539
616307357
207586529
211399209
848639575
304257083
374684074
983447644
89731978
8582723
291715075
498436808
378865309
78863580
304982161
212343566
940112182
423181669
32354348
475966326
132243636
518764496
260623522
415188876
749100973
305865601
120320657
639580826
207735530
842604909
345357601
480245447
7344671
317916044
950112753
994073741
999129560
266394857
64257196
778412285
302508782
811774004
718746563
478771405
304086867
22695509
142167568
827465313
545107932
948074449
486265584
454181466
537056508
104298945
584731064
843457016
831634611
116988251
448419258
57186131
810058444
63978166
453976185
912931454
226967534
411976712
296729148
244995474
972334828
664906762
559882445
746979959
465918458
307886983
733767078
20177329
433693058
65754297
196633472
777863972
162144596
618559355
623195620
629047538
456802243
927180688
711973222
188898777
751362563
146337057
625440131
127156303
89922463
124062712
619903856
232105093
55598478
169211288
711283954
279306610
648147073
80811884
833543856
416391991
166471352
446774265
50898909
258740998
597185670
279977114
486400095
853635979
779967589
540421264
18811290
545692555
114561089
258545317
457885652
999071292
546682666
729784609
677429826
156604560
571394418
1712544
169396128
350343983
725195536
648158465
750969657
576118153
690844183
770722880
388036398
140396618
98033331
772794785
563807886
958931042
751565403
986257977
480717841
286431577
541753805
158383941
817582183
121647878
678927285
32319837
175504161
855398642
740911460
566714245
48584760
478161551
131356488
750423864
963744225
401090067
436580530
988045701
938283012
577389249
601859817
894008311
174522553
267644895
283791496
907316493
44503324
788152333
565907442
913751386
409166694
832434430
643215758
104862209
672275396
804929907
234666248
830496842
227897216
92572853
533163464
799915607
520729096
445218265
104187105
926387982
928251841
974684542
76016509
622434650
221636187
465195153
405522225
403367408
93935404
805162924
651602321
377091035
275457396
256335164
990181634
859770054
472047180
180230266
492257873
680788910
579139778
800603609
160309927
892913199
352692412
331978974
870460706
613403349
956456229
167841575
707929923
899287960
768456551
57983097
893735092
848752758
352991703
566077318
454540479
903947554
663462454
154060089
620439082
316757579
457672191
787005798
3957103
48654231
695234112
275503084
956688900
574415757
362311983
38765958
33351324
697128348
206662216
467038381
114018094
200698718
678516621
843621966
780456113
22285646
394601335
306973760
900045901
753912722
88751511
944938905
527789210
912094896
264888666
289949151
404223853
643180158
517719525
361229875
429606519
36710698
817867812
174718017
708931620
171403038
297447328
265769930
429535026
723803912
639382744
378144905
155629149
157631242
107694122
443227717
241974590
59371683
799148558
945477872
408410961
223717027
76630222
641726785
147033407
187870150
784449417
117766216
363925950
63717947
760697020
47325720
287608230
726768084
879584804
617303275
629687103
157587254
427252686
141306782
671752359
614839220
662092957
560573651
560987358
406420147
480535943
367337446
756095654
539492472
780117019
47198146
442293446
461964477
932198620
971824114
561890287
557183255
262733766
173133688
34853455
180844879
969441550
166223206
938253558
405862401
186534395
723878841
678896144
323470701
76217183
432343872
868743371
745679672
53424067
421040625
367241505
423214864
240519623
121483317
851948599
473464726
757177332
477282228
34482060
933636478
251309745
964471699
269669295
883381758
951053248
548508318
70035591
109522920
670136786
350090808
44646969
633987235
834970847
291707780
352299367
101331225
582219315
811838822
521433333
252723774
993002313
437952605
854009005
150580774
640955451
746206866
747315893
1229295
889340624
853395532
273312733
545205356
444947796
330045114
167872965
406816228
815772229
372609440
461247566
189969526
333844048
641033570
190285426
930617166
766882490
744153711
302399354
513665581
977668521
655992398
685406524
393234351
310219542
366831162
951741743
673618530
49282623
330218603
798600657
2345116
236683612
370479631
55657445
792103562
93576836
479931881
187193533
705629468
198767578
493262553
192945395
854513468
416217216
540989726
558278281
818030749
83033308
851072389
578022552
467016055
80215879
678975867
535428898
617181279
843347609
439164218
760490321
937372659
41062063
622276494
825519334
382492790
937498402
982418416
602026825
412992202
537908861
978923459
13543723
325645827
589966405
483241213
288077168
11985131
431277687
818752420
902249365
536477317
585026428
772065792
145071152
307020558
150208484
776113627
642439406
755745499
841604807
420847269
938541008
972729414
888231695
767815536
254288070
813649257
78129665
661313802
351428138
126010527
350291902
148297566
738181454
193312299
169280706
855746288
557194385
460047591
249270274
176831803
687393109
689809847
395369544
827372304
744247920
854624919
959946390
313848544
555832003
270005051
758902903
798577423
683557183
643136909
780542367
715955696
580055066
919978972
523519111
615582398
639032765
873584457
515278257
967475515
407632305
639806892
326477133
170487088
34412603
599757616
945728240
696290913
84492763
840155823
279768692
938074671
423530636
610819566
947823616
469821631
704154907
526991876
149185733
725476955
722851131
609428273
336232072
447069758
766882490
792427101
351854062
704936363
535576971
833421590
905220301
395608136
800998905
691206161
419054819
3348004
298231790
853729820
167757990
271845954
932276466
233135011
342612199
721667833
184083579
546799806
273242316
794740849
429742419
325537432
372997881
187959093
578097971
62608688
845032108
93459712
190049812
831716040
651489892
45546638
346121809
285305576
126849375
718653946
936631615
119946930
729228104
360082644
311935447
585064860
211701230
978331099
17413991
499252949
408022171
441834080
21864758
614952354
412604608
694268625
49627274
147063589
374238607
263156079
326531109
201207255
43534912
760749454
11619989
352406583
279948245
274852066
386508563
850882952
829395733
471461205
436702925
217302051
557529432
812638128
344961931
341375782
947314089
316859985
630745795
512744020
660156710
294980525
79758746
567304401
173654699
501628495
163402774
106695113
454002906
171248139
208264338
177924580
27581578
471099634
813216122
778426499
566219442
368592639
50191281
536722379
371647763
640682183
624862008
469783305
144868036
240529877
410962148
646840640
372945165
961023794
505213467
141364737
858319230
229168003
641210350
521537138
54294687
492936213
762812954
387565037
83042826
564044174
447889252
999566276
518765875
716992620
492234874
884277717
53409017
341804513
370114384
676671694
858831691
814382051
324345423
338234894
941852043
855537944
34235123
37166304
830024427
205418772
683655433
191918236
975183799
269117418
233135711
188482652
881490773
718181989
129992040
953593266
88604364
42025618
36482085
202622390
396140643
54875336
290397000
26842324
270410038
171954741
979624918
585259095
103503377
792171787
165318180
171254863
543583620
817231033
605665295
27794140
463073747
332978127
446441096
764702097
174581838
67688061
259319218
84855305
610666443
99658982
963555551
222413392
752354570
855103874
742989039
964594692
260929783
193886571
506088450
350333950
445096047
718305907
178329029
700293794
852599968
773211014
297734793
328215597
122028571
113471571
171359183
999631822
424161029
15319814
463851325
533233953
145803924
411172011
497308442
905960085
72717076
376625594
827023362
47242396
408501
353763056
237128568
266389486
719748179
755279789
788310955
763113431
970432978
414168561
358832880
880009018
669359055
456271029
719599329
646172080
334244101
981947221
331026207
731136602
360819443
593409338
176872389
414480683
888224916
859232314
117169964
256922642
115143864
1806254
695370150
447935939
535083053
881105695
210230960
165194453
294185793
440562332
192366137
808388466
172850827
657692561
434306992
583530230
530344921
99357113
779322432
555733846
600153723
469564358
529685811
153356550
571281308
573009452
218805299
187927808
44469953
791577353
527353883
182507191
317927827
422516055
355535162
147462995
539988529
143718831
185228922
530143506
468220661
135789960
698772225
383533805
711305861
906307164
885494820
322581908
580541643
563406168
267667807
691318004
407035717
286149386
662571729
761759525
699889596
14972561
936553553
622898408
277772627
917978156
587338730
133421985
981159498
463740997
409052951
411995422
436608197
555076132
537243715
796085518
811967679
274035206
9722496
811510461
163673573
888759032
632829079
667835172
120925403
414704469
54028060
640472214
299471714
52086693
500186807
858745653
666539387
566851306
114694559
307269627
307156945
301081780
704901112
46373917
805088000
291338033
260135855
824101617
552701187
674094915
246685632
117328327
7341853
963399141
582829099
731358062
888711459
375161944
915938322
723031712
836441859
128221918
160006791
676365575
454879761
237926983
423255067
709211139
388232498
649416124
436997823
308225901
195050478
433948895
893710725
142553529
559981763
491621958
698757408
943719362
56176736
381659044
15435132
682434132
159394942
162840589
886376058
696080726
276270917
994149577
421618610
748782526
711399666
979713083
38546933
237765821
417640322
523354946
611087845
216779842
858319230
560045739
410742438
679733452
898178748
677929420
477182846
213144315
516600716
728545095
749416681
803207629
121262854
225154648
963555551
972729414
601226361
915135047
995460290
186377581
205446079
423808629
100140522
378564979
74812011
326434665
776723861
962828140
147040674
139787909
178752803
931532077
201699361
115501967
816489054
575180793
323718142
547885573
476114054
301181208
223407677
992956
566221716
26120988
353127537
523486822
142716731
920740483
966931903
36901769
897877341
515497544
792185017
935317684
235959887
55009613
874442072
220355973
490762107
677628918
305019285
740084806
72900650
273068381
572234583
307158425
333781200
192394847
782716869
721798957
209659825
569174195
757532036
639531432
741876828
868838644
285228050
716197297
360578778
537260044
198379679
558719588
579658006
985967742
189398279
519125327
593254127
213317593
939960016
439609304
203493343
731723678
994638137
668412973
668137357
598186009
282755144
257755219
760171101
18583153
331037508
688688779
998481371
570815638
277117583
98142944
675285417
90744399
725062817
600201684
353319599
838092364
416323813
825013670
937702495
390805073
945989605
32561840
224158618
841354308
852077541
972343804
282353622
456529693
525094046
133452921
660724755
28669304
443148670
335992087
955217024
261532087
230527797
458654246
192037101
578422228
633333433
660276864
520469848
868462015
961598125
827782146
779815374
677150391
276041111
274813047
874419243
875521767
111269849
884237872
144964140
542092246
426996614
203908363
310820269
108975966
658318656
265200852
474900097
95872631
540056708
789171243
697582175
566290669
698118257
516282841
29074691
975580584
487977106
125482293
346533483
243370691
423325378
971425603
945902396
13627223
370670495
267230811
345919030
760482762
137693231
679471032
592437736
969847959
309306252
368903530
642316238
596398692
773814439
460271114
152009897
995215337
137947190
837899727
653858001
399542297
210136255
262596118
145447009
581280317
495418166
846196619
794559305
796283662
352896448
673375350
778809844
37949451
143628263
984245994
813947735
504823907
211787655
977128526
941101360
946373561
363247148
553201145
812055318
394435803
2962266
108379794
527989100
708237033
529008523
300545840
390282870
33671605
555656455
252491527
97876412
305322013
101532102
357182216
86996609
536038078
65120411
690729393
320384216
828549279
753643003
718896543
418226502
938969675
124410939
19379759
119916358
142345529
442677892
888124579
575488963
861664345
902773816
721907758
152964221
218863629
247295161
782111513
638079673
642407368
457460227
677290987
164160899
855139439
363894949
595524232
71789650
531338470
769205029
826110176
66537427
75798481
292443063
291907307
122587008
164541793
804736427
357452194
100456597
559458799
876383227
229277245
893220359
643673263
799286959
515779908
173271214
127583221
739268741
571801780
584141544
885409020
934032114
127284605
608078220
454661570
549958047
50246692
978990373
714871179
592772310
764429451
15614108
209812977
973667923
551870909
410295179
987730739
636845533
963369587
313374037
577041965
871571514
58930913
650261794
816372206
111805788
860073315
422650896
570801669
113068366
135628312
394545858
187931717
766050697
77657736
754730702
253727468
985384455
548168231
94024863
377686286
854540881
1094668
873110166
404157293
584725344
436175977
604658153
265029682
775751138
251986443
691423339
934216185
108766680
716760325
912290515
920786405
801158880
385995332
643676109
12006237
260352063
113820481
507867831
71156688
329152306
538529439
381201878
224262394
226355335
278854033
978129240
466715913
218577330
797719878
331954500
324020349
211868614
611701653
501330252
431337011
254565116
392207375
180481943
483238206
961962180
694105260
722501847
579170562
183253064
584938994
390841745
482292463
732207642
749350513
841468821
624257979
140656817
709236112
554483514
582448930
882402496
532841988
176226150
342654647
585841591
736432829
324380457
719663589
971205161
368109260
899476553
622659651
973004354
12837860
909843973
313097685
497773287
761714268
829269675
422004670
109820016
455783413
451829788
170749446
830114145
339157222
850443300
855132050
806163040
271864486
854148680
193797271
15532901
159920834
957976565
634220411
9049243
279168989
831092066
492286561
186130595
316832850
879242238
109045819
971792111
436874026
649869696
248030814
960505179
533347133
291907307
471824457
978120525
111844680
476542740
566490256
467461847
768559199
936494496
778229083
506497200
740846526
435785758
86233965
53256447
572234395
236955173
766092418
965041627
102468283
290391607
925339496
460047600
993483229
856731087
645322389
773630666
817274685
543071591
281825636
161307411
353588574
135151982
13646345
5648907
281912840
725062824
89914448
304051038
967350776
355905244
705460082
179226675
319725950
89025891
199349260
767349312
236515739
923036639
408495793
831873771
656439511
480563062
63779249
364335009
31350686
653860983
414014145
854855597
224145153
629165275
830098016
878786904
126416200
13494759
756000440
234594812
993002313
296934633
597434396
873418402
399542297
507829748
941567798
653346795
959980926
283581015
84379511
913987625
322196742
51322576
609355632
412727352
951047657
108516025
700432244
937926790
720929428
221572298
249660643
720229940
793430074
168144619
83184708
401430121
807200838
726980967
906991754
903727308
681430925
275657171
877191293
669206897
484021211
832530569
260631968
397973204
855025745
843412033
971792117
458654228
288817126
319814443
614091889
772850262
854609157
595149707
616523754
880367972
640472214
675054125
226246137
246437755
833331917
245726744
17535988
157731444
373624389
332320643
655458094
841058507
918234967
572491197
653498110
6322075
640293695
739940937
508057765
325695702
309113680
908118803
787563836
144426499
261155091
881705364
331274365
564480327
304886239
500344916
828870390
894282132
69454699
256940501
30400364
207086289
20094103
859874059
814605153
939324681
939266158
853447447
483654457
132096114
580947656
379205955
353903932
684420773
891614223
660585533
729274554
17990198
473743892
582094298
430512754
799551484
940658474
12423377
838536917
824266127
427847480
978395825
658975855
819856387
924607402
971030419
340865189
979855137
224965344
113873719
166360706
897192537
120520292
12625723
424603040
111882571
558991670
428169331
726144034
7977699
592451561
468146538
825672053
298982927
601386272
28912881
380112730
854306372
204757113
840653364
466636075
778591597
305290811
879029638
468326550
973115664
157823162
960357185
492523115
34042138
177301954
743297700
469796690
248630112
742981399
473233812
476011520
562013012
433956275
740595314
27710255
241200484
558664133
455298334
38291615
786176200
229431738
408714809
287384937
324163071
266544365
973004348
488488283
803313162
515278257
662822883
837945523
739442451
398141832
966482424
137236544
1596354
972247123
854159095
800377057
231507682
420634208
420534827
165194450
701140684
779941192
161424237
102211430
318602393
443821743
510338372
83974298
509844686
11025048
521332609
583430255
391686049
326200096
157971372
917501147
386694867
814582607
89763497
822376311
675425962
220674573
378310120
133454674
927222233
855132027
58987326
962982463
755525851
963659248
28300075
776188447
369351995
244470353
739897066
69878616
217293649
848394192
412234585
448408119
986421819
804724486
581947181
948296933
466616244
427711778
622812994
912602351
480120624
672460946
10318537
561866389
487987133
356437567
320766246
670384324
832811441
94478369
41137331
948887612
572512307
260974817
619586145
663822999
348012290
122199544
554051242
308091196
792225384
207735530
322259793
493596838
475665142
496645989
52752716
268226959
679013159
906361434
540418908
247432104
594281595
311156791
522770457
128810767
563657812
869678016
482202782
160700909
398784743
685172007
446666971
910846361
352569161
15096496
253798044
643257574
38489627
218918020
875134062
673355628
551772625
228765806
635101467
755759902
462058777
63237788
811794258
889500828
799883365
41908183
287234404
861550763
526339133
640470506
140711607
778096519
555661626
123991616
251555150
524191171
370189465
575016065
496176555
143274953
54967215
975845460
76722046
398748588
590959562
149954465
206706785
165593799
143801542
344491132
594485308
832858974
276483575
236484145
258136802
369911707
507286503
233371001
740927679
672165553
193186298
105586879
821324364
654500571
609690458
166887687
18533792
180704226
459678207
305322010
825198415
154162213
890630560
218648166
412237370
908999967
22581385
896382515
446396844
672700201
223198423
911894027
124015408
224503752
299296105
819537511
65861315
295804505
78880950
837020901
90598109
981288852
68962135
45465778
833670773
372914450
825801130
380360719
110447087
878543557
257644848
903949458
29238522
45423231
374825386
843661414
990946769
390535778
596901934
568693425
320728292
293999834
930629690
931982096
541518589
131127349
122610140
627671633
277173243
710145525
136333925
692063369
617526482
928100451
435506018
747755341
972469422
315456604
818486426
52765410
272962575
664899777
738894423
512558756
714495190
847593158
96345898
724000039
401228113
386712024
479759997
828270193
271921792
494751753
786162692
372543552
690935813
875356018
538621154
114765154
878002429
364747525
258300359
208631036
597611360
228996617
63760021
344456177
467753939
569452077
326144075
611169206
783337520
621812649
23406553
96929635
647061015
596071088
673818902
942284064
104595924
424407623
307786110
794111177
305002629
111744927
675171961
447834908
919879028
593907130
652108582
540087410
614071331
841458354
160446060
99674631
422162676
291297233
625208464
736493578
397198576
823781707
163998688
478722653
148857961
835985175
711515387
428090136
856186286
883285780
33858703
556991553
79006249
93052754
81435361
485883218
917259309
815938399
370593900
89144875
647588872
129167826
298266662
170746607
216994750
945611258
269240296
381406478
70963054
611516487
667992648
365731564
330045114
330779954
109655650
722158010
827923521
381788378
996002794
280509086
816017449
970455597
886263803
549145409
156885621
809634498
109303608
248414197
969039176
836153610
195042065
372622180
37769292
350661981
300249017
690809921
927559581
103800239
676149653
491342577
988398704
700819198
320569564
555406376
585513535
646489363
391170725
882747782
462421645
624629514
576504161
872667528
317184812
537436410
405765060
744925421
702926145
49436814
734919913
659494635
62591190
309416952
383287884
187220775
746700454
944088916
655945921
599993852
324163071
197546096
887005160
848492996
721845124
415277197
789968415
85130852
509844686
499405804
812408536
613680989
220089328
309047366
555506391
649403086
395023861
735195565
428445221
449681683
724413850
551170491
636375739
450781201
925541872
67088124
284097487
64987221
360064980
369089841
860024266
474968678
593248314
887991734
123496170
304581400
11163366
594041318
336258248
398108703
626784842
995187204
331726346
555312099
559663823
613802994
100397244
718242273
315508816
330252693
405240477
947482243
768549475
516657179
502547601
290068459
70997802
547108072
226748048
293113573
437828764
324811336
904365454
59292119
195642121
950350135
702362774
298119620
652162842
53709872
574478364
470927759
966958074
662322154
405431142
422932606
320090967
224414959
139413320
204325009
522104259
621706385
404561717
286039080
112233906
675471698
622903574
125689113
323891244
666978849
224490858
663711835
837859249
579556921
860748626
664598759
818235670
456755944
962564997
54517833
226307348
598102202
974458083
497454206
594310972
442926867
192739467
385348370
621503369
602526393
123957523
503674275
52681683
20691051
972715891
461501231
437952605
595112217
464623963
67215511
687043739
672589459
204069432
785817162
449842141
693632185
246684997
26957334
702063674
276792583
904245805
204595030
647254706
791555548
560134808
315710303
601369864
945017728
131938144
301502878
649286523
349711010
119916886
912500992
658230247
966391633
908755603
104590416
986421819
262576487
2273182
849529203
26735672
832487119
280284210
142887016
831120164
976176731
168261385
618362114
142994715
54958237
283726533
338440965
742831371
118564285
330541087
779259150
116927305
468099451
676656398
487135045
975095283
240658585
470760153
325527522
761665311
125026146
222687344
95996163
353040168
572702921
109029744
56173689
325599159
281751121
47987822
232037844
871055312
734934055
300981234
901468982
298133667
464820957
73948984
728748544
281046720
623215599
912189295
825040720
769061381
578250064
506202428
812203919
246070991
643149328
123787061
76750976
454281132
475630477
390227003
766673536
823236420
142932333
795181503
683586602
910606140
664560641
995617283
752522110
899520122
207079110
310219542
852648657
981364861
412319358
718170479
656315528
286839945
337554919
717040082
532395040
76913288
633303068
732647053
632631377
800459451
90761455
961442577
866285484
95445117
838728363
798614945
400344769
995358745
215039382
406846255
733646655
678821590
975635751
918294151
808680805
894853576
504731754
902906004
132025233
695120334
60178354
114665919
227697436
30678974
32165125
693357708
859931027
109829775
996031431
654207905
137555718
877993963
485070987
357037535
377271630
769657127
402940448
576687319
796463550
345006916
483813972
548042344
545119474
58572760
636227060
552431074
206209947
498606566
959175555
533620599
330321465
685228147
835209544
821794548
338912513
4204299
438341455
349351760
224332136
992824962
864521668
469203609
653976624
30308713
126083899
688336648
500719523
568540534
683891281
52499388
143616344
167446116
671287444
487171918
532875196
334263496
451434284
355857519
140625949
129924517
598676361
668703444
101910746
438418108
500262458
937007015
438225496
333984518
540172458
689442457
960068753
643543944
416835113
665948191
593531021
872835986
687526597
633703519
587600009
963416176
207279329
890956855
311576736
636491408
908328565
265798535
106084837
372997424
135731537
137109737
748051023
143791901
384306629
307776892
694263928
697300637
465153472
852797937
129302248
502092366
995130305
577081076
491388324
106485479
787411376
480372706
405011235
889931787
680981171
234640731
87570994
35798013
486468486
814787889
345367211
538397595
745671258
323712876
164330562
571578989
528018333
144397432
347006627
287384807
320516786
332034622
512408987
372839837
551336280
855592549
833774980
455437484
17589213
731256684
14540168
82245720
504291331
845236017
107298306
155109569
799716425
451469341
816799591
99085066
730837520
516248264
203107420
373363828
360705343
884278330
370923063
362143619
216994757
377855785
658456185
319153294
777614038
512594672
128525216
441573165
489740844
566137094
266317725
454707295
612090328
991400254
306117059
399610980
173826051
856095165
333819893
28092175
279515974
565780456
274047533
930749109
374753634
220835942
287903336
74990417
178153876
266317725
594619464
741219639
591488055
773925865
100089685
96885349
783455434
392952135
955488305
55108935
201752546
728933711
935744483
177530716
673771101
323588597
723584565
976455891
277857042
64243804
720316881
183441203
430165813
334896725
904155180
775700800
40602864
204052387
613173600
595263050
997583946
132726868
788269365
749613166
162499167
946395996
726974583
584445342
189590015
158095902
678129560
224622532
233502650
248151045
637406493
898585349
967632126
345094876
652913905
900353239
431375707
623890605
863890287
2637337
455065485
687316667
414661225
106740088
474342488
55979060
58305740
545836000
587752050
480480911
816014428
300472165
993253573
573559280
136185998
169172334
382760380
687016043
359270866
598707669
905932706
477423564
885176375
212794266
674390594
818077534
562472433
330765708
90356536
182825246
757508813
570423959
447445676
251074682
484158050
31634048
869020157
492443541
465633633
417585319
326942420
32369807
548287924
762995598
966517088
215410250
622665092
340190112
588330249
783116591
260041284
733025639
789492665
588258119
442137789
270181123
992493454
830209736
41421941
169737803
512681431
527609895
216260445
721068864
19320626
753912722
124919883
165977251
98064582
297245720
475687850
426994831
684778234
144893668
786314004
767182010
537207774
200722906
55361886
137702951
401746204
919049419
759745797
698520169
610666440
78939796
670183106
119768797
632992915
793775921
891397659
890327032
532518878
265757995
761938892
174860207
164733592
763413661
445186833
76820548
623797984
422759962
650671365
137554762
161974696
232100447
428843349
354396402
669521050
280267164
554914857
962909068
396648292
441924790
245884287
307339283
317397278
653339424
261097877
827308895
496439532
387299333
632697848
909104366
327731495
62991068
369406530
993619807
11067167
524670531
14530624
436302361
538608595
214164467
979700232
508544661
252401928
369130631
312828192
523619115
439823038
223581727
268731859
329209177
499278342
770933661
184227463
624366724
719617686
718564249
408437937
329269766
940253314
254796816
131589135
809924380
447255307
558505718
897844777
881197190
464007655
62033349
140911964
245600296
591701028
616599668
617653547
711358550
647308907
84889156
426612526
516835194
322972562
766886563
149450027
6695558
647171781
880400371
403183216
637496473
98293158
658429962
237577657
388384461
715687823
212560061
70080376
994533038
813714706
31035188
923014462
710884621
806933815
893237135
806977078
459209584
863273674
44330647
380822411
417478133
912024394
580425843
592639328
468233595
677625299
657587771
716162443
486385146
904872032
433621055
144123382
471238680
131846256
840274997
462255590
435490734
429396027
654349465
858637216
94434176
68887977
562585440
212302047
965993096
582108491
853905127
47571298
57607904
835808292
190604
132642508
274411344
157020832
954625258
288824274
932971320
933917974
586596444
428194887
945702968
690315153
164036115
331274365
345724454
69373601
832143903
798270208
272918001
539455980
789219906
565159484
72887469
226694768
449107431
779729369
166445389
10906759
828342475
329586966
623950022
596192515
599260506
305955385
697180762
76008581
951168907
797115545
575614569
919854780
218027391
982514132
727077577
483215820
81999345
698058045
15279878
79351641
633538924
852040188
201241023
723698308
176523182
638748118
771041762
759203949
406481660
812478656
715267060
371308913
370285567
678544490
352936172
138057525
541677014
415402006
568616057
234145960
380622817
498731559
837748931
263114952
173738688
711972822
694105249
938904889
534620413
928349051
970658557
996905984
603453942
11626126
204865496
290069195
400996161
137830620
128079703
732410448
100267762
252346966
483282437
897149596
903386763
57112698
18128079
824736250
408559217
261968089
844778663
843658303
364982154
249457964
240292761
317575572
430954854
971581833
478528572
306176610
904754118
704087296
993315172
8109966
256013561
628036573
164484571
185414949
14187262
325274305
710548401
924924450
123244525
506930883
368712917
225872590
641670397
881177333
972966592
803495483
900770451
260224585
320093776
384544199
453060583
283247969
370341118
433405585
352560585
475467724
911260051
692030663
283726539
825249189
886621279
865511304
417958661
80489490
878340080
919268428
472044459
586452975
489892322
809733130
556526472
624830291
427322914
200894850
624387001
608213204
550341864
752221689
312966539
371081064
546370626
582167244
926051063
608132039
635741015
517814059
138158317
311685711
877646329
950925300
685672776
769511491
750423843
251180444
49228229
548042358
778841231
905762812
44634168
93636026
130348400
165846293
766916234
555076182
686503686
368784853
788309516
120887363
859025357
590799742
468594656
850606032
331082512
8487034
249049114
900065872
121056367
479004682
681263331
112421198
915999207
557491862
849471080
689834688
792799063
974966919
27790439
665406539
655190558
568469552
73743356
55444497
292138367
220334073
278047630
377676617
425893802
1982859
720102065
789710935
917323574
571717710
32185511
390603011
806699355
729035493
350547407
712349473
860080361
618302958
844910706
934944400
521813567
106684860
478221424
851846672
248338958
763609867
36914763
357333579
246802577
506211658
952071247
978811083
933875855
367066067
170635793
606249053
20791236
579423806
156225252
99240648
953450482
650778557
635401753
193071896
154380201
351862741
943437636
165863174
386343895
752365904
270838508
96042780
691343772
493961967
532889259
298268818
958750525
998521531
518959369
441932699
115521151
858342549
716568238
208475471
627032814
828622778
668703444
420798121
776604854
418942520
256720230
640427169
645383813
547641721
604038818
261290888
501925595
871699487
299873185
274199730
406347070
489943697
851436749
423436796
726804604
595263044
120267737
63508564
570215574
666814538
841865618
693161381
896473621
553347526
787348565
220281167
173360858
245580171
343914002
278554443
436864483
770212296
382720845
13234991
577166894
606741180
643655677
932050101
141271101
254922344
440129848
636425108
891906147
684456372
665304488
413097651
182748838
92135342
637954527
446239372
824177462
403716315
96374127
735826274
345217941
932012212
938586943
31801475
685471602
112241994
51104975
207700842
87306844
490949155
323360964
518518838
363054136
324501617
522798492
696272189
743646033
290001181
912490766
661292550
815000970
175311418
533949423
763258535
443821743
929567278
941908951
366541323
719981237
302534410
170409712
530161726
716568238
508535451
659250326
6322081
714576909
653708683
698134924
943968775
530275460
550729819
606124667
540473788
347491993
330444414
409968238
832703239
840960354
691631791
214854719
823083585
71957311
103512799
150696443
260668124
486664511
386404548
234202125
389784137
375499330
864494293
215586789
219330693
721837978
20371182
343127501
592073270
996781261
698134924
158156283
812435942
644304014
755219025
849735803
400587649
94114283
219012740
858760274
847685339
503186430
356915134
679759452
854637337
537183007
280313785
369190569
182865783
433142743
728792922
784806740
574641095
936305733
134483050
437834737
998691903
30757863
17229934
581463145
718032368
833700445
892404447
354138993
919306312
619502984
693382312
920239718
468456352
547305772
349535067
422982743
783621026
139431693
953650688
755805825
782038718
740310825
449284411
65256507
681024737
859008527
168103911
980618466
649348612
150010020
714000205
138168722
437803180
634406367
566628902
132652155
696398276
328583674
78641367
997980170
674853886
817925793
781016241
359324327
625893679
605699574
338979811
591044179
843722652
975763249
729331144
845392009
790798496
24265766
380245392
429671783
424139037
250013052
400476871
487019583
56712953
950954534
623253540
287558007
940945039
87555080
879243410
710362357
87700175
215618706
401926352
925989497
329389024
443441324
402795519
118783924
967411990
20446999
454956090
250016697
633805836
792398201
255775745
247532182
916888510
729384536
754397621
658489760
52691897
582403758
463050625
313881969
689640177
367575239
96532749
363610167
457845966
325908855
780933164
632383821
102254107
225481798
826823202
375473965
614452139
934686524
522031557
488872888
889808409
928939545
694173836
70227019
664162747
862531378
674861435
571358335
953992221
69035727
593674148
336928059
335336557
579710431
635553744
881556685
200405123
186056595
94022403
810579646
640621701
676365572
875731056
245458236
945708109
878093726
278279069
342132117
510914046
497540099
749303472
623758991
125023117
583097758
835817660
179225574
779188830
774378509
903464768
877966174
6631576
75294124
13245624
989744453
980007335
982561800
174363534
263057763
293759846
737081974
956755946
656667958
728842216
47646822
360157499
585173190
369322462
345137015
945035020
196155184
490520880
910596515
867923890
98022986
319624817
562993547
35454004
596188090
852698222
52750761
368919899
642618761
542144372
372914450
539305430
819483463
695025978
733711437
95119096
181638935
716728142
9900131
1205364
900320781
408566418
370923063
932948720
489752413
326562396
6885084
839590441
197680312
224910059
161856442
570063293
843986562
785926785
629857184
648911773
827897397
646287830
751634877
313490097
734012749
408542309
746032307
213583597
110311246
590240941
257474557
4596441
477781565
64758154
64355168
79404318
856099953
849263601
322269221
307210602
734439562
546680595
360051035
486348753
339272246
873027908
615285381
886880349
930578923
722662788
926051196
446637034
228844636
199530389
120178817
258199050
319386505
887518135
128636726
833813247
322186668
141257240
473359932
64999297
535251356
865082950
578856876
688462155
195528378
855170555
900473549
117464398
606674295
215059007
838255648
884632379
178153876
824538112
68003614
20755393
228242942
607863361
717562098
522943172
392588201
445023661
331824939
942919864
98924456
730634193
943916791
165822815
902508664
828939438
341122849
625383116
596051481
312925191
240436670
757377359
406293516
485186317
218218003
626270499
377062085
912278069
84532896
253315943
281176629
494977592
920548234
920621632
226033764
505782936
992627333
24321392
794435745
206871355
239788307
83181513
882825067
826834586
465440391
216510779
571895920
224584065
853024919
641182172
820320287
978621050
929557997
504347483
801635350
197590446
642357695
424003097
609662894
40101739
37322308
46892155
567641163
862016354
133504365
450457860
112351836
540271691
481744938
529594071
521195926
700618225
109206601
264840208
736625357
149421201
283352452
747283562
83617551
235344373
475834603
962905848
86319403
578360712
43080896
456875694
329083584
278480095
580665142
81701388
533582189
573381692
288022281
491784906
466797904
404630210
21431064
137413904
144320032
377784987
322386367
646915090
465633633
403081521
199232248
471151559
644974545
575495715
832062651
297447328
477489926
196107706
788309516
546119904
848675132
924671802
656125347
877659156
790441616
250208577
553129755
218282751
115554792
915719789
264936998
740952395
57252156
503562199
270189992
272678114
647420676
472851485
773309958
562192180
899150525
570005555
567534270
952798091
109993941
233507330
104703850
541753805
215733557
432242180
22251663
659143096
239185590
44531026
448015852
821672146
102108207
986676862
872640535
996200368
157437409
591164601
947126
914889674
475957005
368038075
58838769
462058477
202331764
364692269
711150279
212568178
815310438
475084809
303807121
246072421
629344249
327805256
535554116
356172794
175145952
778146742
955765866
499757582
410399725
687119276
868257467
810243812
508357406
223120487
413374685
924686049
910890610
600144453
503068763
313865638
599260503
487894040
495108767
653245704
6451582
906419029
50817564
248074239
991194647
453884448
986728704
640606955
876286047
264673083
267322424
535606453
577541652
621130604
427607158
181845100
300324070
977867852
388111498
384532089
426956620
420480178
856104113
145126419
923741867
237368826
172890137
580130390
291777848
706043653
863879458
167525788
598996254
982235819
505656360
845326261
97231745
282367106
67704808
443272372
457258133
609340854
136749924
586329858
498191435
704526445
392386090
367559573
842176739
426154249
715957368
339830603
90314548
238065551
473807401
536090081
974640623
216118331
47607452
377416231
203249853
509040553
606236906
10185527
853964931
830024427
771855557
493726139
201962365
421748719
583626211
517719525
983086012
322172618
402413812
328280178
618443129
867223970
647603258
597206727
323032532
149954462
862919118
603283450
903554938
981574282
566700662
258417818
245083774
846640195
729835437
164456666
453029113
82987934
596372281
125566279
711589150
449107431
51007521
273851090
954325835
180608054
846422425
480120624
921871891
36960125
355781051
925592663
862635870
764530154
188186835
951294038
317235386
608607254
262621544
111440653
47094789
429368888
960127548
841101599
949930428
560805027
295552738
988760449
7440006
809338148
298582412
348750821
440632267
629799461
523356087
726661175
837356677
652163853
307841567
681171449
706351749
498048585
688581196
876213121
409241411
685779496
421842623
169094927
410726365
783881804
622801153
237901091
844066518
405605478
284734800
816174891
109982889
469328981
96345801
918623738
46976549
522831429
680246531
580473701
541636816
681232934
657692561
738817030
252900698
447485141
274068066
21027348
934995136
693109830
706239916
936920057
558840527
311644740
724326029
320608327
786351430
65174201
590426483
892317349
46057941
807430558
454969087
909535792
598526768
848372134
46850107
906840827
376956362
688374520
304051794
119759506
735110742
779431402
441092322
970317892
642806967
387740826
645195773
534371832
359296437
705961937
90566384
496689512
4044482
486868273
106500659
406874145
600366703
949851691
403045879
712092096
270087545
196761924
941601040
697618399
405065557
63691342
626637792
571977939
678964475
467439455
538673401
413078330
360635606
658381694
57227217
303254910
671792611
523699739
1051237
993557264
881753406
647758678
674816361
105172980
115770580
83368848
932948720
286577572
166336457
658121555
697761637
833671796
608758431
711658676
414149673
180199324
265200852
852475556
501444802
858218215
123048509
622164645
748331545
997886248
706453840
13336396
349716313
199527908
628958426
304173649
78787773
809427688
36993686
354843000
235555813
480907739
277190100
166092168
41256331
370302724
708313323
487342306
530294983
573426889
717853337
405296261
937098139
837559417
438274650
633908145
602123632
27121200
291941675
575467199
174625951
635335776
729906325
46120759
818160753
920351400
891336714
310388585
689818460
625339482
484720776
767831077
493128953
543539650
536097262
687993129
873157311
537455424
845404613
315237216
72966041
276628756
916986754
29992476
535680794
408473007
581553071
685038067
239933751
667658046
826785599
134834650
69103197
300371831
93188281
245523278
499381570
770048861
722593386
528340306
297152195
662815612
627810338
916560680
604695951
878521921
578502325
571587890
581795480
57796988
67088124
397738190
62591190
263948593
694606423
673620460
647795397
671648286
46072489
41730274
921338886
139001839
901665653
807527844
619353529
632593929
453142164
503389997
4478438
665056545
373203346
79954745
241344259
763833861
980188145
122555837
444543755
70880910
892412062
166978248
610452080
839279773
317142324
88605086
237562110
286187740
522295333
866923223
927023812
643593800
366669066
56921978
33690823
698220511
334845351
807162843
304726832
43161336
794714736
383576288
808353329
177315511
457807237
407780739
8827246
129524704
16377853
150648983
250172459
237392712
353966360
399202261
388297579
472857918
290197238
717869008
850857124
120204135
894807664
719702533
226853684
875117572
865317066
5007293
461346887
21666933
486809695
527275073
413411602
780113675
740133494
191940950
593766036
6892268
530084026
423292470
485013086
281547185
628065368
386639066
809161975
637604462
858413675
689279951
538370974
325169816
499068731
867865394
732847687
780252640
689116304
195021549
430374314
281692639
250021141
334235749
306099780
891122320
524085601
260144651
832877048
749229418
919271965
517829510
713151316
507489975
623401258
388089997
154796159
248233183
467196311
219945322
942099628
365628749
684186506
185988961
854451556
891584032
528915737
306355392
582436212
464930346
560038616
150162036
41939755
818820500
482100387
359691175
117390625
988368381
236341061
230225158
356939749
693454757
867401309
994115707
663399074
67549424
75787349
477609331
766122740
877714549
579582609
643343060
368903530
440774940
646605317
894078359
520465460
958934345
330076300
358882315
294593190
145818369
824390124
117531247
901975827
350533452
867404150
452277141
173649934
153039228
766727661
681540382
213889991
249525013
891730441
521308453
572679916
717853337
999338349
484830307
485577868
523514876
46120759
710719985
223649157
415266967
831559605
307953625
523205990
805057646
225143534
637686449
573625116
708507098
399064201
492776804
834376223
483857838
434438168
839025744
502451487
99603841
977062667
826763294
571952306
854686032
272671572
716708685
542135021
808473195
236628009
333392326
785524350
868399882
214118136
100616904
58289802
997473656
206705656
342968126
360542124
536349286
686005663
875683620
472049742
279654568
64454420
308578234
443489619
569371193
296004832
753465411
25472725
520867052
435456230
930858741
645607068
561024352
712302304
222700973
6892271
862589854
229527233
101949003
396886388
288764513
527101445
89345251
19382980
525189111
488761573
314675499
200743684
494078818
196122146
566357465
559465165
648533187
355683508
765900890
238402359
486097596
95362864
971404884
113347385
189683163
77631912
96615876
532371355
800693756
367683535
938257968
463125008
971458285
780477607
614283300
137418982
549047427
343896639
682876213
362281946
909767461
390284400
890955805
670726408
779217089
461835718
460225015
627489749
801702941
195332479
81925283
759331476
752716376
135408988
845557454
617994491
699335179
164291838
199232248
499879599
428383347
607060841
295234201
268426548
268160663
721589159
209309533
741925592
762176552
714229855
275372857
994470487
256354728
826995656
861574014
478219164
419051025
792595185
21232385
585208223
282056023
129466004
271040524
492136944
993073905
151991464
647852079
350376484
334595143
5408817
198591626
153576764
920179694
399830914
339165375
7778793
600039517
715756861
421765862
810357031
836372576
456490100
183533901
662899050
756172914
800594278
845745900
951864172
249003032
538837005
532841991
729331144
999444688
107006946
63799755
326236414
716262257
388182200
472544253
721707535
143341835
553411860
52460571
865590095
945325419
822959689
58838769
126859859
259721541
577043971
369972136
478171526
744925421
347258838
970815988
295935670
488898153
149119429
660890509
626937793
935540084
639030144
948466446
51007521
845699628
161424237
788252859
275657171
963582665
747317247
111622631
112448250
960064428
406019761
925592660
645116215
926723693
419275784
448312515
791022890
499405804
380985700
956361439
389437464
754458476
113333349
230467770
833343447
730569164
886744529
609871101
794573932
71430045
390089469
710213129
606185919
923182175
342042677
856065361
985227768
82832281
240599219
306549902
2283147
747143047
802045900
618865551
907302121
304279496
301803000
947895042
255326180
480902122
941420981
235736668
152452817
954300217
449731584
676107617
738350067
886115911
676119194
451534617
161525858
876805201
843052070
477455323
212502425
713497385
295245221
246798420
555776288
718917338
415543331
507776876
568693425
381991666
61479969
429874798
53437003
749512970
486023664
926991738
513185275
607771522
254781380
325522741
852102453
35931623
443148670
262733766
304261099
395003686
458195740
598816445
637809524
531879980
596404810
254459000
828995698
167500916
313934712
940427425
676973214
875736348
184635201
28414514
719321914
792756737
619362097
530865069
620110523
763628111
664580977
552527755
911003278
521353303
321891386
943991868
184617737
973892927
458507045
581304249
681348711
966615380
5457203
320406119
233904888
147426437
437403753
949001387
140870597
752849858
608095906
413833535
205584556
412237370
86483223
712083178
677004565
350677386
301131054
830907312
70875320
395400940
775004532
200541670
784385286
204198820
313118951
96093047
865590095
582267981
946237589
514576305
829978165
754298589
617233290
383061371
612720716
641171548
237060717
649731819
620855107
713820246
376419391
918850490
323557895
308110899
302040933
994318010
104342363
480176388
468224506
931472904
756592498
127336972
224788857
480337120
630216945
202582687
665912439
830211258
788851179
778829998
306692066
131898291
227625916
86172912
515539971
91975204
849129322
117722808
814361629
918228240
577019894
881087310
295570401
782858162
43086457
869324798
914307529
897370394
734012749
25911773
473047699
394819956
719858389
783216026
678121414
75141719
463590237
752512523
85872006
726110666
188010318
980761602
247176287
238808750
65515464
18849746
96030350
601803364
28095960
835499383
181084272
842606387
648159540
75820175
785527326
684490405
707700473
906920218
840134065
457511309
448311933
323059665
46858215
732755158
528063590
457583431
344808445
114183411
790236793
100109005
729317302
678121728
865511307
87655710
949727155
577043971
559350498
145596092
934190681
457275184
677844221
76569923
318538637
844639498
289768595
877746516
339560111
948243146
425638674
576734097
157396134
886324581
310948080
465352115
709344336
249796137
400178489
994140362
142169286
493754275
323209667
550043802
772602549
635192529
961839345
558890323
868953598
703802399
370939881
525440729
449802059
857376085
429814287
289979299
553350617
83682396
333380432
36478052
339064689
453675215
248409432
388586046
140681575
487532020
851448041
462621585
184195146
341942303
849144610
757431664
815503759
236134344
225896537
817652696
191593830
216168509
809563116
564670283
926632268
395675452
774193985
119419711
691960647
946488787
760142655
88597102
468215488
673620460
252813990
588413709
626259711
199976503
793533138
275615737
324711793
566672856
158607158
108110049
956105072
80108439
557208837
529534459
606827904
518495066
312351982
531950445
857544208
438853059
312606454
720687450
465831062
380298409
374446682
613996773
760298517
961578127
315524227
347491990
486009799
459079879
919857897
82176544
902474223
431939730
50606535
896964048
11250915
461633576
981886864
384421421
279396161
507813986
60834551
235725718
510300471
856313657
308198622
100160690
834469251
12772006
132095539
694101600
468603433
330932415
147349712
334708555
367441782
470806558
679146208
548409861
345735095
718432211
561741447
6264344
734906803
686338979
669259093
752851075
294735912
417714900
803931650
781121363
841668901
372658200
209550577
547895057
627347283
8507887
756355153
264031796
128995955
597185670
442128498
55079876
675875016
378831840
705561957
663829449
684785309
789734364
684356428
303308996
500263182
646885337
597666209
605231456
283314591
338714914
656596980
597925619
555683607
721757011
193203435
739129912
440378719
340157633
96075722
253794250
905493620
367006786
176687539
456543422
698210341
131583606
953895687
982448446
364186083
67117628
23353204
145909088
408871735
606788518
4991645
31011627
982682496
759464201
320454745
547439936
386139263
469680986
544197648
878540051
354009394
692745743
153862325
208818553
945534153
742300381
303585043
815662991
317253353
981524208
350509411
556597795
625855841
662278650
151057118
715828864
891332549
166866359
47125820
724826454
838389885
762869323
34277432
538104611
325081741
933687958
569311845
944421051
472124675
644355562
150239648
96593150
322803535
267194534
189102348
861436193
225896537
876242961
79007680
388368939
974527203
974492735
647720150
105157115
609904430
776581580
611169206
585696812
469228700
371625825
324649249
215085112
124226899
546834140
180507803
488094001
421728509
205083241
275947204
658775894
580802620
340460414
265669236
788056526
752431597
27578021
318950150
322126615
340450312
646550241
253886192
196907788
566986229
511694871
879282402
850420384
318339372
765979885
33946044
391019360
921449766
435230354
857308130
912488162
478041020
82245720
171248139
507539739
279258717
715374849
872486040
721576597
54396816
65107518
369106676
558893116
555594865
121087827
453673822
212801470
956485514
457020716
379402114
725576597
147800071
932795017
57227217
107217095
66828078
418549125
715104839
960740793
621001178
568578245
142511772
27331223
506931199
718883287
300855349
941782912
185299932
880109785
85620678
393544569
380795460
973892927
48068088
778358499
521819629
842923259
371904540
109972662
920878891
257268075
866494616
945772074
231553351
192739461
464936999
139156914
841717758
342410135
777261811
446930223
404364543
182164088
625137923
389560556
693497701
987753161
393861512
775688782
113483768
135498173
668562174
40938796
202050562
868454976
61550562
109052888
386684189
635253989
350333639
207408090
476132620
358902972
524614084
613509096
223798698
949473687
85080714
364800708
192407718
11630947
334760431
217126013
532877118
434622993
395789611
635613219
744658794
783672507
235083655
613642446
909988150
788189790
302612887
899858182
65982356
931018205
290047643
502435816
454671968
396920641
441195029
346418757
623350259
7750100
722017243
573124173
541534872
494905457
557172030
966164579
732084395
797598831
3803702
902751081
865513453
480096969
675464756
176705268
671942148
528035132
508179452
405396896
445635079
734112933
93202673
819770961
172503459
285093700
832277422
846271123
595163750
681805053
852250396
125482473
713190307
929816330
666814609
620092090
966059231
682561695
234441647
192562624
138503691
258765049
868582566
634958633
946801432
679285623
554986842
203070191
913502178
402605570
77326201
142698745
624257979
194428902
405383548
878540051
875064617
606578351
330382333
418754952
430265594
571739177
89122040
981553285
704936363
353795385
105461692
635843262
326592172
949760507
543643276
1526079
962796301
916911427
210587433
755706772
607128719
798903013
955193484
200686750
523632074
489766650
613383036
289180659
352791623
317895909
341380468
227401086
153488757
718892645
888987282
718996223
594757527
415269776
894362705
88932069
535212548
909496092
811371576
573900005
671885438
733639312
618170500
465761206
653437470
862442212
613763981
243127282
560089378
124204717
300061348
760666274
353989788
262999573
276756721
158337986
585393690
839287964
782798230
271863677
132088118
462999256
302411884
615493992
840773611
834487412
174242619
229885365
709254393
177880151
786392443
826197818
28214100
987910368
644455991
167913238
60016488
47607452
501114250
205138938
475564933
730644615
488564264
818867606
857578287
779764785
917229766
446411201
405874634
347062312
437946691
817831992
849884685
659202357
365643932
302427519
422611451
157788791
490317719
413485758
87617307
94567018
158796282
230839582
885056298
90813981
831055143
434978673
998691906
826614665
541573988
823170663
491282235
153992032
378150495
228824860
27771828
660203029
240107909
407182236
996488175
739052466
936555480
212526590
32545933
124877801
428360838
898040261
395989743
989175682
435682347
93233075
145191335
81701388
53319861
219113003
403512434
942739869
434142660
205992189
598255352
846372841
704470009
574482729
639782033
66453276
139849637
193071896
550341864
265812819
616416173
792749492
236274368
913307302
82245720
958995066
173036669
391138234
945815340
451434284
89732020
749296580
192984354
576644333
847089082
230112515
100769342
360298825
979860351
810745558
354586904
922163171
671737567
11175422
947274264
71255887
332355270
267715504
207892578
593601539
145997505
349547878
550127153
699587841
512526113
706374892
46057941
388419609
539977342
91030648
152022607
808437082
6598598
389104031
61293505
66353326
544159438
636227060
3293465
275449443
107527202
912753714
665954978
517298117
993725368
1251154
553694039
55327150
856648043
489934281
128810770
331850691
383919226
674338607
591510223
484365849
953701915
605800796
699035142
819143913
81653626
173649893
574911113
362269897
469298487
95622642
869272809
662605378
516506298
389830784
48753492
183536840
484204882
841681205
706387291
352147888
97212340
267739470
773131050
207690858
553053662
983466426
401380012
297152183
44549776
25212388
261835268
12348777
236683853
268748492
363524255
576208520
732197538
456151620
742212619
223119687
683779756
316871836
190914064
290068034
614326217
23047917
585934946
236092664
404218542
45230493
677770173
521195926
226112810
87906536
403328912
325573773
176457445
734071030
804159925
492627733
528484430
898684283
319342054
110734721
300912323
645019759
832143911
564682098
744529166
778361588
373749816
402833636
241552136
647990901
675497294
513788980
532051264
5181611
445985415
507641552
431033496
296983994
714506210
664706111
348623505
862877356
572285685
684201175
843169459
181638935
698006348
586511367
785945077
814064191
459378503
703026384
361219086
525481802
891475862
570576591
873148141
328072228
94301059
698141341
71311791
128461322
402693624
844007644
994895837
509034323
237407328
496086057
422784145
902630308
74714977
957065463
790069652
220188433
862868000
83232322
55854285
613770580
534819330
200461020
299780503
944737561
892369594
788447315
539359592
117037478
326291953
598583742
84808815
509267465
917713647
845436559
2505426
704087832
960494563
914780289
223727577
739833383
158377856
459176525
493917705
271254548
955201094
596369703
263754822
386483420
18809396
847029595
798070904
275616699
1633753
2912434
454552023
927822939
242439252
62591190
455710924
397557062
28979554
348904060
851211578
380666434
797586339
982618228
19994977
328031777
701559792
568091589
823302628
877746516
162999121
757443135
497374645
34476623
693965183
868345219
91881106
75707135
98250490
844140175
232603297
129063518
675436233
983414417
393514342
672436147
766869835
363209721
15070878
804938686
100266277
607003602
992022219
39327803
898059369
64133759
677076032
781443683
348033541
544672595
706351749
471266172
671306069
355787638
461307116
445105366
432214526
780087371
487831146
72139755
250579416
964958681
677757067
694769616
221366511
494454514
425428563
275398436
818058255
572514352
284292087
799978275
35552521
495359022
7006068
430369622
372888534
801211711
595648370
228793695
463668150
364652206
676211988
761228586
65174201
623038327
936424024
341132013
387553309
838969157
809334938
801685190
974004280
656905252
467196305
29152871
904136739
383885772
979189507
837805917
433759672
974966919
159011295
703733374
397854289
254258759
39815438
699857166
557328039
790221829
399996590
713360243
656441598
777669555
836225861
85231378
402213536
696800932
702489767
484791007
836211828
639997111
379031114
460772739
545925754
655119788
493675197
192550620
223190896
537305564
494358440
679715987
244946162
775795600
56232425
459959064
600090977
701659173
479002223
22234218
180179985
305707558
48311200
642661919
752399108
98058026
274817022
185971540
915538403
871518015
971814246
287558007
485373427
791414720
346053866
944005997
643124878
299846901
32165769
805868240
717726270
389104031
548988879
950112753
61748086
654655611
191380191
337200373
336669056
979638813
573861930
600981152
595275468
762060064
497585961
341578557
668698736
606871266
837377048
530334271
604654736
26120981
252891469
632336511
105038246
888957690
648911817
200655034
183267969
84589474
287892026
586827898
34065434
442395450
912905416
270103316
59288048
486502178
55315830
442925294
357773716
332256858
325826177
516269978
115353902
422348367
320629643
222707335
619661849
593267167
739851105
240043319
39463236
395491165
932616014
653943461
711864828
253496927
514977791
274329954
3496972
332944104
54566929
564644858
838812619
56858680
121601660
983760177
329240809
313629499
638566254
742482978
857983585
594794977
209037645
568166932
526375350
535925813
155217273
781596700
341906512
267438864
732216902
252784209
358863136
170018267
800929878
172723067
573636293
930832142
575355407
111744927
707730396
211794513
528764007
157544189
971415501
117188660
832267839
434608743
458718191
606982452
443752329
629021757
234369915
570450101
403423650
69825563
697300637
354997707
723494286
622235146
180735358
849316229
265648051
624915108
75636596
832022483
808521878
966791588
773491631
505734401
608390875
859845690
407366433
692030733
865986533
432528002
627925356
929512648
480032215
567782994
747044707
630072295
341112475
171764334
3315789
676775635
591766920
224048414
645088086
892897492
42327188
379402114
809793042
521173863
642678607
405325610
601604794
162327918
290142311
681818352
103961531
913148381
275665883
336534381
909226491
807841766
561632846
343937199
289428442
550861283
432537519
191589875
703875027
677007757
422706763
426793233
730912127
220281167
90568757
877533828
921109431
528065877
233719825
223579964
440049321
579631365
43836336
777014429
783455331
808765503
791946967
943719362
146879924
302517885
131861668
281399754
561700274
943622846
466632951
468233595
148653716
66172438
565596130
707778231
50816763
249464249
114910279
297712567
206911110
884500136
105397270
164485196
226483765
449616389
171904379
479917310
641194244
3470419
96642762
544169989
209637893
869060808
272023215
371233781
296164320
599993125
250735889
334863330
106354253
653920753
184256199
223451603
413545342
294042102
101258080
775290290
824924145
976953557
136504744
457822556
152843415
208150857
479292758
973078144
70963060
645968148
750024676
830071480
259024876
665304488
857075571
240759996
890352466
614264873
677912554
505832602
381144373
317451177
268731069
221429297
868340810
29144902
140760440
395220809
638500418
150271891
319283128
715792650
27652432
812348058
580375352
745532972
643696163
305082076
837754364
859247717
586214025
738080970
950105156
35095672
96897722
138067230
390968652
367766608
667516346
707525085
834666673
731925632
523943572
263223001
596787241
918023489
809486551
200720325
365800198
79103633
319283128
576907052
684020600
835896275
493600982
710960074
862875613
352227427
692272069
298167710
823654423
21330505
463918153
799338150
631286302
196625553
279763497
822586708
658571189
776598511
728391869
633249771
74078971
844098292
323481691
323194079
430988405
454181466
624329666
234876503
901715181
192382305
573647311
496498210
14891128
642304063
824455878
831156852
350811803
776852843
983047236
704076539
363485233
430574007
977015148
230874546
209522240
48753492
453282459
849127965
710165111
261904787
990106486
663159130
979855137
585706623
199587453
890905648
669379285
861115576
446066294
237281688
815065152
786820400
750133394
131787186
901520974
13321434
201069034
337911767
930976440
350376484
145442231
939518034
899152550
130252517
375473979
821890852
478561644
553342216
962946157
501765859
107454109
622571238
530368464
143096910
567881139
212615948
299198096
548502438
163010381
373066249
370710922
34771033
186681915
699532070
708203042
391379855
45896535
807045914
330145729
147942063
414391140
180791463
923329724
636481257
430718094
351571374
718151150
215832786
851254401
693173111
960874958
27861917
584463150
622716488
499506436
290142311
567626326
315719504
318978780
832203256
801978409
384572126
932664952
117512532
190547083
654888196
199360224
176661905
748107162
366693144
354912960
219959827
947447237
492148860
258136802
437352375
220740542
688723564
135520263
737569462
311626771
377508857
639956477
128361561
204266695
765343186
698545239
818899693
905724056
900384494
669124302
37092996
518429709
950049119
370751471
621188153
255162572
234223796
566012586
237455770
306608444
19869849
392008650
935025663
622757814
51895819
960258467
492669300
813416132
981574282
114761580
453121992
288255822
859412784
503904719
837137829
519530780
853964931
268537358
84378887
455445306
857878400
98970644
848452036
658906336
577165960
504776895
501469384
262651972
676539648
381145139
680526632
731891843
78838706
148026853
617394611
419077780
299311716
883457005
919670901
432342360
482386235
803057823
828703522
659327642
492797568
467114164
880829258
701407615
407042153
212064039
54975357
466004021
395002638
326375093
605231456
977277880
962432589
684346196
610267319
744302244
450560031
622163105
387943502
468340682
914657715
122012580
325262684
922443468
538266991
468909836
390896944
513339195
999839445
569181985
482897127
666095779
199532875
167131749
386852361
548294536
876742910
336182041
146092853
992046729
914175256
392452931
684840907
933236749
125539661
962355465
661735320
66356261
843241087
150930719
185973289
409884758
394045897
579900106
487594801
957044261
631436229
32678751
148836370
925089634
689849956
70638072
19994986
997749936
464924903
456181166
65736936
119105467
23867971
59127804
357383080
171268405
693200783
415576711
681029561
164021561
805785072
113488074
193643600
61236191
756767948
100876274
319035399
314280184
986209630
91246784
173524975
310160096
862973825
85229692
111139637
162751835
642955891
612447148
647530132
152566795
132567373
834783885
747876336
174162879
410158599
447465307
202807528
772472852
196682318
532526958
25726764
781726287
373669719
963109846
820255100
116372013
155705277
921971794
220139847
61658317
983099345
608701344
238860226
97525243
466710463
892132105
665780231
567207849
711100753
846336673
899451476
241739812
166277625
282001663
478641403
136665856
13499438
697501640
603984347
508447077
641999485
108766680
687728915
146486297
170830959
701285137
409399310
481554924
865743207
947157928
509040553
481608241
879866385
704924035
538209054
410286839
579320189
982775745
730887560
854118486
941632195
760121027
473997377
346351244
231082727
283663262
400045965
924456086
240247982
75913699
609107342
375959273
441926455
786528643
27049933
867182381
914434203
95996163
350238719
776125736
31396528
522141926
733328731
651345204
754914117
195528160
626301082
729622744
62485183
105574365
88884233
822494025
901770522
454981685
366742273
333813859
9596424
272611979
288814839
908131892
773567174
585241471
775167850
565636554
732612051
284259997
726440479
307754052
276009432
453495878
380930333
845569130
970202714
493533832
510114699
11626419
878921083
820225931
720807580
734751399
164781192
275066059
876256231
568719496
712777608
666275808
288727644
74901226
855322524
755705701
361140941
338189279
262070850
314479214
88388488
842296709
868838651
137743054
996725032
8612787
441693509
376971074
761548379
355324442
268001468
512748999
417044167
827923524
175977383
863160547
214852711
723135824
433814802
346026732
914739499
435873117
223009889
696320188
615144937
145451265
398109616
934330544
222309802
356018069
210088959
498095203
290332572
437606035
719225144
763241816
403472313
927312429
873090626
626265002
533416424
122199544
610920093
548438836
555562300
344845216
120574538
916752645
606162350
869597617
254741543
451661968
821898439
892463759
288104261
54861380
122323026
780437265
114472163
368510256
612150314
392713107
463945114
16736914
432624181
150461642
431375707
72829465
542228884
754234556
315800554
889700397
563429899
83184705
991366400
423801652
961087117
172162518
662322186
793630376
485060704
122858043
442704511
514710530
791580073
716604499
718893017
740432230
893628106
304836508
385441348
51682659
722835533
597151584
964771933
458098258
338173027
810039298
344168325
393388018
630182540
351802235
76762578
658370937
270366541
88388488
307443739
340246676
212773391
253855002
627671633
680078719
2449866
880237025
71311658
827327775
315179830
739661076
282916085
674059938
643180158
188379279
702956389
682236611
34215052
922791486
614392133
496624047
528317677
238014172
7492333
497921759
12960281
263373972
31777211
785329252
603222538
950925300
483367580
229332628
152668627
353858337
411120855
275684307
892608302
285631525
902095041
774350532
596493843
139450007
377870761
443433900
878025595
929658457
443222811
646766196
51250182
182435117
456397547
552218073
504997849
264392930
228377973
615862163
145700523
171726559
727353617
657200553
131310773
788497075
675117267
285084547
862553442
168103908
908154002
425330614
294849473
894759469
694268625
116750085
229598610
93882847
532710252
34886570
941298319
140094334
253914875
352064159
162862656
312878740
783897506
604906458
432566040
634873155
556288333
958274431
446913686
709575575
24481606
699994831
417904147
672228058
98318748
645034199
996077119
447061018
872479323
516987963
706687312
685375705
606711332
606992533
458054676
76938138
424734841
986676862
915072920
402945036
100896825
233784926
488564264
876271131
882559012
685807203
480954768
595208567
14689601
511029813
674523062
857532438
81590973
906492519
491635533
83768495
317590635
985468267
258822583
536721365
338417781
498213436
369217718
595757120
986697612
713816573
976841323
512172236
111438574
285396026
211219211
864418182
173660237
309181058
482996549
724771977
375794209
888144437
831455159
156570434
248985996
902605486
95715870
5223860
218020138
161405165
970675365
183600581
322581908
604607063
516915216
128994789
826854311
630216948
6598598
759846850
296311125
675497923
8742356
371553316
656875449
685654426
707353120
626823430
83180354
958380154
394637519
760848474
234073270
290541044
689282459
177363103
72197510
16095610
616301618
365116555
430382116
778383532
283038660
65047351
114765154
909080346
137981705
157217539
490636514
86942347
124226009
417209993
227423836
619629924
983258890
885109224
28449079
579736107
736008572
315081529
693663627
30448246
684975172
879168261
183888176
661306843
366156197
423291309
337426944
825155754
856258238
161979820
427669026
721716214
142374109
431189194
597805833
618715405
553445458
504211167
302744141
508347446
799595161
198530309
933455343
863071097
4243518
828571614
405012815
353305686
931678986
470329238
899592252
734068234
301810884
216525763
833075422
64999297
595753069
445496476
679138643
853024919
87794592
453599118
615549197
303013711
711156081
70664927
891105393
161762982
360724821
347678784
238806671
165289270
423508282
669001079
375789597
843320886
863449607
919319380
915109222
508424775
488402179
217496417
520281150
277940386
288710226
983874489
591252378
304051794
506088450
905760915
704526445
826598493
874939005
597676114
230816789
241362382
564828477
239066985
238030926
251576435
433731839
260717632
577451646
995695046
924664553
898494379
602908419
364206723
697826281
564232457
8182834
154191937
794525479
759382907
495017137
896888439
336237149
824816606
663279680
80055769
777261811
789841422
286467391
442697018
588524819
897783261
416156455
911348258
599265124
658829044
820238915
763247057
143288787
915819779
9819419
643831887
57820401
49396460
377773244
199055752
927125014
995184496
126369487
147635748
327302338
332385207
155465779
490860794
640500740
392198377
290065196
53074735
850703777
290707917
777841773
302090585
246398120
909913448
337512529
3225792
558155880
171250047
488127523
878721537
429652492
795815108
70378640
916465490
432566040
480439441
118821006
837626674
426951448
485989255
162656044
29050629
67818946
817134560
525095130
906180459
144259722
578970939
769190888
856908256
717088939
528148427
543397960
290184947
266710020
351360636
648743778
763397550
515327596
61608391
914499877
647173049
585081635
675306814
533134123
991930728
93492383
938747418
705155103
129466004
964294024
643609142
519869397
693150934
18296296
748007562
510218398
956149564
111440653
161279054
698655367
123190229
703683186
621187128
387175267
383032953
699834926
418564796
122497738
36438901
519020453
138820856
900559668
58942970
976253858
785795360
574673541
68604698
694960294
730982208
992826425
905067823
757313511
645543768
344005531
958380154
690391586
239818310
939852216
455898742
488756652
643386979
800687823
667223347
923029426
924414167
759871912
534602335
789077297
6677679
241672472
273227602
941696353
864251261
443828274
841169527
689741747
10338990
610077460
273227602
875064617
413992149
945225653
480707183
950595828
815745472
420757706
18765641
972008719
925719704
508737009
371829323
49616067
654662057
853311707
28123137
928721970
22515487
872681505
267205005
576186485
165497570
647991705
321249871
648690844
771677088
118760287
742727907
835317878
837600420
599189809
583480459
658327371
945552666
501493113
410757197
556931183
356546222
171803819
11834506
58960572
973395819
725419738
942250042
972687380
750717118
77036530
551910264
457909370
179251172
247728633
148965519
984992914
596049106
616489875
694382590
278175329
966544619
509419032
569605618
195584139
255727110
959175564
877297157
948081265
207370680
107542557
566365233
28162625
693426536
508738802
325522741
590043917
927082238
87577595
894696217
529419354
534389071
947676466
125959290
668343004
712796243
230072743
640427169
640846289
397310403
729274554
500663966
62388905
106857769
525103254
313309374
299630254
169646311
768720890
168684487
867808383
423702498
384010465
759203949
416224924
790337441
835426537
573516673
752365904
403073246
23117828
775185577
309664184
287243698
234380918
671130332
135406566
555684941
799579106
521300395
813920448
472851485
256256174
327561720
596371919
472278295
151109201
236257815
157551229
205246772
835391399
199474622
176226150
903756963
274885672
926632268
185437616
357549620
14573408
78287467
134054183
409190831
445982825
693776600
455504004
276483575
571604972
65929905
527344531
920224487
878574743
465063619
72887476
796368236
832428623
260342796
155469664
586870459
237247277
209282399
621726794
770263189
189029850
38854422
328703385
12636656
189023973
942316159
367337446
42718217
847783680
349686296
432541476
875736348
134003306
680881327
665088901
195333645
302733871
284721515
352199346
799458205
399113741
145618999
147346556
966727641
262225746
625609443
320381499
801531775
972599974
946457342
315269739
287204445
967883717
835772197
616345942
787582043
112785966
229598610
153098573
679114612
597488586
219081875
177998566
540795456
384795430
770702011
281433569
365487250
71311791
580941406
737298853
693568054
751220056
753951393
102699910
39469899
212753449
323000346
542148997
341744310
432313420
106889156
63911859
100350267
71820119
613369500
610177959
882865035
889183625
240223571
847123731
323794437
408580889
501978521
311449205
975562788
143235409
827273422
669616788
624520185
119916358
859851236
118167907
665904375
285714562
886746567
739963346
84521548
964964805
424774382
317261538
214095578
784649659
939389577
415600744
685914631
516870995
681571480
318166987
642591449
719476931
237318652
382957042
277361551
908532640
687393109
423601170
610061459
925473151
843308160
610018527
565066837
659632394
34724461
770073006
293306081
403027611
541399615
326377103
380999230
610634310
352613384
459575351
687138439
727484513
983869180
279763506
234796889
39819922
601912772
586162446
426033644
619264345
480367696
40355312
809090782
688014813
422189700
399548172
241239401
164029872
599119991
766916234
297157639
447564685
326790140
524808003
152963317
810751654
378530718
449441059
388143018
597344219
766347894
658013038
135485900
498550692
507213617
620551379
808274203
825453101
553636090
821400258
467027761
988384505
821898439
162059264
295173706
901724743
206159680
734918274
501978521
298525878
495418169
210568920
145931051
438861955
135485900
520699513
618298551
445075593
926296919
543729269
296306940
395860679
298097748
684356428
708710350
398289664
144693713
565563644
184873023
244440295
6989432
525504326
446381790
6418931
932874438
585208223
390918328
979131874
496111425
585706623
551581538
50634236
626177983
769459386
777930459
888115924
824918112
474442182
852569436
54697873
800166826
768541453
149666963
298992675
646138162
638373145
507296162
620499408
159450539
800917160
523126233
221092893
916321011
890687086
638885007
247588900
823127214
513577675
354773610
115521151
244809767
328624144
752258875
337996229
623155058
924107117
864189089
19345746
41064547
233514744
924023427
904445013
306884482
785378932
381869962
114796410
462621585
794645716
275947204
294425421
509142676
684798558
897567453
146251292
243811563
343559639
836176255
696578422
215633590
948655122
227113635
923464334
580664190
545601218
377155979
843875172
899506361
813589191
240812726
751359650
826201689
687736952
699035142
763496240
271465997
978180689
182743626
510184830
628045899
630353474
157544195
107544820
914090121
667505125
400827844
907244008
269760726
232657435
264181077
304952216
517117531
69110153
80051433
341142462
257364548
898008299
156407573
599226917
31032390
913917344
644021457
855572621
256905864
120764695
151844106
890509696
97997908
609071877
334785161
977771112
821421800
996203729
800671090
283420809
806663328
180608054
859166571
676258060
858704329
884333713
588256135
384337188
51803658
759645440
411280222
336244516
521962747
759935383
133038301
327329391
242658010
149084939
63053471
364303833
344361783
670820758
289985784
828141727
14591367
897667884
725532301
666148473
28472416
292873780
741393533
613920796
506212793
975467580
775610876
425264948
139488714
630934921
631160187
892705370
974715278
250292400
792909118
141975747
564518144
106584261
317002002
631172315
277830814
569732367
663579311
86483223
924469231
409523821
414687672
22591522
533684715
262999599
578051042
474181196
865762526
773895431
128360116
939259679
342264143
82194385
904326518
515236709
579925682
481290217
65613857
601996723
539260744
882262990
391558086
558558652
426005811
875476226
652932770
365549977
782518819
735380046
776897577
476796634
70198042
847214415
185355462
706072370
795321572
34738362
676117370
386584446
98271254
745302817
977759085
198759274
807267719
821188854
241959456
222776022
515327596
918222909
238641115
60494127
319515460
657046253
555912074
295324759
49049183
576877070
340865196
189479765
805371302
367034118
807049454
146818505
155609281
747191429
159150184
420501652
495895217
728117434
31764550
393631835
798962779
308035161
842379085
157106613
518986711
880815388
280966533
656527319
33681490
840445376
532655259
688229377
131416927
143935753
117822455
155754597
932755623
523126555
308099668
924463366
19992120
961141619
872775563
560224351
783258788
34734241
739781992
211370063
363071529
97528502
774502504
114477532
617816559
532199623
523736160
789217844
219632400
777383010
905308377
783522302
358166429
970102514
796800739
650274407
919167360
117060453
818085026
271849539
167766591
959873679
819978208
157076131
273668527
106558748
202070843
48493288
21162617
700577576
294606710
593596484
72183149
585032165
504242994
786117167
393088101
974968975
545694835
603250663
287918155
163658696
417641195
14802577
608721395
572793805
175830442
787254199
676096210
31634048
867469376
649925444
210317105
671999950
612659178
881694508
731795088
144963068
705584559
876156891
548762591
158212439
446370884
501994037
626657941
714294345
531858943
898562643
418310668
822141237
746674629
4169235
650490302
128262227
599503002
225872590
694535511
315305728
732339067
899525415
8700310
127719978
572114290
286644206
266147499
454227275
882018293
960892130
695842994
607404731
989507222
280693752
612403116
618112782
922723905
742784677
618663044
741202442
471414646
88788048
50154104
839967935
497743009
281894908
938656069
134415759
314166282
2028952
689189923
9577205
686021954
95688809
14538481
937331949
439981370
502092366
504788572
442437557
71369926
485786992
764805143
144952324
431113939
532314527
181701801
11175422
933917956
433046138
829285564
238447500
404637272
434968514
639386564
532196007
706851121
626800047
221598433
802647275
384130423
834097368
852788680
674116954
818282725
141285705
306901498
611652069
850038584
325963016
255457024
943494871
340979200
305112174
448868113
880600724
204912499
812018220
521088307
877545963
584463147
76707205
411323767
829568729
690899505
842914671
719176863
415905856
614932041
473713717
767846077
874769922
111801431
779085003
550054472
135779222
510117235
399501118
681067965
866277613
788490212
515464893
570742273
230634818
211436492
623360527
893710725
204638560
114042692
285915799
451434284
742784670
212387192
120538191
975923452
67688061
211868614
283663262
949369145
724286978
144696824
742473429
831092066
811607769
980078677
100230511
599236741
929380108
585156429
178286351
841473722
899728737
809432745
850829556
973657161
515586002
151540248
879268008
859393471
434100314
26892548
337397248
782032943
27246867
524206220
100405228
707462764
7614177
491470385
174365609
76683765
248577890
314429388
505027689
239846725
423248772
684840907
979187423
187558430
67931591
177651993
722871644
685605523
98513211
43161336
540664969
440477954
320953398
579566483
13643660
542436795
638081641
373821242
615641989
258914756
759786974
397322859
381632573
223190896
968966969
935564485
165194450
586479485
22428962
591868092
378750485
308757987
190345687
380069244
263587366
699601149
848083469
213077141
608845693
467162428
358284120
304799388
329346247
800160676
574098498
395511446
792082357
482437203
466418308
707039308
254651913
647424706
244084851
22555040
642069511
832574506
964550469
982547551
47864465
844482686
284003876
271541762
346458237
221613861
873605368
968592624
349154296
896793836
380143718
617994494
800546113
591252375
158650231
55241196
108056118
658468841
804195407
283314591
968531447
543689051
299592783
476796634
237585767
436038929
652035407
20637072
899060100
426680991
764116449
257582403
864102436
584502448
434732620
711728866
155365048
836940451
188010321
977461694
554434613
985753009
788082835
500049347
856332449
862240019
800227373
516443437
114272354
686105146
12113117
779445131
525158728
547333796
685511601
340023615
487022865
995117504
281057635
358540917
25013496
165119424
563830602
585627401
973477868
919169808
489020999
827616415
758872296
649607878
430818412
594661088
349733852
298951016
442277774
430416580
189587072
817035101
550250972
999754529
815114612
401647332
10846675
735233961
132635355
452960297
990094042
702122062
355480038
130457338
696004653
436175977
799007132
401575119
624582577
387565037
284034065
924185221
931360226
745286000
553380988
929815
194940518
322611015
166890601
710736471
381304855
526420765
649093894
896715392
133661213
520531001
380728125
12391255
155336731
449663405
898188849
548722392
725137851
827689698
463216210
964778968
5464483
794910718
31563291
823325173
168079574
202315607
292469498
509756194
570401928
144256852
705859065
8949359
826676557
880806139
849140599
363856658
673503283
657161222
107165274
611728328
789120059
785150196
570290048
274793896
17413994
864494290
440707417
293698320
734138167
499722345
954871871
687138162
875134062
749638456
890271153
541376510
812749946
28803953
840669093
978379856
832444963
215410241
646323308
101165883
497783088
642076676
741881761
307692092
109156939
310522015
451538694
102116259
693510526
929862288
434870217
5577973
666265791
285710447
69730618
304047954
485433049
336840255
939252045
934451747
560290509
744763862
569146547
10757941
383374105
594005130
395707361
314381970
132652155
852750409
620053924
336682524
557419757
773423022
924764571
686663691
622517104
819071704
41592355
972081845
163524020
596030579
786799658
740826894
716650523
992926607
873283144
677397537
741885311
739960310
216523070
737336689
405387513
413513888
809144965
706611929
226511969
291856803
461346887
790077708
298575793
514137126
665138092
375573201
938135535
688461851
612009626
577854296
275581336
781424662
240995773
260944209
93776145
296066612
667702464
569268594
720438928
654378963
53444579
422974493
376728820
792310118
689635177
95929321
958402631
906133527
140911964
136862255
48083077
78007869
82981488
838255648
256849255
658983892
584151020
645969962
97736901
241525275
536192264
750226908
87290920
324124207
217097220
263880989
16123903
22021114
213448335
986338461
357606556
573415360
235040392
497160335
523547364
859151873
232603288
506078937
236630858
818569417
217925341
44690170
278425623
773795916
947912824
534727319
702761082
8256304
762198422
76922811
218027078
92649967
889345406
788711642
96287681
753123745
869364239
468033163
487187252
543945117
846640195
686926742
413125427
754013053
81328023
720217479
896764450
691416500
915976405
194438143
411031637
407772175
698806260
383576295
180516465
881268493
653398506
197631250
21894681
676280262
14644461
122474010
358254834
900808607
123461833
290897741
377786273
870470088
355030603
685590226
524939376
543789363
98840157
794327687
738785746
736570005
51682659
57693631
739268741
978027633
711609242
754136111
783710920
134816853
170148607
332588988
534970824
90458270
250723294
858013042
458569649
330074002
364787984
938833120
480574367
50154104
681530209
890296905
227494987
950580363
296837075
794525479
930630228
871611574
959914744
142699300
778413692
305704414
802359300
577095938
212770158
858324857
910747894
343806126
808697275
536038078
665536940
18293470
785143011
942548433
38129613
799061041
466485661
388865352
675171961
811193182
879319146
548120508
446558889
136620695
667870796
596681076
806623785
841699822
633719189
539172569
132174974
670881366
643917766
864744121
944986326
74121109
485512839
874666309
518349028
258447599
71547401
381688414
480033259
991026204
537060524
846672790
485216490
811367690
407597569
613104014
948028084
20739017
263929944
812361588
491243894
399647779
885239360
566888861
515693325
358194151
609141345
753258739
672165553
354343994
229168006
144099537
350113870
325581872
474383518
671326248
165165025
97317791
670378925
446381854
984193766
663726059
842347497
816022164
11369013
611283077
671811169
263452015
36544178
673858369
423742148
482323077
347428865
914315146
382903497
113744337
453704893
911180269
863492453
692027276
413198746
402964202
578455671
89922522
987981232
139679412
149636678
476825345
710319141
980962929
29653968
129512439
322215741
34041477
563439362
531523306
392607761
722547465
85937451
915578602
592994450
574655838
566890269
506622970
528806765
996492860
864185336
817740574
201698948
532005315
718304068
768306529
512820270
647061015
352012762
932456169
490381829
724982676
212623943
126897126
508964918
310827198
42589821
375881891
973477871
622986600
409517558
699308602
685406524
732409417
334473508
637764181
109852892
443245960
11753593
733444063
446411204
395939476
398973376
726001388
632281470
314225218
815644705
418276972
471049815
26374869
128656238
709339227
541580631
601165483
406447470
774799739
748406720
114071783
345019479
102211178
86043919
181449125
620264908
546021046
22265514
652443089
439266967
733557885
672889123
280495603
605208470
742248935
729035493
266134908
900045910
844817558
529280069
311664695
247825081
813204474
198443195
188891703
800076831
596154973
643379204
243331134
951261122
616925023
743465894
926927475
485883221
110855354
937098139
227041104
164484571
133383581
191478522
388221292
296018350
126863735
593109132
581304249
313316914
257753439
761574613
470389685
573731467
807752817
430487385
223979259
275400882
777190952
352826135
349018912
144227234
437389427
921461599
322054984
13328082
178752803
929079157
577668329
148411735
751349279
719280065
581795480
526590471
283233317
993046663
70399566
804720105
465464704
457428325
964980454
556735755
803246315
240014989
569015461
337029970
886007894
983642824
444750415
581108028
193546910
485336461
68037618
108136071
944134094
825508131
448015852
582094316
126899023
323775204
958833322
662913058
676096207
882740194
661232710
546955915
925723990
468374518
935962766
543381327
409351820
465834854
747169986
682794095
748137597
109350114
947622940
408567281
71679215
169117448
260597964
867540583
614940604
319553137
631193022
295659748
656905252
128655622
472864121
779566338
359211753
726641199
513259650
701522909
731261210
5876897
205953589
185303989
193057201
337540272
47242387
897814432
406240755
481829625
344353022
648576061
911741299
763868552
339702550
165109426
619627665
733001980
69409358
733086218
370265638
10575984
121329006
360634688
602696386
951989726
982909324
48980318
812379457
852697430
553428854
323084523
390126956
113730259
556767265
881716478
553606746
530294983
367972530
577235329
286064182
996734689
212914826
87555080
413843111
798324313
785791336
594568456
23724893
220728067
63516999
422937580
257115110
307791200
911100158
492065101
946535549
493219224
652808165
803613671
46167697
170577220
907638326
400862367
552721991
668450642
496673052
54249366
625454360
332695379
845690112
801748220
107365091
412585298
389383972
651489895
474888212
437768183
427795525
800693756
154931386
606045314
96906857
300874130
412567356
110155522
990682400
467457544
358346812
521733686
934086053
446566679
81724674
582031445
675419754
90568757
388041062
439049412
153045482
16001346
668051816
489830319
420729178
328220800
900705479
336187638
59350596
683620722
943496508
235606408
937654400
60167587
53891920
363600699
234409993
356534475
650894489
951540735
964113703
184036278
860259722
555115904
622045171
664857307
949309118
151627456
718884061
378084068
884698652
296550825
723981217
826311386
313337868
495077355
727030117
425428563
605348095
328160245
761809527
636192049
701776473
922847354
977775069
760919065
136759294
630551836
516279581
56495549
216393477
458389687
155081529
282612078
827569436
901468982
32553760
834679497
564311627
835280642
649414042
221432562
168206062
603286299
947126507
135907099
628467286
594320184
975587520
297203768
512335164
795333233
895389495
204534835
665321686
770949616
293358199
96374127
423718376
541901343
736723987
249217101
728113654
973343527
19420283
629210361
704750592
571276737
164213875
718032371
130311762
909449816
697842719
107353719
324968207
523622820
561035247
813679651
586625941
109750132
101032464
4031361
798256456
191478519
273108980
929320670
308056828
976872176
681273376
725749390
868340810
27419615
244934229
100062267
439382562
932336598
678518737
950802698
982649034
849059098
56667129
230362999
115490204
705515788
112367047
665798117
116196570
974040602
801826482
270691117
552868398
452547253
715444021
953114482
340943795
290643949
162083861
108239340
642741811
212204429
389730400
36826132
10819395
627361076
884628240
241894983
992081849
10490484
90093180
36847460
815363701
547895071
850406233
70510903
924563952
380622817
447351677
530279484
938162653
8505591
971384089
596188090
854597832
143481997
824758724
985192156
286536205
986469273
658776347
436851673
757846632
635644341
814944038
630929486
161104680
818843194
557336218
210334521
725027460
9420751
158040480
62517432
458317112
274553285
460345977
903070133
916016756
950315415
5526312
467269306
548166739
908999967
983510711
696630491
815684046
464660052
622229105
754016751
831359338
12070735
518398905
183779670
119744214
768160857
200167991
193805280
163039491
145447009
658704426
375012339
164160917
421775840
179214408
329571549
498312506
803765104
481411687
473682153
458008379
782801223
805582770
372547116
398225882
964294021
582908939
249559735
935328648
176189414
957575986
371355569
735627763
217703891
408850297
200810822
614918711
444107067
188186835
967042137
413513888
138991970
900729620
285900891
566037288
874608979
516542014
219493560
325605343
845111019
666106367
840359449
342326435
703282592
919099066
182454761
496479
406227235
621254345
514150007
661437217
533011596
776349690
960186426
665666860
417192241
831904903
857140258
625080509
485565520
434419323
239560686
480096969
34853476
741519850
195716844
413075310
726925933
911283191
831295355
671059458
346462542
791543117
699061791
860158410
192945395
166922019
53462748
442921067
554036764
651210720
540546827
947946282
180317804
565308529
322443920
618170500
850792279
442007017
207634889
567032877
905888546
406960225
122455226
475966326
645969799
631738571
952104845
211871075
950394482
676002451
40663657
150846904
49029014
623492878
88113342
589808132
58323390
977937334
670797287
827387799
65598606
102099411
61226366
995408013
340979209
474121574
955474106
890230702
17684277
419925977
263558321
281866264
667827112
42821661
397108337
782801220
891727635
466711420
345350280
78595811
270973219
940047103
994061374
920202181
268256482
58794040
605099858
935456375
968276746
797905277
417840795
596116801
388595477
971947000
932381831
543806849
349018905
760586901
882402493
977047909
235114459
166637071
769433782
463939967
511368710
453180718
832950184
236095594
145253788
441492522
2444151
289943423
884230631
148777236
661287358
451269266
688020381
912445387
914879465
520331798
998244057
726076362
517566459
527422393
600944334
810579646
482326549
625175214
535289645
633075794
941571854
801327682
627390884
693776627
24602036
708953184
991541199
177767582
427763627
227894312
315209770
536705465
324166577
52091876
534425901
882989912
254998289
754965359
459957914
432493303
205836942
915331576
396556985
639890245
139651517
285200965
40010994
240905064
150010020
34481238
491957956
230143118
791951832
83046085
255710620
616695634
200974636
640154084
687897074
918193826
452219333
927136025
495395874
674502569
220553548
60178354
585911246
989101184
38292608
620647613
614492525
848089976
434528704
962909068
319550474
418697268
584684168
517077139
432915337
609028956
363209071
531297677
724921040
469420840
881260884
909040912
635101467
675471701
698278462
83081044
585598964
419906979
850479317
430939184
26056447
83368836
810974715
259563627
791673397
511132127
13417056
803850448
227155517
860673376
202470372
460374420
489600091
941421042
3455524
549593418
215633590
889458942
31101381
767218641
676113683
280133924
457094020
853788275
256857222
535651082
283763106
805584760
231972558
589872063
72948575
953764891
253610605
34724464
412790891
114139929
397162378
937954383
165061131
660588570
289777245
905487327
423961547
148093615
516825351
794995865
328960421
202726063
671700144
708903010
502699738
337029970
811329795
155582807
211967891
661524355
654603215
282798066
25852984
876005713
838309147
670234726
571900582
87869924
610669083
108548611
562957721
740135779
315909271
148584766
456755905
202761878
104840739
644893807
128784628
942974432
935086853
782014355
431033496
656363773
492596079
684778234
705440711
92665907
93073473
695823792
744691347
12926493
743814650
744925424
204052387
5937639
92070829
622508409
856312354
675888280
837246052
469839887
974930508
950105156
528807710
604695951
247872102
898188849
159689663
752957332
948764117
970408471
245424466
413556767
800159123
447416161
84382997
395278564
170953257
40118145
681402348
189879586
426098489
560652781
563439362
100478776
736844357
604342752
299372484
553127595
146490828
761548917
932194487
389384366
17514906
25108123
361079006
652165515
55556994
978141981
921338886
18884647
218379644
274604786
163738562
249425337
258212118
535978625
10660899
88049760
344351284
452284816
473210714
553624939
947855014
526648919
396025977
820320287
729528840
766132218
151540248
647546708
917621579
337913136
950352709
106107342
217746591
545327999
134639196
254922344
395975917
626490837
965624618
192298233
980527594
892867091
429323916
274060255
647785264
262611234
686926733
404963518
214854719
519843546
421293583
576621971
729627349
17675521
831149261
212211620
511526610
867349285
472420964
73066988
598138027
212464949
288780110
299592567
893196191
304888344
950350135
690081021
998749142
641022130
157225940
934219489
94417050
812589806
154220686
958652867
672611329
241472352
116427185
673030836
676002451
585032159
499961019
241931448
88968616
801827350
438787361
282611182
750611590
893736328
429304002
310939621
322148735
967793365
88989899
59192034
197749495
569907467
988834230
991707178
828062643
623100033
147973699
894715973
370001622
153412683
355382073
939287341
279675250
640103357
81724674
241706662
514747152
650427644
656814722
32667317
161126117
283980477
87760515
823127217
493990617
739024294
701672586
687736952
201830073
623702833
145517378
615194326
102709387
859738435
285640655
945608738
145776080
115281964
859274102
654775645
645737201
538108561
534730602
980665032
947348078
971156889
432382995
85701520
11551689
149954462
517206271
377665024
406602238
936172320
198985717
20224134
88145494
836274345
7458476
950394510
888274564
189023973
963911439
927249595
418399196
908953618
792304114
484898318
805211341
672158851
935598227
140680465
515862777
242114142
21330505
559981916
676568891
150434943
808590609
896184845
496789321
713049214
272175770
254954621
161974783
538464982
506025261
370764414
312599205
704723381
640621701
632979317
701513784
458051559
8256304
139783149
33909474
904001818
111662569
580595643
102539241
237444107
539815515
742042611
821583790
148581119
199998296
71315904
45687294
222430648
137812070
482297347
257508924
109903390
486822929
804765179
83385898
885151978
117263999
673706407
657641353
712239741
856398655
725080097
907738028
152852208
676365572
268096133
695067194
673679633
274067335
463985674
721576017
522104263
277025625
290675452
819228131
286812559
407784100
159576648
682789840
566387579
935849713
906156847
168343152
377985052
942668580
870913652
194304778
283813164
327457931
646942390
691871347
154380672
65613857
167091775
466711420
750417494
631344506
148939988
140404764
429769038
953887708
51988989
237356547
905888546
824802935
320339944
256064388
889133356
838098899
231111969
246277910
430512747
231000436
584130005
685361072
274501403
65170644
212226250
834800899
571497327
302231178
369767231
366698622
379509739
39978562
896213520
632709695
708522053
845673543
921620513
792305442
48451839
303717157
744527646
158652983
822743522
725137623
363485233
832340813
100487319
545107932
935070305
316792746
123247929
533706931
695817866
970394225
666102029
87353816
621859579
51127051
158702162
390744139
428862406
592436481
18410223
382063574
132289087
943079243
12256059
531927087
69504620
773814436
934374540
641435508
827711011
688456204
482197471
917423424
407468799
140932808
315672254
909398430
281665042
220546162
66024491
557618933
643435762
889309449
447403833
336514831
260597964
64626970
828952082
37520849
953070972
699867611
52698636
555754337
22251633
766062577
637201922
27023900
620092090
115134242
437169804
900989411
654017550
171577401
256281466
290837292
175744187
658893019
725473452
427169197
98053854
288438536
904265751
808347127
309183996
38908748
664332123
454718248
548442525
270786995
699035142
299509054
348201600
699802886
395047279
381366968
791950398
475561597
267751774
753465411
474123709
155474041
695111809
641101890
590494903
658543892
416509122
240053594
925718341
841034387
670419149
820643410
325883244
462900817
812946809
642815732
571900582
671062130
184519301
893044600
817882970
380869796
419643753
69989277
758906999
617220793
50871330
31011621
160192109
517785193
800547813
136613802
815496349
785172449
746468076
103460392
947746319
484512058
419083914
209071273
281036433
295659745
619048822
807268514
406005109
806694132
639890245
775549257
825567597
955876492
128128088
451614113
150191893
359162427
647662349
304598
267714450
714748601
936709465
230225979
659969753
69618672
396928747
421016725
859274102
540025602
6037400
880643534
230618818
864023743
12301019
319765717
571508671
892915870
776263847
772944434
67162340
706566079
233559671
37184215
765049425
264735509
126938068
980831547
630929513
614378453
387563370
124013566
485597661
532877118
727910892
251915426
924773188
461087860
70831530
655410104
214126320
651988465
43107783
175623753
933298491
723283309
485450350
744690087
477552172
560227418
939266158
524368644
784726008
982938296
995816893
541312285
212652937
140248641
271327859
893702475
832746867
963574780
848412896
98888791
74293593
428689116
498820288
190184627
431846258
745287041
50133882
463366471
388691506
360625845
697912703
747535425
962357940
745948058
610769747
424568169
76647225
374383058
895121372
55372712
23798226
950039872
515346509
950959369
516082854
855583151
547535182
596779788
477593783
258248627
387981004
670419149
331570111
392398049
573901668
712735992
725720955
112034567
597950660
204685479
504764733
509335962
106899858
541467807
260352063
623816086
355361441
977771112
158040480
127672883
148633055
732082606
795222551
94696435
368777294
204672517
497816279
937613179
66286884
138197497
280067405
241959456
420978421
356043634
697288738
679759452
698919528
101025282
642288196
721229835
698116954
673975498
596947022
969645355
714799830
245726744
737142024
872219434
445057003
19115558
62033349
911654348
775886282
387771786
283282985
13683514
290324446
546203048
941363074
812638128
329451930
96929635
696503688
585857938
841740785
404929478
770169358
113736142
713729256
507658915
575802340
794729021
53370067
818033003
33557141
926578772
777557604
999612121
477127718
93203004
678070953
847988292
586923780
914237006
586589480
19769314
490734716
953193226
220835942
658691478
87034908
1833550
912830637
406534910
62414097
700487544
204758455
808115267
313343380
639716426
693510526
172308247
694451626
436816522
718802987
99310348
700063727
108204734
17765969
245320466
458718191
827614601
237733863
463193992
756669567
14645265
476100800
681533771
995651901
248517608
453662960
162086269
309219020
592622099
867488244
504168888
609340854
140956421
753106366
832741796
795317204
195936890
380358499
519639211
738272664
662324594
391952915
501486131
67688061
115520812
525105933
288927149
964257207
593825878
842195279
62478406
373719217
267502963
358905459
805741857
343329958
546035384
551802486
381550202
162063742
142308918
427216581
447961432
764998908
231499629
466921385
679886217
913283704
514864584
627112077
264954870
434530405
680408213
367868326
160474406
662312966
949972512
854441212
1555821
274013727
787167862
241962665
134703475
582552821
727489644
808981978
844010160
669299758
315405473
553481651
610920093
982193045
308091539
723904068
870246489
145126419
943786105
976368086
760906753
173453649
795665115
884511928
609476910
789200563
290989740
953587481
262740902
189797137
310262964
303108806
637807838
701854753
717678971
45509628
727066052
763725074
595940339
650602035
80994147
837358308
234253724
271805775
438853059
180598159
392638454
884206216
411050046
565213389
814668161
371327704
912575670
20931765
48914967
920649552
677473115
65228670
755143289
76858727
286751523
631503519
132330231
289565699
780197568
825447896
369060210
890757570
921705989
776183425
756000440
877882952
706018797
108990607
280365049
167978540
351857209
80609694
321804572
51251403
952511192
7148284
647475192
913334592
368568953
485648675
896901098
177504185
359230703
628575510
387805439
306586801
696822197
912475238
842526432
443288233
347966239
588901594
177512712
303165228
822335057
707053951
174975715
832340816
652575582
352613384
394923022
953558410
304163636
412788506
601050115
240464892
379703265
93935404
869868103
315262408
77464382
133444189
779431402
618134138
449886167
986416593
916200626
482070833
340574923
253135819
861576983
707053951
473913258
623896861
518905675
866773765
982418267
642361952
946897394
110683258
5394807
346360491
691456608
23507184
128613708
415913930
550095327
250306018
571565157
747499636
806876112
841732371
45725362
310609539
427161185
120887363
147475107
228197829
404599888
868340810
176660545
928088051
42292931
893929794
169940069
555936035
619293032
826362590
380801127
920311768
476011523
689188820
718351432
453029113
512868938
858718072
704435837
566298065
46223519
279818953
317986558
159004243
9233690
763129102
378079281
217797753
239273204
456151620
888298834
823841225
431840690
981100516
498057256
74576286
53572229
954180113
744658794
702317626
864139661
300166786
466037713
652286323
542591569
909614035
533104501
222552684
121905470
808767525
372070473
563547313
251074676
377038036
859874052
899150525
494726198
744915129
16439997
945462531
379519271
84806943
408764274
822338180
185870788
223304206
316598517
274348734
715982108
833364887
376162517
247678699
664406573
649588550
151185895
5411414
694149419
236986810
106166315
244443063
814543016
747281119
705661853
348750824
205453238
43375168
235268901
690139043
667366326
686518949
501567177
522783105
211577811
935946504
476557242
777204297
857512673
125258962
869898649
826723185
749534457
164403575
690094036
892278469
581836756
653730584
349111086
765004049
120030620
30089178
823463691
197946894
241171542
506227122
475084809
298013698
692988295
779262715
164036115
440101734
814103496
339728755
344082583
205910084
931945113
578795341
131877412
318637477
257327146
424850775
613241852
856049220
937954383
905758125
781121363
683042524
511995389
906932300
514001436
810853162
418186289
488683252
722812620
741482964
142076381
632979304
229097871
120946192
155625208
805093167
307532460
76482436
791866610
512706743
181661379
715769744
356910063
630089323
157112610
500949948
10318537
703517828
328111791
963541556
528018333
739583342
769190888
256228883
296704670
821400255
764074183
375275349
268652783
707860598
728930036
940749243
600513636
382787261
762377524
19005565
725076825
170799311
914806862
832662080
682542770
835855336
790569959
93779216
457511493
590538554
383143112
229010772
688123634
228331163
763710429
736798454
382265078
493362193
897221895
228269288
574818152
634804728
761696248
794419473
92613520
23724899
92458397
452799787
786237323
86569445
267438864
859937954
929838012
388778803
197439762
958422376
566317647
31762656
345684475
95999572
17139512
900729620
231972558
980972168
299546664
197546096
52606013
392790980
298592836
232415672
925373885
8826918
622700349
764729497
320038087
15671458
55144121
596841446
112144641
528558962
535631133
229671338
445570104
98456170
48914967
342344273
800295292
761791843
734178940
103480654
420132940
9116227
571871807
585655295
289913480
759467518
13382831
18129726
535773670
242402876
921536901
638904776
296554567
3738730
908577928
372301426
913148381
577877268
192547822
604425122
419948385
453756676
832668648
564180750
297320066
52240241
586713056
463474390
42200325
789562249
919194912
282493990
596904633
182025446
820835168
970455782
867999063
21672071
774244745
718982539
143955712
333633492
337996229
184712036
532710252
53583591
677498823
932375679
193320781
469898267
261651112
656548812
608130192
754407627
50080346
278940282
68250042
445872007
969081296
965281331
278458601
967142088
114863078
529882207
996301234
578933256
965716320
71248053
974601071
158913407
292955624
41314722
389715702
92141487
710934621
817408500
822984994
516929321
872328572
893317390
367764806
878475228
920936782
64197081
646916907
712309970
283109725
561373443
190206830
386455279
191396201
120163684
92614462
516609495
308908282
948768851
913221615
55545848
470885188
200106105
105172980
81442093
391377935
982365479
716578061
47498549
330042910
525552457
547698384
391729895
654112920
629860740
146647603
221108993
750738595
744902113
775394897
704315836
770656112
241648977
178137817
240329147
485227892
806163040
845603050
970364101
783732558
113711919
676263773
319008968
241070191
732741745
883695004
190700022
863753103
164312073
720397078
843838338
391412933
733846188
724738689
346456153
913201523
679132424
465813953
796626972
491820022
582422030
338440965
257582403
358586751
172805370
696198994
184428771
356922254
521300395
812588546
151959955
826372978
837735820
111211742
617571715
194387888
200686750
132004255
599877215
863924653
633267317
112649668
24737846
454214085
929600129
448927392
86691288
584915917
94024863
133097000
99385098
521964054
271156584
244554110
535251362
563170953
98663305
343325662
859008256
143341835
327432590
142698745
924563952
881174590
138902510
95079197
151504441
324811336
147963770
42144530
17648715
795288799
86556761
901875041
237275209
961128966
463685421
772894148
380704582
289382679
331312975
824538112
626567879
944099657
296164320
258493886
654192570
224455018
750873350
968147233
696406409
793464760
255329790
306176610
810739182
615161136
642379773
105154836
730673413
24289946
896426313
346691157
708524904
750621735
645383813
190234585
739312612
361113862
348069508
388956839
541370214
514061538
499279127
46601503
786314004
797415833
999047066
692763126
548615842
531213217
811029670
298362127
247112275
563198742
104595924
353692802
902868280
283203194
846818679
710520285
458959791
465952125
814445203
930113048
188832513
66500236
408244528
119957894
391366200
509407421
134377818
96043089
796177116
192543228
271705834
26045939
657794089
848912645
602232134
450668302
336887574
306008891
737796702
117520197
991777940
320006292
208079359
676280262
226864816
372314950
672658690
75868614
910927945
916896943
247902136
998956099
215594598
925056415
442858580
396317899
974187716
799745203
22212343
827084784
616475526
41380256
717088939
650529457
176485636
217700218
615137823
675119329
232086700
692312324
597929827
674625448
764116449
797546773
199915458
204920701
360578778
824123
904930212
511339133
384918441
580331863
220510474
965229852
811350737
845436559
195519847
504074131
251492840
67803120
893790991
405897461
576744348
457087629
247255652
905029453
547301508
383591006
86391480
544257462
410160402
265741309
629799461
893026609
638360528
95445117
897222740
1974853
304111017
119425785
376320220
919836031
692848472
895027687
750185438
590621776
215691610
744459173
547204498
278093834
814574870
598033965
878202390
972682973
308676910
788320360
127280282
541839312
230304993
529722264
44394025
688753515
195501095
454077002
375097965
481708089
218132963
985590634
187142841
901491829
694350032
136568415
747143047
938683182
280511271
439625707
210839123
940143217
675225200
153300901
673012481
631310523
774665098
872465954
340761949
294735912
236278741
787732990
336244516
694105249
921044825
647020796
436550110
793327721
915987848
171390300
772576847
215222997
161093335
782289329
498550692
621557734
833741041
806514770
467162437
471820266
760544123
921097609
775813632
364800714
730769963
150121051
86242840
602710293
876497021
568104265
95959119
544387578
228716716
900042807
43820540
360709679
838227447
209938693
454994076
679270431
338305756
321671531
457403432
471316727
199064960
145523407
723729651
219975603
697838662
151769189
438345074
140736532
466958988
77190337
640472214
507322200
555393990
776740795
596037944
814703354
710130507
49828785
289403546
162972805
266640956
646720724
727352491
144919653
142523992
373627177
128910118
854530647
646609439
919808180
684815356
487929257
244567721
481900756
86902339
221268681
971914080
56686853
747340870
308788176
278817670
617621614
136964054
396039313
328072228
991707178
132110501
290590488
173233739
71084644
58885424
768162549
122994383
402454988
428339968
520131714
77829129
871432468
351840739
862534819
843450291
525628579
101949003
346671920
821161675
156493712
89988769
818899693
308229300
723834036
243090973
521740769
146999918
935598224
230467770
218178073
229885365
888870253
431069608
958605415
348109651
600743660
771864604
68680198
916682413
428368894
264907948
437831481
250383039
991195993
814436104
541839312
173622636
356369625
980991379
428558195
444729472
289896074
438420806
414699403
153383962
319168293
1879069
439393453
565857170
614637003
520543603
395821485
112279189
812183178
565347254
267991850
862732585
967193906
126129533
900712863
730479651
626144590
50310190
528874890
951535036
881717991
669665126
604283437
687609337
28668536
944904168
341143317
174094884
275973621
741728131
370396576
379519268
798680301
666192573
240802890
345659003
743792918
128569304
409824996
110412713
701695750
48068088
401765612
256652527
936804106
500539825
98061074
687717168
996171865
151300698
198709989
48307939
409853460
702561722
892705505
892463771
737961432
84679650
999095144
896832209
966667133
957123610
860558178
838815492
499366048
257375866
753606778
914703342
915091661
155309763
724446037
281674379
604204770
501070307
122323026
812525352
71134903
373884776
677913040
22608903
85229695
123461833
775485482
527927112
657720169
828952082
819312603
103633484
309951929
723782312
481744938
5071475
532560175
735846548
962856302
851461746
999478019
455239645
157896261
289569344
566653681
10373019
605050843
492642259
324794276
961298660
203346192
865359379
110255238
744244111
962455646
21232385
612146835
877491759
597434494
836398487
74049846
640366484
478561806
744842933
488203760
957400479
467870287
876969275
170465452
403715692
449406533
915951463
926051196
655909243
246081357
894953444
859856821
494454514
251217909
466958979
480050719
815551689
996023334
967053851
878047204
716342419
594230375
757131807
70607719
537146766
614096739
314235410
188123593
354451506
431436857
439195627
231094028
446867547
987430712
356834241
962889248
939368601
25866154
402748712
186914631
680506910
125361648
963076584
908500915
72857223
106770547
57238767
853889085
653802760
604059816
931088929
77094574
145799251
400233813
827387799
951047490
78838706
59599403
611961755
667975175
721963193
736804176
47415368
120732379
542538993
133359812
937230690
71786902
742444579
677230984
715491113
205184593
379923426
696800932
635837765
665613109
202283705
896884361
204397211
872065447
333678724
133383581
264242216
911551205
332453382
344168325
400096304
397741021
59872108
648661713
598049573
573900002
511892302
338711034
658522753
700447295
186942386
644126262
204340971
2012134
100473485
377371139
985337652
325460903
329858696
123158085
36877222
118074394
734412237
929595921
113948609
40602828
801063533
515978295
410700130
16568757
866529182
434750068
144938512
384743011
867835792
201069034
430666832
990519970
657954553
341278047
463590237
666952010
11765812
718653946
470857756
112251877
305985028
537611841
856259726
622391419
268685088
397913569
849308352
466684028
250521483
270877673
773127539
647490232
314600889
968640158
166885409
556814380
970947327
335995100
946155285
190071860
95098601
414607051
889032234
845035668
299574844
193203435
680473018
21984654
353223704
90471756
494518657
910739218
312221672
472481841
808244907
415043274
420779710
690465136
166104127
98450999
35601109
124287240
468456352
868747101
334640674
531346712
768566032
477312630
755669536
88584327
907463000
176886504
703570390
488336773
848145426
65893594
580712088
998038490
454847602
680624373
530355801
621492162
225051651
253993792
831873771
100170545
470733186
638818932
539459719
225763156
115923130
547653039
926494041
818934476
600596415
817113641
186176544
874545658
32692840
439101196
711353351
417324751
38295398
733426054
527975251
219307761
653492633
244934229
694004625
445653923
301733068
889420585
949940883
131721473
962985310
417048685
449454829
825746690
225826541
239567098
337867560
508794831
635090531
129884244
584823125
124777936
905596771
948614231
66286881
598370561
51201443
872643487
438420809
90430941
456755944
736449771
1773712
841945361
216162400
412898755
302549930
806710921
953044830
6129695
790411302
611703808
93499096
438221444
20630408
322215748
392445594
570645662
17022910
604157125
957801910
491871380
111713549
710183672
732597546
481595431
976067785
968441326
96948106
948952555
181009842
22218185
375295378
945386155
550592316
512151287
963345139
263921129
174363794
143074694
602523010
177075512
227718743
316098467
112945765
707122754
918698117
873162731
555936035
568578242
733846185
823995420
181297515
187971779
240046738
792082357
303958500
520744554
265249893
521576251
502103390
494669737
497596840
679306227
248032544
82559713
185562880
913780290
78347185
171270575
930846566
139028423
547150499
93053907
551854772
935416683
167931422
687219589
194865456
183568173
793471180
299887282
87448230
901528881
159670302
993581770
286508856
577051575
685441710
743567492
563279661
613236611
871183815
543469022
624671045
276625380
723376515
939567840
99603841
576220023
672489030
286779641
525878065
993679961
914889674
936574040
120865012
751687434
486193208
257032749
227356278
696294070
570198280
468615346
797206504
224701988
490309234
769304267
299579453
796666736
814553960
41684425
21945024
445299053
988010435
902235920
857499834
657339847
861484274
183699530
208338989
721309262
49438879
308371295
65197978
655526146
135521751
604675513
623556107
37574021
537060524
813104974
84325972
629292551
344246393
350471875
260041284
180317345
686663691
472715016
791088147
337827354
206503081
456047449
723872857
786142812
893474309
971923735
557568317
3489460
353632145
342389118
99158429
4054984
273108980
509476763
498752003
824831478
732537192
274043487
821267390
710964276
204959214
539436939
511026966
260668132
43717351
223445292
560213612
655992398
901468982
602360228
1989032
697922446
878441103
29787116
881623498
195262651
421152745
888274564
118494490
162944780
164970716
53069566
115610799
266923019
890925123
677748556
302168103
5221524
274348734
81025392
958055442
842626655
382295171
803564329
983168563
543159674
442192740
141175196
704614603
183131534
545270545
136333925
303806662
69321293
186436649
436164287
504109990
365094386
758892566
580940616
1042627
879046259
608873265
451072461
673229088
379821580
437487774
441370098
827270002
893350330
208690654
938311182
142081603
409004054
731959046
626558564
78860017
883551930
465087487
910354766
890160400
848675132
2968847
28383111
436631747
195711207
807543235
401470922
707910907
958160475
727218732
493695364
840488869
968933267
581375887
155609281
846368288
993128958
834800883
623770619
572723474
652801474
445008496
673561490
237453332
714634851
885639719
858449981
441906689
486067801
515469016
277707143
839341692
68973596
279993372
832783069
888268249
173353720
969846124
44469967
320307626
268885646
87127968
896399501
573124173
583443813
49763078
613584337
4853028
471334291
18272859
822714001
196490610
919322067
944986326
526278842
370504564
992079269
232089416
20690129
146245618
323023891
945755581
154500677
165351422
101467009
247965288
291487898
298274747
87575665
226127158
677562706
342756339
690766548
51251906
63666870
74080000
145802651
422845057
909922817
282609808
583883362
14542401
791323136
448086190
509889141
877705490
123270954
950236518
300593223
528846785
596717267
594574610
714693254
199481494
884391503
84589474
735568604
785789464
190934982
842899924
435034068
448735187
845833231
502788956
792457928
293426937
416217216
761849839
986215697
804249909
646638426
474107350
655364823
771590686
224947397
320247463
536873694
5945373
570324695
970823246
75995733
490723510
783516408
332756446
49438879
69491883
717285211
529554277
162086269
372263824
799883365
544455550
444409794
917214723
349130208
125063078
534378770
492526144
297309724
386730635
710188240
180289172
592838996
843658303
963976305
614071331
215927514
778386455
129149649
165318162
779421665
325589693
313476353
822564319
709081207
232432169
869821060
764339889
514609716
534680863
989372068
479426714
780906082
850640219
509046711
224131803
980680481
459296866
646263703
581249553
34642738
601535065
195501102
318282378
324650392
657311830
643840785
915324876
800970537
448927392
157250969
800608266
324924251
935982852
455309824
360856393
123361982
398773350
174065028
1139114
536290954
148897269
327041562
922275102
784507700
4853817
228637593
51051011
625993191
447961434
941010420
14761139
17369182
488298345
803613652
502004489
651748791
886469103
310609479
228196791
731267937
396214800
141259606
386823606
998566513
87448233
401289309
996010760
404543642
791908093
268048632
46054681
200654158
263424539
914434203
266349417
527759519
252638587
47226826
23794833
404958311
201101464
484378124
936340722
206027540
230550223
929320670
541087546
690376545
119816959
903411878
467772784
210848679
383751390
255717532
547167218
379472081
251145350
485780453
203811797
618504844
486856772
663330551
847224915
600438640
303145500
911564464
454134837
6610881
217390811
369111657
585317866
131035426
738005731
611858483
368784856
248289224
983352687
98157878
299311713
238023777
607187833
712069491
249082928
763822797
983869180
38936866
206829231
409522202
880518300
969013278
316654797
332394757
374276385
725289371
184793991
36257457
124904186
452483898
526489578
568472759
98914951
199999639
553694039
773258676
177175532
256291808
108975972
719129445
649489371
82601742
780643066
22866840
671172106
216523070
134582571
680977788
8296686
769802030
231833725
798025710
389191767
767846077
550338756
449722416
813345460
688133063
480093214
76803863
231656215
853729820
15590421
770491812
590339602
501244098
389912610
919049419
808463292
378831840
975328509
825744917
15985684
346854102
838992290
446276387
904139210
656548812
812038753
545291160
39188064
205174142
22931433
327331641
481936524
895482802
925127111
789486046
689026976
611641647
440222499
428147106
367453188
206082311
637978180
122406039
736631439
176961150
440847255
458989079
846059733
588214804
768739143
350811803
368955147
516693571
218269761
653000392
280521452
213362496
521359078
476954016
919455598
913742674
224529366
575868015
643180158
270818409
511109062
371553319
364828245
374380057
2540624
317211621
840274997
11104809
979685591
893160421
608095918
780968403
133875888
940895334
778169228
793465034
535714992
806854937
10444345
367942713
781639800
469328981
861273702
830675598
46433601
98914951
807936826
570680284
651858548
822868570
539079683
34865310
815051876
658571189
526271812
925711556
697066047
857458469
284242647
681391736
45343646
212447852
583789082
530014122
880270706
523670534
944763031
252253319
276792583
958857996
133156790
924095820
489917025
529253535
894696217
7879860
199352109
981431861
928946273
534736104
123865210
885981853
17793724
247179221
601976043
688627227
331580390
234170098
830797582
766133456
965766008
469488325
535220875
324874904
100666301
403600420
693649636
201202002
430784476
893196191
886907189
136620695
751687422
678019523
414699403
253483512
698658508
663638157
185858038
527667292
503807061
495294036
778452854
886505610
280493680
823078692
993456858
659432868
423592846
406302476
297934835
150609524
975859772
73122810
84171580
82659082
330018139
976368086
26249695
288174281
40986648
571109513
415671524
856250614
421091643
506135968
636386990
436253763
954715832
787346074
224657980
782795331
302109083
747769595
614637003
33590527
559441274
683584470
405282498
285847824
265407670
546587967
185132820
139885378
405529314
33398269
680880868
777260805
328267013
930435042
626657941
792103562
274852069
924718012
103167651
977425973
766062577
755252992
269559489
542258137
307585031
136623097
799618340
894476259
141376028
821061015
286951217
812241278
181173247
439981370
603725055
508535444
462674735
652108582
942568724
157026584
667963415
392095930
602278467
348289212
558979169
925627170
654487383
103352829
276325776
21121491
811329798
848496175
326514456
706778353
727225529
406130971
5090527
759022533
633555112
449544884
432797444
217035419
891323812
472805630
456244082
257877967
353903938
519896053
722002065
481935849
189632967
953930712
668137357
748088247
728836065
335663125
223345898
849364982
765354818
975478273
222081625
177151244
922837977
24718408
134925716
949696138
830317681
424849970
784986910
663932971
346863759
746680271
727693460
299546673
306617754
307580569
106259533
379978522
568311518
696815887
405602263
759854208
763868552
870609789
803736268
377092439
714514675
126503137
782414208
140690510
235747615
909812108
345659003
281441792
900178648
953877899
516975932
506480110
873282901
508216514
36098756
652080352
212773391
560952971
322795867
114115406
581772276
547539568
877741783
356515764
740236578
522909980
876975666
830132548
602871681
861086893
322290790
829053507
336285387
977694726
450576025
757846632
264554829
336327761
281913322
278898808
759495320
772841266
262440846
271830987
643840785
256612296
948529198
743404817
855043515
174331402
117634045
637138923
143951678
60800831
690294404
608403852
475249233
338305756
988926644
22288492
224795150
461611633
295734885
116122297
231801698
523486822
254482460
331699538
679997433
3801497
527759543
825897969
557760545
836048472
511694553
881848570
795647365
235657573
806073387
21443848
576334283
787348565
380729509
588757035
599014070
703464954
558688777
613025928
745222732
603694154
215184812
311526621
721717728
819121148
263898980
675931340
661074337
161279054
831389170
558641824
90380046
18966661
168268628
467512633
827435369
611560213
364339600
113038057
404009341
711370361
37207223
580177073
451026431
159975587
234282174
859746570
559484989
497119788
360107588
41088587
796849828
127867940
762015456
522503263
421293583
435343443
349536227
344566780
276289491
610319768
832137549
563923505
736177981
453599029
69194429
960307975
395788601
236321376
201797731
780763386
80811884
538992094
484083007
817753813
105461692
492356412
922266875
989765773
704790714
525931888
75705183
196888845
939156447
985178580
90290582
121928425
326151627
801292332
820255103
644686305
808446419
939287341
258283271
784016331
730505905
847523514
794760104
710352910
118341810
636316880
473327195
7992843
919840765
33673826
338012267
716319709
357333579
927026631
349537391
282737744
12772006
538171512
767968788
814672094
267625679
201346813
659581380
324707022
977442199
356658056
838691544
32665766
819516352
30775282
466823723
500574873
592214355
447893418
53314978
596173274
212199602
132446290
853512194
345468979
288207805
119366276
298592836
156134752
438874176
388452420
789397640
70160144
469689871
489913332
542891103
347759173
826556956
863427192
947152724
398561721
767788455
96613104
53475092
252637695
488336773
475862427
36495423
847052594
406602238
660577968
509776991
4878769
648754841
921620513
291325866
242779182
717905778
816676377
767349312
976205551
218457499
824643231
408871735
59963080
76496232
397743900
607187830
97034305
574482729
97767005
880256104
589235274
941811824
397333029
145819658
916483792
726394408
62531540
187575681
569628862
738205472
155754591
519634319
897072193
898803239
909681093
170991519
64374799
384032894
934910266
978204105
400177499
925239628
782515156
590917374
702063674
695234112
971759283
978933735
232330027
549444365
925649242
760353118
492173619
630655197
731884098
930459793
372330107
710456602
918949833
921606821
37396868
406109882
722040026
751585082
656553519
161093335
218020138
88652331
387707704
527739054
323373526
198869096
860614887
547768478
268630026
382492790
603293809
289418296
152095586
161486282
931386839
872699525
661582946
935730634
321203685
318497658
284415504
74088678
978006236
879700276
87711590
816954042
250315988
648967387
616974813
789710935
754624454
866712786
745903735
419058564
512826860
334059328
109092631
366843759
834970847
982669501
499017600
399493748
973657161
400523451
898282242
45235879
487173664
899567800
859226078
801404989
654952291
66995586
621203141
709499017
408574097
169864546
791624830
570143615
88949734
650778557
361452388
641472044
211065680
796738917
416339755
770073006
597821030
420677155
383631468
336599801
363002137
265070561
300112086
201206907
299273354
4206857
699766821
667723458
478641403
848000153
465838274
340549378
995378996
209282399
470345980
801603570
659688464
570119555
471178329
312549698
327786587
824744655
387466039
897841107
721047267
478386552
234380915
46849851
60542656
158670340
5081391
124800591
787844925
562797119
105008036
752490762
17138717
570890201
681619268
1284411
361020120
720102065
321804572
70466405
144736690
890635797
502080334
96616044
724089616
827367873
479497534
537711612
792904384
242759797
794125249
857194205
384988339
21934771
493955185
203240831
827136122
861115579
80153204
890364455
744080596
790516888
754272300
926035995
51378292
327331641
637265787
837492119
149059811
183986266
297638251
603393313
327786587
445507577
499815912
885223223
19371839
592827916
789180133
671282712
845150302
305479732
472712683
635348037
285183338
903965837
22568459
534526014
543955293
608059135
815464726
587994425
304738456
417577911
738804635
823880489
458636948
698489997
219453824
243130056
537464402
898793139
170532074
939662814
527607013
238894148
146498809
332944104
687453584
891800675
271845957
635766001
24128199
20178002
828904424
946066025
345580611
498990086
885772559
756886131
243002886
95729223
575724061
15146609
970494214
282249456
428169331
128271820
148831158
576706311
534586513
864359730
978472475
588330242
329479684
863310912
6610881
202320222
899278298
33031669
806007043
860853737
304723554
335189984
516458708
66167276
776279152
218123214
286406625
256552536
775795600
664501849
147539531
902079932
918175495
267365302
320518631
11420714
232014026
454110544
472355989
75141719
468738261
563007656
442689744
499128919
950819711
501965260
789383921
677883095
672480935
831237143
504146036
753397104
910674421
872065447
851961800
606312950
848117140
50992022
414800130
734032514
912753719
209328357
147477727
393543013
66172438
52519124
930667665
438518678
672480935
492961636
377416231
513966241
425727875
92458397
281046720
173522035
470714494
815463525
85021388
619681595
830779175
870619753
166905172
532722467
868042604
543473161
573156268
766495435
128389069
357002617
440587296
433597410
74673107
549360126
366378284
594978759
865795745
894705092
32671413
957553430
924294105
293795215
289921921
737917271
423994147
437738114
462625344
286390927
900161252
58038557
405369592
883573799
910067066
69153529
484715423
795342160
184079236
934088407
680862072
985633518
301771379
230972160
298420724
473069607
842347497
290777153
873556957
962570102
714945175
278036511
572651546
892540825
888220624
18436547
253538201
617865936
808768218
210980160
594568456
828836565
328160245
810357269
171597236
4830757
106127106
549726751
500008460
2665701
252899942
631636749
450700944
350779897
234297329
363247148
942839044
208455260
425303020
530735200
232465174
293695850
880578510
140142106
731267937
573516673
95962809
94395743
251749661
278140624
356910124
130936378
231541158
114305603
145799248
788252050
601961181
459979662
241790722
16006336
623647550
163705057
223105935
644893807
848087136
752748005
856320210
623351068
406723554
621379868
980972171
691766872
209377477
427199401
606055382
845673543
227384624
997057823
336554664
802716618
341497454
834013930
306659483
443558236
826949066
502439354
965003723
944591782
443396942
177377414
918426565
512156446
653384164
670829969
454868012
659229397
43124340
7990505
984895247
146710577
870111622
124813849
790373435
365191339
390422212
95053561
495338710
506780736
992626654
650653510
840141464
185978202
389226428
381324505
582366178
762827503
656274315
976399015
834045687
592259620
870700323
380369522
500985382
512115768
113661370
393869049
474565860
409968332
476660827
907564008
266585849
918779678
122497738
220510426
131941825
670047610
459378503
845180402
37426213
331499975
400089732
659419983
274813047
88114382
2192125
469373710
482454322
634365899
270817974
412723949
212424986
47857936
102815577
711658676
813007110
265569256
989594723
944421198
247902130
513444119
35415766
485702446
779729369
756592498
616925023
109251678
532121949
796744287
423994147
387055644
174746663
599373838
459492219
253854999
748311852
594445821
929950909
522234953
887379695
176794288
340685885
516070124
805766199
733581188
213077141
426284719
991386111
587091109
404200451
410242547
366693144
826909047
609438793
457908783
183697577
593503812
454545570
266488469
318339393
132746104
85840820
837356677
123991619
174242626
759718223
867488253
623758991
836786933
826858834
480480908
744689329
894165747
192995133
936638834
260245670
693233953
39084672
455898742
724561727
5813064
630168114
876751608
626259720
384969953
469128985
371220567
342277988
975773370
420242852
544347341
300219321
97511787
853714254
556251636
476323707
429870165
504466134
621362817
69744358
34907340
193450820
916711244
798741858
609754006
244883326
716411824
397248907
963230999
634203497
470813038
683533003
11000130
428891287
335080965
913100814
567239074
1156341
674583341
827308895
247179221
774548168
17241031
933223239
691065557
433462407
684778234
208757129
161680483
286385022
809729242
829759781
237217234
230986434
18809402
796779141
254420637
78067377
924764571
547451042
137442678
288594367
335636994
852739720
818708953
877183469
256146095
395093343
59412342
939851820
244870423
821915913
948326453
384951612
415044173
200779857
25298704
454520895
836153610
159450539
579456673
168190867
704287018
340909177
777637860
515133473
699448301
674839552
923407993
671494107
525600691
612718501
121056339
268998375
764208592
208585828
687360299
574724983
779353798
185000812
824233665
757124740
708141104
751376801
767211885
635172671
869465843
447470742
250359624
320453677
173191782
251240772
351710736
377570761
338588032
146312251
966025020
144222256
54396816
298582207
542043308
215389684
410567127
784348748
35369131
20568793
833004438
840578577
338838520
720461306
960768420
2637364
662554558
311493486
502765540
673150589
134711183
822194570
908224711
504695994
437952608
641585171
2550022
624145420
191177444
357608162
245561048
556317051
209612388
501086478
732133492
329244881
3322412
259062441
954559237
883788802
885322940
726609592
833166747
755036372
582094305
760856002
735664311
516553957
229291468
881311557
135903399
769488819
860878475
521359078
568310317
818085010
393543013
646384746
361535130
167103968
230490552
431436035
54598247
726415989
788353084
101368425
475756767
560506936
869317954
153401864
287367615
367980697
563578121
252365878
987400325
538242204
775568408
707503257
119862715
676335499
583433149
402439682
367337446
954757737
965387491
377783959
471411729
118604073
323510399
412593986
360655798
746321099
90045285
662919708
317359507
547698384
100979383
506961123
513590432
203811803
96642762
303253176
652022933
282609159
842392624
769994234
841063222
944904174
961305889
257688770
215034754
765329739
43439679
314732354
485070987
550111140
126608647
92018140
397380053
281220631
821154135
986836313
958004485
319300488
831337891
127888989
794603511
347588720
17408271
950160360
687736959
266064100
881759443
107519154
392049036
680312892
725409548
529669571
928052026
245494361
624421078
757844156
927197634
548172870
372329398
656103326
685444485
292815077
145359905
979330829
804361048
808517549
978379856
70280097
228545623
311626771
421706708
7992843
271156584
436816522
570458989
81309186
984062927
534829848
399529052
529298364
876975666
952798091
796871083
96203860
490028549
409376815
504602181
240957482
232285718
493545308
921606821
676211988
461187175
364851364
21807122
187182251
738097575
35633768
299127677
68359496
921232361
270160320
903427438
412283871
584180762
433597410
102623387
898621967
101583486
310602892
951088159
527728800
526616976
959633228
275161386
234073270
730928928
339260191
152339205
37769292
338328200
509382790
883368340
704501488
633354914
336401453
459169012
924390115
635199846
834393893
290937603
516244555
710399030
471718819
852194328
989405511
6264344
976997445
305038731
741043567
932011841
632751003
504781344
179332252
910112935
380084189
944486395
526144415
900485238
394869113
65174201
184229130
446380232
838812619
317991352
708297421
976436009
949001387
78865723
671724021
165194450
451139997
811100069
305595209
487348448
17630400
568916690
635898289
424455003
67688070
685335217
236822352
954301491
159394945
703053072
763219930
630059924
785178936
245375386
215594598
774126617
884251362
730577222
186097374
201613964
33142254
939978848
690175654
195123662
754493996
275449443
940464181
418075288
424125752
386153361
8830418
436549814
885769894
928049946
26882913
817017544
704973780
879267344
497210370
616441434
938250009
427273485
809163374
808141040
871250133
152428411
927209008
918438001
212324307
683426741
858532964
666507631
403658080
943916401
110311246
230618064
733001980
401470938
535546072
746313836
537619024
362979959
302081330
655214990
926844052
274222261
394878144
372585562
420932810
867375669
474736465
812038762
313343380
514191525
328232530
768024457
967591231
168116037
823706819
846748820
418697268
147933855
263095954
146300147
883774814
124938388
596027394
972839659
378388662
904001818
746313836
149822788
448993162
470710846
648930192
676879836
701931600
764403352
546941393
213905699
801531775
672790275
459509808
938874222
440220988
180510061
738760313
743040686
264873604
439641202
996342619
317960908
814381492
464112745
573274377
383410687
30797707
480786377
451026431
910577037
25494825
209357832
219007585
764339744
534488693
535930623
423230431
503161010
890394724
117126863
423922001
980877580
166422609
809221534
970177667
5245243
795927099
940504758
782111513
831855887
262649364
805471128
22285646
501244095
917926456
185926597
356428473
316031283
943119298
284398529
325789911
177353225
630952289
269691111
698032988
710925031
776376289
547467234
301012248
807284736
886158559
650952352
420874983
108315283
475566892
425923340
265848902
966269892
589376371
348991216
676051413
38878542
730265390
546766514
89883779
713767560
687652720
35481531
833563900
224462041
238404372
462810176
655703081
152354752
392304270
451233027
970862860
54910009
600573796
897590721
757124740
633554370
297820003
69410429
574724983
870632205
189194332
348124614
841324907
507271170
92467933
573219627
92018140
270543774
981473048
954709479
66453276
907002667
923608465
428919150
273652887
337261532
928789113
252084445
513319987
373751714
643643117
301093509
30454762
959088268
249971755
258299600
360569815
996313639
420612097
635031483
797517323
114799306
732043014
973032982
43517455
356803739
596861440
538975530
775047633
615891643
933451666
492181778
712676955
109150729
655592721
42629848
507237325
912575670
773820830
313227840
398205621
393866496
991334720
629855615
64956287
737444170
760468260
414974629
387583926
113491942
444098984
26321757
713691537
696113307
640588284
900234542
744677282
513423681
639987286
761167052
467162428
525229949
324059039
923502110
639806892
661536843
791130167
888091682
954827473
595320789
211334670
371520344
218793194
426864911
235510079
412889684
411844131
805219228
454868012
310746082
112906045
5464483
268580265
742870362
42256564
360705343
215228333
459564061
288593537
752547552
13930306
219172538
823131821
975116441
777842440
805505515
948981693
424186068
327996200
204482439
959428128
333710850
291890694
852556883
130497852
235131643
666807930
709333589
496495964
425025484
909864580
979006523
988047182
435410914
613852522
937333124
527328849
942330009
734684531
29353650
646681441
671271444
237318652
654349474
843423563
649953674
556419400
636606965
385524959
338991337
576880811
352395358
406240755
411793081
744711738
765167105
18103237
149983523
838863144
43121421
981473048
871113565
710884621
74090820
537143008
457049852
614749202
649797936
708347154
608517290
595245720
68759450
861040761
231834076
810273460
255598029
542112429
999260735
653976782
723311928
408060177
691627456
381857010
243194376
490405952
338517792
150461642
635689726
382787258
483760384
935231713
212696287
466858924
811593834
843413941
492136944
645169273
353490754
136339058
68618273
25926650
988903930
133971702
490966516
342037956
277211518
419175370
70182694
750012109
512673394
240503711
135746545
137554762
61759575
902870898
25056720
171036941
21140869
72672195
549766909
30877930
451838049
417534056
150899080
443985469
905725584
988358045
338328203
413293646
359269332
195991179
339913348
901336602
970054496
485896405
856232477
744876176
529216343
417984428
374948445
629709189
805378073
148088449
595774443
19444987
985178580
777298962
255834259
336244516
860275011
959352870
796870458
136621159
696339679
139781059
562760118
689969435
80144286
882440764
119089923
172547439
638595783
329999325
978522100
161637945
672761765
968843236
102716216
670789248
905960085
932747798
42339826
385524959
437384962
548168231
675706362
116673630
867277598
744489415
557715113
846860168
955968541
767293226
346718689
386941773
624941282
520296924
236964903
519297409
768146929
149137371
5214886
171729427
72956070
557284571
939964041
441940435
483375218
308913081
345703494
557568317
783204322
973422381
160618475
938833120
158934908
989924701
571119964
466504900
801819603
90185860
678439648
182326104
438723399
348289212
925374788
458721775
518458687
214624703
630745795
425043484
214471442
329844233
588218637
573713191
661239168
708078197
99822427
189528060
980543528
596118890
511694871
830713954
840928705
914235388
39702160
694229954
68531632
598028344
937056549
766826392
740419211
657006141
514026997
755634943
536960940
198152495
976979805
659761004
194116250
109912126
394094896
27161544
617541797
850886331
277643683
40460412
643419942
191930678
858694241
967466850
565379355
403952066
769937441
657316347
777876387
424197097
327545295
488336773
372846124
146417816
904265751
112139881
902964802
462616171
95329812
865920507
71463282
805881976
652852569
222580641
305879782
115745420
726720880
696238305
138766251
131657635
958909327
681762097
581506210
267227551
20819970
66373053
883334527
337634369
324803940
86538774
743840266
953220222
477632548
832385220
567070690
654017550
113586667
386841058
490760800
653517195
926750314
596552553
764839274
726706135
472316443
981615469
553494934
401806827
755555603
535655865
207153140
944654694
880861338
423930690
302668606
525229952
371673192
749047571
981161858
950176589
278906747
48921151
74590600
35080073
348383959
163370185
349959586
150047051
400147647
156341440
661243403
227377490
496111034
668894102
486042832
842899930
44302186
201829041
926499415
21121488
280098167
506985299
807148563
990709426
117619440
963047270
500453002
435691645
271602617
861084223
227908810
666402446
785248468
20301415
448347700
206209947
787379003
244827672
720912099
255111798
391573191
163022316
447394781
637346095
870966770
733604037
92254657
105532841
183926455
940110204
247417174
672253475
433356394
106786934
283233317
457625705
621746773
667672727
798982318
858975743
870091096
955930527
588269715
984029040
508906238
40887202
150342250
529536040
484929884
835747023
507658915
611058752
766208498
529095061
650193202
149571304
800377057
824332111
354752134
29748078
710869885
925831135
259259888
900151392
640472214
121598525
505566796
536034212
749288503
373821242
39981351
358905459
535623996
52826226
716190978
973788368
42005127
866396755
954140053
242619049
338891979
247650522
382679671
524636382
609201582
688673895
9363269
191895850
553385243
590900554
499430740
749834889
503266947
714412446
13020543
191546348
343364362
669584578
588657725
326400029
747085446
662409334
34918434
83771113
961361922
907198234
444905506
129149801
921065340
575217441
231743964
615776645
401700185
964436805
487594801
797434817
653565364
685537782
790983394
802303501
304598
721070230
873470104
219717864
638496295
626176513
16369619
467781726
336742497
123462795
516542017
23844922
772995251
460609357
631974269
511703246
846196626
335714311
970925991
436352355
986209630
726138540
393678712
792749492
596173274
34738362
166144736
631712239
866208634
890538592
227436294
781624085
832598603
1793459
760781013
192718221
929512648
916096379
674945331
797788416
311111445
890625856
140616181
50834677
71459163
973796642
669026662
745214930
86538774
285736354
504139996
948442150
930561208
730525079
820423172
75459824
88983962
920125382
430416580
431276722
971405757
806290926
556597795
456388442
266197521
692030733
374677367
640478827
600330763
813245388
999823766
126162851
859363836
788817372
792526413
820051648
281361238
628260596
773426466
65318641
641538751
837151498
445872007
774919400
356388805
623371420
96782641
381145142
822227965
201751730
55241196
606114469
341266867
870695377
496167435
880709946
877344947
479181849
567609481
308404761
4331487
37934308
531719861
927585250
110040756
557189608
470930448
725892657
274688104
60666468
180470056
837856019
966445731
815604025
276111252
647424706
670971121
640455284
467954399
212693786
968735292
410161663
669521050
970862860
235964421
948314741
984477443
679441856
781688123
33557141
790040
201751730
566254843
558631969
370115333
62215655
478188932
729915418
445148974
56931086
647936856
628875018
946066022
374276939
900571397
861840713
227868543
641241731
474946895
801412666
701071598
242790724
448644277
394516334
251475097
631351867
35446112
628938953
192811919
235458817
394401582
771736550
660724755
501686691
794707092
915817275
667773067
236573282
551740231
717864040
256543211
223093784
271698981
531528137
514026997
460044019
746389527
183720892
109789349
528742363
477805792
636769974
946306296
259123591
736574392
115956350
467954399
239339041
752849858
747674368
310827198
106712684
409135541
106166907
942588157
63726428
318664385
208708931
686053516
916153198
371017650
82164233
120323262
469097732
800560398
44567317
665166626
157881570
967952005
899060100
906101082
913969749
972307768
911452822
241894983
270352878
812512956
619332209
371730254
525692099
122576084
814066182
468314410
432338482
479963529
458680256
909158930
280495603
784587933
596898464
465870842
203756570
127555900
150768976
846015301
16966448
832411879
248039553
942138828
872292636
518165851
835021717
176402452
133769748
917254554
982613796
235206342
721769366
852489654
127499153
919286742
113422305
290709331
655364826
216879837
675175906
597413151
696398344
120711931
278348876
232959295
76039599
639002144
563797151
842311416
9900131
374328677
829622155
58323350
159434642
42925637
938106530
160438714
284778130
289211115
507237325
608024846
724735667
594602875
579573276
474122192
336136416
194915523
300929626
975870841
307692092
688204823
509704386
231465596
703358680
380769374
464032774
543539650
827343097
293793208
901152054
798324313
354618057
548078509
159626304
12859605
807226042
47970468
365288063
390353424
386745546
572312681
807841766
644297153
214596849
199887496
549223376
106893474
950708214
614976716
208393227
846171037
374497229
678649850
606326438
454214085
483906886
526927719
667996013
95284365
405874634
492041095
80275203
631167075
688305975
336874527
509748849
220164693
236566146
733756286
357951801
934798778
127664896
87934121
996406049
74940120
114686464
840421272
208427352
579076195
732816786
671172106
222562311
613766370
283077344
630578164
640149991
946055273
390240729
867910169
986324889
899274799
836184348
611858483
70604232
97524223
237232774
982023231
64405386
502103398
625609443
528730338
522483753
641948226
211581590
873571493
87445468
298975331
776360123
333511660
102518441
74030676
986221512
423186296
784718437
594221252
788999816
700860342
623152967
292955624
188482652
788241459
725313326
355548794
647622580
536046063
25673528
73981886
588451928
582920019
758028922
842649610
72402639
926051196
174861302
726609583
556446326
403968414
960318593
914274609
686955736
516655288
784159407
617191832
865743207
582904577
69046184
988926647
794239287
595494631
718622623
948055928
551359877
201346813
741925592
479850553
696822197
994638137
237610630
835752275
537392091
831862482
515330812
972396059
312255301
63049763
456304250
497907344
2177771
987492435
871518015
759907534
987880175
968791468
169699479
823611657
867453371
971296655
316469558
181635536
623950022
77305897
412367398
477530702
945926310
610770951
960101436
26991168
42444579
298768267
906584462
712796246
960309728
97214452
371169293
756000443
67907067
517274304
980999223
610082316
632578723
894691930
274993867
558238691
948060262
489539866
818008611
599122784
202642497
186170372
164392765
359736427
854175999
759554970
272800610
730150556
830740607
94518522
417046605
645500374
122256888
894192341
295103249
900104517
991182709
1843253
438681969
624459778
182647916
648233407
40491328
930317328
881623498
210068306
608851915
327446200
38448157
696212651
655422083
784742642
76564170
805775845
457254760
711954354
825766419
379111452
26717263
152816779
500451979
276469648
354181809
813443371
11295762
512422533
177880151
557345822
671738228
381924965
386827968
579326461
825419756
784742642
828340961
41314722
726309783
723697360
403968417
674800163
84039788
301660724
667887425
532658875
943079249
940655748
969452414
400815260
170276069
109150729
643375727
332173946
211474416
110362759
932204614
817792825
512107240
56214637
270128166
345813729
146654181
610882523
832203256
244799866
74673104
28710394
931486882
922185116
998649971
44024881
491521013
758974613
144952324
396066065
951363688
615351271
941452925
52141754
123787061
596779788
680149382
238431310
755913945
692691945
906419029
95947926
487894040
303885762
340671504
30999260
581575879
786344348
390898006
200823667
435040094
712287957
929929671
769781104
873595684
319765717
43012125
601194258
95424629
368898830
853438622
348617731
526718474
714648649
561547852
325036528
692763126
123447042
883884469
285200965
658947924
124226015
197538920
773292308
992079053
950979185
352371386
444342677
748616888
328214258
52239302
256336698
340375041
305272917
820553658
773255265
550031103
686980294
452841213
346446024
410594428
98840157
315414278
646916545
951769546
65318548
711259769
382587737
771502545
250430982
717018727
367868326
772666195
404473648
403724567
421374814
152361778
280316341
756355153
831182138
617496538
794118256
971030419
302785295
235964421
501214784
817582183
877513656
914989052
161974678
168941579
846928468
307339297
894041387
551534873
907343888
557345822
857452620
823023308
692599158
183744468
52029781
193687454
575592917
199539017
546001139
119895786
216031556
87693238
6749720
852980381
465501891
308220718
51617592
707349549
404669070
657133751
769378003
235778747
781515201
593979516
585788670
533535232
446924609
915647647
151377391
793858399
664880680
462736842
23312879
803935819
130334067
65807960
985707720
592898879
955227173
547863034
595945888
403387880
341343111
408060177
249028629
573274359
451002203
110680686
55372712
490074992
953244549
975425463
256372011
726580276
335443007
883368340
516903536
422033260
764834755
765698642
199985539
128380877
565828787
152992515
900623021
562206468
400706334
901712731
795206414
428625769
977461694
622986970
91628454
239954041
336889133
527970760
587397089
64651125
730610654
465166311
271569375
205568915
30647601
411274914
410952919
160532486
813800348
59085268
83974305
513884779
767644792
662748533
94248353
446880217
426097165
536174047
719724924
824123
438869714
814605150
585226514
548340783
618012449
806901921
834313739
412247180
326791732
651237032
112403547
50173386
272242257
533999272
229340129
404254715
835809997
122541888
916321011
837302694
684006395
298886016
467443102
367466657
789855185
888109201
68003614
56392984
780807159
131298776
126996897
992155827
91907457
607308079
991496810
486364708
34283284
351483825
887063605
540994452
463394182
542876758
186509000
431447856
611489037
943876047
714445613
496376087
39819774
868759028
599481849
438913960
658793442
905283581
373350808
767771549
996099699
311273591
103800239
284801743
24773451
585009106
954961378
915226112
566012589
780906079
844436632
266982389
549951105
193764964
988517745
520545034
777635547
373712880
349686296
601772069
328655916
791015692
106474166
186856441
654926358
3132173
648354529
262629965
80875233
234764739
744449046
245494361
636233327
141017743
637388032
473668115
828371541
836952487
42255096
322969480
268779843
813901763
478427176
833899865
254089727
597123647
780518867
72446835
849942860
268124940
844561436
326400738
804765179
859850482
53342431
364045816
986209630
530219725
789811397
560300189
930833051
108671711
896720709
851174514
656221144
997519519
517896229
370957989
232123514
517445596
555849988
538930812
668967619
48448132
858594644
741393533
806088138
736574392
547722528
363966708
797444647
419167693
437465451
238808750
669309046
973513863
14185103
327096286
670447760
662081505
148316529
479785110
840236225
584744186
547329326
435589289
747259298
157217539
883714719
516966098
425482545
599999789
414981686
137940742
998952045
591644007
651505634
708917519
402372740
360999984
341083291
341627999
162746062
86778667
504670067
170493823
473158275
929816608
190273446
939031071
533012215
521807687
737878655
394601335
957510576
372040299
506950516
884514668
645195773
92130021
859337225
641990208
231240135
979855137
745716125
648576067
868538775
630929030
529839711
33740618
337320376
307565852
953426489
374802680
726978015
652887239
48858093
745613907
320719021
702063674
929380616
450103498
867565941
193202275
503865699
686518940
891556743
96122122
226127158
769421501
396776859
878123175
14236209
347980297
412727352
339234120
802648369
803086678
799383705
88242819
530293555
920972650
962524051
997786705
614378453
118276134
412210694
901560306
340558965
857632309
34159978
497808444
905890490
124947116
832771488
740371494
323588597
259836543
354560643
485216490
852272586
343049114
210887921
173017903
966372279
821817578
662688253
886086517
554556521
214796403
492065052
22700543
289025522
739851105
305157678
303848400
854740676
397059129
739507863
307269632
577725081
507584328
585138004
351095243
190532874
880577403
802816095
585951364
255754314
270420967
863487261
564224450
953489647
68037618
788161873
50874487
118202260
290001181
380234131
72930498
563939232
861508546
167583964
561426399
128140734
453119777
930000785
357226776
35578345
632233363
388940308
900778925
207886894
838685929
602383124
440004510
860648718
599963392
301472208
787346080
615249098
947035757
102716216
505447526
890539979
264553654
966976456
249965632
204984167
510370867
589464704
292577164
525525475
982551128
166445392
174100801
516272936
49029014
528247744
404915412
947804432
563081395
729153592
221436124
989665384
903421339
276260762
31447768
127345616
301923519
29838971
261881545
254892621
62629482
629781783
982650748
580076243
467165273
555367330
653708689
300559305
165022558
70351226
160328736
293801063
931957828
329125484
258483000
456772598
393498832
459540523
221708721
753534555
307003857
567997718
679348288
589524675
137080974
102500362
413429418
202110160
588096472
275690953
631253459
104656558
600680753
71459163
458963229
76564170
867026437
192017707
429652488
741708824
820570288
607516854
34058581
712802157
970915913
932247116
588518667
401890323
273607262
421943276
744934578
535371884
413172992
752084095
862568781
982102995
598088235
298023861
669309046
662379419
217164483
668371218
923036639
90151379
264746422
982957110
999643539
682529659
217078715
319324702
991209103
942974432
631149459
949378628
243928407
565828787
129774408
92406928
641929486
57310321
89326778
662389788
158150402
549766147
109662169
159947161
382306293
209491136
180077884
918695275
331169200
863666080
183726595
243990581
817626964
924944458
22700543
801696626
354032409
190547832
12750248
813573112
729360857
46849851
796177116
420400149
323155303
614098365
900364898
878996171
44881580
49964149
478976043
125999832
869925522
384404226
505557081
566137094
563304293
315278038
789868023
352613384
31683809
912726520
101258674
557069934
376467551
844565802
355130568
406227238
560134808
507054387
232191314
306894149
565970882
476375680
902423974
715524104
397810508
454718248
588825966
188530259
583710698
891730441
771936131
577173842
235442595
836373668
892008135
178153876
150965325
332882522
173360855
34001643
549274314
522165293
491967506
465916881
175680319
886882646
944062259
554063317
41831716
465632315
855748593
276162471
981538493
788067983
586445038
532216210
698919528
890625856
685397266
460092826
707726477
696282916
523080880
945317868
505815443
153715646
783744583
735668885
800032164
752185752
160003147
555594862
187158143
651123994
553234856
216505839
642781300
439785186
712553546
594794977
153510283
126058178
174798971
313641466
301012248
812335492
877884125
916555963
321144099
937926790
724742494
838251986
997737729
812291258
323023891
778881670
807442548
556281613
963345139
300469212
596375052
544111178
892008135
673375353
403716336
617435488
472896226
247774313
927304551
68332929
337724090
302622945
758974613
895099721
108911427
513403529
101669352
674468224
776798159
229327115
28569402
742205720
4770502
153417689
952923460
795880364
653626293
477632548
767244316
845519358
91542218
240303988
999888095
37429947
295497308
406499704
391155321
443828274
21107453
868940002
989841094
721229835
283367076
393673038
287796064
827237843
283691525
423464235
518241015
857374270
625351080
560741628
257675541
493486641
364828239
447919233
130171399
863864798
239020511
708148948
355480038
762622277
671112309
818610409
680394667
182477299
921125105
297121849
496473640
832603766
519193636
68669404
805084112
200566331
555856744
386130414
938138493
221874317
578894365
576533788
237624637
989765773
851144963
955259784
657010692
72560898
114645735
597545247
454678265
167134370
165150148
313676940
705121243
427925554
691248688
302526677
721004121
410061181
840296839
403574728
904084855
379639038
931651883
154125880
814384379
12724833
873489949
579774701
436029653
753259258
835230106
553527416
33338759
456354349
501141543
525450652
868167024
269245481
387354864
875310837
261363690
575492736
431042271
731323437
195264506
893220362
533219333
843259444
875229281
870583041
608695375
781773626
885466800
608562976
166932215
600020873
870682294
459575333
980877778
318680121
170953257
805422475
396929786
508250069
125094496
424843860
851662227
505431176
923599422
615440302
611654676
768086993
353930300
185194062
886218497
578014265
225399095
599402826
83317793
325130898
637986780
132185360
294382112
463695940
216013568
361418195
891445723
608739978
941842058
488042426
435417355
538150834
620650962
518967119
741937328
601996723
353226476
304982161
472113896
719426499
681067965
600670718
985192156
638913528
602484871
263911768
81991765
115143877
285485001
137801602
653280435
564833567
336787033
364084919
63537428
355371913
722593386
522552082
53321421
900229695
813007110
665583158
121481008
174979794
337849492
746032529
901826588
3312026
616695637
708832056
770135815
336018540
231082727
368650698
859337228
4616846
843943649
456333778
648295392
541289212
955021851
589774273
622148828
545298155
885646913
55454344
644590299
897780708
350836294
248517176
500129534
647603258
542728328
115135208
949646135
377234401
716015592
267685943
56371860
406294904
723844638
661394127
287493817
13925794
539798499
177179422
776805043
71443509
470207475
614789697
388940308
671942181
122386118
393538410
179184609
192156227
989932172
717339014
651821447
706566079
560408441
721991916
126062944
334025909
716690827
520054481
502722913
584289728
681391736
433713222
962432589
41110111
165497102
827581252
949213661
293924983
80735528
690400533
522923526
365568302
676051719
386392234
705583773
222452754
842048020
46228042
463590243
168850671
405355344
119226348
709962958
774807292
549987826
846136667
75650350
655769619
625788187
574046777
661063277
229460897
711885757
117225974
93807740
118616388
638493908
220056855
138573755
796020152
366572495
907768900
127798297
775151033
60132406
213758849
97074794
3720007
276099775
124541465
473457078
496949625
338758425
596351309
639233670
170687892
335192163
605710330
608130192
446610182
181962976
768935710
141824017
899691822
799044087
486661820
996224957
50989648
658704297
703084430
956118592
837649793
554029934
156604560
170370562
722049927
945926310
237453329
451026434
454906055
888613096
334848769
341804499
235786480
896382515
233733558
585864683
437567032
972441526
267783186
703065458
329503340
535606729
671617395
792737175
748315966
929505455
610654237
940245892
188485538
296122588
668275668
234662206
350533452
322172618
744915129
967501344
375672357
452881407
612152162
653305161
669665126
672889123
526278845
505284951
757714233
98482616
910112935
585245999
766444602
816941061
844007638
267205005
554434616
704750592
708876887
134268680
991573297
50039749
669372682
957153737
213471155
854513468
336230474
191098327
692876191
534725406
440924286
33661188
901626230
486552501
754129631
267926884
264437446
983824605
973892930
608528685
657540734
986399857
296538771
795461768
52183845
775870085
955550468
801841212
139341284
31777211
652509612
58377007
12228949
506506702
778361748
459948856
221501708
647752260
453234785
954548992
130901643
626769070
665314641
997261543
92929020
387055644
390130169
342795114
69842197
415533573
169720750
378079281
516690828
237282931
406122571
745736260
544843083
652022933
13794036
663723996
451184623
167647954
127006267
699935221
195050465
41684419
774131397
490491093
908599361
886301244
821370875
209113252
399307424
714621269
334760526
202334536
152503233
934927792
786582065
527843579
485702443
419431573
96173150
55217510
345147203
80041535
385783586
502535707
364438755
61288043
185083916
748463646
200566331
281894908
844832827
378108830
762084702
429417510
779601553
804567835
886882646
30474862
274914272
589479938
78228539
723264627
76820548
89416241
567295619
774603315
39938066
962790279
954193004
554687506
260550412
524978990
388139577
929372796
893430752
192997667
179794312
823530477
981684763
819958750
258447605
518138200
545646528
812082660
499134658
74485575
62406863
810323776
559109481
959348792
838387787
993986103
206989622
375959279
63484540
640531645
961141622
796099684
232511947
823808776
324898969
111672950
474689315
2022242
475845042
520084690
846959159
717723436
85259328
719838580
945255579
729915418
187451088
523231858
352444002
983687736
744958482
131091317
625706781
831129394
52880149
775036353
215074012
241854227
697697099
904244035
232751610
677937458
502699738
939564856
298845275
947826514
357633531
50871254
922686176
804748483
34042138
854686032
199813986
319553909
814104960
667578204
426284719
924000046
508785499
86661362
486900157
975596625
411274914
117072981
949754355
804195961
980484634
285283704
599093525
103621634
842384619
751254191
600849650
688228989
909895835
135041171
304059692
717866818
946580180
997794453
502015650
748981985
633825355
207325554
510047021
527989100
518526776
483156920
140142109
842399253
195092525
543808623
590277834
635973695
261005693
1026742
875248055
752037984
479181849
821827811
125195992
259123393
870520478
143141437
512955856
689690430
215367593
465744512
416151247
471820263
11615009
289999574
698858597
792620705
338766888
585226514
893220359
438558139
633895272
942166826
599112120
686424181
417892505
409449866
913964893
67575992
808826743
223788814
55077762
938106530
593829407
704128316
765100864
641654081
206307894
105887333
649075655
633885736
67171356
211872455
922389301
46749549
619875057
435833878
278414409
271319593
811885279
665785025
297582854
99924977
327508527
377757031
210963873
773631657
264054523
59603330
568961635
316947637
628446389
812241278
364932943
102793743
785172443
598415131
467289933
632981954
637357048
134260326
840653364
427832726
175049435
780825782
515505786
702948700
88145494
418725594
995320371
457504327
855756834
239627709
840571921
177723772
407799364
705381586
588451928
828813552
973010921
801240153
210497595
447816016
465711208
180782200
603169405
879143894
394245107
401950731
41623849
453029513
244789096
484367647
181816399
135485983
23869955
936103531
494963054
297245720
867773776
96287395
450845165
838818777
34340100
279041301
87165699
558262172
362488813
127499150
918510420
766594348
688196645
255329533
717095341
951989726
844820058
676816042
407661894
743059139
705059581
880060483
428872744
412490338
846390136
858839455
895771528
53087599
308763242
14028150
814581535
248685295
408495793
351281172
393705689
470335925
136300700
758719770
796009747
149048875
107008654
141862843
197700654
140840757
940047100
554575334
331475443
949104814
94596105
282388055
618394854
982640635
1064238
505593825
11600129
46670393
484104036
500186807
810322198
61099773
971505382
734720453
841521384
206031581
423186296
85327101
386314498
262521283
468055519
717746043
700424611
522189153
934134699
287103842
391405953
963376664
784724460
250331984
76522742
77131998
323627354
523335166
604969316
839282699
752498277
736523819
117372646
802955745
611040782
400925039
957477418
150751440
426394341
991051467
324394344
824842578
329804507
343251844
369392874
657669580
989321372
595698070
730771346
617873777
674990248
688588742
274796710
502016836
627738443
32319837
618548628
67726332
798033916
833528118
732361968
1481134
426582336
222913937
311048925
74355275
143482000
783515463
442525435
397275983
102126761
967862036
333964927
946768161
722897478
815452091
876805201
809221534
858595780
582422123
977461694
826402509
995466555
66363435
334063093
904271771
862326003
666236950
839998686
457471901
684420773
511862416
908556790
175245066
73299362
933742951
290375897
912763120
555733843
886450522
355967931
867404150
316942883
355629345
852361660
318808029
681796966
395220809
526302976
269271425
423742145
476100807
888319959
810356506
427724512
365360673
260564136
728401747
528063587
833748005
202159402
517898976
523126217
248233183
786911235
388290810
654682156
122292779
343992248
848016005
501163206
928055172
413891082
947622940
408080960
264242216
201202002
121389592
16675666
837376218
119478920
340549378
899695023
819227031
305704414
56653820
343661163
736663567
996497459
369090728
776797529
99906994
677490662
603019827
605370977
416041789
341380471
346784028
380688929
238267995
356869100
180878046
445218271
182855131
107495625
148154165
491956620
292881242
68654168
763711166
277538067
816059725
178839946
781634499
865016047
895813151
865967301
481595431
613991243
580429927
741038356
493540552
435235048
220995970
976832419
380302870
89671159
827308895
285560137
732816786
989092811
491621958
372462713
397375552
217219085
307602881
304933664
706739285
301118608
827922562
230468998
48544178
582857101
656693173
320329266
650563642
486023664
877342933
49241309
697994841
221754078
927203348
355407557
107639574
41260814
789496467
733188606
529419354
731105808
363809460
959701016
366202787
266999637
983652163
996426456
740715022
677983935
395220809
44549776
217485857
845690126
232939332
751050737
997088817
780145224
966517088
977062667
406672731
556727415
387724573
456523948
859484828
832395834
845033107
576954088
132537144
249182150
900473097
654450629
978751924
224563271
168266095
647223870
562127187
324010828
775772424
152826934
832713665
523019694
489923493
293350796
236008788
248759769
442661471
973828842
869767537
860523603
422904442
458697637
978554305
643334347
202558221
336356637
871551367
694674122
182781124
817925793
397855075
856833513
22345086
196476075
141939084
501771294
928990590
543729273
204593519
242406780
895099721
537058363
769221285
937027463
319691373
822699162
20878779
776263847
214689624
240905064
315672254
753397104
245483259
808015752
567055571
502333698
475819506
582790404
751462170
487929887
950389432
493266171
635922948
61283145
107097534
448755773
848163257
963599362
707353123
798025710
601905871
506015024
840547483
914989052
888599738
543843582
986187860
944657817
243753975
278707619
648646090
392575099
92315250
913454493
362193271
886857
164485196
378712120
245368766
353040231
257420278
770375764
523955083
635480150
262614977
8740621
972002971
724961538
84357901
686472552
786289767
767815536
609871101
260008343
309130617
416729645
55877521
854738593
79610029
305038731
13826217
257631837
622125560
625285207
764238646
448326022
420779710
131004614
432899076
513959450
659761004
942115285
686105146
968735292
697248053
65675482
842802731
169928416
886288393
512151284
680409691
250021141
91881106
541777803
834559662
745255617
687388123
692211064
716778868
587355029
803823569
212147637
832337400
273000617
890771707
702620208
777397598
521863556
716015592
510521084
988723989
535323204
135467248
314280181
156256884
703986000
637838132
869230978
157009187
61768792
699471572
918398475
283077351
171541656
820951424
130252517
638624372
715087699
681800322
824495731
446086302
303490574
334760526
746086779
502787817
643295591
255148172
298538800
231990960
232294190
995793496
667119896
746812656
64410698
369408516
418616913
883010411
101348645
889877821
641863236
475477268
401283701
471820189
584970004
91031077
549593415
781805307
278125819
431350430
867845508
796045085
362169225
749661863
779217048
573461084
445507571
186821835
241648977
441926455
531742594
30454769
375281816
359019916
358007797
266596893
612501509
826763146
219453821
251530184
643480803
621839144
131356343
608353271
686080566
67191304
189174106
888330124
317441831
112972855
965605027
31890501
671537296
487713455
661305285
53191285
502590775
117893241
360151859
150882799
511178622
901603784
689528327
302604236
364576797
454694601
233721552
545149970
138277925
825931325
80685741
438033349
747766144
517020708
567749838
588870839
973222738
450733655
914657715
418719783
268003189
14394634
152829670
629561765
938833120
515558948
123342817
931119979
256372011
891713378
103559152
390353424
370869246
633327477
762423459
170792367
165781963
917400411
474826450
358166429
731380416
546001139
8177366
63911859
817577565
101997381
191578412
216367656
37333418
664999632
409312693
260008343
630953558
328126831
908306321
189910791
54560028
181183350
894691012
784742642
762846191
524473603
959316673
139046918
921725118
657200541
56643239
779138530
726056225
407213046
227557284
333524129
587752050
15463775
911355504
105115481
442349327
333933133
900712863
429606519
983618480
662506831
32837742
808462484
873290796
234228177
349175394
114421329
633211836
941473756
836622405
550666117
34973716
450078180
489082110
264254174
882364718
524778576
56839798
286232007
868538775
32217382
987625141
154748840
458725377
275501216
658260486
917976835
690716024
437738114
323710339
745679672
293021251
111526220
488488283
219055730
659265005
393271958
912613226
451748101
856119809
145579162
891941138
106097744
655555692
22431178
142389066
891850633
685776629
288991729
799976637
751705624
166440311
634365504
216319862
659719660
704660044
156827615
549186322
98105767
32389842
337032829
386795275
480271123
835642645
989825191
511933955
515938409
560377489
392493591
234564471
933330169
550747108
795841298
49396460
422647982
279150398
938503887
773947498
110276775
640227263
332060061
601175321
792356394
529196791
812761493
605296793
959017757
609141345
734268143
552149442
860674299
533706934
453505472
844721198
3657551
668377782
447171850
819485372
921303163
14790960
506622970
618270450
114344118
511141197
924214181
61288043
609305069
778314866
362169225
323801630
652721597
380245385
439823038
898178748
953507310
904167057
956592994
523413136
286356686
998922288
485407995
252143862
228136389
334704282
52238447
599318484
822335057
773423022
374825386
916438845
738170609
44782216
540025686
406298478
978231131
206031581
470105080
696742317
760234714
104975420
661735320
516458717
113544825
789778430
328952598
181252064
895973453
385530973
926750314
432084677
254356760
546208404
129905175
666873320
898574233
15224124
872028144
82021199
572285682
240303988
17884945
556562391
900273026
244494986
850843538
836725641
621207858
823995822
210130320
277161188
408982157
403999068
123192717
462999242
254733929
660299506
927569689
266059914
646930158
133359815
6164702
304955718
254173724
775004535
60373721
29726494
949281294
16002848
732816127
203455309
895033153
487922731
393543013
314946237
935962766
189645105
261553940
556910210
651078612
364927091
811773180
615476563
504997849
132095539
942138828
677089045
145499999
298268832
602751931
241715725
458237496
997447891
309128885
783429943
104938093
166146210
491761127
638680368
501725678
506865680
590682368
876255084
291208344
194110647
788800181
30293216
80994141
413104766
530091319
531858946
811549986
538004260
446658696
838042921
837815049
413275495
232606390
3318339
718126851
261615930
980980451
776615077
438364055
90022968
811774004
126369487
860266955
50638869
444797711
671517272
89792057
448521253
674413286
740450893
556281613
647121034
329887197
596173274
258887481
74243729
808446419
947082843
233219171
525336617
615149272
564131083
256922636
834786314
983186109
442606012
619976990
100666412
41636760
754317217
616408893
131325987
340612714
125104291
584847263
171754560
25089007
491843864
315483317
222919171
732963070
692449295
773530776
63442523
178303655
598676361
429686456
268796519
466391896
105388947
861574014
773925094
775505865
100995798
183998574
489446713
415255815
266516662
106515057
368151313
941811824
484540078
276009429
578407890
886397362
483307691
168045244
634634016
577541652
434777012
948937778
65554636
305444060
499240466
169767944
861765506
434681719
869102139
880759348
472316443
373819655
439307505
415578427
466359325
873447638
83489125
922540519
261103320
81189581
335636997
601812585
835209544
934185084
361085903
580336357
173320524
249459863
414574349
155754591
80552341
760038688
279886965
914175256
156612205
325663936
547019470
562438870
418623027
8614968
164242125
447012419
333861730
662379419
432566325
475630477
584130005
911015584
86150995
416170409
571895920
372813094
748030092
452100620
548722389
747169986
780875518
365923841
974954769
873440024
190233857
374053582
863389369
642678614
32369807
179375083
590945265
230998377
76700933
642316241
399089997
820609204
460384283
490491090
851463042
483596954
410476128
300067302
245978311
56745972
121382977
562925235
113132988
176983902
781772441
720114596
173458995
839506552
877457028
947089139
126166887
544881718
594536555
989431658
505782936
71215856
980050080
223979259
16282501
67248824
902449566
978180689
895720703
86402686
665321054
36333554
634398229
197233710
659733375
926902252
805575162
341986247
756047539
642360727
283418097
951633528
715998832
37449128
761802426
491974006
360725518
216585082
967273693
684152798
581023982
628114411
40582546
343889295
196645976
794118256
658949237
82768322
3132173
701695750
254267723
182400355
72370734
600056141
878450135
562539395
770888871
321588333
559144478
426136294
703886057
894401330
117634045
197946894
588996942
315073747
623858729
492885817
648667601
309396436
305102303
990340210
197461512
958493542
210200376
180776482
301846150
732816786
748188013
416552885
227152440
574669533
332550820
904551986
622517627
652660976
607529473
131416930
113426843
792407019
402341844
9467613
234993133
990666061
970649129
848739277
251447586
101878283
865303098
316190392
22493729
977156265
525860900
328758805
811656929
665109271
99932045
397260310
672768546
471109260
727912491
321820369
147800065
3102213
919290959
133136123
501891711
883430118
751694968
155822371
3857301
939723741
988684318
638116475
855490244
355445231
792663735
836011166
446463213
35080073
757812616
933498633
173993223
171826594
65845568
626245736
229118749
932742454
503277900
315464516
606114472
562719963
756211236
37769292
727301016
153745378
187012601
579700964
766810269
794575358
440129848
345901701
34477930
736910013
755994452
413116896
498658079
727303002
31053424
205335348
364417033
903311862
257440776
214250021
528350950
74934180
478189936
217035419
187376818
484395521
308592855
961703312
531082214
25096069
571287589
317968790
138698168
357961969
620857832
770888871
690984856
63028174
254435053
597878923
326329125
245961374
299839922
771046781
968473931
892586191
458507045
39544748
881121915
892108120
430568757
550778574
20901991
986518101
447403833
70668015
546455760
550662036
232754830
837275188
738968063
3864676
446396844
595397172
386022548
89610449
537392094
184221317
152084031
621824504
898615248
290541044
996150344
476017108
334143657
128271814
49891472
207774049
324037831
117277599
561014258
207521638
211863040
355965638
378047828
561731367
460586536
40429077
48247158
272891256
967108062
246013461
56290313
433814799
951710639
312878743
483318418
816953099
623040648
936555480
85770829
339620325
511007254
891952462
873715404
953044833
671059458
835795290
274825131
532922472
371807379
698460290
397794469
421765862
340881381
774244727
495307042
685587169
226241950
239395585
468483934
309453459
136074606
182705585
238883261
66081879
154380666
670287117
862538382
310141854
438869714
338788537
144812243
766791064
484563053
420590356
771226604
734016551
888091682
883605912
600161410
212794259
69420517
497896749
143541065
712272103
772644092
1497255
407213046
7356343
479393221
346691157
66326538
58058108
949287086
846672793
40463264
27076160
782515156
650207657
874443081
332480012
818759993
385552082
665978205
921233671
593248314
830816352
19268510
755777623
238961566
551688454
90716055
231478017
32823211
500484627
865297889
675606331
113455427
35156138
155469664
446245579
800028040
869848902
228799663
158385106
808687665
1026742
622428097
225844594
313628534
312479757
637808319
784815622
992346590
226110252
972008719
333917587
811069647
504474649
814472440
294524166
954009667
96056398
948768851
50927411
965333802
129565021
533153619
186438587
907822322
709012202
281906514
180432623
993234606
95221299
847052582
261339102
503678141
711647043
105952653
785699879
969540648
670750451
294795162
720286599
102998106
272353757
64079283
327860311
293801063
243428387
962909068
573158003
649951672
340622829
803251730
662355869
127144036
502461680
376266303
758841271
76788383
140403388
249208398
199360224
908124287
559884368
545113394
471411729
543762766
251217160
532778970
230468913
634351046
975984812
537034798
859962242
709719127
423178361
538342841
332583314
678270080
355829339
265755899
60477372
135205020
276561218
864183534
17138717
180315136
878156884
964823117
975748389
615435812
382550433
49865920
920289880
961088111
708075593
455107428
348553320
745329641
923785409
887065668
968705933
697930309
208179672
418460056
107493604
635076146
856707404
408097829
388299288
828048127
321612201
316125167
716015592
128120646
286701622
495933392
431596821
201756218
453850969
90278685
784803988
50733718
330834921
31295596
781236186
456845500
681701707
540975784
626301090
490949155
812478662
515863946
974148436
574991731
666486133
978162880
965498234
639618754
645000560
240124366
66058184
11520905
137174368
175582624
540418908
256200556
848560819
95562063
456591443
177459333
158650228
313629499
548780444
313284149
280529010
396579025
4368154
290888362
228256323
892404447
932086572
273991544
293113586
104766468
111899350
704677217
484519589
451770174
117856616
678501278
737200613
812736793
150880193
970693143
33965784
995413371
442926864
978529541
274114673
444338422
520705071
489948005
778227715
100326891
484603576
926952533
680709067
664052719
901082111
531203401
572182139
394095651
323794437
122594268
858609138
599373838
489856191
597756163
334028358
927265293
408186104
955561916
645321944
617220793
780864512
572580132
590654887
950767717
717853337
759581544
345172143
414311390
382544987
325504987
862860447
805805914
977540281
454837340
954075382
680807955
150380105
506312558
479507756
918137142
288727644
292577164
842372174
954250427
838146193
171769725
994670798
693682367
372204835
553411860
825104193
350329968
433462404
25123347
604570702
563578121
194304778
261589752
724787616
700618234
835143528
418192829
716262248
200630602
318552736
965647366
669016570
291225395
118315433
594265108
956888220
817821852
110494392
618041657
566644319
997963448
943366426
896979577
90058519
314739539
427569333
96487934
850888206
404713845
93182153
990973580
49916188
280521452
206829231
735167935
294795162
340182830
883031258
81932295
852314066
977928776
397671081
768559199
900313145
382737167
298059446
117156348
243278130
48989433
214299716
53759578
202802740
125278218
331115370
304012424
313603840
50973979
203346192
467057422
711748319
145619976
987572830
420775846
748452232
764905116
859874052
501746761
71443518
955629995
442534064
922889123
931825420
841130813
882991291
463693970
219437089
930622292
926603001
44865990
249926858
715974344
137408512
91480609
392296453
816354817
303498279
701737302
648451324
38732192
833620614
505016724
173423109
652311604
251122925
926901625
620299579
386765389
85497042
796833456
199697784
80994141
199728380
294606001
700413789
14863248
92300505
525486959
11117110
126019902
467991427
537242757
460342711
859398860
22340340
216879837
364817865
25496012
118897753
757563331
135627275
862368582
751462170
784065839
54119671
663546916
406649177
865987730
999607500
854042286
246405764
130944283
641171663
908584885
718432211
273140045
118174956
977795656
327577623
135813199
503995222
732616459
542148106
948484675
843637618
819493404
787254199
306073590
68772932
850516270
728903588
821740371
939674862
293044472
710306018
878610656
621946997
258253153
661126157
840020689
486577258
417172896
964929814
220818462
680341471
634206744
921902760
182588423
947898372
423742145
392085218
386153361
616210771
423869139
972682973
302514894
111766208
834495948
314812850
344224874
972049798
212891286
595092283
821559359
491067929
651636863
568431097
662280490
587616576
987987938
100170545
892984033
882888055
345087828
678530498
389629576
127712999
70822739
998883452
22592255
682120955
18849743
735295745
513590432
292051963
579191940
96207146
120062184
250579416
783833093
141165569
638410347
621001178
916903993
520828797
847144684
132174982
489003119
433264592
837275188
852338578
138904347
312351982
54487987
861142911
846438065
634481682
719806935
922173048
677685166
257172049
31801475
224937968
428253184
963624767
475826888
93747823
252167820
394770686
347545636
744936065
603321690
185617084
564982869
421155709
315072020
310024028
219116775
97561832
615780958
350536201
759648674
888626396
562618062
869902967
6250785
252839085
214045069
333268299
77384835
550021851
955317840
104620956
146418045
29407475
711319424
505807474
565065696
15914232
583932924
471859682
923464334
86762715
572595466
929504233
50672927
936243614
999071520
936508600
491843864
455706987
716596118
770558747
56700061
536208585
755572749
588676582
478235673
407532577
293759846
428591325
787070253
879817260
192674186
788550124
545227019
258108269
980915206
154708477
555233113
964482610
621685315
909448789
864013415
358254834
11430067
232970127
504641026
208506516
244329767
868072682
998623870
865945891
597890454
607174127
458806111
223594289
595940339
620096851
132244524
307302833
236679967
132682428
672737499
236407692
470857753
482657356
97758534
819242911
473211353
499430740
968194380
470055103
72869074
980002756
349146267
764167645
380143715
109655650
719531216
802261503
467962516
619813824
507535410
27680944
53860963
964043995
274879574
621557734
856761881
843060419
399996590
338328200
948938640
287901171
387924746
914244736
729362658
130669552
47932951
79515969
759690647
191597797
717925146
715284348
332800763
809813802
207400069
621052912
603700004
858181299
579316688
421053492
435456827
910949189
634220417
969452414
162341388
750905376
492041095
810796341
308679653
988834230
649851289
187941897
775167808
511298498
957311623
612473668
957032264
534118342
657625798
397854292
245326642
306099071
915164976
406012420
263585489
858807123
481784459
560300180
525303237
939567840
376629630
236965030
111829029
139004752
967273785
781918156
771688725
407276981
968280823
499445068
373819655
399089997
376655248
872355115
601439809
852577521
466391896
898167764
71603954
904872032
20630408
368903530
423584061
928900201
773189718
382943840
294268737
894875620
427466863
180805372
59056220
762982184
831802326
60143952
746168475
821477915
389703482
790201850
98884786
973739297
310794394
884710720
490165980
568432440
589497336
521128407
139046918
86133586
355677201
321958887
272963855
145864960
428266963
625026013
256333447
49049183
821744287
53702188
470203787
493672525
166569305
471049815
483241213
981704289
823748525
865456033
73502171
886536298
339064781
655945921
464092666
620219017
639183795
592988891
709953459
891998544
622790055
411904389
250543240
498100185
826314439
752991057
92356019
712206051
867069053
913392769
121219627
434925079
784800315
969846124
106485479
451616203
238568150
962736553
149002086
969625992
96435147
825264698
871566054
277807519
112639308
483028802
407200447
907585523
506220986
801260328
473313253
22202569
865718263
485027249
234869639
719210374
818665889
235809525
199810973
88550702
487405039
763571068
257961184
432395141
592827916
554751588
709211142
11233076
867466997
289449425
468055519
81869087
493164097
156265219
383285891
647622580
640925963
416832219
180592076
950144935
157759468
890538592
522323454
221433977
670489574
647358126
380019345
16561931
465839491
481708089
171904379
676983446
825575207
697622557
970473355
705121243
192739461
717136748
854350804
442192719
47331870
572346826
327980452
385980628
279872143
451002203
663801179
574559684
865986533
982787424
558382859
461313328
311217326
610179837
465839497
114909405
86195057
248835216
441316503
742630126
648895686
816801726
102677581
804535908
683371106
90115137
29722436
616479617
987484457
587778080
112421201
252828181
942195724
126927502
625080515
697752250
348961224
11907121
306436991
606164976
977777665
681770867
768060576
29029055
583130729
251385448
993940057
596682552
632635038
710764968
636369750
486724895
154192924
749085100
911175428
711399666
415881638
107916394
371557143
398984486
25056720
982411528
943991871
387645146
206134938
463251861
240014893
845825998
6007352
8856165
202405187
713340462
842519003
390762143
890013993
106717964
525841299
134213275
668578842
829479059
508120354
135752454
900913907
344938589
945354891
379120113
827897397
854516262
65631965
604169464
404620361
976031785
826995656
321193288
627928523
414452213
467848491
481212518
310101658
2140822
506620160
884145705
962610915
844150657
599410226
205826051
699626304
443268150
816493813
208690654
475197256
981021473
832203256
426890960
844427264
428054383
404231243
792205991
126114626
231847971
871620353
956658626
889814571
736446774
808105352
377605178
54201716
801065830
507766435
219496794
719464745
110365077
872752550
796914673
368510256
935940267
498994993
468212013
142018264
618215257
929079157
728607589
48768929
258264766
369113076
30245070
515123651
151654499
220728067
876547489
640470506
363738005
7265313
90133218
79563779
470979432
460852604
107548753
698760932
980618466
636640690
3225792
398620432
732755161
468599848
414541768
413277905
243048799
951546000
280877492
774446541
275145389
571814101
44759570
246263073
825952270
788945534
791548203
921088339
242006358
948074458
728668747
710769781
314078521
100454221
789057067
61745592
494711018
327217901
213144312
890001186
276469645
953209484
804854389
561574284
384186764
663605344
291680932
392633137
950236518
925718344
8053150
687189998
312314640
574711197
771134503
149923019
467532247
938606275
537314824
774127016
147397582
982715155
363477864
531719858
424814847
430886880
463322654
749878460
593825884
952057793
817989959
524097976
383879495
972441526
798902886
579994180
725396647
737019881
186307077
614243999
35977854
461773304
629709183
825453101
600869163
222504249
140133586
395399249
517898976
643717600
739385672
428851337
945485972
877539640
218274908
412520361
138177347
447154316
515841874
650939864
969932072
349897895
170148607
291548880
54396816
986126319
541618510
46299282
513236499
578172000
246295145
326054742
735893676
193445029
265929474
656675968
825436948
720025719
707060096
545333332
810595398
154338456
238789097
732607244
493764329
116940062
379014462
58311334
703360267
736650240
238729177
338745332
390341225
76908744
150509664
57827637
408898237
455549729
369406530
736835064
596960311
15146609
898081992
760781013
653339400
854529127
891397650
249435228
259834514
928156798
30802433
213219027
233295263
590709612
761349701
371392336
118286642
798035515
953773016
862438493
441086116
862596440
688309016
731518303
290454900
580350424
225896537
797489349
722376147
857675619
137522454
748303444
713599670
888106455
89528652
572761673
473564
270037934
127480822
642281364
624862008
773967584
923965931
894488781
188886623
450861454
488564264
63912621
864272517
947506771
618330393
18533792
552580262
995413378
141176812
82836917
801286287
543381327
684392195
105343574
182378139
981988618
571377991
431571375
968806559
604505934
778091237
764074734
549962458
560624730
955828615
763879729
359691172
352155308
629865196
120764695
261471587
723231576
704875148
435045549
668343408
872421436
249699362
797327412
853231730
551194469
207524191
556143552
523749008
410901066
966727641
637807838
975584423
835375195
176794288
8004167
868165326
274356773
546176547
171181890
96634850
527459611
320858847
255525258
895126445
802078532
2705270
88936370
283654723
229600830
863522130
982691667
17141643
839020499
293370258
176592446
323360363
353795367
993016849
753527163
468371777
817471037
635708931
638045895
697154166
63830122
721943204
888457936
861032114
189265027
681742586
705748805
991969895
778383602
629954043
634351046
410746678
573124173
510369478
454261383
139077228
203435528
685142753
926613733
417986234
380534448
584309304
473989941
61316332
368183351
456244082
769564151
862029608
732338419
766123782
838832378
15526713
6035513
21806815
136877244
844230895
399779267
595757120
564039821
133355011
766552220
83626952
680313863
768226792
35504300
901826461
295622602
157728303
671448187
35184054
615242496
841740785
689392277
623335170
239093246
267206727
155822371
85321037
973772039
362772949
743247634
734982002
100526147
466505744
85142194
330540637
826258294
537399408
451434141
468355878
320146850
331840108
633822417
712363209
406867168
796099684
99926923
930118997
644101628
132642508
108050202
641826729
274251220
962352488
873464018
299355044
582740169
978272801
952222476
23112687
832858974
536538088
867624453
698210341
674638336
33142254
74812011
749633352
824538924
798741858
128720389
212891286
474310367
942115288
739121788
277785395
631314952
288344669
931580243
60029301
688546189
733780459
251475097
827128599
793400054
217255504
640588284
63219869
817258448
692166877
356279660
838368777
382671594
918709546
525591344
332366974
68565198
871998737
517571538
663480073
836791015
197747783
534096238
638512782
859645855
152529132
554455683
821827808
816022164
230403161
582389640
677008376
554894644
256388122
549145409
918366038
832026329
574084670
201101470
122177305
740609227
974148436
755376714
968051735
773868606
454699216
364241993
235379309
49425163
257696801
366425996
570402427
257581355
5380732
701369397
944251506
372264584
448860785
686114718
182322516
242464943
649605938
45388844
748667147
60601863
239785408
52606340
740807021
961884822
156149483
925250686
66386926
171803819
708914652
815809047
317647980
79979538
331757252
75835509
168267954
911842270
301247340
654520623
766728485
807464202
699179246
132651321
277603454
818693242
452039690
142256355
970374591
868641092
734891266
163927244
393777682
390743353
195021148
906454581
907907837
271711459
826656102
58380662
335336557
504211167
98488183
724322108
854271273
310187577
643124875
229327124
70047168
41636760
831855887
373297480
501939499
786728782
894715973
423938047
193682507
470008917
989810242
415266387
268288903
72483602
174254023
56353745
978362856
980183326
860456019
273227881
614065457
330078359
960666825
670533089
758270978
5512525
906571195
486778561
51098152
454671977
858530733
580171920
478037150
568804044
22999244
301777256
140870597
773921619
555495733
882676528
518760394
887204085
370525920
422280719
222111187
872643490
44330647
817393552
674101328
710778144
974823037
446696633
678218753
437169804
105695951
554167760
433574926
636188502
965376358
939382373
276037996
748283877
189610338
634794554
170225157
235554631
266476264
982584336
770331827
611656527
810492883
568432440
650207657
6841758
490332517
548719121
973667923
478900956
69373042
39593650
723001613
440407695
414134237
267690353
489642021
768216882
342791489
252660130
192349975
839920114
957435699
708604966
236932451
1239053
124524558
774919400
870108597
927655314
583433149
780378753
8118031
711081168
932795017
942335216
194691987
977209262
157087254
824107293
901151052
105850619
841603943
527938730
704030058
14893562
512436234
449722416
875525338
10713439
277707140
801603418
759554970
249525013
817087011
563279661
712259964
759171664
865905802
287168541
703697192
146829218
845436559
925320079
900404221
725569968
285039743
408244679
333656420
573243118
406109876
697066047
933306130
153085370
873963092
160022945
560551623
764598365
155833785
586762457
571156491
252365878
71849548
508238160
974971689
495933401
210088959
277493422
834603418
828306639
24859858
390767311
16816000
530293555
512301218
53191055
570461521
307402114
405065560
863071097
635728846
41265250
345901698
856930641
574592060
652136072
418698590
843997526
191629817
973753355
439514820
366883540
156034919
855794310
471049029
574124326
550820643
81431329
249668701
264242216
103480661
558981359
20619900
31969478
435498856
373584994
798358603
661348148
988606197
620329262
223100873
986021961
872950930
863676019
17752151
324121298
689128170
746594958
224192292
61839806
295206550
729443995
51039820
204680374
466834261
424226019
719425767
976028863
752867170
992054414
799767148
381318628
742586940
350309118
85050086
731917565
206320862
162790937
670993093
539697178
274043061
560116436
300566465
734820547
503223205
776119751
182855131
641937234
994546375
426756098
456866025
638062661
517942353
820830363
992724003
202649264
271463072
740442499
919628531
252847921
336132749
399373593
424197097
180556932
128230860
98444386
903091539
739269012
955641565
124415132
990402091
665219714
517043385
271734512
815024758
962079513
549274314
264889227
381459674
405572585
212651511
606248559
981138001
624645398
211389767
593133600
57361823
752846160
406120640
708408786
750269882
120144160
92095669
673958412
569305719
501918480
949004119
527310673
826062124
832945583
615173295
618601345
392589469
240436676
22118060
938671436
864912399
608252889
738161823
400842596
374684074
138130382
22379786
296277170
532767767
501564625
792578184
418934813
581038663
550509560
779242690
657592481
127858767
918220899
23542150
381002531
783326813
334649883
104767499
34412603
837180647
55272649
744706931
824617858
71112378
4371179
839463051
688600207
353163894
492349522
720929425
628878326
580937368
273046126
467314917
214180420
981282468
633158832
39307050
462544818
30238687
65502308
132199257
361711721
123787061
334312813
844385696
153283124
5616539
584290378
595649741
281875986
218290269
55372712
629070189
504497208
527482938
187534276
919370491
317445058
282259081
577608606
656262022
962686921
42025615
785445070
445653923
507241189
212331774
734348905
243715565
369102735
604328348
673266714
347428865
733715845
752469956
704567740
609107360
872314243
216120212
337996229
80140485
49964149
608552489
681266755
690081021
953780766
457979389
731969953
324256773
315763923
403367408
424568169
336714220
56851671
618794581
706637717
752173711
205757846
661601814
745429170
641554832
641372499
268664818
43737047
977069999
158176827
652851243
159461033
317397278
747261424
518986711
255799048
728670681
121389592
276483575
520907473
424443885
696103657
649146989
966482424
238534172
374284268
743213976
198603541
376426429
743429939
78696478
270160320
382405018
7656288
38237981
369350070
650345733
575023495
938977376
173968858
865429029
664943568
473657047
811811399
213471155
66341215
313615335
957988079
633556540
21290321
327675494
26659976
739567391
349494037
553761427
98598642
712042962
794792506
128258963
585188913
160532486
148581119
990038091
722171798
359635923
194031212
878687958
148061295
482758003
478753017
92210093
129811239
988721069
112293216
483081669
638509265
681701375
19569102
311410552
623573244
683158524
838025829
840094315
549182924
146874026
120079055
584743289
131298794
639426986
245092609
609938997
862029608
737473417
924764562
966825959
614962314
588524819
868454976
15286523
489099496
569251815
23702767
463422027
705748805
97214452
424044989
26382706
880618050
243801287
270685108
614412387
116207837
858345383
915301052
434447325
139008675
259243570
156149483
512702915
434036342
566326047
202700936
877777771
157900278
981672539
920715687
125506022
208519597
414541419
490579750
60509994
9049243
949456792
258776275
315802163
823512777
687828377
648533187
368898352
691318470
102340314
804069096
396250155
372613211
294528746
56302916
19223014
70487867
855485199
448357904
348056764
847185066
982169022
995544001
909924836
77622901
398184119
341084840
17970748
764866649
764688898
91030527
299080511
573825651
623605393
797574823
165727575
259831442
704205450
906793279
633292894
927036998
27875986
269943610
88121502
856641314
457016492
110693993
85507065
784877938
27326507
45157275
559119703
371158117
351026966
904752326
333222238
8411713
941571854
134427461
114041443
948785534
137645027
5033448
133320479
930571425
520855800
630578164
440631888
224389067
468043403
991987469
549069702
311200055
37167982
169632337
660157693
953639843
626286828
358667893
560741631
907702014
522240144
48998955
313615335
793120557
406298478
798214914
225566567
163180693
424058571
199029882
998026824
954164252
886536298
851306959
768246384
175754944
9177940
385563447
475560310
942305544
113244379
343243058
665996643
371576513
784587933
409094972
904551986
965693389
485389705
582936566
52671788
627872830
738170609
807841766
193351949
617565791
690364032
817882970
684519395
645298918
819227031
544023325
414498200
20626679
83775922
184635201
889814571
635052662
956058919
881451014
605614388
215920346
648646090
14187298
884508745
838814364
300371831
809333451
109062777
348831662
820472106
137099866
765891345
727490812
805991805
472805630
437055995
601878256
540418908
245440297
821061015
186281133
362541658
710085406
449606834
199096265
652154920
987462342
504806078
720119759
932204614
840490555
847094354
858532964
47260010
197715738
603169414
272592666
851053592
470606703
836429637
910381711
863314814
896250366
824123
379128952
82526831
338129031
260245670
623988570
930846598
761849839
977156265
192547816
478188932
418582247
567291255
244750506
432892763
69578458
717708647
56884736
783169419
53819788
268875457
169140694
699128282
712868333
909247112
972025082
321946978
275216800
45725359
857761089
382265078
115975542
453962340
94129519
808204416
4735200
157759468
11922462
394878144
110734709
233393874
604303056
264352672
3810934
839573776
103752768
336744871
738107013
216505836
419910132
387239569
284612771
501635249
681762097
251376124
456306614
508014983
380858394
342680700
516184873
414726501
283050652
209612394
560042413
687979612
360857295
96957249
66589664
243852524
159558166
912189295
756083189
501994040
618313974
182479769
263772010
954757737
335264695
448867504
197988378
567097047
219109542
70178146
34891158
740967894
833092285
285313508
761402003
614342592
781465298
495572691
4193941
2260021
208150857
97829932
287320325
805820793
798007974
624556199
307532463
642251785
854525477
993899845
368571013
8821916
202320222
811193182
948108761
838396037
177565285
690787631
199029316
165058630
30613184
152131196
42162987
123480404
791428520
116366981
747259298
598474050
655568460
872247490
343048919
104558944
275546367
765859900
528913788
630540945
67853812
662014773
698998444
932075424
96450975
951652647
172232364
437420520
507132669
866108853
520888255
9997494
914479679
313177650
201245140
669016570
474352337
826145266
607529473
410870344
780021176
878451256
124346708
508432674
28096271
548719130
542503652
997511847
786645852
205371220
561390085
473956416
955374628
381924962
691516446
262964803
133320479
71084644
147925282
285725431
146824506
578617070
654564412
245361759
161024498
816935446
525800176
655337101
415533573
300955351
3315789
976503845
780370785
924641658
927075044
445874162
458051929
410465062
801782404
183211350
180733192
61932609
295112897
246398785
792952954
599265124
577684689
353921752
727717757
932648914
484064464
611790833
534099668
318808029
411371762
4616846
30969805
332575428
886068659
657702706
334213477
399962845
441926455
412898755
853025823
523632893
288358348
878659911
443748704
217434420
93577676
539759209
555936035
637652598
278264744
718928106
154980558
453940219
128248174
980439019
540067753
442301036
385193452
983297890
983636816
22987494
324976838
649609688
4478438
642936101
984788531
601035391
623650860
579031030
61227614
841070003
571466136
906307164
262811502
500991399
771351016
145909088
190328539
311526624
20965180
857450781
370374862
555802080
9506379
680590684
403347067
444820046
932615190
593368194
565860706
342246859
415641203
130334070
998594594
597619166
12963326
976457895
754151774
821468020
453050542
986040892
614115378
504205826
979581729
517257949
193434241
798741858
616345942
587641729
617996535
143312479
230178061
872660943
875757701
814974226
613354145
440042678
362494269
273832901
370155410
793312940
594831803
759092051
440861702
836218043
834096860
44543328
412946455
282335144
519879283
213546881
734486351
667072756
298779209
377091038
856137767
825922631
809300642
343057360
326811711
993691525
279077944
775205685
88644071
24265766
81732514
895168690
109156939
819227031
489043264
576498331
802303501
680363337
415232632
657954605
364249259
692763129
849813699
273104203
713015540
104093517
745598172
47046874
434526937
732115071
230618818
739493491
350930130
430921468
820287454
202481760
58162316
6836638
420575198
204261117
341783730
153370339
211868614
62526639
623702836
631499756
171779120
998527836
262318192
761379655
248350343
398108911
59599403
927798174
32837742
241937037
254571339
186707170
224641936
548143810
39879374
390412892
333176417
55906973
932940412
241435188
925718344
649389574
328089339
677362219
231274655
403472313
560015759
713791210
395127549
311860434
543159671
94014924
550816028
782155786
371315064
158585793
464136287
162820052
920135877
52947977
850206864
418296352
536192504
45725359
406045439
793858994
214570290
788754316
378383975
303080078
963794319
724035066
659577777
59167676
66825763
263228735
3351813
113576837
549124266
488604632
776942642
881335446
449983797
973220564
606007118
687800378
707820571
389180795
84665320
973844688
259897791
509559928
927125011
399660595
172547439
601788172
73004540
856258238
555233113
252253319
216618205
500917397
646034592
193351949
198107401
320227643
206105348
170823714
15770523
358205913
441370098
702113046
968686299
958810759
52787255
374684074
396931450
763783260
814653220
860770379
112937957
315596512
139988558
536069847
508906238
641197434
97858423
839501645
374815702
230886653
389571915
277797695
461393618
665138092
543743746
444183871
261076169
625102191
137834752
663145946
137442837
775767406
647229585
969251913
456646301
314194167
109372408
250004231
716319709
124204720
156570437
218370064
438551564
777881550
173360855
921784321
49655175
10960000
409051203
236006134
62547249
734124153
566352804
574669526
678896144
205567783
339674145
82675712
616523754
670293769
268826541
343463372
729800215
484144084
858637255
998952045
277888145
576533788
446411204
512002104
598719397
994948537
893220359
255834262
226793410
995413371
613763981
332394757
696907095
111854049
109554772
751805515
986396964
766748173
442229787
914115605
82343894
987753161
119146868
170301350
628938953
816557377
810273454
711061304
623147542
939260930
151640342
149048875
873657916
586912995
35526682
530604468
318469825
129228348
434379515
600944328
180963808
399567130
300207161
380901214
199168473
949879567
496792344
613004478
961528924
538353572
764429457
276319809
834171663
809599428
965907150
229894096
180617163
227401089
727142337
555548948
763879741
727833078
571638490
821292053
795333233
482953576
318795484
75760696
622986600
834564698
504715231
447430413
760027210
794981478
388062869
84398112
222700973
798358603
811301998
62228593
9056088
647217088
632863557
87053074
759082895
366156197
554176800
692371475
596173274
87833811
76628774
930558963
881512774
64995984
575348191
921433439
914576664
200017177
625788187
460459011
95142714
684271750
802532128
255424947
330421752
700787570
660802955
680409691
197409434
628469354
411909602
118747841
396928747
929793989
766268705
396886388
671452826
508498675
905705359
318552736
223058998
412593120
42629848
499143698
401220842
351069005
409213635
594632483
926585195
187114926
597244070
267205005
45046591
805997098
840847060
27428430
989921788
601257230
108932739
528462548
902909003
822352275
723401376
320747985
50672927
396895246
370455740
413522831
457030817
780145224
161753817
433961946
474576554
741690475
280275546
416385745
18438612
767610407
276756727
214409925
355781051
845732663
845699631
194567667
257415217
894905668
128401214
161715558
599902772
848360266
133421985
101020424
379747661
498392581
940440946
37045411
633158832
798918866
82815113
56319655
289248700
350868652
125620897
280498359
192160995
837492119
861662292
657473088
217164483
601063453
578074711
968532217
283064386
590511422
445647666
229979533
61702921
872570806
789222420
299839922
164450498
388471322
98704718
556000110
45725359
875782671
765102681
51266836
685057059
318935892
541006976
802058976
480883704
972531172
436146319
868995914
373819655
208392387
969083494
502351581
929658457
416290784
975692402
105263563
56583405
522948237
507754207
824387431
128720389
1136592
735243834
956245424
364614053
211548727
947622940
224618708
276099784
20230207
141601598
988217974
625647791
122277056
167790261
674161539
941502842
143093871
418186289
835414954
328131012
760415555
283725658
305320561
491957956
449202391
543383621
263490971
891336714
226133859
248592358
236570421
716194541
334654091
728344245
467497569
670910973
594352848
737961413
825383267
112680777
204984120
795086239
928597072
861733494
110154587
285463260
577115358
908871075
425153923
212056707
844066501
931660456
132619976
459540523
750945825
262579368
459279372
852468151
39669459
382550436
888125492
406960225
728649243
719704595
975763256
146478578
602504644
383393513
400231157
337732379
690185112
279682496
661542231
951540735
671704511
655260977
176845986
794539042
678502724
105850616
494198496
769455854
230593539
407959643
237780156
824585395
259688698
149636678
275302987
733777494
365637881
140134172
537557999
514874853
807530356
338802831
159463323
890428408
305035643
69444945
103752768
913842905
152090928
352837315
90030005
378922079
481667900
287062164
400350745
622467084
480964309
95103416
740045136
157140093
401283743
798246891
815124856
313606924
202409134
678451630
21042196
717667331
467240227
817052701
454736201
386624596
741863032
516272936
416287254
420031247
333683164
485866423
316654811
856889856
533587156
774347153
864892274
157621909
368716471
574097684
319687767
746032520
797349948
210503145
461232540
330937389
829368512
994681041
543770598
101348645
246398785
580376736
582593284
489081441
863071097
734110303
429297323
130497852
315124943
325748064
731959046
46618389
717435078
290511992
72678332
50898909
284807426
26326869
16836914
30037324
425043484
108476533
881875930
981544469
63779249
540396931
544169989
442921067
378392025
704102926
913361562
909614035
433814799
698596695
988365015
281431121
276163191
372193217
706395415
520954061
562084386
971897967
922973035
42173143
340760437
720623144
927265293
262864811
448118797
68150600
105291515
838939002
976776367
583387970
650236009
428444929
841428404
634459431
810336691
836305634
910112935
71975840
283209900
972575066
818392884
640925963
738869157
522587895
787031950
158968845
873996241
216777148
989665384
731533845
292861790
743777364
354000694
500412031
356724549
653361699
540133460
998199259
269230717
503933214
998566513
192202114
691374798
899643449
766420965
23621199
504788572
925694498
283336429
206672967
132205302
313383932
391282522
958032303
883959996
720658221
708336314
34496947
513135488
46304636
297762117
527278701
367015138
183723508
962231865
733261242
240942983
893790991
104067366
220655701
275657174
727067388
602683
259266052
315275919
985236647
817802891
795841298
342836389
457011066
599354964
467464466
650279622
339023633
796700270
976811234
69028568
678703427
628737248
15937513
356350675
553747782
959653351
996896062
188992527
730382676
349173645
737782436
209349296
74827998
655883072
321616441
302212562
124315057
348673893
120752156
432642025
882496381
17362233
211754142
512487887
659834923
39120008
847268168
23000278
570701346
191024962
589142065
681571128
493607023
476567926
655578365
929600129
384328146
895973453
950579099
263130836
890498018
565032910
829474588
708742379
472508873
872469461
342756339
398347113
47792351
329780555
683872861
739753854
178613687
917337123
198949275
395975200
692859176
304668710
484315864
599169026
25494825
620826619
724561727
592147509
291871841
842449056
450885262
990852114
476725242
270688256
355318145
469550804
64191808
290232833
542272939
501660510
907924678
146726220
553201145
769388729
451386909
383410097
698851026
935133937
318426888
781040372
744820583
222748239
532938705
751487093
785623864
617990538
566412998
480191569
351181388
464909408
265925459
747576791
661818064
24777538
618971024
315569213
419127825
954300217
558582725
957071722
97766961
438371456
117850909
235206342
936674116
654776418
176951970
548941214
636447959
478320121
942271438
601859250
115309410
192776042
179794076
580177073
363002197
848243472
547845930
91003998
607614136
679975726
360144632
761069758
992294701
213985134
814384376
298979864
642529545
761382136
461328197
547931710
132714734
996725032
568310317
636442837
937949661
100651828
653574347
248654222
21613798
337400084
558213565
106485479
909522744
970329806
782831601
240542133
501129980
606326438
635198731
715764855
583147087
887977015
678937038
175545204
589632153
325771403
111744927
436522250
400663842
385985527
715817838
212051323
946306293
368189295
540342840
662324594
236523986
842003167
663548903
81924291
611459555
8757571
85225382
415211425
350857692
689851602
324308624
526595612
750426658
240957485
539310672
51477773
232432169
744201059
928907786
756355156
441814874
142923913
540868891
588729636
702362768
589560709
13483
21330505
325360763
963828500
239066985
975923455
867583937
681662446
309553524
681117518
907302546
578617070
168093820
438681969
510294511
435541512
293849962
415104869
148154193
418118964
84788783
561589748
937064495
956984844
774572674
857566442
532747342
773947498
992132077
41801167
608650995
79554829
705079269
709296514
628470220
568749853
561731361
389743579
312849608
11765809
7388891
170730459
36478049
479957373
120205288
608811544
306245553
759016728
540561237
732123230
46296629
775791996
839642781
994872196
17443286
341380468
172493575
267647294
124254475
603816366
194145406
915973726
707330678
322083643
125620897
189383005
263130839
286724584
902787830
503866013
102139498
468106249
928032650
562537785
177377332
485450350
136643092
236759649
497215007
702666041
900849390
923965931
357951795
758276948
46285478
718539584
365552905
645008403
869905660
29633587
458725377
797109429
537190050
734138173
636305959
600595702
263417653
244936123
574763968
619730616
335702854
842286334
369106676
970383718
182326104
292145190
226156079
987564387
281265493
570919030
260983328
489189929
474895780
455107428
994904558
881967456
981886867
822694087
888398734
108791226
786642394
21393200
338465301
9349349
883968161
302836979
639987277
61288043
561202443
222748239
659843853
442103109
814445203
161574140
277161191
46932869
703910501
461902012
212578471
511276021
323159851
926694244
740781881
781639800
232010693
88454954
906370540
251161545
851389057
68654168
181664957
240631442
671494107
750458668
449639150
410369190
22212343
54081698
979780510
788140041
910872113
589479692
853424123
663112852
725807026
367115511
562715472
265372422
240833951
25625954
436147105
381487689
991880058
530279484
523632890
692484946
907726015
680362383
432092669
812359089
78447056
85592714
379822721
351446008
838507932
28088369
798143572
969578193
345708251
82981488
956888220
633556540
744771411
440419032
587994422
417162396
484026283
980350655
504485879
356954006
311825643
69231130
243330911
388178656
325476177
420932810
828831737
762674351
154964829
291225395
826680819
726837577
159047660
995431840
588075054
976622244
806792141
418367791
274068066
959852471
805850796
993291916
581765707
482858161
362636864
791772536
118783924
994898284
117770955
126019902
342173093
177912925
497487428
253441410
172175643
757895457
826194346
223205603
348278504
312351982
126339490
460274118
610714618
817240815
384146690
215994557
27727173
959011714
216928418
270786995
139326496
517298114
318166987
784634759
440308821
210287600
74743172
538141082
713069608
505800034
900436741
602159780
692158614
310919573
676545784
657784576
263500298
641143764
323165163
939324681
532005315
727250162
360114971
972610587
56047361
512715288
56045148
518450854
551584879
274509047
43066794
196239764
570340202
31863215
972404034
798077456
12606195
46160267
304885615
19268504
293419037
23191419
936423502
645060265
153464891
398067886
340760430
383645346
326692083
150996225
145405542
577716197
246864229
854624845
843320886
832398275
637807838
111847755
288067447
647175913
268789004
525719015
851040763
734684528
827176759
159576648
193643600
865429029
21089221
156691967
825955410
242299761
460144941
578096508
136073505
379942496
899756329
630607346
972121792
200524112
836259178
923479549
131877412
840197303
883040143
792809659
541376504
214767655
835747023
760838120
80939653
817882970
417207645
709441789
763832751
895131271
392098864
552417342
333964927
657901051
678564244
383392315
5829257
76045465
814617185
196988980
351249413
498452993
315269736
434721346
487089464
121311841
152277425
657592481
602159780
173445607
166828211
184482597
373068858
916850192
704739237
685534154
651382375
834343815
872229556
952319851
964778968
927798174
252143868
813070161
231289101
650374379
663203708
582833020
823058323
208616796
493044713
107694843
75290388
126330066
827923524
964054301
958750543
294776867
934273244
783322865
731625636
955606445
255649250
582819793
264390030
511151776
491007845
407644442
244120654
630583478
628733003
456124744
470275613
681535734
787950503
199015684
267976008
125200634
566655791
757783251
586167610
458379404
615454427
723925647
83724579
674724338
955037440
820272813
174133894
642780038
935591880
262637187
607204932
16013077
535332433
469759021
803935819
883573799
688587743
986338464
29155668
35184054
548668578
500896699
712735992
731337337
29695554
676666587
68851557
70247341
571335059
74510035
511523928
888895578
964519730
657039230
995745407
621900613
33844036
457247173
561306839
736320006
516906396
866396755
911899807
895477045
238187841
694281254
268810616
176657075
3574143
966681626
784346682
699697891
692736637
197700654
537138353
284034093
927236473
455599595
581762681
283229798
195211107
502921047
852461987
412718475
155705277
871473357
560129778
339265250
456244082
402454734
623245869
583475433
439195627
37207223
413031063
337857271
419347838
147130959
988781260
549681929
389440836
534710228
831900559
281942353
309646517
475556751
717936528
656814722
246975687
102706728
886333067
56260645
250032858
877297157
854148680
677473108
974837020
647020796
309620493
132196466
265302235
468738261
596759424
526659900
482454554
741218571
778822358
101053238
81788116
122256885
166369382
356568957
769994234
982664884
737275180
261103320
224560172
629223769
506399474
897236417
356803733
60158566
334886343
676685313
417499388
357977849
785817564
107121516
206380588
474392768
768352702
944699862
366693144
413394728
228617577
105887342
715556939
28738521
194084877
321978001
818477260
703065455
67248827
407532577
5477699
132514839
355548794
922889123
806080656
736730659
850492572
858973511
937877301
681533771
923193088
333307348
862955835
585415452
197080699
99899252
240464919
362473455
279299767
740715022
5499344
559453265
577858970
517632518
144363823
405289824
439078443
737770741
691333820
642407368
66816007
859999676
407562429
797574823
918155803
89666127
716162446
610179820
697300637
691416500
755535601
120681192
724901913
882097188
773088243
8654254
733307328
617815536
897823652
599773711
408837620
490513845
672198310
33958800
297090054
194956306
58731242
771134503
206318883
685313539
742586940
550611115
957922386
46178597
68925526
492668405
773246314
833835078
39990290
355447356
473698936
555346966
527322264
514131925
622991610
204917754
575033191
638885007
789259517
981442295
460496694
725026483
979793974
376664018
245908182
625339482
496824377
817790113
618112782
747502880
916963027
840850657
687055114
447291581
744080596
463081222
896927978
54098391
545022612
964933392
542696489
252069999
5937639
476100800
952403813
944196446
256246428
925592660
723279414
124963430
814558633
134268680
853731925
251809449
732373848
270688253
483750673
704614603
226466788
410939264
337867566
951540735
267825542
498784302
412946455
176185694
82475672
303003560
586996086
938772951
34741930
217517035
896766849
697536384
737347705
330733153
45830065
444183871
919750792
167851428
895284949
885466800
186008900
550723253
779586171
694305462
555506076
932248437
892008138
13643660
588013930
585900762
108627753
404800761
561298778
824643231
645561469
989593681
873925496
808632187
976028866
135095000
536482990
472747163
23047917
491809241
869354413
481523636
183434045
544017421
911024648
391262773
965060158
618482667
412431982
57749351
398079876
422280719
66172438
475665142
826179144
683091
806110354
325557850
42162987
742395473
227676963
996313636
124015408
4266339
362704775
704656316
906566969
395075668
22274889
595823369
801862497
585590911
492596079
707637003
579505617
86233965
997360342
210250827
573743960
545348332
157442111
153020206
307717907
936778448
201207258
691791524
846580660
200525064
196476075
521462788
37729913
816354208
651636863
948807646
292950382
126144573
49462229
997288888
310262961
348021040
151903332
930229849
691731551
732919718
915647647
892849909
603414585
788308466
861939393
193167639
993413042
97764081
51810818
834038973
274652899
923972230
911283191
903574251
379790773
297497430
669133560
725253575
459939515
437731322
213818865
749564432
529346299
465163844
347152732
29801666
706332986
360283104
665904375
297389120
920734380
509051588
660304133
430742138
773998044
761714268
26515169
291348298
189200575
586711524
329083590
177000348
86598633
493480510
420222689
111118451
271021655
115052290
487060531
818569431
200547424
66610772
686720790
623350259
191167684
483613160
116650295
608998287
644691309
61658317
148338577
964598552
858532964
55077762
239283254
177322157
731474855
914384302
236367312
975116450
619617454
72476137
246480819
947348078
488192960
552359602
608815923
146300147
364347671
22012671
852150136
816260882
653284807
720583448
786524053
545001630
723208925
857283153
948618178
931162971
848602350
655304739
405259275
418021878
494751750
610593108
712227471
826427861
622083494
745429170
340831224
511995389
343522091
957045024
588419694
246624707
645861012
174452031
539985897
568616057
935598224
334137835
5526312
248249106
605592769
375066698
565928848
650263520
209441970
803493904
896927987
597546232
808998237
277217309
380267954
904267580
233733558
361488223
817229685
821034725
465736453
529323495
189489566
51810818
527022991
877640330
180526943
669821227
680786540
8516978
591784056
267777059
230690538
650353831
704490444
936051403
858264194
886505604
752846160
557571908
43096592
293950802
62597997
742933181
550939111
380805981
281828907
479053160
480458302
178565583
133891594
595953198
842614046
832370563
102171681
767441093
454984847
94165653
764198743
412483187
669810135
423644813
302029909
81025392
353962335
468483301
75833942
479680140
102944721
138095444
461399988
555955403
128448961
254558300
920144670
524108757
781821827
184561955
844594582
531447432
47047839
666400351
404490990
840612691
979185114
445978414
739671444
829788858
600568754
467472201
358305879
644839267
107626930
32497993
376907582
417487817
794786873
106856787
555559195
681836888
993116984
76591679
232570843
292090382
874890676
173574009
821558927
472349938
526348307
735747716
334555681
349051092
62999917
354476593
199728380
420360632
566234518
473657050
209573700
552876996
978777941
554531358
851053589
139265355
973329020
295317670
506780736
304702733
844666061
90608133
810055231
341144143
815501102
257655985
415327742
95053555
877646332
647252647
637006833
539297875
783311407
438787358
947249648
554112781
209549572
894463001
42877523
231405089
359572589
927312392
518458687
79484234
399239275
133464933
60454932
957839566
81129995
68601860
77464829
950361229
862241922
733715842
971594460
900344161
88999284
74292384
658107065
784622866
549245134
2260021
626567882
230539860
112725397
597590228
641267989
150116696
573743960
648205322
468494378
153834773
913680299
422192849
263106261
801063533
46966757
276290132
662275710
380534880
733766093
238050401
303081176
132184339
393705689
334674743
164576154
257304859
39468801
415931242
673529655
240385318
84022623
853438622
342455657
166718302
576169572
782180067
565828787
978695562
540172458
768644193
300715612
663754233
358650016
479587783
266162812
840715432
244618862
784649659
209104808
88968613
525073135
603886994
90125302
792607963
988251892
547526747
447827728
228404398
533470713
997753122
903450930
419986440
622717573
834905037
806723625
620499405
848194365
635837765
907308562
38375489
386022545
90388242
456591443
152363417
31801875
609105711
7659908
392659913
642400841
227963597
619038547
831054080
806429867
48306553
6915348
251475104
201562474
272772643
635723885
834013930
336401456
404479072
408138862
318978780
96613104
53169630
837492136
736482132
299589487
801311730
720846841
374948445
175600446
182896880
646109387
966711714
764349966
337665064
370209603
921595227
553615230
965003723
108497376
235838908
957909859
381030033
113333349
164927909
869995427
624049879
184387743
342480308
457650527
68665406
372370577
552841315
922060608
889113827
573327060
443153384
740789855
524314436
252462069
20529007
654349465
797293408
394245104
628997671
1006068
362684679
120218339
700824230
193356013
247396618
994820721
836528727
692840477
893743630
448135004
199470636
146131436
370759926
237103951
143234561
156341448
949659732
663238536
720656218
967674577
51432902
247704764
143946014
339458823
739837382
722281871
485461171
54651805
209938693
539114239
228524927
963450782
818934479
590970167
710924793
964646152
35905268
722271847
826014347
489118858
718746563
755535601
779195868
571067509
122768555
651045265
184703297
283090833
521733971
3132173
251230841
603277305
978385984
673745966
440826114
876018923
496024807
53702188
290454900
12561002
103758351
340626060
813871701
602757828
612699517
369918692
401094846
791740801
715775880
449544887
811548604
960730783
633390249
10094423
984058148
368611991
533882114
861066401
129812936
443828274
506135968
419560406
567824993
53356343
343154654
564299334
111133015
82784946
95303
791415902
629857187
677404148
691687022
56373506
224568817
424125670
789778430
676196752
968949639
812250994
845859296
460410098
611288910
615828077
708098072
743888528
555412565
909158930
59977551
802900447
613113936
411169091
166569305
876373972
575324461
207964877
451012991
836294699
372976306
14530081
134971806
827145971
102792279
709096384
729476613
896017466
308717745
339171695
512928155
243623598
268731069
972031219
152992462
78246857
171512049
868145567
294542184
520969847
652769244
597438883
306360324
509458767
57653013
774508762
138099506
473743892
759016721
616489875
839791736
787609704
580118317
531791824
717223632
668420097
114159444
823586494
520710940
569074719
303586304
66985852
141137183
709061919
360015429
596682555
354618060
759920782
480743040
188810704
646912244
375672357
597509805
896358698
942946788
855578010
905758125
634437698
835864249
11911737
584693398
716778859
978576838
535997672
650826074
87547331
435889862
526616976
823706819
480902122
232004151
203646644
600743814
214708756
317359507
253308515
720039760
664696754
751359650
16177175
400476871
407684127
637682613
811800256
961130883
423891841
413174166
911420307
912619559
926723693
18228319
505227169
919394429
392584290
535333977
107694122
178461128
269539204
255983258
853676531
65584104
241569981
411445628
783732561
447019594
854787757
279679947
202302992
120940822
401656582
476821377
879511236
387055644
89066185
538635731
773320941
555875500
971747405
711461163
714514675
165389978
660408490
37822536
942660010
264517785
202756863
84891316
91605676
936574195
84133978
3892738
284749915
954602588
252466989
560633822
983355948
817087014
155822374
230295450
853762512
28460990
406174030
363238878
46905921
771042237
175164985
382723071
65217551
733598125
506467629
169791822
340574914
496558493
143761986
216798706
75811422
810025628
416370899
30089178
118437732
174861302
410864912
36196460
442754701
372040299
227697439
319246955
41292760
191459386
759935383
708788925
862222988
990933356
983465921
721876134
530851430
697963447
119546624
462625344
394788320
807479434
319255956
74196853
562016052
465779663
965279451
886301981
530981226
325599159
63009952
640749000
106454316
718304068
274390223
525073138
331577445
481582343
788252050
22563412
592143395
297242655
875117572
110010576
513026117
343692050
601465742
17141643
39629470
985702851
582597196
641332340
66727341
565472111
712326331
299368383
770033846
679470062
912268234
775089115
668481923
267886007
486577265
56132969
257393659
220413058
814223164
399491160
996040897
47020441
112350995
336987750
396412978
551234111
924627524
772173654
588096833
778606423
193527823
910416298
947947191
868980676
146601990
890403549
341062145
488138427
298473512
792793263
378562371
218037428
319790417
800019728
607936088
805838043
491740398
685779496
252687093
553428363
930520147
815372867
551396841
246233379
402836924
451117961
20690129
31258717
544375725
604423301
442525435
942660458
370197628
3054318
321144099
924142582
410629880
51250182
96802763
702092768
617755009
537429993
285340143
969293441
860651706
214652002
623108788
209267865
37808012
832949760
831156852
270394455
521146435
805828233
62777104
902365445
279150395
663857378
79979531
805833731
926115246
254264447
213855890
704404201
608303765
612623390
292469498
636888102
946306293
282597899
739512096
934894522
480766597
305159885
195159292
891034154
117726922
182751098
599437268
463347123
266509487
540888740
364106825
355105918
405296264
245088081
234240426
485518594
326282360
466975867
154005066
350210878
567609481
352223574
229291465
482154182
575528120
218363532
612453670
871519238
54566929
654861623
530279459
366940944
332320937
444183874
210977771
514700068
954299650
777967987
139001839
123708588
878042942
368578934
180735358
196152136
820106975
879584810
313288071
395258445
958188588
428099268
64060324
582233853
680888897
87575665
924552437
780012925
120574538
538383174
100603630
799123292
477552172
532518884
366268597
518587078
854474500
856930644
58469242
815124856
2795266
686813558
350248789
193870414
530829128
51684507
794900590
314725615
704868666
658327375
678720738
698685327
666810012
572934786
365288612
468055519
840197303
475837797
192844892
283441988
971923728
392624235
62274984
666142434
383441246
685560185
663188521
567951669
929659990
737176138
589355241
51054980
438013875
904674650
453975853
201226957
109662169
448083720
436816525
247871588
779698890
819186542
821425793
595798868
346226515
786609783
754003036
34809337
313309374
207771306
472278302
479454820
91736331
238942473
476181420
503125362
347191296
436411634
39746482
306400326
303455263
866792832
813556008
219110723
722265311
468483934
766737903
262718929
321390651
127871241
631288213
140856133
171212275
375656341
182751367
151640342
684296289
317522491
925032089
645857507
489768432
446922512
442566590
552986437
852674289
635644341
743567495
947096140
866824590
872643490
726987896
611764013
22345086
545646531
462646935
832425971
577554754
761977511
651858548
691756880
626226419
172904898
434660957
596605976
915300601
421374814
328919266
438873259
262407275
43436361
924819388
516087600
285536081
691416338
877185383
934949294
929574614
26174180
383140800
391933624
151334304
484395521
428050901
139004752
3594209
75711996
689759605
159397743
73125647
923561835
661242305
545328165
188319275
780472314
306827060
838251986
710005564
14104216
779816677
891277382
851463042
483551985
89291221
555569788
202999213
649851289
982734841
457030817
800010406
976031785
893698303
673478913
457314341
423667641
577624990
250544499
78958490
212034002
987229011
328195379
955952368
865759121
301584708
21042193
73858696
734697761
136583455
185590993
118995677
129239514
828503040
773921619
112024208
906611051
618792853
957545800
814852817
597792039
585143978
872354361
794206824
97233010
502183773
28372367
383113021
335196825
405887003
404817250
598874717
3004447
981261995
950987883
978990373
752904845
376513349
272772643
406515240
951769546
29583839
216120212
171957002
488756655
175871508
474383518
458539634
586253933
336677818
126352241
303704508
902175936
756351427
600838092
289007582
998214628
670014725
285184620
244494983
33774713
958856793
700116876
647306181
584022815
684555798
344481512
661778917
534517833
8654251
832510453
5104194
589921811
394788320
468827201
53649154
983795585
754141285
828420065
132087164
385568485
192809930
918300776
996023785
367923275
789559540
463727218
859831764
857542836
239526581
145805349
678520312
817494005
163885219
974812315
107201174
264422302
293298223
343989807
269630373
447345507
238711783
318284005
990402088
724434026
859999676
171512052
564823198
310487954
849337176
156063335
395181542
54510017
14336080
845236020
926390556
226019846
907190995
463601675
893261996
485985104
233359079
412715175
286590978
22081338
673879556
184035505
629985518
472815382
711684121
236448114
380102272
159897317
479806095
65457664
307570563
209037645
708892138
687164308
868600279
849848961
238194339
638580565
83729941
15065093
602423471
929347090
633303068
865253272
491243894
282737744
743128343
914697836
14336080
699857166
801119945
316859985
820113601
188572131
740967894
802988264
340200316
795247421
131870243
909988147
129106060
577559179
203408118
648667607
245318258
972010739
815476114
65502308
567911344
55291067
155080049
482464908
604633902
546521293
251455669
989098801
234640731
189989262
396123487
207806749
581612135
682373732
951652647
412415740
173795515
82481192
482884161
657692561
563018198
913796899
342123414
940576568
189886416
233209155
858319230
562585440
891533202
249965632
961884822
193320781
746514433
866143593
641545386
412408348
552806099
304191182
182666329
784150432
295934047
689630633
943531772
557571908
990106399
540135347
398640317
950787518
752441184
354586904
627009140
913948668
949456795
91125100
109010070
471781446
870638766
388252399
412809205
790038091
863665662
970051561
628421863
302917961
276756721
954526321
833134381
107988996
887035865
482466697
298946174
196600421
907768894
628058784
676089765
65300463
918907494
627960271
285950292
804173148
293419037
85578903
137693231
642780038
397839618
919713561
349901444
310249705
832998291
591050978
803072015
607793364
303139158
531147662
10124581
844969266
390809352
839334536
907976810
583905773
862946298
486724898
391573191
675199335
134356696
416043529
822335060
358669508
76788383
99261240
880336760
880167084
919449394
335550114
31023391
783127391
704154910
133683378
567641166
379822721
480372706
288362233
709069026
251263677
917019456
990656696
661882212
150321200
70969543
737815208
70493065
334203072
132567376
625422143
617310271
650679286
49135628
411976712
884250022
179794076
297242655
468303095
418092175
262547566
718121542
920668314
448945073
409940167
396928750
209230029
586922909
546725059
30667038
625209114
657506239
918499399
767541496
604775258
151480008
62531540
662081505
584265354
485191860
591309704
349992549
65047351
427296184
535210732
318104199
47857936
805057646
10972513
42564213
985575255
21767457
559819367
855028761
657673188
543389303
281503829
786042084
781064784
927294517
414411959
139757988
774883043
183415582
107862422
662434593
925357558
879626221
442534064
998367314
693437373
298884331
84039788
32921
472208881
242804484
45820021
635216847
333996325
419046183
769864066
574592838
44227478
903953963
535567421
316969426
772882314
39025714
207771309
195623362
865967301
275463959
952509995
46178597
188807249
132199254
764902339
400801786
478022485
98250490
853955423
206537656
365312896
574158234
366740762
337622492
294107403
308702064
238977926
236297461
29805031
603414585
968025671
475297915
582747023
849871509
255649250
28803953
811214018
969210962
899990045
954921956
243623598
7437978
988997188
984125245
449927082
321423915
534404452
200949113
973753355
903517040
589585073
176107635
274052392
740092272
45322637
925536164
535337846
241928920
893790991
720495582
732260248
821309350
957650270
755994452
688228989
821576108
773389726
961088111
302433794
644087110
361953111
916395037
998897196
736195360
458776774
305741701
611989599
145175823
284049148
229836865
972334831
823653060
200044870
276438499
728837046
405325610
563064736
7835730
939001184
72901960
855816288
446246143
31148407
545119477
657702706
124813852
348891791
620566239
944208380
890630560
968213215
774084085
51168484
954637290
353509205
824382148
220309184
495105321
129466004
632027231
648528876
441068060
138970194
20791233
805861849
249424874
479775728
712740062
327174738
356180004
644087110
699829002
735110369
771136439
731310762
444750415
642400841
840850657
759510196
319799642
968966969
764899768
215638846
512723007
816978320
604785758
283998860
181318433
864494290
817137290
758558733
544625737
280091100
503672305
468386706
815786969
507039836
713883410
946682172
975826293
192894754
676123362
729829378
646400829
967793365
5838134
581701529
472907671
883836529
927959790
746836232
842286334
288852779
491829064
831988780
968532217
785901374
510345495
890186283
474640648
756355153
64626970
851680103
100092756
174100801
230646802
662954397
10513684
50482169
952167872
758501367
211595185
962867314
439964783
783425440
779291332
274068066
585259095
226307348
669406641
860548127
287296031
999427840
123361982
463918153
747786315
101673097
437300988
184826479
631682190
180553972
585627401
149134417
654017550
916201174
849667562
958042286
712349473
46116153
253292927
497335400
578074711
525434893
6883451
372997417
990486055
28370104
137026197
876254057
239178150
330766919
248440651
730170431
819998525
792103562
235251659
186027536
620855104
958042286
971647894
167955685
414263055
417658940
374210869
824418496
98973448
867171906
540025686
148153471
726871264
577188209
930159786
873016123
73299362
33567800
697434526
404866566
3729239
941523811
5245243
22837191
137162290
619879469
252813990
439433437
559441274
787516565
301180118
92407864
345905494
911356970
921606821
321029669
772117453
384701052
554036743
949382389
954541508
690271097
223257564
522336662
156021699
576685139
203070191
138162889
478919743
379462052
566700646
75585747
162746062
407036683
161780838
193739205
473797466
832428623
998171279
830011419
648159540
571588701
471560586
102260196
280727771
225457489
633395607
597116946
901675660
64328120
585655303
424719458
122950227
876975666
576498331
345658090
636471511
40079158
157544189
798276246
802904741
518037454
882214695
482779789
863884619
958407024
427182118
530014620
702729433
457270316
529579139
983333536
261872404
381233013
511339133
530121004
523425023
454889531
859214205
11144247
730202289
27276611
972610587
44866011
681172585
781772438
778227715
832301469
824233893
108198384
471824457
598540319
920737111
810817730
817057081
630921217
265200852
812099416
63058733
270189077
51876385
844614847
563525796
906362516
385474809
72936999
123988638
953992230
808569153
526120090
311217329
697777801
128838602
402791386
424682492
847178267
884710720
337712982
774446541
305057272
81788100
775983875
40463264
681273376
188343934
352730042
608158227
946325070
160339718
260141427
590037534
258514526
622235146
798561793
636217155
390534711
194915393
281969617
850620389
788249135
766616946
479673250
924824410
360705343
978700209
254485041
295745516
390817617
713719465
426244828
876018923
523058046
35684967
999972183
926499421
98877756
609089006
357445296
538295034
504773130
554531358
273227421
402544001
426155779
693102606
693904558
825730212
567146457
16988314
930087495
872688254
886747127
877871845
517566462
848892875
503830433
965990335
992054414
785162317
322712606
258785770
163780861
544659818
308984157
724681101
965229866
376962988
238669182
315552703
312675541
595594317
743341084
410746678
446457936
456142877
53728481
56830689
952038536
27105497
762885370
424003097
613429773
273650755
71677812
264423737
18468852
189957008
738575555
109972662
154655780
744378297
834603418
704631287
132889633
478466793
391727718
142345529
572550156
980877778
142796323
122950227
535208594
599533044
552806099
236759640
808229004
543516813
758276948
784761823
452620215
691705313
466025063
736523819
397353547
823973218
909922817
227907763
317776873
429892232
829234976
908252732
681631707
101026834
681818324
683825249
827543161
886537881
208736909
455683391
334660998
921607771
373120658
743964598
533810389
173115758
912754035
811173531
799454317
361943517
817626964
406514160
234710421
462228044
827704683
169396128
248089662
941505175
218403225
491122091
157652865
267111432
502655879
520568635
5849366
540497040
794571002
402180525
664679650
326632723
798260031
135731537
883355462
71741001
817229685
932708428
199697778
630220795
514351978
736177964
547012401
812435945
662275710
220122283
392049036
945708109
181341443
244541056
597727911
286039080
204551776
612394398
364839925
411163288
854461938
703518308
339029767
10296744
51105590
580019212
509267465
647475192
317261538
274688137
461664863
528764007
660955479
938402570
999307609
58763664
585226514
714338436
705096499
353322092
280417687
571683106
683825249
381491093
714788726
208982898
37116077
401430121
913796890
415232632
417577911
856163135
626270499
474965215
497315960
237655758
742262064
152399695
866169503
262396726
163619467
194956146
395798085
73299362
740996530
482069205
501502193
838030667
850623467
69918043
392724055
515747428
332748187
398773349
162847852
533011599
865920507
59037198
997872673
542591569
898753540
592686967
905461183
619462445
409200913
895381032
989241967
798863925
667241289
187114933
246660007
10187189
610061111
928756306
771977616
540649812
555690540
152090925
245318258
177662222
674703090
16013077
624329666
36622827
914274609
809774906
141525327
678655343
696401322
557035861
38282086
190572572
215103029
500949948
576207589
810892873
389226428
480899099
145394426
872229556
82408269
555941255
626802775
313848544
357762053
117141088
292297803
663446862
526095768
863095708
793623901
885410795
123447042
374709833
318891255
677090874
300759989
901528881
684654444
80987340
37378090
336714220
114041443
153174399
201756218
115547018
256282068
934371655
582911377
773264838
325885962
429209357
530473960
450861454
455512325
358882315
661763176
624370322
925311703
773992619
489995403
372314950
418186835
131897148
547526152
196490610
617434789
118016573
844201997
62280193
348961224
568540534
356421967
330839139
525503730
457271037
865297895
511523928
177321526
201764873
414119975
382077345
830640138
821111884
611989599
436563269
473132308
514729568
78465720
556183493
641197434
119772495
211662690
33863167
637021713
286870992
677928729
692196415
522670230
524876197
624366724
982621780
4413624
322881496
136868343
695025978
347588720
857458469
367315967
163314851
425555684
675166789
859627484
964804921
522234949
773600499
227356281
954209604
843722652
640837159
39440476
576744351
123080433
628006750
41684428
251317033
572809472
922245862
581312554
630663942
347588720
7717567
222175381
417230337
103527664
216716533
188396468
434341731
3828145
74466695
966611094
694101600
623152967
451302744
304688199
217634950
205903413
870552174
765172433
913788177
386999734
120074722
862507270
262004960
369452254
979793252
91030527
693983837
84840767
462564481
442120615
908528510
745219151
755420831
837482963
25769651
667901230
922694651
326114606
484923063
525344462
357247596
332394757
390391018
720597484
491521013
974492735
444030429
187068528
662808547
457346962
821898439
684917790
594502929
163975877
252660130
843156966
33958800
649104776
119589076
888711459
163985542
802818820
420534827
610168299
987822734
716220364
156924273
396817065
177376068
47069490
831716040
768160857
364152009
950277875
676086111
234640731
863879191
670279452
733598125
398404175
356420533
767296713
300284378
323192377
447283243
863108031
208145393
318444052
23630006
108670254
610591626
127953110
516118957
873884767
57199774
523488244
458501491
592870120
134054207
190144491
434320547
397931795
314881810
150290161
343985532
962647658
614326217
635198731
956042355
182900100
639229270
301252323
681321122
557142855
521868493
236533048
170822989
36097961
120940822
148633055
832203256
749350513
922663100
506510241
884371285
351826038
426864911
481706047
380542252
528905447
753311884
338098377
283879649
165806523
724888772
202438016
309865309
693859253
96275311
756628078
290022714
266507534
924552437
310603930
892897492
431482582
705363152
147901060
604800279
128980593
866997327
520264337
765769104
194571204
651092939
246318845
963350486
995562953
634040400
700486527
965006035
155930218
643081555
339133
233236875
693413130
70608675
36877222
589578066
349924275
913157189
855462088
533317760
371670543
212795896
280067405
728755716
677890495
751239866
170854714
80242382
454956090
524524561
366704359
868993676
533423792
918637859
747734400
205174133
839020499
605800799
904137071
297863721
75350641
763413661
485411624
419534813
356617826
448927392
716338498
761918043
10318537
993630306
352800242
246721515
666021431
853932664
367848617
753757496
223120487
452077591
597266847
839914589
891655673
723187112
201857847
25408783
661193153
248557347
516247306
214045069
70062080
245320466
230460107
246704103
74388619
499981151
664015858
863330557
863490453
809481263
558443357
341624158
92984809
940948725
526540447
39985036
245910012
222473902
847052594
71794701
768534297
616647601
521248105
3748769
895870710
215886378
247225960
451282399
764000441
284034065
127499150
915291366
355641978
615285381
687332800
174718017
212943085
298497308
522380181
223190899
17443286
861425538
888165940
897823652
842802731
516965998
466232821
382991605
366244187
216823870
224490858
620341817
766383853
186873724
280509086
370601222
758437519
200631537
475465259
565569223
627293532
640944273
252403040
629272628
425966450
89621550
850329647
11295762
684242800
167723408
110514431
367016258
424481113
585590905
677397537
803008428
842454428
8047806
336137699
48156411
594699109
728140022
846586525
868980676
45480564
917196916
846372841
529763810
928227738
730714039
372543549
376460310
720187421
33687599
987300505
933071766
847643958
919780154
33294833
602379197
865453309
233885463
963659248
925532537
789783211
617253754
383140800
464931145
207933181
379021069
89659003
264555002
550765935
682655658
550123249
941984050
540868891
169767944
945488632
187847404
713883410
138002299
565364612
962276188
410997109
261338516
395587135
367718414
515541178
262672232
517965781
34110426
34226759
395812416
386844635
315176738
989594723
782437198
180813046
235407367
571551442
893629618
584523837
356623714
307204984
748674820
444820043
670216498
979624317
94129516
867341458
242094880
176375336
394994438
75516336
923574955
482323077
828523099
902908895
16010605
588214804
228560107
649384103
169956675
52839290
50406923
80174893
709962958
136487068
945778341
185683583
780497695
49865920
614702095
429706393
832282204
381179665
269496048
616300925
625540790
366268597
540874956
862146924
214891571
583646235
955641565
595256794
731842680
997792968
420442630
710654864
798085629
988498692
368481935
876569402
94014778
690743814
772917387
457247154
261841874
600919989
75976622
120079052
214374712
382671594
718087958
397855075
129489304
668053537
426896479
575979947
457315507
807032698
800609427
379613659
327066902
363033165
788964316
324280594
586708792
579430278
144408564
375023684
201810938
311526621
198845890
354511551
681571128
324552389
945904996
63537026
525504326
194413521
670562746
487019590
241502841
876249108
389907688
206204175
933463958
485518594
969606157
611560213
984872796
69410429
49299322
773189718
317612156
592343978
174798971
661794268
526440044
732409417
703979791
55619195
139077228
659083463
381342841
901861042
413288046
493691245
396155060
187239048
300203043
445982825
243665124
405944842
529809833
515065923
657597975
816057846
341271386
443227717
82783150
944904174
731437221
12722482
633551706
44473940
721845508
192170550
752559028
722732447
26552515
704614603
647267134
282579428
228444038
416917540
528320536
864127086
232269982
165806519
769223142
845220699
278764717
914903391
106263296
960309435
873647525
499783139
596985185
784587067
72697214
264592315
342824415
611466718
57966250
329244881
332505963
270908367
773967584
796416673
485004912
734697761
143029487
232083075
622966074
792304117
858171179
332835299
854505370
817548250
512544473
932858628
710778144
155071519
319246955
762054348
46850107
668183718
305272917
747375846
772721077
89990835
56692622
265723589
869318237
107853894
94580851
271921792
657089011
469837432
47783222
631318563
268863805
879243410
503341186
864612540
413809485
838504419
375886729
951967261
37258903
432942233
624036501
101748584
486349676
468201536
816633628
256689225
155439872
122658478
896824554
225087512
159955836
217786151
779445131
624329666
998845369
773947498
280509086
382277713
259853314
918988765
152620047
334289422
551259190
996939640
487689232
853186994
946325070
933116736
556452992
841135673
425347026
702295529
891584032
837718086
324176270
846917148
45944480
888711459
697894775
967759317
790088506
349579098
10846675
513031568
51139760
149896921
991566909
942071298
298717199
667623229
114973849
673389072
96271615
309044468
554434616
143269037
677987013
520532243
674450979
109185033
110779472
882149913
306613136
838562749
715739354
38438929
138971381
943150963
382481130
896901098
929696705
791732340
632697848
446796762
227418671
241060244
939463491
371647763
492589291
265236981
488653181
94044048
862957924
908629647
509489891
773980416
589376371
961512619
494023592
718315843
635268052
112139881
913343250
575215139
110271049
444084480
776403019
642957869
53318074
141943904
257543000
336856636
330358250
302427519
429616158
255570331
428129864
439908631
483717785
495338710
767152031
885165883
971007217
999677684
777881550
890995761
841868744
491332443
788490206
681868972
549593415
226211816
285143648
231952838
669471198
953874409
72368349
395105277
779727685
157618609
342496131
2990988
547049515
926952533
730593557
130311762
99342500
417990728
227243466
839343967
26367103
915527541
744835817
613123038
335636994
909482998
520455075
522483753
311975012
408242304
588437783
140264506
437868175
544335624
664880680
624830291
622623234
472615960
65167036
814723586
773246314
149230466
716283132
985268703
627370741
665948194
48544178
482763127
334171503
181684730
265982287
184240105
61128445
867999063
731323437
568719162
876629339
528415409
473466086
498891159
469670843
795841298
488885557
930731210
662722646
111258460
512149043
600919989
459079872
784622866
831298659
123569934
983863866
674191949
471152773
912969682
668703430
369351577
305002629
576559931
703770951
167542683
85354270
425923340
341880182
157112613
515154326
969846124
405000677
204912499
1656014
763741765
307301998
353519658
950350135
120495262
401898673
292950382
198489864
637457105
92603207
311549977
133355011
760783525
360464715
851135842
252253319
844817558
739165306
574507780
98245306
955775565
803564329
504016930
567060112
456579217
764897664
738871653
366066747
618844623
783337520
145414865
286730543
696986991
192562624
423003257
840765074
467708297
365592782
884228245
96223360
189714237
548988879
159463323
469910311
483122327
304553681
262440846
877993963
405136728
282656870
37383335
578504563
34724461
276052933
933905011
860813166
80939653
130334063
939287828
817813901
585229848
607301927
28898495
970054490
599732843
328906273
527787269
571778353
159688634
706079783
653766201
162021632
383645346
58987326
860614887
918824866
118107707
49222194
802735265
102750079
292010114
170148140
834314243
690958967
753888312
723950995
432482270
79977919
99947754
762805852
277781151
856259726
279131719
155763313
340349003
395399249
161627413
54926447
950389432
695882957
336615591
836853173
273361289
379953768
330838622
819055279
924081598
758209301
796073724
104560391
178900632
344290599
962536823
11751683
958814256
119892705
219190354
751273770
894618556
959546820
84041017
648487562
352704157
360343726
62245534
940504758
95959119
634379500
371220567
339735517
569302529
902776070
505342403
464956183
87616283
858723457
756564794
84382997
523005587
141604951
876017257
569383095
473949187
211896672
878688649
648965104
372714586
873658596
735479623
900216007
376177286
924658084
3004447
895223630
466266420
12085388
346678855
803635452
224644119
115348160
980834667
656103326
958357031
933315336
123791020
636846933
680252609
277467107
7107268
374677370
313267253
848631711
434952831
670274236
629223772
716404011
312494623
331824945
388368939
810336691
75643069
333508790
214285516
583789082
294795330
962276188
605926287
248074284
946801435
661213329
997824874
346551304
977354709
469298543
451718046
132784629
514751730
444652593
807794160
128797333
232225787
980049934
100995798
784008514
923539825
853021796
247191193
667071798
440506420
995451403
784123866
404781559
310794394
204699656
415211422
275169379
427037456
902423967
957239809
399390025
195347500
596512973
223198423
665314641
722352793
948938643
671220693
702500308
910127521
800827207
487405039
467231195
395780586
430574007
311123799
563871690
601162759
804886398
468086161
679236626
108060107
883975304
110365077
293215672
468599848
704128316
546094512
128782097
665656457
819177164
930542081
872967350
328577088
466616244
367621918
564637393
995866412
811286256
929320670
68170426
202438009
488493774
450426568
857124654
95639467
737778345
681399483
161974678
176759830
204006427
386878593
916133889
482563094
294207483
962947673
591189039
560323785
953054753
570970822
235890724
589788122
337461254
306569675
974970411
732105212
671811169
115547015
505093564
312569277
665263768
133190023
881967456
995658927
81129995
262441904
300112086
385679680
627949841
835808667
745312189
193312299
595494631
308321302
695420842
866911406
65038969
652517791
472104191
114100313
53319694
83524790
515590191
193699389
167139144
768804281
234182679
457115186
266816528
711153848
62406927
260262762
545215440
599080280
774000655
919957264
977744122
996125142
428772105
92603207
857116388
250953092
156700701
808150432
746564446
301955718
27731687
116246819
489067914
592838996
22065003
635894153
731308055
830584468
939909701
44815465
876263381
638992201
248223752
75230822
167872968
462625344
394578730
282802769
806977119
567648926
661074337
803593886
738330383
584126651
105764268
52909158
462770937
789962404
460334158
5500069
325281822
518219948
253390259
241906987
86833275
310015930
625010540
147350223
847074679
518241012
423805956
442534064
261911417
553912027
382851155
446814810
993281173
485271823
971458278
614883225
317317009
81991089
767310176
120895362
22218191
141176812
349054307
217054594
336230474
274244543
96634884
499134658
440004281
861001002
1843727
420915536
550054472
918954443
774706136
6841758
485512842
463520222
304935553
524617135
563923500
45983142
179127418
41968895
311311618
124204717
446273245
517482012
232454705
518526776
276792583
76169632
696002367
112567116
795311778
789248555
227423805
821125862
741346539
287334764
631447881
406227238
754693146
900720645
302040390
722265311
798633393
671993630
45179038
717827948
574894334
189155061
220895308
760879418
358870231
782650313
379128952
514992280
203606524
894817830
996815434
804652504
119771723
811783589
857704914
175155979
828745252
995431840
465412175
891036402
629212510
624594267
243234244
957754164
803627944
589597073
801454179
740135531
977789457
872219434
251791631
496787038
159169687
496024807
804714106
163249017
113832966
40866258
164413899
100301093
306230095
869925522
633402313
483200711
830717770
170217460
551733907
222887432
201403018
5406646
899798199
363533027
634410783
147800071
752638809
785979009
853438622
734918274
883134322
468277741
988838610
956919611
699493653
341339343
688878485
497585961
280498359
972830328
155822374
981074712
763687120
588661048
75916518
886160664
732276064
865321211
190049692
957398540
543159674
609340717
263741470
70263246
498637690
509769492
663822999
243178243
898722293
661107840
396776859
9266897
698778502
856132411
725253575
305296555
367895620
279922568
283233858
984034541
230696810
592357268
210035280
173013367
604759527
566888861
194904806
807368832
863492453
630442220
712080484
896887930
358781010
204730600
594778232
75585747
981518828
565678141
981892170
658553922
523483348
672222886
129812936
389537416
663967051
372839837
122077149
762137524
796172266
37274739
984393030
406600010
124982817
760176523
836079395
904029051
126166887
828646609
252899942
413790627
407562429
33595653
283516016
76158639
103576571
805334511
827735385
690573255
185540533
783494953
326811711
434379515
557760545
120953973
485191860
615234426
958853426
745948058
15065093
540116076
24032669
43650347
758221688
445719230
721442782
516339345
111194997
99183396
570765528
1731489
131091317
935251971
401684264
183385322
770814077
785002750
866654188
320666061
584744186
581632862
699461392
720753290
215614025
791211031
833851029
22050341
949026531
880484817
82644636
75516336
607124980
885476132
400389073
919753015
631516178
157190986
256795217
958160475
430698522
347665502
351826038
340701175
555406376
856148290
519634319
740358890
723770183
576882500
298094046
114509558
298379713
499981151
833035586
527683338
632742988
934219489
938583928
314881807
593336805
413636515
415858021
332421987
524097976
244032850
57267072
990008684
826656102
436417994
765109832
624732094
609938997
6106228
695654313
742695094
655599997
22552103
570571676
124604200
634596526
45190024
378609660
451604274
177132451
678184782
428558195
406856396
768878752
901911754
236341036
35189321
304877004
984822647
383238982
444342677
506620406
199498745
677757070
596943255
609871709
429417507
485083925
472104191
902689006
370118290
615499158
450022956
121279780
739367811
539988527
756355153
822730945
607320168
457030817
410555943
536980761
370534722
482486436
825355068
22861595
201025302
710594897
37011725
960740793
15333520
427258132
525144666
108990607
734499016
250885648
480356420
720338748
683496391
969258453
28661248
935101959
616798958
243490677
872211015
69394597
93492383
148062443
765901436
390094777
181962979
997669269
527599615
486813825
801638622
986828550
612433195
498191435
555924782
347554203
355625159
274436255
993093111
631792960
713085889
943861239
536362733
276722730
608742898
267605367
99932045
938592661
368987087
127006267
131992254
166922019
651458950
124003782
254733929
914171207
677713284
135577597
706305847
890560651
736188999
844980491
785821284
825103798
283791496
296843618
625578
603286810
133707801
839506549
408968422
538191688
855575109
131011256
481190725
75290388
519449368
355932415
981138001
9898522
9871296
446924609
48585220
934347297
367061537
327133637
322881496
573415360
590613456
488939873
989368664
156274850
895870370
132714734
345141533
8497802
298809584
951976951
836940675
617993131
342214275
179945522
302188308
744202233
140720897
278488744
619575953
125431170
30071977
727339102
105139072
424295226
951490963
598553181
838251986
456465728
384951612
13089569
45944483
442605136
663214310
411120855
108627753
3954597
899515139
614115378
513236499
711488623
9511247
812150822
706404572
106632606
734739932
156814268
279919393
773751850
668215373
678439648
578786142
998947907
583530233
320964744
622698656
653578445
361020127
180085446
729317302
591427535
472049742
602278467
645678232
917972314
735705834
333403966
423801886
775552362
362986714
720846724
12910574
493715357
199421169
982995137
118357898
742357681
569885137
947689396
838388134
302958352
429379992
598049573
784307998
731625903
334328744
704723381
628721327
627674802
998594594
573124173
247348844
997800416
494032495
214712251
452536890
845257298
989347434
783515463
983572815
58504192
472517511
650399610
165179126
608303765
574386892
155313420
143019541
668600156
464101742
303885762
125287179
944486395
244422063
666183547
60967146
445249010
788754316
599183208
698388399
841444037
371435182
276867391
607124980
566732436
781737423
403763923
735386376
2676079
235040392
858530733
745735162
96173150
946600822
807465990
736700781
597808537
775935424
228617577
985197085
652491050
669133560
556727683
355141214
51416949
932871573
404114503
232959230
298103414
307762084
528819735
315712184
926524359
894041390
862559963
948536066
702310150
157117706
875310986
516458736
698746590
75014194
968147233
592193841
75347201
374753090
96702397
72760649
72399556
844344359
519006346
342791513
116147096
311975012
498900209
775205676
876438831
777747836
995201015
625297775
157214695
72760649
561674220
355562361
52499395
805133629
45766672
642146013
918193826
622104103
453940226
60373721
72142159
399345406
804029089
505953530
922075298
858354312
528502494
314287756
526095768
278594805
752441184
753566304
723945075
377293044
638162217
306871981
261098432
713742992
861032114
15818440
324784593
982411528
828600246
724760501
856832293
978373265
163885219
349459765
877438804
738509800
939288594
881211699
597206730
110559537
342457345
938895070
245092608
870551874
984912155
639105962
271833418
810941197
597929249
362337206
946083642
445762295
186271777
56933247
942121209
769682544
673209348
317175527
179325009
516097086
244585414
573323771
580712088
99725723
370698221
467461847
631647636
644509710
109597520
355829339
341733229
364800708
415049009
361448743
715213110
466573398
386897959
975274449
732410448
215103029
296912943
225859024
821034725
37213534
949627215
775016
255259740
759327940
686005663
648269355
683078071
867055121
356617826
388691506
311451788
796081046
179958317
921790511
937556633
654841094
536460258
128773755
949627215
986529422
637792602
825041473
374115219
143509815
951021754
172112438
482375651
947089432
206756945
656814719
573597098
196498331
693782488
216371576
843002801
537387106
616328687
566568031
816326371
84457826
779732552
439962449
164385740
988298942
348278504
40304848
160246091
308616845
378523019
742830876
424001606
42748522
590056013
910712866
655151210
314520966
323233505
473637133
836417472
490899921
76507601
797304616
649981128
308578234
540396934
150581728
773926987
376360672
212961671
656210563
376692906
11266709
230160499
173654699
584594337
675114485
577825499
860833886
611797114
16960509
754397621
729966015
341112474
594032220
233553314
536071049
878659911
482069205
570435268
775687610
182378136
314992760
965275197
82669971
588825966
984483454
941853671
620391869
240043319
991273745
942316159
861251490
618884234
106090205
879700276
888533802
777694370
560080743
266822544
779177288
880832625
323547103
705620216
139799433
427908145
394994438
344294372
132514842
849283374
949753150
165382855
218339020
227949372
946083642
828842376
606773410
428024611
5223860
872437845
586154093
708143730
767588231
120895362
412976136
188349547
713069608
795712017
919194912
160169973
31588159
814543016
133929902
746390406
767797139
938529658
367163978
329064655
774773470
476384608
967742702
120006053
865812921
158079134
858013066
210667921
760073195
7079689
794910718
448755773
251921991
388454898
554562725
516922527
188021623
999260735
990205394
461399988
367326327
134728532
223043155
928107628
981278427
637276612
803660503
433264595
596985185
725500338
871925587
627138259
538965138
929162401
359639231
650498928
901503356
459854689
78030689
193379791
762570035
977607131
64124088
41677500
118240721
435235045
929675612
832449858
340558965
478188932
318188154
539989735
76691982
976900872
83936485
684116080
865759121
506127999
428333775
682124599
792500299
426951448
863492453
669426645
625505314
556793303
236964906
274251220
666489033
632431121
715592953
197855163
604237411
104806198
667818468
764158808
363452673
196042610
552149442
445517114
257523271
111440653
890424894
665513073
810923085
572793805
52148526
521410800
865252922
230359822
913751386
455764604
549444365
954910442
645252237
288783293
812193470
935471120
79738
829866657
897639870
264936998
368004287
258526419
138722716
429545609
672797434
197050935
14355198
306916282
348590382
655412670
836350070
57079723
140142109
437567032
203054942
329588258
190492851
982161578
566325630
556664937
431939730
64202162
917644994
366066747
728933711
893736328
398333369
166922028
419643983
760732532
641570312
711373389
826652550
976872176
901724743
451596645
14689610
823530477
340760800
693904558
124777936
181964275
454266321
854008859
864251261
127452380
631477631
995783424
712553546
165584601
109707114
301606714
335191880
151640342
798359240
996536922
530083763
57270683
280837111
721542473
407058059
228182444
820827010
380802521
574084670
963827150
591317426
340569274
618137339
98924456
580981903
659843850
910233498
500578140
178849114
401384937
911260051
107022180
858131098
131615156
330846384
376199558
383110067
725532301
193206642
626568146
673088765
434082664
505269658
415527041
331274365
362413228
942166826
244946162
907165551
292975683
872640535
905992802
26395768
774883424
68430926
275245333
308195656
775911454
808105355
38241219
41831716
859211567
650374376
692188792
806031220
355127531
481799682
936638846
148717309
952319844
39990284
313543839
927628637
664526195
516458739
848739280
586870459
790368508
77812605
48336299
505356689
534188659
503441695
569605618
187575681
225597381
725762674
190333218
292217731
825285318
400487334
278435296
501114250
879109547
211300867
921313297
643044266
655781899
480096972
407062854
38454373
220913575
169335689
791276380
421022178
362986721
463601675
506124693
693666176
58931116
90352114
521932170
901712734
58044789
219456981
577725081
171390300
516044871
831344096
746631246
387724498
811103185
877097514
14891131
533385910
403937105
607567005
843914158
888577541
460881979
388842922
152630857
607356095
61428533
220173150
499803751
897305411
917400419
959685215
917475395
680124387
173029496
788249135
207479042
548143824
172959516
236515742
861460250
966025020
220315945
533999272
347820113
557741
505076012
345468979
279679947
458776774
76801884
114947049
352043920
653417471
847694468
665466177
576334283
764190373
506730253
836372160
867525478
948536066
416560067
366202790
191589960
277479800
269103191
295356768
247355510
3503035
230951007
98119883
865322277
127615833
52297963
197652360
315761839
519861689
544441138
848496175
838681079
433247309
828745642
111360898
819537511
115323402
824177462
831456100
809545482
87286344
325482597
147210577
435417355
120780989
120836237
357563716
116003109
477455222
370525923
997474238
957615997
248440651
322400009
412088732
637218097
737931183
402230457
224618708
975770337
478059297
252073019
810413279
95024907
37880349
32205350
860614887
738161823
349649070
940118482
309059694
354047975
543958521
109206601
563749546
567207849
369981674
760180586
900808607
763655306
548166739
763337371
909080346
133355011
81552621
912754035
691731551
510553696
488450437
22446968
897543089
271804089
707789521
750645767
783912466
755997664
20371182
442092688
867372892
879454766
175545204
874729697
243947021
689927462
254571339
437756885
497684125
716320982
53405832
808680767
731969953
70565915
658381694
987721522
662355866
344112959
43421298
528802633
229978958
355576925
996134685
965330655
549378961
551133423
691337392
432746267
584523837
366693147
333785149
82366797
783116591
751232086
37379733
387108360
255717529
218090768
587494610
249796137
120736177
96422447
216398723
54396819
281223084
693109830
138379611
66286881
52825043
109324084
716529116
465958852
820337251
685014192
387162405
57270665
384729697
917105738
409856008
77105161
352299367
807594556
298224175
498942779
643913873
646025951
29397021
585650154
252527787
369185039
706133301
546639168
392192644
113432409
923383570
900673056
658922472
655909243
270644607
425240604
932392150
507269210
143551922
746812659
997871892
118005607
460072336
319686333
235619341
144397432
151094155
69495986
46898740
620232429
25584674
250254329
370022569
883247687
228954686
760468267
428444929
158808923
748662882
643647607
232827745
53426992
537464402
407042156
547838115
978435499
914526723
720786552
436962749
299539435
353359035
134342545
190829523
431713597
735218062
455921136
275522668
58411540
53956063
49029014
754845726
392484560
951592265
998202994
318488569
1320245
867300388
928052026
737893674
8767995
311833487
218273336
10089005
916873972
606162123
355215452
299951390
466390326
288557680
274041107
147455290
734664463
234356714
795988781
66024497
268172790
295234201
804462319
228546505
961787447
415403082
777837010
407557307
815143338
949799298
509109610
465056525
935244779
774221232
887874487
822586708
790652094
813261709
250226500
998558252
518714943
648280200
974012086
953603857
540616626
557261223
832703239
485009064
608593103
505221525
913550863
608675629
199054806
803000973
339013522
880869617
853039861
764403352
116134992
644106624
310863398
436369286
990094042
18272859
74862146
677685926
975213916
976947813
229855865
574542439
110750855
43096595
379533751
919235470
696569511
97736901
331531246
731795091
909741701
929250605
911200492
313628534
540469796
659494638
540079125
812525352
95038162
87800224
625146091
500870337
734112933
563407348
933862384
255764996
406027660
591493027
973115656
406374974
926038740
699061791
734369100
123264807
225844594
610327820
757832242
879629552
777797402
206552384
723377355
601041602
87151665
588657725
963381313
387274085
751717912
758263547
101923159
592836181
754007464
263335094
204283210
214989952
403185020
387299339
404360318
435382748
792749492
880428927
196694010
115269934
216202149
113947157
713003040
243022906
449040997
950972666
743411434
291047156
627864614
635145178
224048414
596154959
300593226
573971001
360922755
647709578
682347510
304180688
328580612
502082498
475647020
43628447
302917961
132196466
395777775
383061892
928595929
367249509
419058564
658865051
534958991
890863113
32921
112034567
795222554
392664627
200701275
115466530
396596438
583052033
153346034
173272100
487193298
650957789
993899845
614326217
767920050
617993131
187808178
326040454
249588754
897450130
545372172
174026677
786531105
384113397
949297648
241619104
635644341
781158359
97758534
34863709
158968845
882197707
428465323
454741500
172952748
487956444
167091775
608452478
901884050
990709423
805385445
493325117
366031620
272620019
559582
108567174
310325482
639584304
497773319
99735319
243766011
954724364
795021928
59637243
755137094
383046210
31205404
153651000
696606374
428093144
194071510
674739802
837291640
98022983
935224576
229720289
926512881
716541300
578455671
680991857
201689562
120411444
257375866
945803332
335312534
569739440
103460395
274021173
708603691
275169169
345417172
192567475
312692807
945043595
264830747
425330614
835724063
855540919
433561481
678687995
561406663
595731134
14891128
693470856
968528244
398561721
216523070
970862863
806460717
649011900
531222306
136737819
809666074
126848963
135018968
764608141
824333770
199912125
971274186
235948564
313615335
934638942
457773278
3318339
602784427
675120942
587152987
893196191
53319691
222697885
631044450
612004355
44690164
110148061
90439024
462552136
946393237
985099390
23599074
542634654
859304982
110255214
749092094
813716893
241609859
364421109
149686246
378797054
810834932
351449049
668633522
342889749
682167474
466725834
757969174
170284638
692210680
408011083
965526866
836104484
790025359
298878158
624114882
548806425
557020691
444174289
312691559
149787423
624114882
362792826
208624399
256520022
488408043
429006534
860255194
183600590
803062306
524694957
241694556
579430278
349914502
793128908
245219796
710869885
848739280
326018918
942420414
199783566
438535303
1773712
111112888
399320959
694229954
957988172
956734319
879109550
24859858
257931974
109181767
505227166
338964711
928610561
298497308
763609870
89897039
239836626
95288224
884088346
861237349
842542378
168698625
559552703
669645051
532196007
25344327
118588753
438168054
272674167
580319735
585482299
254183406
533791884
573192541
547582628
994005190
39755633
959866574
414406777
118482516
201683705
302733871
135064084
892968641
274367493
276747468
428157341
915668915
469971468
379891020
37530594
264175476
661437220
10513675
991237808
845557314
29305703
763226159
692912304
679592888
497042835
246950259
861032114
557210634
726415520
687922324
137993764
54821194
893968624
793997182
571562214
571754877
335091557
233398953
306936428
47863136
632654457
632063743
481539849
411044309
832449858
382411553
596071088
576004918
229707306
64028522
457993925
185511205
792434182
950706476
601299723
508006508
633972914
515995543
143391650
782801220
992578969
418787683
84344545
260976035
97567197
692900570
816354817
661629172
785445070
552976296
870730946
381485578
913875366
415974183
522975313
535871392
733316445
745449930
709467376
923701348
403797279
517209087
338761091
786091039
141749869
368957983
634188247
345472567
252347998
764981874
591701028
783145304
129221129
702182241
333071218
839569291
888180031
375245735
536069847
338482606
41692950
397182964
768167841
333698748
113621734
881916290
864626702
107519692
272574986
458435148
423891841
593153581
967512804
968036169
656814719
415578427
53267614
358945995
256013561
134728535
886726550
743993536
863924653
406239329
403950860
640449494
737420813
760319199
698019626
107187357
567037851
211900944
930969666
114973849
513441426
972034332
828276729
565601142
113914680
686980297
27410598
768838406
624366721
304201927
178300647
19205163
602159780
763598909
938870861
527254978
211717715
43722738
791370057
486439754
771752876
263880989
304577352
843917444
961711020
690927885
208581199
207100841
382003010
756669567
294006966
119846730
789120059
333789103
268206121
294980531
745097604
526104962
506469259
613241852
140087898
473976186
173625854
494199353
307602881
478133816
989633978
520339674
441894402
91428312
559225658
717678971
748396677
969246775
485757244
646701485
121201439
210872076
707469003
671811169
835917058
29322152
461384715
241328679
212168207
4467676
503293127
508006508
859373251
162592452
580712227
227384624
788279935
917323574
595524239
386646155
972435225
246898772
284092893
769061384
660373962
566609889
461278811
890484171
918591595
292372094
985879611
87839001
86064811
879508330
820472106
883774814
18884647
56470596
402787582
110212122
319568955
477127721
839287658
267485413
326040177
335942720
340770192
973753355
344082580
733954389
824382148
431819692
41387821
325220766
338482609
996685452
899959237
959612514
842922581
321977328
497002596
642325265
105461692
613765862
220862616
758919689
681800322
466373900
849848961
723102876
100763724
950790083
687164308
980006525
159450539
206204175
296386156
535386699
621484833
361085900
234663710
890579149
720190458
436829299
334034139
719804364
114323332
358944425
591953605
862677239
546153764
101055081
491726811
889206112
497593606
127877158
762814259
518992474
827331001
51361903
213561628
649181033
964846239
862943964
242644474
680125856
604312169
366875326
131846382
119426353
464053815
749418732
311495806
944193816
847765036
511851353
327607496
109811331
463678025
872648544
740219707
754340214
472096909
893261996
896213520
121995865
585567491
350570343
296837075
295169802
260493576
280083773
18438612
391257579
295459142
631499769
715668475
158095555
389526909
687534658
496186745
947823616
592917844
937822454
644962049
742586940
960728243
422280719
580166858
122782145
382369579
687836148
277167896
801700675
63049763
823586494
1945312
800587630
132892073
231084746
402802426
170313031
170140259
734823393
116366231
191054733
418137249
1270811
339203725
59937151
368332911
886333067
298497308
320585775
866587075
521294883
822426189
141523331
915251408
688081228
2014116
848123532
247301781
900261351
645383813
877844773
724379590
447690517
269310578
775382937
872806923
573900002
425240601
197210095
631292653
221947927
685051974
738508109
226193444
719462450
473949187
897667408
100478776
776558456
323906398
464909415
881916900
822653068
830500475
4209066
694756661
182322516
206537656
453700034
288443912
823653060
410221624
20964977
425298085
690958967
286282813
841539005
691318470
7621852
165382858
163118208
65354360
884267118
820882873
231340494
94014778
675923167
789106136
702948700
934959748
314194167
684343403
351917440
687836148
531836651
928047552
784159407
757143516
615151711
85021388
167352142
23599074
396358457
553474174
556183493
104361396
939684753
580896234
319552982
627671633
786211175
72952205
331342960
574013396
859738435
594654885
5580004
11505435
277117583
362736727
64135911
740977793
437700633
753039438
570010727
596849664
839221357
363601207
806573190
327816479
594403594
997882869
856510591
717962115
548947486
41413135
526595612
70853356
89630925
102569470
340431037
625874800
429444919
352043649
546301573
337467704
11764194
877986981
956105072
693029792
961621547
933241255
740095754
94226401
373352844
996508073
879245051
787687467
735781318
404200451
309027727
9597109
539636510
532790004
284402023
14103736
865753157
869753901
659843136
598300180
533633235
377480841
89903572
961460657
77923311
468319424
2092501
30707304
809729245
685282028
181058040
144701774
524483037
19205154
882317117
438307598
799915607
252300113
627088159
719021616
929082690
537794
304723551
926578772
409560575
333935399
836184342
27772925
954637290
968577067
776880683
46409923
885410795
821152001
314233644
299557784
479203513
893323701
24376747
97410324
597825770
830814735
219434858
578511053
764371151
270437479
839773673
706659741
946866180
977775069
267485413
560979216
400815260
31653533
430097252
705440711
935967449
349528042
733615567
609558357
439727384
483733426
742611413
525433185
331223889
807666186
31768791
739396793
380776686
481422518
102230885
968076758
866664335
159141190
409166694
987237677
206307894
528140294
75820172
538990925
55619195
516811181
910948754
215349262
864031702
731474855
448326022
302604236
678523443
534283860
761777859
156840576
807738251
270352878
860123258
998484680
341250165
467240227
520388628
214924581
103539844
187376546
600448706
650119607
106113126
673580559
726079095
232751610
214126590
260982028
87286365
61608391
891747446
660571648
983869180
163723101
768534303
65923192
634047143
535997672
199764527
717708647
409968235
198404187
491332443
664268914
869902967
274593162
77581344
811258783
475630562
389248962
968076758
400630165
39742118
160447550
199494546
608382362
604969316
32451814
877149264
374733409
388458691
395406090
401531154
314437510
336615591
238183851
136263547
350951981
863373510
546616507
405685792
811377307
424044596
137156280
868492505
337572476
269147518
952104854
299539426
792904633
988489875
205174133
523019694
57254780
336909452
257889955
172952748
199672704
875233029
536099872
935744477
830606634
619875060
924366454
259263389
617238745
352299367
168481778
658949237
555856747
275055571
3496972
406608065
893264291
382550433
516118957
17547840
272538316
329277419
20720004
573731561
549969253
799957376
576875245
453870229
961736257
408413109
231743964
609665316
623030971
670287431
571617250
883964087
848056623
982618826
340604487
804854389
762437099
872247490
975290151
242929798
367035516
930036627
103481185
939028435
927655314
518603823
388471322
412520361
512192583
900034565
861663754
475997476
638886283
825818401
679759452
845912480
495867494
201403018
651256162
613558150
445017173
51216922
35309612
221429291
269052457
934408671
938904877
113105909
84907407
919600977
181168604
961661243
54099193
210351089
480032215
411488862
39075265
176859929
593965828
939460511
50133882
880428928
92182506
44782216
910250178
886570542
213475725
122247494
725279985
239039471
48480553
491967506
285863297
416885990
918722672
243216892
312828192
376177561
93577679
4258490
30179126
921292738
933674612
488518981
704750592
149133332
490866985
240493102
107862422
286229527
738243354
337218293
889114511
976832419
188686953
959117453
377997227
65649398
292958825
661803754
945665907
90439024
283070664
566797025
677096913
277088401
942121209
877322656
87566177
278140906
440725508
852807743
795712017
731931538
199531352
304831448
456802243
676846349
837430690
444518091
396385826
324368336
938410965
147967836
517298117
651795609
987237677
699129559
94973598
902870898
892571398
172866537
844033779
634622710
439049412
723742540
117072981
708946222
783444400
749471359
806977119
772296461
843864427
933363921
25155096
967872211
986006580
663072007
744683292
725808071
511668623
950176589
362513734
100073234
327724283
338538017
907343888
347159975
446672666
111122012
743389250
477775235
243178243
317572590
162219482
146896605
73239290
424043569
23534746
786637158
290897741
898443628
306076082
546729165
519834699
177241035
408244528
994602134
575690460
175105440
42444582
439679790
153786744
552149442
871714939
615846479
557047317
409051203
753510464
258108272
443748704
711661885
935598224
562957721
356617826
302786765
2550022
147963770
660624905
816604894
397611278
428628919
164484574
867708780
648944450
884129145
687332797
879494785
397287680
340062929
883040143
478329314
861961644
698033002
175723005
143846516
219975603
667355883
603550390
540137571
127917132
493860762
338891979
582411963
140134172
115920846
157339071
323432903
940791603
699867611
967983694
709275040
818240166
91800296
927880894
209348635
192757451
364070012
670571628
992506947
764998055
932996328
30127171
54487984
312604558
769423277
415588014
326407477
992826425
576685139
659141972
386983793
13559041
454077002
319970280
818795253
916567160
238971660
907180222
552523368
40329814
898684283
502556860
412483187
633486887
642033731
62645353
759828890
485027246
141614900
53370045
883434887
104115645
958503630
731625900
592396965
141364737
411539347
145693079
722042893
349914502
32975374
685252383
15614977
364764421
441131496
342362463
923336366
407601766
266671915
54368743
200835264
323017297
936639554
49655175
121467118
574884004
707067088
450490863
593190823
925169411
23665936
777278230
529896328
335511300
167330500
752778510
700641820
327041562
825473944
470105080
74549159
440924286
498855926
433638800
470643227
82192864
620245035
652130519
534163381
196222798
974728367
958197488
970329806
361267895
513581982
419870331
24224067
975407962
557412184
964043324
379960392
785935873
812881257
443689192
244884220
871363923
882638594
156178785
757330609
237413229
820999712
591427535
893317312
216171181
622125560
630600384
861365030
471924577
190988134
289997091
151745288
679399855
490759415
347428865
638525036
814381499
246233382
497596840
237553789
708426839
150822872
150590060
489565938
840156901
748474782
572909154
311898996
156654688
319055858
469567319
226466788
976793710
529842012
678689336
245892457
489931817
697300637
131356343
891714944
311824826
654394059
945298530
402515797
993545112
964025764
487558226
397854289
268846333
801423636
413035982
506100145
699493653
266711897
938624952
214852711
63469035
902474223
908024806
556772382
17486859
712990237
474691784
672175323
72535577
386983793
408915997
938219385
634689478
581522474
397660787
101823323
776134485
189945511
753586124
916682416
333360262
317927827
831716040
434608743
227854996
120745035
568291155
439947328
725062817
421023625
377328981
222671978
377170108
663238536
495764024
628661809
12625177
785533724
917767499
120943644
952964268
152399695
850888206
496663151
569138932
228832703
348590382
942819829
186181888
628848370
141720995
890509696
93737993
200566331
727620420
108006785
918032899
757997741
505406285
566248891
96090484
987732952
300526745
410289749
724377856
726420576
315081526
129607093
153177697
964713132
590089962
241200484
118727886
211065680
725026483
742931640
213715502
961199039
848315215
571466136
357951802
727353644
933421418
301081780
269117418
279228783
988626229
427303636
627090850
812514571
965000362
142024575
915175742
845858303
884388409
67422851
160309948
839887588
842070803
796576760
98053854
593382254
787455526
211717050
840649838
71603174
504524591
321290150
321390651
531480376
49891472
327559895
255938388
354049037
96166441
569138932
543354548
63729567
926655823
571967849
428749918
943531772
677770164
396634273
564708186
566329339
246509700
16193301
655304709
153782927
272840094
924935724
560355935
125725851
155678092
592677405
404490990
333407270
784223647
991880058
313318897
724720499
493111150
215994557
109156939
433453578
935736648
33146478
537570829
708336314
63768374
714511079
387254477
759787643
909238317
537063453
282494601
13417056
397743900
177731264
337570128
415921447
207663872
442314121
438820166
505044472
265741318
927249595
964556698
632907599
792904633
49299322
746687040
557071356
496645959
131274901
920285933
277142104
556597795
356568965
313629499
606991033
310473615
901205733
22065003
684432290
823148375
708364792
879655623
256049466
971862146
585951364
893725032
953897713
545812235
988595721
290184635
64375785
77024932
109281424
257873715
616523754
132110501
340701175
929333739
288387058
714078640
402180525
31032390
357606556
705515788
648533187
562414646
40447908
367445637
582582482
780901731
363002137
184826476
989925816
788333425
656890783
343288488
274825134
949727155
39593650
382720845
312314640
656284608
270311726
770241717
691561465
297589376
771758376
853219161
99740748
346325203
9352102
780283070
303351161
79007680
332730119
229440346
619669490
324711250
809831981
574679769
284491527
108185789
368980717
676365572
698520169
293777196
349932818
551085810
670881366
573372417
565391432
907564008
757534092
623350259
812551065
163563009
747267472
891024792
898389540
621995260
632592758
369121678
576742725
989053014
9634256
112227510
533488903
660063739
845227279
733001980
242502457
967768680
733426054
686969806
240699715
132652700
58686324
614962311
454579466
415001887
267414925
680010110
180093234
770066701
5033463
549198748
387108360
252015987
563152259
957567493
757702668
72626895
888224919
204534835
300297852
172175718
95060989
879143894
771111959
520568635
554354145
415358886
459939515
484535259
439887843
312057442
620468203
586930749
405919412
551407758
42302728
691318004
374782217
848456027
708395860
156658458
225094394
451923025
279937988
592256290
519636357
891400581
444729472
409029923
948133130
92077673
37822536
345619808
540054189
680807955
519064776
42132548
665818254
147973699
387858731
831580960
551583795
470275613
360858865
649851289
101000953
903740693
556622159
668429351
267285925
279602410
856186286
253028935
189489566
54383341
54295875
940186784
999653774
788594074
709068594
575118571
456937684
163723101
311675535
48307939
910125573
313516408
392897681
146522237
366940944
571129081
938142993
125604942
987664224
27440922
405824262
198603541
473576363
227752003
439080545
702778487
266923016
741182385
871151193
633204362
705949352
967853477
318517675
763247057
612718501
243503529
81221779
498671710
731310762
508498675
107217095
16108692
305782703
540717650
967500838
601535065
296984002
218905360
240449555
271871874
900712630
478583785
224043096
472044459
450413530
356297180
129007042
958133744
403039277
876488196
429006534
657578550
597509802
424278191
326407477
697793537
778146742
334863330
74355275
799454317
137439788
952514696
600736885
29493664
547831240
745821175
451953521
300753388
699601149
291155518
427156808
215833702
285431406
289191980
151704858
462412628
77062941
55389737
825137173
280996353
147212310
645147704
323627354
921744482
67319599
299836259
750843315
579191940
684141661
355678315
518128698
56260645
649104776
844562880
652163853
402378049
789679494
385696416
994608012
171313402
573046396
9861347
375146644
277845271
608998287
396235234
184826476
863858848
288853150
918214788
235202883
945285395
470979432
228245051
476660815
943891321
484541748
518495066
94171971
808344709
46023820
227423802
669304711
52825028
47519065
565032910
828377000
9266897
670671528
291907307
321588223
374380048
160936604
942841996
877025973
171996125
939460514
27924725
538341852
657081449
411492498
485648675
241044096
764335989
555926994
660794081
888271125
68925526
412629070
247620222
316832824
189984260
951124652
442218045
975562788
413078330
118327131
917344819
523036214
88491952
839482207
720803816
340900162
145997505
316446765
383115696
382268826
384384251
320077043
79673156
21528775
109042008
578728068
374382858
913917344
190388344
266895943
150380105
457666904
727067388
349735787
590890655
170577220
308907769
30667511
72871222
364193307
484367647
837695434
374226117
733417100
672797434
428852458
419634842
43193471
435666731
924077255
747264007
25981237
784289092
751294236
741184258
150030675
8181338
511151928
191652628
538677170
735274960
202545000
386004147
256815505
37949451
124712354
535680794
288255831
646771918
545868135
942367220
963652245
244211943
213337530
565869624
884096010
887187307
265187919
223700078
100397244
716627551
105850616
780164816
647721224
505950134
930543416
356390833
361466382
755319517
505809964
357987176
789983429
215808586
191576965
774275089
363651502
384976233
85868929
768763305
333506067
151369949
292504554
918470307
46327924
617174810
443222811
283654723
958817296
819058207
837557212
370252952
934995603
293543897
750438917
734906809
944536647
928055172
83854224
861273702
46649277
665126316
326796844
886647546
652163853
726289105
580945858
158116031
15435129
372279602
572406094
456244082
568851445
494342160
14104216
688444856
559212526
245380401
990612733
812573015
136946694
688213184
61022230
213522797
182751364
926387976
827934699
787207803
652000780
201233407
278511132
564337526
444632431
724943053
27645641
972067417
349081888
288453527
430507930
282579428
812477030
380969447
392406584
976857744
299718635
390321534
203257081
494695076
370767988
369254082
762939002
507322200
402302630
749736626
21796530
482132567
943366426
585773276
31295596
457120212
972423233
448186009
407259309
782045821
30884397
167160990
213452404
745735162
799068983
927264533
700293794
442607452
202740680
618818494
84042956
627291362
766576779
373343521
558061118
458552870
411319593
223699996
22643203
282656870
237773656
651480296
760453706
634365504
504997849
604654736
368467457
358284123
488608003
960616150
835021723
343896639
878656725
916068744
234904330
721991916
749430261
655437163
19814736
907297358
74078971
696080726
860991892
20107845
995109973
926894110
495853546
855072732
776805034
756513028
655179727
913588349
573966897
151894271
935999970
800711169
843521839
779718332
65174201
421241093
276190883
127282559
290511992
335758637
543395166
293083806
594678283
861632283
423847235
562293977
695383625
858839455
126369484
598979283
880368127
676528709
680363343
109591860
58556451
176077655
767127849
190056366
603136534
47541196
441699154
110154587
324968207
633879415
733756286
755219025
413544691
261142324
335191887
155131332
689690437
753606964
533363640
215329793
49253552
827301577
274562134
340701175
509981794
126848966
181840842
605774333
164541796
741378971
457117695
888756235
972328878
161554869
674768665
84489080
352347517
846519890
96802763
811657198
908661501
45178269
243438163
153651000
286404737
418813338
617204966
538970477
501146789
293081224
766208498
563176090
517248443
734778485
844379398
887857845
471321013
158787787
762626065
786630308
117426516
859851236
424301176
1336349
671738228
839745522
528874645
192596727
584692005
695702946
122684384
117120214
216934575
414972499
285393426
328770393
732470390
417023401
137423300
199446129
246714901
368399228
675923164
563569516
897149596
214018661
19908565
574290529
550341864
175045405
11991778
921461260
238382471
222085627
319246955
549964776
333656420
533969251
135485900
30775282
179137785
237191760
764167652
133891594
3605880
981553285
526340811
29095135
623092630
409968235
20155641
134639178
429387248
802212888
556017253
784622866
949541183
102609130
148757245
996023334
200629812
55177468
818008608
938359058
401504215
849516707
546153764
186744897
697625195
143019541
569766897
191958229
322054987
623352021
948938640
515888575
666906899
360940121
555573489
573900005
291338033
904029051
117419756
62140410
455036219
659693225
43795252
211765322
859712856
554666443
779226041
893736328
758209301
564828477
57759860
313843420
27720443
470550681
461906409
106391443
975770337
435172197
514191525
641653489
983572815
963772657
694208171
648870916
204298401
104806195
442117192
892293936
796494196
955463942
43450041
616402007
333403966
426966333
109506371
123247921
946270382
547260038
562205439
532519454
523276359
57987772
870657358
102297516
315176738
143178344
699397057
65941466
384495152
217434420
52978557
597375876
521506035
693437373
155397198
400297140
340509593
855065226
265316525
169506762
471677788
421748719
884694334
189587072
238971660
95332323
722753758
54941331
513665581
153486881
37934296
444084480
779559821
568181726
782807529
288718790
69744358
70880910
416339752
117333125
458863474
349476500
998308725
405136731
739567391
934300109
727518079
976840243
530618068
248122079
801175486
541399615
436816522
65510780
275793241
249289108
534268634
315091271
235752131
320224748
279918320
513678509
211624387
897567453
175855529
990340210
576693064
139757988
245853945
868670210
315758090
671378139
393154633
262965945
792264269
294952847
87702029
19994985
948649622
182645079
462855779
17138717
527408105
49620325
511276021
449099934
490405949
894778249
845770841
758304717
848083469
328811636
439813108
174555544
372658203
355019953
536402435
130936378
865721568
498150621
478451212
753606964
469743070
576015699
100728649
145415478
230696810
114835673
339573105
964325719
728954361
936177527
931876521
298795115
562192180
192543228
526718471
472508865
794178109
115993304
98273194
40673793
368435805
459724698
727620420
963766361
671650463
430214078
638692286
417059134
751805515
1802941
546070713
473797466
815528216
811081522
689768382
210066471
815418770
905688623
597649082
455753397
9784552
648164750
383392315
977540281
969484810
857983585
741317292
402945045
54016011
503432095
241683791
608130192
819397750
579501431
309751493
897567456
219172538
134554956
155898912
168116037
151716088
794792506
63726434
764031099
419580955
112468985
314684489
63911859
446054061
142741806
358437265
335770869
141037577
115017412
84149496
607997248
769854750
622946198
594978756
304039111
878548786
238477009
485474487
778281165
719522665
356428470
358962574
665880173
52449569
96030350
904683224
311076943
825924331
826640187
415578427
464122542
908386066
31388553
637985101
906630824
279495836
804765179
614396817
662062076
454288965
138115804
59099465
762054351
893261996
768621827
576207589
711353351
79815367
358765533
585518440
688204823
373403105
26419646
549192121
555522975
467999986
596173274
194624482
710874329
800111970
408093792
990412709
654496594
882115777
285900891
675278372
551730167
279857933
906421941
403912561
471108125
515195056
85613846
495108767
965647366
514335032
551870871
186063730
705961937
522670230
553357099
225011254
479407129
139717073
301319731
450279838
506569471
211334357
596887064
927798174
812540224
609931285
645092443
297284229
187619255
453985191
59010004
365796059
638903729
409399945
593267167
48480553
778383602
561978731
800886004
379322188
147218474
200722906
815460578
725077482
978655781
40025773
171036941
270494864
193320781
149473088
955134383
399211940
83913714
21918986
880368127
202700694
832885779
230975036
82748552
25277718
463451127
886878435
214225826
740429798
928073719
658853778
132715895
829759781
534465896
286494948
679177859
420680509
981340476
499345954
225162343
60992059
390809352
22168208
193725251
969978312
163533234
115269931
847653296
506834164
589452043
450117272
751249974
21012810
677563735
77231009
737732599
344061818
959199207
607398171
483688202
98866357
529492860
531322649
200735462
274334290
788835336
723201462
652344069
543299286
642671748
255708447
682398451
625193251
650925765
118300962
438168587
440183987
434306992
68250042
948466446
45216838
524026036
43012119
631006176
68941044
486972523
151520616
360662970
703200638
182011439
191728890
621678210
714835861
844007376
698870480
547453903
50627334
166534094
514700068
960035537
239066985
736511201
753309211
476025215
708832056
695301475
939827781
901315579
917108627
84037566
714887305
360352477
22065003
969981990
205269443
499809110
663930125
503095161
431390654
892400127
422398608
550338756
671378139
121832563
601473711
480915987
706247602
614396820
955629995
680469397
699024010
990899133
509743886
19330389
567997718
283445125
721218748
70727978
327971082
751911899
925530601
938253558
286215946
949972512
428766220
268973758
552084535
920786405
365812819
619875057
414207875
741050163
936340722
370534722
766346372
3957103
847584994
587175492
552402936
76063132
713002875
562862895
13324252
637122241
651746647
372745226
497160335
415641203
935147462
719716688
190151398
745059781
249459863
585820175
795487826
303636412
840234668
584941537
464672129
183712295
522283628
10460000
808517549
606471512
166755831
683809732
969694758
306045165
162831969
761052101
766346600
281015686
286297734
980886667
904579360
949634982
743033870
81731974
755432715
420714203
285577030
698858597
910136376
722349820
63779249
19204410
360995959
346755264
657300414
957402335
82272862
708864642
64455060
198443195
785059747
109707114
217257310
467573732
233328368
48637382
801633702
898773356
64115431
200380315
298744294
335443007
279131719
840312159
104745569
960678345
290656278
705199832
490457604
128557556
315289083
279842701
675798203
592486382
679845557
392752900
246320814
661021419
5230001
146879924
730673413
550444455
753867327
423972211
67171359
651988465
497083503
180550941
115826054
857310604
470234670
487929887
410805529
323033145
231697092
5813064
542535876
768762407
375281816
661500144
537495178
28345926
563363063
309485513
526170886
949298657
124702304
886996279
976665269
555284184
955293589
227066157
96242194
775478182
652566641
74158320
775436573
107537007
444447790
969452408
389720726
891415770
375843718
656932692
756767948
456151623
577033299
165909439
820074965
995957653
900413573
323560518
404165708
186858292
469550804
789710458
125546181
611596850
29252097
898118814
800010406
684594992
787516565
811925194
995816890
463125008
217272578
551823592
123536454
193202275
536142879
245920271
443633530
244694047
465423284
330177863
620216399
134483050
441048595
652501284
422759680
915779772
746045579
272353120
575528120
321650332
182393993
541466178
520082417
84808809
383591006
243276601
335312537
570071024
185481139
196222798
494587842
723584565
570458983
494520195
622998984
316942869
687828374
393514336
199056599
569305866
246915447
506135975
289364035
372263824
632980911
518060972
992750755
17277234
24856341
380252406
349796640
570412436
794786873
180697877
241302076
685610253
638676280
819536736
15047133
835280642
157686825
614272781
65545834
80865807
712309970
985411408
668756234
717925146
996099696
993737090
191471921
878928682
3864676
258048544
772011632
324934849
119909156
702489767
683200534
604753006
840773611
492642259
160731306
553250299
953398128
177615830
931825952
395777775
476461731
169402237
444149418
454579466
809165166
993260939
459114121
63044680
935706026
827793628
492264707
412595341
449802062
181715248
82198143
290844839
75858045
842026998
406534910
107235722
907165551
278278829
117331104
418310668
302433794
437667189
819978208
571588701
978805361
362359768
733512783
966620597
195641262
189875467
153782927
117331856
169258897
961982935
56745972
7926069
692646963
255862833
50308453
47408254
495965365
993208266
749990545
248164182
779599963
102427398
741378971
522909980
737559579
95982788
503568856
661629172
287042336
766805616
137164978
419049305
56319655
960630007
542404377
989305130
431184292
955578975
807268514
132909285
838530731
576412875
100327080
117303168
483165914
346504483
923502110
279990962
534551568
425228341
712690933
582923116
467515131
237959834
190545065
523670541
62452094
412237370
81462913
94129516
475201440
495307042
430214078
165017843
961892677
809689131
510053892
600389898
540472900
514528105
326261891
561393731
531107797
181018244
545380697
640974900
880245130
68581146
761151171
505447526
887518146
851662227
30895483
960678345
224762463
17654807
829287027
695408778
158655750
833035586
446101377
819602794
685903659
182751101
660926780
429379992
723742524
645857507
550054472
28187826
365361574
525994467
292873780
879749838
377744094
807568881
249028629
780161862
313905170
41521414
754729353
14996239
336515422
896793836
237425201
730304648
829287027
802648369
913808177
619553971
887301627
542146674
279228804
479609465
452396271
825522602
281703675
189564477
513441426
990003232
50282198
836903372
75704879
187243028
810681378
731625633
17196453
608187771
55277523
956292072
372868131
423146010
808900907
985329248
674890150
223461260
949317047
722559072
252723764
72809989
721784030
266437599
244986410
538299648
302549930
611809107
830613474
798772593
311703364
46702842
178434551
109595178
840434035
123342201
695220372
88606192
581179473
20865141
944134097
233133211
726982643
67058996
400630165
792538126
960575215
985613447
987477354
736224117
716338501
758490163
921097609
54795931
834328520
181080746
686498678
949456792
153486881
809107598
534882577
409042506
810796341
156801924
221446493
574482729
882825067
229189703
564224450
910343630
340247216
794643672
918061586
54487987
617672156
839914586
219051394
42168390
217154117
654316153
213648093
188408054
273650755
285431406
693334346
775365795
412088732
768723540
407632305
950059737
16814426
96273909
271871874
983896652
750901773
118257872
274254160
133253768
609511225
884076364
532930627
204500793
595731134
743404817
906423908
439464342
12144974
748721492
37379733
603293815
395688707
595527336
4579674
663203708
252054996
532826808
432395141
60454935
746107300
548770183
284097487
814582607
169396128
68252373
478221424
543850984
711399666
156654688
426814082
536401313
221775321
164107130
9955728
766640160
658966171
711589150
299873185
607997248
153740459
562994066
843011507
389180720
880492221
486088573
745865098
416326908
439792406
250226502
751220056
779433954
285601885
247088159
776248795
355972116
93570862
959578953
471824457
298722488
657948402
260059648
83460717
332756440
892972508
822343122
931876521
6337588
28818398
721979863
413398555
966349813
664332128
588343739
913771553
45457217
268172783
813869191
749218016
663862111
277345293
439554776
583991471
451026431
932012212
750335868
942185612
341188195
381028746
970232060
416081916
598487964
455236926
386824173
3979259
680872280
991524980
852788677
16967126
764517290
521610730
879203368
632992915
205813779
679635986
401685360
438013869
304932383
939382376
918112900
736625357
585513745
555831121
432566040
707270679
735568604
455783416
742743568
787207848
384851619
359985686
113718148
74812011
382555413
958554283
338234894
279789148
569995161
105261630
438357342
894538618
789251132
985754226
698525447
880895891
190351001
263495939
599865465
215477428
679819585
426813508
158081658
196292146
662492993
21760336
373546781
881260556
36847460
738796861
258375588
663829456
969069216
327444099
385679680
775476187
595357801
462669752
413542393
719206103
338745335
932795017
367129984
133729139
748512382
354586246
390798351
860108709
189490854
363220231
677404148
214578753
253886195
591815034
281042194
768460176
506229216
242759797
131786865
676981137
944373335
177973148
740393158
158338000
453919881
9660314
473949864
926620826
697930309
14538481
570680272
112617572
87066948
515378901
658114593
959386990
80028314
457375801
128409656
625578
435410914
617357332
548193841
126848963
768567488
823897668
57808727
882169914
276929072
802953121
391348915
591720571
554914857
279572240
185227871
867332201
693283118
450942026
37805785
559225661
814672094
176189414
387748614
269338586
293777428
524026036
651784856
587430073
501332820
506049536
719531216
654775633
425329157
511109065
330142574
196991907
657089014
513060460
462859853
88094708
949621960
740358890
671326248
282520271
223369509
85646259
951769555
558907691
894175203
600230737
977613556
50013745
988997188
722828662
836790249
729775818
253496930
163180952
65502308
896281501
232683050
956629581
710379463
100262533
74901217
317400540
747452698
208818562
426608286
513026117
358007797
829015747
755766613
31845672
6042695
147829875
842928580
431995516
834703290
291890701
951121472
120467656
279299767
444690588
547028308
850212275
785242661
562701717
767831079
31239204
667516346
591294181
717412083
792500299
464027587
846888283
407337346
592392582
382449885
404352111
973415564
262826977
943131871
520243347
681496120
663796474
149550709
42673802
880700971
817577565
437323318
72434019
267213225
229753292
339495252
400663842
646077139
570455101
234953112
807945791
559544931
330779954
125608581
183673382
298744294
775004532
485752692
378562371
943439187
84441921
659269288
251385448
664156541
944890149
517445596
57238767
955629995
823394444
197451266
381804936
538914534
700487544
676413037
719599329
657337722
47029500
911347013
902109761
515900707
825207228
950172050
665419539
945317871
862860447
356283942
518138200
136176561
528066454
972233296
794503723
268718206
176652844
942827275
651135255
813346522
13328079
237012919
466933487
835841006
777177042
498947822
788804869
904493949
872433806
699697891
626423930
620304636
151479177
166697490
4148344
941160847
768131603
227949372
744689649
774263710
337052992
613747463
950364480
670342912
257167517
656601081
213498308
710508332
799788914
728135484
509458954
130681846
243544733
855823491
187941897
742900393
45046591
496526045
51754610
802058976
444257983
114584004
599437268
654378963
450133936
696577286
493364473
963712287
901122354
421768697
888399049
303594356
187071201
273108980
109324084
666315530
465491902
88959540
505269658
801625304
106099802
243288630
560590177
461105401
606348113
501519070
605182160
373633737
393154668
103798481
7879860
456704708
84840767
160153814
924636338
427965486
636570041
493693056
921711751
66268573
236005929
734499016
376273777
548143813
391473040
831177904
539297875
599882813
750093373
125157995
380428322
360114974
266389486
728075781
939288597
554844078
553249176
632618244
369766644
860459170
265707816
670503041
204121153
450089325
997816713
817753813
326632723
218090771
3280433
598854830
250013052
141586786
847616671
642920215
166839363
810025628
825824619
900229695
197451282
909397596
264099329
236225613
763241816
331986803
650456131
53503474
200011999
97079986
587913289
435087219
76692053
421274880
596776833
677280291
932948720
150933858
951845995
425811611
457247154
112667409
170717803
387459701
554063317
879866388
914122618
506114444
637964188
421456207
593825878
272574986
405415926
562585440
16403842
155439813
650413598
140790376
62335525
347428868
919394429
778403626
831509319
570661497
799886825
670572041
70447643
967512801
417735086
238971660
507550135
598605017
95789207
443268150
875627065
738107013
417279832
268330290
786868464
148601885
910894507
337724191
733355201
910949189
987352161
403858634
867813851
196242281
624116561
834679497
174271157
753492619
790850734
448574799
424515865
6054878
305571377
358905459
38921929
855796925
881705364
787607539
510394990
299718635
165677348
816057846
140804927
598711905
325206800
357411015
116753666
920299570
585513542
293801063
42787608
736055209
99244933
569383095
767094299
807400483
268035263
215920349
645928371
880071297
312571574
585650154
591427535
389715702
605251473
839334536
268630032
647880107
743841725
652645375
171524558
725881771
566317647
566519120
260184917
711968993
837900342
287193447
944677388
485373427
293338112
470905913
806694132
15435129
98064049
69451256
167493850
795255500
49665931
126673322
216011865
237645330
310778868
967543396
859856028
549801446
985753009
113455403
845936741
20791236
485067663
465678764
959117453
769206252
193958404
34703906
879226360
686481584
489911769
411167531
696272189
893627069
252073019
406019303
682414089
296164320
74196853
502848292
804854389
574592838
824330826
275455279
722609105
419738043
478877083
66321255
489347782
270877673
774840934
209555206
83626952
821687833
882763136
74322636
510535195
183720892
125537342
404931901
454476813
627390884
811350144
434217415
511257713
233557083
565935091
721262687
101055081
314881807
764905119
595549136
342455657
663608920
835455456
683723076
642688497
131490909
318670853
871024227
355389073
602587036
856258238
420766901
462144783
757067303
296823086
766905164
397141188
557412184
986040892
368467460
116043354
34523093
307481158
402372749
612658776
190963581
789790898
233252451
150234607
560528153
927791545
925742045
240053597
918229943
167029668
941565097
881413721
728090188
660894930
102297516
205671535
641718787
471493553
167341080
264649183
581505242
623360527
383006671
211662693
11175422
930083315
959710523
557450391
650607619
959727777
163720116
679218602
31148407
105718247
470687890
250830256
252365878
184079857
202842897
829368512
16736914
133769748
330321465
505552374
908985202
712529907
871033228
917139293
30955736
585619336
73247423
525750921
973147091
248559895
170284638
875450856
528802639
109370599
786050758
821316468
365668294
281363523
119605
901826588
762936823
545022612
694148759
947485228
898770761
340247223
830727022
779621295
153765058
719599329
210848679
259383406
275455499
148299200
97660554
642671751
641387316
14020835
742773902
817796472
538990925
421818810
733531215
927213056
307574637
995993704
589979128
927525579
923643149
801677899
428549147
122160789
962036772
996111317
506843514
40010994
650954524
508820030
409449866
486364708
6923403
22843648
453975844
730837520
498876562
408489161
518729393
436146319
533148440
733624231
341986247
977318799
297389117
935736648
215132798
275302987
431833041
851662227
510519634
960837187
801183058
579139778
163524023
688257710
333633492
980135818
337112357
957988172
388586046
407525942
487576056
455914951
965933468
224007927
491789759
32134049
61001310
10425352
800166826
154529848
638285867
425358970
439305329
500412031
141376028
24030731
457178093
271225040
696771476
210250245
720018836
329514996
436500290
282665486
406874145
558463622
530740090
220766197
557805369
55334651
546310533
695689897
413727885
698760932
959117453
327559895
910530477
801625301
47571298
659244254
827250255
465826280
645000560
395777775
476132620
339238767
400386801
963600588
626736626
181327201
37112230
980544025
407940562
382104297
429417507
429981122
987320281
343947819
431662416
72915331
226341417
533407982
655194262
133383581
605914052
732068113
417257902
31634051
124931938
281207324
758732964
429006522
947559418
526685003
294812032
180778829
769745215
306075158
555923847
715946792
44935241
678622364
596497536
649609665
470736879
336111444
819010241
480390579
456287836
993291913
115662910
31759186
591309707
776846989
933330177
876767247
423547178
594286035
956320493
114473851
970052441
721283511
296810560
448493538
557595379
313284149
439634005
629926768
909110701
122394549
137379246
327886669
632336511
724094497
363207761
237645327
80358985
605293686
590773778
474734972
803282671
366295533
467224058
629263179
993232364
769590688
446184798
310262961
193764964
719280065
98622572
499722345
654605165
789989848
409940167
714933147
394417669
297698587
245178378
562994069
636865537
174415835
341380468
724351862
121832563
23184181
476162001
623357420
356331279
377622468
11505435
356489475
83368290
985358060
148633055
841321339
733657428
40011000
981178018
336381732
578510190
91975204
69321293
179294219
864466825
519548290
952217653
35454004
33852405
138329858
440741900
168603253
406495032
456667297
837752033
998199259
484652012
908869205
833132868
396476478
343288296
803337117
947738495
266688712
763324429
322955509
834603418
388603638
94978505
286203048
681501068
579697442
740133494
410945531
323698168
175432758
225162343
884096825
329858699
569825728
232695432
572234583
784573246
963611086
879245051
904340353
764006012
925164793
610009891
315796024
526340811
909065626
119641628
110125828
785330718
113688749
30597692
495418166
519096735
649549362
488093949
901833587
33619535
935328648
448847457
281006507
198277245
938845107
329424886
346079308
961923987
500227672
77852292
1656014
655098013
524494686
237583841
136335787
221570419
18689046
533219333
716182831
363230259
135284538
105263563
101074045
178141972
724123675
161953200
386004147
830621122
39348240
840765584
421526039
990608482
344272853
3718990
875199117
47783222
269632565
569189775
740336521
623040648
481770779
732537198
934977349
124117698
348891515
677242976
393372327
439205733
125759183
619682426
428742676
72446838
541374479
247926774
905053182
326622856
703437042
538914534
72036232
249086376
105948337
831363262
887575489
421861327
974606800
280078949
14650557
880958991
101842473
553747461
228386300
463289387
864334343
404076427
115785499
798388386
323276426
944763031
670776428
821838024
567163243
94745428
412368126
519843546
66326351
227559564
579373874
668066344
349732638
175623753
518457351
254779965
483340817
60661187
615637297
802400109
114799306
33257478
376655943
944135532
7555155
817585348
372776413
521331306
969540648
747786315
983636816
831774421
69730618
615051366
571814101
809731192
265906846
42168390
646135481
57567122
653406042
333508796
935767958
18239027
933498633
492136066
816939677
421958723
115023168
607056326
995245058
557805369
684091645
861086890
189495100
635216847
347175017
705498524
486415165
560852014
681571128
533711395
99848893
516066994
729659632
250131592
180499993
524626394
300526745
913788177
679472182
660577971
278334097
175116257
851147734
593879025
725767278
316881391
289711904
419347847
472569879
665539399
828669893
230793489
273055607
105490081
469373710
222167457
324397759
709888971
983642824
748603098
846027076
952533881
69538615
848412896
882149913
731474858
254884747
314032688
87181898
406019306
827711011
570247923
156484939
364465019
498680172
516279584
646110563
40213131
897221895
165579796
374894234
288097520
345511943
28738524
324243782
751968700
44287391
357149780
200243668
369834394
514537315
19873245
186814785
452757510
155397198
191151915
901884050
768352702
763628114
862957924
955666648
875691869
4853028
214178283
613985601
902711207
914903407
903396040
536558278
588982462
670638993
349118926
689187419
87027361
435410914
173191785
258483000
645761893
474728066
406120640
788437592
439274394
32922785
712735992
57065422
312226300
506747349
812127640
736581122
958357017
899941652
462824622
449351099
927262708
450288085
788007230
958349977
602683
462047911
548143667
155949499
864548684
169006999
197298266
422213633
38454373
887065668
944574053
735705834
617627013
512723007
481473686
31768514
800971806
768456551
290119727
160956794
484605482
332355270
588761385
159463323
311076943
379181935
97767005
528812484
497066845
58236709
385293987
571608134
879218729
840434035
955493605
353979851
508357409
441932702
405664900
150290161
667025156
358931732
18884647
133621519
241541656
531879983
312164834
142001939
602784427
642811799
534801723
759479654
877457028
521203540
76075592
497034356
636613680
111722647
115071560
863639388
74149047
723894375
523943572
667389485
150672680
779783012
760909784
733188588
929816330
575104196
356089979
107495622
175714070
841060593
332631885
697187856
890817219
134463858
146607837
354070553
570290048
554167760
858358873
877234689
845815865
376424930
729787636
566002097
416552879
663664665
897823652
3810927
634615328
17240623
914798116
431473699
180470056
174493083
48430421
817626967
679085225
28088369
388847186
715299010
70642036
673335123
889028518
499366051
678171947
558924088
123254851
679348288
6962898
485961865
719198281
618298551
888124367
320307626
163398423
880458195
338770852
903003491
143362293
496778633
431317936
831868151
386343895
167091778
997882869
137666955
660590411
406790932
28444742
737668995
764905116
42810340
725192941
228166890
685072970
363054136
265707816
217494004
599301740
183199849
92737331
278462072
22209610
704620684
492098155
340413967
901433405
344460554
396726489
500469464
741561133
903027235
131721473
932133225
850031833
467165273
833774980
404092675
463590345
307791200
44634168
141601598
330252687
149655859
34365735
99924977
898494379
63976556
460971074
876242961
609141345
414135797
633596342
171783693
922416383
481706050
81935739
775089115
448819936
760415555
508815315
270287437
874767198
170256767
88983962
390381694
230956267
354272938
419883964
421919170
46509026
589362851
628260599
507232324
499019246
492641025
271074057
827796330
760414368
904137071
729018811
504184372
42444579
776998028
449169667
749682995
503629754
247673304
774535817
404880120
356490738
634206744
1188934
335871426
895636813
49449161
406012420
862946298
760759056
701984178
918719304
283452273
824610282
150199558
542118410
698554141
982576793
333536379
801646877
157754409
479428999
493917705
116134992
486914422
273399904
16403842
593254127
238386839
850917507
157087254
310973501
501659139
437650152
727886268
111722647
57161667
133985201
893049165
620927083
634365504
58928309
1154328
266853468
885322431
878878298
535246502
741034572
156924273
73981886
546690335
640875533
687908337
873640529
159972088
888630372
295248172
603336453
478722653
899503387
274470608
586724496
537524795
308775527
59683139
457587872
521492205
943861247
427252686
333188923
609920002
620857832
666207429
140625949
948466446
91662312
415048339
136882262
775061594
244921115
742613845
779218098
241582958
646609439
763460850
249410148
818872755
183964850
406750533
418887990
754141285
211754142
430061630
14187307
711174153
338702075
97764190
840134056
177231648
93779216
210254506
986851561
606570653
988909032
111571944
681084582
562741206
47999787
821638268
92039619
166754399
968213212
196042610
600190127
224332133
461507232
535332433
632971196
333118479
365487250
618623608
597413151
51323194
627009140
987910368
662761340
277642093
226110249
531186816
233236875
865013825
457709423
129266386
633804311
455511420
319262519
608845693
815110367
42327188
179310734
602267387
496624047
893105557
588113049
665126313
936234700
365288615
228886640
54099193
339317426
994361964
558816992
970232060
189196015
422299223
602657894
197590446
236407692
897062594
851076699
715871405
770708850
722519256
610882523
666296693
390687630
670616472
987580033
697257784
703009850
738181454
761502763
477037692
149778893
316881391
931267379
115493218
324171996
830062801
915254449
103263810
649725003
984073586
319903447
377091035
714080332
253779971
453884451
715072622
86291686
810674536
410737526
304738456
394554694
60143952
964598552
273630020
861214795
108666655
642306355
106385653
539989735
762377524
288538730
219434858
823442638
378202936
772847387
507147626
152156454
636606965
781716331
700431153
6360670
82165288
242504533
137465875
306099071
169448418
677672342
664423746
38282086
166482720
444750415
50272342
610385747
903465986
944677388
452100620
787607539
272962878
91428312
33031669
891016441
854315892
250959241
53881295
823463688
758489855
392501376
57232078
281062113
395886269
518974695
12208207
636217155
782305713
876118682
250891471
725276268
790806037
250941556
398537224
27259183
678705477
18556116
57213484
689160372
926051196
518853519
267111432
32922785
422932606
297690386
571540479
955775565
771218367
209059483
310602544
958883719
745821175
785378932
375604114
11175492
889918663
47072452
54875067
469337599
449387401
592110628
41409606
9306320
333045827
767304818
323481691
133067455
600040266
212226271
991541199
120686397
257032749
732038650
939508278
239315704
673298675
671327293
782414208
441696645
858706011
619427033
55680450
579095916
561019148
830474043
547266842
519383222
148791428
240385318
184229130
164610300
613429776
458721775
819242911
105813586
135076102
351542216
728026891
366823635
60152623
591856117
189360654
198130744
158133765
822446873
173083685
187955448
44275352
819886233
946859907
556844344
887201626
197989959
659771946
105645917
128710140
946580180
704247866
968587196
81930742
948092392
680725519
419580958
50672927
751367884
354864130
765139417
502788956
397810508
679759452
317599924
190184633
820367574
148622861
634513032
728545092
730503213
705922035
78246857
589774276
467658843
167978540
543389303
889213222
874133330
752271065
411690079
387623555
682208486
374894234
904864592
781040821
5033448
767793630
157238602
758649028
841022263
926927475
570726633
198604709
15666519
367685724
300224354
70351226
846842107
992851395
158670340
489917649
75290382
133753210
329625164
916404591
358820385
120218336
479990464
72535577
752814046
1434166
853321049
721707535
354849234
552370183
854944455
474648825
178301278
728657723
821403453
210088959
715613046
286798550
271705834
100181064
186000299
80936243
294812029
959800458
168998117
857433539
193131696
595575927
269191588
621905754
622790055
821188854
370118293
677563735
570402433
985287443
271674893
347384809
765820126
416133058
563746517
957504944
949084630
833075425
939269995
685736411
857154366
990219479
572998722
326647924
439274394
137693231
115353902
632335116
814653223
103867766
323372426
620164543
468084614
165534797
904752326
531648482
555223513
71603177
758230711
948920523
975314712
931630496
635052809
19472343
818490033
713658538
530865069
786803735
805997098
410662183
115687764
745256892
936998090
897007922
649442135
270394455
101457129
351421985
270210633
774385061
751674966
900559942
30999260
468615346
724875135
826016183
486303768
74910739
777086776
702053224
585698790
631485377
409444834
85427358
253276907
653133490
19909888
4088684
235707324
456452709
153399362
411097286
618139340
892281676
979047492
216726790
373134288
612746476
632130760
214245556
699102780
799647759
260937304
931168517
185100185
527147907
777204306
946231858
488184044
486021691
598526768
436520090
147395264
201241023
211851250
934551039
786279579
400874111
694785927
306871255
5169496
281915302
794955492
895870370
35342529
341327833
550054475
103107112
456591443
262401973
993063129
429415569
28460990
33305387
765769095
148062443
748770019
691005437
432512773
40018872
67931566
831625513
152200515
371504480
225513218
224496582
204907228
947152721
255197496
941286595
309219023
325220766
668437233
795736941
279131719
825645810
294318223
923984400
545328165
577191732
187182251
73947863
126204729
475494905
403472313
711166156
502972656
394003616
190389723
68765679
605685001
477301295
454150286
964768461
803564329
121203391
331204668
983195786
926585192
268595026
149550709
901038520
486153885
578172000
63644637
685779493
104660691
696332187
707762605
178983473
967622359
66964952
541663063
361410230
461641264
543102148
253779971
354032409
264830750
279720638
225089580
19204533
651523448
669045885
343720695
891741561
127178381
115233886
516893123
87290920
427156814
531207021
443080333
404269651
905783416
201829041
203531428
978426776
131324683
705243262
373542938
213518729
388531457
186144749
560907346
11295762
407764109
642082491
504402781
200312810
28095960
269496048
332725147
391558086
382174984
673849601
436789857
839644993
557750953
110154593
429583251
672522281
373584994
238274012
560224351
695370150
870390910
430229586
52856549
415527041
905487327
997891924
870520478
855629854
237922522
753234599
592035506
60132929
703629624
104089837
336489852
500129534
87081991
914357305
287714252
696531169
596215884
766941023
775765099
958160475
984629196
129774408
166180182
818033003
670993093
988088338
566374828
18562409
793400391
122613778
396633451
969795820
921606985
628270556
11753602
53910540
95024907
211841552
328640131
682818910
721739540
495304242
136158598
127493095
987637194
718622623
352314925
792264272
675606331
918366038
308626103
200438498
50187543
264746431
117072981
624370313
294301718
887151329
832967047
546368635
919286742
454150302
804308995
995550038
955034063
945789282
650778557
391399116
624831569
382003010
142511772
980027255
313543839
862946298
815655231
213834514
995498683
20690129
638378333
788810584
889916257
884711608
149686243
684797402
558816992
708596090
458430555
521596705
848284725
198558514
656516521
638381952
763655306
566422841
993128958
599723034
383103894
356370032
157317753
663865717
778895317
674338607
175114441
966393492
745222729
274352827
357870030
210066471
521002533
153048244
827711011
726848291
311048934
486265067
260004935
861813660
809927665
412822906
823325173
367136635
512884795
96306284
811929334
938121450
599865468
809689131
687461014
955828615
261811411
280487240
415994391
191688832
725592281
488293542
725762674
425464979
414726501
161753817
597206730
944215980
62413176
543075467
682093011
177171998
922663100
200048153
780423822
151979251
1064235
388139577
551841882
149134410
762084702
750940156
131750153
875717461
273922966
548453398
763169536
124496600
671395714
794681395
565415690
403645162
411184664
28903055
300539720
49384179
170995420
922108175
987018377
594617152
823834443
831120164
422605432
919673657
52856549
453648680
333975199
960494560
501070307
206982412
2214059
403488540
679605846
282707846
669907256
580777404
697482306
347086919
661232710
422702783
162197173
493695364
860339883
731587919
791813075
628421863
657762083
596191122
381179665
494652566
970926805
771704303
549862831
490966513
47755985
903195790
207952929
322340497
638021147
523324608
123951066
84039788
263497317
597206727
547526750
470056092
247099249
943988477
196242281
91836692
565381550
962729116
616002045
61099773
981305427
745256892
953030366
570874904
849735803
53819788
835808292
256790992
325605364
279679947
804230492
348237253
581304249
19644413
768355522
33581171
171737856
330138433
308750091
923124248
311138047
253114609
314015681
602185665
695409256
277439146
751915186
457937612
881916345
755669536
178886862
765243126
943268919
972233299
56308787
14369263
962053528
259263389
25435666
143829000
773649213
7639940
791598495
364658652
372611367
132998252
263052482
891960684
285841554
378237360
792423601
256158425
964964805
243766011
889769354
5039983
159402302
880741237
699136066
422895121
227763986
69451256
495929357
956118586
368467457
743888528
43789360
831914694
833528118
793634125
468211752
303501802
169280706
526978001
845952617
911377338
870957954
211049815
679739217
646510595
900555811
610077460
850705675
674445865
993210879
660794136
458389687
481317244
477960180
575303892
681668823
225094394
21233967
767370009
414372627
464787308
349750069
740595332
808388466
991549642
630617465
199998296
422648327
690844183
298013698
909656271
727912491
940072252
26056450
649648022
615435812
817947046
581108028
269652716
479897568
733525513
151483709
175723005
522054206
70380221
406602241
79020241
33661188
628187394
473228672
83489125
801543698
115920665
548770183
676347681
314240800
375881165
820519702
814130269
975157683
28983126
784346682
754744915
993676050
626265002
229278310
312351982
2243236
617220763
3718990
162801511
893430752
158446476
960142936
580425846
864251261
338440965
367403192
917196916
886498070
778416374
719626985
424867695
810283089
286963968
128276269
335996816
911070588
332043886
885350975
771615788
124014659
275809436
26654236
157652865
213583597
845699628
448179350
805947163
890228026
896370817
10521099
124604200
756096261
587577959
969646746
845502688
156570434
243947021
712360337
908896382
609834398
753480511
101559472
543788767
651382377
664055865
142868178
581376966
187661063
41989443
777073423
497979185
57632545
226850018
972182620
112922298
922516523
803092929
820623
799745194
866308199
170730459
628260596
162419736
612847910
560931302
184605040
917992557
945870750
808965260
64115431
363798002
227450354
65899847
662761340
820724218
967921291
75230822
585773276
742586940
276628756
537146766
701252619
383413197
111440653
342680700
661536843
671470350
50333207
945437183
423557186
574840340
297952216
546001139
161289457
984822647
24566790
48306553
805441231
650149961
38828869
339985604
19995146
337404133
923812816
474566543
940214433
557966083
335335765
256745954
812024912
638378330
413536426
547266836
434335106
443662539
841039563
428675798
80875233
959917985
279654568
231303133
685579028
119664378
609938997
72796904
920285930
669380515
573514353
395707952
429856429
224688554
149983509
433264592
400045965
405643129
191024962
129260928
742197730
294617638
81742520
157076137
649181033
843347609
217634950
859602324
294212258
98815626
838167719
890520380
730192111
390211912
51876385
704303635
961023794
892794595
740549421
812018220
930118997
91545206
186856441
371089449
504641026
387403647
528635311
256256171
194398998
215723929
846917157
788043990
257355266
221698472
280778927
111560722
736856828
720397078
400007153
55775622
725740081
276201469
164725966
274120023
371109960
56487405
882638587
570699482
60471823
488271923
677069466
546888042
343240793
575741824
775864297
697035465
878549148
442229787
92039619
697223981
715668475
970144755
213045972
940214433
571578989
953209487
590648727
92077673
364045095
939976633
942048382
457320257
849793890
750744936
546724279
140086882
821330929
976455888
38316081
309005034
899051791
778158495
346947570
363477873
123951069
525999881
651392617
994805560
329604268
721055592
870105081
327675494
722865085
999336776
747283559
637269681
124591076
293587747
221150519
390222705
169210137
65649398
879046256
551533934
525591353
437567032
891747446
809674033
721865240
118016573
424777677
804719366
609108971
635867868
649892551
274041107
228911279
644971681
845603050
197969739
197108629
993281173
999009416
574542442
362986714
483921182
994311933
173817423
590275440
624366724
507093623
93188768
862894855
167561915
382632924
690364029
4352578
227336495
289658345
616381975
192579175
756252981
915865483
387509
227841871
399418494
894880779
48764252
237661031
257364785
873884767
249705656
976085361
727081165
808446419
412860115
861070160
193842520
3161162
336640847
32497993
361567921
763409694
216902541
640773562
577668335
608101032
600445708
563760407
178365511
903054650
786050758
578749862
956894058
846616946
99334726
347533598
959401572
198593717
394020696
706659738
727368070
826197818
600983797
972436112
807797160
550163415
224965347
325615233
58958551
924292219
451838049
699889596
899288681
194919253
95300968
313932308
82575075
189478943
322443913
969038928
745047788
555875887
439973068
154748840
470056092
647490235
21949388
119605
41082645
112131198
750645767
148274771
604829882
523117858
93402261
30775282
65736945
891336717
121892930
355224961
514751730
920534971
992953
317175524
606992463
608701344
970051551
465493343
997366115
174276661
131433799
818500762
689282459
623152967
415255815
827668520
28559945
887267878
873337284
403969319
373630713
211718399
470252380
477658921
665611911
293238011
161315667
623650860
89655368
378316412
573731561
316446765
622790058
862424632
259293540
538783995
839343967
230371659
195020714
161098372
869481064
511854117
973997975
927559581
781515201
592520002
463685421
893689471
571187024
576755111
948203820
838575165
593535570
913231993
463618926
903953957
643739422
308698194
768200626
623777915
100079761
584823128
218825077
67319599
254884747
710421270
578031637
168428319
38279877
511321571
270236898
474088826
258816260
406818291
277014968
472901667
309113680
230225161
322458599
792795425
76162696
188839215
234891385
516082854
275927390
466354215
53426992
871106282
156206856
491974290
519460934
617220793
901876585
631687747
815312383
943079243
596369700
85383337
7096218
88807916
168526497
513524939
500865714
37357365
987637194
863484858
535303832
722700444
134062471
457625705
93557464
553959901
357199237
65807960
952765460
917698307
903465986
708995680
600736885
855120704
77326201
56283559
982120482
609090991
146019965
201929318
782953454
948922361
142592311
140933133
246092140
26731375
754517131
514631615
717936528
465501891
847258992
665070849
146819983
505755495
769198767
305444378
163228284
717543579
384123193
95970476
389757292
132784629
624535575
201613955
455059703
423203118
369316589
881974580
335529730
873470104
409042514
443433413
349113696
374263203
955100829
20107842
665954978
277962392
70971953
333108751
162088136
449099937
478219164
785582478
460816083
831523145
535961386
21796530
450576028
503068402
799286959
776988279
546912245
978521455
854790537
606280000
899777029
779344361
888188117
433686447
281405473
738601847
145638039
845069591
744135931
907659940
952167875
915331573
571840728
850684668
669304711
554335825
266651371
348199173
712203781
655063801
67703284
206318883
428267765
15089564
862989213
436732010
868405638
264636675
958750525
872525410
963249680
630072295
240043322
298779206
882184241
540107909
163675338
270410038
139902063
744824104
55829143
547826252
143247508
383273807
117850909
949376609
922006910
426896479
695706436
417207443
430712770
506691385
655241937
480458302
49144630
524287699
405512700
800980560
844910706
963976305
318600962
615916832
508397393
474654560
317695162
679739217
801423636
894443815
87053074
140009828
739233366
946231852
362597769
140840757
918875986
359364722
610383068
701862253
89655368
817882970
405749325
590080087
693972089
31679916
849724120
748030095
210334091
987358509
949376609
753947293
511854117
817069943
623329973
266394016
346030520
648474020
118492990
315823819
261471587
501621735
456173838
8706998
712488984
437455914
158787780
105907086
589306813
391629395
857310604
375616044
292239395
298059449
505760422
472931686
967610295
658605780
216114110
381581957
618712570
524020501
283117260
500903614
583733859
678746048
863071097
840633347
473947522
226850021
700022952
66102652
543783058
425240601
132444334
36450326
358142337
469958561
108943930
83311211
838410254
788310955
673266714
700850062
298013698
575022314
976028866
650105715
272759980
533686710
447961434
80890420
260808602
740609227
145227451
412180302
718087958
98769464
21646997
676352051
270487893
169360988
873162731
421728509
489446710
175049435
294578632
334422483
511819753
216171937
619629924
693706002
634046667
106550322
681155961
598206868
204758780
647991705
687507759
478195747
759552826
660778393
668371221
798233573
827859073
726529991
251036110
688498209
127863556
667443141
382268826
427298917
321306258
678980954
909681090
489065299
748886629
283820584
182161546
513909438
797415871
496176555
292238230
221816766
672002735
486894185
931796585
59056220
88145494
553904152
764998073
777056179
78132918
21058774
222762440
630216948
270277286
120406364
655098013
486400095
845449722
560263369
697283817
622229105
297467054
679786264
372381932
955182861
685771123
74326859
768567488
495618905
819443452
841371641
727510389
483733426
135942350
2828814
962766238
802525391
406347070
83334669
335850073
656127620
919713552
18455581
840126274
360739046
343785669
932795017
699386644
32379078
111338363
466558369
756316745
701369397
508764593
650477645
963292567
970118993
108666655
264954870
878047196
369889085
811726550
775167811
887802923
765661294
524428264
575023495
762054348
422845064
613934241
651558895
339419683
737832542
614942652
781268862
916535080
863073903
845393785
656962583
408011083
338825442
781743589
769729829
660569563
179294219
589182725
735747716
623099954
857000072
446054061
191788145
593372418
264861133
498791974
942779000
967381539
716404019
134062471
855486492
261874505
43205940
483596954
418871741
77110344
80989911
916331446
120254412
843075037
891022880
303112573
528150258
323876131
796871083
765887774
184388648
410945531
316100173
978700209
303066515
623697040
636296204
335004499
719393650
257718992
328382290
365675220
447889252
952503744
2927048
195176713
546834140
264242216
172708587
990078074
336235033
292687406
177415522
716780710
904173533
588940045
492877117
464324672
253024769
811286253
561202443
47982821
334225322
340295343
955641565
582422030
391932616
428985597
67164405
855533961
980924815
762800775
927068634
519614002
975465601
625097143
596398692
863108031
17857717
540721016
728432982
114306284
790881310
85232727
938993460
428742676
807246232
501863357
704247866
793200046
342010301
568431097
500045633
678374699
305703000
947804429
76780081
899736792
261497231
725576597
904445013
976457895
597434494
108766680
888630372
720030237
448761130
54856858
25056720
950021373
269746237
104288193
208134730
279446559
852583261
764732464
591427535
864334343
680362894
408177105
403055178
729288964
31062194
811549986
774840934
489379603
799996535
416625580
832132049
314919388
197381333
110276775
568343120
314373726
670644297
917698304
764403352
499722345
563102334
170313031
283648032
393105983
792853281
613982809
559401286
210295179
355678315
605926029
772576847
42673796
269465407
872385675
607356095
650711861
152288677
364811373
272686087
535839577
146005058
36214939
546629739
49280420
232855605
909449816
748982404
429699431
334171503
926038740
582903231
487922731
721463403
436324273
419643830
750093373
569111173
406240755
512554031
892278469
87267764
678862175
132726862
362143490
502699738
85913298
645372219
51132949
337050665
933498633
848759990
454761373
400238200
338831803
732772106
311349329
437834743
211466304
487285954
736605646
55440884
881981668
955536441
27566137
926952533
352310343
403347067
696099158
620784960
976819891
292410663
228314078
372799087
527459611
443985472
880222613
489118858
700565615
599719711
730791594
144624351
231298174
597116949
252891469
642575031
634735242
811929360
599260503
295722669
856102995
161290955
965006035
631253273
436709202
165579796
560897691
831844077
635073389
833563900
528415314
491365264
221861858
288009629
566352792
420326683
352613384
420957488
358333796
755372967
49438879
341615024
372529341
117848339
314963385
54108637
175134017
774523683
680470030
323367830
340533988
299333370
989070960
865286806
280160094
660322122
235993191
616599536
41841199
285804068
141758161
807727183
323611936
352450557
168266095
991387842
715564780
766219963
392403371
930036627
324147697
574795495
246966153
838885056
813980105
635309511
383833283
957841454
725881771
933498633
213124224
320577059
282516456
619364558
347815604
679472967
174276661
547089312
894488230
500903614
437678010
933186138
858345383
377003733
316777186
945441610
974619937
81137613
56916484
522141754
987874164
876453118
278933407
858527882
91957608
345307573
939368594
334414492
75858045
701550224
629918241
877646329
894033961
888091682
760903813
528442492
999478019
698118257
508666363
245892454
885328543
304163639
593287866
247432104
535801558
327910624
866801988
514464148
261090249
985265568
789501038
380807205
697930309
432014445
296643934
156059069
50791744
561351334
661684077
700565615
915618541
731240948
191652628
42199057
985575255
190245629
936177150
703177054
827747025
304163636
473914700
317794695
597930145
514847780
581721929
207696099
64744653
567295619
79169001
986167385
776042237
672591322
246090890
793554004
10696601
55291064
104591428
545182896
156168038
134572127
520645604
207940820
538316760
141306040
871167942
379111452
745302817
820859363
572679925
839487722
249427964
783304914
346755264
69231150
781217839
870028816
663546916
44810342
594419577
847303181
84173163
15226611
841638543
400771850
199421169
207073046
997511850
889447628
828600246
768505656
285576219
891836223
121400303
544835549
40320507
337724090
110687001
784131149
555938016
677180369
596369700
153074155
333917587
878215880
776257120
733426054
712360337
500339925
309183996
385797640
457157574
595275465
707060099
744873495
987321433
224482107
555284212
857931270
138255973
480786153
522664768
9289398
684899725
140956460
835716560
561589745
13770166
387805439
475560737
483307694
756260191
740358890
138257091
430754271
450413530
898208306
465650094
800340346
874198308
604067390
140933133
103626544
478044975
842597052
291339310
251784429
360892016
841058507
822426186
581652875
539811909
720423557
461247566
291658518
112922298
373883073
759608840
584425305
377605178
410403373
431184292
184074170
164757499
927742569
262103114
289547959
967872211
997511847
802877205
343858585
226156082
428799900
195404677
569899686
809813802
552709322
439741414
785789464
443828274
505062260
460367838
647433716
39398738
63469035
127400290
487465255
485896402
483571045
199190711
455082705
641863239
132436803
21562171
120062184
785162317
978968056
467674355
68588040
538529439
478451218
654185620
975587523
166021944
858170222
228911279
658947924
985412784
327664563
533268683
30008245
79813153
509934894
979178485
342037956
430508668
504211167
708276412
124296180
857049280
294606001
341744310
145397996
396178198
838937397
323161655
218254036
176128214
25435666
293248610
521363861
345624345
526412491
605904517
354049037
384481345
486502178
141306040
343126258
813226670
909943086
939382376
312943426
625026013
75516339
719016644
891336714
149735858
842003167
458399511
903771587
771604493
500696031
308091539
98725642
693223179
159402302
204273939
810357031
707736536
389157434
488042426
832449861
271697584
967993131
309997195
166223209
13437096
123461846
612433198
171459424
708276412
398049843
172283391
291162391
42748522
358650016
486914422
820352562
973429923
844815286
171846026
625340395
826026274
945026117
602996064
286224427
299509054
26659041
826156658
184233731
206027540
620092093
618112779
357973397
521537144
256795217
164459634
195130604
369612400
92649967
807318471
785315392
773362109
562741206
755372967
165419312
833020447
734874450
798354808
681501038
725506465
399561647
509175299
663187516
177178694
400055986
370413448
49352819
98817097
230820633
485780456
721845505
185113059
791813075
925858119
623147545
342063441
433562013
603435385
57009051
746261527
576226381
877344944
770733873
161126117
844573517
426162336
979047492
858159824
380384396
768360652
522089936
844007376
306904810
742197730
667274884
527184341
340909163
228377973
652836930
286798550
533462965
71992672
360742899
559709825
55247197
511257713
205269443
881828877
234454919
561202989
196292146
215968971
433693058
881401551
819228125
72672195
808486330
356683872
292586596
349932818
733757535
328544508
162976960
444174289
298938748
420326683
677490986
505850831
949764061
49828785
38974777
833010685
668011205
926865932
402581463
691425547
552921448
348257703
415232632
711792000
356534484
457375798
949864338
175230817
81583449
258521825
740275102
312185162
297132555
115770580
596307210
592990180
366016480
837546247
658779781
765147461
741858862
435716235
964722921
274219419
797339730
761642871
411293355
415735669
738563830
941811824
486664511
178423914
770687209
203151239
22235316
832769669
18436547
245810980
474908808
304760302
104908530
300929626
771219566
462531495
586677418
168338910
561019148
703875035
873909562
517385486
201822582
428823584
698927507
969714032
977550384
683078068
480855676
590509555
748030092
47541196
611083701
853818471
315238614
524808003
440354974
712820729
144397435
23542150
201764873
127144036
614562447
59872111
202698449
287320325
984236935
394609954
613850545
436723820
38050288
623401258
493545311
86666097
68871528
438891981
666594431
445052138
274562134
218260046
942367223
752731076
354101522
638081641
203392023
232061272
366481536
12654756
123447042
782230951
406786560
473637133
550665582
286695677
676139736
138719574
391450330
876319374
409569187
302433815
897364480
756701734
533499323
442349327
529003945
730504727
948031747
274014023
174540945
646547735
186567145
32319837
350418043
119592796
596657717
824023525
809366506
41841199
690454659
312357727
761705682
573237354
659578446
328526336
384988339
323033145
818224290
723387102
64124088
819071707
295935670
645059833
729403025
177052460
475198939
470260993
499757582
141196344
523083818
750053094
980450220
920786405
876945827
28675865
640773562
854346977
432209092
183673379
880578510
134062471
274793896
592120022
602927376
932411470
731738379
161954452
643584240
511277491
666559209
187573323
592979415
330143572
907393914
702249557
905446406
670274236
468514630
153782927
55780362
232621866
721246018
458822498
933071766
424734873
468254301
939011946
372384795
484026292
917096645
983388963
618963461
966517088
613429782
338439919
337996229
815204185
110365077
626642696
359490992
299422079
730736253
153651000
568247799
824586492
456304241
204807070
190466609
889882362
557627908
19653526
510833436
925592660
107536780
83579640
770925068
860794549
183638266
362986714
113954406
670694792
81860059
490466340
502699738
205525024
960915429
906307164
650546724
765139699
601954151
208295974
864035556
817626952
358832880
217050161
833065798
501659139
607997248
520243344
808973992
312752658
436749553
538150834
29246362
905607659
213967639
126352238
601976043
37322308
252161318
18811290
497308442
188485538
249335856
726837577
717040082
929109077
283216854
767070202
530316541
843036628
56515382
906532449
679759455
752806173
238050401
108656712
248467748
678917901
600538965
165533830
931536921
285900891
732633521
899821718
329382205
428125308
545153451
943150960
445363477
571349342
768104262
751091856
785318647
943280301
344513489
275021902
388178653
64135908
311848521
16010605
677770173
906897520
313615335
367035516
703437042
619609820
90817769
680078719
510685163
168933784
276261685
471559650
213475725
236871947
202561802
890886190
499061268
491543007
883374056
72919669
129844350
301202175
281103235
293950221
833407274
530110229
849667559
140699878
525336617
730552670
75120520
448482025
503032730
234157206
979624317
478365199
322875411
821158090
269487766
355210636
858354312
139174439
841194543
698969490
615092587
723782315
726529991
261630398
883473844
698203829
882015519
240634649
66044060
419137352
107517378
808153648
668420097
267059172
131757885
283955673
789522462
921088342
35189321
981836313
158968845
479674397
542585017
621462956
5581684
91944089
916224900
772054398
642199234
16568757
766185647
200982009
396431516
211300867
664706111
620857832
642837294
705756105
386763772
587900022
83368290
370960034
940246080
704122309
307198411
581505160
298779206
440958146
957284528
804379185
209155335
446658657
217803818
614436034
343666401
111934078
100986887
590539988
282665486
653730584
824330826
678165609
395277508
865649587
555257188
180057488
837558603
246511098
641657265
865869159
388951214
867342235
968456707
583895100
179322140
933942585
910415151
91366444
294524166
813088961
727876668
950254578
847653296
911917191
193677433
742197730
577191732
18752188
524494686
169632337
116664185
686388176
168172604
93603178
47571298
171644149
497743009
28818389
579430278
380544825
296574198
628166693
253024552
114344118
723666011
856739886
613678110
970643267
283759118
358081224
991849994
522165293
285950292
868284972
848611960
936641420
221238021
811802918
360922563
365637878
416771929
983271082
869385715
141831632
701968522
505221525
597756163
875743516
101467012
536046066
764939818
971634429
59037198
331503770
88145494
803282671
29764648
526473958
790564369
791598495
624034375
275844228
229277248
251424147
368946838
566810729
323125749
649930507
245908182
981282471
881613049
82659094
57045023
107496977
815659186
628997674
712783686
323649660
23537006
266666612
837583589
239280823
605936197
327851983
489890256
714312854
182951294
58173663
336402307
665161987
698317106
138220475
212421931
201194507
272666667
976775160
326790134
385348367
77224754
793370680
622014190
699585952
951024143
134765506
342216149
687534658
620267982
928246377
613300357
865845409
167723411
959701022
499013413
992824962
43946268
627390884
403613022
139213488
341271395
250870026
563304293
216171937
403858631
43161336
166922022
476753656
224463697
956980168
12088713
64996021
395886269
390236161
279252860
700089214
511523931
458430555
993511354
937707647
312734841
166754396
857687394
370361294
628613244
784590962
316358968
541655575
785936058
747975272
353930303
721096329
46203933
366873441
666365029
189443370
465562678
131282916
575929947
574013399
662295339
530714236
406778868
75290388
162355626
202169942
166640009
906569156
317344740
530368473
805869711
253067985
353731383
186461137
888684235
598678267
862860447
505813179
528915737
676834027
944791108
3396846
751487100
505033959
248965115
193202275
530714236
724430362
472831668
815674585
786351430
450668302
128838602
590237819
117192666
359576768
850684668
36929349
604307889
766099781
753117311
586950320
825823293
983010906
158617694
721888661
382854201
387450500
527007975
850642232
779742464
616769254
82066659
467658843
143260421
737926064
525483182
121382977
616859882
53470789
401738311
733504680
180085437
411038751
364174785
959309884
229388388
391933350
394021996
580706311
651682712
23795242
413521609
744702403
496657587
960318596
124800591
4206841
750226911
49213511
355176456
427238104
592436481
294421410
611461475
955629995
712355145
536590807
737204432
709274532
933306139
504781347
470857756
513358601
293950802
98598642
330802509
299520083
412715175
647586694
319204424
4206578
445791740
585032159
1941624
456476379
80609691
251791631
364887910
180130824
296841103
955467807
149602980
72613815
616769263
683823412
110877043
706866767
209314326
12208207
446004070
985696355
878443035
544159438
192008517
832081346
314280181
300472168
673503283
492701646
519877786
967781875
865215698
416911505
647125241
856465830
16568757
345350280
680614907
423718379
432992923
920840572
795665115
95038128
950913200
933498633
972121792
16988314
74910732
553649364
675199335
897119613
342063441
913680299
396692095
812761496
363247156
801402952
202527487
93302378
18724565
106778997
909807887
241302073
143857127
930826539
676897653
780945113
355583079
333635334
557047317
798775142
437169731
63197212
678705477
305038731
502401365
882511258
568181717
260770216
410465062
3799951
427175403
612659178
909928163
631777372
443828274
673431849
10444348
118847932
259765391
250071874
204121153
753606778
661719314
319501073
855942848
352473577
256786916
349796637
390896944
942904961
525504326
655801619
800804018
306666763
559109484
786369370
872385675
16570896
695396407
132520163
234640731
787985658
168200729
203257621
293628997
687992680
770672361
783182586
22733141
295206550
373630713
426155782
623487813
896181862
652094656
779902481
550228268
437828764
901918618
303968045
825249189
714712122
995167151
30692815
866338770
390342463
570435268
970710460
880336760
38503898
465978915
195936896
538646427
484320080
587078702
4977865
792516049
121512824
842914668
736482132
19208334
379065557
868779759
270236895
602523010
212998626
997057823
5419239
259774146
163395074
115976420
784622866
193781686
689560026
622235146
927125011
496923562
483355101
134405309
581002967
526237547
970235112
750328080
762855344
700795961
328913330
972121792
950425644
427403859
861999989
500748597
766133456
535729551
44473940
699386644
581590316
973284381
87672682
882498997
703791443
633656533
494960895
568704967
549823198
201875560
800835988
7879860
780150064
467513296
800917410
893265522
551328928
931942279
171270578
556315157
30089178
179310734
230376213
786823625
561014255
806157407
231992838
663750463
950425644
635002498
301378915
911200492
162140298
199486689
322269221
51250182
263351767
574077052
309079286
404329110
480764463
301012248
149361245
373123618
654609481
431590264
599974697
408936257
842927453
737061827
912047653
763460672
280509575
570308060
911180004
558631969
831983495
288203317
471824457
88615825
699173526
116776658
967995635
981074712
175680319
943853279
342680700
332695379
360230654
778767144
329142401
782874956
398378358
327664560
351519136
401502719
302625739
312869367
717833335
380019345
476461731
81488481
555033861
53582638
304047954
907259322
812871765
839221357
653054488
278930819
300256819
758748927
74669593
518458687
930533170
783193759
718973315
260008343
265372422
200882807
335563541
789849505
57021355
566136519
19420283
940661877
867069056
829388143
767846077
204382138
242418772
95332323
990013597
169335689
589282761
985896025
274143963
53956057
281294775
950285668
712553546
586722773
902014514
75704879
787716997
824831478
996463273
421830717
909807887
296277170
678873295
472349932
980999223
499405804
487846202
779188403
162790945
370969597
273731033
684076805
239057836
601035391
214684445
230331909
711936512
857324294
60376079
879226855
247782130
275811279
456400653
871406050
908024806
97758534
680428617
663729028
926524980
286536205
870111622
652933787
880869617
876110814
101003779
538811420
603283450
206320862
69455840
406765355
560646307
865759121
985457840
413429421
708813206
693109806
523997972
487670889
390819645
531114266
627194404
655568457
661219357
617653199
423565360
771116703
998038529
96979203
971984357
700288299
675166792
611615618
712820729
93854839
806792138
557808148
349373296
211593149
774807292
480437115
76832755
698280569
821836601
534576734
69366220
565480101
164484571
794716642
70351226
294551440
780448815
70738230
537903737
646369437
938683185
267222990
15227382
341226160
685778981
28803962
444493642
358899120
272556698
246074431
901367599
982725844
582929829
791621768
13089569
151312305
495108767
120192660
421628076
301093509
573904243
188811238
407359720
880390476
37216808
741188334
403045427
890858135
504387370
376424930
165557686
599354964
163520777
54283588
830557139
381984755
896203479
956993782
776999518
156921711
349312338
965000362
963198434
530829128
787933977
211841552
370968665
538150834
830851900
117225974
891336714
213546881
515727034
453988406
843583403
146860370
605326455
103277263
733647286
703210043
452559578
19671611
519900159
689768382
897301725
606251191
703196819
488761573
349579098
392296453
131634190
647256773
443285253
829163655
876398029
510544580
61305074
338237543
899279003
600882406
476921770
192397716
892659293
273731030
493122287
1368990
591226799
608786637
530797333
765918295
238591424
725592281
867624453
513577675
656581866
353250200
962293454
88707762
179225627
86680430
73925435
837506775
661386375
527784991
35721760
932011841
302615729
150283230
539652236
335770869
575690457
398350136
755771003
654450629
61801767
485512842
543724086
758075481
155807647
200547424
695387224
316962089
125568614
819967834
343288296
299591605
930272423
126732662
72758690
994022820
273711420
415276914
661524352
458076600
323892633
879451421
611699044
848577719
617625799
757013468
139947459
526339999
467988088
442528150
947461420
187967694
215596319
33136628
518243517
278813955
292469498
243671154
399548172
634389891
641538794
531147656
724991868
175600443
418399196
571466139
746132323
489896988
393608734
274793896
733513850
766786754
927209008
420005761
776564847
128889587
190267225
520693880
503738223
556486397
365628352
782692138
100728889
671181201
918395477
748886613
979927212
512884795
985902610
125608581
727510389
978807968
723925647
206003355
208995365
338048106
425441480
671227798
227081888
649855006
276325776
499013413
506967022
663692914
118482454
516097086
678195386
526526382
197574460
894600251
303027695
655791826
272848501
580550444
801932045
886047144
662283576
389526909
898411485
591987314
636640690
765147461
482419870
917179764
495176476
766697994
922245862
397198576
16967126
881056287
376907590
835610316
459939532
915005679
964294021
253867542
709183865
727774834
299243983
139174439
736841046
817813898
378906309
585808061
961444531
111662569
333307345
246775385
885304299
980919642
319993644
781842393
615738978
33497794
903078673
942661185
333635325
200475968
135852918
711441520
370413448
678210953
52703731
471210208
398108911
363586121
526224754
683752367
66841690
654520623
910354766
262396726
517182837
340509593
405289824
942271438
773947498
614071331
367685724
989856511
440858240
931447397
754587619
406380749
115770580
705143389
740769894
926058151
652913905
366046470
38446026
222412391
278334121
107626930
729488739
63700146
808256669
397940183
269496048
325605343
548083190
836237800
144099537
295206550
945082165
890001180
142698745
894528503
479454820
360230654
659784610
36966803
580940613
543349834
600595699
392071389
687934880
149975696
399138448
862912065
660590411
613157375
725396647
330616356
129187795
922610319
133209326
60477372
405944842
723782315
981473806
907259322
535251363
303806662
305003319
297788137
91768421
483395795
121821944
313072296
835745286
592901007
221614660
201748632
685511601
141862846
698158919
675199710
699136066
25866154
255259818
970643264
107916852
479021144
640846289
531524851
993557264
833677911
22185326
502435816
592214355
610234552
245978979
760027210
190722988
367685724
287320325
546038806
220913575
85814241
685034490
21845201
736106855
285340137
202435341
462275422
238669182
808344339
914367559
818828588
954027608
42200322
328337985
960730783
115543198
931119979
813954783
235083655
405683846
87165702
235357248
848560825
779221648
132477436
885290651
937031549
546927389
832311792
298420724
75304763
288969054
252602798
554991414
64925979
59058054
774545357
14849576
336196159
538341852
719006904
983050021
180780436
669456229
890457165
458399511
230197331
463422027
649990644
818876009
227384624
125559271
862865872
548021514
48028200
112328991
838993476
379056671
103000350
501141543
569329011
713881786
685059116
699461395
628317341
881916290
485067663
652557013
560762743
106458999
510544580
231661328
911339153
592403689
932050101
863540552
163057304
684658264
932726624
646025954
254360688
439625707
609558357
730192111
214049635
914356170
93353586
57162373
831819048
53444579
180556932
235547389
169613760
389539538
422236627
918644097
71230751
460852607
540112749
836839786
922307393
478068010
990852114
33590527
967983694
669183203
351135690
335815976
206568520
574641098
346105533
915754629
513896990
464119797
477979200
390284400
903214903
123852383
230820633
337320387
49049183
301611270
372762955
69616771
285537354
743124271
664243003
798480125
513236502
534980419
490989408
988047179
771380627
826723185
186550914
665072834
960520026
211002336
612150314
142308921
388543389
131877412
925627170
628102905
204912499
883725194
938683185
23011911
504209253
972767046
541574394
210088959
779490649
253648082
93013769
341924056
719053146
625454360
671021308
457122369
678070953
913307302
172175721
786955042
952178470
529459892
667017039
376755233
839072949
731127355
455782233
811018953
855189701
162965544
408298394
669401385
31361988
438682310
246263073
581942579
801344591
214832864
682655658
303082489
951688503
597666792
203113480
500870329
326527245
865967304
461254424
750817594
710620516
259109975
162802683
424592076
414476641
70598173
226850018
342768892
408704251
810122487
511093442
240451062
339612696
596754008
30220398
807441582
123307099
28879931
124705075
78116563
814037455
309697778
797858708
443441324
34379726
350455124
985015516
370854413
334068681
20301415
886244178
624966295
534555046
530536317
384361771
390695927
944378087
732206184
962036779
579948628
792853281
183415582
104227634
22999244
925032089
130776971
714799830
616695637
681907253
637446864
295138918
563807886
217944932
928756306
608845693
309935225
564190408
154444191
428524641
375066698
442395450
242959172
870274680
282038650
400431864
667422645
928380913
102116268
333829024
952594153
662799549
656434653
798393590
646604129
456244082
397232608
608078513
907705064
189045802
651636863
978029429
27040850
824058070
190654162
439233282
116044709
715425771
405900129
374226117
958871689
115345270
963388091
188653779
980089642
636066892
625960965
65929905
745571892
189107896
767846086
17559445
867044254
450851291
940654549
239953062
430214928
533412851
211468791
715085733
142340458
406045439
390767311
493552755
273156635
852361660
546725059
889477439
181619440
608772290
623611124
933170867
171349916
112084857
275668141
689233458
620619670
967341954
565678141
33690823
943901431
405716325
68711651
186942389
250170088
769811893
60158569
777937913
611042783
919641319
957042971
880643537
943910303
295470853
908118803
943049526
352064159
931130862
758748901
52856549
265236194
930622292
435166260
639716438
257175472
926337114
276077090
464027587
858626878
606073788
754134868
997908416
58699463
449083883
481829625
118795127
432860785
988102745
768200626
953338319
295399614
778571397
714133451
734013576
715668472
794826714
294727916
291941675
603041125
185663853
297690389
743174346
793206545
461709367
561653519
1674003
916150704
226176450
977694726
916031295
998623862
591628827
842599280
943057925
576868734
337050665
437272830
166275411
230886653
749752833
959145245
267512907
394922616
89076939
378488283
686918061
990542775
21845201
140239096
635454153
921931925
304917200
221698472
536184144
713049214
529479245
446814054
674724338
360869771
433650195
752606703
448907217
782716869
201756218
211466304
691543197
783211390
909238317
355435748
690364032
311374996
26659848
581657395
808627957
371688441
682075974
281898578
648269358
588064794
667144808
632635038
375372469
191275219
49403729
308235015
313504571
683042524
738727631
285485412
552822928
34638824
46702842
780653389
58518743
450700944
962943690
320577059
101084972
286707681
667684941
415578427
424493060
376813078
317599924
429221260
898510005
814158640
587246511
150116696
768352702
978717819
312457555
981620951
350585372
423048065
607793367
776454439
412378006
627505813
230183920
602130528
338098377
623352021
316740592
438244099
278668110
640961720
112421198
465916881
899093031
813905948
277807221
715425771
985457840
665912442
359583467
722933567
184635201
911180001
976083907
363533027
377688358
378020660
306919872
65554636
498712143
461384715
345918218
288596572
210334091
979624317
997224202
736981746
933498633
817479440
381402927
714080332
727646499
150837846
581612412
16264980
848873424
680586523
563779169
13533894
146819983
747734721
823501066
746132323
589518480
714676267
933070157
992598512
678284448
490514136
938879864
964791249
4252270
435276088
691416341
928052026
400913242
742941580
800655729
576880811
786483808
253199738
844721198
852775336
548868420
722008167
186821835
756788807
840585694
355389073
880459502
732543713
812183330
466688201
1006068
287271222
844629908
23449371
971744004
394451342
784664475
712905775
223190928
850419636
517015093
554455683
80364665
643459170
896560248
327420548
199054809
703204181
685239785
545182899
475394956
15531098
603903344
705205413
624132602
493169233
90878819
314104615
774497225
205469633
715060869
619085927
864598714
642657103
746086779
878764813
941667233
153180163
6327379
107590939
827066464
385361441
545440504
344963732
799996532
72177318
529085979
869053476
748051023
23401972
26169875
717330448
899086962
895012649
809486551
506312558
180813067
998101834
658795287
211379985
834495948
589774273
550031103
599236738
413821567
722753758
624430879
703600193
594678283
785031616
3180336
332631885
360052753
407677666
486664511
492589291
884514668
723894372
558262172
993916095
985766092
748687292
124254475
963368593
320046768
623036180
279302985
527861989
414372627
19158220
619462445
920180445
148411735
510450965
23985238
751932976
655608634
256616587
419872762
890284339
645476973
104308399
900620046
881468381
825176885
384773327
723641591
208163455
218274908
457118504
874198308
365509602
108388575
695383625
176185694
11539002
717108677
249082925
997224202
455648417
716268729
568554838
620994551
227618959
478976043
742737213
133355011
595698070
156168038
569302529
852750657
229306340
956894058
651415640
922138621
179390101
536402435
646834585
115656932
554687506
602026163
768295373
377479630
243044303
37011725
649029694
270835823
917271672
543265020
751187072
335531066
838858547
22431178
285137564
394373053
203724949
224524645
559401286
905470568
331802673
357806524
904579360
445075593
193886571
845711827
826813119
777644039
273044209
756244624
214684445
485957041
307791200
667521252
632194369
426020098
68177266
144363823
230725795
274993867
202923045
692196892
286058972
425980901
497309210
398851382
833021737
9634253
830284751
248164182
298779206
306552008
578106458
347306586
572213219
825103798
114666315
404448858
83746926
76759063
883583981
166086974
478087376
11104806
288259247
494526508
452279824
440465422
43824632
915758916
484565253
611654676
121905470
791280635
334281088
317402365
703423097
858975743
349489100
568961635
313610302
872823266
767031129
902916835
669086483
352730071
703683186
26928954
689770912
610926256
733211028
351181385
446814054
156654688
738330377
273444322
247882013
953200197
244315720
227384624
212000804
695885580
978893748
367310927
476808742
792918864
264761975
787397717
751002214
126140817
297587102
370339996
416556232
886094894
205100518
454956725
518201062
337368617
515464893
129068402
209555206
668702036
293710669
929701053
441205254
186322026
444379517
166422609
145344412
750347985
68529164
68150600
985540931
100022436
768473620
558930728
910890808
738995020
88163018
135627275
995449536
467539981
145888925
581418660
67547501
688892466
54383341
45343646
729787645
420696302
398511317
76328373
648795516
489003122
510242355
235910134
839187319
889865642
199850031
240973529
962925234
947694717
783473185
703875027
808372434
805659209
57343233
73122810
405900129
348961224
740219690
127555900
472896223
659306807
414311393
506823142
534686770
483813978
831819429
890189346
799397470
755342551
547375606
617320335
331361324
644757433
585624039
381298411
384186764
369090728
347222271
885911256
266343878
869746715
153162321
315522226
458232746
471018393
952281295
801375763
305369786
396269064
73946566
594265105
82385458
28257692
275021902
31506715
662278650
535949676
84837290
730143228
95035694
101370341
429841214
46996817
631499769
35319040
183726595
394765952
756074491
798559875
792764993
529614234
221614657
449282800
510047021
651344167
937206864
559782452
840312156
963316238
755514876
224048405
343316121
547011171
337503097
203912183
627671633
85302106
30066204
700115548
779990851
168589218
610887630
492983872
442119798
423428855
430831147
631335266
426168526
342398702
576351312
417640322
250652307
244042852
588869714
716992623
452376164
804061916
780283070
618706584
182031718
66872618
785100565
979763551
159671028
949940405
958856793
258312544
612060605
446637034
652714751
691715974
150376695
970675365
330800908
598495923
863329731
381579683
788594074
457662439
101648142
742533801
893323696
662460811
814384376
656439341
878634480
901712731
449633988
739361296
178522126
5244319
284023038
377480841
933816013
993679960
869970438
719482416
863424115
37584182
946659558
369582654
250543240
920565376
158484714
260065858
879654615
117331104
610028397
459886827
212296039
189101469
873662218
350828196
591253568
586726794
702296959
751911920
129110807
939584100
559438129
382169873
227434007
868134307
700661308
75852430
744380756
922060605
127798297
98468592
5876802
107382970
442255965
363038182
504005513
292068522
295470853
927302587
997725671
690376545
594654885
378079281
964294021
654926361
278933547
839458920
965919415
105004184
657191316
85374724
855239001
373053651
351029897
671253487
725861252
115971316
336809266
384360446
224622945
651745668
237896350
450490863
694848607
876129407
516443410
100763717
720597484
576251586
271056331
464681959
714518883
388875353
130714483
960522382
932660575
472649266
455201599
110705294
823350712
810817730
177895259
518974695
599924985
972918449
638558761
724703236
263585489
376266303
924697435
528511853
98385518
745372899
988010435
560133838
138993721
198553051
173360858
858704329
80429667
292183099
681585578
929793989
949104814
118564285
900234542
321140683
276817431
398435230
200095635
726982643
205744432
913498791
680981755
725110085
360460820
483871352
72758690
724831672
654617449
75886791
240193357
739121788
681701362
400655866
742573307
555694058
740565081
468109735
759493325
329858696
808552646
617610706
74669593
270835823
769657127
285322832
126406996
640716754
42292931
125782613
153628644
47991395
444023810
107519252
113640465
289850483
209473399
957369396
119641628
123810112
542823099
848873424
76170125
93774950
355583079
502722899
327731492
431473699
537821504
727619792
505093564
229648434
831966455
605134678
678179739
542394361
867559618
472480406
637276615
938131660
285089845
915727549
304553672
932648917
245914533
481658120
327784231
564386847
996734696
498246431
785742418
185540533
501978521
37880349
907343888
732082606
695047358
263894606
756456062
434530408
181233025
908029832
691077543
445512397
465680114
716598792
548351168
978634651
919409358
425580428
888626396
459030794
925283124
133049923
676157432
186509006
394373053
981340968
294052782
741775962
856858104
114091223
894545087
10713430
116824652
700194506
266875453
56566495
22448355
555601583
802963113
705240231
483670978
225744907
866824590
858594644
586541812
389526909
686073742
518048950
880390476
257770590
818592506
512868938
126083911
754505461
833611643
860641725
351819202
968686299
30038582
51132949
376162514
218853461
227618464
354416029
350661981
375626499
763023244
176185868
905399678
726706135
808590609
496778633
844444368
235360156
212673517
670644297
372390211
348902666
187971779
328382290
464159821
328453054
41516658
66355385
136499485
312587608
814176848
544155515
487817434
940245892
43330682
712302304
765887774
344188315
86811319
351739932
839482207
536290954
189010331
334555678
22613473
660919116
53405832
530368464
950107973
296958803
119453985
687016043
524724550
557553611
239225607
357962639
990641205
397743914
74641193
597521002
387077079
766153604
31801475
439718520
79431407
515063555
550150516
190466609
405011238
905572563
477312630
902973551
523085354
449983791
332588991
520264337
277628595
981112408
207701542
211359656
624753328
4090673
445791740
802980594
76510242
308678667
76780063
331097868
285802487
74388619
418541148
663214310
473624825
99399626
654998567
74030676
364828239
752309063
143052501
250735889
520568635
730329735
293612690
665834649
285340143
331495025
663265524
669372682
306360359
324134680
384932034
613255957
71548456
860833886
708864642
334760431
270236895
944158010
886288393
324774682
104084220
100986887
200266003
873685598
723334752
713526679
353277197
44663390
753635070
374229722
959917985
233622191
357038704
898075897
95303
410176282
434681719
943787714
60045845
10318537
296186476
147729572
289850483
964239596
706996044
506803469
606998749
335117364
729443995
470462364
500203993
342791519
639139504
956339058
480260014
702924462
430229589
112096414
548483073
888507184
113132985
683270631
579505617
475197256
377274547
644753231
655909246
761052101
553750495
175600443
130176034
135389643
935575566
24376747
64202162
921457305
718917341
865756085
662074081
604259768
678597467
985659999
647676326
797415871
353979851
291218452
880774431
431438679
22391109
812435945
250010394
810427523
477037692
797604253
596404810
124712438
143682759
549457445
488138430
738796861
860158410
291280061
520710940
773543521
331161088
550085242
158095197
360403791
765606578
851135842
325249465
332134458
396217092
311746440
444905430
31239204
210066471
753139438
922608698
398237447
658963883
940242378
710005564
810906294
635101467
775205679
44303097
553069490
704620675
79835152
266703992
844823990
649198407
322292241
396656167
144595991
370727274
66321255
19198590
476162001
704749194
828105251
427517696
287320550
247937689
804880959
95361495
690350330
309841214
447889252
260888389
311483038
922613609
323589923
114863078
270604824
427532614
694941680
139968995
757714233
960357813
278463538
480480911
581657362
700194506
414136726
797824840
45202082
513025928
19147700
890506741
685610253
601202563
480954768
442075236
17727003
348040364
333318416
763711166
696564779
389319237
21233967
204551776
497034350
997669269
428320658
127290565
6749720
606998749
76087230
199429294
796335848
281969617
683971326
348934629
565663265
521714253
858563826
557760545
428823587
317968790
376745779
368424806
23542150
63976556
96271615
69663249
920763598
903951111
142750882
795821973
231176781
987961697
954183896
657881931
250607393
95049496
187640909
806487480
202058285
951134003
342873928
221570419
953992221
367446996
584133017
516811178
79848332
621379868
595098775
201787365
886483944
103961531
689279951
885281689
156691967
499068734
218825077
755279789
12454305
355224955
545873616
312164834
912462042
458493378
204931753
121418868
840003250
532860330
288780110
106165888
599076217
784918233
610654237
992132080
916202263
305041741
332454282
509726989
859621319
858159824
970643267
610337256
927664572
133383581
314203314
335080965
692784212
71009133
221590140
603277302
561987711
973657014
227050297
451453003
58400202
705198523
341217067
91565768
75768669
936978575
557454672
455041132
178311590
950394476
434658978
569100318
684091645
647762724
980620258
339029776
224266920
547011171
448725066
743254251
745059781
359946297
755923811
869856246
289699512
318989091
780437265
194624482
880144803
415066275
364829817
332043886
776869639
700116876
466958988
196786070
607655503
545229573
528104805
347790174
769632964
758438142
533219333
68441132
880400371
762010220
812648857
41392474
590970164
287208806
69410432
454191041
629880009
454282747
154238731
981216264
239526581
61748089
912754035
734569713
445148974
98341160
815476114
112233906
544581202
547666131
256795217
431317936
170265293
201698948
856180138
695347933
311515420
679581183
120150384
979178478
85849172
760647411
947278697
268617192
554036743
19512858
226332884
858530733
345791706
272079720
655526146
62356178
710144994
261338516
66748177
535997672
572256925
342173099
248727107
195952175
721987618
311851419
822913236
615753154
579047747
370525920
323382141
612194503
404880105
431655457
529259341
329747320
392897681
383348998
124931938
826271797
626460481
514449898
258327645
785671499
557208837
488405612
654917868
464787308
803635452
899941652
244567721
167091775
950406875
540468091
3810927
67450237
946849121
520677502
857140258
232751610
190789415
392633137
179175808
301955718
692564387
526712777
785371106
342173093
168443788
922275102
402115247
21259444
181168607
966512877
764998911
222859616
168028104
723742521
285559983
362541658
653185242
80317637
303410064
827884779
186144746
192579175
42571098
807577565
362049535
338272893
11764194
823109100
577877268
362017534
161702458
963029130
194277291
289515519
524978990
556727671
760733027
627855276
792795422
516925093
859373251
985753009
329588258
403257386
424246499
200873103
49402933
53709872
718299898
767079344
959401572
931908669
621309494
339566213
332598162
163903164
649549359
213923741
956586833
894698661
67538052
767301549
879104620
441677732
297210238
3085843
857687749
281935846
413961282
838701304
706611926
469684298
569515273
37216808
246013458
818673017
530076281
330463391
415403079
311297523
643189543
417107667
550616443
420210637
390798351
969452408
853674744
169341690
27887812
570324691
650778557
993789986
547082796
625993191
117974283
715256343
357037532
376268744
198117618
595594317
980946308
162197173
602278467
737815208
756316761
973244363
493977440
742981402
552553597
346748717
175049435
871236956
366268603
708222821
849262693
782910371
958554283
396412966
750945825
178744733
371614467
260283285
277888148
631200956
188312798
741448533
353123802
586830834
327458935
962102216
18272093
303129736
548453398
149115896
194956146
87622534
887752902
198932184
546725059
257665403
779353798
576336459
94329808
357334972
32379078
741431440
232162337
315643152
770733873
545328165
794891404
792082357
284807426
451026431
355301200
727439850
521492205
634614778
675585613
895285924
744380756
178273112
836011857
691856536
414435196
65414785
142546851
376068167
858838377
690899496
88084580
366066747
142537234
673374328
734403177
963814288
699981392
264242216
414121666
927770429
904340375
278414409
467276294
196888845
76599357
978799042
140724204
848282359
213578408
41063610
426719312
116753666
352486894
325539307
460155885
804582375
129926658
88526231
566995050
965039593
121223204
353509205
657526428
584051925
690789811
904371658
95494068
896764450
944134094
620784960
569074719
659076831
66207430
27539939
381904450
479759997
838284415
472733899
338825439
985590637
162085585
293356529
201401214
78756115
180362760
353183847
801717662
911213064
465501891
198298220
72798047
31097325
938720600
928688012
456641853
782658521
596669105
743964598
247369676
286536205
295483468
943450473
685007437
473466086
654117477
805838046
445970570
180556932
671833360
243438163
283874920
958871692
428383356
475647020
383046210
494146428
944734352
728391869
624379854
433860955
721716676
825818401
841007019
944115817
353552352
506488556
2122730
622083494
298497569
286314315
452274238
331134994
287343524
100601002
353036186
20803604
275690953
314698122
393434233
940387185
807738251
304346570
861000999
954205740
70875323
478329317
242449160
135205020
946643142
806013420
548920881
535017765
987271786
898372113
652551121
751634880
620164550
955949873
933955054
621746773
559497808
517209090
618506429
547082796
229979533
684459919
532727530
203527207
718351432
377293044
306216600
287518139
715614461
260308156
383308143
161683916
435498856
822868570
611019097
660178122
320480861
109882660
183032142
31768715
514747152
916561174
165382855
262754779
99737312
959926601
983079936
618491524
354997707
690122662
842805709
260140576
722271847
41616162
237076366
481364559
619126848
577165
651682712
535174023
607960144
656234342
859092743
386646155
218124054
918426565
624019746
884741437
10932380
67237501
338794628
793864135
914795438
516418700
14099204
175056936
275449446
323456123
412506839
462552136
196742771
764732464
571859385
609134850
399610980
237839792
467087056
521359081
184244765
733757535
883247687
514710530
48637388
91451718
919221186
82485359
517338339
893396191
835398613
388269174
274334290
983605289
94677373
257752894
346504483
608126202
748616888
135521751
365257050
363304797
857655853
704154907
55005289
960554685
546848551
564555373
909309479
367089471
412220264
855591612
466818240
707155666
365385674
34724461
116424759
754526587
243886844
941723492
321379472
18293950
535925816
96375752
890812012
641826729
328906273
28979554
189489566
361085903
895774257
385036504
662761340
57505844
335693046
395707952
812038753
821183571
6885084
778115743
279919375
774347153
95303
506003088
63648603
440987291
405369592
67644946
807006991
990003637
203335127
170091419
340563018
131906818
142756043
599236738
797574823
613533048
754156759
550228268
642146013
285802487
957203105
869133784
328428742
709068594
51810821
325169816
281117226
920584733
913135868
77911188
295090856
859712853
832385217
867453374
76633909
85646259
400801710
445315281
248517176
178514389
742444579
163118211
22931439
213337536
600389898
39891095
443296657
692991149
299518360
156654691
432395141
228269288
943079249
765975192
465217522
933862384
416694928
202440061
498436808
395557872
759633890
506362386
338784145
521264736
726963429
800337640
876521866
111838662
276792586
691696127
941443997
858351876
73517446
893603871
788395506
46943392
84635159
505548262
676591893
784699603
362206926
219551210
844231047
227254256
532005318
878670569
128822425
711615194
170994428
328220800
555900688
681540382
164036115
590654887
832686950
644691309
171769725
69230054
337612601
831078791
92407864
365191339
403663544
803497808
570879050
536047231
458627278
560408441
585634172
265963752
389859167
23810290
385077723
252527787
246775379
524384434
634615331
982775745
790787909
626646433
394922040
986711160
225707482
386856559
258108272
110728114
584301596
913501928
74641190
707469003
629918241
922686176
873633676
263030574
460436089
597666792
813606559
178086398
605774336
401817727
998580676
985786464
576744348
644172304
913852311
794111177
203113480
714143874
273633422
144484528
827972930
971473736
660410325
671704511
319501073
895107366
131035426
782519651
551085810
542591569
109352941
478429514
442697018
360721392
454748047
596717093
658429962
345708251
558816992
491505454
89839848
648856256
843212060
937060973
445810019
608748178
58559336
378172030
710884621
152369627
911812236
70969546
722376147
598809897
85513727
888587040
877885471
823458242
167935714
735481673
920599371
618341896
24492516
212747446
382449885
109525698
4258490
948920523
303595256
682167474
19512858
716778859
984474789
433734689
405832598
661134580
239836626
462210311
767194505
381511623
528491452
116691902
971017175
176400122
119641628
775866923
718674409
37647066
496881300
19454375
585102097
106105811
107122779
957045030
180317804
817577565
336534381
147545429
172230278
485216490
931437776
473448698
840670422
65666305
421271193
930385159
36526591
696294070
239958659
931085613
936413534
547145995
307218018
185927564
538226179
608016264
507968726
605570298
224880236
243915574
380428005
521363861
707820571
26927506
360591449
953253791
672755941
198464376
421053492
253906994
428783222
39479246
236988613
817673988
73207556
448625016
63115878
562879561
910913875
986601686
763893604
957869385
648754853
460630090
276459984
979051032
558201804
572129415
956309749
284955443
516690534
945477872
218379647
793859570
663203708
16521674
208350257
510929325
550364294
736625357
19204410
315377398
787378997
236307981
324280591
698858597
175640587
190388344
736730659
128859497
67803106
326977562
326356869
744244114
342076400
617634420
472107851
518637339
999324955
160220641
817515711
32979565
416371133
813088226
53283269
35977846
608661456
881623498
891154739
15298847
237678074
900559942
416040674
107387852
220387471
359397209
379790773
722597447
784918236
330839139
494095661
327954624
568053718
204452572
444426653
64204829
296017754
424842906
106646531
368038075
307793234
577877265
323876131
234240426
529818591
304163636
246684997
514451349
736501985
994022820
119909156
443252803
498392578
239124155
376199555
828600243
159267744
318600962
248891545
680771435
923928597
71268618
128656245
517493815
413155694
236566158
782180067
995562953
51094457
932050101
89621993
930306458
845436559
958548292
382119324
977984291
891416261
558571495
4914018
494841375
84014053
988721069
322597319
323449296
761069752
967368810
306409470
362491339
950769480
913498791
927414858
821330929
472208884
372027553
992848147
228954686
817110178
338486608
979255303
651382377
936978575
715377952
423831011
8483225
115415278
435044511
644946726
236849469
60037365
342387990
288159760
281719682
788109981
384530693
782322395
391218600
963262149
728687870
249705656
246350824
663546913
542614817
592827916
827589833
513671607
441696645
81566204
740135531
20005501
107789995
414411959
55314434
201811101
307717907
427801449
143829465
780787886
781320113
918601845
365071615
714452770
982674705
475842856
168216057
909988147
8407214
642017002
654965482
538429333
188406540
267441359
771725161
89922463
249118990
604303303
733719697
409051203
668142666
823897668
271734512
158847582
761895755
596689865
242464943
804751342
336139504
315431417
484994786
891336714
922466400
943759037
858839458
685262931
596067893
115486081
183668724
746772625
70382912
795247421
967794485
772644095
737258182
996501126
693171917
541263385
256795217
647642798
12067357
470462364
514729568
10601440
110578751
885120828
12160697
761678013
44467131
858629409
343661163
11144247
997771970
458355623
426821248
160535262
807374183
869085277
477538682
259526856
945261621
100089685
368246790
449193500
268691125
704749790
2763157
854933724
716731173
637871788
754129628
951976948
115323402
148831158
146685130
51453523
103846693
810745558
620211554
760503592
795736941
495867494
146685130
12792338
823273837
440004281
998145018
961418958
486502175
904791818
862369317
325920751
846816062
366103093
849669012
491871374
866147953
41304686
574764618
625874800
118183657
985005485
750359734
929820551
232704132
396271612
136334898
38043616
367249509
121057075
300760000
17495485
717340829
453985194
789337129
980652914
169782630
568749853
138583949
962107060
593567897
790983394
452465107
770933673
838885056
468033689
14861219
71370907
257375866
238271371
240048487
325326756
816297339
378503137
67889612
367873859
634771803
920611136
528826476
839173267
118392859
600008558
728238159
229974429
862808132
628877579
103739522
909913448
245380401
292112038
460123410
688374517
360623010
116955174
681802125
441717326
87079036
166491417
506220983
631477631
717998709
877396529
627599898
638638106
54761461
191815735
212447852
361383103
825187159
254118245
635801278
202882531
144782789
96625676
535871395
310262961
956885746
631784312
951591106
706788426
167783333
486894185
587013308
379776414
255162572
332188299
854213389
625010540
898209689
400485907
80044942
111744424
313974194
154306651
348919332
547375606
767152031
793956614
366160665
652466161
538564900
117610020
419427880
483204705
985072347
51170158
635723885
923320067
29167482
26424363
107394025
586298364
416654870
382943888
264078174
827531429
196222798
960678345
765167105
142010383
267855204
581559075
741677520
320184744
813636598
174034755
445638692
18849743
811282430
224007927
806780307
792063295
173895088
44787370
873162827
999806030
974691164
924092802
841732378
512107240
798015259
633437696
535714992
527975254
859591086
537553719
752846160
474101911
860523603
822373074
134159677
274825131
690350330
483756403
770788642
607187830
617445665
738410658
184372306
397594995
133988005
777930459
948971822
457011066
913343250
575135915
434952255
729362658
989402650
226142409
222049493
221716954
936247753
839343967
293924983
610069893
950506172
550096625
60348189
588415871
5230001
52297963
903027235
846070111
194769770
174375413
696294073
890902623
528343396
452599408
889814571
583529219
647424706
279446559
214344559
188534169
862989213
955510264
246075386
716809328
618128877
54038640
918972731
186884917
251308660
884628265
658207435
461596545
253067985
654594782
790020709
81837670
305322010
591945445
623038327
782038718
537893644
142981351
231499622
53910540
613421941
135118450
877074123
845227299
751611376
494920548
643114733
642957872
245987004
238703473
541657721
498948495
286341283
97353468
700562968
679781470
990038091
422659183
550393446
668870298
802347945
41908183
523601873
830653391
113640211
202440061
895788646
271340651
345087828
452396271
468099451
141332744
562558894
551117709
239213592
943928892
599276495
370137552
708987737
57760407
23599074
498755926
318750868
426244828
80987340
248247983
479654946
335334427
525680921
145799248
227649541
201829041
132726862
963246990
321590080
162154313
461863500
989996484
848880788
703177054
378228032
135627275
923182178
47424191
283813164
169957250
687548952
16417619
709226528
414663891
427428923
738351428
356670232
302376504
241653848
928878241
207774049
219691282
909401605
598957689
835948920
181740798
436475466
912413916
505813182
934347294
796790899
661684095
794435745
743124271
111396383
837695431
419051025
686254190
904326518
810720145
180694531
825052827
453466197
116922145
629940088
774005797
95361495
630483921
391019360
791721048
881629237
798186110
787348565
429795544
104067366
505033959
976503836
678862175
377293044
356151153
667324911
248725055
363955447
845532748
579325085
787207848
479428999
708792629
800980560
3496972
923966934
472720806
774467670
522634309
984062933
525901831
496021281
827387786
6191927
981836313
327851980
763879741
407632305
284869721
91736331
344573760
653284807
10122315
43934963
453962340
415353894
960728246
380344242
389710501
29286381
244315729
445976232
833020447
798939431
530739954
693069601
582448930
377170108
717969373
101026834
982385936
602336228
125777576
403485594
760945006
861084223
2635259
568961635
556875003
117190460
538242204
81697538
400663842
558268945
466593070
537429993
887602812
549678526
565828787
421160892
380252406
687138162
333656420
914357305
126137368
257304859
457157574
581760358
876843059
297376361
4415210
965039593
363809460
491362923
187142841
300061345
571278564
391019360
719820187
888056783
286963968
556991553
335091539
339317426
323866121
945666247
676528712
336961648
79335171
236319280
525042561
767081660
708460404
735893676
194226211
762143819
320477723
269513102
749210705
357017769
140346877
556486397
595788452
350619745
405289824
24731530
480364124
634635682
309937531
223190928
697518526
101331231
389180795
907279286
642529548
209441970
37507098
403327448
423667641
105858526
597375876
178522126
29493664
121322238
511125789
145945348
726529991
936178367
542189413
807226039
711793555
399954677
765939961
638605838
949879573
78757847
798659921
346514897
720030237
462788845
706699247
67910523
182796392
26955271
670293777
559884368
684722303
101350348
964174495
609920002
414661225
956292967
366923095
195226284
800367620
467365105
621855608
106007532
788592071
720438928
51213700
610385747
780009797
862290543
582080428
232581404
164403575
458696470
422053008
599474607
771844495
355215455
773982072
67907067
324237011
521718150
493866477
19444990
465049621
166130318
44002703
21760336
151252157
271210809
960299655
547477043
621278470
233088520
143579485
667426036
169412722
577124016
68265738
448991510
534882577
128260012
807318471
968276746
52295209
964294021
926484741
656718507
67910526
275905435
351854062
277642107
677838570
720597484
209074280
568291697
849028995
998037138
411909602
962686921
610915473
111628783
112881579
802532128
8267425
693811747
573092821
154591999
815241930
680470030
334514198
299427416
511694871
990510709
904173533
193052357
322326778
516922527
97613143
494652566
908906920
312066302
892317349
176448225
508837730
710576342
715998832
693428249
179958314
559294346
462939384
413186490
406012457
665161987
525994464
676887189
219209055
469171027
481800298
195267890
751604613
798214914
502148920
614352024
177895259
49829492
437055995
982519766
588125027
418510491
914160063
29279669
838502252
213583597
617979913
222263270
878000191
9991075
763072177
635275879
520744548
840850823
382119324
165814351
752642445
543773635
557345822
684343406
445163517
959168951
305133293
778606423
793675722
683533003
817823158
43447095
69584342
7014079
465912977
985457926
530714236
959685215
675115577
171803819
156265219
466858924
725749390
849140599
396152722
668894105
373020738
396452193
625647791
864892274
126083935
555233113
457314341
859990588
773947505
912413916
570879050
509004602
837961553
147699808
248629640
431404067
296684101
322083643
114853654
736581122
906189698
780171138
810058447
426519001
423841748
561579012
296421438
498392578
217280500
312237254
270341802
811909341
723269907
827711011
821848051
957045030
344361783
951036516
793558869
325539307
367722710
906895660
312773258
423572343
763655306
956023796
928049946
296954610
851332993
504355099
733769960
685778984
502697373
431184292
238205442
684734277
544336750
446913689
84932274
355201614
582098748
637426004
917144955
649805603
185267362
194176456
721831154
319300485
776687155
844817558
722904979
185242671
355382485
194865201
746582018
192247577
404276324
795485053
245987146
104678917
60060353
801841209
276624589
614313801
443252806
517652726
205548499
686808946
752469956
675236948
692887131
666296693
682050020
725356569
888091682
38361024
462164878
225566567
11222869
98306553
517182837
120322753
914634807
965055340
755745995
820859363
468033689
904284546
323627354
616734152
316775854
551857705
400102484
242326007
217752302
138011259
969484807
236319280
660571655
437445339
107626930
915278539
93725545
970761878
216807753
577991303
995984920
665304488
558505873
867624453
651418459
611199397
27720443
852038239
630607346
746803481
467622118
335869115
367399052
638791267
170940092
863039517
648625736
198206484
362881338
906630824
951545739
184002633
941772479
172292895
658378759
484395735
513709777
242730588
485847703
685844190
992680626
551910264
83348746
476196232
12283396
308220718
604259768
413079525
472517511
296643934
109554775
887248582
77231006
209401014
65515464
963262149
451163616
565480101
992420391
938008598
28495064
661629172
34841460
664055865
259691612
835825201
698317106
420326683
378571759
458076603
606471512
667743591
428232916
556898467
600670718
964134456
417164261
652576614
930869461
442164261
924294105
626648693
418005584
873489949
594794977
832769669
691731551
182399122
779729369
550393446
768083940
186601677
994841052
723494295
419049305
356546222
193934067
937845904
2175532
24128356
426157034
777747836
440042678
834005572
154460609
382950446
898443628
291436149
960150667
678284448
708021734
550728534
793698514
714947985
610484033
866076364
579987763
469291965
235554631
427566026
118255606
495328349
580987361
685952198
800309541
170380401
224163012
162285869
775935424
7049603
470345980
172917086
313880295
318723433
829464403
684661671
534921068
672678770
503884496
520677496
856334798
488405618
485272521
909247112
202698449
264386654
336714220
299718635
545863637
965229852
265996350
124777052
96935451
455747848
809300642
687894768
570290048
53926948
97764081
508006508
537896263
13483329
306617757
685212269
779344361
43447098
651216877
666160438
622790055
622148828
913807270
283176397
798103643
818467390
649981128
583084572
965376358
79717325
48830278
225802138
757063272
972718561
702953586
109161786
480125603
189489566
422299223
165022558
945731982
237453338
621484833
876411435
808208056
112591093
523822826
65197981
734601774
733632445
17883691
882452529
316503502
515278260
447817687
695002591
513781405
427193565
951975525
584503469
632593929
335910468
446835108
335321740
662462095
276907558
510515562
59350596
982271251
169749666
545953698
944049180
257519431
711617496
327956522
622717573
931108641
613711930
738436983
351710739
208982892
435516615
498791974
585965448
361515857
137203718
578772064
24041541
136960892
538961625
200524112
775585215
566679877
332895957
96347736
840732445
369604781
454995427
211409117
271046127
324620418
231774615
187640909
390085597
563206275
334760529
324396976
896738653
95088270
380776680
56396247
758507516
145829260
561080364
74688048
888094193
39176379
348329592
139789560
115309410
332132004
310639236
83072369
348911251
546038806
686570492
12312570
767793625
809032414
732740659
533624383
383901575
81462913
215240481
238066435
455764604
697414394
368160004
937954383
40178587
184001739
199112942
849244968
940047100
36018117
108664387
325274305
877006496
628832671
791714205
505811724
644101628
515225371
672284174
989317295
122589190
733777491
854925330
65666313
210180317
736423734
828813549
979855137
100084315
823973218
806150999
296912943
781624079
609222337
172334314
502024026
336909452
63057314
9836137
351029897
238404372
239928210
988227915
192390016
263281362
900540196
925396109
784140998
515471735
600360132
628403405
556788388
494920548
852308496
103420037
888040000
123382003
690589802
553385243
293805648
810478252
6598598
572580135
995693025
443748704
853818474
998206100
258671249
198896869
735481664
628815888
386314498
5954888
100417633
64230600
138057528
532707362
290546761
405962601
191202513
749497466
369992099
380534877
760482762
4413627
92488294
970112984
951989726
952027798
891259382
345147203
747850868
90542137
717671694
569100318
199218282
241706665
608279909
126200965
951513587
927004475
247179221
570518758
84117037
675888280
662584845
279727177
10575984
861662289
931734265
180093234
976948826
814029363
454281135
868710376
91082045
972121792
527892274
282493990
743129666
59246499
579066852
440309026
829788858
22409872
775061594
685446716
107043478
212961671
721654088
969163225
821355691
285200968
910677815
966097213
318320346
779787648
523506769
273928112
661097176
902705044
693171917
427768973
486715143
399244219
865456033
580777404
716627551
614321100
534521604
224495756
617496536
876547498
5169496
869057496
235549818
692266014
311451788
746196406
83180354
22926067
981406946
178617922
89469021
402132527
82784952
66122266
260298261
338615493
45025913
888319968
891960684
788634156
527275073
174773940
321144099
594326859
789496470
879037710
352077456
71255887
962207053
712740763
512259206
147471856
728593708
532798711
708185536
517481994
377471601
667223347
740219690
269117418
356465792
128880522
220315945
605251473
794114270
781203071
401806827
366594295
188635659
188816134
804535908
404880105
777770942
436816522
957982534
285577030
590406503
349959586
821920362
556362668
232855605
354476593
81209869
763497100
566003453
220903136
513865813
976825123
613848689
486908647
733466713
679919453
599793696
461564387
872736003
710728073
199020286
727140537
610364003
940245895
195966676
271697584
124963430
82176540
611012333
197778937
968113533
232600974
151230976
332714369
503305410
426451658
469926109
81731974
245318258
186397935
165351422
877906640
95024847
46788419
206537656
639987277
483375215
990054503
326960207
527478949
537580879
654378963
878158342
840181641
499019246
937954847
201857847
132477436
424320270
916180953
169294017
347491990
22589520
772150242
580336354
726860345
680832051
950541034
298377005
274936360
577535729
858155084
827890919
543575802
973400687
285920365
326576553
842793563
269095845
313368317
14847778
710383420
331031039
247871588
356437564
709868991
427238104
493418008
417610788
743655560
72483602
138801728
404493373
447311893
468995543
344580187
405774306
486193208
755147225
313284074
319300485
47517848
141879560
39836579
705198523
114091223
150888629
612252863
360742775
236735939
991337322
682408902
321577009
684075626
925685244
102173630
68601860
976522386
740799579
921234222
819608862
828062643
343188332
789044953
883374056
361058531
578089362
923538656
793496077
572213219
400134458
668974239
153715646
675928574
964581170
711447530
30100003
994297830
806126401
932094514
773800566
201925836
383076803
947278697
60618326
155309763
983975972
146924982
427897156
100728646
497896749
95457033
611910768
454748047
92407864
379537155
227272786
273076883
215064883
37045411
898206230
123536454
846809439
916324012
391650486
970256823
42030416
599765167
769304267
845198073
422170315
569069636
786314004
277623710
298389895
315108475
658481014
257350035
590308551
64318364
542104664
530224111
311921640
416334325
894296005
535408360
48803150
576011273
48222817
956222663
566714245
340400941
849530865
385145518
762343390
824865879
443995868
253024772
937707647
491276301
160003147
537495178
420957485
584240429
614942652
751633443
10570974
164116266
397445848
836417472
458681063
140720897
683841737
46701698
937469472
788895057
364774862
606997944
611042783
702317626
752258876
788174441
462589201
977156265
14020835
393399830
664845680
966349813
924627524
924944458
762795646
969847959
549801446
790466998
399610980
736062307
292813188
864466825
664332120
739981734
712227471
368133034
238774213
382363023
581301247
680469397
949557568
848739280
329453169
168933784
632277384
643386979
317225200
971640120
320785157
904482601
160689737
676256750
479336999
553760094
120023370
43836342
89897039
481145154
840385687
40474515
331731228
4148344
899823849
189945511
64231826
703518311
31653533
996608079
968842600
514816763
164355146
374751460
860211748
255197496
244169102
569127961
890757570
935128908
260768570
409569187
497816279
506127999
212998626
413961282
188319275
556496447
672094127
900079531
54938848
103867769
707303495
171640417
977354709
645668986
629257627
394871891
702801104
726860348
675115353
691696726
366630622
149134410
591716992
561428991
549678526
220858664
453896567
272023215
462565577
609030209
63993647
965289431
223577159
693649639
288104261
145726422
100512652
143671763
889983764
708109818
76328373
115487519
350376484
823302628
743477190
757921468
908706926
961933315
374503086
191342524
197855163
630133379
487959216
701513784
531743724
150710815
50962791
970572697
228637593
367113727
448725066
561922063
809565508
463562508
527031155
228488841
646135481
277847030
114653171
100271613
833219994
3085843
164694513
797755608
475653890
854461938
418573536
857452620
233295260
585624039
475197245
966190885
11490125
381698776
680492638
358962574
109052897
968051735
909349143
618632105
56495546
852127566
779291332
504016930
1463525
743970860
692228617
11084105
157016345
852055060
501564616
336570850
163479866
561579012
495259986
63653858
506178988
623889233
377424348
54368737
12301019
351400553
144952324
294812029
214126593
58699463
367637481
223190117
586830088
478776716
473228672
819143913
607039408
551533934
830762147
349329255
336780746
366103093
848371128
184568585
534213135
582080428
966704747
267438864
348289212
901712731
144179175
761518946
585246881
182858203
134308597
428169334
717722112
489606643
102116259
58731245
394482159
272146268
955904523
397141194
150696440
163902632
338491724
564391018
157958853
772622447
708095129
807141786
247442768
638233847
736663567
422280719
330149754
962915537
879219627
136803632
860783008
236628009
672404690
561784854
862395477
607529473
210963873
752162194
839590441
322120646
267085705
654074940
749990545
229298548
250226502
1945312
605753100
660492163
182743626
156814268
469502320
763879732
415121200
862233824
766655642
7506415
913771550
785360687
248246353
736306630
376107284
679306227
500816846
615862166
430882754
538552550
668449629
60910973
18975055
328099242
634086361
991051470
50333207
392664627
149262940
883794085
64531760
13643663
858838385
680371357
589141745
50513418
713340465
594617159
645131650
52113818
335336557
815580063
35655830
116824655
839590441
342173102
306617754
432299358
850626279
547089312
712553546
277785423
145494871
816097154
329424886
530355801
260338749
354181806
467343360
748394630
844787955
618285180
474760172
676066096
402528824
401162040
685241238
701876459
370727274
593038538
249218405
109052888
156274850
505593825
414575091
821344218
773726921
945269959
210068328
881512774
936367971
477658921
461591090
806290929
624486019
380419061
566159734
492601981
339728755
542887444
976067788
68167450
633976342
440129848
827492894
36974493
573743960
308850179
318723433
227755711
852604458
755267567
242159254
160825167
552633262
403260917
871255708
939225040
391488538
612265652
666402446
169514889
461137552
582676896
585627404
166086974
633424354
199926022
371790141
934431512
448521253
604042005
75304763
649422607
375852813
771864604
259049747
620007464
996011079
984125261
112945765
464672129
408878275
143509834
678401836
338278295
35801978
561896134
160988665
484395735
637176383
619979299
878806977
978844067
485389705
649620881
47650485
99932045
128167583
996626756
135916713
220913575
267222990
5223860
323192374
778881667
360591446
59212914
321628788
115135845
340785750
547744275
600551374
843293193
727510389
363402303
670279452
763729775
785794320
499725817
276466270
807281193
319283128
571533155
822701536
436495057
412293247
137232109
196602203
270871465
171264296
909410982
250997021
747882983
337312725
308810808
16979401
248260142
927414861
488033895
672908806
516066994
157688700
936352896
209389019
957654727
186292782
99060419
138396294
993706446
811500344
556622159
927514350
600445708
883057647
359635923
39309845
878792393
351181388
678195386
606883800
697188321
181233028
924961190
32777319
742218601
478787994
209790480
906421795
760788095
680826670
635475625
623195620
929658457
163348309
339421218
267777059
683891281
429137790
872951837
780945113
291211016
478146037
71786902
948588682
714983126
165374078
235537132
572256925
550438593
264700157
933363912
165336351
486914422
112781558
178781859
274473744
240063122
319858214
562007299
560158502
823023308
243978223
998004475
912923791
550728534
520292013
215043454
978394135
587414612
11137178
520713585
757844153
47519065
551117709
370854413
440135354
660063739
646062056
644392794
828756310
706253389
130825557
268810613
844140175
25739415
18328549
510560715
603983750
780364708
265659068
14187262
428654066
309891840
436179164
168862046
585365199
749024262
941160844
927521727
691567760
302788330
855492565
523429077
524620478
319552982
875563621
983926708
3053118
469689877
621900613
295450278
11104806
919641328
26598390
287796064
719633471
969847959
884012198
934067123
389784137
769209497
267855204
206798151
513855097
245935691
142600485
195187360
527927115
849848961
850090256
741218112
649731819
298995694
528710834
570071024
564708189
373053651
904019
11430067
801236483
260042346
421464291
202493878
677496351
938402570
45944480
539310672
138115804
675115353
752846160
507613275
750873350
635528135
423644810
374419797
717489306
698624674
971995905
819958753
623357420
204148205
100806983
131405752
405682890
764931376
135683902
520828794
948092392
123627827
972799775
90296039
110121913
240950379
513583675
891455155
655018310
203440923
358284120
300735808
182837611
907656161
809152067
229755934
926753406
871862116
214907089
509205081
897417595
801343681
986836313
723958260
128778428
95959127
105004184
704785652
825672517
742530116
256210596
541082086
443380568
404279044
58411540
569339577
405862401
576870199
837808903
900355554
56453102
371564834
167506129
128138232
491635542
369564957
427929981
948383394
609763381
243810938
121565029
741389864
476181420
90568757
159662352
567443501
136621159
59637243
354506102
427296184
37371587
801206645
95463452
805838043
181098950
562414643
934997683
88807916
602996064
774084085
231484645
884905916
782814982
829285564
368287197
483070167
707484204
961045179
788521955
518909262
460381800
405564240
734942248
586246757
253297441
494044170
684420773
181140974
198599289
407872740
402341847
972877763
457031750
405289824
664943568
363856658
750737920
278223164
392860795
638733523
29644025
377001519
868995914
51183694
586515201
222410024
694958686
266343878
463289387
702465920
681983523
500016430
735137776
698911767
781217839
782180067
359510809
625193251
996501126
296435061
273059953
696316538
452337326
402892537
609197037
906935820
330812072
291842397
431804741
351848597
485027249
788093212
45623393
338305756
123217652
17328001
474282465
666554345
502655879
657491342
588330922
335663125
706292032
196123864
191643943
206003358
892310160
368160004
317175524
998723915
911842270
208761653
990412712
916888510
942654856
612433195
202164233
464829996
914171207
138220472
397370913
807268514
700824227
995771245
309478326
275161386
735022550
847303181
516693571
991284538
962723858
520012856
320769398
111206697
587689063
895475783
869136298
810594046
95077828
363435636
998691903
720027656
536178289
469612521
167535521
159267744
139004755
595257017
742282596
754268091
942495097
557071356
630472074
410161666
644603461
336640847
47644113
368980507
387805439
590455148
946737124
555487994
788016924
964078107
89587905
954434572
671287447
701984629
923048035
626654227
603984347
991231530
624379854
724991865
767803196
670565976
531836648
603283450
288434368
878670569
316770210
670585720
349901444
239185587
254554806
478169530
103626541
235117336
335312534
73374329
113832966
667337341
422609841
268279140
461237523
257373577
200407631
652892995
366186925
609653850
509164244
363421883
735653734
469912443
994244907
897222740
661751803
15517595
691329084
553766460
100478776
944115817
163502353
894296005
422189700
427873145
412577878
753023473
578031637
275161386
257698674
353519658
631654830
959930106
305733360
670566204
805917905
256948496
122690854
214797830
142891112
290212924
674336916
486813822
801841209
462641563
374229719
363421883
263880992
809519243
180286240
703009850
936831080
920306315
332505963
30707304
360739046
700641841
263335094
799647759
251851221
629965283
376365539
359318468
595481760
843126569
614043562
506506702
42432404
601499576
595263050
445629692
816489628
110357844
437637478
432952902
72708520
280675668
302685095
771528038
125035938
398640317
99010413
382737167
308997248
897543089
100844782
368325121
781681501
184387749
67538052
903631221
130491665
964853180
323382141
826357345
89789174
477795254
183101396
565745424
396633451
797363936
38828869
110573148
29480753
711431050
550674292
500991402
434142652
414684257
27799240
454969087
160781030
584485861
647096779
878443035
577531288
970486098
961486487
670533089
922663100
382490894
798558444
198468531
472907671
688034053
800886004
672469264
533618720
542542472
572234586
440990835
617689624
920973076
427909026
776712973
464690312
211902979
70976709
483868612
922064746
498658079
644181086
535978625
931630496
933816639
139095709
388062872
82177574
904223179
699889603
394020699
49964149
219275783
457263133
821330929
100776197
839653083
332855852
925203086
755802327
892897492
231499622
408850297
797193183
557406621
644127885
426777429
661739065
751117137
504466134
188191728
300472168
521300395
999324955
147397582
267368053
490438890
597506474
483517514
210508407
996640556
699593304
62278365
802061187
309361327
994681035
370214900
853500739
458711744
491789759
502699738
921674153
910192925
389907688
457645684
132029770
513222756
103420037
308595917
562701717
279789148
406613336
363643473
230061706
900113656
752162194
956309749
690311378
214574126
992476633
739376478
263772010
529479245
253379498
731685628
350879818
674847461
46157626
852791856
688204823
481994839
606827904
459795370
523484649
645422389
916537682
840490847
282374400
186372614
316530294
246609613
825103798
567904787
965333802
87353816
78684056
573705454
863207964
311839744
323023891
68265738
272998968
723742521
311656971
70119549
878649417
569189775
831147639
279572240
259243567
438239522
154428139
114636496
290723422
24773451
204928005
619629927
694667301
191570401
473627526
263987628
606556985
660821022
61730924
399996590
572909226
679858164
562112977
245439165
709183865
661424031
823113575
328110573
574378595
742541932
126080660
733939157
758822534
218741202
575626048
66876606
792795425
906508517
789707930
749474217
592147084
14745228
124169483
274793896
567950317
4410959
72201106
476689817
691267914
398681969
735137776
526718471
74474154
457986864
184372327
178329029
650961729
289686938
542404377
180130824
394839748
748093342
498943125
887752902
773438443
739097843
919322067
158430011
896143994
733050011
239727411
625008318
315464516
88989899
737732599
113688749
805441231
31863218
428585204
246570453
783975128
596369703
529536043
951878451
263359238
432528002
665466177
932761927
225228931
675624676
151296800
598735744
394074883
46996817
444516118
66074769
174556849
656413604
188099780
678210236
311074415
39593650
141271109
497622530
733411831
56495549
811282430
101704060
933372589
643419942
487486559
592413209
639959657
257423891
648342020
58111536
533810389
930305136
253719029
647785170
201756218
958867871
446304152
843637618
798358516
418623027
854944455
739367811
262551628
465308584
634794560
64633194
356244493
305007549
312314758
20642982
361742801
32665766
294739847
846616946
559885831
780012055
275302987
737444167
53053672
465991049
356437564
796489677
943150960
749474217
495053244
439195627
991573291
315275919
848806483
761692768
44015504
575313787
402306132
307931084
11768507
985564048
75760312
796833448
504252765
656346373
97561832
725076825
123578185
991209103
617653199
823302034
143604404
568284177
156324257
168695885
176611853
172445363
702981270
963618206
590513264
139571890
22142261
560033661
797574823
436411634
381538310
319768004
501646702
609431784
951696551
79960418
232824871
983079939
771826219
412736973
736656596
868779759
209778797
124037732
929810629
63392662
322109287
392360745
422003823
276880048
753062316
397275983
158237700
473976183
893105557
552149442
196490607
578010073
301131057
722826931
173179041
933198347
580376736
385783586
257084126
890514779
293070888
375984351
396105220
959016419
382778030
405543503
681533771
683568287
394554697
50733507
823458242
205080202
176983899
380503940
42612692
848284725
528145135
33031669
360548395
475961083
202320222
724786219
801281060
296260002
840586262
756000440
384743574
145397996
872076825
656815239
720721363
303501802
226560997
267589960
525708444
137164978
147406017
667598382
804176605
64404004
318896302
416764060
523204931
240853026
968686299
176185694
625993191
497425226
889140106
578010073
592720144
914237012
747502880
674509422
665491968
924791519
652996274
261615930
711590804
997786702
65294902
179807139
976622244
704428786
201329067
444765906
613275447
952578344
177155829
510264473
144956741
223345898
180331486
872345013
368027804
817947046
575217441
911563578
344290839
184001739
793126939
223190896
804755582
537381226
823350003
129633027
928716739
628253235
639453343
803496201
480564484
159308149
30647601
330687643
265573829
582904577
115656932
119528919
863412252
518311383
228166890
921449766
7555155
958605415
485678409
789231441
519879283
917972314
933155558
704688377
189139943
22740286
714492768
456890146
216447553
145162224
930741259
819329523
661129866
371981331
811358756
893196191
439317241
141305592
221609948
982395594
227075152
57547879
855629854
974880223
512062879
515548632
392950688
783357092
412191075
903466877
398784743
312322202
505213897
382515638
517776230
807281193
200783119
566326047
846699221
100550739
625647791
788299353
836172466
696015531
429613040
282620964
48187877
330025955
365309472
331361155
397450296
400023993
475261470
942244395
290168
817094093
623215599
564444763
479004682
788592071
229277245
676846349
768226783
502704378
955949873
404866566
704435840
6874237
423428855
634959113
887272648
615555954
484770325
949646132
563919008
175958721
845227299
247775266
604969316
992031433
37880157
968076758
844482686
421488364
821015864
665611914
427193345
189265360
153606937
170571232
915574600
95327082
463447056
612311442
886647546
85080714
866236656
248654222
780144313
998324912
15460948
551064903
892128636
461060272
995786621
151793153
526544839
855831608
495965365
873591049
405193311
493190253
593777359
447560687
435365477
811802918
902711207
189107904
230205050
752613554
872688257
41692950
127614063
299839925
276617429
49692550
551823592
475384741
910433039
117072981
679978251
67889612
74149601
940449595
403981367
60359059
37431074
403950688
32755391
472864130
644724682
237048443
661305285
766346600
452526595
163985542
842579420
292975683
27608756
872347888
483875099
772552677
540568776
805084112
468692178
246032527
707074806
63682849
981488259
611781836
627203351
987490714
719555868
258453199
392401995
726502329
902353071
811436035
913100814
683825249
165497803
526978001
108636290
743434106
241758758
592193844
934038847
333781200
403787380
126071938
677023957
749366567
856276
801599372
230690538
931633401
51898868
42694056
959645449
604346176
460972905
86081260
797678870
624151420
142505507
203395467
988302996
355629345
924477289
494841375
90779066
828070550
653492633
390576270
341257042
563317673
57733266
774572674
756592498
451459882
126996897
729588232
643148616
549703989
613383036
298273755
699694982
705961940
170556238
286220708
681247104
559297261
456250497
638408685
499366057
414138574
881870852
63078126
428383347
756031409
959645449
647547323
985236647
95864446
330740952
441814874
89155796
900620046
680341468
677509946
327041562
853964931
849277040
305463129
95671263
110447087
498489816
31295596
461030305
641538751
534684840
32947174
490925860
274562134
55556448
240658623
477851413
548078509
640200769
576650420
987578811
324472226
298979864
879622398
391761152
847555874
468881410
92488294
648807123
517684535
546927389
966825959
925971186
170123609
298013698
490685040
882664839
570747333
326155803
856535973
227616423
642643109
245458236
192642916
388534669
200566331
943079249
307624550
241552136
159475076
958833322
812540227
846616946
689969435
489923493
392897681
181638935
252638587
409548869
393021043
366235196
936157091
820100354
925536164
577119335
722349820
43777544
334967666
654378963
501989599
522778772
288104261
125179813
263929944
279318484
49234297
566819926
216488411
644407398
402528824
681501038
329880503
825847941
758538539
772653008
711358550
217517289
581652884
517267822
436164287
916210816
666402446
292707727
68374963
861688647
827095263
734807580
139174439
930954310
50265671
202058285
996413182
868779759
371623818
953923560
369310211
86869345
812749964
852620085
987637194
810796341
722992680
296691128
183697580
752177519
240451062
187948097
326245799
484546537
508837730
783952363
535192201
429613040
113254021
281784759
895118366
585788670
427252686
249244909
503738223
392314015
111443717
953246229
588053787
849327653
205238065
423125389
47613417
613120498
474659635
393781919
329571549
587641726
115600078
942640814
407218053
211161058
882521119
857338103
95284365
950716672
115135845
106762037
404669075
443255302
714678985
369566352
153712799
871167942
422236627
578455677
24481609
528522481
243306265
838583454
411037727
486012542
564497947
702761082
964797930
458888137
446945726
259192028
171250047
303118454
315309508
835817660
400081794
230527812
776955983
670673252
851364686
60908893
974090270
25911429
243370691
213144312
19695819
102543568
777579548
35594375
907976810
934949297
430730126
56916484
49438882
150955485
753757496
324237011
72155359
71613740
242890229
93219296
789005006
754141285
619351706
913665470
121020851
442395450
79637731
292411565
185180648
894230000
491204304
704614603
264242216
185562880
339728755
832580963
754973990
272055590
109161786
863823219
647785173
337358245
330051572
937707647
262803177
423076456
867455353
593436709
921706940
217880665
131366884
937098139
282374400
264403856
971893025
648275382
315660485
798233573
736992130
487756787
615112550
333189736
363055334
333526759
698203829
259319229
646511356
159891611
965847921
492287521
664999632
846786067
297309733
370050790
734820550
504133682
241227278
180152583
956001126
908895026
750133713
548351168
650193749
598249135
775156905
512002107
906571192
91012724
174393170
590767640
297135335
696148196
669401385
331577445
246075386
397059129
954840516
691393600
2104534
640078966
178658235
698012958
104657164
240905064
939051933
176998902
620672099
175114441
993738969
836104487
275111440
324874904
183859208
130776971
514782496
341112468
774385061
927553066
4763656
610009891
353322092
207517056
104720989
213257509
272232686
376956362
205432457
338272893
733344070
298023784
141616930
799230000
737931183
877769834
699929247
505884223
839998686
219437089
580843614
678244707
578538035
494028319
625297766
307741090
445825619
133197009
806149399
783647779
281405470
406227235
484421301
617993131
974157340
824862579
57423127
826082730
170100159
29256002
506429772
977925418
590299049
762982181
190775102
894488233
557440765
447741402
360311573
309939612
148601885
67841952
484144084
743655560
514790538
146624306
8569757
447560687
368287197
755705701
155442332
771323673
160561024
524668637
747552630
133471886
225139920
636640690
129068402
114863078
872297817
100577454
695042768
94226401
841280817
5648910
438766915
515977588
120311275
13953105
752121750
836764797
149083856
190775102
279198192
146601990
211896672
280567953
410086102
962686015
826930461
772761677
684626583
129147389
113348980
323031029
28465544
400236690
756308928
90526642
875006313
427157947
119909156
632070563
135627284
29181564
619471206
974492735
965823418
305295814
392664630
395810885
550381828
288256515
642862685
870274680
445315281
787128302
468494378
673240858
449495065
41968895
311667586
528825321
854859533
341380468
345865778
557454672
95362867
101648142
547964633
823350003
45725533
934216185
820585801
912050778
165790196
752513814
548773215
963492875
462046402
818759993
581301247
258604546
148601885
778723900
171682182
921530179
771024241
967108062
82575075
780651097
419753277
896152028
68037618
844507851
752840578
185169999
584480828
695976427
43534912
991683858
217342921
532790004
378389205
302173089
631288213
279318487
503888669
349564142
145674150
988476751
712306629
41677500
404099395
830401447
156113151
719206103
278153560
674656714
906839795
988888212
658013041
663070195
186886612
882888052
958652867
528810429
791500936
746680271
967782212
516624221
859500219
180982626
156935652
218589631
798120489
601127655
841324907
392286624
430730056
327460122
508208779
827934699
417958661
77190334
259333769
860856921
682414092
748531857
863867512
141862830
710884318
718883287
455677753
552858889
116673630
477680361
428129864
679142031
752092114
19826981
528593035
77465694
788713677
89620682
671228642
308404761
138815237
232294190
224173851
799882553
304553681
463262491
704639423
405962595
30955736
933432312
691995784
903466877
493280584
680971728
68581146
395200235
173017903
366594295
173127121
911283185
212620303
284473317
388499015
279750618
334735600
257432293
49420080
196757172
912658018
576706311
132924452
511694553
270210633
907705064
619420019
137344053
646407508
434910531
835365705
890721811
539018214
773751850
136613802
294328350
480477112
525994464
183701597
882095156
526252787
149686243
816633628
870004992
919167360
335388215
754178674
922016859
45925326
90171889
806623785
303003560
739718994
517358645
59958180
436146319
369791672
483054100
249649487
388062243
257639131
383061371
552934408
557618933
265871863
865047154
4763656
176111788
341804513
562994066
619085927
378604558
444820943
141328436
849283377
22991572
821667143
440004510
704028157
395220809
148421810
846368288
455711559
424337567
457351672
773246314
288638464
191570401
857789079
166525667
266638981
13560601
731294570
895178525
617320335
340900162
841790479
581836756
2703324
561449774
125152633
834343815
334025909
881400357
651745668
130404302
771758376
357806524
271074054
781796423
308578234
582121032
386425135
585415449
818251620
82838675
578074711
127054348
830856226
828407589
930080884
914261519
587399455
451882003
378436091
561540186
84724210
834026738
541033299
741937325
981988122
439625707
808697272
57966250
331156487
333683164
905053179
171086552
90608133
775983875
510665222
283068548
137080974
635489837
964963744
483305548
131416927
303690983
534234085
969954820
477274497
915324867
39097151
501899945
627872830
224463697
179375083
158787780
556666644
765139417
220110495
334783669
343257342
143695372
183673379
848083469
4763656
25366860
941505175
195201182
624874920
603251510
431478963
277920138
911365442
308984157
983975972
625770714
849724120
638643575
258740998
193929342
588661051
563746517
33822474
15882276
996896062
863071100
618494276
256618252
182680788
201470225
394750520
133733692
507279505
532802419
888448758
565308532
863019687
371908178
977090026
45772604
374603655
835176342
723279414
61608391
347479344
106857752
883624613
311805563
417974461
735103707
383984395
310105778
324397759
782814982
156283159
944893253
944805062
616871343
118315430
957699649
970474332
193934362
366669066
392910643
892586194
535343407
627440564
892273483
476996116
692153284
59947897
613711872
76133447
787501336
668307765
690364032
969234578
479426714
240088195
54038640
600330763
396200687
503095161
438826567
129839117
766744424
842449832
733012501
444606612
865013825
891259379
243979609
949738249
105222541
404484003
567079811
300597130
883374056
974158308
849369678
355635900
498935947
4914018
599492831
407351678
88652331
571359117
247442768
725137851
494841378
131002481
646814468
39398738
499951208
399035456
160476700
679592888
624767300
6664042
550501859
462432423
470447671
980962929
713217002
655636765
492181775
180362760
622680849
512016304
43517455
639709355
286494556
880336760
119628960
382344450
353035873
866812085
103491207
176222002
718025765
610797684
774204900
549244061
746065282
265648051
510856755
965963342
373641782
623473437
767757420
743197566
68167450
83927420
841227876
44192959
929575906
989914117
104253259
740679622
121761849
218963924
496066041
320038060
947565605
787253893
727886268
193527823
241227165
417175048
407276984
387721143
880598247
942266147
461283725
290401311
531162860
562112977
563569516
989070960
855748593
706778353
816489628
490762107
298884557
848641878
231762662
986331979
757266280
71251766
25086694
389743579
886450522
443285272
134308597
497035214
809090785
99545149
606311941
720917058
805084119
382218636
199728521
894817830
94060206
412408304
936778448
324312869
185000812
904438664
969646746
622517113
621997554
20531806
776300292
168184921
81209869
695120334
855842030
335137119
807836949
424603040
524494686
360169375
496853224
830869502
411257827
806359220
866076367
930557759
251597720
617394605
569500889
814201672
431636838
104678917
280644985
132619976
582796869
76780063
97557628
409514883
841718436
734315451
283425654
747538647
480247281
792261888
665401224
879289631
33744038
306847817
273054498
816995302
346456153
79610029
731769301
810170878
663832251
653122746
650435599
653785251
942645295
378177579
592621305
29879830
799702123
161686767
797664759
937683554
650884126
681967330
368946838
671130332
684343403
837377048
134213275
326511102
446924609
682413224
599988221
133397092
432338482
623697040
325130898
905815619
32949926
550939111
400579444
99066088
362772949
168206065
90109641
983663230
690589802
337809157
466016698
576084726
221809140
25549077
80787071
869175003
163206033
707633163
123485950
783719757
201282348
176869579
260148472
186150717
418246836
607984455
816490425
559448846
564363602
241552136
273867513
237221095
788309516
960284931
560551614
103326179
506227122
872656064
405828600
553682515
572213219
103001680
649953665
577222065
746300960
917510831
891325126
261621228
277956038
505242392
763226159
251942249
622571238
295427226
278000056
192848209
658223352
583138782
527978674
867223973
612619201
652660250
938106530
644788848
178839946
815723910
59037198
915236991
103539844
367437226
465831062
176759830
357346628
429617654
501977268
231082727
288097520
979684117
914739499
810478252
241077316
517566459
90920422
688309016
997288894
693436092
640076253
638460023
283187415
76996017
7446782
409568018
527667295
9898543
780448815
446674520
122863373
644518660
318723433
229753292
221150519
43953269
902231129
922903583
729501052
466651111
187223342
816493813
318694017
584501074
709081207
371347551
684804291
754392719
263869528
93275458
39419354
466307596
827506892
429999839
636818119
494495731
970931658
23956100
752559028
400538442
812113271
213030658
874715100
680176208
654496594
712685672
78830097
874333543
923589103
880575555
892352226
833611643
243194376
91861755
179202877
489992659
729350571
524111378
672790275
272055590
400558730
484923063
356437564
53521740
833410284
116758544
121905470
735012254
619126848
353268012
397940183
921303163
636865537
293294741
383402809
549593418
452626690
574290529
695585332
187847404
908905022
521825143
57079723
338714914
901106415
999566276
865516458
112577325
328668862
223033148
781203071
555757184
988042650
790297791
122565203
479246772
601157773
372179298
38978901
880144803
934510368
436318761
47716798
815996636
946465711
748875941
496558493
592241268
674586792
677255745
603983750
24731530
244884217
980932127
387027764
973078144
680872283
837718086
685430804
454741500
896598208
238711783
60205723
287845231
83221069
662280487
795075004
972994772
657880889
397978954
720209490
293747306
421155709
830779175
995109973
306714889
755121147
161211607
675621393
696041382
987400325
514048105
660979413
659776538
894600251
51105590
417640322
63064072
214128860
333559952
219531248
391019360
808204416
224749604
980142435
396732381
374151723
865716920
527275073
159047660
436522250
306245553
544904473
182896880
266363766
840991731
856736050
692484946
141975747
491723823
21910271
895475783
744997671
416917540
922677105
229527228
709359861
394363920
91015860
95985476
162239896
195488332
390818572
842327280
113948609
846954666
537495178
709339238
511109065
550549748
369090728
338481063
396152722
823653063
785319824
905983809
128655622
919285769
865718263
440129848
476358883
388541808
118003068
320644305
899851031
865630475
370601222
761487626
734012749
597792039
670902958
96725411
146089692
823892556
698655174
962269962
972612796
428160106
236274368
395707361
815442735
861975467
695528511
505238613
743363834
614270413
778091237
112374803
907206253
29443642
299291875
494962909
270098024
319204424
503022394
204046897
162325197
676495821
467224058
718674409
991386108
791205945
281825636
419407183
578608739
106235969
781158359
400801786
824333773
68079300
703301090
657369739
609736827
772882314
238977926
438371456
110855354
488126930
411554551
213103746
213397251
363342600
268990389
884755718
208427358
381298411
815143338
602710293
229831159
111123097
499706471
763785469
965308290
458493378
955337180
675497294
63145391
344434715
701257868
838748145
331861999
22588096
797206504
871306892
704279581
274470608
322869526
669379182
459659691
594320187
139988558
297020660
918568884
227697436
719709146
138583949
699585955
929623828
535833395
195264506
983772641
190348528
364658652
665491968
139010561
941319263
555367324
604871709
256372011
752657620
338879352
484978819
44405142
436720013
60661187
336106671
334562152
744426288
705283185
505160650
912247835
659581380
296435064
596078083
376060876
551687619
113627129
434170406
274114676
768569146
698927507
182748838
423801652
14284702
177723772
396929786
856542914
327786587
103943448
321193288
32095905
400646167
370081956
920530266
883014871
221779119
482297347
59247249
506493389
582233853
194956306
942330036
439468240
419345773
799217638
906721655
590299049
26772107
504133682
706687312
538975530
124702304
730593557
575095916
315841096
122949904
13234988
155439813
706714680
182645079
988102748
262146014
654375015
385008148
153413531
177179422
34865310
2824456
587913280
453599118
887991734
363207761
80280513
198447624
860432479
405874634
453673822
331928690
603283450
965335514
143234561
799998
395233500
971958368
832448867
595263044
790088506
637973622
145936876
316871836
980950790
373542724
851124751
178232897
422929649
950832796
687884826
298389895
993010950
984690044
583318505
451974730
779909653
402919024
368540988
548762081
698528194
473797466
840834381
719006907
333809229
194859301
434612020
961451761
270405129
811374003
518587078
606572127
831983495
634144421
31634048
19223014
273719969
143283056
893627069
921402824
586394009
635438806
663405825
828140281
222762440
724430362
968686302
882778440
404123007
53063554
54487984
95583415
41677500
797459673
358172583
148313663
36709814
173017906
422282902
104761121
854458729
232616411
524111378
873878467
369254177
844594582
146896605
509051588
226850021
188843144
21393805
395933306
684896335
660808190
976670671
452232872
43909969
107047793
2552098
741378971
964646152
688685539
641774448
145198504
668703430
332695379
400458706
470891245
413288046
330463391
730714039
187154828
969684202
266352145
184289468
770455676
817596250
602982413
117768567
857338103
706952534
803337117
165382828
287856197
645921168
531260365
4853028
214191679
880367966
632123987
903712829
900618211
694535514
950767720
382449885
885151978
173714435
780164816
511281994
656315528
165989488
688685539
369756049
75450880
705675241
644337984
458661788
302449216
951375510
278151934
323524985
576906254
576169572
142523992
982519766
500016430
104975412
558137681
852200002
536091544
476025215
203173536
472805630
29442713
842259667
778725165
106307975
545571722
240365446
558924139
678311828
817393552
571617250
795259002
474817495
508942442
84680495
8421872
638580565
1698424
915758916
92335796
985510030
51361903
221992737
855332440
125091346
128720389
482981672
153893056
67819153
343227034
210869594
248039559
608170431
637986780
33529499
216561741
608940302
917212135
350238719
239093411
454867460
249508804
895665057
911070588
193071896
469502285
212790215
348749149
969987750
961513416
882167964
440861699
599905456
114720174
36911160
657458577
50955374
293797128
825779417
302517885
556333674
649760011
820827010
619879469
88187669
314924299
523806678
136803632
395707361
665304488
778003854
311567207
979016121
841007019
366019326
539880243
392075217
205244358
894615690
506976522
976568767
755802324
468303095
147289317
24881540
857339462
404667470
220913583
349312338
179894421
600330763
482749118
633461479
490475396
55020379
226019846
839555806
798690923
71736191
404260943
118688615
246721515
751091856
566992570
711822376
912948954
790806037
193241711
916537682
13382828
670635667
268677316
510515562
154945921
485766164
837792776
713714431
573409961
403634258
791844241
513335684
897286383
547535182
439792355
333342303
532266527
318919067
837600423
797857340
381302849
796668375
805334511
945261630
855462088
653651386
681348711
912912279
235580684
840170705
320033409
491994298
80144289
53446738
868088960
931041144
892349771
954724364
482858161
148791431
510665222
987477354
658691478
896973741
707736536
62784969
255859226
241906990
692805157
104646148
654680633
179958314
592990163
920534974
358264559
114226554
286467394
678696752
967488644
310622335
313504571
42629665
855591612
526177640
328495502
626144587
282964425
546591046
623848685
298084389
308587406
665758441
158084389
472384237
546328945
746252293
983465921
273965859
145447009
137645027
597821030
428965636
646202613
125777576
943105870
894792856
748657672
885553646
447430413
310705091
955454484
659335396
653384498
679743203
877096451
186027533
400874348
122565200
461086525
287940378
362643899
367942710
655909243
931041144
332855858
199985539
584895284
678214206
540995852
532560175
608695375
47033529
322565826
485882954
117646466
209541958
38031567
268239191
974469291
640621701
838992290
5464483
124589946
517206271
202707967
430333313
600880247
972281266
913245383
988278925
16073310
363220231
547880227
640837159
574775324
643263120
394499909
652721597
758435467
327816479
909354449
785229464
665996643
133235894
736284909
446796762
79351082
730854653
667122020
251516366
473210714
408186107
719709146
474903429
966952475
566761259
144503792
585070099
949254972
16377862
737705792
80280513
629126546
710145012
437329149
738890752
200437175
136379991
548478594
730486422
522323454
578669505
653004415
241527051
285258181
210883634
571436246
650723576
219511625
124015408
971247518
882295298
372861393
809542933
497773319
904968094
552377680
62905601
375026548
321655412
67688061
1252714
56884733
150559305
654819394
182359112
79280204
682373732
986093387
750210609
376018993
626638423
749657327
661001584
73437014
609340717
946149021
783001696
781861922
258785770
850500739
311848521
781658806
535333977
415578427
985623647
458329454
59819059
860651706
223484645
579973550
704970053
343932089
218918023
750345892
962681007
562001065
635728846
682173805
609917674
91848791
167955235
683867515
282609817
710508332
195404677
450068227
719704595
458584069
932815207
829984854
754505461
887592761
193181617
660910157
549726751
676666587
115172798
751840373
926585192
596351309
278407191
568036722
540054189
113432409
212359730
120717595
669241274
303595256
460617112
221440553
849871509
452526592
609616093
343193694
199569225
919113693
52824644
131877412
630955678
272933298
20245665
573516676
821744234
327264794
992506944
731031653
82797215
409029923
116388917
570628599
983507595
391092918
146478575
192350527
399698736
221096497
199924399
51183697
516778540
860031722
299780503
109359031
408850300
559453268
216791999
221666802
270543774
190100145
484720776
865845409
378604558
383372618
107519692
569890499
346424240
429668615
331194898
658720193
417048431
748112292
949940405
905626987
375624988
396830482
178341940
374614710
937614610
94551175
817087011
336633358
579505617
736062307
173839458
646119667
376279515
279484952
317776869
571952306
205080202
19969034
678649853
524978990
839542582
98745407
623451178
491648946
177644159
313471652
456134118
975770337
651358642
664063385
490745127
932648917
89076939
368716468
514279942
188160111
441847503
602118208
580550444
984288503
324371890
20620528
10151076
696272189
381366968
154964829
819937531
202887154
609510269
462625344
599729761
173231272
422033263
322394425
159061861
951856384
126125903
29286381
841627896
780323123
435166457
299981697
522467590
239094969
894526967
336039701
601905871
486265067
282769660
33061134
219847851
756251838
131091317
460932880
750198491
101888890
324620418
753039438
326703025
612284378
999877234
128461319
131366884
646846913
629872836
17225566
474561015
898334157
271375238
148622861
738592758
168285426
826708708
412415740
484605482
296004832
437171635
799068983
416583282
331392567
668865957
260352063
688783061
455964957
76328373
718833357
930833051
755745995
630766016
417534062
218825077
884812381
991912272
839546321
686503686
885802216
604346176
366823635
62916506
969069219
547725463
313865638
605788875
129834544
947584809
650263342
809422281
495079347
264175476
953957328
42564213
998390600
182900100
36369290
569976755
348026489
340770192
775048282
639903107
554333297
247355510
663546916
971814246
118781056
481176245
778983011
396732518
772931788
126899020
407190747
322750197
400423460
765102681
577468505
163395068
504133685
619553974
732597546
558213562
18573742
851364686
275677973
120178805
148026698
997340490
18293476
799746385
945577339
775063546
107199602
712307059
922964771
891556743
958909327
490405949
142011520
164213878
70368267
795327413
356191243
30707304
561700274
619879469
276027063
237921429
626155803
834778495
804337784
620853302
714101605
770920245
987160889
489000580
944049180
897832527
817110178
108714380
975745451
163395867
328834791
712697416
256053621
28495064
752814046
423584061
925974269
69194422
8003169
261968092
855730551
246130820
659895178
774508765
251345078
193627320
84680495
251161545
42612695
484050910
687943334
67561517
47069487
788353087
341222985
243674225
166000264
912027526
322604595
57162373
505850828
38381290
46160267
404782755
309591379
602634691
981886298
392575099
971269929
34366769
708169847
764409837
280106807
30597692
252320514
323465080
687631284
29238522
4733809
628688989
83580496
755058587
174855506
229027339
3418320
51779577
622546274
904503846
258834932
608873265
689693005
128093545
649540225
153765058
39629467
471524764
807960373
203719772
46327921
322066253
443296657
271921792
875310837
518974452
732583125
942886249
426519001
158416426
557163517
437966848
352217921
981324338
342228187
403488540
319073850
735962258
788206407
517632058
880947847
408130442
196224934
905586735
302615729
370423264
864744121
5075539
458552870
7424789
159985141
472049742
469958561
285291158
472661608
302887169
754517131
972658905
378521998
313122869
898438140
11649388
750873350
270159657
781462587
428087840
590275440
713881781
188816142
447273984
302173089
885304299
534686770
498874969
314970045
905891764
815476114
790291704
808098574
232190180
349914502
857624422
780686691
217388507
352835692
714933147
738925676
685677762
385193452
229753292
442697018
883915509
925581786
769929960
975566971
292222672
252906592
981340476
592795466
372709189
338328200
347491990
78087321
844721198
868496054
308592852
887376980
372981331
538284931
951975525
43777541
291966463
607997248
764626737
780326360
820100354
519851627
458165724
102235473
269415340
885555949
595753069
270809256
16963310
270497227
427462666
728966794
747674368
754458479
300337471
849896334
577608606
23047917
707627877
875757713
504171425
943125072
316775854
195176713
752441187
132567376
147307801
454353464
553959901
125518056
733001980
200289723
385797640
161715561
755267567
75820172
897156690
393963512
747597664
560600657
662793895
378158315
356437567
780601953
878579832
438226560
177841755
339348377
727252506
819193802
724837888
58861405
659693222
721068864
834432948
255457024
185103211
486415165
624075492
118494920
349735787
735838860
665912442
871763422
238894148
594496010
275003224
57567605
768488492
786520961
873827574
206090152
966952475
813569099
107122779
78543628
930826539
913526427
767242042
562112974
801119945
157754409
685241235
652491050
961444531
687719642
327575606
305002635
186008900
942305541
399389166
508334128
662584845
124211382
12799062
27494093
957680020
62465970
46203933
510515562
473963559
83000133
528558962
433073112
507476483
198135807
672889123
77190337
120123935
915407337
105154836
750107164
311746440
604208705
550388068
499722345
972708274
730329735
521954954
619697756
74504165
103460392
330375773
965279451
350330655
76759063
541901343
282695717
198989478
617773664
837421363
63424484
143029487
832026329
914697836
744965878
338702081
701513775
967708311
789868023
428831653
72090716
570947003
212331774
438719403
870521762
797415871
259745733
898415866
408884480
846954666
419512873
61001310
63366332
757313508
366096401
691631788
79467455
863496774
42328956
105737209
948466446
313881969
731474855
670432564
966937897
576351312
148368269
915934045
363651502
128995955
951075803
674320797
213982744
831663459
327432590
515063555
695585332
246988356
12886928
34062879
836176258
1495495
754317217
571109513
921563254
663690495
915539365
604382148
797251434
885521088
868582566
913842905
415255812
153165308
338489812
974461150
28774116
509602551
603399045
284216221
166471352
50005380
862860447
779719034
946737124
992031436
488336773
759121728
185481139
447396429
958849123
289407764
562414643
862072897
42255096
576134892
888846922
331965508
781443683
270959108
510738290
384256381
634413240
109185033
812593506
242756383
74450012
196683298
561922063
694947725
412151608
575126375
14761307
687198203
799957376
988257450
430874821
321264775
298167657
617729598
430818412
794687087
73207556
558238691
578162098
888664929
192475807
628220026
84175429
263495931
466332477
446675166
515535965
78510417
299051102
661794931
233904885
220050868
599865465
566357917
64999297
286951217
924081598
907731732
727886268
915668915
147967836
791765086
697899015
292586599
182814177
600579578
451527326
815626699
280509575
418683984
540054189
575752190
628836846
183861356
49571090
301408300
346299580
926602177
99261240
326400746
868051865
115920846
339448073
137205673
57227217
535437631
335347397
522728578
753234599
409922152
457800102
57267072
113096723
958160475
433327098
371490702
182705585
783518895
368784732
188572128
854513468
738804635
636613680
84953011
856859702
891584679
446140839
591333137
763773352
431436035
91889836
617875653
194919253
186923700
779218098
621685315
206552384
519731589
267441362
728957787
763711166
360424480
747964648
365628343
452757510
835605353
435493813
215365029
659668320
560476956
79676423
659258810
238187841
457767550
859852267
894402404
500663963
963766361
200040898
665720452
653092544
981378259
281784759
584133017
780517593
305007552
528504495
74365129
827793628
147296596
249028629
5169496
503963004
306439931
383785520
161824831
393515976
513709777
507322602
413429418
409042506
603566783
746845592
656262022
638676280
577878710
170807513
944471122
901500456
864056993
216934572
491947973
547712284
778561132
81118829
414287703
133823648
644724685
365947256
277878424
118250374
966585403
719677272
691636873
24086030
891314305
684996019
945355247
906973840
732647056
791732340
495153643
596954297
350281485
113750914
695133042
267841005
719006907
150685340
847058468
736687051
956105072
22085179
711589150
262671675
775167808
328577097
783001696
655538441
505625430
448507172
259243567
37934296
49154669
528522481
544017421
277551274
273633419
165389978
485702443
60102645
663316331
292861790
418092175
862596440
64355165
843599071
829389860
63172820
883896782
963624767
260931779
641726115
265070342
676897662
43195741
246174762
778146742
899376307
882214698
239225613
625993191
137033845
103013771
421076751
335602632
449495062
854925327
174898321
382601114
216398723
600517657
137865436
985059466
608671430
654861620
723894372
986116619
322984985
264228588
667380185
268677316
179659235
341850830
915539365
653339424
559225658
961023794
462842623
665924659
59603336
93847981
224312509
901468982
583363886
450685491
917259315
486220764
916180953
958504550
178273112
874071836
218976305
173473786
486517214
702001464
859990588
17883691
698911764
26424363
266259446
388649482
433142743
688812869
496519074
232576737
837352245
779191399
135080161
25378547
545054790
787801119
270334461
940804389
756669567
961133407
133869736
371623818
736981749
753659029
799207535
645572110
567694791
207567181
465678764
639767720
441201249
838147559
420729178
338128376
666402446
450465990
893736328
42564213
342171704
45515325
146077852
174415835
804686454
913008061
698276878
363228724
567105992
717802109
338440965
735187331
381581957
820686219
473698933
499506436
355622291
290761238
919536444
585393690
858169220
763676911
719784242
101463403
132686212
828796210
816132545
857374270
482481873
494900995
879629552
608101053
584141544
231847971
947895042
710423604
186561810
785103750
254781380
711617487
27673633
283763106
412950883
798477118
668087777
904223179
548478594
459890078
206307894
544533062
73703440
374331442
680026346
326566746
429359037
817526051
811964814
895771528
960562522
451775738
553323238
799217638
110451569
893900529
356834244
232722461
970224767
58709879
9404702
302164790
30238687
596985185
641933865
630487990
380245385
236951309
745047791
242025456
153138206
198599289
113426843
420070733
57626750
304086867
565725516
216127542
915345288
780643066
639698050
749626444
203638493
823626293
142477022
604165724
364614053
806525892
315823819
296751907
976503836
944965863
163272610
544625737
340909177
253007513
763879741
630444164
20291274
44330647
13720102
622885953
664656087
528680881
32991179
785638338
703518311
410362113
643692373
39967877
268618688
860944300
741026400
374195333
891403734
424564662
212620303
857443622
854905890
450117272
66963703
246555576
364817865
477400249
25074542
503988819
252607878
847802852
289203946
164634884
436816839
609596184
832967047
733598122
251597720
717164331
163348309
890428411
70832725
848130411
656962586
218090768
609030209
873591353
501129980
834500509
823586166
997829569
818432738
585132616
470288285
655067894
274021173
95671263
479973199
324898969
526348310
345728305
129257264
487894040
149269401
197824530
744122020
924924450
511862422
258821153
957178622
594005570
958572447
16089810
884514668
669372637
272936809
169806349
97649844
794792509
415591070
435382751
970926805
881613049
624036501
4413463
874545676
457118510
448116884
66363432
674809727
20029120
877229209
426571296
113166443
702130441
680230633
847299725
464360986
389180720
105285303
465477156
294887139
383923044
899307442
265490614
397603208
152852208
912912279
388414346
935962763
307021782
735653731
669821227
825779414
915031370
110804975
277538092
821460080
487959216
808937796
967983701
520699513
629524843
13382828
730744420
997288888
367946839
249218405
658795287
199112942
93254504
186675405
755802324
439629294
756179431
723975071
154119626
477955850
837748931
398313487
100402608
864172092
461343089
434528749
122863373
895557936
460175701
485083925
79168994
558461042
857882397
937858700
31012869
952027798
694267304
851463042
547794789
116955171
784150432
615499158
47112012
637727609
215181876
887899667
740705813
632829079
243533437
217153497
664620501
975580584
408878293
33567800
352069872
949104814
766160537
981791302
16085572
417426924
535408360
249668701
364687424
724155936
786097459
616345942
542476475
662996550
206302308
513423681
954299650
669601835
277727984
481422518
440924286
995358745
170313031
302021271
981138001
693212537
862450926
388842922
373843534
226159180
44764327
92458397
387077079
938135535
931429948
435456830
115057834
73981886
33436310
558028063
559713146
315289083
558123379
828523096
425530649
91866398
568091589
838042921
747283559
933571961
262671675
747575376
274993560
454523592
24391930
616736200
635837416
345472567
639473044
97632254
212720741
429077543
571040771
830372429
506312558
608101032
100622574
79954745
288986146
159662352
981442295
571154430
349373296
6678850
688757712
669844934
199702775
723655916
702500311
892380881
291954936
639936041
382490938
220232712
762179318
971337508
688531012
369367485
128800545
672678770
605570298
885466806
694373155
512064069
46903871
279886965
4210937
160284783
630545094
355743742
746150096
621156176
463511907
451321398
383143112
228911279
213746570
882586186
467573732
507265007
483868612
150755914
990979184
38364739
306075158
48606171
670187490
387353069
754507416
614098884
529299815
326356869
688757712
983333536
175977383
80055769
37371587
989186602
127420748
662462095
547338656
426299985
328446202
183699530
948311875
41265247
758229328
98322989
469155592
745868382
592308838
59259785
119627927
466099311
168698625
70688015
671337336
94596118
42144530
677069466
925195997
994182477
104560386
332453382
449103116
137606802
877198780
800019728
677812549
563946001
513583675
26300186
868060350
507067238
728114035
901466649
49090885
909073589
689218015
106259533
986858257
848141429
626823427
296018350
53702188
457662879
541862259
627325926
211533638
826831872
880806139
23149642
889469556
326553330
292047606
17369182
493128953
964853180
628938953
64262609
336111444
442048006
183215541
103284261
734744132
784997550
739104432
185617689
854111380
664288518
817596253
135170902
249435228
246074440
741681769
980856545
538108564
75820172
738869252
125855397
415858021
958871689
92963783
394328684
129187795
969452408
885892925
792482385
683091
678593863
23390067
552213972
873591353
451047099
90542137
242189063
904036568
505347693
817918852
478516133
142592311
919235470
671563720
691631788
376224818
976568767
696552961
490925860
981593814
644011110
542043299
196222798
220281170
192836332
984474789
783164639
144624351
816375474
947389094
527667295
604939936
671412177
593133607
743740404
323597355
65786474
547150499
802525391
750969719
890539976
379891020
711562664
579844801
55967040
237041576
485465830
347384809
580258729
864114825
277785395
618574217
261070878
380930333
557412184
881749249
406326904
249427964
578014265
318193496
566864539
730639378
561632846
379891020
199813238
927079517
130169709
30089178
576041985
986828550
57423127
967368813
95060989
566102845
141289715
481406248
278867207
185303989
624887968
887578422
114763615
533012221
629260882
559781836
136333864
300472165
169805504
118295368
117773708
530715529
790356083
554546288
761430427
443689201
429159616
721003478
501141143
843188083
886746567
768696948
952852649
333342303
756027296
438766915
625727804
935960205
11223485
729288970
884369541
401283707
350412116
692406473
344594411
449886173
372976306
105584018
196395491
768024454
970447702
385784171
633606582
760320330
777516900
329276962
430755335
620927509
263658477
169737803
100289964
526302976
258331627
637006981
16193301
863755164
981387833
85632149
636084309
454932729
232757097
986004329
833981677
820437736
32256058
805282000
499535650
965376358
119780344
954435507
189819520
613144525
755909846
893049165
775027207
703692358
758063454
352374896
963655535
339573105
1087767
181637348
750817088
583895100
697827228
488387581
225143534
616246935
376407024
909551613
176301519
852361660
433922755
192642916
637313044
529623594
375255786
698918036
486265067
423393036
828796210
404384110
29596018
302164175
204699659
148067135
556910210
656814719
653869444
155131483
793233291
494454517
170484749
290470707
456648531
486317744
808697272
392004258
406239335
57161667
570328378
375448525
162001926
153530302
611348915
792170385
299591605
948060262
159650245
275302987
423634085
213758849
511897386
478143027
673535231
900273876
726860345
200269222
368852897
327041562
403070346
841923561
448336358
760074215
905509446
388602154
86598633
938402570
254570556
70793394
294037528
677628921
505614651
568430450
272963855
690403572
15826772
389361951
964686872
706699247
668660163
313283942
867832125
855823491
618515873
751911899
166922025
681571128
964286559
188053643
504074131
9306323
940778585
420028654
844249074
926375174
692538831
397893529
712479645
850852749
836739426
504485879
863481684
949757539
547012401
27583009
752516949
912912279
954947887
936239631
829388143
457375798
981039726
302682525
541655575
43642115
240229991
158095197
786952091
781688123
142656758
432960934
637838956
170628522
881313002
479426714
565828787
266002660
320090967
816912647
685952198
998893322
148421810
852038239
211999114
398967313
929902371
42109496
130588661
326442861
438884918
72900084
938606275
207940820
597091621
686498910
406740671
576408362
276661620
323773355
855359962
598444392
897192537
916906593
14093914
544197651
796939485
692484946
383785520
986439175
877051630
944466537
827066464
170148137
871151193
828977246
9022598
543789366
811573742
717174150
737258188
776678522
865793929
266873998
95424629
900304683
684658264
551870865
138928522
429263942
896828849
647345378
267932450
971744004
777647528
305230652
830758457
601157773
370946588
238774213
771501914
829417751
36438901
636442837
448019212
125005198
286224424
203173536
319858220
336064645
980950787
986842472
8815201
122613778
264670913
346861344
908338161
288104261
294923545
318986812
773631660
733129181
277753039
872806923
695220372
272574986
567720212
465904336
860987901
803289145
500534069
51086816
578029504
838371192
864748948
775010895
589774273
676096207
600849650
595092286
664052713
274359566
835905554
225887870
800465779
331134997
121916708
542476475
278224769
707695205
576430001
360548395
253432841
402921570
124233875
47957006
603885624
403612451
422263740
568368879
155067318
831665245
656684128
247442768
767094299
848091870
543808111
473637133
557142855
3168795
642643109
16836914
321193288
739851105
342735805
609931285
784071725
709158792
380913265
815044631
849730667
796258338
418129590
632123984
996894673
526544839
668862065
46244148
525463675
262725327
864412179
330410512
577559182
148067135
93436863
41692953
475019940
374801821
358095340
337419777
615152466
156113151
779727685
466577780
556208523
998908326
292950382
985648297
619481678
198592215
623387659
862589854
469783921
878645196
33965784
223336334
250722402
6883458
472124669
250011686
934038847
333635328
118391313
153712796
618893013
407688308
214884520
551430890
254364869
497808444
202271822
98444386
985020428
815220039
774535814
805682603
770831501
323633568
52105521
83802754
82766916
58863462
241552136
936581383
772173640
535802264
117768567
125877430
677496358
355072498
450861454
46167899
969706139
370216116
769551495
433615501
649645907
628878326
814928563
147624087
762818116
543026299
957153734
127555903
213568386
681516552
963590751
852055060
822484665
421748808
717148743
825096844
693613969
296171990
640706829
138105509
110451569
710236200
26119652
214043921
206320865
993782163
628082413
538615474
731394395
439343980
501899945
986851561
961769885
318453576
265673357
24292611
815220039
62693922
537143008
872453062
696030933
93619525
345736109
291183090
227649171
237281549
620471461
32922788
513187404
460617112
472886038
515888575
310998778
664385166
728264816
371738596
262103111
964123158
567749838
190952226
650565498
697536381
241328679
788371332
583411716
938162653
459359653
514464148
372785947
254770100
555914484
922095827
571656209
593965828
999230227
437272839
120227384
42519469
225051750
727540867
845759771
106668766
305807810
927047215
445982828
44865990
938592661
699461392
46562880
716568238
623285196
543867017
835716560
765753435
555412565
921784333
746442878
817429337
221978453
49916188
646077139
803496195
532598960
714492768
68721340
558494095
981518825
668811232
494151499
146654181
919014595
606150996
864977996
223185443
824643228
194571210
90157569
727727277
719633471
24609844
834728084
739879968
561393731
499803751
148033307
522909980
95622642
884741437
924697435
828977246
226606734
270329119
543976755
28186754
716750897
240572578
287243698
966620597
310591249
421518315
88658488
340563018
396505020
431636841
177982820
146056020
811120947
504788572
436285407
353975424
909664731
360114974
453622005
918741451
89426065
618466195
988272385
723732623
650427644
428654066
375802330
520465460
100315302
298013698
147116391
255859226
166992260
539977342
985457926
381953700
629872836
427743247
389859167
130246789
237905425
323860613
439317241
716446351
672797434
481563887
939389568
390115462
705756097
663405825
938126998
731870468
78128446
555733843
983643466
10094426
175623753
559733086
413746448
588825969
830132548
311007096
549579184
896399501
366323529
380138376
469783921
388128561
834559656
975566971
677612450
268727713
11117659
773982286
223100873
849337179
687940915
902382559
842840127
215675216
856731087
344917345
727130661
337207818
331141789
756669567
482202785
525525475
144426576
367511276
237118768
38593644
834171663
494905122
816061963
943834727
805541820
81837670
119803787
582920013
672002738
149421204
36465250
232225787
938121450
906257255
538808334
488885557
959148892
480767435
813324316
677616133
119526188
626823427
704468098
614749202
28200125
426154249
575022311
117411603
311332547
381324505
588566195
584605041
632193517
10122315
637808319
172301877
510077790
108527298
814653220
216406877
805850796
488968668
528874645
176034937
827387792
188358592
943886935
996869454
602232134
613732916
88615825
817307635
850715177
964247216
487617597
595050042
186192048
372390211
699746845
442038183
796258552
390560294
789829583
229753295
734922699
619403305
692763126
198592376
665270288
806327384
224816995
351854062
69661827
581657395
31545987
384123193
418088130
7217900
679218602
902859316
749964710
723645760
490966513
325339644
865384951
939220094
606952819
463918150
752606703
393088104
215766514
633174678
192263693
961131056
670078786
915236991
699496737
760928611
429006537
386694867
479816618
357649506
550665585
834407565
920832845
398548779
542984375
753123745
143247475
114115406
277244242
87142990
58612988
939071520
68711651
102403536
300593223
256413431
203257081
21602971
584764142
779979853
213306264
899303062
317019083
732746641
388339262
303441901
272800610
796225750
940242378
920118082
907738028
178613389
819684782
944373338
358861057
932756696
528226697
278009421
339468520
285714022
870304583
334640674
244084851
907222571
872986938
475253087
573397615
773189718
886824576
238289049
216523070
647586694
290168
128036165
580003365
513552727
304226240
6892268
309939609
437329530
87951225
498862525
799864850
533040909
312399900
453466197
335531066
245935688
228560107
968332478
994463293
967474618
72809989
534378770
584454160
603083104
486610283
461769329
743389250
206105348
706475411
162060650
386479860
343288167
330674075
107963758
580843353
436376276
820344540
124211382
14997205
927270413
563498488
781462587
103536524
895282154
225654044
824333773
382383514
652570594
13150094
875408560
233411871
326045278
565450791
970402164
688838278
224496582
780381341
556865099
605751359
856102995
479408649
697318729
630707459
272079720
890921166
527554437
651054511
693627208
947887098
19569099
51322576
784757606
249118990
590077072
422218320
857050772
679581186
634749055
424366160
456237620
809594261
790327951
361435823
12926493
589932415
436227510
149661843
133359812
158152451
374002600
181828064
425131051
755058587
615862163
898982381
977607131
569893924
620111755
159576648
642957869
666294465
203117859
732311951
604217917
819854647
930790137
651458950
681604830
795433937
805997101
735554032
110212110
823462157
404490990
263159863
414687669
353394214
834571927
606822334
877521526
694674122
153468215
581942579
948466446
423831008
997737729
486220764
402934121
658429962
447095654
789215589
582010750
205583978
37121865
785679528
548467695
572846509
531858943
822913236
215392239
690616476
821821528
887583875
253993536
85937451
69805924
71957415
174789550
833563915
686605027
720095677
239395185
168643472
330800908
502972656
332833431
537967883
277866924
875566045
12195966
911826501
405651003
473927508
712732459
276883231
734412237
431314467
421324806
921706940
64685155
714312854
500903614
887254352
746564446
38546936
966711714
276624589
920584733
123935795
233528712
266767617
775792409
825854965
883363800
930790137
57009048
724727387
187086287
148411544
130385109
996626756
138682653
991928656
619697762
848015436
426097165
609497902
183015811
613991243
619966845
455299556
741034572
772306720
586677418
930689126
321203685
519548545
714295632
670566204
88460894
254131483
43953272
217131957
34704680
974015843
461884905
494988654
741879273
623312323
156491315
411371762
825691158
480050719
751903500
949621960
702004640
804570439
803783475
797327412
45099307
728755719
937766078
835864249
554436901
840134065
891016441
306552008
132127088
738840150
293415418
464859160
591227353
500169536
449221815
538266991
899797550
525738856
87970050
594159607
299557781
870279558
900915612
543784999
722609105
135389643
355540585
816096728
846611559
991224189
906765476
738700094
290421808
18496844
35091348
231176781
786645852
252325524
697899012
844376727
168526497
783647779
302252968
636834233
405122483
361917019
110961414
646012604
570508841
579929143
922851640
255667465
63392662
25277718
911706393
881231742
540995852
241502841
652892995
345720005
512259206
190886419
287442003
942654828
468374518
901861039
760586901
304350673
354573757
857024014
726678529
102226287
539697178
325361789
354071866
126512277
919268428
709719127
471811424
639928936
868250962
186886612
591701031
230248348
425555684
83221060
788817372
813245388
844376727
948463963
96242194
746321099
309890628
166398108
672509709
722753755
180288988
82601742
770765058
754412086
161290955
392811531
736579107
839542582
972708758
619697762
400630165
276041111
321144099
993401529
431014805
755525851
51272498
98830197
190831413
899386102
611456938
505406285
201207255
215767344
603733050
323510399
527184341
858527847
169930356
97858423
939753163
574386892
706066270
292871672
66548501
867171906
240968263
268685076
417904147
506679599
367942710
375616044
641774448
706718068
418147070
930133450
408489161
402791386
184745705
911282129
180556932
241570025
258043801
453318836
216536557
922702276
87655710
29074691
540158788
227075144
702046307
541610504
419709995
519244783
790214933
875920156
713658535
373787689
15863496
544569635
775866923
703423097
453870229
925458723
408792675
38241219
442125012
843002801
298876517
245430398
727912491
229158557
440147075
919713552
705059581
857360334
760121027
338745494
866977164
136499485
688196645
51322576
317175524
226850018
138758883
417668739
973517848
352299367
439418832
262157219
713017233
453060583
752695609
192202114
210348152
6443465
652566616
834006863
429989893
891850658
973667923
975213916
487182362
516044904
418296352
58805011
887122333
442700789
757702668
107047790
193011275
915999207
567997715
901550408
743920844
234727410
607767379
631708796
515716302
852431166
413766340
121402243
425553219
633615375
610194246
372341647
445036690
102256352
427745123
888026581
830510679
626270499
622235146
366790667
910395148
459703998
725807026
723975071
526237547
286325774
133720682
626367767
162197039
398748588
39307047
3156802
535655865
360615966
863049275
718151150
327762856
378730300
600008558
709822785
943593623
221501708
338504189
872436717
302173089
565065696
221303007
574764609
560770825
671367872
236871947
358284120
652081789
965344069
329834161
599134953
353166494
816912647
403438057
330693190
939402891
983636816
233634654
922508846
999222242
226219221
2126136
188364411
994136162
617282205
619351706
142340458
139449405
715009555
901871809
180036279
264693046
845316314
313799950
304386146
444478849
902333807
324345423
871406050
212818554
672739721
416244280
727619792
577389249
247347539
175600443
368614322
569128515
194956146
728957784
69394597
881260891
569088643
640760492
591322509
988684315
718242273
911529131
746514442
962812494
233133211
813113179
791506109
751932819
788310955
331140246
971413607
415858021
869856246
635793498
182743626
639863561
35996337
123957523
337371914
898435511
235993194
926856226
764401289
818191277
920597241
484742406
849059098
527184338
388421988
288477045
134315017
467343360
4104357
226305057
215293917
967872208
131940497
94405620
626338854
893139759
766737903
448952331
369526234
97597023
229527225
653439675
456354349
841397017
20177657
272079720
436247422
799806619
258048544
594191546
955493605
162493625
792345972
832805547
776493188
40405943
707067088
367410276
676113683
359664397
870246489
575528120
753139438
167216265
53772411
303580275
81932286
262310027
490309234
421728509
760928611
44498786
657597978
293707307
989930145
645235323
601667533
210664447
363586121
400265032
607308079
439981373
227478046
337207815
916781927
924815493
765243126
588330242
494051375
493190253
303519705
650034554
308698203
691132038
647168672
630487378
548442644
150383294
939324678
796790899
75099780
473115927
891175208
348741154
377698949
907290737
645718044
55430509
740010045
797883883
829006490
464919007
308587406
871315800
7344806
449959623
8001425
609134850
800917392
655769619
379804421
804868383
682891136
183934164
230944582
565775135
995814686
638818932
523126226
323161655
695025978
33146478
68254718
893237135
642556050
320769398
497816279
114638625
882499006
64374799
158965002
888124367
760981343
712221912
373567060
592059985
136073505
318069370
21807122
542718995
235458817
111440662
883573802
478346133
941008130
426302230
267049835
199360224
658860211
546492374
434965616
484978819
902044503
997872673
306469334
66727338
697536381
529614234
102108216
19182746
393315155
968280823
109127019
631528851
128450998
809689131
421338640
379613659
278511132
388454898
930190597
340770192
10254982
913308545
231082727
599402826
623758991
744190939
50497900
243011833
643226494
561690971
472982247
51353365
99383793
597326398
482067229
825462852
638586591
324112660
134315014
626637792
147164176
755259438
369175715
660701061
554112772
913502178
307160551
44961262
779612800
983033574
737598592
673465625
339360370
510922570
428965636
430214928
90035229
512367978
775048282
633424351
660684138
592827916
472049742
129915722
479773411
433301028
38815957
273602250
705283185
132535172
247703550
180609544
111593013
110807331
912599180
476596614
823260825
124591076
567760845
263317825
611654676
680133600
481134982
991694797
413352289
241906990
497896749
969948947
382957755
708078197
229648434
681762097
270688256
950176592
716471086
97199500
394435803
392401995
335693049
60542656
935979506
830797585
947437929
677890495
639366283
904576189
809813802
744855766
912913339
735386376
540072114
69389482
528851886
5648907
809020798
259030487
755761935
195063479
42018784
836237791
909476793
410475713
110154593
197409979
705030560
498912438
578074711
516599489
897855978
416183546
665122731
807979375
781603107
129505797
368417533
416460929
926620826
83188058
986938805
777618534
626259714
4588974
733625741
503276087
893237135
466196076
584092430
384348475
423634085
436318761
490044822
807752817
902605640
926375688
366630622
963388088
868257467
257770590
473153149
930405927
663187504
332085233
11751683
321379472
568597613
766616946
428558198
24128359
207817723
948643603
875743516
635562594
817374497
166351999
100874317
88605089
846390136
699375249
734738764
443441324
550493413
624037089
976670668
626456510
911630382
121079628
668817154
386827968
898069560
18726828
357987173
266197521
549079991
268204090
392762176
157519980
959930106
207325554
854530929
880498765
614065457
235117336
621557734
78315902
716887349
467991427
501899945
292886639
994622569
799938577
873173453
460267488
618971024
224725718
59573435
422378096
220546162
320184744
23255167
46163885
268990398
850041728
664880680
551616911
701702379
827620938
793126936
506821801
295970996
674467284
503678141
247494328
579900112
394609954
229269818
193285026
638853541
647493622
117178358
691478847
473457075
7101595
824318053
654680633
895684998
525105313
148642402
724714914
375452689
792904000
848984528
795850485
239395176
79020241
260073877
81209869
844579871
500891672
637641190
511281994
732816786
54383341
284097487
323372426
547666131
587832834
621298836
629948865
925666466
515539974
860015088
821012263
175767535
848618134
988781260
161724649
850807304
646681441
29155668
84171577
490438363
604266979
356151153
293890674
234157206
455445405
257355266
265814403
102112097
519139908
502301714
717368426
864478863
88292101
42483977
764661717
795433934
550054472
956654242
272538316
492637688
630325756
91064154
498277813
917156839
99060419
23993912
696099158
120698145
898395419
257873715
915418844
592357268
628953701
992817522
713549775
205954802
108328682
447542249
933924839
793799974
625993191
25636250
212747455
273053841
463823894
33310907
975467580
810674536
421307024
701806195
808275249
224596751
107705126
888507184
542876758
546526923
264577963
877956942
224433753
965243621
619144494
704620675
528247744
981672539
472493164
999888095
389074784
142715704
684478961
817753813
924142582
511418568
550998660
640472214
916911427
200044867
727541322
711934539
794412954
746300960
887248582
994258842
740457963
620784982
767293226
877198780
625522010
629454142
778881667
377870761
825672053
51500176
49557213
85022493
488025393
192371788
556820075
840633347
373660080
63112847
333512579
99864191
9553858
243585960
6622813
48921148
281665042
85021388
18904007
590982107
687719642
234670427
143617203
915091668
801491176
67575992
299494515
953124264
746261527
439792403
882876687
296218869
44275355
31754283
51130099
730329732
543299286
628756176
827463150
397671081
383097180
112311267
51769923
108791226
147973699
515727645
251382779
788516619
217753010
902097950
470699923
726256766
825840189
427724515
923561835
750624336
613668034
686306575
546536706
212635478
973215140
288009632
5480001
486664511
594661088
157631205
844344359
567441855
722609102
114272354
477976185
166659209
30089178
133258332
393673041
79717322
961884831
823054663
541510416
734315451
654185617
273767592
584103002
814854561
802212888
384010468
636982899
650679286
732676027
190333218
557163526
638836904
137834752
319792153
783190873
895602942
399211940
151979251
481450235
572187422
785733039
381089660
812568934
719981194
894301878
965571893
357046387
808143188
42936004
488781184
141601598
475632730
481967265
958101101
865283284
462824622
787189267
775364879
386990209
420324920
790721862
593506270
690311378
849698498
832998291
287049250
887637381
114796410
953210940
192531258
681726306
709421571
868365299
983897212
41841199
337895678
627242490
458267541
97313331
596359080
76872690
437819715
520340868
839173267
930921657
169294017
537399408
237012916
523126217
485974553
801819603
113640465
964043324
857935672
650939864
897220269
111195000
678593863
899060214
58162316
358673800
51740328
985059466
991928656
150837867
730931282
656693173
554495273
277088401
381730426
572187422
138595054
396178198
600983797
516915219
608582211
501977268
403262947
330143581
124794378
552081707
647513288
620486734
953266240
576685139
475270518
807476205
110387248
817813898
887578422
166992260
823350712
569505250
178804082
238711783
571377991
494454517
426719312
618530331
974262372
779558891
965766008
551823592
968076758
359270866
162056331
901367602
58529730
419109194
437445339
273000617
684944512
539393856
550042127
690809921
979599815
736581122
937893865
715060869
78316867
535685423
321590080
763324429
374003782
412595344
901003237
223636993
59192034
312221675
135315503
482654146
124970664
109882651
545863504
871371755
618923629
964958678
98773049
674768665
779344358
457558081
821335845
954250427
513791474
862538382
263864401
878548780
447889252
312322700
408007215
567760845
556735755
219609894
736994940
476025215
646942390
815723921
945900307
48086576
440852683
146607837
741050163
80478398
386063946
380852842
871288003
610720246
197638755
545740274
917886068
720597484
288521411
818876009
580930599
454126367
888274567
663727773
164794130
101569836
823423426
87611286
732772106
360013829
299809638
645187918
903700211
69033616
523155354
96273912
113779783
331773459
365144513
787665499
819383109
997882869
580425843
547503025
627833702
61346389
89937268
200424024
192051271
513510857
571637446
675120935
372766487
601954332
805674427
894815608
18904007
187970618
93840351
116743591
778010949
684782648
120560927
510581278
743434455
539555011
921344821
103013771
173212121
579238701
597955304
439641202
236174970
381235475
687461014
559497808
878891595
309044454
606952819
811607769
856630948
520420890
318891255
662584845
862785387
260966086
439880589
147026392
910712866
202409134
21222292
491341249
609105711
727618837
109281424
503446105
211037268
13492648
299544721
76264567
244758645
716182831
646653010
892400127
568368879
633131276
279886965
94959627
894087190
814628783
724714914
51098149
181168604
34632323
413790627
492496458
702181298
84532893
364949441
723908813
281897137
949205712
64942123
265939684
552360464
275391251
545017584
863481684
391257579
109568726
239908310
764052372
551583795
30254998
919364151
111381221
826179144
796020152
475189126
438573106
204547487
437910120
692447976
415858021
423156830
377394892
662741268
544904473
35657953
852431166
737732599
35556340
498697205
114649275
76169632
608255359
233886393
286870995
716578061
666514789
670413701
861500776
232581923
612581141
840775022
190151436
564018052
726706135
60132406
105766820
327388210
746803481
416302781
140947455
561384247
516078549
502103390
38790673
233885466
870282510
29251617
392438973
648965104
766755462
394114523
813220009
650263342
273417071
469488689
198722928
643189543
264862303
553430467
719445960
653651389
456299591
904739145
629263179
432313352
276824683
176961150
614702095
105518635
105667336
664423746
426152213
386610814
738080970
544672595
523684777
202058285
723872854
937858700
4193941
171181890
62248301
113678836
560852014
475681845
977914277
250234733
461254424
731723678
60910973
712407393
758260059
236616907
316769463
646334861
909004275
667141380
310746082
460538646
790652094
76630222
959546817
953802149
717657639
176185860
229797849
222473899
269487766
112328991
732658696
459492219
242032233
121479587
479435847
485057786
161409430
295775028
72968439
912962135
186438587
626265002
356568965
713862227
41391576
332061729
632049634
187338686
266793579
346456153
858345386
296260002
336909863
885809980
283187415
895788646
542427625
591322509
809934493
474903432
730229475
699556840
47286189
243946523
187768496
562192180
107883258
978813734
860072213
75219620
678501278
741670378
510540370
133988008
279891227
590258202
968123846
959635904
676659769
399202258
218743888
817715497
578010819
893702478
224455015
871113565
926468948
434170406
471165019
771933478
899872571
203249853
177996141
62058850
774506567
4090670
913328026
156803463
315108475
154945921
780653389
21888773
289393072
343726796
65047859
722835533
434775230
264693046
686096578
450930522
919836807
826775921
14656438
529118324
658947924
447513697
474702433
453142161
372279602
512544473
631647636
976022154
20758330
578327315
733001980
308368101
254878101
415042625
115234500
230403161
657762083
902382559
587988661
349589624
830288955
387072814
625097143
463422030
453318836
34088634
476328518
322712606
499611122
249082925
711527405
197289366
306132827
967909429
356350678
118250374
61227614
720018836
623896861
661170218
42519466
868434574
997440299
91361098
479021144
874644221
316832824
733765270
496419934
621746773
390606405
604564151
842070803
19992519
166445802
80704716
170799311
458430555
192224145
878777974
28879931
84670846
188872048
548915665
129946170
269509108
903480677
348759264
149840357
167207247
837560437
601263713
585820181
217153497
183470473
731265717
421160885
30458445
579945775
404799715
489642018
715437380
431819695
908994949
696742001
292183102
428577184
471330006
827851510
124712438
629183804
550406026
126450350
281906514
64200608
939382376
911070588
553682515
535408363
229852000
598873861
948360327
703600193
697816167
600315738
244533958
879104620
377419182
858896406
354668441
149497848
256413431
346420500
781800121
394003616
864744121
921537488
227055273
177293124
867044267
906217942
356342837
458280588
597842968
925311703
784587067
877671271
654456510
390977744
385980628
448574799
222452716
260427901
329759842
645662849
118183657
27771837
413833535
736240890
513583675
220371449
481230338
146092847
748331545
188891703
806792138
844336917
985946482
631851654
237217234
440407695
923048044
248654606
791022890
345884024
827929847
335529730
335342100
600047787
961144844
55352648
715060869
341861539
648561714
715818390
378831840
847894871
720721360
668299870
487583665
515900707
170459757
22773320
792120184
842780062
909807887
130468653
795909337
980884912
461122932
781861922
262826977
242941478
515089201
116673630
368116499
472210770
157009184
112251877
830401447
410872118
237733863
23260774
990973580
934542608
876488193
853154211
798246891
325871966
335108250
750782282
533725088
131686987
396735591
862385958
812018220
424246499
336554664
303580275
578285188
964439090
361922320
420031247
913501928
825672053
841604807
161683916
494962909
413417294
229032566
599999789
642245730
799598019
756713384
851148449
730982208
666740461
611459555
305398843
570423959
689809847
820966902
972210495
399146702
455041132
389588645
264352672
527147910
116691902
282532849
46651193
806992770
149361245
183008241
790034036
450288085
553958383
682042429
574395685
840586262
100262533
122863373
981002220
392462581
729038271
141824017
16194922
216118331
926577075
887718256
108303939
415425951
12183484
893048699
55286575
140396618
77290483
883583984
62753012
978274641
999134018
890925062
226831481
607570338
424246502
791336129
793820834
147624087
397537503
727353617
894607764
913454493
33590527
274606210
667337341
645273350
804751342
754223508
817180722
43904809
293950012
769485208
619617454
570461521
76699682
784726011
837911529
647617070
51482853
621297193
764278656
220531576
432992916
836929154
914923156
897221895
242883083
760454769
15460948
734844905
832962299
378879252
727518079
458697637
878459126
943150963
334649880
964958678
612292002
329159329
267562041
634779714
594174743
692279351
971791954
571630180
494128726
187397807
456750965
433881895
292075511
52504019
583939220
262725327
234257316
244992185
729782000
376209513
513885888
499783139
827589833
23931569
38469070
424337567
975562788
998448237
894223627
467954402
10721925
286275079
965236657
602136939
65613865
461906409
479251816
582923116
800906262
311994286
506044326
153765058
684802360
958169736
89610449
43953272
260384182
879370167
723925647
540649812
785680189
375955709
194865204
438682310
672404690
345857988
458051929
391910975
881087310
858181299
536377630
507221205
580142326
539378027
327341079
973869217
185434624
799475128
203393281
617541797
849429268
222823834
496772557
535140018
966187809
506872085
683924278
311217329
763729775
339890739
9415750
871783717
906179514
418871741
170242854
134102046
914229773
297791433
561080371
891092647
118822666
921338889
490067910
971007217
619875057
554777357
428783222
911015584
578510190
679860673
220966352
966685665
76707205
671248035
356734766
9722496
215085112
194134588
890560651
884267124
136263547
357399916
792542243
439274575
242301789
45382495
837911529
801063533
61440218
296912940
229278319
7395481
347479344
291054248
504171425
29748078
715299010
637986780
593218294
765764041
535997672
362044809
294006966
972067018
40025758
211778594
384064586
977062667
89469018
67996213
319246955
127499150
741749769
207517056
852060805
93716357
792452414
368963033
9634253
131583606
864056987
993777355
104678917
112166069
52856549
775792409
599301740
163141181
454741500
66578396
413663489
795522059
801664094
919169805
761753354
778723900
835855336
340909163
882881990
11630388
181768692
914526720
508819174
534808355
438873259
138141724
346504483
665383429
21602012
133690028
493300844
250170526
106857752
717845792
123116692
695381041
283552997
526340811
294894062
740892202
693904558
821460077
135094997
488564264
81570631
558028060
658115757
941528793
766097973
260976035
568616024
382366233
280693752
981112408
341579263
250315988
36018117
758405560
476978665
576207589
393032079
788542706
341206613
529280069
922849785
196600418
538309470
170069047
227478046
908148639
808204402
725536200
24490160
31845675
227752003
676149653
979306228
661134580
114947049
523086361
946373564
637111100
627671633
742798800
340660562
351485305
880731399
794681395
812638131
837472635
26973610
36354261
51191038
154593794
40862338
434528704
237282931
420326683
547666131
11493748
976399015
484770325
41521414
574775324
200215933
277962392
559157686
109288666
385609784
300275688
140247804
333318413
602657901
813714706
50627334
506569474
575967542
994184160
313143415
41383874
261233795
914415838
438059342
400616205
65899847
458647833
682357964
44686986
754962277
261911414
461664863
445587605
591375653
893603871
241598257
101673097
99514942
545304036
646648004
939960016
875194231
961933315
44567317
692560049
205581243
235428879
698666484
643257574
315243996
512443193
104523446
510450965
50289393
639466673
865515796
847104055
640389433
875902727
528491449
364982154
814513934
523111729
42924587
553362986
524225889
382737167
57733266
905758157
287893731
714411763
228637593
46594385
904743245
88579177
915831699
540043316
889827439
608431632
888938163
820620835
63078129
290531179
926817959
309882101
646108835
277962392
342889493
550693617
169894418
462625344
8589080
917698313
618112776
429159616
635164529
963376664
466577780
960904418
273931518
554676440
32946722
637183716
111529500
249098373
691339805
787607539
364644486
602484874
71398358
680529235
943343607
192836332
994005187
168103908
388720677
49222194
912937688
899729072
75760312
180592094
480608068
618475624
248880084
869617914
954555320
502839759
593899957
904383732
927766950
644971677
704030058
805313385
558109354
528710837
793533138
908990190
250170526
154591999
914300091
632593929
236008788
772173640
271251827
266843356
402407779
145098620
798918866
457709423
433462404
788525757
478641412
788367018
86566845
510369478
532478113
748521390
316947637
803931650
794418291
888059845
836952487
130984047
960053014
808347788
461850675
898004843
25519920
850443300
973118764
765603480
942872789
761295896
640647357
168443788
199998296
799489611
701285137
369501987
561038544
31884191
360827045
626648690
562205442
71308374
329125484
285407820
572679922
139691355
653570916
891866250
893530808
358765533
188358592
985515179
179127418
688158610
980955099
550998660
90842366
661542231
497948260
777928343
684626583
889491673
715736819
419743862
437567032
288761978
189564477
381700097
635079798
237921429
280159835
604906461
315431398
898206224
293578998
834353416
571349342
323838164
703734369
902403534
667992648
987591869
288582981
24123580
612783253
456476379
876129407
151626589
189356064
790297791
189989262
1499522
553380988
790766078
909244989
122292708
2763157
807018310
521100132
350727918
671163187
208112463
323209667
519489420
172283391
893843703
9146976
823423426
386711512
359645701
231289101
962985310
644849192
342677610
118608618
83823978
191300558
988626229
639204055
40016137
228386303
860144149
304533394
319858220
310944323
601369861
100849475
154045599
271287317
980075303
114509558
91709185
292250538
367975009
16177175
386990209
972767046
609180958
449286392
317120678
135469477
251784429
857504747
945998690
311007096
975811763
509289991
105948337
292563524
563760404
135302413
768776832
237484340
125242807
587182774
330514807
549337616
833053153
374819229
927369266
155007966
779272220
697022918
304191182
422508522
208586449
808347788
233977202
784866153
801126085
614399801
27276614
437868175
978228084
337234113
858181299
98077596
303388472
645368378
383222302
552611240
716930447
780131654
993147793
275911797
763628114
447115001
456591443
336244516
569500889
113787061
455688670
57318249
472831667
588053787
336553819
377253622
555969716
656240694
668201123
908278658
394748236
845532748
833053153
174150274
303819516
467753939
299718635
665270513
662010144
587955331
584548002
127110977
866236647
471167609
54328357
532526955
869085274
120192660
520713582
9634256
370592130
953959416
176468087
14863245
950832796
332132010
637023736
912171625
929403531
122474010
372034257
249473912
171421227
834910583
18908122
999859363
943066772
860047808
626459953
719838580
839324896
663130915
423547178
572723474
699202060
867249380
500143076
29205771
840921871
388789775
909707269
327432590
683556833
208818553
256218118
858496281
618715405
303202117
998254381
332385478
592959335
479866262
510544580
703423097
976775856
802435824
950501588
955669546
301606714
958629627
477453694
322053313
979214792
190775102
276593139
318159442
442486020
695786565
367219782
100641175
293369668
522549623
359854574
124111877
86453700
839644993
9148149
87951225
423508282
342720856
369560895
176776177
397660787
324922097
173733522
37664321
295306729
16108692
455309824
646511356
626449910
158212439
76496232
470891245
413844850
59170906
318384988
137012403
87066948
149840357
62179443
985786464
675235907
603908831
970925991
906676912
29675299
573225959
664571170
377853387
10575207
21894681
945836956
547835718
188709592
609201582
213818865
178141972
521312679
742870362
656932692
817870477
235442598
821959514
408473007
874828633
281908111
350288789
192654023
159985141
232083078
5464483
748986896
4958654
907879778
757288122
687138439
422003820
492305294
894526967
490506365
922286728
286341283
506747349
487992407
446101377
985879611
332568699
413411602
357198273
654680633
502385224
238977926
826432024
507322602
608170431
230114764
400663842
359854574
669945339
205499381
145513984
882876687
346429589
600069680
494526508
286454614
115263907
477755133
344859519
871250133
54514873
784685566
448611374
694263928
394256414
617876035
281177790
950579099
110409232
355573257
98112471
88833511
515586002
472733899
412860115
938591704
775935405
101923159
731959046
752957332
96803228
865697167
453204374
428570130
868530883
32014262
518853519
395841907
122171830
584480828
893682676
343251844
594325673
8612784
946491986
733837147
652645375
241607911
466725834
814325967
325605361
998300032
946682172
261070964
224433753
780323126
224332133
195449004
328974202
353692802
764899774
231762659
403286596
879628949
336630907
648474020
349400842
351532730
764366680
367923275
561674220
48448132
205592333
626177965
980799032
432643404
389383573
203838834
292813703
94721686
498874969
744876176
936538439
617729598
684296289
35633768
440987291
880482793
202409605
232923150
60015314
744259942
335548255
390560294
980314973
741561133
983465921
802108928
342389118
66500236
544156984
929361698
237090602
206552391
958629627
706141905
641795845
150183588
764661717
307574637
112280087
213834514
829057266
150888629
600981152
129208910
948092395
239727411
544581205
330463391
913406529
685158091
402934121
772841258
100875866
456452709
409410251
727484513
597429620
727813971
581721929
417398399
386711512
706404572
68932719
637021500
423664828
44081510
784352453
569502347
939269995
520843643
251382771
522001321
162056331
2184081
970256823
500635375
445026483
901555294
996023334
20842215
931945113
56839419
136067516
76641563
416474881
612178446
914170453
719426499
211254262
486724895
587487830
692887131
247136250
815662991
292372094
199064960
828140281
8372524
210457769
566853870
943602012
608920689
311675535
656559445
622015948
741535053
810463926
284359749
317412818
400476871
607918782
733614525
867243145
772421511
543021929
567720212
14401982
281279448
919073066
744532619
829246597
336744871
328089339
283535346
324990565
757618324
551259190
708987737
133616018
885336150
5223860
227520567
726733068
441520326
699129559
11281707
201683705
153304223
766842327
159862976
521537135
5824695
165751886
832936364
820458543
200842133
907476511
462183228
408683342
480902128
506544754
184071203
990483181
945214175
739071483
260966086
571789712
736482132
702986658
219119762
53169630
702241971
393219022
520008038
904271771
737978472
917617581
822509849
67784236
869218461
520508926
715104839
926481854
797071976
20200461
419125994
768226783
360376646
348577084
2977445
194865456
398184119
599882804
149291207
415306738
389563011
115055582
20086793
353682097
654941020
744706931
252325521
652545342
342391325
763739444
889542471
219691282
171212275
318320346
137555721
793257570
40142438
204149198
767211885
251424147
947737861
127377061
510821834
491324521
415910121
138939213
13329992
592017722
576581130
417334744
60004784
719540242
472901667
506044326
444342677
747016217
70043950
211363802
503437088
921302424
305586426
794218861
904343802
416217216
463534318
857687394
543299286
459890078
6664997
819116893
667391804
474383536
42266449
561351334
674445865
289711904
101553711
38241219
136379991
619894123
387724498
330740952
619502984
802710025
589749793
393276113
841903543
47298060
184482594
953953888
798341247
285928358
675547749
724787619
344481512
410788055
429417507
27778225
357608162
667527711
544437254
981886298
478920728
650456131
394408687
588729636
878806977
287914943
430404714
138863993
193241711
808204402
958629624
225350473
373599128
38921929
128720389
555832003
410897275
748394630
304350673
707238290
596183038
51592855
944328270
924924450
308763242
942779000
76252017
688893106
206394254
491740401
861864795
660689919
632027231
102667675
195176713
635079798
857807200
409449866
603783560
163027372
549457445
863228186
558925424
100688084
545573868
213225830
699298296
723967939
419431573
19734940
378715833
455379088
294019478
764452693
257863518
387459701
157619308
984483454
226137120
581474012
461307106
600538965
977670456
382419638
967980072
389110838
866977167
624019749
625631808
33176664
57674081
537853540
523081912
80169860
527677792
821400258
636386291
195197071
791715097
164660843
451350468
24640649
567351707
462625344
280773927
420001626
561653519
6280502
239640926
64110960
665611914
350376484
640610288
551638601
702004640
538766052
893698300
425359628
401029489
586300629
179166899
877398938
235619341
833328185
311297523
53772411
503161010
290828682
568283384
225350473
457665789
668032292
639167018
283879649
466678099
748083687
667684941
600083965
20418054
841022266
670625052
64265954
257496141
603694154
573651754
202409137
89988769
747966670
659812378
63700146
772011632
71186000
472901667
189261000
910846361
445976232
337358245
416352599
241281548
690400530
679144385
809814933
446851240
143107974
621378161
292365541
137099866
939053892
432374478
551687619
149519842
202435341
222526070
293743916
805509518
184392429
37450614
545227019
764866649
31137494
763659741
356437564
592039898
969842346
833074206
682048822
62102361
310704727
965043717
287420171
94060226
818992520
272720253
24318695
75516336
65899847
595443179
874068771
111299896
795654823
825910693
808819992
374360747
853530019
503004946
245178375
895857072
843536888
3720004
265060503
851901169
897251831
725289374
338278295
318474216
833774980
975584423
663130915
499902809
657051893
447710269
664816136
314166282
828378239
252325521
16906248
201857847
880872291
576334283
679739217
623457693
187243028
311908047
423808629
17277234
564363602
791714205
368578934
863484858
820751551
733446990
772117453
475617188
755834319
146920001
365662173
997340490
416343476
345633958
974030150
244502070
841060447
269509108
372427884
230114764
608255359
146435837
67696615
486697537
353146017
815310438
742251296
394245104
144397432
809285388
926291600
997689472
233286700
783357092
166350010
851286008
56116954
574184104
666284319
552093522
251534202
484343152
149923013
168733853
728346649
707486219
182804430
736415803
410718044
672469264
992266963
708020864
687431869
948185378
132196466
436962749
22608420
602996064
391334870
551583795
101910746
254089727
475961083
907748144
645388546
485411624
566357917
784298776
511006305
366698622
25808797
508389178
445300266
945257359
607529473
56461662
681067968
997583545
336744871
502788956
835818272
439343980
228559256
542020478
304668710
679152909
684594989
555601583
48037862
928372014
676517906
953066733
516809737
283350324
935582027
31532037
318683638
561282571
94521510
586930749
764504231
900850307
414497850
538732384
401029489
246174762
588998040
112059578
976669129
149748632
934067123
131906618
541864940
223205603
374512509
992294701
97692693
195385547
867488244
558375012
731917568
750717121
165021456
881413724
76628774
724772413
986004329
396794531
846381534
465705657
426966333
366098770
106668769
265367601
696771476
377479630
920764329
639004627
87448233
818748206
743740404
316296380
440004510
64028728
652785658
723401379
78011671
61345428
690213972
204502028
929224960
478535862
596898464
358933410
709665921
111440653
705283185
147243369
843459000
925109722
232101369
165370477
22202572
187191430
129844350
771844495
267460672
382077345
890428408
800525027
979467142
800655729
162610384
559453205
166491417
813544049
410718044
224701988
414452213
166817668
142011520
451970169
278668110
95794981
184917198
173839393
509477460
25902950
217566994
552372329
645273350
891358404
848371128
500921833
104761121
615051366
104761121
736415803
299821058
595575927
919252179
433932701
812916009
974825149
507039833
828228072
324849589
390959079
592436481
784997553
337849492
392968030
108717211
977550384
610061114
174789550
7730475
604354435
511463003
59814481
137476150
312770396
434335106
454288965
418296352
172809905
144559619
308195659
530673164
35091348
704474786
73044847
805599668
233252873
498935947
278930819
775167808
958680549
365034410
691028990
954677194
487405039
871763425
442133563
935309849
765764041
881629240
459889794
136855711
740453839
581762681
378165863
932859101
556210570
824617858
438953321
757488865
36992019
550668578
20704804
654316153
802648366
856153499
488683252
361917019
761382136
422222185
16979401
543789363
862222984
178722649
184565763
918229943
670964280
141831632
713497385
168480825
759549875
213382570
98260125
82198092
817313698
808153648
999919692
906950851
489607397
789379181
449868397
788491321
677290987
303785170
949401589
85770832
687813219
247948184
593408905
539697178
555561518
421818810
247872102
550435083
879420605
329352214
863571138
358835848
4814159
62597997
188206170
457993925
948643603
579047747
639190962
933900774
766735326
310593565
885646913
432493303
931796585
906702010
728714132
411986610
754412086
222917505
875105274
668137357
613533048
729425231
332968178
964239611
530632837
416917540
420932810
963399141
530677145
99261240
734567670
273630020
522661288
885466806
476515184
321574309
209921702
789227808
471461205
564497947
976670671
48204134
782131474
456722591
486265587
820106975
212296039
35189321
990979184
864324591
995130305
312314758
917261567
449836013
782354064
265676477
336694537
654097799
144390056
726948253
984034541
73247829
578350320
261968089
854686032
100849475
910779649
479700787
504211176
754198666
593254127
673556388
626642696
826081173
14222372
655472131
439964783
245042432
869856246
702127330
246684997
425258136
661492462
622468031
120062184
733357926
330149754
249082925
726852416
254979556
384244247
407512380
120686394
278071780
918052213
505625427
768732342
44947957
641287992
150162036
514525284
208820230
587558098
734668769
582907145
517682531
160476700
224901032
964896964
338964720
372607466
759554970
522463324
284067511
243213597
70839690
449543482
996808659
839506549
340068682
390605992
746522326
570340202
8003169
422618011
180307984
355807598
893710725
169864546
637352613
477357917
992578969
775393812
689279951
398108703
439792406
386897959
643170436
494059305
911805798
19644413
642306355
931619520
312229890
643643117
331593753
492029075
634527170
699907895
49550849
440725508
259596614
438760764
471559650
885466806
887669512
162518265
596405929
410256220
661716421
595979084
78087321
278524985
757225644
87613759
216241136
984912155
435657901
101717765
209073536
120538191
695370150
884905916
901828459
668498423
447491485
179390506
37292033
986187867
449722416
271251827
769770480
53476578
770733873
30007658
387721143
822223520
687992680
439850139
408898237
907192159
337312725
823562590
789660064
393081309
549958047
48430421
757315777
296196292
938942032
158501002
825567597
588940045
913765684
344695598
778344214
676149653
125537339
509281174
277422040
516922527
251385448
130659156
515511665
586146420
691105889
109045819
320587659
578714257
826110176
317189751
145295245
293579001
105532841
78837777
219051400
401328886
230183920
508280935
315823819
514703707
370592130
849070640
765769095
248219767
399894458
906101929
865986536
280507130
128177365
807580002
302876551
403787380
933330169
693428252
410211587
905855017
808965516
964804921
549801446
217265205
218151612
287651947
450080627
44957225
176867426
448299105
291183090
356279663
311922501
557454675
778642255
766505405
201641302
321193288
152528637
953078396
192005235
316518596
51570411
695964138
110877040
817582183
724719534
852467275
46702842
714712122
266363766
972981387
702948700
473329780
125482293
680725510
70382909
366823644
286590978
557406603
523516734
667380185
493689250
744532619
97285606
483804969
899454371
704439116
741602322
713048028
874833977
490438791
649772330
528226700
154748843
488057787
553229469
253764665
866911403
615555954
16701686
665006650
421861327
818876012
138105509
807572438
909614032
214661959
161680483
758022405
765146747
40862338
16487688
49253552
836157590
120062184
366882636
63976556
239395176
73414610
72789582
165541257
361871263
515089195
802962984
818030749
844721198
534829848
849944702
483848737
24189677
438548758
340850682
803495489
72446835
708603691
607620210
880731399
419997103
762570043
542404374
304215817
82198092
128859497
811442946
704631196
213676884
348768193
68941044
920299570
563611429
853329840
154160655
639959669
793576463
932133225
37015339
31801875
485957041
573459970
660022732
506552998
184372306
684217872
476979709
587792257
76765152
965898262
320516786
158700271
841718436
693929335
546920145
144269369
923808305
902930894
808136246
974984931
287558007
836126266
375914462
843646773
172112438
135594969
751225713
786856565
856338447
458167599
586897727
153605302
260338752
273185314
676236758
503550767
682408902
537160528
3481039
424003097
801531775
52949227
418541148
502519961
49536749
441715060
627887842
775531060
57961566
616308175
527258889
678885661
536460258
158430011
155070928
367946839
693470856
375465830
716194541
27405955
485699114
616427079
756526099
528511853
377067435
523083818
870844824
141720995
415277197
795746483
796704422
44302186
860015088
91412624
362206926
673088765
544302514
652845529
234107745
602136939
953780766
827387792
896560248
489379603
825176885
612433195
423592534
898395419
533303820
910807396
67130164
213016823
959318899
376081098
907372314
833413534
885256819
785680189
529936025
304439107
256183990
160364147
24086030
51684507
747709054
243011833
801211705
100349360
312322700
70931424
899798979
384108445
126720706
175548680
333338822
452395910
104460006
48165701
686264640
443047448
419125994
503090529
430882754
553069493
289053230
108057056
164413899
261907196
993813560
24022831
119390173
223980718
761502763
764405184
576482080
875233032
746320482
514451497
536380294
488042426
743044256
29286381
595757120
66662591
955217024
5937639
260983931
663480073
359892122
974040602
155071519
219734121
988992115
365464465
9146739
154112342
206296994
834107656
825137847
440379675
415591070
625737518
890484171
569335979
896382466
900989174
870844774
240991719
622221501
949292644
490989411
124543189
406673262
58021678
216823867
2121612
68658904
492136944
598297213
650283644
667448332
269415337
862776313
22151094
93977725
309751493
864311210
960852964
711016601
259293540
321717885
524808003
825955410
195488873
877901133
883948399
841988101
540564967
270437479
711851659
338061682
188010318
264406243
696224481
495502827
95015996
90501638
284848992
241280373
702479125
838044852
821506829
222758558
638285867
265705337
404995717
690652397
864802472
544961201
76732448
119105489
58887282
215365029
386543559
201246383
750388523
324681912
785371106
158911616
690729393
344754600
536989081
142891112
741163244
489446875
459359650
804515074
486946466
592110628
753248745
11905146
299932735
823417262
561145847
476181423
11222869
135176440
510223469
333307345
539173562
307402114
64231823
600538965
175582650
461562125
404409997
134169513
415105633
829759784
328674243
201153067
322833615
497452280
372330107
919750795
135578293
563005236
4410959
752350104
916682413
965544434
457157574
8260838
768071409
258483050
562956457
779068810
170313031
187575681
354605572
740287153
773919027
80037006
567520555
420335212
456641853
434248028
540418908
929109077
20086793
625208464
364303842
895284949
329571549
327092811
199268613
72702772
979016121
907922910
320598718
538443859
982693715
883624604
122084552
520701477
679086261
384230089
410176282
698070291
380776680
274982389
577916865
595403967
698897204
934638935
318463173
712121125
523425023
206503081
447407805
8036656
403015611
194226211
281495911
639386567
40016137
482667758
326500197
678975870
356740417
66698547
592044639
796022289
445638692
470861747
743024101
572723474
844293841
842448137
90643296
920118082
115317410
295907521
193627320
365552905
256795217
638676280
532493580
72348413
295269278
193513883
161289457
25669695
822485808
697552611
938922356
865756085
312773258
105790796
128360116
436857703
653669618
364374273
607312321
344963732
789227808
460146114
73125647
89076939
579238701
529039248
122021430
441880015
164660843
384611572
5033448
909410982
646679069
363247148
372714586
643215758
267651917
409038768
338033049
673849601
467038381
930710670
855794307
650925756
968036169
342224245
719633453
479850512
285206219
520214508
68033759
787733569
385797640
851598379
93459712
151903332
537429993
870403480
785723158
813673611
83974298
391208047
221375121
387131856
811358756
585618601
419056224
641990208
896927978
620619670
211754142
718142673
624662183
995358763
905308386
782085716
391065738
628910188
103626541
93353586
540610859
560880894
84825694
863439070
228716716
754744915
526616976
622015438
45235879
656581866
217786151
801646877
272012953
72954545
981694015
769879574
827620941
930087483
392438970
65094170
414684257
547722528
835795290
845745752
349264098
745794496
385361441
852077140
987412544
794129029
834487412
94436077
607453514
192168595
173223013
407218053
200067230
788252050
782275874
513212151
571252723
632335116
247191193
46244148
13478668
912518156
961141619
668256797
99735322
501640186
785945077
989995257
375464786
869300893
340785741
143509815
224641936
553292100
274280227
863491291
535532906
893689468
457030817
247999180
994869039
368722086
328906273
80440853
372381932
166828211
338942263
538215376
151711526
996725032
739646345
359583467
709064231
570747324
416566435
550493413
974148436
996603598
594363030
279606264
993413042
679858164
286470282
95583843
609923895
817914157
139757988
671107107
43998923
320826787
428160106
716780976
811888927
760679510
147178018
292274002
341327830
650983012
849585653
986033678
940229067
226551500
143695372
836172466
539715673
501681408
227675788
595233274
467783214
480855511
525947879
407688308
737928940
507147626
2386142
115547015
843986571
170792367
642332032
701338622
49462229
818235670
221501708
910645996
447961456
222452716
534686770
521719809
218184644
41887962
153413531
462238474
419127825
601994286
213144312
780040341
587399455
700644624
144595812
102491684
76759063
88374946
462164878
575618136
7123465
203146759
508503164
725422552
811944586
22050341
255856846
769770477
432432565
618637574
504524591
968843236
737747422
992031436
679826826
392071389
595394677
189439627
444149418
703382647
178993589
644549148
853066623
681321122
655304742
801543698
361655965
463979896
840415995
658191644
111850040
220849578
130549217
322833615
363290139
47652769
611809100
936581335
756342004
715837033
631541243
578510190
663829449
945477872
255092416
531879980
613748647
518518838
699751476
521506029
184289468
123347080
859416648
450885262
969258453
281624497
53649157
420813949
963148429
785668463
145451265
685807203
168733853
550085242
109726913
168308042
547530464
350281485
961884822
73162156
840444418
382910067
2912434
763113431
133062225
189086016
958101101
930043482
370357512
287901171
981672542
470462367
416609998
609754006
68241687
233135708
32140578
948326802
597546232
104089837
493605493
162197173
179894421
740546187
801185902
854203040
257175472
470055103
136073135
493836974
947263453
755760607
826466863
457915797
861250893
238897628
420932810
400458697
323031029
924758323
743791802
146121239
150380001
931847353
963301058
702181298
858984656
842579015
877817441
300520802
668703430
448611374
35481531
748010610
121219627
487015076
184703300
104720986
906189698
766974681
753436012
977150715
968592624
524260599
465744395
861972510
651330582
846554886
309776988
103326176
600161413
387748614
974778367
138464537
941926816
595194831
566077318
585393690
437966848
536962687
441963167
473300529
476289173
756762439
931459530
476159923
417668739
682050020
732468469
143135739
872523865
528321592
97079986
831344096
836767585
471167609
841748165
860614887
231325818
142714069
715437380
140403388
5300721
584052897
610634310
730171325
615637297
804337784
904172139
97317791
918199213
892293936
640747925
905905669
53449930
569891544
138312691
236341055
599265124
524670534
760552446
162468090
666740461
612401232
379402114
788093212
397162378
270405129
495841930
194780279
955217024
412889684
613567602
196800498
104176814
140681575
305260952
59375125
37776997
780415132
601461492
245910012
989665384
585547487
260888239
742197730
349079412
518691637
880459502
886322017
194236966
819608862
339878834
433301028
718032368
432063544
208291642
820038096
617091309
397287680
895857072
925538319
766469322
54941331
899288681
990466033
507885231
290709331
187749666
348199173
109169511
940047100
540133460
275044906
919468668
903074669
708743878
89610449
591238619
730484136
164541796
787167862
925562345
956580354
769770477
645116386
845903240
215633590
685071323
364064325
14863248
943937213
668307765
173427052
609029071
240451065
339537527
132535172
855492565
194091101
832368111
738871653
657342214
191930678
126996769
305955385
619697562
680872280
35578345
916255196
912290515
41841199
575095916
91836692
963647228
647221064
860108709
243844617
406019382
337653408
415756634
207676948
849342642
955248426
36528463
335321740
900559942
801646874
9146739
474324812
127144039
529818591
307774185
554603270
836425186
140680620
684477543
538529442
559002773
348056767
124712438
901535977
92618386
761117444
666160291
414035276
783515463
727618837
358299397
8001425
450182450
978947816
320492180
391648536
587988661
604240958
203892051
640706820
627059092
558412297
661298629
849110225
650168705
587689063
461092559
490796908
902382559
613469163
664918032
411349582
527483577
913278798
805505515
283998860
458341209
514335032
287196708
382306293
717340829
100314907
247999180
189797137
969341562
596273693
33901561
80468303
568451792
743067184
581098489
240942980
986517195
954728651
87165702
823191069
808105352
500586863
377997227
682546365
175913020
776988279
741681769
489995394
632624916
968340775
794525479
354506105
281719682
390701958
819931750
323774535
382884553
842840127
712765294
404165705
349589624
27040850
717112185
527095947
27326507
690743814
318681658
491635542
74759922
132039088
594691472
348200662
477775235
431748388
167101540
610185694
109352946
202740677
730593557
859564692
881413721
799355922
23112687
452626693
952121987
554777176
6318329
856707404
728954361
25074583
424369641
904223179
486610283
148313663
713388684
417279832
508779692
311395030
880656637
707995117
103536524
412723949
908517523
381785535
782186425
814948948
1526560
333913554
853346723
469535761
481428152
630815639
450708931
977150078
432541476
930401974
844098292
764198743
886962902
657526428
278764717
426349112
914274609
204761102
206075805
783709223
978521455
253573814
897894801
117520197
482387799
622220120
298871223
436226532
860047808
890808620
735223805
55193625
350281485
129621786
181863213
714503238
257665407
460646370
692081863
415232632
941942207
451732385
553696982
571630180
886275092
370556587
805641508
220907438
922393947
693109806
335283103
715982108
277845271
885553646
255709285
668600156
756711810
465765906
15656455
958849126
469373710
983805117
537990199
330734740
916870490
670302213
523622506
96422447
502914598
669164071
927444289
128849338
962455646
886563739
577668335
473384083
629085704
982637568
667667183
668771178
534830883
807032698
725187545
398640317
318750868
794798506
415578427
542718995
884299481
964927860
156341440
797378733
683889305
124982817
872660943
96491210
47260157
108943922
314498838
656718507
440247064
824804802
601204772
334289425
152630477
594092137
547064729
229440343
935524113
807394818
280160094
385675509
508882954
262716590
77949549
405417470
952880427
339023636
314011473
313962679
857194202
203151239
720189329
502206783
674638336
931119979
932871573
681738906
212790215
152025898
256929379
260550412
142310337
348201606
81739934
844376727
827793631
98918199
898615248
731795088
907969169
479982814
909791576
932859101
490665460
810681378
594569941
434681719
113241174
345814620
655857590
55629231
577019894
108081201
430754274
453204371
661397903
254060178
656686988
740457963
23858400
35056436
118411177
930571425
466843983
387953815
87158677
302227621
516778540
997663936
374367095
133963443
18354908
409922152
215795133
590329882
272023215
766092454
783398482
320717755
34379726
534386437
369830539
800337640
84180355
364247086
698890805
23163963
851040772
118703665
49949627
153676760
150429219
948214346
722547993
37647060
51058135
937150948
494684333
957251802
706395415
191593830
103151155
164757502
701186344
331156484
563688500
507193541
470505211
814504655
428320658
639353779
961957315
363430175
356258547
487624816
344112959
95580054
301408300
318935895
400423460
100820652
321978348
728324235
356069
313318897
851135842
193725251
81575013
695631356
568719162
21861370
267085705
395975200
389907688
590076261
101053238
743404817
727876668
285697210
656439511
718281604
285718124
394750520
476978665
903078673
758933755
955447223
711954351
687653565
689442235
811566890
322424597
791116896
62979646
437493798
30919904
445249010
254435053
676989895
335869115
525503730
342641015
943034299
819516352
68604698
387159755
737747422
707717134
647720150
993456858
804560008
365630606
202453086
441786902
453731501
34127360
637406493
643375731
86636051
890538592
916297754
839085943
972121792
613144525
969644268
218810397
14656435
119137007
691871347
780040341
512225997
893626916
56116954
954435507
663772620
380852842
684496
407052481
106857752
516406781
706473197
435260882
381564552
594937703
663546913
635663899
985025750
456781346
218865662
32659275
981805497
752807295
849516704
438548758
222452754
57985659
563424657
936177150
140403388
106569754
277018383
892659293
539068875
946682172
865969638
181080746
617634420
637082858
460324777
333760627
958188588
652557013
980799032
991802614
381145139
55902895
765167105
770061246
566037288
965370599
19826981
232915532
428558195
963744225
551117706
41099070
611524562
439727384
275296159
555276775
744202233
144646018
522283628
651392617
247774313
392584290
46618389
599138988
261816038
278407194
943593623
912455621
745662230
924773130
652520840
654016338
110750855
83461012
95864446
651636863
129798308
487507477
54249366
130395171
233252451
937034355
75336341
506967020
302433794
612241023
501681408
991799959
401209188
580813676
631792714
826081173
798480125
571770502
242004635
832340813
799864850
58526282
871133866
666252951
604059816
617382339
421919170
500763009
758679292
915379198
764998055
275664465
124777936
494998243
373749822
891595406
216496459
847351101
809542933
417334744
611268568
772841258
166427927
891090003
41088587
814672094
599851357
556642398
428187578
425020865
897543089
346947262
685616860
141332744
176869579
150880193
125085264
903010824
306200617
754633702
477855035
269281936
817205361
835146549
789255496
999615083
834713292
746776347
453119777
504753159
635079795
265490614
40965372
475297915
759230958
18804131
440667724
656110807
984106577
389153275
954435507
290275223
323319214
536142879
734053094
737420813
655670893
17783225
27428430
480786153
513788980
44298552
849667559
113857979
201151316
373032642
702931170
773982072
242157933
891579038
33901554
831665245
178021818
117072981
669380515
50787636
639030915
679071138
872095439
170995420
771972528
618112782
904844535
601720431
305463129
34302350
183370382
985692014
84134315
49153226
118439900
817740574
451882003
320077043
873849997
876881965
440474568
757969174
516092725
157427086
865515796
110980433
121821201
138944075
597521002
967173618
174363534
638433665
987492435
260322803
644862757
634685200
450080630
296912940
397701272
646448351
723506179
720189329
772491729
298497308
347392795
412593983
315221111
143551922
205128111
350847876
118160692
805009233
813974890
980341431
381971191
592740539
467612289
440725508
576917733
958376292
202649264
845771568
515505780
565941414
813448726
652501287
981340473
57777400
356391844
661063277
784123872
22345083
237826946
472914752
707627877
405019650
901641305
994620953
687786570
481599218
318982095
290816432
320587659
70629804
141862830
905360042
275905435
84883973
462412619
916835356
362044809
193411804
628006750
940140371
223126477
457192152
183168137
280489609
507092521
954920518
404068124
267478540
266870284
583138782
849140599
920685790
567997715
485380940
444257983
697546641
825217769
790214933
457666904
318159442
97948089
880692067
498560180
262283257
194217246
392659913
744873480
675742622
847783680
321717882
548798481
659063816
504781344
454612771
502298190
311546316
594326859
669585817
841876153
723745715
51304566
47863133
317740076
306423959
106357548
54675999
465562678
924065175
721262687
844444359
184826476
671112092
839261691
2622890
17659521
537334766
485271820
189568121
283350332
220907438
137812070
459919705
859770054
995786615
450519261
481361930
690958967
952281295
283485562
272848501
985268703
118726670
900989174
125435014
706818227
791598498
342976100
457087629
57527792
446658657
645561469
483571048
503022394
61742976
798077449
441963167
211179338
967622359
433917897
36533495
77911188
940934022
300693137
234710421
496273114
657362777
443080336
385036504
358364072
469291965
180817765
271697584
956525976
962528177
727673463
618137339
262536570
977646764
468702050
735187331
645226220
515574173
894689560
287746369
505378940
176634007
196804368
461404323
510116720
562810418
839653083
39348240
737815208
45229136
665191136
120681192
489896627
909979346
412898755
575684944
989115535
649181033
592017722
626007966
374203361
125263146
682680315
655769619
822526750
979178478
270787198
805730707
57640983
188346457
526791765
965867102
67319590
771501914
664918032
232745952
545205356
551803124
72480953
915836675
388823765
724035066
109882651
446661849
528243675
751781069
963814288
138464537
846040901
645195773
772823235
734611326
255575889
601767180
834603418
452770615
205953589
855359962
753643003
854787757
535208594
556139887
841604810
98456170
544501352
745863378
583403563
591375520
717586068
192894754
740558064
178245370
101025282
843459000
598301071
858181299
151818207
880689797
247965288
846402548
164476300
66223146
864013415
309689235
853167038
623896861
154191931
179325009
882083792
959322018
890900030
798672243
388290791
78087321
906996220
698388399
237921429
800655729
49867662
943949803
848106295
422778728
198379679
842840127
127290562
850938199
134111793
759493325
833933254
840362729
579654044
601217640
302469969
734016814
26945961
551663059
335565167
136523791
743389250
12368924
110750855
889547766
707486219
200051243
660880942
393477522
894624247
523036214
772290572
649769687
20005501
125361648
990003232
392085484
984073586
620784982
658327368
601956061
187971779
22065003
524111378
121639066
100867152
415066275
110490826
445026483
528635302
901299047
72402639
996023785
154539644
716283132
258305206
855260112
515816995
557412184
687256224
293498044
120651039
459277852
614313801
566254840
646717493
647709578
113347385
720111219
405863276
410594428
73038927
407384783
406672731
574961479
587012220
885523360
571754877
783647779
513613966
543539653
313465802
218743888
178086398
491280901
972092693
50874487
753596740
96085276
601353953
384230089
933054396
344929719
946280719
236737485
279279327
794836750
957123398
512554031
985025748
607301924
330812072
288426198
165765624
52880155
586329858
438787358
652808165
172964113
94204028
876767247
750101966
678555496
855468762
954947887
471135720
394271354
706898752
747317164
444514260
538401901
22694423
157618609
354114691
977984240
358781007
68427509
698885857
784718437
204685479
290511995
513374166
173839393
525680921
350288792
158040480
223429922
695605759
933363915
366823644
335553821
856739886
85877281
336001370
854283089
846420208
593543113
520455075
996039496
705440711
473956413
775346778
995431843
3018701
328290934
107519252
73162156
728957868
61895511
585126852
710822993
248517608
321590080
526623606
267146180
138280610
239827474
528945201
64419302
316490978
439101196
172176512
205174134
409387516
649760011
561475083
35996337
563041922
46067672
190352292
665904375
440309026
575884564
423708398
306360359
953285567
832858983
207903786
205080834
265748001
50834677
650711861
383327822
778663989
909535823
497425226
465488221
809632142
508566022
757131807
378383975
53003767
947231470
919429243
53759578
592808814
440042678
72016593
830600254
292183099
283552997
941842061
953054753
451758521
800080676
805333191
965686113
441560451
749075280
105931521
191589875
444884678
17138717
797772769
537274549
549703989
525625671
524778576
546070713
527773084
292346700
866722023
581657395
657089011
689194572
561524224
604266972
413337349
581142904
912927452
211300867
228557594
528150258
236974933
344476499
709663441
23000278
373633737
509121452
345195797
506212790
828199798
497907344
49973878
573904240
166378224
193227637
410746678
365842815
495053244
798608126
976776367
930272423
80358985
245810980
85321037
530851430
34226759
800649831
385807892
149311100
437841811
918219280
516044901
467240230
458148878
888402491
672678770
90672908
555165439
400140879
717671691
465329311
707331915
589143148
872686419
512944628
550646759
44194245
657000861
421748719
958866505
465632312
141175196
825818401
400862367
344188312
164140090
293149183
254360688
501874354
141601598
410143728
646162880
628836849
515574173
162340957
276469645
101683192
975826293
317562291
552925279
739781995
593682204
309181058
313374037
727306355
52323075
735730572
936795494
674962107
8612787
88707762
52057018
415232632
326718736
984073586
305904551
414392529
739164628
500113373
714748001
560261490
202691775
428512008
540469799
139787915
821189856
702931170
880674823
351711056
796258338
907775817
716702762
486265067
658860211
722265311
68374963
733417100
3054318
822301700
357575162
333496291
335591631
132330231
222574488
22303662
462939384
602356945
177830179
344616730
144678820
989356341
523970195
349459019
797011106
501989599
115785499
535868065
679648188
495964329
512000189
914384302
287049250
896213520
491821734
585656708
589601408
261142324
83222697
852303995
2479328
36450043
239297332
514224509
147737421
238057028
784664475
390712332
27994655
162198489
557516232
363562411
182837611
597138615
803650933
910200272
907032065
221233796
718151150
131667548
542058488
58038557
657715678
585091272
477127718
127420748
21031185
139450007
835971060
111730631
51760562
117141088
675710962
268174644
189037971
865164837
214948810
252105589
194033481
392664627
910192925
355977178
740725087
307488362
20865138
755428347
427036885
122609899
277901041
594968599
971133043
26952720
313321349
863320970
820303447
28442369
331404279
854666764
233553314
135408988
395661569
424369641
413155694
229189703
950501588
809927674
693002043
128140734
848243472
477545604
644962049
881027145
55967040
302120480
389110838
212053682
577668329
792910060
823773631
800864317
885196526
795841298
391476728
780456113
796479637
974490819
264670913
786244251
901850483
491257067
472402532
988476748
916671693
789059906
629284279
946269557
808344339
188739816
212795891
549772544
794570842
901452340
775361596
47325720
418847718
828062643
911617609
9579111
895774071
126137368
796668372
267625682
840117663
441862598
80169860
964305250
152365826
187239048
823841225
71672689
263174156
982621780
903311862
922738142
285631543
304047960
829632472
389816898
493994369
774535814
523429077
874443090
693976877
661882212
978021147
521353303
931957825
615891640
108227594
32177585
983754472
68438623
176611853
637021713
207060834
237815885
585901879
340909163
695381041
545953698
394154234
7304609
804139924
582903231
844846472
695423029
651113780
309181058
806701644
926212506
274068066
871021275
163100049
99422946
451584869
357037541
72712351
600053022
43653423
866316733
62742229
830687235
905634124
686345020
273711420
332631885
86298335
903713117
543284692
242072043
655919843
211436492
45075695
503095933
540396931
372122058
167257100
134062471
30511116
94680328
202016960
399503567
228637593
536443704
924280382
466716157
278449613
380002317
795327413
909476793
755267567
208427358
854257485
633845146
953777848
289950057
536457638
665191136
741225732
888821989
547712284
727466334
721844570
857472557
391065738
287809069
810336691
816726191
790020709
94518522
786339932
563062921
269936878
886745785
838993476
520739292
575126375
511246837
468254301
231711016
44810776
629165783
490685040
135518400
635236320
941057858
538390001
23770599
277217309
260601771
449037594
653887062
468319418
255585110
636916420
633176042
415043271
617320335
553411860
307890480
58863462
237610630
612581141
668257388
313265295
92323011
55785792
12391255
208427358
392386099
101258083
802212891
990852114
744973972
171596848
704248964
125035938
189945511
69538615
184703297
349459019
892065544
952641760
532344095
471859682
412473585
593809597
883725200
31346962
75585747
122926448
944763031
276261688
494390631
371090010
429297323
919468668
906897520
502024026
469526947
34042138
719701170
657523629
970848146
120978460
145693079
944654694
620950627
817274685
283038660
120987296
987637194
745190884
979340244
103626544
988298945
989305980
216171937
902597896
967566938
452761566
426063787
386246018
52530252
137000106
498560180
510581278
665567468
395181542
814037455
233195949
735231153
543679877
471057645
296751907
352214394
975024529
154969807
229431738
32772918
470800521
118758546
45814228
792063295
809840767
541309878
537758139
651523448
219524707
939274056
887122342
279394314
724472509
839879697
241687610
557618933
561978731
240281532
652501629
400035143
608101044
280487240
462985594
967319437
476289496
145098620
849283377
319664934
340898484
73606156
911731815
522137647
656101019
423657303
923512015
181233025
707457194
139449405
677612450
109370602
679733449
292825078
791459976
656042957
59958180
661033096
928537755
133869736
688935350
344290599
350409600
920868523
987964795
664641977
698870480
406120640
339448073
762068590
809285388
467795941
653565364
84396932
557236895
670860730
123935795
138162889
515511665
785766547
648567637
350281485
695842994
786126346
805829177
62082462
295386890
337879015
390532393
476610112
298938748
711859159
930094943
76913288
797664759
691503305
540962611
978228866
875326674
734879480
419709992
482176420
523325566
121180608
228582226
115657144
123674423
494046775
161954452
409233696
490036841
519006346
541663063
797140767
821772445
456109769
861276154
89261064
178514386
304723551
678401839
438699470
220917041
266711897
101834450
283002011
313003984
244969013
674724347
43824626
154523684
935775656
857687749
51816743
70345256
483081660
940249352
198570598
113016883
644297153
768995069
599276495
608646794
118240721
117996598
800531696
948785534
933356722
113915088
278581764
614510558
481433658
632863557
87079036
386827968
80037006
601363004
965624618
902368183
488306146
395638913
29528111
275501216
949979588
157728303
496949616
594010781
221690285
408177105
604775258
638821811
607154842
890043655
550042127
414628441
894615690
313974194
753234599
332944104
230020354
890812012
125085264
701858130
704761880
680744081
247732682
864377829
598873861
338745494
701472492
483705996
109707117
944850168
775983878
213578405
463213745
12391255
76569104
609834398
329880503
17528219
336139501
931524607
481637618
279228786
807586617
889500180
186816594
834316696
861017429
826275900
248150621
211854200
871167942
1698424
70688015
766791064
163524020
354070553
178086398
900041501
18166778
729359065
718833354
739965910
248228538
24932961
292038274
403550972
407872737
965043711
268690614
189661095
357914433
214049635
131035426
664890247
687508736
287042336
415356978
389893825
616328687
969026438
32256058
638624372
528816242
245890864
627439020
898469712
74322636
931240692
405887003
662462095
965544434
178091827
446352686
742218601
149728869
186921768
707893164
188327625
492589291
945668328
616427079
468055519
93619525
245307759
7730475
515884365
564190408
977435905
929505455
679698574
463376704
95012300
39521434
435984418
900154740
289211115
134816853
916395037
409801398
212679815
160284783
135094997
453852533
959561872
879667555
152684894
277642093
553616266
884980130
534958991
414119975
888115924
976793710
610168285
339794351
115057383
238192305
805088949
125005198
801748217
727813971
836526271
851732448
926058151
885120828
545304036
80704228
356021482
225213285
752925385
953246229
623487813
198919810
292183099
356428470
828137127
645388546
93678139
702063674
911581909
353166494
989175682
812415754
475101939
819693253
295626785
69670643
982169022
801344600
378078399
481421224
720917058
691339805
135138644
339702553
504909679
700003546
228083257
52239299
922743327
57113278
717368426
814617182
661027463
467496741
590225792
760903813
433814799
671948289
681800573
875752316
950733294
510324490
168603910
863028082
108081201
524832935
834467139
256086119
60432507
54784364
920688082
923649832
145674150
366883540
610937128
195966816
992795288
973365131
304748955
142241666
174100804
355002783
895118366
481406248
599770766
971926609
373787689
581836756
526616976
32014365
929109077
421324806
898596561
634527170
323801630
719426499
998594594
662010144
122609899
568036708
324283274
672022574
946617278
597750517
461906409
766744424
713518412
831509319
312164834
58861405
524524561
32497993
166192740
968528244
596116804
573653870
579925682
927141514
482667758
961951202
694044976
829280543
706863912
507795180
690501235
953501303
222382954
921711751
89972765
665468664
830284751
567951669
983388963
940828707
161226519
300559299
924992534
362017534
511366540
50311288
887236607
182387432
46296632
127317912
122021427
815987104
280495603
374210866
164223102
414283263
616077219
436857703
267668927
935940267
242952723
932581596
594691472
10185527
820623
760752987
507286500
83000133
592284262
90144587
41663264
153605302
559297261
290753106
592308838
327504627
947549830
127352683
761385198
804200684
264075130
64265954
471644119
677628939
695856647
138115804
140611543
201101471
896927978
810923085
228390674
108328685
551430890
332767050
834249181
800982521
112403544
984245991
341804499
547811292
318935895
692054192
509205081
378079281
197210092
717794614
791565334
437738114
241759667
556820075
841199195
635309514
842259667
577541652
811436038
137828588
784301662
643692438
221303007
628704959
607089111
535833395
977789457
566986229
812199913
994962320
667237772
889058504
457536461
80390516
113333349
302443289
136263547
624985847
416438525
867349285
655526146
383564781
184026622
137413904
507380623
864334343
706477721
830653391
658888404
569893927
435805788
50201305
562618062
22315886
573168498
609917674
506044326
108516025
220944892
156838471
679822820
435235045
855823491
979000146
647125238
440474568
333829024
837356677
220430852
744244111
743454293
361267895
925516614
625855834
419643830
522677440
129054137
710873402
512259206
321613248
597758329
158501002
567613509
975256415
501578383
458103199
8593354
211646236
314240800
530030146
752608927
429419730
686969803
431073463
453851008
291211016
823054663
72678332
175962753
379747661
381843561
665270513
828600246
834224784
476596614
918977689
430730126
544941859
561475083
283398267
95699766
71820119
821295694
715687823
636818119
635670295
590346324
203838834
628220008
524026036
422759680
632899237
744186372
206989622
361515857
655961220
536468469
958455683
674875004
861747117
166816747
552921451
954674541
827327775
769246277
163632398
72789582
677515271
692126529
176983181
943891321
284026860
531609904
394878144
613066907
862593742
510616953
476095918
473914700
653211949
680775038
872225898
372723493
963523577
65817096
144503792
618610517
179541896
347836674
142002043
217944932
623556107
473963553
603550390
134728532
228352355
561731370
265398665
11117659
932299216
490949158
316648767
873406299
342606294
29801669
645147704
112646936
945552666
238098117
214337909
316518596
581280317
319019717
283117260
134260323
65786474
330706832
429999839
295626190
930740417
530673164
334808395
339896493
80987349
485957041
832026326
148026707
991661758
912050778
24292381
601279080
224688554
639433573
42030416
182483265
189638365
450685491
901106415
545956265
690671390
910753384
306844424
906824598
473544717
624116561
705922035
767596070
66268573
349459019
814104960
347312520
599138592
261540441
511695003
547479783
232827745
741187795
832220644
785988939
163902629
132981877
579404431
730890189
885690283
715951944
245833165
962053528
362654414
396766570
57423127
878902675
462368004
962166315
950277875
530874014
160853584
540967839
996888647
349601031
381814058
88986575
642815741
441862601
852602676
330444414
987490714
346551304
784701600
916781927
846163614
609069658
667545739
323302241
849327656
415564701
292274002
74078971
427175403
539989735
321562440
342536486
356388805
709583816
70202383
396358457
992664773
478074792
14876193
989197037
592843242
372914450
899451476
208604438
141289715
46219352
827308895
768246378
460486539
6022905
174211773
847424273
446939009
395021
464027590
680888894
755623388
280649390
803660503
613429773
870394897
848081778
468374515
184568582
12132884
958605415
635094508
127403949
815114612
985088803
693241051
901140450
166816747
736139117
982640635
885347869
499430737
382344945
297308577
164476300
525905380
567997715
567351707
356685330
57828573
647490235
86508954
645255967
734649213
939498055
670673252
472754025
931338589
267625682
878891595
661692876
237495680
850420384
911365442
736177967
127282559
199764527
708834339
773260616
510836005
723803912
433921847
339794344
376755233
481946095
176417847
877228558
78506245
997792965
763241819
230466441
463364728
979533473
12454305
295450278
978367129
576650420
739859532
890721811
94171971
881313002
943937213
1674003
280509575
316602182
734678543
173733522
93847981
519843546
195195510
137303106
829846373
17369182
144714222
211409117
71838055
359383491
765997831
348961224
9146736
966856418
965544434
192836332
370183322
830613471
520089263
535014306
103845430
860899448
480437480
356348709
480390579
802962984
514537315
16571128
440354974
951454471
947565596
407271509
218746900
56045148
224762463
789347036
676050912
14623182
103679584
598994949
767831079
622026387
889867247
195343816
909713044
927553066
109655650
985236647
504753159
162944780
719001531
638672616
730479651
297976600
9591374
862666516
495108770
852929502
449616389
251217909
294812007
233295263
805775845
871920832
406374983
723771094
923702411
442125682
41088271
296260002
107521728
319595482
911529131
508480224
962870992
679786264
579973550
223472864
134193436
267141931
892362975
141706707
775886285
817274685
305038731
138605760
433650195
923479549
305762282
509004584
378545945
281935846
68548309
440847255
704435837
920156049
411120855
731606842
420293428
361535133
222650134
116892464
857472557
827884779
485883218
736668851
267414925
60471823
803125565
355760316
243213597
142024575
959300892
253284738
903899759
18908122
42525044
314072842
326546273
178137820
16417619
607331179
731842680
667443141
331194895
334128695
162056331
323457546
296435061
788562664
17778171
15298589
999806030
221636190
202236825
239018576
535606453
408187738
338129031
903554941
865522173
936243617
188519019
933744096
303795573
555561518
333861730
989843564
602356942
133058304
704266799
209010940
374709367
622164645
217387616
191031788
931184628
850031833
783051392
34215464
771213782
130131382
368600311
312057442
134000735
539253092
668904548
229431738
978701137
451233027
983896652
374982356
632063740
132686212
357226386
809241303
622599028
697318729
121814798
744934578
908278658
761293917
522143665
471035650
425428563
835517898
920936785
242256030
815372867
475665145
366723496
669101699
416331041
559813933
581676318
681114674
354640396
14761136
678258527
933386852
818843194
932876548
603982234
623155061
57080461
841084489
392861580
741378971
375464789
137700442
976901044
412037655
166441265
766346372
281961751
96090484
66102652
777647528
589151797
849792947
20005498
118448251
444503294
161211607
562293977
226831484
493131912
978827333
757730613
92458397
311549978
514279942
437876159
715454623
885165883
536476072
631792714
567027073
866377550
644757729
236988094
626231004
622623042
280892428
927521727
196179725
989664258
591784056
371386952
979912070
376907585
823841225
427873145
441736923
555796476
855495945
904872104
358007797
696686133
405032490
526440047
565294300
946698065
459952073
227434007
449040997
906932300
203606524
319343856
402401078
717482779
404887454
909494628
385089013
842519003
629857184
217992210
604969316
335117367
388818931
725287982
665088901
540020737
555490186
239320707
801281060
936063963
703517831
883650744
593750572
38635658
736279932
702139833
223509798
807318474
171181890
41692950
294812007
68476738
609767857
700545003
704248955
234351026
102944721
545660024
992054414
175759569
344564086
392871210
603169405
990689099
748782526
418871741
767198527
753877073
546788809
203389435
403968414
287939135
15532904
347306586
542049444
901179621
273361289
896616615
789005006
577431317
216013568
603886994
420613939
305667662
493731172
42109496
248440651
911899038
300289790
234346090
978197660
715159012
55619195
532526955
327895914
439365087
927209008
480572423
613241852
477274497
710874329
803424961
226659419
375843712
214907089
558872766
294032398
735287334
677974372
657458580
410951388
832580963
362206926
222382954
311311522
326258730
8044906
485101358
972436124
623451178
461907053
160309930
604181371
686080566
534912751
306371348
477301298
929812
546863864
90378982
846806954
913896785
41616162
520544263
223946710
993660686
653308848
310510606
604196163
204273939
89883779
778144136
478755289
953209487
817023303
703521947
970157875
60618326
502914598
982479310
689079127
759495320
98912200
424061767
261187549
939382376
485757244
890558379
218503299
623889233
695614158
159671929
198869495
222991415
895107360
142731631
287361516
255175447
841324910
469535761
620329262
710884318
313224956
587808140
255389583
513822790
776360965
260944197
966269892
234710421
696246765
569715819
738090681
69517508
226299705
858981027
305319594
989405907
83579640
1611295
858563826
508219968
447542249
131051558
288725824
766268702
835375195
684208546
433961946
959488814
919268431
563041937
457346962
862450926
594445821
998020418
863823219
675742625
766185647
896203479
692781693
42920411
538164156
212801470
550816028
831966455
699830267
498644445
387784214
858574341
864956525
345918218
502206701
56214637
147856043
437353349
49384733
24155601
667545748
340387520
917698304
508697273
180733192
902772711
370214900
457640739
596175442
993921390
192531258
913008061
468524240
349732638
498935947
556864302
974968975
122491617
84802257
611560213
186381480
928066175
560638061
585393690
108050202
227689545
705030560
132884966
977090026
119267090
942099628
110557302
17602815
384743008
162666869
799778779
316712178
518909259
325539307
856153284
199054809
688635431
110827758
24366963
717324995
930218805
381953697
947689069
137963696
880656637
766663591
28226552
144412138
639139384
554853528
824965223
512689243
221433977
153067222
344604272
119594646
404713845
706772315
761382136
24953300
173223013
169129815
856370351
945228552
975983600
281624497
817626952
560652787
469753346
604329578
56214637
438159049
353033136
341584732
703886057
698685426
316358965
762438068
445964678
832166031
799957376
634017601
881528120
178839946
691939221
65294902
667160824
428831653
520828794
903659574
421271190
884129145
809029658
283595874
138622122
383535102
282168764
938683182
962804342
578017429
763879741
292251225
237697479
236465844
459979665
384729694
658223352
794874866
745494675
805009233
357884069
298058403
328298491
898793139
594265102
639247794
730426273
107398916
575418903
652107143
144701774
290826443
937534944
344231180
118839041
541330867
622276494
251008419
98918199
573457625
993456858
94747551
272079720
866523402
192073346
928424704
476289496
805744488
855154913
37880349
447480464
978314760
963246990
866564560
712553546
355986412
457122377
984351511
809265135
928517785
83241361
940858965
700022952
509602236
740977793
291681944
305398843
110370272
453829971
69878616
869815866
189490854
395511446
681067965
132853909
703324558
238902897
874474197
336661077
198931252
90296048
446862520
712301175
873470104
291309187
137465875
363033171
894817830
335117364
423891841
497516700
850750918
223105935
929822897
653284810
82106940
875928929
375619934
644128227
846894492
535615345
801236480
323382141
562994066
682173805
394472771
99568223
335281374
8995100
914175256
441520326
256739505
82234812
524168119
118520789
544904473
816701126
733624228
515225371
377913367
698637961
355787655
72877799
668684278
335068394
634431872
2294488
248289227
660806070
499755570
714415796
666431566
126406996
669208860
764401286
671494104
781291197
746132323
426756098
947437929
909244986
71120834
458399511
644607419
423618882
717178902
474903429
695420842
192572760
174957432
585138004
689806799
854925327
219110723
319903447
596841223
615916832
971671773
978160216
863836701
844846472
520012856
87353816
601905868
292382072
8614968
245661693
439322599
317307390
398928671
997679755
937042352
383113024
812017157
390560294
641000801
193876236
780012925
535343407
992639639
794786873
137830620
246720153
500619496
499107315
793128908
300684933
51245843
663072010
205836942
937060973
599723034
282695717
223979259
467016058
872527594
450775205
919484551
867453374
315476783
911176107
404384110
289950054
619126848
724787616
986195132
925916862
147967836
44192959
484923063
585656708
865013825
816221624
952122872
639802102
1397634
254173727
129505797
652576614
426152213
493097567
28791448
806573177
400812653
520713582
834185580
200655037
171061708
884715951
39176379
39266243
940370588
831134047
868710970
253383117
160019031
472379080
478059294
734611326
625339482
890567223
937781780
799489611
154725090
381700106
454266324
139988558
387886213
675088429
462148788
205504469
531841394
340533985
480120624
515378901
838812619
890995761
670611462
606280000
786117167
743835417
50433577
308056828
15298589
177841755
358731105
961233890
358952890
119606797
22391109
356734766
58379273
765131110
14207258
429922846
505633324
214084668
170556235
216187240
183668724
602752204
718732695
438873259
182483265
461395744
799941376
917285933
1397634
513510857
681800573
936581383
641143764
77059814
842449832
37121865
512002104
685807203
138573755
51349956
457192152
937614610
438375805
387696907
112016654
157898013
482437200
241060244
571508671
851856908
246318845
474734972
120218339
776429414
807575828
379366483
257000719
831455159
772472852
499668610
492603006
262672232
25901830
614416321
403659238
613981768
197969739
116003109
825998371
413125427
133662277
265367601
322910565
820633964
525335804
367637481
169578612
313202223
362189796
124754403
3134412
52866739
196490607
293461891
361922320
750817594
544986352
181327208
461451585
992062600
644426359
328481294
847802849
354416029
5152902
2192233
792542243
62802472
758628944
365288063
426652356
958546436
42030416
636818119
715817838
825383267
545029229
45495336
211577811
769488819
423176985
614898894
316962107
934995603
56175919
940879691
661773521
223461257
550665585
415324840
125572676
169930356
726935084
878130065
673374328
221576693
507527239
916830450
253421758
835414954
309485513
831285834
528291672
410983686
399610980
244975807
232061272
653219935
378154465
48914967
57162373
982407503
446765405
756788807
250254329
654296397
783444400
953261445
253390369
657051890
423203160
815574699
105944704
436232978
210457769
848147006
118640845
655304739
685677754
951602532
756470180
197590772
218467563
560638061
691147555
48321382
267605367
476965357
716545701
86680430
348650923
774096890
465153469
588125027
694360308
461863500
325789911
534234082
986581230
424671322
637082858
57872711
447407805
540283860
3457675
18583153
750931648
892835719
991919444
59423641
365007631
499783139
712565495
114344871
365965770
445638692
256689225
326000391
449783901
999478019
342900630
811622904
967622359
166754399
359149950
521158284
322203700
977162890
794571005
622412459
85269297
120780989
777977671
152264574
903740693
370214900
429379992
183415582
934373520
139276457
486218063
668117486
530811882
634001449
873598292
703522314
846282163
850337369
137442837
410951388
859799634
213758849
363128384
188545520
712360334
624887968
521718150
268613195
737336689
517671234
933727646
321562585
689079650
932714484
119918634
849070640
808435641
470074962
550133108
381402927
356089979
249767826
760735862
826194346
505883715
922695974
384388417
248032544
902097950
302091008
456671626
951513587
111860176
896616615
112646936
153304223
832225932
540182302
886450522
124543192
11558915
322254856
80154975
828337519
732479579
683048170
841166627
810234071
376698553
340809635
257286835
408543508
175869967
749196260
34132870
883695004
214093790
987263571
58393670
452337326
51754601
355804622
214570290
241344259
383097180
716289036
500763009
225089580
331886311
478022485
194055750
993812540
118608618
134635045
79644533
312443985
548225457
539777384
928990590
990415743
413417294
453181259
468206768
984509920
299494032
317654758
743509761
506467629
526252787
303309834
378202933
477312630
861872827
376266303
777676504
374819229
658230247
63672809
483241213
987628177
734369100
204425151
695761370
497791815
792264269
294953968
995033398
999035759
72712351
550500446
988088335
260254464
767242042
558924139
750931648
230944582
662799549
21393200
472508865
319809378
48456843
718585787
898770761
710144991
691802316
555135494
388951214
137465875
849101884
661199974
966190888
627711427
291907307
137761335
828228080
468767473
187360271
276188844
925357558
315552703
133333307
239037397
174539707
947513813
563555458
440104148
524808003
597666209
290470309
929504236
307057690
683781792
315596512
993700132
626263863
936485369
97983409
943310609
819518850
253248601
195600283
635523033
642493979
646172080
882184244
83545890
826425591
900273876
756344619
360264622
120538659
302517888
120119998
370492688
215367593
397418376
169117448
894488781
448578346
611699044
985236650
54383341
343329958
110497986
923085488
566159734
706638922
168685958
576138682
740967894
711324133
598994949
966704747
816354817
555479998
501484393
606827904
985602550
699697891
814288334
268809513
474485912
453642128
157214695
717285211
618002934
21976637
573514353
547150499
203392023
724423698
961513416
843544310
917003401
17138717
414684260
335565167
311825637
706778353
531578642
644633637
694947725
373053651
258139793
311110061
995562953
981991706
57918617
432299358
326718739
558335379
632873970
614898894
240905064
55364058
105616927
462231684
4730814
147275724
146556794
67096719
403684417
974046167
750101966
248685292
323693977
527031155
128306149
589932415
196047966
312761006
257769988
286701619
587430073
456646301
644455988
613700514
474782542
908163155
912414900
280157203
159226789
405828079
821328521
163738562
166144733
192008517
362986714
752013873
897163813
390732650
160731306
780870693
276737088
181637348
924668559
728820339
615080219
427769057
167131749
504698226
107542557
395921879
722649496
826095060
811214018
223190928
854203040
236407692
126137368
632779759
149735858
645668986
647721221
455783413
862912071
362881338
599189809
139538973
834910583
758657884
372331811
953210867
202271822
376655211
959349028
218089583
512151190
472104191
67347806
427274623
514902061
235428879
11663658
761753354
271697584
538189826
975983600
332025683
156134749
143192512
844391500
540107909
215675216
769940091
564131086
714701397
556295516
795972692
695654313
202707964
940879691
960090192
884381173
328729291
574991724
988992115
518503047
176111791
643480803
34226759
515856431
430986256
266999637
899051791
567079808
613424980
784857879
437522087
275901563
955666648
748755875
531447432
984629196
807774571
855874129
654967582
346456153
998049819
8773921
542691638
315431417
844307443
677280291
46345677
518264201
225847239
623350253
708603694
264113351
431294928
321166017
459361337
125572676
424301176
124543189
187802058
937878826
289850483
681600383
660477844
206574752
755562864
657830212
182588420
829050796
206110133
109251686
634779714
359798123
460586533
182517206
903128
393032079
292076793
554666443
875902727
139231770
753738211
577095938
722912779
798851454
698032991
476886509
118003068
630472068
324990565
387963624
307602884
512095623
614898894
443828274
117464398
867044270
538808276
985431401
980565411
861885061
150429219
182400355
582676896
844391500
132415376
478625902
281413823
425526797
928460949
154653127
429699434
612617772
788322136
323608545
492877114
518902862
928695653
954728651
349247602
382671594
704606787
535616642
852055081
55106062
936998090
112589499
373120658
65996128
178787582
558016032
82529316
48824923
479428999
40022472
104067369
80267632
340263317
666402446
300735808
790886109
795235709
354015575
932874438
226137120
362538742
744876176
669118741
922286728
109525701
336846440
336454404
835158571
476052428
886450522
783006264
299675350
486483297
760073195
149677523
875566045
947221877
113415743
953261445
936485369
670440660
380542252
602683
660858912
511151928
144703883
19317830
327166432
96404969
341521917
677498823
569893927
797161068
615285381
448503962
565754483
32227211
926490160
105017641
321278026
382265078
986505430
450733655
354074475
820897892
526824548
641020427
457091722
148093239
697819426
913808177
48317426
485896402
442747411
129007042
961047883
754412086
662730421
204551776
364637278
407271509
874443081
185508826
71251766
21262696
460033189
659306807
297628398
312604558
163370185
717691345
513490836
33143443
884869485
888392618
244211943
981387833
718498881
996640556
130815200
186372617
916546112
595194831
591848737
989664258
869597611
870488866
160535262
522597606
61008164
832925942
292154653
132110501
633491164
281036433
369972136
530829128
555074000
247679515
329629406
512064149
50144983
735690046
354412298
67910523
790490921
649422607
194908450
439741350
368510256
970766357
134968440
405774303
46785432
187732916
709362763
450356316
984391369
106771163
670671525
520008038
285340137
680078719
848197621
284434906
50834680
164456666
324225663
591766920
268926771
320968618
888227189
902705044
489896988
187142841
643647607
771359467
567364237
983173414
627934534
490438791
558183460
56868072
441987653
486894185
709767376
458508055
262134493
637733273
370609057
558885447
31742280
959642854
639139504
763515547
131667548
218818743
557676535
637021500
176185860
171390300
833886503
803722612
103070133
175097784
69321293
640049053
519096735
343767330
385520882
74466695
192382302
435410914
504641026
798276246
911581909
773992619
541618507
264160269
227356278
893696906
718674409
690984859
831037010
858901024
909436347
132193328
499150017
506011154
712128324
189042035
958197488
656581863
785371106
179069344
486923553
506497200
217131957
955790924
707789521
449351099
308368101
326782683
392950691
443285272
62938716
827073956
523452930
358909807
590709612
927742569
571859388
278220025
851147734
425812378
644127885
609539118
441092123
969124974
970710460
574046777
803720788
246437755
714412446
585313726
726733068
403163693
258959667
82053624
814678143
522512926
746882134
434358205
900909771
869478234
255121025
758449984
370957989
180057488
258022453
831007356
145418647
345813737
708917519
739833383
944933593
896396601
789248555
73255102
178477004
486554084
349914502
201754169
536137748
969081296
970330908
394878144
657342214
505263640
892621300
391208047
979780528
172829046
650671368
808925577
246233379
410870344
570701346
485486498
938421499
822738456
94792555
525132805
741187795
276695765
973667923
948512933
4644703
395021
286618678
11370144
269522725
361406311
198252511
410737526
871763422
733255183
275203014
953501303
205475695
580777404
150996219
342135876
516489752
914780289
779106752
481917037
843544310
472493164
859274102
495354714
965571896
935347658
765147461
476029553
608582211
599113184
887943112
386900284
80890420
25277718
431649594
391262144
627087676
367643668
27416829
636066368
802963113
225203967
935643971
730479651
311549977
250013052
313597203
883031258
751952329
105472680
949281743
724549938
50173383
448329022
323821400
415320070
331593753
324472226
317526332
886660440
636066368
76169632
262335268
665210833
407337346
32621485
428232916
333710220
457288333
315278038
162086266
710576342
565775135
700413786
223029444
583861675
397455360
241582958
209587689
488184044
360417277
626263863
142857012
218901591
317306763
840953599
128663574
654092002
668163850
101316235
539064802
493093931
776879
765167105
248289224
828445361
633292894
168196795
407731237
885304299
81837670
30271329
210664447
347908934
844033776
816902125
421850123
459326980
962146079
255931212
890189346
664604558
460062692
301131057
483675389
41392477
709189631
448220752
475566892
242370173
925723990
263351767
976828231
71914489
730218014
878089685
886925892
88965177
27892897
497866740
978441904
206031581
593230538
465308584
123037694
580041434
365443781
681102735
762552626
702310150
470710522
900605825
836380852
94855721
92808543
835189432
887544527
555367330
208587525
826673367
362792826
298876508
255598029
539666904
459584905
248089659
858872991
880774428
846139645
618583463
448611371
515511665
202648133
690572156
65953310
367643665
166817665
689375212
54383344
476382731
331037508
689194572
613157375
298977653
261757439
135578293
969452408
240178211
52091883
449868397
129844350
830455048
287799899
182748838
13643663
523622506
173625854
29264866
292362673
76533612
52310482
91030666
854859533
480191566
693965183
914526723
392493597
454520457
142571825
953906316
252723764
320511066
772602549
745214927
970971073
96773456
439933195
981216264
943818660
439195630
21540449
766060944
571754877
169335689
605831316
523186928
732314007
968941514
723334752
778727307
429873286
717657639
729359065
792269351
993469372
245494361
733344070
849455853
357715507
971183581
452654194
335281374
739897066
678655343
741378971
975523798
182915136
654425059
350929066
9921076
748533392
955641565
512259206
606983789
323774544
375955961
51813273
396837862
999422654
605699574
233634654
733339019
642815741
752860921
388807020
142981351
108060107
237454405
212160136
520168606
56875458
474887095
577080297
616345942
376081098
345668700
605068097
221361370
559302006
466616247
98061074
479066873
175864075
671875969
738344878
436723820
27076160
700447298
197350417
649112057
131535467
655444117
431120962
756112968
32319837
273922966
369859498
451534617
505815443
79813153
828396258
152472948
742698991
425403653
416155897
523204931
758640631
703317463
373821242
600597223
189398326
90296048
793106982
262741592
273867513
842330805
994238345
616308175
14613322
52174778
270394455
804159922
329721970
993295758
867951314
837472635
960357813
918626791
733446990
244500883
635837416
949751663
829057848
273965856
878891595
952927478
456671626
506456711
185480018
97403155
212577200
548445907
586595862
734919913
537207774
533633235
785227117
847303181
906824598
813189970
997679351
515753327
827250255
652566616
923269332
439289917
244003960
813087730
25141100
285340143
539064802
804935824
526474583
514902485
63115878
669780025
8285449
583502890
133238133
863144522
284721512
462421456
11157944
13826217
996463273
46160267
359777938
954164252
571841349
303139158
91819134
722150485
133498924
551792002
680724341
661846958
462496268
711915475
771056184
736272096
20164908
819537520
421155709
399534879
594468853
372341647
543643276
27437669
857655850
971763340
797660364
827387786
670603754
401748905
302173089
204547487
743004869
415408177
41256331
738410658
146601990
525801302
647221064
395145853
699560848
309044454
865322277
411697223
810121522
705661853
865969638
963017391
340557338
171621530
115662910
876319374
166992260
296967902
430625746
22303662
461121917
792037947
521863553
326081422
627671633
630199022
721874323
730440959
827908669
426075069
670567845
24387697
639247794
829614668
501556574
429604890
446206032
184026622
817861912
43836345
858354312
434645336
766346600
261314734
233904885
177160874
367437226
450133936
337234113
520660855
934682089
891152826
181899002
581142904
221576693
269264722
828796210
678885661
309409248
98649134
545014975
317991352
451538694
569468915
809152067
781821827
319765717
110154593
274254160
832962299
997715891
227152440
232158170
22142261
861975467
217770757
255859226
655093758
568368879
22265514
639139384
537320566
126689750
299103435
613978844
88342565
187507414
16473362
572884544
410075805
832385217
908714638
846083408
632194366
432488999
769433782
95796916
694660237
517000791
897209118
156654688
59212914
217451114
381785535
233890864
552149442
379776414
666671121
228779043
623006700
544437254
264075130
102031752
976872176
795972692
982995137
722508556
238768867
62018867
465912711
996023785
947832498
792261888
947263453
94567018
950277875
896134645
662461018
375322124
347693613
831217266
977914277
445964678
611880924
966681930
824862471
955808774
46268975
345073149
14102867
197272930
188635816
735110369
939685053
897780708
94678033
510645130
447437811
992664773
751634877
341861539
830842008
771501914
894528503
213651819
990738712
962909071
896887930
592282851
19439272
31170609
106550322
14490469
361496341
513895189
383115693
707287515
522915002
505221496
796704422
774386577
279100903
93947359
430015862
118167907
427466863
613824740
24718408
120151995
111672950
461514714
787464104
381748121
632049640
834206456
616599536
865986536
307218018
341600268
902474223
950649493
601204538
131416930
243330911
621995263
568656635
138775638
672978368
656705171
856181574
976622244
845780702
164413899
501899945
56700061
139614394
600880255
380472504
673679737
353226473
287901171
815262601
472712686
146522237
48373934
286758339
497824662
291681944
872351171
152156454
468739668
906741075
648155532
756355153
223735090
419185597
876430430
815818344
24387697
333287506
984351511
116776658
65004339
152503777
358449025
558930728
74843124
916411139
364637278
606232444
794786873
186942389
903363382
866788453
567145300
163100049
237392712
539064802
861001002
241619104
582193866
431014805
287296031
639928936
880090189
734664463
838992290
182743626
894296005
97968446
320964744
492254961
283176403
691455003
199517729
228524927
815310438
76678276
389180723
614962311
174415832
853066620
186910622
531539034
820344540
598675178
795976772
347508445
162892356
585229848
623350253
130681846
145227451
862393779
866305995
170991519
523749244
234863776
349564142
399179621
18606768
257167517
620672099
827972930
279554743
475560737
725569968
515503512
967799083
408899301
344446234
8654251
262147766
332974098
192093383
828276729
214279100
228808034
859016155
977279591
240427839
960035537
48103574
147811302
421449969
551133423
751361419
537570829
732008939
150559305
514547537
590422409
963376664
300884464
660603190
646840643
507613275
353742103
292886639
282065544
920476769
884623108
49213511
913572955
998503340
602951676
629223772
281801450
152615327
24102068
585518440
329345740
484546537
125431170
887301627
95993380
380251797
539455980
556666644
309882107
532266527
302019410
559163535
128754466
82177574
138863993
777915530
716960893
324496023
822484665
260372278
335630289
167978540
21066275
634413240
170792367
654564412
261911414
544581202
134968440
665912439
423331479
520922390
199039939
611989599
631373993
648819095
452219333
237959834
128428612
382449888
386113710
50497900
350883239
281006507
592128069
312443985
11676606
72901966
792578184
886263803
2576452
615185799
386878593
938421499
643435467
884228245
816174891
973997975
413522831
924065175
601291313
392752900
367506128
569907467
501965260
891358404
955790924
459659691
291309190
578538038
315896481
717207574
498831969
581234016
381730337
447019594
698444198
374603655
827343097
779344358
947694717
511366540
410788055
520687085
839871571
503161007
543643152
991539939
597876138
528976707
353509205
319808745
828258230
298982930
952170157
318986812
96186130
200074265
330619585
426723140
501096032
927696125
842038372
63384844
703991416
706488705
254502293
216798706
537591304
335312537
571562211
595712309
825176885
822626088
288042364
462958432
339260157
564637393
276808134
494779390
369106676
405718020
786446147
415133568
469989425
601194255
290816432
313265706
906895660
820250768
345217944
942254342
799230000
789227805
168172607
641027981
645640000
616704892
137812070
931957825
762995598
780007849
645807484
814083495
84171580
44702497
18823534
438284705
546701100
94014778
96392522
919015306
872468002
891854581
603685339
742445914
13511951
911176107
388150147
63911859
695891940
21976637
670561394
658062553
146119116
519734370
521918142
461524023
176613239
731700211
139715814
956163343
964896964
626943067
156303228
530018652
812853360
270487893
36045359
966398342
389191767
858896397
260188582
151894271
166828211
128542064
406491220
243278127
569763522
492728921
339421221
959875367
406180795
572491197
54148132
546021046
260768573
10534203
481145154
149837676
680409691
513822790
913201224
883381758
874530902
333045827
809165166
632852638
270437479
25277718
674336916
280837111
715202887
704439107
987245379
193627320
431655457
364374273
400701477
152851501
757013468
389469143
904284546
987712701
260545716
710231483
687970118
975735556
194217243
595175470
169894418
100156406
187114862
833694712
78150653
523126217
861832975
132640560
160189436
469610048
917510831
851250125
423544542
559224095
965726102
42557705
774457802
321137366
903752178
814605150
383046228
951845998
283955673
770759264
393732053
844098292
905462895
492122998
321963121
829568729
901184040
529715046
336230474
641247270
861688227
118726667
44484309
223608571
221059900
803722612
198850637
144595991
845532748
97859711
998720119
312331205
19317830
725532301
560987355
901641305
172723067
739011507
670633403
880821405
322910568
713580562
342768892
176951970
791211031
980333382
469437112
898669774
684311122
652568725
592917844
182865783
113540945
956301145
551464588
670760928
856736050
691696127
508006508
980999223
982243401
583955798
454065947
456667297
626007963
861688227
337180429
10570974
589628644
830350500
659083463
604675513
788112624
345624345
226182146
228832703
853889085
158416413
990902718
487844313
648895686
685142753
834128368
204784010
105034154
972612796
834447022
613123038
654750433
533510982
612783253
770733873
670565976
227423802
931366262
856132408
832940056
305159885
681516548
45157275
783721720
106856778
100447426
469291965
343477869
746143730
307580569
242449160
268580265
118146038
761842358
2333310
836011857
708259237
175714070
855572276
849564749
707270679
168069753
198570598
192152719
185025396
353509205
526348307
559712862
868112028
730593557
546276888
474107353
276099775
213786096
37855999
736650234
882664839
203936371
23858400
197385344
174577149
758229339
682644277
419634842
860238055
743830240
171330551
989203270
733657428
986399857
996111317
561731361
98393036
173832752
651619523
63028174
175913020
796800748
277273145
880656637
445163517
153234668
285375374
881911368
103455556
188739816
458415226
487131187
935810146
713636715
748188013
228177177
68093000
288678912
581947181
451758521
744469906
909968735
45515334
725940971
228390674
554786015
502148920
403262944
287511158
386153361
882501994
504678902
228771584
710362357
351063666
704631287
33497794
511007254
291309187
721068864
383372213
489220953
737450018
620879803
109748398
685212269
592256290
569286847
210478745
866236647
497420527
431317936
210848679
429801163
149099440
415363512
525680921
266816528
284502291
383103891
907108590
915057042
829917431
510841723
400932642
336011288
603136534
1154319
149910530
35031041
368399228
163255552
20493325
760356762
569514184
309130617
451763994
707103907
299518355
400386801
659776924
595072215
708699169
979572592
268023034
430214928
977759085
378852848
525880965
531524851
544289558
844820058
498943125
376962988
386859385
591005689
335137119
660019013
586762457
631314952
590275440
30613184
747023357
776671081
849530865
34302350
837557758
404599888
987303138
130936378
773493959
474222885
370727274
4413460
707464155
662741268
208112463
344378857
646221501
492632785
409125811
307269635
468254301
253893496
307352885
99342500
138067227
88121502
436333765
361174911
171613518
22202569
778037449
57913028
571754877
919012927
308232550
957451665
28346312
289658345
462386566
362269897
906099926
304047960
903574251
558571495
896182721
341783730
34430313
516811178
35191457
963502207
177421501
126162763
538673401
723136592
104623770
419338937
180036279
833166747
578472522
725976730
771218370
981454505
361597659
55620193
379747661
558194428
964190426
707717134
961528921
81731974
93698953
465078934
953078393
950541025
409521600
170980143
682891136
757544567
679012539
886687059
632618244
462824625
186821835
278554443
191478522
90626033
751694968
913221615
351483822
129466004
358753106
658230247
720024630
471704717
66092681
623848685
817110175
222707335
451999565
127792556
396766570
708662345
223700075
916011211
140418158
394275063
838808036
230385359
113079591
815574699
573731467
693422287
977062667
285559983
282168764
844307443
563676311
756848842
600350607
348040364
285112686
49973878
222877146
320381499
865055196
211199305
186858292
102340188
502516701
221861858
277753039
639651462
438273750
40151635
263886543
747044707
690456602
831386586
896563439
935775653
273767592
703755577
476610112
509622343
581501039
256817848
688104726
989060232
274480437
232465174
304201927
120745032
870399759
225881998
990979184
299291872
444518091
401548930
243762960
450519261
436794505
107235722
967782212
356895606
931392663
732444473
262672232
428837812
334385590
176021961
385573816
222776022
298546843
736981746
197969742
268517403
951490954
204961077
496868546
683655433
274599375
115662910
649764350
99361465
830711985
409238631
22202572
502788956
449606834
623441303
919235470
897422214
157349062
498896485
303013711
22251618
131515288
25843974
777618534
893048699
304854508
757404954
756711810
684750963
957153734
868399882
800734274
136964057
727492393
915727549
604342752
996630439
527572030
287901171
241659210
463569151
330375773
792037947
20755393
206297673
486554087
429159616
483921182
641271347
700751329
433182
170556235
284634298
101859887
112816369
93090945
410897275
424125752
466043287
62465970
825691158
982843026
427225779
437655494
943861239
896811920
638859246
68808962
789180133
364644483
863755164
452635826
121389592
486265587
834206456
460830169
964951155
480191566
947349300
542020478
436318761
780326363
275664465
73779400
370506189
134260323
557618933
177075512
733766093
55182541
845492399
445218265
644011113
82850342
42615693
543540965
402641001
663943304
238219827
735705834
858901024
41413132
206318886
807055318
975289801
942960060
91999288
140142106
952879032
389201814
215202358
892162211
893196194
682920047
684240937
36450043
3138698
708834339
276077093
999154332
969341562
292928970
133988005
73122810
686017098
52943672
115233886
390224936
758748927
318320346
26713497
933054396
423081808
980544025
224380566
17547837
22733135
288204182
206632529
475197239
154529848
703692361
171644149
959635952
1744731
944958098
847802852
497188536
954961378
384816483
3745117
117426516
481917040
194934110
352486891
851040763
484661352
826789192
749682998
838814430
308653102
647547320
85266038
384236811
617496538
482323077
424378670
363969950
242851224
137724724
111236952
664706111
327664560
607187830
698969490
109370602
99747277
619384403
807476205
205525024
687105404
438127546
497119785
192475807
83184692
240722767
515471735
964625272
876156900
607798129
535978677
418186081
672737499
954169050
45190024
789783211
899129985
533909546
204758780
356489838
430495947
371623818
763659741
384901016
473843314
450576031
178789922
258253150
258816260
246143515
618524191
626638423
101350469
263159863
12722482
661762462
723771094
24275966
677612447
105291523
896779404
854832930
944062259
171303148
635661221
485729140
839542582
58883109
138234825
852674289
64685695
423930690
347544605
15047133
890364455
721298101
768723540
128569304
813556434
316798172
890228026
635202534
521836743
73769534
624482527
194567670
863491291
237451717
205238065
72829465
208586449
919286742
454520457
928068853
743434106
85021388
919184358
857504747
453731501
471327415
444424695
656559445
331773459
605254173
578556276
596669105
712664548
822480994
786637149
403634258
614805579
134882630
729362658
324874904
959835423
977150078
711421149
390453042
329130244
923455947
744326560
667031516
613048489
146806349
424301176
346013639
861936398
699035142
423821980
533416424
899288681
162950881
189478943
764905116
555223513
122251036
105718247
231688854
104491450
905116651
152939892
632618244
528915737
551358079
321585219
242941478
698890826
733531215
239887865
116007515
147872762
810817730
391476728
38174171
400587744
195780975
166066003
705197952
21427054
597842968
432983653
63064069
948708767
997893280
253244279
386632420
546766514
7816796
682572226
300034841
5838304
489812460
388279229
903010824
110737607
841063222
595394677
73589010
879017544
230530137
454895789
420662456
375805689
102778991
472712683
366959064
984853039
44114960
523036214
71603174
890104371
195608025
31312908
106307975
312075711
440756388
472951199
783116591
926817962
960915421
801717662
346706566
539551786
315221114
215534805
100512652
398231776
833020447
786596240
926375298
336744871
527914541
725419738
810195904
571187024
724171899
720563418
687828140
68601860
491048758
684490408
145011358
928696381
176457445
729835437
63527175
450288085
676149653
59080347
39924167
736740349
191652628
688735770
885536117
205083241
77478549
871113565
875194231
996171857
294209848
868257467
17196453
80851230
338272893
467255185
625737518
950275935
694478389
125482293
913683906
724991868
410289746
546301573
37160170
495051162
940249352
741098705
715437493
985590634
227520567
324552389
626823427
111131636
184179421
233195949
684490223
478059297
989101184
526230255
162610384
988684833
413041366
989819376
245935691
450519261
974939756
10409986
456468845
758021648
211302717
753775037
226307348
600915006
23770599
508891582
699308602
905960085
304668580
552914018
971205161
11880249
316518596
519967726
573097115
497933207
112350995
590216281
237630736
199305988
952185829
438334006
328220800
801810327
143192512
887502237
944054570
785179393
406005109
240451065
600421817
819116893
107904294
353476268
710200044
106165888
502704378
466758456
528773909
533633235
652870820
823350712
989186602
418086234
458148878
70043442
790159837
257350035
413354355
244211943
48086576
721654088
908436236
989136370
157610558
802547616
595265491
245430401
682093011
212560055
377346574
688088750
617238748
884488851
301472208
457672645
859712853
823462157
940634216
88575623
93275458
427566026
816697773
672041261
369972139
824377396
255092419
397184072
240178211
279252860
122177305
635198731
416532900
25569881
786728782
372934192
805506136
400832048
839642781
456510726
36884768
555279738
712069488
14826985
214610631
443252806
941432487
364152009
913982293
857443622
91692662
473668115
732543713
611880924
231176781
378361302
240493102
683439133
923589103
662807586
794786876
474648825
527810066
219445906
860012829
982601839
19994977
975587520
755570568
951211953
810997601
211578416
917092924
944072188
177824517
327731492
736856828
528466593
336111444
791866899
665419539
915057042
191815735
807132406
26155242
110795071
357399916
959442772
653721839
122761640
701695757
213758849
811258783
528944230
346784028
11017207
100781238
15656455
921396751
750269882
258197197
406970775
877149264
991828280
821670214
389437461
804332566
262421432
806618275
375843718
338878536
121444407
617979913
354210344
501504140
702924462
724198850
759881355
157958853
752498277
562436953
614730418
93188768
425387762
575217441
912414897
50766052
451775738
114800416
673858375
753480511
781972970
126297054
90920422
744820980
246565957
51813273
279495836
446203142
566099598
353035870
684358205
25673528
640692536
371153646
151267171
375817441
635438806
754633702
330616356
274361197
414879893
895163945
646814468
884508745
823113578
28888701
33713153
499503777
645968148
27276611
45515334
453185271
229629595
752066812
37577716
72061692
427225779
699898261
698460290
253483512
695044704
666374063
134054204
950767717
417437204
684485666
190133978
762982181
190388341
935736648
134463861
89170971
692646963
221666802
587988661
694659588
988498692
223033148
760564173
468603433
721246018
214164461
698885857
805737738
856680091
581685062
318823602
29252097
788168199
136177889
844719541
609313168
207343837
215886378
90890436
697439043
897954638
834343815
963911439
756043244
139881754
878130065
113088226
918264333
75377961
64404007
978756828
472186670
445857473
511694553
833620614
239958656
330138433
247554386
741050163
204961077
8507887
662960345
757451000
307171297
568088914
200155498
188053643
489896627
754016751
843865650
208718603
452817063
938586497
69857908
290067995
463262491
744820583
342873928
959111424
214436373
744923492
786064677
102922352
888711459
574482729
195606451
684208546
843678090
387943502
575441369
382631889
8511456
357579507
71230198
812916009
305290812
19454378
252631821
204149198
605254173
380117358
165370477
80987349
581351683
503017726
204442241
760234711
617382339
434170406
780117019
584347912
321637902
887544527
337748648
800608266
183934164
972937466
548937159
989101184
996375347
15047133
284004084
194089329
796258338
976388868
851918914
192286064
609987771
930542081
812540227
180288988
526440047
215107465
210744183
6156286
644424235
510836005
183434045
314194167
441416806
132394812
786237323
64138101
884715951
750133716
375858689
282516456
256372011
929001607
893260450
403634258
418212594
963848032
338736555
790731542
896331837
240229983
870488866
755834281
789935407
802453200
370492688
57828573
248845300
441494720
990810445
141328436
650124478
11084105
98316740
700641823
817918852
495051162
13327119
828525916
784726008
834702773
488315572
486021691
655912791
498644448
821016835
339169217
517671234
252253319
920058801
22962664
250009886
606086885
166104127
19560005
860890731
135469474
280675668
861276154
415043274
591427535
18026515
423156830
125005847
197108626
687552659
25866154
808943227
624644402
295458688
453554296
520846446
583920757
575498085
412520361
692192095
660359480
47298060
274680064
85674959
884782045
456376858
253888439
189200575
673298675
677781150
517797157
84860376
346253153
260135855
524876194
416197918
25708077
567958326
642033725
21007887
330285825
389001928
558123379
792578184
72977162
492870916
829103687
676897662
202224430
10715533
580712088
943109218
697960909
389743576
223740233
598467956
2553645
572998722
676495821
110901334
9022595
916510838
30271329
790168148
474817492
193649287
688372859
478840011
746662528
145361712
687979606
62388527
137064443
892111793
401647329
660624905
832746867
748262992
212977872
632063740
329834161
433301028
540564967
338879352
750226908
181614363
155930218
100688075
741679171
606311941
745219151
569505250
326287795
323892633
271821639
908813453
49456101
13790790
109078569
107187357
417840795
806925242
858527879
634634013
985732062
323649651
627065711
909924836
751091856
557860987
711305695
619420019
513678509
855686664
681489949
773438440
459554728
377026214
203054939
461910261
806992770
373297480
774841495
137057339
849748338
653092544
327980452
40894051
8767995
832428623
837900342
974307085
664061264
735167932
56901460
857935672
60295929
115263907
87286347
343316129
773157180
289203946
798633393
943901431
126512387
122309432
91975204
749862878
677096913
443995868
185132820
287447168
63933971
162239896
778157548
862363663
554495273
137174368
207956966
631565389
186921768
202802743
235619341
461137552
764355388
566831108
870673239
620341814
568616024
355986412
655175399
811173528
654316153
827343097
884299481
403527657
301847078
714027161
388586046
422628650
198108550
521855075
657720169
720563418
482641395
182858203
515558948
923607177
441338256
785473471
364063010
493993970
322398827
957909859
515922807
723348286
880060483
165746977
976793710
249877786
772098795
580350424
370931517
141291031
702465920
192786909
857727281
108388575
305198342
727095490
876135502
400920607
198759266
586087830
125016430
192202114
84891316
106026842
328131012
561277888
714791595
599402826
594471
780286795
750269882
306821224
192596727
340761949
165727575
675171961
182056305
948922358
367511276
768750315
474604635
801263166
105065161
861700659
698637961
547530464
200044474
550275339
237808595
149704044
821246959
23536227
377075891
754915561
181256868
202802743
229584507
915578602
104491447
771092305
690621042
359850586
79020241
758457579
319858214
688664573
730408011
593543113
535210729
40866258
662913058
549579184
500949948
491629446
962736545
899797550
242992553
858443644
428988187
243811303
456207451
336620430
977354709
85868929
715437490
299887282
630527807
683557725
82305151
650103550
794777528
885512090
734739932
830842017
511007254
127336981
787070253
355760316
204298401
963249677
285499825
742611413
391932616
773862701
196981757
162141638
181327201
848112210
787254199
406708067
792533000
659257393
817052701
313543839
233379229
944112429
222982340
919184358
699298296
385838545
647953730
9511247
913040556
602906859
955454484
65953310
68601860
404599888
709339238
848811248
386372060
756243913
449040997
375066859
810048395
119105489
982039023
540070212
957859864
630435196
500663963
478625902
715717987
151040666
816017449
138801728
614639129
231334877
69785946
521259704
988335305
22393686
145787235
185180651
619384403
947244086
122565200
684896332
563102334
988278922
814051422
29155668
449868397
549133053
284534819
547150499
814324328
855575109
906076150
870105081
255589312
470963409
173625854
615594378
944591782
181445580
452185830
330301596
29675299
492512875
969037305
555832003
656127620
112024208
788059046
931942279
110616899
200686753
150704151
252715353
111867546
40447908
691138826
898729806
419111488
702520373
291096934
945807081
760121643
539015314
384885241
564150991
130192092
552811480
216879837
28626079
55062915
7380687
317667889
21310885
714425641
450133936
763515547
735194812
878158350
613308613
740287153
59599403
795976772
769317835
109136669
613766370
642400841
688740390
505955838
43633883
937416958
35481528
951021754
673754192
139715799
971763340
955293586
188358592
923502110
819518850
307213869
496647880
292231576
651870380
358389435
844140175
546107680
725289379
57987772
549726751
706910753
748412158
297777982
493955185
743044256
357346628
888180031
459554728
687064744
786548527
739965910
902859316
433504380
4511300
283245132
360009419
272574986
255184177
302766870
484617290
11446585
307213869
312322202
885407008
818042124
131112874
243671154
418361564
972340853
232013796
423248772
367466657
5244328
725641169
701550224
207878318
90481905
194691987
465501891
250959241
962395729
744971818
308619375
279302985
320658816
14861219
375161467
759939611
830031839
4676052
897487642
721003478
819485372
839463612
103159444
521462788
595092286
985123312
197703046
563777921
431478963
279682496
370556587
376475141
757131807
27469425
269303432
823109091
785229461
867026440
869848902
605788875
93776463
823530477
444293521
662247981
869890967
393021043
6637154
896787120
970502209
175567846
848908053
198409211
114636502
602749660
827587669
206644024
531791827
692640048
574178383
217963427
463408982
32894084
475088297
926337114
942254342
794874866
377322243
810283089
430866748
383046228
916080367
844146623
863095708
889672150
877986981
549372673
857365445
107590939
785794320
170655227
380647949
581657395
807820964
55217890
497979185
605689962
18556116
41026813
124635138
502545233
485979185
700641823
555561518
483095445
669584578
687995119
392304497
496655469
67488611
778991051
643647607
239727411
651221614
100212013
147872759
439322599
228422751
230112515
766099781
984534579
613424980
237841277
82292068
799148576
571634488
454673184
709329058
40355312
603160402
139988558
291087597
449103116
22588099
60060000
227618464
59127804
976159711
73589010
662278653
815110367
211109161
183470473
124287240
248236821
993509158
11686633
166763721
12476651
635353575
465355336
785988942
408130442
289631177
147967836
260059739
708987737
184066518
153801443
819737293
484421301
837691561
3653003
549579184
703375236
252847918
869574013
441338256
703367406
738080970
458963229
174979794
200735462
397393439
860143269
857241439
141679238
263052482
44686986
563807001
85756027
109127094
656686988
60471823
322544044
626648690
55597501
249106722
415255812
108628656
957178622
561995779
595256791
755480119
978994009
731105125
776740795
989796611
317199454
342620620
952566923
604217914
982120482
941809243
867845502
261573832
283572651
742931640
832220644
934798778
137412568
16447043
952057793
324243782
864173294
542511216
654861620
297132552
116955171
919822466
269632574
409296254
122684384
391077894
369801897
251747606
994005187
790249290
762818116
382943888
368106961
748055682
994303068
456750965
247179221
621997554
983636816
436570723
20009437
823275090
528656364
107187357
352598977
730525079
836575264
833235277
875326674
612482643
420932810
827430781
512928155
61288043
671035313
278594805
520555025
521294880
801531775
964473106
121262854
48401615
794780324
139715811
777676507
587098672
292687406
41942030
101008481
452862793
995449536
148483952
237600721
11978051
938402570
820826714
449141122
68241687
799978275
950494675
827890919
55217890
712765294
326782683
355118101
669584578
552033654
524545412
174150274
549963431
935999338
482641395
843997628
987338240
733854118
257364785
380759474
212790215
285206219
291419270
670174471
77465694
68689624
922286728
505221525
361383103
628697412
426593498
427908145
440612746
760352505
642245733
731450378
537207774
904198080
776403019
451538694
76692053
504997849
970327244
240572578
189045802
864155629
334346048
223431261
899303062
952132845
563645252
153862328
823101276
69950410
276237479
355804625
750814217
320766246
29633584
635353575
81000964
862085919
264160797
98053854
740028513
313610302
198591483
82691415
280064890
763547943
629501006
47650485
456329010
25393819
416217216
687732364
842535631
697745552
245202977
467365102
354967857
322259331
974691167
343172511
605999528
745097604
544581205
457600069
983371825
530879757
42652112
900357971
585490041
616005316
998566513
821920362
641400216
944421198
211889343
583753034
658481023
304877004
410295179
659470689
527031155
955641562
778581936
201975431
684305965
464752119
781497004
426719312
852468151
538284931
664133476
638020525
597344219
47164905
931945113
264333001
60611603
323017297
54761461
177767582
61010716
838681079
549372673
550728534
911368799
970177667
468212013
552677166
846368288
594232591
845711639
564039824
856818327
265405942
652491050
609145104
325036533
695823792
953396609
382481130
7052109
241088211
232704132
773189721
478535862
432209092
521146435
82192871
236519518
567317492
777392977
36953674
139896549
843852524
751361419
666671121
148062443
261338721
256031836
626569233
28803953
342836389
215448065
475665142
820863027
539058251
324237011
232872257
396815189
121262868
453884451
335482141
90643296
31111742
695955457
689754842
266551791
646789470
288779592
935940267
537058366
804379185
606788518
196332316
918927979
316677458
862860447
459507654
5197785
658963883
447553684
204912499
576563000
893736328
968269189
743262424
828263629
965498234
52311886
900079531
648560894
204880459
635659766
486307234
702957921
471334291
760320330
239264287
240186354
966821949
671132041
427551938
129147389
650103550
847473832
404524603
722681708
207270885
443245960
257857949
109010070
650138084
880159569
663805157
340660562
149491466
343785669
41728117
225881998
435087216
277088401
365737430
902597896
835517626
378480769
576481628
397248907
232919138
562293977
554789245
258136799
413981504
400345106
653333351
402641001
694745587
958933044
506617465
694449507
863676215
764074183
211601581
715114764
140912819
27989531
816859567
125873804
61897885
652491050
349459765
392174375
80242382
701519608
197590772
90616515
785373636
935575569
503911136
451254333
609653850
767541496
504983610
50638869
695111322
230019049
662571726
137174368
115309033
523117858
200407631
564129451
622544010
233528712
329414523
590709612
410761220
210603232
708417694
238789097
259263389
295399614
499951208
533780728
14849573
955293586
202302992
537612576
391476728
713049214
43215458
407052481
672570736
941260529
602123632
724059368
402685652
401490298
642990568
863424115
15881329
715564780
684626057
942165267
569110207
182796392
945283581
611521547
908957048
803762534
449221815
481051109
400183811
884371285
763139392
46091254
311667586
43421298
330619585
266658881
839258280
545953698
875233029
77839047
895771528
58809721
748010613
290179934
827851510
240952733
569515270
380534880
47664907
111526220
393515976
145638036
172215608
970395771
226801779
29155668
69878616
90278685
550998660
518592077
322326778
710506742
792559430
518760397
637496903
367873859
953030366
306075158
554777176
777097751
678687995
344845216
282654267
149469375
417872644
188482652
805592375
207370680
403040329
212062836
841936176
432059547
996846538
251382771
185954090
856179283
235890724
713962748
370727274
771218367
453599029
948922358
387229078
107880854
135315503
416240131
171783696
900915606
623473437
662092957
611087845
476289173
368943460
290332096
746275048
569902221
156484939
971943437
998777192
732720165
6133024
487886686
307580569
43855796
742908571
936434060
509221836
512679023
573621654
474107350
913007143
228038845
202782121
807752817
495525736
379663971
541182667
583678926
912911616
329663822
687766391
383175980
966517088
324625893
552469016
535022921
441791993
192757457
75528560
256335879
172590371
719820187
441847503
425520387
276593139
411371762
246301504
907631270
292849396
548701547
308702064
730143228
588912228
456667297
242013147
23823412
237444107
517238281
223451603
45771113
813088952
992639639
913536713
365305328
143350812
206215992
20576735
686329071
572909154
884073434
837160368
567767370
528562342
860093680
219063774
958548292
914246984
590931576
136855711
898684286
773751482
60373721
114862426
26458104
703304002
421772156
84294610
663351482
330766919
395777775
356685330
458162007
409588583
199728524
869048757
43949789
236728540
465562678
867048188
904551986
110680686
546233936
599719711
85891849
192572760
607203673
323970422
655311137
277807221
712643152
139450896
483517514
360705343
530966274
870279558
540342840
240186354
125689113
190151398
675946077
606025631
301643406
222430648
218503299
366066747
822005526
615230023
918366038
150901501
791823087
808152849
754333151
885968035
470013679
898941911
843036625
727619795
208237274
750431841
559908449
880037077
662572588
264437527
884374890
56390780
772290572
119648667
721218748
213077892
286950835
287809069
621435340
357452202
199268613
904172324
754234559
820353384
574013323
772858183
654513833
560343168
563848107
532868442
950156542
739202371
71641529
521307816
570518758
958668531
601841409
436123746
767935667
121219627
953261448
694674122
82242288
160189436
126330066
674767503
119105492
391476728
643148613
789120059
349138440
394608923
401817727
625070671
324898969
571252723
572187422
722609102
190976851
679177231
756835773
339468520
756983090
344378857
769336670
841936400
711061304
28088369
178267243
555438491
841713343
860144149
16705765
573046393
779014001
493866477
809840767
869228793
125537342
95119099
681516555
90356536
706351749
410276833
573372417
403286596
640393429
363384043
738968060
906319035
604802697
420802406
593140536
898793139
300371831
46203933
574046777
502045306
920866155
756308737
693271749
27875986
592256290
34792172
257751757
920856641
331115367
556928959
933293507
818930708
893821611
367369967
122541888
536687134
950107973
937532278
544740469
368501791
339674145
663925961
9867471
861004053
801178442
50513418
119627924
354197931
214849718
383273804
358007797
135080161
905304601
185549914
677612444
583991471
689592695
925694498
847258992
582530535
498644445
936340722
644297156
143745806
286117294
510264473
934245047
128401211
6897019
724434026
900304683
703250184
940655748
146607837
739753854
512689243
438681969
203022264
612230990
422189700
2924684
544171252
159662352
220110495
769930772
800587630
259263389
223123975
986215697
578721025
554054994
237913445
70178146
875450856
853244322
391042859
682414089
25511311
281071362
618834828
139757988
55106056
162063742
910606133
500169536
66735944
109010070
849429268
364884131
166383526
684896332
597808537
20513262
812267128
29505003
618368712
273767592
804545465
126476448
54798764
481539846
584022815
572761673
847589687
244936123
246334660
748960849
16193301
722212317
597360660
262579365
419948385
582582482
492632785
879104620
470963409
102256355
196518375
907822322
888091682
707053951
917934126
191942262
902192236
123037694
606336728
342327226
684305965
441389221
542453673
776712973
601204772
748842032
554575334
194116250
10570977
171729418
493540549
580563218
954724364
992848147
776040823
202639002
293578998
500870329
677334190
461130304
94745428
868365299
634086361
21336902
797856124
710915328
318989091
167755651
785770209
332394757
711986075
700447295
349003175
584342213
938330779
721262687
618313974
707867804
481178971
289699512
772649047
810295995
357649506
606658766
859166571
177717875
687534658
277950345
966025020
610364003
482996549
742444579
559726962
630662585
511694871
665578213
941723489
571562211
279842701
11753593
772622447
234262121
302449216
771136439
338891979
291894542
683436690
889193197
628464659
887932118
979006523
180362760
320516786
813401357
690789811
874917414
275455499
387696907
824855263
882945645
951535039
508503167
565860706
280078949
832962299
667558653
670567845
832328013
370214900
307291994
723698308
619966845
837160368
695689897
261986007
715785657
580336354
730664068
905560443
771693833
855831600
651345095
650379964
468615346
998594597
890896829
448611371
541590726
912691603
616647601
866076364
827884779
368904699
520954061
853305934
595175470
601141822
733050011
233342015
970782518
279918305
832879190
144193530
641271347
551407758
349054307
361742801
934086053
224865793
897422214
953792731
236056949
338194689
748088247
979789446
679605846
36100554
716978107
549016635
208581199
518832130
213010050
600452988
126390074
444547088
74549721
800671090
851148449
912965632
513962332
382174984
268811913
604970850
382490938
650671365
650565498
14650557
368638250
460862560
419125994
843776299
261332385
871512020
879143894
458589886
339866727
796785621
7014076
306556969
346116269
759000259
33436310
752516949
560089372
507803790
895870370
661245432
848776275
944850168
746802716
221150519
940588636
203009654
392762176
851877758
303472657
313610302
846991888
874128854
389533461
95024847
251040168
634258671
733116380
777967987
144426576
590830659
251502474
927786280
976004471
404479072
990673274
59633546
874377907
276808134
534576734
381088277
607168924
402280005
581685062
617380703
70493062
570508841
810497245
535918997
519460934
731474855
412191075
71328380
34353529
744803291
169511819
266756438
338874279
809241303
975137937
601082086
223547828
336196159
279008017
68840003
664061264
235442595
753643221
937845904
155851683
538164156
426811528
260169838
433734692
229158557
250521483
622146960
756353341
790129334
987274350
33607758
67703284
318683638
25496012
2607447
755997664
877956945
301242438
465412631
166643754
258348544
399503567
949727155
728657140
129473066
746595096
272023215
899430804
274350148
955044165
63009952
416665961
286083960
572346826
49366566
835841006
101246943
815869255
987485814
238057028
594005570
352980971
537908861
265824242
110858478
280453674
685586698
770499120
653122746
849280211
890693101
453988406
201470225
841340127
818930708
282395087
293695850
131288858
758673106
510675558
837182762
353187447
204699656
545868135
200610422
38291615
47538918
219381704
447155119
791459979
590595760
816606666
194110647
198465726
879168258
86167158
67754735
471430143
552149442
898393105
672868024
854905890
623071727
768181336
349124706
207325554
696113307
828820646
227050297
370374862
304598
693002043
876973616
901438572
349489100
230593539
330447466
523516734
298871223
450856368
525335804
648578789
1495495
464837807
318069370
234876674
202841446
155277539
26598390
367258955
156265219
678210953
796029965
96492178
523622506
300371831
819227031
78467827
292849396
369972136
67894981
848315215
998055628
115433749
697277318
707788325
522972211
894615690
315099512
995428704
407780739
786582058
121210934
528904333
324163071
592282851
803086678
846203206
116290703
144665950
792866211
194692184
80787074
989593681
930788461
339495252
629272628
473197999
519663871
936924968
626221355
488835229
926901625
656644005
285714562
228488841
39967877
398652309
823628356
162941623
606279997
590422409
870939606
64374799
857075568
838832375
565381550
681701362
100881641
468483301
716578061
511276021
618494276
526271812
402902958
216187062
219531248
487418511
74199932
956227780
984220622
349104387
103070130
468233595
916212955
598259157
481178971
898982381
113426843
401861307
422845057
180130824
692364818
650279622
834522912
544929036
837356677
55930089
892613528
490995854
499103051
995255324
535729551
793430074
874019761
606114472
129099526
673696367
621876957
419643753
871717197
15881329
149524675
979061354
85082898
416502220
466168300
454563638
308259432
217728416
66808010
563304293
707605682
55902895
770759264
343985060
897379746
641476897
98984872
654349071
349138440
608940302
46686186
968778286
748965843
458105409
421818810
188134373
125689113
839871571
904545362
340571172
283077344
261399247
846727348
422904445
307791721
406818300
860853737
985059466
765158240
418715346
902124924
990943403
859484828
681668823
515333725
765184206
548868420
432993269
428570130
929981877
834629055
907339041
600743814
151654499
872345643
829430075
631447878
309664184
284268981
939012767
24292611
376655248
789337129
50948674
587312945
277538067
306883186
190186757
798633393
315460485
843997529
334165824
569885137
594152279
269310581
397658603
798523855
905534793
502133139
792516052
844742054
220917041
529196788
802303501
318384988
576251586
737019881
364644486
319858214
395812416
39064224
230565153
836544352
422192849
803931650
834591571
519896053
22151094
899823849
190151436
330025955
138605760
683080302
309245763
815688236
964228236
942974432
984974443
255460481
833010685
196292146
235510079
799478814
591427535
54283588
981534723
573514353
8481656
772591419
100876274
13486806
999929651
30066204
941495615
35806871
232804075
572744804
325141823
891661405
63238225
760721649
661529802
42885417
140396621
758649028
270210633
150977860
531082214
380251797
670663886
775935405
867938179
902656662
841810854
952879048
805641508
153413531
138049893
66310164
265996350
258327645
86167158
958672379
126162848
353868269
980341431
700088719
59718733
963356661
511276021
437952605
301841046
126083911
572198687
769879577
994620953
458967064
456664014
780497698
427768973
819302890
707067868
590883056
320729234
347384806
701140681
102235480
98725634
343404474
702953586
576533788
582082393
256954720
485823948
974869094
544249157
718694683
803000973
446380229
819537511
464931145
424379996
592720144
596510615
75648401
957045024
778597162
95221299
53444579
999882491
482147013
707766756
662794816
57586400
89630925
199031230
751091856
939329925
68500054
718732695
218810400
267980694
974778367
73936382
642245733
338788534
355327433
938993460
233379229
732754931
971943437
74468151
675741882
861662289
611862249
278033191
187524643
846929596
511294019
711399666
759171664
186291061
704774404
780950149
354197931
470504072
966589189
678510618
754596745
649438228
396280318
95588723
842038372
772709177
87172516
163035368
60857499
609409341
34727924
342517246
337206644
523195629
260403996
575592917
928049946
786612949
413522831
357688977
511934947
521128407
548217543
848119122
780007849
531371084
416043529
51763833
461330524
484026283
882214698
892835719
824073506
309841214
947832498
507626415
36435612
913552701
359680937
573927991
561039482
358038910
498392578
272830013
855629854
255946152
75091795
931456008
739879968
335916681
803601806
966066582
491276301
529992681
499831547
927128712
507445535
585132616
137555721
29205771
857983585
967787754
463792626
812582093
775795600
297167326
685406524
857552389
609355632
149534585
617755009
260372278
642741808
342976100
538564900
666252951
982657926
185960190
458237502
224965344
985602550
61305071
332231310
759648677
122375254
59073020
467513296
27175524
602136939
193506905
273156635
323679064
491586708
655599997
293160902
688372859
497992461
704942350
347657271
198140160
864953132
715491113
348160098
375305796
311863013
474734972
438760764
993813560
580813676
97492514
247355510
60127207
932871576
912673007
447553684
660781262
960468362
982740010
665785025
868216384
621905621
935938492
336360300
477354351
550684182
945283581
658720193
753639722
958737667
496201360
360013829
990106399
792594426
628266308
391346070
270021659
629666854
144992893
963388088
179225574
69084362
733748340
994869039
196800498
704942163
776186134
865850075
793200046
72599253
37577719
958750543
653339424
531639784
53940428
717562098
842070800
21723550
602982404
991707178
394245107
138141724
858069188
445000591
389084615
347628049
173015261
441494720
450457804
754016751
510503913
35607929
293426937
437118709
727824178
166104127
99616125
292825078
282682307
29465559
465200988
167736901
848056623
991685882
511656409
860144149
91080774
520706537
910779433
327729048
187575684
604570702
826179141
115643773
356279660
27606406
337369902
460033195
318694017
289412434
900965992
985896028
418341750
517894824
539005805
572228368
338129031
626007963
588328507
58526282
172302137
969564822
215064883
965344069
51054109
570402433
115269931
760828516
493264712
170812080
13421163
987345553
354251363
308281096
580857750
730415054
31969470
49403729
469360301
534378770
254571342
433731839
145604173
669394238
394317079
505533553
395124646
910381711
519945517
7395481
624144583
881892704
266373672
621001178
697819426
211601560
676365005
662571726
818284990
509557334
486317741
683568287
893689471
359267011
69361359
188891700
85674959
575192055
885555949
559053823
191551948
145523579
327652372
344539826
100550733
618112776
174540945
852792249
597388935
243812409
51461177
215107465
81951317
152025520
406019303
619481678
678455001
258212115
248800160
249226452
510616953
772552668
593186278
339896493
444159985
917510828
525591818
855730551
637622636
318904763
152029847
305762282
113881994
538215376
915812726
987484457
803278462
631748628
920054248
413843111
8372527
997340487
146806346
792749492
577668335
558925424
979201285
704970053
151205943
99737315
75342671
841717758
280773930
15393768
167029665
560390464
468326553
275664465
84964209
24224067
595098775
931219216
504242994
38828869
99848890
792310118
88526231
626459953
494526508
97968449
613300357
873333746
844293841
208347465
924641658
988412531
649348612
86538774
920878891
687580703
513319987
133253768
598554284
722835533
271894684
421932826
125546181
941812276
641304878
95079188
692228541
884181179
331161094
287002487
194718733
861662289
418118901
848956321
330846439
819242911
152363417
354406604
359397209
606164967
229479898
764556371
916429461
712576931
326553330
161455285
986367823
669619353
264519625
305529377
560528507
760857096
985515179
10209028
386827968
317864424
799957376
308932201
9727190
316537898
405060762
143235142
724747502
544961201
100417633
997792965
617220763
922466400
132199254
657274267
743964598
676929138
954853604
177320199
947565605
567734708
34907340
71349651
390085570
291791646
666634119
897238849
309461817
196694010
690743814
868315689
273059953
103867766
22440794
133927603
873126116
518788829
77682525
377067435
593535570
384729694
190693049
132391389
563807001
919886806
419416190
124044832
718877228
332756440
75922054
910886192
390060850
130171399
956758432
189945511
435275938
948416074
651393352
951166873
919197988
928620689
965114894
470800521
949727155
306311696
902014514
277830814
784655892
528343396
510432540
331097868
773719620
941502842
467999986
160945694
530205417
369820911
127385051
767340401
787756984
276883231
49234297
874917414
789750685
326967562
223980729
389157434
421998815
700787570
46327921
882744885
449639882
10713528
602587036
985950619
570198280
895099721
574961476
564046742
18583992
883057644
116952445
419051025
975959938
782798230
302082863
885911256
743277013
798186110
586394009
502298190
260338752
5256843
303356065
117680079
315925828
190384688
627129349
839588899
307360840
766905164
885304308
826787143
820519702
906507640
451453003
523216770
231809464
652219523
200438498
194091101
662518236
326000391
644888592
609228719
483196747
104720986
112309355
655916713
855748593
52280194
240158198
656284608
923068303
930508684
229836865
182151922
661735320
877986981
960669414
252812716
603847598
902689006
874767198
694173836
65649389
391551449
387991940
520388628
602383133
938131660
339277749
731036458
979684117
378361302
338615493
528145126
400238200
445587605
853048083
419943795
334473508
180317804
604793814
17370966
873283144
242072043
752270193
745533934
204069432
391429266
705949373
934677176
275003224
502015451
283134
349476500
861634923
872418619
326018918
359985689
557208837
16573240
129110804
109820013
340574914
185091662
190547083
606206323
633976342
33955264
648533187
171610146
347589231
690400533
480661843
881556685
740595314
512172236
290027534
835795290
910712866
154114651
785314269
601226361
147887515
593829407
39157952
974646523
678275251
497266520
941472792
838814439
268993803
323000346
124553362
989402650
137302394
812853360
744469909
123647746
739361296
445462532
200279366
433731839
450592021
211624387
140264506
174100804
881173559
82165282
28092175
945497850
874876386
581486372
188437911
392860792
346416871
217187955
701737302
857259411
613300357
31670356
561595084
509835775
210744183
865896810
419872762
186324761
502270481
201374357
730782163
777056179
518495979
224463697
247432104
698278462
56188538
607453514
136067513
12132884
450032937
690766548
331161094
589612783
225093722
839857963
345659003
976205448
671108044
518888468
770294848
973513863
749430261
886745785
441068060
511479096
716373103
234782180
629098568
151115590
716810497
540291657
867134041
669208860
190896255
931437776
899129985
574592836
934348515
724943056
841007019
933488553
593075328
173473632
633204359
326562399
977133548
429006522
590408852
239836626
951976951
132193328
887669512
798605709
327910624
474282465
476562133
902597896
922149442
663752283
383006668
427569333
690403572
54521005
358254141
240304035
761842358
175105440
161753817
19594033
306904813
41684419
91777998
623092627
991826051
992195654
684392195
155687499
164751671
821740371
753305423
863755164
206363677
743626849
428445221
895788646
725416665
42327188
919696610
874015017
707552786
767304818
740393158
274503579
400367138
194031437
729176250
321978348
977872672
821821528
50944446
274021180
518201062
944094028
884775717
351993001
75740005
584970004
815751729
313228256
212819338
456639400
539811909
403527663
334071334
909707266
501502193
3318578
376407024
549873608
279720638
364063007
808606198
426154249
852741030
778838237
325494206
55922341
939028435
48539994
735509166
8830418
803449388
824538924
974180133
901747714
785123931
639659213
712863907
350868652
549593415
722547993
15698265
554054994
263573956
84154022
670726408
501434873
315289083
535802264
310731479
906571192
471135720
815583507
640348056
586729467
204790873
293279751
285781108
897285472
488405618
921674150
454741500
540497040
55277523
432017779
70969543
59814481
465562678
253573814
732524780
869484001
627129349
828916858
688935350
975635751
30071977
512240774
502516701
920179694
790787909
581351680
959634185
485004909
359438615
830711985
240229152
798878051
236978209
43836336
492755016
284757093
37664318
671412177
245082991
751842605
987412544
42144530
670690205
721288150
616246935
322473364
238977926
639890245
453686158
97632257
206768214
281908114
238989601
675855339
707766756
6985592
931108641
73357719
321038339
746727752
878172279
94566947
354251363
463193989
295112897
353146017
833354680
180317345
716930447
740967894
732216902
129691704
381730337
233612030
565472111
717179072
957275241
53415206
321180977
985346541
246511095
508334128
620613552
470800521
744259942
2022242
573900005
910949189
437221546
534697268
99465627
661596158
139715802
351641297
938447710
595256791
812535305
222937082
304917200
387943502
255834259
3156799
951054850
267059172
488387929
284141693
414421189
669351010
849883380
352064159
219870676
930952373
377913367
879046256
624535575
799338150
682831056
825662395
491740401
103584065
52530252
391346070
975870841
258723194
284881762
483884341
232915532
663316331
476025215
35578345
618524191
785830682
286114185
327996200
15298847
152427255
693579847
286707681
196239761
17952638
609987771
881870852
725798292
613824555
890300946
943066772
291681944
671761015
760870354
464829996
343036872
407351678
469754140
752390643
57318252
32256058
801191536
418276972
104710616
190388341
939271748
397743900
336744871
726559858
495206357
693776600
317397281
523630048
438375805
272674167
705144844
48165701
618367939
323756645
655912788
569858506
675996618
174773940
108389922
70043950
552359602
132127088
544734480
376177286
589235274
774071876
84932274
625445705
966463439
547477043
426812064
832657290
220858544
286504727
64257196
877117249
929415815
372931690
928323991
309252423
411986610
279682496
271821639
836082746
186311091
453852533
780275781
756000440
400842596
644754983
315217599
55561007
758081512
895282154
936243614
353868269
290281610
551841885
489956036
57091989
439850139
718917341
94417050
634655260
836087631
113016883
740996530
36603779
448329031
352717285
511627553
279008017
154116276
639004680
608940309
26724606
889793055
440085312
170531070
496853224
940321738
154114651
522865624
168933781
877956942
339557310
822480994
230485538
798754872
305762282
839834594
385089013
330342070
858302219
217617525
230653559
474107350
204920701
967019393
489406868
937209591
309524412
542401098
735981020
524524561
540214803
795755081
900909771
341327830
671973879
445097465
285258181
206644024
150901501
553257498
222452716
34132870
867332201
787964943
208847653
362633173
798939434
258822583
378406322
236095594
313871040
444057963
634635682
278764717
210887921
13229053
165194450
499535647
34705217
422371028
510665222
680112385
811258526
252320514
75119825
880037077
31679916
933674612
985383148
613668034
89068911
501797074
750743044
121926263
840765584
474848070
207634889
186910622
491877237
686185258
99510144
192152719
279462045
349239877
66617948
959856750
609665316
790465269
599548102
628995403
457336186
344877422
510439359
618477556
356064163
697552608
571967846
540497043
665109271
953209484
389597935
36533495
366019326
753207452
450775205
374493449
444632155
275911797
745870170
193892108
835455456
843997529
953874409
549455436
145447006
63035970
53521740
169656696
294748669
951039672
756776333
975029838
899451476
292586596
897255976
452377060
43586259
894914761
371094934
335283103
479806095
800459964
536290954
303139158
925426344
18228319
109062028
22440794
291795369
766673536
313411716
808462481
345633958
603734823
860502030
853997528
556844344
804323763
953738225
174587698
211868617
294759241
664929319
701742161
689510504
399894458
396960050
155822371
139203598
844721087
366156849
653578442
323360363
167483834
222473899
384360446
299014173
706456045
721876134
626459953
535408360
739132699
55785973
187580973
766383853
27718249
64135911
484993876
922456099
135049013
521952374
121047441
611563208
207342131
755424042
704093023
933330169
947563195
805506139
726805745
706141905
407844119
877659728
802952228
419291728
510515562
490836272
566221716
591987317
68476738
700431153
678139801
689809847
719142322
228635159
675273673
682120966
252723764
749762
638020525
254216338
427734382
504823910
64419302
663217302
21336902
180212241
811358756
587913280
122084552
435166260
728623556
901891707
652570594
428169331
975290151
338264357
853711928
421163641
532560175
587373301
682961890
321771973
230315046
810463923
294438217
436146319
300297852
557716844
437616517
343172511
346013639
787314957
482356567
664243003
825764338
459724698
680371419
294571575
676965121
226673383
549691866
213982744
328290934
436330474
195051444
298809587
389437461
465308584
569295890
954292412
35924775
123787061
467989754
628995403
60709438
11220398
543806849
22185326
601862444
595233274
964228236
759380168
690962452
742281496
178781862
879845296
620164543
413511682
163978262
335023806
657776321
257165372
752606703
934692827
973781567
538242204
238038533
170487088
5222175
308595917
99963012
121943426
767841454
657587771
107196801
461804235
668852419
663665790
438078451
885336150
891090003
613766370
156691967
155524468
387724498
600040266
208075537
231762662
295018768
601218974
667667183
389201817
297637735
430574010
107694122
505285458
440958146
13580773
975767489
328798990
609108971
834234726
201975345
115135845
548467695
646639845
648533187
28766346
230293269
402868870
933158336
794955492
145654596
482996549
740973017
265871863
879250653
97108624
975406545
723138163
954258731
19454375
859117204
475197239
547864581
824865879
554466339
854627166
615234426
564380583
373867201
136945850
212189336
355787641
819031300
437660472
365958785
475477268
929822897
696246768
516825351
84825694
168308048
983897212
626419512
385030624
655472131
556666644
139715811
718315843
113857979
273185314
344187261
521001815
635793498
915638585
236356344
11978051
851478930
878340080
850851159
448393561
573514353
595743565
885694101
10309951
620267982
664674419
640079887
379747661
157036422
747964648
247588239
419686
964043332
295164942
310203050
401861307
967067319
373630713
44949753
706274854
515876292
563701944
851662227
663788781
397455360
874550456
994179720
916949902
582923116
498876562
516825351
185267362
788214970
649248754
142696714
653452376
57318252
705138386
467887829
706921525
628407722
151694237
646713438
15477869
512011385
886497595
780497695
84883973
543032375
629659584
154114651
326514456
498469821
821405869
412459057
860093680
740595332
897855978
233620116
258108269
813840554
797301410
474566543
715072622
496408762
548225457
804515074
394271354
177309031
222982340
458661788
369929767
483307691
13643660
208713463
363477864
775792409
887065668
209348635
24932961
530227437
42565427
253462452
844594582
190499616
807232412
290838160
740330891
282019913
298094046
427424769
901875041
501900718
342297497
616402007
780950149
531233220
36495423
3553635
50898909
728730083
646855304
585365199
454288965
888245703
718073522
950352709
466149609
924294105
570747324
787861541
322431372
729524696
208529568
705492441
160627284
377301301
155822371
236457377
803285296
804195407
312334751
657005706
295138918
25141100
351000733
307171297
376698553
526623606
835643693
922866301
36966803
368417533
648845164
836885520
352178571
649759147
297845463
650885659
287239183
746054139
611725771
25851649
401724695
940288671
225051750
500412031
382957752
128451397
598335119
557069934
178175340
801841209
933611956
139995482
866016752
809666074
877970587
965816670
960915421
518714943
499068731
180362760
281357737
323006303
87758458
960035537
656601081
360311573
64455060
723855104
253028935
524936676
382912694
771269466
927128715
988534969
337937509
464113870
501735179
237288278
784563950
419308664
311311522
557168471
370609057
851682345
748687292
120786437
49828785
311848521
433522136
649711009
257873715
148225639
765357734
28983126
228380069
477795260
446814810
677498823
120227384
837408150
378154465
788995621
869856246
832428623
762552936
557172405
779941192
506544754
256612293
799217638
425980532
841368478
273053841
35593001
649181033
947513813
676989895
522885526
715718398
419777904
823587926
237191760
982119775
641458012
633613745
680295694
244069216
845759771
417176709
599787405
880821405
863676215
534382809
326329125
324620418
839588899
248032544
937671150
493364353
796704422
983636862
367826868
470963409
46818014
215392239
488402173
812642576
951182692
301841050
505755495
94840189
987881594
573000148
58885421
574428950
796753696
526712003
335529730
126933772
511465689
989765773
120895362
521306317
486091311
357450885
112421198
550956422
388842922
226560997
608811544
230331912
647530132
348278504
386694864
311074415
220089328
680354809
852548219
693929335
593000122
879268008
215516749
340792259
226800210
287187282
586897727
898729806
921646566
228635159
190161797
723456814
957944799
489181429
211538229
335529730
960837046
110440791
959917985
363626254
515333725
582903229
450813116
767964080
772173640
355760316
700498050
793307343
809241303
436816839
384782147
256413431
288761978
958750543
104409282
638624372
62820273
437169804
77839047
436483676
307597164
830292736
697364398
896653641
317997972
63527175
296500062
974880223
676591893
639004680
567881139
940436115
711372624
157186864
957922386
388033916
891998544
435422388
186875858
916949902
132870660
198415242
983805117
228152126
499321604
91407056
946639529
346713269
927786280
326710666
820344540
223727577
700641841
321478937
572818989
162877008
261471587
865718580
179225574
478377977
638748118
172547439
59037198
314632755
883666189
958883719
511854117
121565029
979835524
720747331
867069056
8700310
259807002
938993460
346667174
970122917
578772067
737778345
345708251
448743822
415066020
14185053
125004944
532018217
243586833
30483574
203844155
17727003
333809281
604889368
143052504
51250182
918893367
806359220
201227495
976094391
22962664
560155607
294107403
32115914
168947840
283109722
860360651
638378330
138464537
609189793
268693554
777676504
212679815
316777186
1967167
372799087
491809241
6327379
712139065
418573536
596528570
25075073
999806030
844961610
508208779
362099426
808767522
677255745
837329613
491831616
753246664
400023993
588055865
371435182
255649250
439981370
12310252
415728051
905766485
869486964
447642963
774083339
470504066
970213682
19427212
900559942
736192088
531089691
170792367
453850975
8589080
741600325
235549818
11175492
668087777
543916875
236104443
153896618
870004992
310778868
964036829
782488972
838443564
786820403
632233363
731892008
785983894
477755133
181638935
679698574
153645998
367034118
210146715
326329125
574097684
465066726
123361982
857354819
695120334
999127160
294748669
278000056
729360857
805093167
805997098
594173198
779489554
104657164
923257150
23769460
234949360
754249307
942165267
980430357
909740945
983256408
44187474
76893373
17578070
83188058
208091774
667424354
659771946
913387930
126071932
369102735
851885445
94680328
290676858
122712234
919073749
88352635
400771850
745558673
601812585
742635881
134000735
454956725
854627166
693976877
727077577
678270080
733001980
757618324
333554187
704553840
784215196
592716503
487922734
308984157
830869502
847058468
931135183
969452414
702246656
447020696
347086919
107284543
784449417
619032745
459820665
391387975
634413240
848495007
983887182
695387215
229294944
240995773
184635201
711828621
454266321
899261897
389784137
729770211
704415070
28468081
790787909
427724512
448462998
394028264
269746237
292090382
50034489
218436948
760434297
461542001
695693957
767704151
214989952
970327244
594038627
692196883
307408248
774083339
626150026
237697479
70653392
327729048
318094252
56745972
360347917
961933315
187142135
882000190
154945315
937009850
410730041
223908009
689806799
104491450
432758230
398681969
485872003
520922390
130074237
985896028
498912438
383645346
549703989
726529991
521462788
512151284
465885639
227755711
11214482
358863136
98077593
86866762
911348258
552793409
226850018
503988819
853714254
350223650
358861719
473464726
757544570
224495000
740218527
683657953
826110185
667298044
653149086
482385118
361597659
570879050
271871874
944115817
214802446
211832415
476515184
458399511
307791721
751545234
889113827
985337652
13476361
918366038
647103711
469643915
606028323
379533751
174010521
731210792
583475433
574920148
308702064
840181641
985346541
814854564
243158873
803496195
511465686
870696736
545873613
166240007
171563130
560817421
747539643
472493164
561497161
472493164
270324907
969442472
602349799
553958383
208091774
902934825
58477588
207521638
828571614
712376758
391065738
135071629
472630816
540731426
163395867
272227776
99142178
268228820
543416607
65047859
573900005
116300488
89988769
38811207
480885059
5230001
597413151
268652783
283874920
448783729
412002471
877064785
835905554
5580004
817526374
872344794
706018797
605332193
84965179
885460092
143322104
421224529
185676572
605167015
665818254
264670913
810135384
518107439
994192222
388807020
945708100
407959643
413542393
419338937
755143289
817861912
1320245
352340520
786156310
81170695
932815207
198206490
350216123
114505387
643112183
369560895
738592758
95796916
449376771
908599361
115437274
397388765
407829597
808722802
868995917
88296224
650884126
730917128
980287577
624278643
140912819
472892820
728117434
936209279
755480119
888192936
295658714
862369589
116142860
51898871
981366457
317933935
789660064
354101522
348303188
762849031
312072711
318796945
910232331
193292224
823167400
670571628
470252380
342389118
749472342
842379085
897994360
421224529
428524641
479465522
62802472
649953665
166066006
185715166
355686313
454045318
877344947
973140329
703522314
805241986
88094708
284216221
314645706
317781298
982423089
604380796
743296827
4258490
167595941
785229464
187376546
327458935
496173296
809020798
231084746
872351171
163632398
36434538
320826787
47787121
718818986
600015691
677670089
431294928
723138163
728837046
140346877
710580412
824538924
960554685
71238512
131112874
208427352
584013737
520811894
385187883
406296754
45725362
181768695
285485412
613472568
390236158
211601581
767400831
15477869
443740778
19427212
72789582
844594931
957451673
425643005
601727624
910250178
542058488
704439116
727347270
398129277
96613101
342525988
744028863
98773049
668276879
398674975
158617694
997882878
651513817
521264739
25482469
354173578
494390631
388290810
375179868
247926774
963332343
319019717
522915002
507269210
306866459
410700130
389778165
706548795
287940378
635536998
592280947
746845592
720114596
551688454
876740225
389001928
52953544
841199195
36088660
959506433
325017278
684837503
393172175
22862682
716042308
490380802
4413460
826466863
174593479
832890085
501502193
365319690
324397759
103179452
645398103
653439675
302567340
637496903
981791302
683352149
957314109
249392152
73637863
898389540
909095608
109352938
472896223
934219489
922289905
835209544
215287006
738804635
106550322
352437578
152851501
816389849
482785949
253779971
428093144
518992477
541742934
176243448
788715628
645468771
24718408
382481130
7639940
248835216
190850054
359902183
256687084
116041540
94171968
467479875
693732989
52906794
734783629
706539732
270871468
479252276
396132137
28879931
903944177
219445906
601248070
542823099
458098258
573409961
170717803
398400375
946524552
322169804
180041323
899998237
420868533
950385195
987490711
886996279
923458548
839458920
429763282
696503688
863809867
737579270
40393538
546233936
216663550
661651090
886719191
514295065
970649129
450700941
937614610
19273469
58612988
695856644
502415348
172347800
763169969
980450220
636578287
612417862
22991572
636006446
238650650
923085491
981395109
174621891
549331622
968459998
278930819
577541652
908429753
555055487
794826714
761241846
798033916
108636290
906977361
542753033
825818401
268529184
185836597
512339933
922273710
118046333
611458722
90042724
472100943
783515463
852980378
863858848
105436039
21562171
66320281
53548768
67788796
433886889
158964999
514464148
109675952
480093214
648269355
457087629
403790002
81025392
294450798
23704128
296196292
299127677
115785499
714697983
591599894
331796079
382003007
89331898
471330006
759120477
67382754
524460545
175144397
348517241
174060168
910441406
708139901
448347697
198989475
136527250
941452925
616567825
716992620
454995427
258671249
718761013
869601155
399708225
339277749
439046864
939015153
480159299
982411528
965095268
805881976
785979009
8188932
201374357
120023370
290996706
560366159
469912446
696303850
724377856
182343713
58194448
837275188
522661288
362021981
843826752
997679351
659693222
830031839
107059069
202315106
214045069
646293269
441338256
37880349
475923000
813556434
479850509
365034407
535957214
334767353
772251864
891090003
998952045
146309853
689866359
408302448
234621955
696907095
596076329
872417878
364750527
725940971
441567170
442754701
956654242
279100903
913040556
303819516
268690614
22251663
256167583
712284966
734172411
392350801
509835775
772847387
86866762
742205723
166021944
168180151
254778668
130459644
51769923
12137984
570323468
91777998
381814058
319536515
852077143
807586617
609828730
279228783
990951180
659904342
548143667
350847876
865164837
732276064
77591531
274984629
613609974
146406598
822376585
352124483
794966177
881623498
992420391
358346440
635670295
206756945
353966357
452289681
50955374
338788534
65893594
578810924
507265010
603364558
371124470
496706522
336401453
261497231
680428617
967675669
501874354
180818326
978923459
705522124
679840438
851069886
675273676
416197918
968587196
122521217
675088429
37577716
761241846
761753354
641102598
490506365
192073346
746682206
431116913
72344018
276434200
996536922
582312567
57423127
614730418
909885450
611083698
802212888
72707740
971862146
380622814
110451569
756369930
234262121
84521548
530079254
29801669
100601002
586729467
26713497
910415151
884610612
590408852
989680448
776715203
950916763
729359065
596869572
776236724
197385344
971156889
145089968
929426179
243258608
513524936
626691528
116731088
703370305
752851075
781212805
79289147
48093178
156803463
782240133
390116112
596841223
871236684
225353882
441736923
853048083
657587771
949639471
923063180
539415018
393291030
286950835
858556062
332833431
359738217
106550322
241243219
329728518
244157787
425321117
372329398
727353601
831663456
558505873
331773459
722681857
384224308
634206744
243438163
24617652
111438574
233195164
809676734
496960696
313143415
258048544
412490338
717682708
75820175
50874293
180794990
187012598
866236647
402132527
524097976
393673041
914780289
736062304
579292866
618170497
468382695
618475624
480981091
639466673
177530716
456109769
838175995
398049843
326647924
269826119
292828369
5127492
272931753
708021734
589089318
123974093
78150653
807546263
764594730
839699897
838182757
334028358
769907727
221636187
516184873
383699661
130029825
983410944
692240642
100562611
253248601
365071615
847972449
949248706
86289217
430279090
209227021
115995484
183470473
719430947
727218732
596076329
268788205
726138540
879824308
885256819
652501287
68738076
926508232
694077471
818638277
825730212
929546341
515942065
309252423
708488843
758948084
693437373
850620389
221446493
575979947
878126460
948074458
48187877
892840064
418086234
185554981
653723661
360995959
955853166
932714484
697186496
176226519
339055127
539429978
994149442
510578130
20005498
834107656
582094011
901466646
570645485
802663197
217786151
829934723
281102722
708195965
547781001
763629414
694576607
306714892
599080277
631067216
436874026
754934979
617755009
554562725
871620347
647475192
328549997
301866526
60733184
379960392
767212920
589257164
12137984
318556626
905737334
340850682
446709720
979936809
82106940
429616158
671271444
351229228
534882244
804379185
798965042
950602836
475353239
143846519
420621224
695966953
905029193
528333534
166017312
171450316
188437911
241912023
187870150
495924998
623360046
59302226
490438890
375213330
619011858
698911764
426909238
690495120
78641367
734844908
788093212
646713438
542019324
52906794
163311429
322955509
548816098
350409600
891663376
413521609
301541553
975213916
966653039
689187419
633349079
275581336
672859975
793312940
202708736
553696982
1320245
321655412
396155060
290737007
484721237
375470079
399042820
781268862
242471425
933073946
517206271
859732342
937532278
157440906
390161564
999297268
481514566
311493486
782075465
709296514
468739668
343325662
836305634
13495585
605694853
455125090
453486921
776449593
110734706
776955983
723484323
7156390
638672616
276457010
958219392
381862538
533148440
623387662
876461214
97285603
872421439
494966087
84707301
197501844
802900369
866812840
620702421
327297392
414617489
432274343
551792002
781880173
558123379
79482502
79335171
577624990
936352896
413078330
653333351
529339974
638558761
960554685
638081565
835841006
378831840
690465136
985508557
600327488
938142993
928725360
154380666
449034781
735321583
858633649
931219216
929314674
398877805
954654709
690285913
24046590
142656755
184482594
464672129
328195379
196635980
566589798
948213126
355808749
568833447
645000560
551535036
768377741
640702706
337583397
407705346
275844228
669710580
756075613
474327562
573629455
678218753
345310522
618920608
170792367
500297205
745880630
666771388
513663223
202164556
318600962
458636948
376279515
496340314
857796446
891614223
920506217
866844136
720753290
28419900
152615327
450813116
676280262
669851246
167164373
830907312
162047588
421160885
613934241
46296629
926750339
445000594
373582461
35556190
140386966
109748398
67894984
186170372
637622636
166640009
498191435
963450782
952907779
322172618
509936592
529968545
342076400
814418394
7548249
555368773
178547146
141260038
50629338
17528219
746438528
340533988
171729778
642017002
391377927
190816284
953603096
914967331
569407588
601695981
884710720
133794981
903214903
201875560
76039599
602278467
771056184
968777132
359409494
946231855
631006176
764000205
503652274
104367685
896426310
539838181
31845672
560852014
770749956
33257478
15393768
705181026
124082092
150977860
461425821
703733374
490995854
229539937
422575152
475383861
309055133
279606264
454747315
254812426
432607850
255259740
145853891
740442499
371386955
732084395
63238225
528061805
135852918
829163204
907334050
412593983
851756690
912754035
495004343
783845150
135049013
30089178
326642406
837362143
196292146
139575200
172162518
758640631
228083257
614193121
786091039
228189700
331498276
287608230
837356677
233891608
985948953
547467234
845535862
623473437
997130011
684166425
196395491
435497138
219007585
864007375
439274575
29529028
609045355
76931165
594625759
411319593
750570541
594449358
81000964
759930814
727067388
462496268
369310211
86984430
608525050
994139432
891142602
317261538
953745994
956385591
554526418
448349793
884145705
507380539
704287018
507699280
516624221
397321837
536008266
378228032
632593929
398548779
356263066
291225395
888821989
664845680
58931113
190192199
922073281
586563530
90171889
467573732
640682183
1578402
231408581
166763721
892972508
253849641
67813643
314110014
892349771
116351543
696771476
545182896
662090127
847894871
84665320
725279985
44298552
9871293
193664239
327961687
808150432
298377005
713031863
12388770
479700787
733421961
321270628
79118851
990499498
599584206
123825262
576184783
256333453
585977340
637727609
283572651
912726520
834240931
300802398
160153814
560390464
994997598
790247815
243961368
66286881
146580452
607082200
375955709
36811928
554157611
859152923
25393819
747508538
552976296
695786565
611087660
324784593
964050195
661289910
667656238
455116750
669780025
887376980
96273912
819097468
852139760
896866911
579948628
701956253
273185314
658324353
880743273
866076364
420849915
661375068
101834450
693782488
776846989
588761382
618639862
218089583
98616856
804929989
943891324
139035891
759934668
94095865
100890751
710580412
57997743
367006789
389720726
626419512
235707324
9884658
583466080
621149850
525434893
910136376
821162602
417904147
105864190
253135512
520687085
499242341
239763206
423891841
197933528
178804082
125518056
311685711
414221937
879104620
868953598
723708050
612194503
890558379
425966450
23707685
934798775
140438747
638791267
959017757
92351651
400672301
446598098
342245205
521952374
376966081
903944174
900712863
627560482
815503759
834234726
365628343
39157952
186192048
466025060
8337834
148287100
292699919
59552747
538295809
874005276
524724550
769113059
77062941
81039216
723429299
927619470
151209785
654941023
143074694
639207174
574762307
581761981
985182020
506803469
165920058
17159612
742987246
581622919
839674709
693412056
411556790
165497803
237191772
735705834
375843712
904503849
971937993
244084851
375624988
80910640
432155606
424972352
658354661
698802716
622164645
562084383
893410171
707487284
255739549
346504483
181480942
84570348
171193996
522728578
409414295
723641591
800695987
663217302
417279829
240186354
209549575
373653853
569845647
232913141
650279619
420612094
309863036
460933001
394611211
685377263
14207258
740062771
611595419
540497043
667211211
969165359
91043697
944215989
333570691
593072344
890579149
885913079
725792404
160996064
340792259
888825091
96964672
7217900
95266438
455921136
590272682
885846886
646135481
594159607
736491093
447553681
444096469
986738905
975569944
972286996
892550252
243979609
961442800
132514842
377879952
474392768
662081505
545521818
887747219
460544172
264406243
610385736
706831714
902998520
948922358
223484645
963017967
715717987
556395493
386815831
798334522
106522987
171390300
608845693
950409871
711792000
776563767
902464923
812551065
11992620
219859261
499279127
482823684
744873492
304751659
654941023
116942734
413960682
190659315
510088114
930952373
824842578
722588889
273076883
130888147
630548908
39511446
408792675
93254501
865633938
333851233
215443444
643899919
283532058
96966204
604868690
694209774
110121913
104766468
686700151
608593947
134495200
175714070
776460695
881039263
165597450
237783447
138130845
930571425
696303681
69297528
952786251
652808165
681273376
385118929
964239596
750270690
282964425
381409059
79047952
869748802
861947157
993982367
653943461
408203409
858069188
851478930
437272839
594536555
433624691
922711743
444057963
113166446
162847852
82718401
220306374
233612030
368490504
279077941
639824167
430754274
552330315
918426565
604613480
881337145
93136313
627833702
344542929
983737727
444165063
233342015
455059703
754028852
75585747
76366400
525600691
626419512
684240937
862047218
791573513
924102413
182654737
823587926
207566785
953953888
636217155
840123238
957085196
792932174
546863864
459359653
666762034
120585772
813088952
424663829
796418060
51304566
223155892
356489838
718408232
319283128
879337170
850655141
733682522
733357926
114141518
695408778
293415418
541082086
665993800
620879803
269054283
438371456
897209706
651372040
700498053
58296969
981509208
862531378
308720816
601234152
910645996
437700633
233296492
211578416
44546241
567641163
757313508
7306662
74466695
393878493
46966754
369351995
728660101
654375015
403055178
42168390
325665292
835605353
836839838
577222065
256567748
252538007
840436111
404360318
765895883
306883186
305030558
894149646
18455581
875558538
307360840
756745810
205020548
154129717
488962710
930571425
291977900
871822986
898435511
95049496
826825664
212578471
297287306
596149086
859500735
637023736
336633358
965003723
988489872
585901879
142424497
196328082
240736844
4506015
21779860
222085440
286467394
591716992
95773175
182834148
551396844
37455367
286868170
213406755
930169911
268017107
872234924
380019345
428726311
82691430
628326233
799454317
979915225
979304739
322431372
307057690
617238745
126125038
520455075
295135756
326531097
607445755
974155907
849101884
594061766
398650706
366630622
40022472
7766453
118283080
365947253
217748570
165351422
118545302
560506939
768023585
894087190
409250382
758748901
686361716
905891764
997771970
610973933
662018885
465488221
541085128
7171951
681631707
493600982
186874912
529465426
296566801
323821400
532710189
760632339
705039487
19994977
339790594
373542724
457315504
693323020
744723326
94721686
637652598
620784960
851069886
885239363
819022917
455201599
36223420
937926790
142217454
1352636
618678243
253901896
955293586
124287240
52953544
730192111
897422214
719430947
871053826
148584766
620478712
803564329
562715472
605936197
440308821
59160712
356258547
522670230
242152147
479721387
614780191
178090003
399552009
785464594
439343980
311898993
441381569
441862601
347267758
120379999
339410799
642046416
504653131
205475695
577759656
913954304
620968488
821516805
538390001
197387387
190894190
330412805
739804702
947516546
126996769
230073058
404070521
358169670
156814268
601217640
530829128
853699225
766506080
988335305
590258202
628326233
172723067
179465867
745245516
98830197
193614540
393514333
274652899
818042124
433391933
597792039
365552905
532519454
836695512
368629092
920148389
446522301
447827728
106668769
851955220
751393881
355760316
651678002
975844221
945953043
739501084
578894365
776134485
504949241
800906262
408782402
572793805
751361426
264221247
919756015
408473007
750882899
208571714
450457807
910530477
836687646
997679342
925032089
577230274
696219456
658947924
359850586
660333000
77190334
631712239
698444198
671395729
933819409
317667889
22118060
149262940
202453086
133129724
463234475
710762989
658897317
133029958
45394415
48451836
257129423
601695981
601860567
86755606
440756388
380265498
484519589
639167030
115345270
807925985
385354426
836506210
158385106
662484073
744045230
435716235
808244907
724153394
739188958
721451404
270959108
978331099
347544605
44961262
65930835
930508684
291681944
762940452
98380963
929803375
950602836
235252037
171183474
2249272
486091311
172044312
913810440
469643915
827331001
697023227
962570102
308626878
156921711
371985431
852361660
711452192
166019069
799767148
515049971
12792338
33294833
663943304
164050255
559884368
225232996
716042308
56884733
29528111
594191546
222204898
919468668
160246091
354098002
277332827
246770277
110818096
45189492
929318597
169094927
590884317
678942004
969507546
550629011
459492219
983195786
711441511
98973448
32777319
673689428
959742245
140045554
468277741
365236017
379065557
252580326
608395969
440183987
758312080
824965223
368980717
388118363
952132845
101021707
381201878
513621571
203113620
335768649
922413976
904395899
147776370
367369967
191557849
406818300
548217543
432626637
769418472
614098365
116147096
809966011
161887273
498680172
778571397
660711927
358905459
832962299
480572343
414198130
845708140
154708477
924288829
476089236
247073215
690985565
338580764
628079182
471097863
980942385
324428129
340770192
266461237
311217326
241785525
89443432
225887870
635438806
622715170
780517593
488964389
55561007
818841276
145198501
71375442
612447148
575684944
392061937
910375745
156341440
192786909
522473948
80278571
666252951
513212151
129927388
956622661
262157219
540966117
982640635
626823427
449034781
998156789
268568396
547666131
596378698
620743966
247432104
332634719
195176720
195332479
981488259
710874329
492029075
790675811
364644483
360009419
280511271
500464877
104894450
381059981
243835461
902793664
96773456
573653870
514150007
638296539
337748648
151383436
775382937
331115367
336172269
17654807
554333297
665088901
570442147
183668724
248247983
44810342
544249157
250622050
497516700
972833093
623912510
167483834
237983623
980034355
745870170
37880157
634312875
763858116
961892674
936581335
973429923
871102831
895544046
194206126
183699527
163180952
492526045
19296823
336237149
660322122
62631574
186372614
10360003
354586904
216171184
160329409
955101769
834800887
421079834
158081658
321949902
462842623
199114851
649442135
683134271
311526621
961892674
779909653
697128351
509665164
509966823
416343476
791116896
413415937
69028765
978601522
427786139
707143821
967535122
933591160
939523099
499013413
217728116
748112292
649981128
476959649
856180138
55919332
805084112
698100313
897832527
547477043
768083940
394408687
910259822
861206034
303498973
91872235
25136172
634735832
172590371
801206645
252784209
98164042
377471598
951856384
505378940
205184596
351625093
329531909
875113425
209230029
924819380
118259760
590584273
85269297
563571989
39342029
187661063
457011066
428726311
737053646
67538049
371907326
868053173
214043921
796022289
91082045
290332572
864959364
299751502
938512956
20865138
999806030
333996325
670866584
921971794
60102645
126748466
790411302
932178794
655472131
966856418
207940820
666753003
728657140
918927979
497266520
760847366
105038237
256064388
900347963
522233535
417958530
102623387
130171399
598564228
339272246
370931517
690501235
622716488
264553654
942185612
421449963
613423927
887000297
496111034
49438879
406990380
143322107
221870390
97410324
421578484
758521662
107536780
893323693
596943255
538783995
776276768
817753813
992062592
628910188
750810837
166066006
332791580
792516052
7659908
110140586
322083643
548225457
48616506
950107973
981488259
91052166
376358189
181816399
696430367
14702664
987477354
481539846
342949330
556201743
328703385
19772375
388823765
383441246
127352683
318694017
353359035
151312305
556898467
473115930
252320514
577197353
933038153
775333028
604906458
408177105
845309367
826854314
587615378
679662133
211573006
965603628
973319734
448833705
727067388
694077471
480981091
937209591
553608517
511523928
504236964
139884347
716650523
667380234
922555482
215132798
814843521
226127158
617856225
22862682
829430075
495914141
324465097
213803580
164739843
746978783
342536486
141063458
687746913
617946249
368946838
930622292
864544409
688542671
77464379
346861341
469643915
81829349
286825878
60004784
400458706
7006065
100275755
117862860
414689974
851758885
850938199
253462452
521264736
453382739
153744182
699601149
368287197
753844442
192425644
895668034
317402338
283445125
576875245
652501629
560608881
68472926
41329548
864959364
600015691
931524607
732478061
960368525
205581645
683930345
886563739
100962919
49667364
861008591
490457604
784669758
547283443
537074493
487979970
665993371
279726635
677913040
47738779
41711441
987712701
471564400
890757570
512684066
126080660
295125674
70793394
735715041
674445727
111789983
943517902
23260774
677253022
334171503
792302490
921680534
537899210
632064381
327846337
792127757
671973879
683078394
681342309
821772442
450837831
981988122
599766407
109691836
7351333
579076195
204382141
17495485
335004499
284359749
572744804
490946086
836082746
610028397
754392719
354049037
821287485
715640381
231119238
740679622
925897929
951182692
523547364
928372014
595080868
920868526
662761340
333885800
77250262
293950802
339064689
478738710
79223239
664243003
808105355
179325009
761317124
129054137
128849338
750190119
863612734
322684190
447690517
367283836
476639198
86295051
8976320
350232171
538299648
680470030
699622079
90397496
490550259
150559305
541839312
51086816
171163614
303013711
409112146
457351672
475647417
490263798
142592311
477228644
892648442
452289681
2913735
35031041
981678300
424602820
929750079
907252297
228261975
399418494
714415796
315289083
127981115
369929767
865850075
819979804
231682365
269482570
122133232
246684997
471088333
804308824
943362140
94514926
784307998
283322455
426966333
617703653
744928065
84895912
752460277
760564173
191134414
29055769
309274315
127762630
679869078
750056656
248657981
229944898
697844323
696332187
572679916
270394455
905766485
736656596
681604505
973634663
196875913
41942030
981791302
193962374
281520962
52703731
945778341
706539732
790652094
359850586
766567031
333649023
436263798
948536066
834544000
857542836
337636839
62907510
755121147
823990842
468382695
166534094
201742798
139408836
668152334
408497652
258783232
208767032
672337009
902198192
13587017
500140408
902023163
405259275
605934278
745214927
703649503
196544053
44561021
928486770
230653559
609458981
586222651
600597223
133411273
24318692
859588401
770273383
528635311
175439910
716098990
886824576
34694742
925974269
571349342
109405201
617625799
376358189
472379080
702317626
924671802
330011367
70345256
307585031
110490826
690729393
205491844
234337876
186676423
364887910
369210078
457397720
792866211
356398124
64138101
757846632
576880811
286852728
655608634
817626952
727353601
385147425
829846582
198989478
830697033
51432902
361020014
85864890
460972902
516929321
513276227
265611154
758892566
816031841
726658967
188312798
234517987
662018885
115493218
677607697
556208520
253616163
962686912
158974701
209401014
271677275
198215759
236357509
451233027
884869485
707782320
912552066
679454873
880774428
639068736
549962458
13638308
311921640
578608739
776873700
322292241
279792
300100843
172546356
566655791
410143728
125470782
798077449
587616576
810497245
273417071
364884131
158416413
284814845
593300808
649811388
606998749
825672517
698346017
860012829
313228256
149439080
525144666
9286872
663359339
229327124
763729775
451315478
495395874
620110520
549052853
449543482
371920505
531410106
208295974
949089345
771134503
92980096
144179175
736106855
291941682
192112155
540133460
34597212
873489361
515841874
527328849
316942869
381034296
968640155
656962583
353692802
161145396
71872904
874683253
341206613
694126169
188811235
828021448
455949520
980156395
936177150
587002303
194975598
990466036
292145190
195606451
992734103
166779977
323012978
938672443
902969121
875142083
176794288
171138995
974513235
680176208
2184078
571252723
37015339
36088660
937150372
118886829
349401359
560224351
154306651
543032375
688537915
268269045
317469352
771972528
954299650
574961479
127285672
542907090
420847266
116377416
330909033
404360318
996023334
198570595
435478978
159890985
609562459
214908213
451543655
993940057
507626415
176052118
241758758
194387568
196784247
673503283
831535067
786637158
639466743
833489394
240968263
77656711
954299650
293506111
501484393
10696601
124702304
847941448
971133043
186910622
354486013
101823323
798358603
933138776
112309355
383535102
554298246
187970618
225040316
176468087
341178983
707955030
668142663
746514433
998202994
85635290
117452166
768071409
703692361
465728005
62280193
285349742
513859094
381068763
294617638
406600010
531824271
752657620
984220622
176185860
473186783
683080302
531721231
401273809
23148317
24683284
567317492
755143289
684493513
905901437
553523866
270213966
807979375
392796608
840585694
265309035
360827045
124288932
17277234
404279044
413072634
849896334
88433714
822446873
812551065
681604830
977613556
34179749
78543628
710002850
954622464
200610422
439601685
25417341
413961282
221598433
561008910
876652681
779285717
526412491
114094851
509136016
51130099
401490301
640714164
775010895
948133130
292075511
722859332
901151052
577877265
892586191
930397360
327941537
994325152
744135931
416112967
162184169
161753817
357394364
249082925
219597816
432993269
832598603
370519179
661794268
338702075
240958521
198927147
673849601
683556833
283497526
493731172
815655231
765375134
416556232
102726620
374542551
792516049
963246990
711588462
649855009
823350712
977567161
928641546
165022558
922885390
293150317
958422376
108159932
916896943
406284468
697819426
74785653
234956224
61759575
487002144
185414949
145638036
239886517
366303626
121279780
272786935
230816789
495502836
407597569
976947813
830205132
758748927
866308199
740595332
550037458
469179530
340604487
189039643
800734271
450336529
804886398
474282465
62140410
52932096
565828787
257373577
469730258
131289685
869478234
892680313
974256436
573046396
264242216
242497394
986001455
573769735
647709581
299540141
934497928
306409470
343767330
16571128
342791489
431940877
179888970
294268737
6923403
639651462
44042291
846203206
984073586
279484952
391092918
513329490
691950757
3720007
602749660
675119329
987793731
722239394
745372533
311483038
916510838
434355486
245380401
29291625
919536444
723136592
163129366
495233019
163524020
998836235
40405943
409166694
722826931
78778684
121209387
626695099
478219164
226602188
473197226
20632626
697523612
106780815
480093214
773364552
606397099
532129655
123825262
422872951
290275223
184605040
977047909
258123654
167756607
947004125
996332356
172834351
326669701
466678362
384256381
17369182
528065869
594317799
300681503
170095057
239763206
192394847
335091554
788343629
147026392
940082786
555368773
409768761
270871468
892794595
156484942
165737262
420677155
629857184
886276308
264517785
975218136
983837804
488781184
483230551
249834306
846368288
406321289
101053238
292586596
157708606
999082561
968287067
411130424
767605039
876740225
572884544
818235725
115057383
944677388
385807895
661210889
35977846
352330023
389563008
837198754
758008228
219084028
910168595
779776731
217306011
260298261
245914533
253519919
202649264
130094292
77478549
296841103
617320335
427929981
712139065
428852458
127290562
703914768
809731192
635931808
509954252
966958074
224058443
454747315
906254194
27510166
809257906
410369181
830779175
772408110
593248314
657738361
646681441
412002471
382449888
298379713
422658158
648870916
815674585
848564145
59739461
21216203
62209686
711392042
97811685
854738590
891906144
830445224
552612825
46594385
861432512
708523272
160279494
257119788
264670913
648280623
149059811
333760627
791701751
890072126
557960302
756592498
996413182
19755724
969293444
392796608
280649390
148483952
256078224
764401289
894245633
642741811
553257498
453884448
615340026
291205984
576309993
746595096
630577515
979789449
535123640
394405293
171563130
843658303
949994992
344294372
145799248
345566020
405874634
812242979
509402035
628166696
715072622
19251950
561202443
828378239
979936809
207408090
780021176
536038078
802962984
379752521
31969470
556139887
763897815
506227122
872451026
790038091
811206199
572134654
679605944
808486330
70963054
180327900
361003701
978459775
799207535
398640317
733920151
655912791
488507575
982618298
13121998
370022569
942090559
402362244
416764060
954183896
399469718
170285587
649422607
409029923
346714127
234844970
496772557
623040648
609540907
424301176
163730062
917203752
540962611
210287600
49158371
482823684
407731237
768591473
993700132
410968511
283245129
295136342
792242900
916873972
654387733
64377234
89655368
45250820
943575634
992639639
478388281
519449368
875696910
832657290
200604595
666594431
478684699
738330377
247420690
247703550
40894051
291047150
443462947
817737782
253914875
742948172
113055127
848151810
888380792
802832617
129926658
253914875
539581585
534382809
430363246
59288045
831139296
138004717
681742586
317041884
128966640
307408248
364932943
636386291
345739895
709467376
681084582
737599439
67876228
678019523
858999324
772421511
392459119
511695003
81488481
967420494
885690283
360376646
996253443
935054268
592193844
348761807
226279790
283294900
859852267
924924450
257175472
117474681
848949477
197272930
300419047
794645713
420061620
511523928
773868606
603982234
503305410
162219482
59814481
231368422
358768858
517176734
332738310
463193992
270654940
368332908
99864263
425025484
503095933
836101221
560155607
359364722
411995422
339817994
811888927
125157995
318212555
553894967
636217155
600448697
211177148
693627208
193527823
610337256
317986558
109437717
557486894
242893497
47517848
12921988
560261490
509487497
758081512
173895088
866512789
630487987
483448882
979255303
538416347
814207149
86755609
79335171
230046417
595601226
511627258
830372429
50900897
594325673
453939890
870739650
296164320
215107465
942619651
257000719
82675712
633834433
275169379
838662483
869085274
647125238
28151459
936344098
936218892
828105251
10124578
50944446
683078068
136379991
632063740
432051219
741381533
344406942
762241488
932057382
21912314
219839896
232345157
300403831
566326047
944569649
59576408
170748728
112247501
340563018
725767278
602175473
320699335
754249307
430730126
101834450
925032089
991524980
773572967
367061546
952027798
53600588
613809449
83889303
808697275
749853205
919886806
699298305
183720892
800804018
236921658
11220398
182031506
309151480
124082092
495700128
999557831
43572399
40673793
108085593
427734382
24719442
935881682
920047127
324237011
204722418
374982356
167103968
186771470
67175818
225066969
213578408
894991684
699173526
82378752
378169578
256053621
72954545
411750534
926927475
690364724
97410324
437910120
240519623
202505620
802674017
152599172
513962332
257734509
654527536
250900512
404065469
74501044
472999346
89607205
88650978
216907402
180141553
122373487
35801978
513877894
34885210
841444037
814223164
703886057
530948912
672859972
364374273
241894983
18689046
367283836
797598877
299751502
49011494
80154966
369254901
33305387
76510104
240906949
938672443
216658169
608004453
557236895
399244216
107721921
893261996
638159874
970921000
147699808
229978958
362644688
117426513
339987864
152090345
835905554
642742470
961361922
930775351
226571083
984803048
298234732
806524214
928416116
919673657
183723499
248517179
79835152
914210002
406239329
36371037
996839950
847698173
166223206
593431571
854905890
375213330
554603270
709485298
213016823
421818810
310565303
250995748
40367765
491257067
568516892
901500456
691172442
957699649
59943096
832370563
822626088
904844535
54113798
959920352
394853966
243642978
854458729
931437776
567720212
572899595
648578789
651306413
196839357
897716938
121395363
436123746
20646381
337809154
231074395
268929217
775939448
374260696
907426378
238477009
928688012
333913560
821670214
2622165
716632267
103913939
431686756
391957929
204283210
652374447
935128908
864330020
683881702
236330805
764409837
326047329
799185250
539173562
634771803
846806954
404861121
961075129
904176634
503889366
545119474
6399532
354301848
642139714
983684376
590981459
789251132
461992201
322479832
480026508
622487873
943057925
605106623
827387792
795149349
742282599
830652612
221870390
327706336
22601042
502322321
389733285
777786714
518185488
160169973
63195038
208995365
812568931
229118752
126173484
543543549
152090925
88352635
391877892
847928293
823940023
157260484
5223860
508820030
882499425
171863399
82675712
898014952
651045262
913213900
270189068
732852798
30365761
419738040
939814444
409029923
490762105
77465694
185170560
416771929
505423307
888838223
429034595
674028353
458632045
665419539
64389215
794966177
543377774
334640674
658725558
936210689
221096371
486611370
131786865
867616950
183023236
627671633
405325758
697010319
159094078
975537871
207069288
79971852
189554224
138164994
614876617
115490204
354664530
957507689
968051735
638135428
557020691
714935052
967122493
510659064
304047960
466099311
211782681
929263893
636527773
502728571
791303805
306883186
291894542
619403305
464371663
596717090
853066620
282800572
277937751
989466837
151394166
578718674
678284452
92037086
871627095
421271190
215516749
786244251
897305411
129917258
678401839
351840739
67175815
169897173
313265295
861432512
818867606
159862976
388062243
893139759
978994009
419291728
501276792
624370322
606025631
669705369
238382471
846620495
465477156
979863861
983879628
668070986
405122483
803601806
792006838
680744081
804176605
211900944
862411833
158585790
605293689
728169188
958451966
470623997
473448698
815326615
529973918
368150233
64619758
317469352
458963229
10715542
573048712
563807886
868747098
389361951
17994607
924477289
97432603
597388935
699601100
877069331
151564869
700293794
444516118
765146747
873015410
673411127
417158349
544437254
686859578
486400095
658324353
796783918
875095029
430363246
837871282
163022316
165353417
337426944
359798123
450837831
735864364
502602589
640322462
727876668
294542184
817536664
45263322
884073434
726925454
665737691
719520208
569902221
821149099
541359170
119404376
357198273
517842453
990205394
241527051
307408248
187243031
678975870
219178672
566958572
161887603
291733041
225066969
269094914
989931900
978934662
892498746
615023178
163022640
340842706
144345988
525841299
728198743
188572128
216121091
112448250
382723071
525028253
913948668
212549070
476539199
710724954
945807081
947860321
457178086
836506210
216592
724675519
255546722
555875500
728807744
837781901
50128059
880088231
906440598
742981399
904172139
223534880
476904374
962570102
69857902
50510213
294089852
493917705
834249181
171138995
422869769
461884905
764121807
683987474
662312916
439468240
440128053
743357541
706921525
94375262
440706863
280511271
730016567
897396224
671395726
697563744
469179530
288678912
904029051
727260417
687354886
667656238
14761136
283233317
219524707
132110501
757131807
166383526
604829882
641472044
910739218
540717650
161434764
813087730
406552488
602657894
340758275
456802243
201418463
508620281
848106295
801633702
926484741
445789520
706815310
967019393
158179485
530879757
977279588
458614884
938978442
252253319
70004915
337195298
724840811
62469195
923085488
836079395
400587744
150920524
617755009
795993628
586150908
279131719
830445224
137064443
819847691
970330908
912883179
833148316
427193565
518691637
290554015
847698173
432527599
167851428
489890265
98994190
212387192
19995143
757475413
913055062
963635176
608187771
83461015
550500446
804002196
921148324
5769502
321180977
938835605
865759121
881218519
43777541
904844535
386578591
264181077
423572343
466037713
137522454
517267822
222776022
893264291
560708816
365458565
489189929
388818931
883080238
717476097
681983517
530214400
183986266
29971549
57254780
954700772
190172122
253616163
59218867
456510726
773631657
106488937
196609512
176218790
881173559
795666538
771769796
595265491
450457807
381030033
62999917
63682846
195725166
203054942
8654251
660955479
706473197
741839745
25496012
540469796
15089564
717833335
680709067
304656585
830494448
308616646
793634125
449595425
748327704
667277810
898369428
403739718
193319534
405178254
64404004
850243233
860211748
853152893
139455238
809300642
818866606
923320067
597666209
510515562
499162457
868088953
139614403
61008164
682731768
384361771
506088450
703528999
182387432
129246944
188810707
515229192
30652538
175614615
338194689
592186133
631106374
830246051
843718124
31235018
514295065
961133407
181605429
390701958
815644147
129798308
949637369
489890265
42113526
575498079
659076831
567742961
78242472
485140038
943131871
284090864
139076781
530969538
583220602
258345415
717522225
653570916
825730212
947074071
126062944
279891227
754587619
284881762
993210879
160689737
587808140
923421023
679270428
711589150
677483898
817389690
767841454
182400358
865633938
68910289
111381221
326574544
545873613
290085961
378767047
866778912
879115325
797772760
599810377
862236224
946261772
320598718
979201285
888392950
300906785
989305980
602191040
879244897
568261865
383539673
136722162
132453975
433922752
83762895
203844155
172942013
873844384
626441885
144221957
715739354
264245727
344079306
849649122
38518266
642671748
417048685
295525490
511430767
868834467
382849322
113078042
574326240
475773001
958380154
637269684
360725703
204391202
929263893
823420291
110167039
447772024
636345026
937878820
737918868
452376164
143041981
679822820
398079876
553385551
605167015
782874956
652501284
183151814
791041166
989388940
830653391
916255196
95741433
596127562
151053542
548974014
999418087
881620879
743740481
467226224
207195571
578718674
616050654
661794931
224067503
688006008
130334063
694600878
637176383
283068548
729959822
361429667
549868627
946524552
737550939
101886448
434874402
538164156
942664241
173430673
448743822
371158114
174773940
166653675
168009271
271443723
108358907
494587842
743296827
498301800
942654843
435931059
629659584
655953993
53316304
245332731
642407392
637695595
188513108
980599489
629410546
767301137
24481600
116318399
413809485
882501994
268809513
844102381
105518635
976828231
93774950
806452587
711458750
368417533
119480784
564400242
356608502
465714975
272500816
863484858
201775487
105004184
896199070
939329925
783744583
520106535
414525399
915398762
325892429
972445044
696148196
836369830
857147142
84154025
658947924
219814648
679207486
583262803
47650485
488405618
698346017
819053074
106562113
491393713
114800416
94521510
119404376
49038799
474294342
702771721
89937268
389636111
612652262
772768220
44333492
128791036
719079494
227418671
315464516
97579647
642306355
716312060
16461395
686559484
455590003
225066969
621476331
753744957
316942883
752807295
584701088
207800373
50898909
225903859
543643143
44194245
186923700
354864130
188327625
870696736
46801590
429652492
886963463
880090189
342889749
734835391
128461322
394021996
264070148
862450926
582268845
500668144
987703242
144999788
660123701
325326756
698033002
839298703
811052021
574811564
67889612
248901898
234898346
322604595
337599856
845980305
915754629
234257316
642046416
52530252
264017567
431111493
416462972
422872877
127006267
986711160
801599372
805775845
576587169
659335396
931162971
592720144
988639765
540054189
433854391
825225772
5882907
452099041
114100313
836929157
624549156
677057315
322148579
417048685
916411139
991584251
484646723
114877968
582668145
462811193
989137290
923556388
573154896
321628788
578756075
930641827
210221316
943988477
356501521
464919007
415037194
678518740
353166494
623387662
442137607
108389922
617091309
408303334
726970079
32947174
890921166
193356013
777967987
964348160
673579957
139470142
799061044
541263385
891998544
828062643
98245306
903574254
233379229
236407692
421224529
422192849
70629804
817156407
818596168
77533660
664063385
776306382
499426508
259765391
177644159
342010301
253390369
572285682
361551439
942738602
705522124
12722482
461343089
640389433
73255102
481176245
975180584
146091552
249106719
287062164
771528038
719310733
557345822
767117012
900343881
808435641
345664543
832962299
681802125
911347013
624342617
924935724
338128376
512679023
367643668
275790770
325679322
465885639
310952878
906571192
775430611
775920912
831147639
224246770
857552389
654112920
819516352
60618326
332231310
632431121
996712650
386153361
773872107
940241366
717657639
863858848
271009663
924641658
787677673
888335510
971501211
174555544
240158198
486611370
668660163
261542678
598371355
293539352
312470645
468883040
317120678
557821856
224518798
700745120
169778656
822320342
940436115
953045507
180327900
286500075
123255550
115165957
30436909
999669144
240634649
360626474
300119306
504186233
496949616
645807484
332791580
556735755
93787843
87791326
437064428
524097976
659509828
182326104
805766199
191134414
83787680
173191782
628079182
783539875
904609
225039091
444463938
84965179
469203606
277635096
649760011
563555458
673162571
649919932
267962909
701170893
747576791
795472602
811944586
127285279
336196159
274982392
774506567
186493688
497886091
29443642
665039149
216241136
344476499
665656457
785988939
903480677
212679815
559419490
817374497
953254228
212123252
388098677
390298959
515063555
209541958
816289331
457336186
573243118
664880680
699118693
108717211
323716859
548202454
280083773
249156254
791732340
188134373
951193308
47650485
469526947
904235666
956898419
600882406
677007757
526641604
348919332
979917681
117297407
945462531
879899803
213661458
148791428
777056360
532039611
742010575
670471867
802211623
258914756
714994916
764767991
663122869
51191038
382366233
957183749
880600724
497622530
724943056
383113008
270021662
54687653
778104231
716966320
302133487
172723067
756221566
193056856
152960230
156387663
638118709
80426793
549457445
432401237
133355011
297389120
127406214
928267956
474903429
47486800
129007042
911479814
375843718
590347235
764158808
644355562
536623884
588113229
334445437
181717819
635438806
961513416
424200856
248796804
439922649
681024737
959507267
608736501
294739847
259454632
314750504
576856369
722814099
267892280
84806881
890539976
470008917
50166353
696316538
806627948
672889123
851680103
596378695
963707400
991919444
180074138
623839727
123449387
689272942
856916133
873015410
889672150
556735755
338396117
840847060
840991728
118747841
355576925
240229152
882278155
816132545
52238447
444266902
527636294
414885872
833148316
763463829
889213219
642862685
505423307
296421622
306311696
335942720
810046016
420859219
402735565
174080050
823417262
487867779
237783447
42227142
707522056
19873242
619966845
126339490
735311968
955216489
446380229
105882662
511296097
557486894
249392152
68925526
523643064
666762034
492728921
91366444
788367018
320666171
990769216
142868178
817753107
99466093
292563427
698141335
957045030
211999114
4616846
756000064
682075974
12951476
950277875
493993970
743406882
457460241
31586411
389180795
349445414
56461662
631359434
165022558
164541793
108183829
568808087
36100554
546616507
886301244
493669121
601667533
546332923
162747104
503807058
735715041
921461260
192978647
183668724
875342358
67544158
909238317
678508854
53183157
604446301
882498997
663143867
904666695
713608260
564952557
377951999
395788601
672950820
953283454
649441399
989881745
655783573
84895912
66604664
481018387
490703474
961228019
547526750
461992201
11577960
843993100
41088584
57634968
266551791
48778815
461122932
157754409
936586696
550674292
563676311
478561806
845227276
997607638
104806198
641102598
562084711
597631295
253110494
670948711
496706522
97968449
176400122
15871141
602634691
231084746
990017147
927209008
217306011
722904979
409200913
415001887
969578193
763413661
226182146
544895998
62690667
615704260
638378333
29529028
192016448
708373259
317864424
902793664
574428950
305097124
470041394
334076168
766556748
994702923
98061933
941495615
35484774
473308640
299014173
577535729
869053476
440852683
104560383
227133163
606397915
448090932
495841930
933390690
65666305
750259011
15089564
499388597
564129451
282168764
756722029
915566993
347191296
911917191
658327368
459653157
183861356
100212013
45229136
421186088
200243668
574137358
962038597
961870903
72113618
429172694
23993912
607495604
508916617
90870400
476699065
807281193
830350500
710635566
660514804
67784236
866239759
250953092
197652360
87196586
463310414
49280417
869925522
168190867
333713019
573703856
715494172
250234733
593028267
120836237
828897014
547681403
211557887
485336461
508389178
914551478
70022778
945962832
265819893
697186496
854392439
117452166
939723741
243362450
920840575
716268729
227873925
467392343
986438851
201227368
254610919
150866535
635253689
402115247
586824916
912961285
928827896
210549108
295297881
732084395
999541250
63527175
390321534
963848032
374256192
404713845
618379794
624075492
233557083
450942026
475665142
964951155
758312080
165453491
269693890
250752071
560372487
482966735
150830363
409438007
176652828
970071578
177662222
899851031
34727921
493786416
938857244
426451655
3496214
375470079
135176440
160279497
786117167
265848899
392624227
66197407
719602836
804407931
56047361
219936457
460434264
778374570
123951069
13150094
511465689
433455704
466435789
194691987
88026060
616974813
864953132
248236821
557565385
240900150
202532781
16573240
658947924
514234010
415300128
343484904
35369116
836649307
457157574
474778785
553250299
940912513
719310733
871917678
839998686
405897130
222700973
727335958
532502139
392071389
63028174
387233836
235131640
751175760
830842017
809221534
230403161
362677886
191245448
254869933
245380401
512854605
42902377
370357512
915566993
532886958
564039821
207068364
741448533
84724210
727910892
944215980
981112408
597837613
485227895
732084395
349875739
883915509
338396117
485872003
99466093
314240800
925249639
627086833
324225663
287382310
907326581
704449620
107721723
565415456
66977001
449616389
831230375
213072597
243947021
341911707
572846509
544941859
466498165
952879048
362279870
535416332
395780586
569845647
698637964
463310414
406970775
764931376
599296077
671395714
429034595
510553696
444165063
194627151
33687599
604196583
843169459
573327060
686017098
369750543
373257222
260579143
590982107
547517541
283955673
337195298
479850512
356064163
669685337
247751419
478752473
232824871
944135532
663665790
245978979
746861014
222273545
947122786
461698279
52029781
856239792
911890823
488581446
943796350
332256858
647861304
820238915
403968414
43785498
981788629
18455581
914070833
555206326
767198527
883605912
808965260
370216116
217038195
654375015
321140683
832368111
349327588
989115535
882000072
36478036
930520350
566325630
503561702
526252787
765975192
424833782
968121778
108714380
501092010
143089496
535021420
871813394
863144522
940337381
60287270
390437760
776955983
939837844
287193447
957153734
615620037
447150940
102222354
245978311
477102871
232935422
130786917
293807634
551687619
925352807
387403647
154160652
50779737
142002043
821740371
181768692
983195786
884905916
614272781
949546485
368629095
293081224
823995822
957153734
756001023
545057538
815270442
392994472
902403534
654001482
712203781
492705705
715736819
261835268
793224361
568554838
439634005
416168701
694778886
669412144
461507232
168036310
259563624
12759961
571287589
767803196
974770561
303411168
604582765
80552341
571661023
230173625
195030426
70478231
573372417
67894981
378960735
145604173
739194110
981795345
985088803
214802446
995130305
272786935
465538589
194289809
435422388
451973778
451087969
54845919
35481528
797160063
172608973
859564692
695118050
503011422
597666209
700545003
539858632
554147829
754251553
6299937
929179406
307352885
815686966
966066582
679293345
471049815
182123544
388940308
718559324
142556344
953570814
668609116
219632400
292950382
749022053
61730924
717340829
499107315
256592560
5357772
998055628
203521079
389891507
526255636
416192611
156735827
371915121
313129858
642671748
726935084
759786974
547885573
949310953
406118393
379334006
849564749
34752311
704750592
948326802
2990292
563668460
58716723
230653554
753769839
177639969
659843853
397672763
124450950
451829788
331045066
198572495
955536441
282259073
327943601
662324594
100655001
453038076
550039850
145984322
750225087
788562664
645561469
26164113
891747446
199064960
819321757
270818409
200535040
371327704
803896653
804050496
915812726
916828679
945830672
748687292
974684542
798795725
433513221
739080745
460538646
201829041
460144941
745133515
633987235
933360981
746054139
411793084
672678770
760624022
73643458
994898284
375371523
144706218
874833974
151257448
487507480
961884822
536380294
43161336
548905812
212368492
756427272
88587767
245367359
65708466
287068680
368424806
556295516
109288666
821328521
325740149
169806349
777828197
839343967
736981749
168862046
836885520
913572955
302685086
605332193
818987134
840181638
226659419
392657697
382469910
491843869
972092693
89261064
358144519
369756049
647252162
867461319
218914383
602465846
166569305
328333980
320329266
243965457
895565053
638038516
46268975
963298849
695408778
561277888
216393477
836429957
681236697
23556007
425959458
884939758
616609555
453190020
173223013
718032368
322394425
239836626
904743245
731838982
527343796
84828349
55005289
567231900
266263480
744045230
332462092
556928959
154452354
486822926
77099675
119964106
88865633
109061608
575135915
204046897
296654703
298975334
278449613
4760829
872806923
165746977
708987737
726559858
365947253
806710940
862380220
410240415
384108442
649789696
628114411
473902217
310863398
158612601
417904147
630487987
273666899
454281132
179325009
189731027
320305145
534882244
688740390
952083498
100728646
249534368
74149601
237171245
139884347
237594564
125361648
197385344
890538592
983186109
19909962
679691715
659976318
233195164
218664118
814854561
202302992
283294900
515548632
713596752
844796317
220663738
482858161
873571493
229639687
479246772
218914383
496815154
575684944
828916858
66363435
954947887
732479576
779167659
546536706
291969611
784301662
243623598
919342934
883109951
790850734
908762995
328812900
470710522
622467084
431432937
435767994
521733971
545089767
13803204
728238159
932456169
510772165
867201558
434791966
320516786
323405768
785162315
67462859
444773884
908413187
718676157
254778668
150704151
37414000
761317124
462183228
492679031
39406343
365965770
672618415
116787896
776604854
807449470
553642241
920961750
954757737
100671947
604774757
237509971
255109200
321140683
480561837
274796710
250677998
955614259
559196399
86081260
685673745
813908370
97285606
611725771
227752003
148217533
101319502
25851649
463080341
294048237
894689560
560039497
500545856
310778868
307083625
379733760
882499006
872344794
634551565
299395970
770828830
276111781
231137712
992811793
657715678
875629549
285929695
11700987
930118997
208628952
202164556
358589452
819951523
805618687
741902454
42519466
913964893
190151436
83550771
193207621
977633234
966620597
479676436
905954640
892840064
681516555
406294274
835855336
511366537
546064980
908876523
900850307
337328358
915922008
99864191
954728651
31863218
971851398
873016234
830605414
893223043
866477874
595443179
829628666
521548267
531082214
17363963
821405869
213855890
604664148
73673279
980333382
151627456
84294613
213855890
518786980
386063797
651523448
911529128
788113160
657462119
650427644
598444392
606773410
80850779
647390154
253005578
777582689
606206323
51839793
917619629
900347963
467016058
980599489
573249374
185547468
946617278
439343980
437066666
128762357
447329599
203113620
772507457
115995481
390896944
349733852
403568825
191316463
484470758
815363701
741677520
431535551
95671098
399418494
836082739
832263067
971327391
302164790
440183984
556396743
604382148
686663691
504252765
920366192
349247602
456639400
353946583
888091682
223980718
275274875
340788919
482123609
237630736
213872946
960892130
398376849
48539994
450279835
683346543
690122662
205110813
265581431
574920148
355445231
97600592
394377159
782784581
510833436
297376361
334640674
870282510
707110938
96902641
913361562
445635079
45930946
359674658
697236355
317397281
737782436
9424874
866222206
694590331
660724755
150296614
603685339
744326560
104568572
959147045
520544263
729989802
577707905
518558008
45286199
658429962
500619496
814520348
314542853
451787128
471945663
179794312
75508520
520082417
398736361
945995352
826861800
74356633
166956781
869721195
543451139
477600548
921993255
711562664
947549830
499713921
58886855
539379408
947737861
190069189
758122247
433734689
814520348
246721515
671227798
327748881
254790855
85074071
778344214
525093741
655636765
951940247
427157947
812872112
904036568
84042956
57773510
580110290
297110627
910229241
118411177
94805170
677781150
907290737
289556857
136296334
223509798
597890457
669619353
138682653
146034262
362393112
731728031
105020630
693631898
538674475
219520068
550175103
971955121
338874279
88433714
203245611
255329533
909527609
692762449
21113572
188572128
791500936
550993197
857727281
726925457
667222688
4935649
852060805
94067949
277045231
658235088
326068037
618137339
253276500
71009133
114550866
392607761
405231964
289950057
44810776
967921291
501725678
744028863
551128147
112937957
444385055
840234668
738804635
6962898
35801978
440630443
480570812
252411956
7328220
170380216
289585282
966463439
404231647
297774569
448627989
474624354
665545187
703324558
830875871
924319757
699532070
578948100
288586922
111894408
452337326
900113656
796258338
961703312
976028869
512715288
138094423
713596752
634635682
734844908
654998567
5197785
170556238
167103968
341600268
795311778
811577500
553608517
386125933
953658216
849298317
620267521
459509808
123167331
866960045
220387471
519537602
264242216
126080660
338781354
964450070
119102722
735730572
383372213
225802138
946393237
657316347
443363276
666012811
86676861
880037077
839588585
922163171
118640845
233613113
767511430
835903292
696303850
859813462
141616930
848007735
213648093
815241930
739182569
203527210
20024884
288067447
460532671
534697268
945142139
868315689
445249010
907222571
19741312
237909754
918393436
872329617
563152259
567694791
853732047
596722484
21807122
384236811
794380662
960318593
543850984
965202933
116142860
67382698
405012815
562502893
646639845
172470283
151629014
14939916
473914700
491034908
397380053
626245733
314110005
313321349
830621122
628792623
886601730
290554015
754744915
233252451
123974093
17138720
457645684
456875694
597837613
261233792
895774071
549457445
55682791
156640612
106856778
346501887
468217031
183530774
49311287
72482071
571019359
600343346
470905913
236428960
344845216
265080864
477976185
97613143
944137253
185663853
728200296
40025758
217770757
446666971
221059900
400706334
28151459
542317549
232917428
480125603
19995146
390248850
734835382
13028226
6718549
449868397
111882568
432948406
125723794
893627069
506741634
451087969
744202233
359464054
489220953
413809485
360623010
5180579
602136939
678284452
476888925
378656747
342143516
966517088
917617581
780009797
579487320
155035829
579730486
570159538
510922570
302101819
331898238
776186134
307881309
68689624
763729775
478068010
290448118
816493813
681010960
451876090
702825471
162942982
372204835
815770591
123991616
292793452
593680105
709393811
110155519
175855529
485373427
270341799
203762972
823854760
868051005
541628848
380583527
550137847
620026768
650983012
565450791
68667487
346861341
944763031
790881310
12304923
168707856
131298060
188712175
958909330
133434215
967528533
52174778
577095935
822301700
602198575
973739297
217963427
851824721
986836313
894176513
856707404
788093212
690809921
986367823
827610871
329159329
363477864
953780766
729340501
933198347
497775020
116556620
320250371
595263050
414421189
54539637
997281813
502602589
533331265
824902771
193677433
196757169
961982935
517776230
794378487
15864525
705628883
574991724
364084595
761052099
825987494
107521728
946524552
229355873
947562470
785935873
156814268
765158240
57567122
74292384
580139718
621905751
149487668
230653554
720073507
477037692
678981289
4210937
636217155
920054248
899643449
100875866
433854391
944904174
815363701
981177702
236921384
649789696
323838164
702520373
929403531
533178100
602026163
2365408
967728157
871141269
237061097
963301058
433638800
433238938
531471004
891906144
213991561
202481760
757994154
482911710
738014746
36603779
805645129
396452193
21347029
122140074
857212790
359664397
407557307
513485066
451280604
886594830
571005161
84825694
133927603
962105881
665419539
774998964
200735470
129149801
118170519
321628788
219734121
297309733
571630180
631499769
435716235
68831589
330718611
256667843
630491935
342058041
670200440
658522753
562621373
708430406
747016217
985227768
30775282
347554206
876826830
76169632
975157677
672404690
856774857
234228177
123356347
975154161
840181161
170392876
145447006
632907171
812150822
539359592
943234521
352237394
626257332
550723250
429448204
342680537
21767457
641288878
216867347
222574488
749779385
581519715
584086273
526375350
241245885
54028060
156118628
635202534
840834381
393172175
200842681
442439847
616077219
442377860
4415210
998421890
194145406
797046038
958455683
209349296
147713614
948922358
173777104
599286217
933674612
424044596
568616024
704761880
683841737
852620085
657634839
607082203
209541958
963249680
301847078
779285717
377712022
491586708
856034715
323611936
671326245
210121427
1893195
469861873
898886354
550623441
120023370
66698544
796416673
260059739
908798096
107149859
983954684
50474666
315823819
495914141
532201973
690495120
31041232
248089659
714640773
857718716
734163246
394377159
424369641
858443647
884872577
135010832
120151995
500451979
705536853
904084855
206363677
261073945
116461576
258847428
581505160
411293355
293338112
748687295
387233836
466205736
197345568
958219392
74812011
516489752
529280069
261874505
507265010
4588971
778198341
611671102
658587733
57213484
746261527
301356070
215254335
673113227
899903279
780408680
875310983
824927474
905737334
775597204
900413573
489917763
962610912
772559708
934026556
14172964
965229866
803931650
689620168
349499223
414658854
677893790
384366172
915343587
253156283
965041627
620486734
195057732
207325554
440814621
112827023
267232949
766505769
863513057
131640682
117721300
743124271
258035063
798256456
241552136
769336670
822376585
315217599
485486498
441560451
991819592
375408545
228422751
949864338
807390065
848682024
936434060
169598889
537334766
819601997
269141909
131035426
580702552
840488869
335189984
200215933
336743632
874437940
331161094
905560443
224102429
435553142
80174893
829246597
592550062
282162135
393399830
859799634
123037221
473913258
915343587
551978679
499815912
935575566
578772064
462935283
186526100
270043706
220656100
582220070
630444089
636865486
325460894
57985659
530266452
305157678
434030176
737815208
754407627
803496201
429006522
409204325
735690046
559497808
244956667
761533424
962948934
287249355
689630633
671123399
44546241
171992767
127672883
273504137
407474475
68970372
665383429
972610587
674746988
774508762
393032079
540137571
14185053
636527773
734016814
430866748
500521283
721262687
227450354
529365592
318640122
595175470
128389008
146556794
792103562
623360046
387843806
261563114
786156310
966681927
910192925
51684507
262637187
169280706
955467807
123494179
501303693
955561916
225657740
407353612
627955113
679236626
238897631
907190995
835158571
952122872
693109806
853051943
762377524
6660718
247161681
664133476
37024924
524228391
385609186
669489875
723122759
101079705
277740000
220962396
172283391
590348908
226241950
663971770
45178269
97632254
55720332
122413837
259897788
744201056
448019212
725287985
231127796
265573832
437678010
952222476
166427930
940014446
922108595
737832542
137699219
137491197
48451836
536008266
342398702
267049835
389636111
487357640
528587475
149137371
399177405
527198379
384123190
723675811
696246768
368943460
918447495
888299225
627587693
614416321
606373697
702500308
644105448
634551565
537688950
661597009
405012815
525949405
599276495
828753089
868350360
471704717
867740806
886997875
998037138
74874317
900712627
428139
99466093
983572815
709393811
612798660
282862759
179336901
487015076
712069488
49299322
911288477
349318983
956415288
382448833
277642107
449103113
170925416
29196836
354864130
985613447
278758117
87030085
261399247
63148528
66529153
394867183
323560518
513629561
475477268
292687403
136073135
980154687
896303951
420859219
67663510
959300892
221540169
839588899
813162989
875211891
966025020
996700734
804360667
59073020
245852891
506821801
690573255
764542959
371462382
613838451
819205143
583052033
974158308
268696048
4327128
877961875
632861764
83489125
207878318
80267632
637178356
765102678
297845463
256721480
185554981
56045148
475419458
849016465
582080419
347908934
478328158
963814288
344513489
187957232
37288144
776360965
645581165
597890457
647513285
905064227
65953310
314166282
315176738
521162394
62735392
484204882
577374391
649198407
29971549
66363432
641863239
595448097
447437811
715284348
660226808
746132323
355445231
110331870
713580562
649404763
628790647
417758950
78940786
945437180
311848521
403328912
733764803
420849912
953489647
151924201
376060876
651342517
490995854
544895998
982128573
442164261
850248996
956654242
627546179
208040773
913502178
927004399
358284120
27246867
435785758
176652828
106873286
909467209
849070637
956058916
162877008
918753357
939827277
808208056
730593557
195288139
898208306
760421791
464053815
758748927
105584018
904972293
404667470
202082855
505760422
663605341
788525757
642374927
172203472
681868972
613170678
486193208
904471583
837754364
236679967
113396706
170792367
474899650
343026759
493461301
313881969
405796918
184313098
346501887
502252977
465998856
83514835
471369302
533481821
634570924
685448366
44663390
433922755
273399904
383297175
169244907
53048873
929605753
238047960
865445064
653423878
60376079
951386325
76016509
640049053
606073788
126899023
442395450
552847945
527645503
565998351
358144519
532650201
838044852
245474580
48321382
379352696
622157834
274911600
270198468
890296905
929221793
61801767
572285682
926802195
229118752
929820551
681010960
650659835
189819520
502750004
302033696
220858664
895651872
832290458
557210634
561008910
931366262
455197575
411186538
911563578
138595051
721963193
547218008
572580132
574102481
524384434
311913526
230490552
934955769
143089496
317501250
47863133
209587686
759644656
169897173
281357737
431333259
931119979
935412801
764072537
672464829
479693496
591607740
965847921
649773306
97283836
772882314
608467257
842793554
205128111
959223717
710424927
460254776
647103711
716662846
606114472
913665470
164794130
61006291
750293401
130457335
985251074
924514467
768750315
377301301
110928054
195484327
56583224
427157947
655931476
112816369
133437000
809713486
147397666
730641832
251942249
448412278
832328013
85022490
312185162
776873700
21336899
938135535
422003823
668163850
639207174
970580393
37449125
769052275
128283875
445000594
609938997
865516455
788372145
262965945
677269936
297698587
385807895
701604978
154518386
541862259
224163012
236828526
553598370
780402483
808462481
786820400
725771797
756513028
189661095
975884747
996332356
991661758
238897631
785667499
870304583
159320062
636066368
205954802
905147967
819941138
356142484
578739487
530428719
232046334
641657265
682680306
109506371
823127214
543097498
850422491
38251983
797116265
362359768
593596736
613013973
244501562
267562041
424568169
35657953
616679509
786290037
60060000
765764038
426154249
170248667
858339947
511321571
505813756
954112325
139959161
585045679
372548803
710925031
619441600
456259079
742636230
230951007
744965878
260372275
741540804
155255304
876488193
126885694
309245763
821290902
358049496
953887878
984236935
713291139
789855185
805084112
897085857
756074491
354506102
361085900
822504171
802547978
326546273
313387235
727238376
68166933
520075787
955775572
64633194
537429993
655538441
449643981
280794875
882881990
876220563
703802396
144004817
906932300
880391732
57526146
869287747
629098568
189515558
374709367
816327198
248136558
905360042
192008517
169482361
708276409
778092722
495964329
144948038
554789245
165367371
691642915
84198038
466149609
796914673
875921272
526977998
40016137
191556513
836929157
485222108
780415132
717088939
8579807
861837875
690411175
73947863
951972058
717841143
536240446
122863373
337369902
682873588
559695056
622468031
430782285
65598606
844102381
887223240
770831501
275911797
677659042
417909137
355743742
223917455
984498268
361174911
878665274
456503824
960090192
960420257
48156411
906254194
250492692
848892875
736062304
919836807
463823894
34264583
455550080
764941073
755566033
662484073
866857892
985072347
340246320
959917985
116318399
712479645
824377390
684996022
199039939
253444745
702479134
849949100
255337780
325335685
843490118
798939431
950541025
903145434
90276987
984474789
997347921
60473097
754141285
248209968
30747174
872806923
127499150
730931282
830609648
605704528
840578577
173148022
621378161
355968257
814642109
912292667
696180342
117120214
701257868
746389527
485606904
255163279
36450984
594297150
565875046
916212955
797327412
688531012
185091662
5047214
472864130
988217974
265573832
926533281
243490680
548929825
167082913
742533801
678655343
415402006
562810418
635275879
496755678
230023801
570571676
599595325
788168199
584240426
907161810
623483046
282395087
502738819
276807616
472649266
612872423
70653392
275811279
611290290
428160106
52866739
919822466
153896618
113631863
334562152
828137127
308995273
272500816
982665297
693021061
970023521
700242923
598693663
646771918
327682414
127091704
924671802
41392477
523869359
34597212
100371843
493635894
741600325
587121279
605897226
615098635
950130645
136300700
441894402
653669611
905509446
134816288
781805684
897855438
947737861
138739901
565663265
663382750
763711166
94792555
73203300
532120
205953589
717841143
841007019
264948165
922677105
146173457
482749118
418092172
733615567
607082203
744934578
737142762
7130300
218260046
486218057
434839009
356940894
924640075
766097973
510515562
592590295
669495638
497592249
394451342
14882325
578538038
319204424
27399383
828465975
435422413
208122141
175909602
575477712
758141390
290027526
456287836
260983325
1166656
688453762
583052033
319456765
494592775
877880273
409842392
659524753
667144682
140947455
468217031
875211891
342498012
235778747
413013138
648533187
518263265
275698423
694941680
771359467
290785461
739986569
845711827
323838164
991799959
278036511
867048188
212160136
349917464
164049622
327000742
33901554
152826934
254979556
874343617
802282045
222091938
776534716
372914450
322458599
415049009
335482141
671066028
972677593
41146798
704357374
663265518
945925286
168391535
355382485
153593895
76691982
952251894
365242069
135427375
206644024
96131333
634735832
888870253
616695634
348759264
323372426
400932642
136964057
283109722
634047143
82177574
81987033
923098279
68379648
596898605
795040013
438127543
832561335
554718828
281491086
967654894
381939867
683722788
527101445
82192864
548143824
788521955
520008038
622083494
473947522
477013805
162088136
336979207
807043760
538353572
96496287
960803462
954434569
71463282
512443190
73697633
778991051
752867170
541418428
656235292
672597868
5223860
951387326
308508737
447228095
846285610
703119637
953254228
376175053
891259379
988014404
788109981
260059739
536231027
421163641
809241303
934677176
915104483
726925457
202320222
3574143
809731192
855411466
647345378
952879032
118595887
232917428
455711559
23858400
739376478
82960030
508997273
831789625
956461865
222776022
164634884
78400963
806998356
832950184
780253439
200663829
795924338
131949491
730849109
61085916
797162806
107809354
711885754
455906119
281502619
156640612
500178004
934934021
645543768
951075800
33947493
546868966
412999188
310998778
533618720
354650375
42099020
506178988
37560261
593596736
903010824
530076281
702497828
211731507
32728833
263244790
587913280
530179499
293338112
305295814
825572740
485272512
123891066
505800034
952731417
192990315
242784661
537207774
808384601
653669611
347880686
172302137
842418721
398505554
568272954
822362312
8569361
849808886
513663223
240034614
269154736
627785135
457016492
927577426
665071760
302151529
600877054
836087631
620762607
875358530
343532373
152025898
548883450
74356633
959710523
807394818
568036722
49916188
402791386
12915996
976067785
91777998
435166457
461277742
835971060
158484714
77464379
715521105
323432900
313129861
830652612
407661894
153458142
433261702
536989081
750024643
108006785
227891709
767106537
480260014
495841930
20086793
400129396
302615729
741101362
330301596
21912317
596078083
652891321
731308055
671948289
594405323
677242976
23542150
654349465
217131957
961486487
608955398
240186354
125085045
433118329
393063174
421768445
779188403
454218119
574977202
788851179
242504533
826425591
60287270
821370875
312221672
982119775
90276987
823350003
777915530
734172411
627242490
510047021
734497741
458270977
31137494
833763825
506227122
580712088
113883079
887122342
34686522
112171371
983410944
362413228
902154467
74710603
825779417
88587767
37818299
867419205
76065599
310731479
642966296
788437592
470905913
781291197
572602389
857000072
14409200
685511601
790519301
763963527
619384403
999422654
903887255
570402433
466616244
875408560
759496208
442738067
453580906
807196036
526591548
762130269
143604404
730016564
70066794
545812235
990466033
94382409
724164485
458051929
710085406
330459559
769538890
630616867
598301071
661697242
433301028
238014172
909664731
268810613
297863721
409298085
128389008
118003068
983636862
394008463
733718262
26207137
706637717
616859882
637357048
711358550
64917273
887602809
151258945
372547116
366235196
963848032
466371228
248517179
678975867
613946773
334808395
617310947
933293507
355804625
605704528
941010411
617434789
666780336
986195129
421299641
950160360
14355198
852974656
801867381
939271748
347945971
145499999
684986039
679992814
719170697
731795091
587261246
439874920
244422063
907426378
345087828
184608860
931456002
478642265
488293542
127284605
522165293
183479533
925372088
836649307
562576286
926038983
293506111
237364034
730016567
670174471
250492692
244541056
351785196
354864130
812638128
291194821
599234235
143680759
804755582
211593149
466754405
714707754
670813969
945870750
229388388
531089691
967053851
730953496
658481023
518330834
791046975
308805354
289236262
709081207
768541453
644888592
343010978
938745849
448416230
952509995
382843591
165423193
145162224
441314770
896303951
179788385
755420831
266259440
415300128
798393590
182973629
682794092
930385159
886857
40352115
280865686
79168994
555279738
935471120
535532906
86167158
308281096
271632511
868779759
52042111
938534635
553693745
236446411
879337170
891736562
963564327
748886629
709854967
847473832
558695282
319122568
874917414
26863841
149311100
163118208
673990118
406374983
966856418
462412619
308720816
802061187
695654313
744426288
33863167
736373554
647762727
875752316
157754409
848880788
840385687
232683947
439274391
889827439
180041323
346098447
918800181
833677911
712767421
68480447
404409997
981094856
730466470
46296629
337853182
968528244
284955443
296186473
758021648
306075158
132703836
592755572
723506179
166445802
90529021
645023791
844102381
685057636
983805117
39967877
851955220
945477872
355002783
133875888
25237334
261461764
479454666
175668133
775365795
799778779
994898275
24640211
943343499
570747324
960892136
809056359
886275092
944904168
295775025
770234869
977372801
798878051
685693447
897574644
826284332
741885311
556017253
845142926
798334522
416468183
821740371
246844626
839635185
655352515
315460485
751256652
657901051
182056305
569286847
260272518
226992598
768905141
380423684
206394254
231405089
798434866
141622567
683286217
756701734
67642270
505548262
382297366
595072215
44056672
968778286
240952733
108656709
550728534
556910210
430535081
919322067
331536006
946910775
922694651
620955981
963523577
718032368
261338721
61085916
789227805
734299895
193202275
840056162
168257712
230073058
846402548
680010110
660788474
975748275
701763801
831914694
623360527
846271123
622830816
624363523
804368220
883684974
403039274
144703883
325339644
617320335
611396558
505221525
357037532
654497606
475353239
496000604
568343120
139959161
165025787
120379999
327276964
369106676
510821834
919221186
615776645
206053109
158650228
621484833
228883776
713820243
656707374
23542150
948643161
834316693
60756413
859903437
787128302
634394072
122251036
290901541
100962919
238852363
163206033
197200792
876249108
126567757
385394322
877961875
288986146
183008241
999002207
97470260
50202615
748521387
969525936
395468429
321729586
880700971
569893924
521821027
575688665
396213001
914923156
614996757
647617070
560355683
855384860
143829465
594569941
778703271
277937751
484535259
751932819
55480708
445249010
172347800
585901879
285841554
370446102
917617581
684311122
2126136
533585649
106274536
586235111
888463255
507498572
556518998
265673357
227022660
820966902
540731426
780007849
367621918
698012961
287405783
215460735
288725824
122442111
605788875
472100943
89390932
932028466
558816992
554164312
854047534
794570842
49620325
793496077
733308093
14893559
176776177
669240501
735690046
665656457
263132461
529719069
462386595
624556199
65708466
215534805
819998525
805241986
848596079
36280450
478920728
840765074
313169428
123199061
93311060
740062771
890904384
827308895
303075499
600040266
324905695
101763606
853762512
917022813
940153603
637357048
381409059
27203601
26955271
244549749
49571090
492510215
45394415
742251296
751915186
726988062
108411936
273633422
797162806
329990721
295441529
373363877
100982720
793896098
439633673
633298416
448604560
529988745
262468339
538461375
596173274
60907400
308313969
929109077
144706218
474722120
470329238
70880910
567824990
293073211
942244395
600391529
845181984
4410959
147664809
270503489
372461747
562927668
380269602
946745083
23740156
687332800
293298223
422497561
985251074
849006450
39419354
208347465
762997203
383046228
558705771
829280481
671746015
578772067
844594931
888825091
93090945
487576056
99616125
678184782
353127537
756722029
215254335
132853909
415277197
389187286
366052607
392075217
630036908
174365606
20177657
224762463
72962653
289652235
568166932
722487178
71526253
344616730
693649639
333917587
859799634
349536905
782912678
851824721
571923229
890900030
747016217
549056205
663281169
260805366
304798093
226595011
795613646
719990656
3565151
347152732
401760140
421772156
460695024
787339854
582954689
147021052
278321200
763515547
347140628
92097574
360578778
452859038
81517685
498075173
431436854
231206315
757544570
570582754
282532849
552921448
244884217
147191057
972107964
278125819
6418931
94764031
401047951
595824220
862989213
510738290
62271597
643203282
546047804
758034714
506741634
499567010
702589865
814646245
604342752
787749012
333071218
27191673
570355773
803124496
903128
270324907
544171252
667757576
306308887
766132218
49352819
807004475
800298177
761816416
599076217
302855166
349373366
284473317
118460693
926723693
404963838
523488244
298013698
850978096
25877306
862870010
904967216
447542299
550539822
317175524
420028654
958422376
428145139
906217942
311311618
835517626
756169936
211131871
329345740
743348738
498941440
556815901
356829270
898799408
483230551
789707921
697187856
776846842
172503459
31012869
620879803
105263563
407276981
370931517
787006669
670302213
143593642
8047806
39066460
800459964
838701304
319790414
242301789
847643955
947549830
178519353
289724215
10124578
143247279
542147276
597429620
902753039
50308453
528562342
302957027
490949155
399530523
178417123
582220070
914232957
101648142
825730212
882308085
137026197
443363276
749281444
696226435
742541932
455125090
868051865
285161735
855896747
542535876
375628327
538652918
716446351
960768420
187375731
221590167
182400358
34332704
558325117
107474406
816624855
939949871
147545429
596603780
454767897
755319514
193643600
324990565
938548195
38292608
526127956
83956620
672522281
742613917
849429268
313265706
192093383
22007753
35699180
828437694
523968505
692762449
190495339
135594969
529623219
608059135
488042426
622164853
989013786
174736666
506399782
18098231
124003782
74469995
366888748
123202883
431212317
551933854
731412282
327458935
757313508
696475315
522862736
287002487
309573539
837752030
556396740
1311446
69727620
599851357
242330677
250070205
166890601
820038096
249102570
121788128
453562494
487929887
860042289
819683111
666507631
457178086
393750669
626646433
773940083
494673718
192224145
743296827
641709018
309697778
974301016
639523666
422951621
144390056
55247197
653634787
858999324
991685882
739396793
309319932
881423065
250521483
149469375
260659184
140954058
292362673
270644607
963523577
856239792
114432213
621917700
301181208
501771748
852369588
653054485
358169670
460381800
11630388
53476578
459989487
844815286
492983872
823881333
221446493
411319593
283350324
392344669
874605322
983507595
447741402
195020714
753527163
755570568
60971714
212517183
120021662
874550456
128140734
947482243
993046663
352709168
510116720
977872672
600616673
636606965
14236209
589592274
455309824
636578287
99963012
842372171
391218600
661221926
157728303
83913714
255938388
682421907
542756833
698956754
622980516
399058691
303968045
694192200
547559519
623195620
166427930
305798426
256086119
809519243
121745341
876156891
592740539
403787915
111899350
650546724
42612692
574415830
596378698
614326217
761827819
894522446
566063403
802646814
571656209
318634843
216592
594204695
357037532
532658875
735910064
148897269
20301433
742668071
34340100
378702478
397743914
243501073
387827297
436874026
537336523
742445914
475182241
346013639
778281165
619697762
367403791
362418945
602465846
724675519
678019523
770318328
969165359
77721167
569098718
29596018
855462366
476630725
660781262
156613921
422189700
540025602
638296539
573713188
434496839
610989196
16001346
778822358
898557742
41927113
990709423
230565153
994311933
927395238
88064108
848594130
419960058
868345219
581042762
639212781
646038366
395799250
597644039
694781475
24318695
828258230
442652155
723771119
297284229
926038541
657562441
631318563
278140906
459952073
970235112
221708721
66994005
540214803
834314243
702596625
690094036
868710376
835375195
764859504
530948912
473308640
901861039
965898262
93904090
619612776
363955447
357334972
7052109
827273422
87079036
696193019
612262292
615637300
484541748
423592534
130036930
977413706
307818651
195176713
913765684
195343816
708788925
302029909
776037740
325476177
506400730
755464632
642855193
911805798
492618326
857324294
232581401
479426714
906514461
135687620
399244216
991387842
192990315
961542715
603251510
685990635
608358236
898392780
304534830
45779805
821339273
861999989
372548803
802347945
69706661
241227278
861294414
250495702
771971049
997679342
890812009
733756286
303423047
808208056
186144746
355720761
88652331
69839707
142715704
337827354
655832317
176951967
841719536
497266520
134342539
327066902
709889025
794330495
776846842
491516788
687400880
741193869
438823167
413078330
703979791
729787645
578538035
271806002
945497850
195195510
901105781
246181895
164213875
633061605
126720706
686859578
650671365
553083423
821405869
697047795
243753741
829177300
30354720
320250371
788958402
370042404
121262854
215741292
496408762
344298666
557417806
687431869
366723496
388778803
116544261
949029654
413522831
159450539
51170158
26324888
134707671
43474687
2576452
818432738
269779896
106288601
951777440
503963004
13580773
894624247
717263438
561080364
116696938
750287406
391399116
449342144
667846494
33587910
736482132
154116276
315553188
307720152
525229949
979255303
874715100
536558275
621076043
115487519
343767330
349499223
503507009
962624789
682219347
515900707
746389527
543724086
437876159
737408717
351280862
375368961
829474588
969026438
142899655
267460672
989894694
24046590
209155335
368186778
659509828
759939611
306783802
22581385
680767536
604037738
775935402
814535064
578625454
309417415
689194572
372018708
475127290
522728578
542431239
453554296
954434572
548656635
534921068
34885210
70368267
836544352
297248006
315383009
898990892
583111574
912691603
509966823
610177956
934786976
588915059
163488782
593621485
593095154
164107130
24186968
640531026
436555084
193031974
52239299
299543569
688209665
847941448
359569619
369106676
814854564
657776321
84586168
343666401
637584554
775167808
887223240
857675619
955474106
408910927
50433577
