552028373
104056744
492063828
589065564
363315858
750440780
847220888
109308974
371397058
633485140
198971238
981656810
872884642
318268650
763652656
209036660
654420662
99804662
822036840
907487738
942856044
914912408
260783649
606654888
544161945
481669000
288902950
309091422
52328652
903852932
529593892
155334850
781075806
554522104
237249008
830963559
424678108
18392655
612107200
814797226
17487250
220177272
807900085
395622896
948764791
501906684
297038608
731726525
166414440
458002306
252284056
285691360
678200093
70708824
18573350
495725934
740742868
876132619
11522368
859776224
507701213
155626200
939618258
926831584
203819316
757833884
585408066
1708020
618347326
946769886
151186980
355604072
560021162
242641332
815354502
745004090
996414890
195292302
394169712
593047120
972882196
421601860
11979123
602356384
830037853
57719320
684988298
711180564
737372828
763565090
701776772
561907450
392897200
456477241
520057280
556180997
592304712
442959032
793927310
842190858
111881450
237844382
783061120
580541667
378022212
134644662
891267110
647889556
626456050
978796708
632168930
863314332
943397140
219112875
494828608
20140374
824374846
809649260
968600823
127552384
539656875
951761364
823071028
694380690
565690350
331860016
375974521
420089024
764205618
80382600
383150922
340434052
859249682
565849252
728457922
387296300
371783575
356270848
900498129
444725408
951888820
600330507
248772192
635182517
21592840
515395032
227644025
939893016
473149040
44771742
23543770
398851138
358347530
881781142
730868780
879994852
414693020
538034162
783171292
261788372
300773832
628029012
759095835
890162656
314657954
505933328
59626465
613319600
806277066
999234530
192191992
385149452
578106910
506807430
635601272
3358120
237588668
903482519
569376368
979742714
390109058
800475400
895887181
991298960
819462068
928788940
227110127
525431312
318300362
163996892
871731052
783904702
116375702
35379552
28972267
22564980
41508138
595273320
705182633
815091944
478441338
227511340
751755368
972888704
57879856
902718405
747556952
274662170
247586668
652792695
57998720
598089287
138179852
83200242
405660652
236026832
787731657
339436480
469397167
599357852
251593362
752221452
252849540
753477626
352812336
467446185
582080032
164145337
746210640
211888735
677566828
143244919
608923008
348569739
88216468
827863195
567509920
995074292
386164715
777255136
562877926
792621110
581356280
5515752
999412745
993309736
53892744
637211061
220529376
639049211
57569044
803133368
921046489
38959608
388351429
737743248
277267509
816791768
760378054
26099550
246817004
991279900
684529754
842569288
544418269
246267248
842850164
439433078
36015990
825624296
203062149
580500000
734486324
888472646
42458966
49986920
414820485
779654048
184210004
146044868
579287084
404361791
229436496
54511199
879585900
509030444
750927550
107133654
255751808
771091089
286430368
926160414
510146250
330380794
296981318
893248084
417314475
941380864
202062500
785893064
807664593
829436120
300034376
185840336
17327044
941194336
536143619
131092900
910939474
265606628
677992754
102136756
526280756
950424754
374568750
798712744
765215578
235681980
289373508
47096100
804818690
562541278
532282104
979114973
425947840
855246703
284545564
407340026
285027320
340783900
756325590
706660506
666956106
117360190
567764272
18168352
976764625
935360896
382409435
829457972
824199212
864003775
903808336
875929190
701461158
293170224
371036225
448902224
526768221
604634216
506656530
408678842
310701152
987890937
665080720
342270501
19460280
310412425
601364568
685888880
770413190
854937498
939461804
23986108
92262274
101832500
481385774
860939046
240492316
844023496
42064940
368146906
373702456
379258004
384813550
72620454
786582168
11439140
236296110
461153078
686010044
910867008
269411739
627956468
990957614
539915750
88873884
637832016
112359359
586886700
763810864
256344375
748877884
12428588
914736014
504161326
75417180
414131503
752845824
352956383
953066940
677813382
389568930
944211358
119061880
189975936
466302119
742628300
764542894
786457486
808372076
232608236
763697326
809289950
892182420
213386330
534590238
855794144
997165361
138536576
670760710
859949830
800698496
963381041
126063584
92021278
344232970
596444660
848656348
257873490
667090630
76307768
810239344
559443758
308648170
57852580
481233450
904614318
327995184
430312508
925113175
419913840
261824030
231915162
202006292
172097420
755415055
338732688
725922450
205693896
756519585
307345272
168583000
278017657
387452312
741311872
440643085
139974296
34442766
71282730
268914170
226152806
921617956
617083104
312548250
593972484
82786850
796727324
92764143
388800960
914952531
441104100
960446208
232649909
504853608
666020750
796734906
462353154
495684618
413395030
174339596
625022540
529480486
148568994
291832318
30902120
235313301
439724480
711682628
628434960
989699500
898659327
807619152
426496892
45374630
664252366
283130100
902007832
38067145
174126456
310185765
446245072
582304377
718363680
439634218
106751260
773868300
440985338
387507400
586695517
785883632
985071745
184259856
383447965
582636072
134084290
813516728
262383244
711249758
160116270
608982780
57849288
775457260
308927391
842397520
349095776
469093235
589090692
709088147
829085600
82376532
538865540
225652892
912440242
599227590
286014936
972802280
194037508
824629400
485831302
180055742
254414940
159239632
429627805
700015976
971161714
878637888
215023459
551409028
394828254
166990750
939153244
711315736
483478226
255640714
27803200
799965684
745270700
690575714
635880726
412156260
407540083
402923904
115107925
827291944
827798500
367767344
328832886
289898426
250963964
291131476
331298986
371466494
411634000
451801504
751727053
51652600
261298966
470945330
680591692
31421240
684304745
337188248
118567460
588599568
463115309
337631048
553888290
220015656
169076829
118138000
824663564
411269850
997876134
584482416
121033559
657584700
194135839
730686976
147912255
565137532
664464662
495557210
473961450
588879502
897770392
732152437
566534480
230970538
654827884
718988808
700860260
858618928
541581525
224544120
838590530
354902952
491978790
409144190
564981852
840216080
55872893
271529704
535437506
479550200
776372341
73194480
720966568
937292644
153618718
369944790
803410016
236875240
670340462
103805682
537270900
22148142
867004262
494267320
217568845
940870368
621861120
601036477
580211832
559387185
538562536
226756270
180292970
133829668
87366364
122949698
16260020
867180878
796790550
269893872
663305672
625563145
587820616
100052496
418374725
736696952
20270642
910882640
877661407
844440172
811218935
777997696
744776455
711555212
685545810
653743548
100247295
546751040
993254783
439758524
87820146
761470460
435120772
108771082
644835240
311345325
977855408
644365489
310875568
941086615
571297660
980315196
52129650
839332988
235526879
631720768
835002155
38283540
650293116
105139930
559986742
14833552
469680360
924527166
734901634
805990998
877080360
948169720
315518657
682867592
30150572
377433550
724716526
725575036
726433544
727292050
882155344
548557686
323648190
94972108
456696420
722700828
988705234
254709638
168629164
551695668
15808784
605223023
194637260
946761912
237659305
528556696
503675524
150575203
797474880
551410121
305345360
59280597
813215832
739627682
801722072
347812760
222705210
817875036
413044860
8214682
121246792
476740817
832234840
980052332
2782650
891389320
590175677
288962032
647321252
31741272
307167137
582593000
618732902
284456350
412625068
671202220
141986398
827202310
569457912
733540152
510466577
287393000
175248062
928973122
925430710
662849620
9939307
357028992
987334297
617639600
367412618
550466524
733520428
916574330
624436072
809434102
263289782
212930952
133178197
53425440
404402380
361597487
318792592
716624552
169193625
621762696
355353416
325282021
295210624
683816471
72422316
523150
432169390
583184156
796896080
885285213
973674344
62063473
150452600
580215728
647362645
714509560
452613722
230727212
937906775
645086336
352265895
59445452
549280862
66689830
870376840
318154246
261763374
205372500
148981624
560227033
971472440
382717845
793963248
459497800
580720632
889760257
198799880
350176108
419577055
488978000
974892400
167552261
360212120
855947370
902625636
658348410
426694928
22525634
815965200
703733409
591501616
517482570
444666748
747431300
356996468
894883880
80621377
266358872
192815200
964454821
736094440
507734057
279373672
339996072
400618470
461240866
341157246
980325800
619494352
258662902
976667902
132511852
304116727
475721600
355842658
794829584
12175841
229522096
446868349
664214600
957815124
988271100
574108474
592184568
610260660
628336750
587689606
467995656
941220281
414444904
45343506
680940720
496943465
312946208
843314195
373682180
383599402
878024472
104169925
330315376
901253936
583317751
265381564
269340148
584963184
342336541
99709896
357321716
694798596
121463516
847312546
600929540
354546532
108163522
266356972
408223607
550090240
691956871
833823500
30296630
379612826
728929020
78245212
670972410
975973048
229787044
388722128
547657210
706592290
865527368
24462444
696122538
743034704
810173343
877311980
599538252
973379590
169555890
786155302
131477532
902920712
836231997
769543280
464673057
159802832
180793097
201783360
167811003
133838644
27917486
797086950
325931768
378874349
431816928
535328560
638840190
742351818
448188314
609267926
770347536
931427144
187256408
354789570
883210632
988588305
93965976
199343645
304721312
914645992
334080025
753514056
192174456
869391425
546608392
223825357
901042320
155424335
409806348
868544420
327282490
786020558
178483720
92070153
5656584
767202825
528749064
992900750
163000794
124099218
356745234
589391248
822037260
442553871
63070480
489167656
218561204
851648683
484736160
338061307
191386452
191611840
839049583
486487324
487211250
487935174
488659096
722302660
110915736
8190726
583416190
624204860
150281720
599430746
27265324
150524296
838234305
525944312
213654317
901364320
311173545
720982768
943175719
165368668
811041820
395343498
964107760
189644241
415180720
803900358
192619994
581339628
682217655
783095680
865412518
415153654
964894788
514635920
306671917
98707912
529056770
812892920
819320516
921121859
22923200
70817589
118711976
824187364
774563376
488162845
201762312
535384970
655842148
454185690
982524256
510862820
39201382
61704250
589622858
886916510
602232032
497588840
212063833
926538824
641013813
355488800
246319467
137150132
27980795
918811456
559484980
141516796
724478490
315885320
664034002
136924080
703814136
549362769
394911400
441892924
713798103
985703280
545751658
105800034
665848408
933187925
200527440
808827856
743487329
678146800
788954594
97082848
937736699
778390548
220512330
485162936
749813540
14464142
733968870
268080088
883853405
499626720
4948792
618456385
231963976
845471565
458979152
345216260
231453366
117690470
719775648
947946789
176117928
450490844
935405511
420320176
280189886
491950410
703710932
915471452
85003047
254534640
365174212
665860800
853046805
40232808
707511230
188521282
669531332
150541380
257648092
981841570
559805188
533630490
747478176
407027011
66575844
27310828
172297414
792475250
697933254
841400428
80958084
726642291
372326496
850043500
327760502
805477502
458822060
194588492
878360175
562131856
812517110
62902362
313287612
465587967
617888320
748253955
878619588
552233320
774959656
917877885
60796112
945472245
830148376
714824505
599500632
800153212
641888942
629272942
255997212
835423887
414850560
729936201
45021840
658250248
200645424
869377821
538110216
958847596
328249066
235697200
634916065
34134928
624733954
202012656
756228279
310443900
843385224
621522913
399660600
312063496
171121416
113564120
816071801
518579480
316868525
115157568
408372499
701587428
636335710
571083990
505832268
180223420
322545527
464867632
276080812
122699647
969318480
774652385
579986288
941442205
302898120
783751860
465924340
884303640
730243185
576182728
253046490
636084572
454875100
51696762
777506040
995207573
212909104
531353656
849798206
168242754
246652598
124232660
535503378
948139860
586304598
61395954
610959606
509777380
408595152
307412922
206230690
105048456
3866220
902683982
600164750
445048908
136988820
732849288
323316365
913783440
504250513
94717584
396354250
559978844
414916300
444835119
474753936
994484094
573949898
2884250
995754326
988624400
981494472
974364542
967234610
520475438
910707440
224343200
537978958
851614714
644003426
311339450
187290798
209833144
638302093
66771040
219217500
619974791
20732080
493591706
326294004
935190123
544086240
159035118
506869314
854703508
202537700
491295028
958551739
425808448
624435029
823061608
287840124
564522238
859643270
320763736
3843605
686923472
378892445
70861416
450764309
830667200
75177289
319687376
527331455
734975532
9575640
432116017
854656392
932151137
9645880
610142352
441635817
273129280
204409560
342259306
134330404
476658403
818986400
382735297
946484192
800345907
654207620
221817660
67116090
615198776
640107061
665015344
679203368
689765145
700326920
712543336
750275085
788006832
862356935
936707036
84850544
514689250
780599264
849239963
917880660
986521355
55162048
861948675
668735300
335530936
195733401
55935864
39646388
803620484
567594578
331568670
142430056
739517105
336604152
813362720
298846715
784330708
818903824
637452225
456000624
572133258
688265890
804398520
719390085
634381648
940806210
434286096
693780941
953275784
628853716
490565084
477260466
404636220
736380223
68124224
224181546
691108220
752329956
795595660
761964943
728334224
600991725
473649224
188923693
904198160
619472625
334747088
250275754
323822956
592162295
860501632
950484297
40466960
878236768
716006574
553776378
113075714
173554250
265451254
934715228
218608584
847079041
475549496
262832280
453241978
117207740
586712447
56217152
558884412
185424262
800091042
710218142
370869112
112118400
272141773
432165144
592188513
752211880
411021017
69830152
56829625
43829096
328553490
731674928
636251495
540828060
79190272
20519237
961848200
903177161
844506120
190577646
240796266
20271290
799746312
579221332
795918652
937407242
647854352
282483537
917112720
551741901
186371080
821000257
455629432
331755272
594842997
857930720
99927707
341924692
844883272
543334020
496350232
329066870
808990310
288913748
768837184
456643643
144450100
996874286
940128294
883382300
826636304
147659375
468682444
265529288
146417549
27305808
58432415
89559020
120685623
151812224
348740475
545668724
506862748
212919559
918976368
472789564
53374551
633959536
531608805
429258072
92796257
756334440
17530633
278726824
539923013
801119200
290571492
707205560
988448057
269690552
798337092
763842392
479944905
196047416
20798396
60484766
813925750
657841840
514191081
370540320
167497330
964454338
761411344
54562543
347713740
944548452
143484035
342419616
697727946
783673740
846618336
278187075
709755812
490872322
512094860
670721912
295349705
919977496
822919924
251798196
171588424
512155748
99558704
266977525
434396344
947048153
459699960
982574908
442141630
398081766
828365384
756443118
684520850
612598580
540676308
468754034
169809700
494371139
818932576
929280505
39628432
758127632
476626830
195126026
723450986
825764190
53222240
241593995
429965748
618337499
806709248
879831144
952953038
26074930
99196820
172318708
245440594
318562478
996769744
119166025
241562304
363958581
486354856
683417156
548289475
413161792
461085715
509009636
163700944
493195513
822690080
720142137
617594192
515046245
412498296
94580866
402335240
710089612
17843982
105147342
15651372
827539132
117558082
1842772
419290022
542215370
432081490
33821442
148305202
332774650
179464510
111719712
95667857
79616000
107231158
134846314
162461468
190076620
217691770
802781512
749380490
863194660
94221610
333852536
42039644
433784486
73173810
779902278
407334124
684530148
515669059
346807968
97379770
553320052
820577030
599440570
378304108
157167644
837069511
516971376
889297336
261623294
633949250
143873014
46356468
792641339
538926208
2154929
465383648
31622259
597860868
101670460
331074298
211298520
258966093
306633664
878996623
451359580
234254762
619129760
848226915
77324068
586711164
131081751
675452336
9930176
887090411
764250644
972495998
180741350
388986700
539374220
220275830
190014202
159752572
129490940
18363362
497100100
805069523
113038944
421008363
728977780
520164592
403971815
287779036
827299476
700263736
870841401
41419064
643409876
531293164
202806326
457830650
423878298
583973094
18162436
452351776
886541114
811919668
84683734
387336850
371205574
528224268
642900604
473256338
671132844
835468375
999803904
712766223
425728540
43798806
661869070
279939332
492402430
191346830
890291228
589235624
150088600
710941574
271794546
535626630
634353868
493091660
156950127
820808592
121716965
422625336
723533705
24442072
612854532
949749032
386108480
68522667
750936852
709462862
923363702
499589792
75815880
652041966
878706346
869141210
118563990
251686076
577020080
806972653
36925224
286472650
180388644
249579050
437312504
249937125
62561744
970946378
725986780
418987308
359199150
956443806
9343604
43955906
95481820
779462116
884852460
990242802
95633142
243360740
5454782
767548822
529642860
370814932
433702200
129296633
824891064
989876
936522564
736437676
200544214
455201898
709859580
964517260
137054927
309592592
78771142
825031030
421502200
187326125
953150048
611430555
269711060
245770552
410430010
343467580
11402047
679336512
877692980
483909372
611972570
238418728
347077374
400039650
923786694
180192028
966952424
335633600
52893899
770154196
228928350
658603438
88278524
517953608
876812429
235671248
17404735
799138220
894613116
691522610
488432102
285341592
82251080
879160566
914480534
705870968
772370829
838870688
830104659
821338628
76330020
436949908
464593040
971456463
478319884
931675816
962549640
993423462
24297282
238521742
743209072
290702937
838196800
702244130
314868592
871028695
427188796
150075224
901131193
652187160
306940652
366756570
630468600
618375356
606282110
594188862
582095612
570002360
208032690
953968976
680779361
407589744
134400125
861210504
588020881
314831256
385920920
836834705
287748488
843943284
136681508
824624164
752208451
679792736
48676840
618275900
516822510
275930766
35039020
794147272
533099085
272050896
620206399
968361900
599798844
44454050
425655204
315323250
531145684
746968116
962790546
612678580
21576235
430473888
952466490
885091892
226393750
770077490
787984982
289069972
790154960
291239946
526044924
760849900
995654874
581582328
699335420
969772398
590588814
372192876
153796936
935400994
717005050
498609104
280213156
61817206
895010930
696391190
866648116
36905040
207161962
377418882
547675800
671937845
796199888
436598080
238033483
39468884
566323950
82026214
597728476
113430736
319000144
524569550
730138954
405715018
81291080
756867140
240237891
723608640
847452132
275030680
218396017
161761352
105126685
48492016
558527796
377802316
599683246
937923390
276163532
614403672
738123097
861842520
832900940
136827567
440754192
744680815
48607436
337365576
626123714
914881850
332850574
589014248
366417490
9988112
391558957
773129800
813282572
853435342
893588110
225280588
116284180
54714731
993145280
901533232
62930615
224327996
899907316
43205296
921104005
799002712
199378190
599753666
129140
989758155
979387168
53084229
126781288
539618324
377097275
214576224
895436563
576296900
940968796
171788199
402607600
614984209
827360816
627482935
427605052
715533740
635233343
554932944
913534138
298716804
903072275
507427744
217337300
380097444
137929923
895762400
127583451
359404500
591225547
823046592
144766735
466486876
38966186
148444320
792006251
435568180
843256978
718917044
46910398
374903750
702897100
221208780
739520458
257832134
515089316
819910334
957131598
495363740
978029328
976334205
974639080
487735682
272172312
163054352
251308047
339561740
168541680
263121661
357701640
462641133
567580624
882063013
196545400
428156058
659766714
891377368
480445200
160010681
839576160
674922771
510269380
692671068
561913410
114361652
91609070
22849350
373702632
137581665
901460696
365265349
829070000
292874649
756679296
652311890
927588728
720148229
512707728
718829640
747937592
653317790
765804770
141642022
468748172
496462332
287141362
136481660
469153375
801825088
377425494
193250750
157213484
121176216
85138946
179220520
13241961
847263400
297772946
610234416
857905584
664589693
471273800
699530461
927787120
867922580
849540740
831158898
812777054
98121000
642131329
186141656
212841604
532306056
113330029
694354000
101708014
720205618
359095614
837823000
695129004
552435006
409741006
886912220
222534255
558156288
868991535
179826780
387827246
595827710
803828172
368742500
571862403
774982304
429075973
83169640
909947828
769661460
596666208
1722755
406779300
626596146
846412990
66229832
150236950
968857670
431402352
841540752
91844120
466991458
202350904
546021500
543370254
600334398
245396004
801085875
356775744
661493550
179124994
668485798
874256364
231149828
42176484
382146308
265991404
682363238
98735070
515106900
400842090
594337256
113654
405890050
811666444
188213400
564760354
941307306
317854256
694401204
888949356
839232054
957006458
301159770
543768646
306137524
202051946
278524680
440220481
601916280
712650696
442100416
883144975
324189532
744503570
354244108
254596840
221355413
188113984
669433013
150752040
987986708
314915020
867125678
695996734
524867788
353738840
886387846
419036850
951685852
945477140
886441112
671197270
127782070
584366868
40951664
726131463
411311260
267554916
549884620
800279535
50674448
394332029
737989608
916204624
79960863
243717100
816319192
913089585
9859976
106630365
203400752
677577732
175080912
585976760
792773425
999570088
206366749
413163408
971606269
530049128
696634624
596180123
495725620
618136966
524619834
168415658
371422350
735143256
98864160
462585062
168880630
70898648
619648125
168397600
138253272
562035050
985816826
409598600
334781441
259964280
518209576
190451561
862693544
785053208
805854234
196073516
442722184
604596673
766471160
924508712
599519645
274530576
949541505
624552432
578860362
289619260
378156
711137050
421895942
132654832
843413720
554172606
376761906
722476270
68190632
413904992
422432147
430959300
910580578
101106620
597800447
94494272
746604462
398714650
50824836
702935020
355045202
103993180
905694612
313977720
911018210
970117656
29217100
88316542
139024662
206695520
422656921
638618320
24835668
204141140
626195691
48250240
924081143
799912044
67434750
860410614
575327568
69644089
563960608
84834954
892704300
391503319
890302336
489323819
88345300
146770804
205196306
263621806
322047304
380472800
939652979
498833156
849741330
667831588
335535010
3238430
670941848
745123964
410929975
76735984
742541991
408347996
998680900
933413636
565694860
619592335
673489808
175952269
678414728
681598964
487300875
293002784
264977225
236951664
631059758
791140530
297234366
402388184
987654868
218247564
862999838
824742534
584347000
917913709
251480416
339643396
556282016
772920634
989559250
309235154
891786298
528488254
537692000
744256779
950821556
580926090
949622648
183974780
418326910
652679038
128163764
582523451
36883136
233559676
115075286
996590894
878106500
759622104
641137706
513649860
140549666
767449470
394349272
661833997
929318720
971130728
261088524
656363858
970458940
360421311
750383680
140346047
530308412
191119250
953183980
551996720
780463998
647089514
513715028
380340540
318437047
256533552
194630055
132726556
611342304
869785173
128228040
295719462
463210882
630702300
290987983
951273664
999044953
46816240
839558533
632300824
977951121
323601416
406409746
489218074
572026400
707663769
843301136
978938501
114575864
619651226
626054540
396983536
905706269
414429000
660111044
195537000
730962954
266388906
992510590
272388848
433956505
595524160
308612735
21701308
734789879
447878448
160967015
874055580
406914512
686904512
592764495
498624476
588104914
905946028
600910784
986669883
372428980
758188075
143947168
838458570
642628876
378244480
901369125
424493768
496689774
568885778
641081780
798447147
955812512
851490682
269468692
918735547
568002400
773191525
978380648
342086605
705792560
409868327
113944092
510427552
906911010
303394466
90527346
661876090
303115070
334863776
635843925
936824072
652406440
120687820
51146351
981604880
839469825
697334768
411538599
125742428
553387060
981031690
408676318
763584064
307738163
851892260
252652766
710399934
454007348
355278715
256550080
379206220
676275567
973344912
226318632
238735705
251152776
29221736
461977065
894732392
698551752
275344825
852137896
490301216
337730609
185160000
301411819
417663636
533915451
650167264
641915826
178087080
526766653
875446224
210973900
350795274
710209088
747578179
784947268
619656830
669061646
457864124
475565096
597216145
718867192
505293840
291720486
78147130
922562698
747174974
571787248
396399520
221011790
45624058
762739170
230914682
684238350
849372008
808882485
768392960
2035492
79882600
2879880
925877158
848874434
59159950
161876464
179238576
610279845
41321112
101562170
821123548
59785935
298448320
675542907
52637492
756711572
139802187
522892800
773933327
24973852
398922710
772871566
146820420
732450606
12694454
292938300
573182144
36326550
158779294
1766748
121319024
935183821
749048616
664158330
138067820
88318360
38568898
988819434
939069968
889320500
703975788
634651679
565327568
914737774
264147978
613558180
962968380
312378578
673869644
228187111
782504576
943053014
477629118
153520940
308674391
463827840
838653901
213479960
651337266
20907184
116505991
212104796
965034320
751759325
538484328
325209329
111934328
609916784
140989941
672063096
501763530
331463962
161164392
990864820
820565246
363743166
906921084
450099000
993276914
536454826
564699190
592132188
632470319
672808448
991039260
309270070
627500878
638508500
649516120
660523738
671531354
682538968
694751949
706964928
719177905
731390880
552635086
593532626
874532270
536133840
807042975
77952108
882220660
686489210
490757758
230520000
993083951
755647900
538977370
734737096
554151985
373566872
192981757
12396640
854864008
254151664
377954325
501756984
911975978
313720804
147333658
980946510
814559360
304448417
794337472
185447262
576557050
967666836
296270590
129894558
385350724
642435678
980131614
567286500
555609814
896226818
236843820
577460820
644891800
712322778
779753754
85112006
281076660
796495466
400489096
4482724
608476350
603041614
985461148
756750544
723490461
690230376
335790770
482951840
407346147
331740452
484031580
940365095
396698608
161721740
585736911
9752080
804766873
599781664
350873268
679222844
968320311
257417776
651811865
46205952
380069407
713932860
375915990
197010362
87763162
978515960
869268756
242985020
940526346
655876624
417612271
179347916
992852660
359413456
603792095
848170732
814741552
278291767
741841980
228669100
125635950
114535486
689817476
139122915
588428352
259076930
387716768
538667785
689618800
938356502
409249742
337745140
285112882
303186980
779656642
373013292
379935255
386857216
939805895
492754572
951178010
409601446
868024880
388094692
824040040
259985386
695930730
703388030
786085936
868783840
951481742
150769202
566289950
405804360
19161046
433903974
357404608
751413265
145421920
539430573
933439224
193233078
281196710
741311936
303636369
865960800
811656654
757352506
703048356
262140506
857955680
453770852
49586022
980031802
210331082
355633502
988590272
200918255
413246236
625574215
837902192
53206600
520414665
987622728
940338480
235101021
529863560
118023036
72938270
142996470
363226736
62515920
949618172
716166647
482715120
539338982
651629702
763920420
876211136
100314069
324417000
772383614
668197218
959764614
251332008
542899400
834094213
125289024
416483833
707678640
602560782
48571330
268715558
373065580
120542628
192970060
265397490
337824918
190931700
738673738
286415774
834157808
179302480
299587377
419872272
540157165
660442056
219086306
495412040
127582125
759752208
563851684
204948728
906692130
490487672
74283212
658078750
915824198
476392280
25011093
573629904
122248713
670867520
219486325
768105128
39166980
642561048
201263849
759966648
53329580
946727978
505519440
205678623
905837804
652655500
73050454
957152778
747013634
337563450
24077134
149811528
277633829
405456128
599277484
793098838
986920190
843651276
606936100
567141795
527347488
160215325
793083160
238023337
682963512
186729852
882796622
343030302
297547732
723607627
149667520
575727411
1787300
612419600
223051898
833684194
934205050
574874894
215544736
856214576
496884414
137554250
138707994
139861736
141015476
545398036
262870176
786112689
309355200
150214859
991074516
69981150
926388078
782795004
639201928
74265700
509329470
944393238
233182880
392488051
551793220
271569940
652134800
209919121
767703440
577011281
386319120
64321388
919398290
743858876
949933439
156008000
642132154
586702548
962004379
337306208
446214834
724802216
165114409
605426600
198166034
666793968
784083745
901373520
18663293
135953064
950729426
370380560
301597965
232815368
956137860
599041048
59808745
520576440
981344133
442111824
753884253
65656680
179921808
867037744
559606925
252176104
22193400
792210694
562227986
2236630
332240948
217243099
102245248
923495744
862323203
801150660
739978115
678805568
511153465
343501360
175849253
8197144
204362650
362428524
701860600
236381049
770901496
953181324
693350146
274792740
988230403
701668064
903819625
105971184
397912423
689853660
217555196
744867799
272180400
799492999
326805596
617385560
74648881
531912200
184701346
872653224
852427721
832202216
58291946
741170580
424049212
106927842
88034692
781649082
745796560
424536806
18796006
613055204
207314400
801573594
395832786
702740530
875750698
1368374
142402396
318786824
677386621
35986416
218492215
400998012
998662712
930137897
861613080
222717912
608447985
994178056
379908125
765638192
843219832
319721457
796223080
272724701
749226320
118847068
868101950
293688902
608401400
92890200
965838961
838787720
36670820
158429811
280188800
424715751
569242700
824045698
316526244
765041618
213556990
662072360
306962421
951852480
115562260
362813460
749921280
137029098
524136914
638162850
536119874
166986498
346196034
163353250
527036754
619088298
485533654
559595500
32306804
217268000
316601989
415935976
515269961
614603944
713937925
813271904
876645668
961022984
297254700
824396634
96902008
209700389
322498768
950373215
578247660
535135396
239109900
943084402
647058902
142650260
677654155
212658048
532450100
852242150
172034198
129595944
499781250
947525464
372719325
797913184
462370516
426984484
862136516
246918684
80900423
914882160
331330868
672280459
13230048
574463734
478684366
178002260
22076363
866150464
299244768
704313030
109381290
514449548
41416320
86019237
130622152
215162670
881911050
464241482
253319182
143683000
586140648
290745220
108643491
926541760
708996251
491450740
107445860
385284020
700101080
760235425
820369768
761123670
812653126
722864
188792600
376862334
295507218
404049694
756761000
529996789
303232576
883610740
463988902
44367062
222076680
585972565
949868448
681898540
615316818
548735094
482153368
327280980
551706988
776132994
558998
933802564
42485475
151168384
638644750
126121114
613597476
101073836
588550194
968777388
349004580
729231770
692323392
803979135
915634876
839111186
762587494
686063800
383098829
80133856
777168881
474203904
656950463
839697020
195820286
551943550
908066812
320847560
491944588
144716690
247099292
402677700
711503332
868433860
976562972
779181170
421427740
224425967
27424192
387548457
747672720
282734383
817796044
295325936
60007325
824688712
67014397
309340080
369473200
695680058
21886914
348093768
570039969
791986168
659050664
759688476
255342214
955959938
211850510
650959216
492840409
334721600
315874
665910146
331504416
571994709
812485000
444901784
556225258
637252900
34339338
935809800
675813633
415817464
409363288
500333394
495192736
462980195
430767652
398555107
366342560
859756298
626372204
417571368
227650840
906868977
586087112
974052980
812828452
239658340
464909892
745399100
212226682
480368920
971046717
461724512
131809900
912434402
83711700
281356262
127898922
546611010
746848570
328730382
583197352
857029402
410362460
130780892
139226170
468793880
426113096
383432310
340751522
24932270
778064928
521559515
265054100
925139666
331858996
316921566
301984134
287046700
316843284
208416200
468800689
729185176
988573480
199400861
410228240
987816218
45158100
102499980
159841858
725608580
291375300
857142018
714216940
799443488
926142475
52841460
864451016
308653725
752856432
360304452
233776672
725089125
216401576
571210486
926019394
280828300
915293944
256964025
598634104
666266300
171625879
676985456
411042754
50419248
914803185
779187120
300770466
740344896
494152291
247959684
1767075
755574464
62740213
369905960
884012941
398119920
579267201
760414480
735180975
709947468
465716424
496587213
527458000
928516662
305731422
847709660
389687896
931666130
409396960
389901307
370405652
168525240
657392217
146259192
925824252
250108782
574393310
898677836
747322020
529775276
256557430
669818650
476189546
78855566
279149720
324028981
368908240
413787497
458666752
672795530
163238220
702740400
505181975
307623548
976949980
734809818
258584904
810162781
361740656
913318529
464896400
320065999
175235596
261581720
622277433
982973144
798366300
613759454
429152606
244545756
59938904
875332050
690725194
368512358
747587124
543261738
262548520
49617593
836686664
462443438
61705034
934102250
15833694
347765088
595862129
843959168
632270374
420581578
208892780
431573751
654254720
852551811
50848900
778200400
797972688
588540865
379109040
126643045
874177048
760628390
823162606
593046804
455223083
317399360
419114328
725664250
421926716
356032959
290139200
684640084
257490683
830341280
601554713
372768144
327574633
282381120
278989371
275597620
312311758
407488854
608717456
427224879
245732300
884106444
939302150
994497854
49693556
104889256
160084954
20646268
616853855
213061440
843019091
472976740
451663280
264873495
78083708
294350540
146725878
50207354
456535706
568875110
443395268
317915424
192435578
766396564
593391358
600496030
791262916
761075459
730888000
464652469
198416936
63015565
927614192
386711172
410141232
433571290
457001346
822565674
213046438
823684020
434321600
44959178
681072364
244072648
250710669
257348688
846088415
434828140
400039436
995549430
660035898
725742074
225521046
409262300
624456456
702867681
781278904
762112808
271814124
64371178
724860464
568119688
165795269
763470848
881285875
999100900
116915923
234730944
109070878
98058730
196188426
952524814
245236088
759527344
219823383
680119420
140415455
600711488
42678385
484645280
402708555
320771828
771917944
995513250
481142584
966771916
452401246
442879270
433445000
133196262
408299390
396305948
591219215
786132480
630151803
474171124
825300396
308680774
983327858
686565190
270011436
575010900
37812376
417696086
955498550
920121000
95771602
315136400
598721725
882307048
214783280
453613981
692444680
372709196
275002690
297713220
661209770
415468312
216584285
17700256
498340379
978980500
879464834
150035548
569320964
330713268
961922939
593132608
409764479
226396348
136766354
596059500
55352644
514645786
752508640
103055771
453602900
694606730
446569176
420900064
935639198
800970
648966266
204217734
444181108
65860154
575400800
84941444
594482086
246654650
367545418
488436184
609326948
363572064
26306926
327622530
918176678
593246444
190366711
787486976
462773540
953782963
444792384
84375443
723958500
770679152
167004935
563330716
76926596
782490516
17541296
789664965
561788632
131933150
702077666
272222180
673212706
887235004
8375756
129516506
250657254
419443908
252721974
86000038
919278100
541923218
816166740
90410260
364653778
927617460
197567998
239278654
73604756
99540154
125475550
151410944
672144833
192878720
968778046
387792474
659429218
419506650
179584080
939661508
699738934
459816358
88373184
238102963
387832740
450842542
458637270
915114288
48512105
181909920
558927442
868073432
298546077
729018720
409352875
89687028
360049770
355622472
74191485
792760496
511329505
229898512
762937572
977503752
192069930
406636106
144009454
272876648
770880514
682770776
964492565
246214352
538628560
487942293
437256024
18126146
598996266
179866384
182727953
185589520
188451085
191312648
504160580
80902728
219208925
357515120
618574305
879633488
289720024
389685993
489651960
4420788
842222340
138110108
57831570
870891532
483819975
96748416
83523760
133174282
834012060
389284092
548352450
760287188
131055675
501824160
716810637
931797112
883554902
596251670
308948436
21645200
847319953
672994704
793905300
605852004
935714900
25685504
849972823
674260140
182466262
128694250
486058098
843421944
200785788
647967415
95149040
49442970
674587572
299732172
924876770
33444340
40562590
912083886
783605180
655126472
526647762
398169050
69854030
377545192
975088117
572631040
758797188
626669635
494542080
238314551
982087020
750603218
928121244
603400111
278678976
271547300
480558536
577355844
674153150
770950454
617514288
104069185
590624080
697318776
952658286
207997794
463337300
80039494
672978298
38623114
859796350
547084624
163363053
779641480
501777348
223913214
946049078
16023024
343282921
670542816
858598371
46653924
234709475
422765024
610820571
798876116
986931659
174987200
363042739
551098276
15110960
82954165
150797368
717154810
179368156
768544079
357720000
946895919
536071836
546798290
984438508
755233520
593472103
431710684
183693700
935676714
687659726
229378680
287231760
340569081
393906400
940024291
486142180
111654820
280301460
684254347
88207232
506291052
671625247
836959440
909754412
982549382
55344350
242080108
136124535
30168960
924213383
818257804
866633106
93526940
413781316
297968580
485510076
898374170
390372168
882370164
374368158
691499054
992328300
927270519
862212736
716620270
571027802
425435332
20141042
27260020
950351755
873443488
451877650
597352696
981245716
365138734
749031750
641105704
978953138
349916000
952852443
555788884
473570266
165087280
714116472
863967502
991231882
159541802
453052222
18518352
201467050
191690860
181914668
172138474
964749296
23639516
73050055
122460592
984640370
75453688
888901364
231200468
372523984
141585288
55348640
77144483
98940324
879206250
808075224
205911968
354811619
503711268
557265834
42252600
414075524
431338723
448601920
609676403
770750884
2102016
64009259
125916500
863381254
645135898
426890540
208645180
969195170
653648292
604231107
554813920
84240892
613667862
143094830
774658340
324140147
873621952
929492662
327028430
764997140
962383147
159769152
601123912
649014505
696905096
744795685
792686272
471057987
149429700
297468398
989193430
70467312
427445897
784424480
639167956
16128420
13466916
125195060
852701176
82874025
313046872
543219717
773392560
565753088
26176279
486599468
53196774
509266850
965336924
421406996
899281624
724178721
549075816
373972909
198870000
23767089
848664176
289798215
730932252
8870260
262581243
516292224
627796875
739301524
630925508
33189804
851189078
508081834
832314450
486003234
295992578
667277154
38561728
409846300
334116958
26571510
333437232
963345895
593254556
593316456
463562545
333808632
9361952
466313560
799395817
132478072
591126052
707297712
67799005
428300296
713381866
65584500
451944406
322419154
612246118
902073080
191900040
201319096
113021966
956340810
652935050
349529288
46123524
742717758
439311990
337478736
723380701
109282664
200543376
555095936
809988251
64880564
958333398
851786230
745239060
223978827
702718592
6115177
309511760
205494417
101477072
106006777
110536480
492588633
874640784
956502575
38364364
360966688
585610709
810254728
49262454
422137750
115318264
572327725
29337184
818543916
576234175
333924432
88781460
39233572
73798020
66202515
58607008
5053795
951500580
325213052
813047447
300881840
146755353
992628864
337067683
681506500
616328032
663044035
709760036
333935026
347656500
609256766
353128734
97000700
840872664
371110918
445379390
519647860
593916328
668184794
742453258
397886174
962200000
217551649
472903296
728254941
983606584
57671873
131737160
561548737
991360312
62707872
686123427
309538980
190172618
70806254
951439888
535240629
119041368
272025974
425010578
577995180
565742551
553489920
856702111
159914300
101560950
652465386
88079826
523694264
959308700
619023414
230178538
98351634
966524728
834697820
864718758
380493490
139909382
522674380
883650892
88595567
293540240
498484911
703429580
854814748
528332999
201851248
234261705
266672160
174180051
81687940
818047210
251437496
598553941
945670384
880071208
235718644
258334628
498805124
739275618
979746110
375687752
103205145
830722536
526729810
222737082
918744352
899257867
879771380
660446850
631622012
778602940
182096722
470641292
726765832
29283940
735594483
441905024
30893573
619882120
171248368
984769685
798291000
683482890
116977332
679843430
388464458
97150930
805837400
514523868
577619015
640714160
200247510
150029486
964951076
52473075
139995072
62181590
463764478
45535180
345874148
40544060
79215287
117886512
334235672
215048377
95861080
872965912
752560977
632156040
54038868
69936060
465616298
90185920
523916911
957647900
391378887
825109872
502722752
968537487
434352220
652765298
232983260
465115087
697246912
697358515
697470116
465617296
498110991
530604684
691582568
106380704
629476381
152572056
45513110
754770070
464027028
173283984
553485325
933686664
674933058
147847704
781022256
952650845
124279432
303399277
482519120
609617390
666055346
680051966
158605560
919755248
722254055
524752860
327251663
129750464
279220693
428690920
261440588
401156450
961459892
53763310
523479110
605465192
840714597
75964000
582101428
88238854
594376278
100513700
606651120
249301901
891952680
343124336
117953095
892781852
239453580
586125306
932797030
24647588
116498144
208348698
91303364
706839475
322375584
478261193
634146800
913705973
193265144
975506018
757746890
539987760
871516937
203046112
986904515
770762916
398879746
185313420
523280775
861248128
645819594
770121900
711280344
948621238
916352390
98339376
634443175
170546972
523570152
209896512
896222870
582549226
285252914
987956600
690660284
393363966
96067646
666500500
904513786
776168544
7322811
238477076
875239130
235990000
725967217
215944432
138850535
61756636
379044676
487541636
381365676
321620886
838627210
690887810
804532986
236385326
702371000
261244008
461101524
568646875
676192224
519609618
63183800
808404773
553625744
265128750
920271314
346624718
772978120
199331520
673242981
147154440
70771696
522233575
973695452
425157327
876619200
871714917
866810632
475926885
85043136
332650819
580258500
989156664
158759338
305069860
649193418
813328680
977463940
141599198
707813790
274028380
840242968
591644185
343045400
655333852
166345190
914553618
274063350
924629252
691325910
341162530
990999148
640835764
385736368
546357125
706977880
842538817
978099752
156381337
334662920
681738902
239285830
786077168
12864375
239651580
997188176
982572840
760358541
538144240
499459540
460774838
422090134
5173816
588257496
171341174
667735078
825636160
223994961
622353760
20712557
419071352
115702342
519283902
331606812
587348192
136665347
685982500
235299651
784616800
107086961
429557120
387017595
344478068
915659094
486840118
58021140
28513227
999005312
166136212
333267110
500398006
63176056
599933581
136691104
855132531
573573956
767597940
34216475
300835008
359137704
110324756
846309004
223055006
619827910
235014168
376206909
517399648
755195240
915511532
670857247
426202960
240977232
620343972
234036147
847728320
876532293
905336264
622889448
643686509
664483568
285317889
906152208
23901009
141649808
541706260
193007428
844308594
495609758
3319624
103405846
566397510
623790448
304281129
984771808
628605570
272439330
916273088
345173635
774074180
417231822
596225382
900551640
550780597
201009552
410156357
619303160
357948122
225443820
183183832
476176470
505758710
286721672
67684632
848647590
771472750
797572692
877534490
435014288
748751985
62489680
789354122
292777532
368589332
937366072
526983002
159535980
756396792
660502265
564607736
310195180
824836346
507347816
182166070
322629398
998969464
197650200
241656489
285662776
774008764
555472926
336937086
118401244
701277936
654227005
607176072
245754220
905588703
565423184
683108848
466314949
249521048
89850634
407468500
861183579
314898656
652858154
181087068
663699855
146312640
359457485
572602328
927161385
281720440
360293380
839669320
311346036
640711780
818839476
661161339
503483200
517982589
532481976
166427414
691913078
871681800
147924742
458460462
958556820
458653176
958749530
458845882
958942232
267153480
438515033
609876584
781238133
952599680
655207111
357814540
985213090
851102036
578522630
859750298
140977964
422205628
80099394
749185236
367151494
897246298
427341100
957435900
195517970
433600038
671682104
238132656
804583206
371033754
305406138
74886550
64215196
584489560
181334265
778178968
750016364
360050938
552388584
744726228
937063870
307873406
542559604
777245800
11931994
227837948
274628724
7583568
325850879
644118188
919297600
902468675
885639748
90689544
459273293
827857040
964428922
194427492
424426060
654424626
92849164
458911943
824974720
150742963
476511204
802279443
128047680
318201480
357902885
397604288
104915715
812227140
540804302
269381462
997958620
612090095
226221568
840353039
454484508
261236030
67987550
874739068
324855880
367923516
78416270
353223998
329750564
996259251
662767936
329276619
995785300
662293979
328802656
995311331
661820004
851565138
659419300
426290818
513579340
554665288
706030369
857395448
694722200
921652282
221424732
243925775
266426816
635126165
3825512
798296700
556099902
129698150
305890568
791544214
764663750
211808944
214695836
562251694
690964238
665189740
708092268
8497375
308902480
609307583
909712684
617822916
834388884
796684016
758979146
721274274
555467658
678655990
152433436
831794200
511154962
190515722
327662342
991168132
131706982
961436250
895220570
399952102
227996612
563401462
336533842
933959942
154392812
68100132
480923372
571714822
597247570
70287990
727356292
994363830
492252338
969966070
666361892
929637715
192913536
584122050
100349600
616577148
132804694
649032238
165259780
897433118
328506110
674015252
106715115
539414976
275655489
11896000
419797419
827698836
611211870
162093038
255782924
870451908
139105204
957409531
775713856
52821375
329928892
204393362
78857830
953322296
39692816
357449445
675206072
883227122
585523120
342982936
74624994
101527288
46243364
595901651
145559936
419475751
693391564
948751458
313235380
88376238
370378470
300243192
699544152
388999730
708269168
816987185
925705200
878230802
650826792
483899782
641767310
703363140
199485187
695607232
646258402
596909570
547560736
245479369
943398000
737543414
531688826
325834236
113279135
900724032
575190867
249657700
648379888
343852269
39324648
172743624
174734521
176725416
48283680
673138043
297992404
539424656
18150925
496877192
452260610
861992888
930940165
999887440
762523352
378556730
837169820
954805100
246141950
710895222
581441552
634456710
82394518
649223880
5233513
361243144
282131625
203020104
647660550
813050094
281883508
288577499
295271488
908331404
257142058
144420464
930605463
716790460
502975455
289160448
307508724
181481068
877515254
689598106
523771050
357943992
192116932
291317752
535241570
779165386
23089200
980265992
484948432
396229940
9537772
532971615
56405456
521163550
487782010
454400468
421018924
872806975
324595024
987446693
650298360
355639481
60980600
606892316
471675990
369357018
267038044
164719068
465585274
338331896
406717180
816354286
749238094
671810508
933106164
871040288
808974410
746908530
812051922
536976282
284143790
427138200
309940085
192741968
789428159
386114348
982800535
579486720
34567596
109747730
585593660
645834460
426011930
340288296
189795545
39302792
235432230
107501150
91544012
827596740
721777972
205137467
688496960
502714463
316931964
131149463
945366960
761610108
666425990
940042082
219266430
643711208
423985425
204259640
984533853
764808064
933606000
575326629
217047256
152550890
349589348
295282170
602421712
424577745
246733776
994984314
43454628
677297434
888979200
784340809
679702416
706424670
377868698
529756514
238032026
356832990
445559888
548576169
651592448
820406250
639424476
18156239
396888000
871067294
615719338
360371380
105023420
578998410
52973398
526948384
296690043
66431700
193299186
240726244
422549586
885407780
610854946
336302110
61749272
149184140
997479055
845773968
694068879
542363788
575666200
608968610
642271018
675573424
708875828
762976204
709600398
675871054
144923500
851283959
557644416
854493115
151341812
187103100
132728122
704236152
275744180
847252206
830397254
216751848
660257914
698524076
850683415
2842752
706013875
409184996
324980616
238660700
785483126
668338186
828653410
346586410
981103686
549463876
117824064
686184250
472567444
930178750
176609214
835074068
734805739
634537408
225401729
816266048
1041044
117331675
233622304
882210625
530798944
46318163
561837380
202047106
787052204
609355223
431658240
902410687
373163132
227741230
393434030
453087932
602038920
146572900
821906800
497240698
172574594
572962186
898597270
812297388
295135300
777973210
260811118
509290680
614487016
280054921
945622824
4346248
759051144
513756038
268460930
760844942
237100080
968207596
699315110
430422622
157996620
649991332
763394860
904744383
46093904
786064181
526034456
307504606
552603810
383881670
716977116
137533560
98276810
795865492
556347950
174325638
958787400
801964117
645140832
468620860
933949222
881746770
785912278
690077784
594243288
475064674
299743096
562639060
842370715
122102368
683453645
244804920
211749937
178694952
101778102
24861250
947944396
899640999
851337600
866927489
882517376
732792795
583068212
193166870
868138098
945467510
963819812
366845870
905859670
850368112
172625417
494882720
356017538
217152354
78287168
793601699
508916228
966622814
395574750
510248004
367979203
225710400
192116058
578475460
77968307
577461152
483900092
336772742
189645390
42518036
260787850
578005400
895222948
212440494
287214550
656932144
429564036
209167344
988770650
768373954
547977256
327580556
107183854
886787150
314901324
113492500
829390824
913340833
997290840
991267536
892259269
793251000
694242729
595234456
853737085
112239712
466899195
821558676
962942536
104326394
245710250
244510414
100126968
447352000
320428077
193504152
28969310
244556130
448058022
241225932
896602732
638786222
635220830
384123860
324778250
300591256
299469381
298347504
819729808
809791599
799853388
470430224
555192548
639954870
724717190
884568496
44419800
204271102
519137042
834002980
148868916
152286840
533518105
914749368
864409604
814069838
763730070
256649392
539287465
821925536
535601394
37152968
119340194
475852136
284944765
94037392
760257020
485178502
441025762
105722430
811616840
572087446
429059974
311020688
192981400
74942110
922871362
660733782
657460580
411415155
165369728
53529365
941689000
969640660
200275580
902522330
184986536
688900301
192814064
670134268
166280934
662427598
158574260
209554171
260534080
287811956
852763020
417714082
982665142
458151220
81915355
705679488
789603745
873528000
754720015
635912028
752845554
663987356
324908335
985829312
599620252
217071102
168201510
428576680
701628226
895113464
767373508
513817144
260260778
6704410
753148040
499591668
18219275
536846880
55474483
574102084
124227466
480913320
322502573
164091824
411379100
658666374
905953646
682582580
891666306
720090556
82067455
444044352
773362445
102680536
849457769
596235000
693520244
610205300
408831544
317081658
360230460
816136388
272042314
727948238
168091160
451103612
987649207
524194800
60740391
597285980
655637508
713989034
772340558
381673784
184794413
987915040
976494550
230939742
378473212
266910952
606022400
597865175
589707948
984797094
480677186
325288270
440935888
806682994
676503000
873168264
900192725
927217184
369603653
811990120
964047348
667904100
7238068
245550680
419045313
592539944
591579518
720164770
42588326
220061964
845739676
788673415
731607152
367815000
128764617
889714232
237542252
454861722
672101400
839345768
6590134
173834498
994735774
879744600
723787749
567830896
104780200
123450148
106577555
89704960
454448975
819192988
791904454
764615918
737327380
932202538
352355784
793389450
677356964
215602250
792330344
695905293
599480240
781689516
229350850
796555940
905229330
206561412
507893492
809225570
453882380
764192327
74502272
213504410
398414820
771689130
144963438
518237744
912089361
305940976
507711050
198178748
568708980
702994768
136782829
570570888
4358945
438147000
629819840
821492678
13165514
542163250
71160984
600158716
398214734
762533278
375273620
181364058
29057840
964224103
899390364
924162000
27737769
131313536
698095015
264876492
368396002
60413300
186937035
313460768
247667130
958890996
302744299
646597600
990450899
334304196
982713580
259883743
537053904
581569925
626085944
460205833
294325720
812165088
875797990
939430890
3063788
110574760
510894641
911214520
304503248
618469375
932435500
134448872
825516177
516583480
542238368
415308285
288378200
945398102
214877942
731557640
181510278
517523054
907602356
546787835
185973312
825158787
464344260
172228648
802754145
433279640
63805133
694330624
324856113
955381600
323810942
114358810
222299138
701602090
791919142
38408820
564315963
90223104
735011408
949454559
163897708
156313000
199898952
118544165
37189376
147845575
258501772
923421702
975065330
439254470
548083692
855967607
163851520
324732083
485612644
79930136
297895569
515861000
97896594
332985168
568073740
803162310
308848146
337974166
405103380
934716706
620053004
303780423
987507840
613736043
239964244
281552500
759294939
237037376
714779811
192522244
670264675
148007104
52184250
159859284
24869723
889880160
661997378
37439360
472895031
908350700
456212510
4074318
551936124
589571448
749460905
909350360
771438676
647678700
259610486
594171226
818641290
45255710
887321696
729387680
571453662
950004202
554314570
158624936
762935300
489188376
172595689
856003000
838268204
820533406
802798606
575054300
423733696
97058149
770382600
105014334
268269218
841774694
112283500
215050039
317816576
304224115
290631652
153883960
825607193
497330424
813386196
129441966
445497734
563913928
662793214
78445826
18698070
453676068
600868819
748061568
681065445
614069320
299386261
984703200
670020137
355337072
40654005
725970936
241375170
749597288
68585070
736398986
86945994
295499598
966336600
434875501
903414400
903924648
904434894
904945138
937681854
19013400
100344944
181676486
852268630
947417448
812764890
403082556
513529279
623976000
309775139
995574276
599625400
667223130
879446892
324627320
504420377
684213432
753153492
866355692
28524982
523799610
599816890
294585462
455489612
616393760
777297906
984789704
192281500
399773294
257598638
694670204
594732568
110034905
625337240
140639573
655941904
44135375
432328844
820522311
208715776
663897115
119078452
368838332
42124362
715410390
388696416
402155
612107892
627375530
53838888
254856974
455875058
656893140
210329238
292137810
943223142
989127900
952804463
916481024
611021083
305561140
178624636
25857850
155822200
285786548
415750894
893428550
457658344
569792218
832114620
678972548
765796340
37939528
74710705
111481880
931266632
893208645
855150656
873619455
892088252
46095922
912646300
77016612
475574115
874131616
305632725
737133832
168634937
600136040
846865360
63441535
280017708
496593879
713170048
547401380
419165128
216176465
13187800
633952392
150438165
666923936
716212910
689999778
75177974
64336596
652054955
239773312
719910585
200047856
840985006
481922154
122859300
984217354
836694408
908803809
980913208
391352125
801791040
212229953
622668864
33107773
443546680
897534561
351522440
958861546
752678516
401869846
147644850
362891030
655231476
947571920
239912362
532252802
824593240
821265117
817936992
511452027
204967060
898482091
591997120
792764131
993531140
237735848
28384080
478894303
929404524
359216696
435792370
746993200
815844368
166096655
516348940
124338272
732327602
340316930
510037970
326351242
697413382
308755460
840646022
513079370
162272178
112820850
63369520
13918188
881316690
322634076
221054100
848021816
905286009
962550200
978742964
920594500
657270764
846293350
848570274
165239998
954637384
929468566
513884550
500093328
746748094
78100650
159827274
32791278
133474664
979652433
825830200
821402328
573632689
325863048
710866820
95870590
480874358
191153424
901432488
611711550
2405442
268861110
544306388
819751664
95196938
17354460
670068268
21944430
299798846
642558724
985318600
328078474
407123748
761977059
116830368
282197064
46756200
440803789
834851376
688532880
230647513
772762144
945335308
598844714
252354118
905863520
760705323
615547124
249311146
478879400
715780990
437211682
503886822
449143980
745611735
42079488
235392305
428705120
953816835
478928548
104338020
74958468
574685900
977907038
124780454
88742856
851775445
614808032
58427100
729845742
401264382
72683020
232593172
392503322
552413470
619657328
166246744
32782561
899318376
765854189
632390000
752140119
871890236
304729720
527761721
750793720
846025125
941256528
36487929
131719328
146765834
89150700
249054984
33230788
256461955
479693120
691217235
902741348
657649520
193047261
728445000
328139076
91441160
854743242
618045322
181102062
325441832
778004010
309267508
966995430
735718666
504441900
273165132
164642310
629255090
899309862
109834012
539948872
358980417
178011960
795475960
739583105
683690248
328681610
305520612
282359612
259198610
56304748
549014480
264862461
980710440
277620658
304048224
73206921
842365616
738834790
635303962
531773132
428242300
324711466
796725696
33627491
270529284
79217358
364035750
267393656
120274856
521443581
922612304
276525158
559221414
912049200
676689089
441328976
707323455
973317932
373664240
60496167
747328092
229536612
544051532
858566450
173081366
940679284
45159163
149639040
643240817
136842592
630444365
124046136
753570694
333780318
913989940
494199560
315199057
136198552
108487672
753812230
65104478
376396724
687688968
958661869
229634768
774160959
318687148
909029724
840359975
771690224
509673273
247656320
985639365
723622408
637249774
183335146
634921210
217800998
223414404
45685318
670208874
409246850
632318234
450958718
774488544
721662833
668837120
876873051
84908980
839541628
518087319
196633008
872416264
858522576
51747839
244973100
438198359
631423616
216524659
801625700
53047784
910261125
767474464
647231813
526989160
166378708
504026940
57332407
610637872
171370992
514679365
857987736
210830950
814478350
470753636
907080390
343407142
779733892
727847302
544354762
360862220
177369676
343750310
510130942
676511572
317121802
95851032
832653917
569456800
605251163
641045524
993728546
839641740
898978456
785220281
671462104
327729948
582157735
836585520
781661790
726738058
671814324
183960678
581437514
62983250
544528984
26074716
832462215
638849712
918519750
83271830
248023908
412775984
828549303
244322620
651545756
33930
768969840
342821441
916673040
582366130
172747256
700658004
85166683
469675360
668569053
867462744
828252258
666352760
504453260
342553758
477015494
975069336
435967300
534110776
427898186
456154900
133009275
809863648
542707330
710937312
398668585
86399856
137498054
77512278
376449640
345835233
315220824
284606413
253992000
223377585
192763168
263714555
334665940
405617323
476568704
537812375
599056044
681213838
325364654
853583900
266357904
679131906
91905906
504679904
917453900
393524154
728162088
588686669
449211248
265884764
447043975
628203184
537605250
174885904
296632013
418378120
751999508
603905979
455812448
751957235
48102020
436557516
735586910
808166438
690585864
391839033
93092200
690998738
566101200
915622783
265144364
549098700
416055014
723081538
623691534
568190000
753832364
85720450
508428484
897925450
646785864
629439933
612094000
319868756
106651579
893434400
652616699
411798996
22971920
333674031
644376140
652381400
861692441
71003480
280314517
489625552
818495357
147365160
85750792
245019925
404289056
263399979
122510900
981621819
840732736
699843651
558954564
547462728
535970890
524479050
512987208
501495364
113654851
725814336
769564244
462934436
866007844
885699636
66316344
89721018
113125690
136530360
271076612
729390755
187704896
963471140
190694056
857555681
524417304
464348448
939548000
993169101
46790200
100411297
154032392
497544282
197470812
103775247
10079680
589950018
781343904
699303773
617263640
713451018
148260564
639097051
129933536
422215205
714496872
21884420
785999832
4569870
610892010
908127322
44893462
589573500
107228352
676431525
245634696
650987774
95167298
800263030
618822836
437382640
255942442
97246220
217691552
734105237
250518920
921107798
81166310
310723712
724558705
138393696
552228685
966063672
814803870
663544066
512284260
455595106
497051804
157382703
817713600
866081736
723741944
610972961
498203976
411275586
773833560
582386088
390938614
199491138
600122110
293147016
303224046
191613290
902509370
291360326
680211280
69062232
343399210
515014340
480151330
738292956
680694020
677756916
472873160
643792113
814711064
946892200
463545789
980199376
112299455
244399532
57996140
499128142
700066702
761281100
330310292
687469960
386369357
85268752
293350802
700393160
432787458
147005944
640507300
134008654
627510006
942602080
236830913
531059744
451539750
458510934
555458888
290857589
26256288
267805084
947439518
778052310
674949856
593769131
512588404
177456448
920807285
664158120
407508953
150859784
891281558
631703330
372125100
775566800
574998288
498376655
421755020
441076992
967551315
494025636
634259944
458371393
282482840
202527152
429787442
799052440
779376528
859696229
940015928
160491090
380966250
601441408
72309609
543177808
499873150
420743306
341613460
262483612
455313570
591908420
240565587
889222752
374270817
859318880
742423386
826999076
563260186
575578240
370112265
164646288
138663294
779171786
906426010
84053078
900866524
717679968
534493410
898899952
236671572
497551675
758431776
72860411
387289044
912480528
883664239
854847948
784257144
713666338
643075530
495414806
696853804
373560356
48124204
738314006
817887050
897460092
977033132
919317102
266284222
191418052
116551880
41685706
7553156
497087955
986622752
892011820
797400886
702789950
208293068
848711780
591389827
334067872
50344275
766620676
814633636
26010676
376350136
903915801
431481464
73296076
715110686
356925294
393709708
232291364
378599075
524906784
552094403
579282020
943356
396696330
359113040
422418335
485723628
133698060
781672490
429646918
486277700
163653238
841028774
518404308
195779840
873155370
572991676
553693460
521839736
489986010
458132282
998958742
382878620
546391832
536201625
526011416
837022684
745307366
653592046
561876724
544870043
527863360
917866588
343676039
769485488
944005885
118526280
220234740
321943198
423651654
667431256
98620140
529809022
960997902
763398332
398028392
123208752
943462327
763715900
396176260
915959220
242576440
860916665
479256888
30585620
5392508
980199394
955006278
781569244
934007608
723502985
512998360
834298436
155598510
476898582
990653392
12472877
34292360
913938212
952466707
990995200
494155167
997315132
500475095
3635056
544859581
86084104
669612956
858386054
221398018
440154830
124034896
807914960
491795022
175675082
859555140
350498483
841441824
884920121
928398416
546150815
163903212
781655607
399408000
978299086
340168626
665951390
118538760
430165545
741792328
215173625
688554920
560381377
432207832
304034285
175860736
382045576
525681225
669316872
322221152
810846205
299471256
788096305
276721352
459742170
848635868
137849295
427062720
708263466
365129084
860671716
356214346
851756974
729650248
599733369
469816488
789776474
613659196
139143524
798569196
325643974
568730738
149372870
857891436
126008580
105647155
85285728
766265019
447244308
128223595
809202880
185247715
561292548
937337379
313382208
772985200
309086663
845188124
987159996
142258674
711177148
60252444
474903978
906042080
434963867
963885652
809343912
925695317
42046720
59094951
76143180
452330378
875750144
658235923
440721700
223207475
5693248
157838030
264347762
378477310
57291448
85741805
114192160
356221757
598251352
638657042
679062730
719468416
759874100
800279782
988319882
418014450
847709016
277403580
813199806
766494054
113933448
304754649
495575848
57324609
619073368
91201364
563329358
35457350
507585340
979713328
85464974
329625346
334274630
101737468
15745279
929753088
111906179
294059268
869558080
402929247
936300412
469671575
3042736
763276240
124187425
485098608
689755335
894412060
45142692
217312547
389482400
416547557
443612712
731581597
19550480
963724237
907897992
882667572
81264532
950532032
243983855
537435676
275275314
13114950
750954584
924878668
469660335
14442000
189735540
389951420
140287351
890623280
329347216
750533109
171719000
785959794
400200586
14441376
954523875
894606372
823013180
703947703
584882224
388771448
241964590
839352762
436740932
34129100
631517266
228905430
826293592
423681752
176986777
930291800
683596821
436901840
179887120
697297295
214707468
404074720
354727363
305380004
226003650
76910124
927816596
778723066
629629534
480536000
646353939
812171876
394109600
534737811
675366020
737910170
753642336
929875835
106109332
569906810
553167008
47520025
541873040
794495382
431698222
272082980
735842035
199601088
533374230
867147370
200920508
405697300
942225528
767693705
593161880
312033757
30905632
456263150
465351170
62713702
547032012
846296812
133853902
718017870
390870700
63723528
736576354
409429178
82282000
965715730
92099592
24625517
957151440
662082388
781655060
584907968
156536399
728164828
112983714
3402500
893821284
784240066
625468140
565868576
204218261
842567944
498041718
498376470
343739576
698965136
54190694
409416250
610160714
756796318
422640864
88485408
754329950
272305706
401400554
206161918
88970480
853238480
109064661
364890840
740188290
422605736
567053705
711501672
142988090
691330380
130699687
570068992
505902127
441735260
731237118
519158630
699460552
103580542
887099202
941775862
794948852
873204667
951460480
793927025
636393568
572493794
747380336
316023665
884666992
300285005
715903016
131521025
547139032
992479520
41472067
90464612
15212762
939960910
864709056
789457200
714205342
977083162
709529570
277767770
965916862
654065952
342215040
34402267
726589492
804923030
308569650
489352662
670135672
850918680
290912937
730907192
170099772
609292350
48484926
994791636
864920426
735049214
605178000
735781829
866385656
172704154
479022650
785341144
22438288
589073839
155709388
650805184
561361391
471917596
815644050
264403980
42577351
820750720
534261091
247771460
34873888
289119589
543365288
891877110
240388930
588900748
32973560
571771193
110568824
706385948
842082855
977779760
950645710
639385442
888368822
822087540
101652362
715251000
267021220
107612880
628357215
149101548
206427984
828999741
451571496
950674450
75860080
389721201
703582320
363049490
197856296
605475974
390457358
945291140
895715038
846138934
796562828
570519495
344476160
328040302
599737890
795417718
12919700
915605538
324245004
943157831
562070656
539764331
517458004
323049588
608171224
697090846
513214530
464604118
526954404
731440531
935926656
353603106
448929200
269567985
90206768
46477634
116516016
835341105
554166192
781190530
629926288
478662044
327397798
722212850
860514726
311454364
83132776
964718000
839987445
715256888
521845274
163046796
512883824
591060973
669238120
747415265
825592408
861429860
435561888
132141400
828720910
525300418
310430630
95560840
880691048
815657124
523016928
334486085
145955240
467268326
459081886
617302700
521041175
424779648
821341670
213671766
297934984
9491641
721048296
432604949
144161600
104725284
868793000
632860714
396928426
160996136
925063844
461787936
228797619
995807300
291837994
764905048
651541989
538178928
281704224
20069633
758435040
874904110
639034146
403164180
167294212
961150227
755006240
975516243
196026244
953445236
378619944
268519233
158418520
457992032
218989347
979986660
34467220
167996880
277304328
601641769
925979208
250316645
574654080
504157015
433659948
555881134
931931166
307981196
684031224
412901578
316367764
737389358
260148230
646023816
614973465
583923112
564367137
544811160
769768172
245391450
354217528
463043604
571869678
868311590
590296
203948725
407307152
138152470
483271150
615222532
445170590
35280958
180608820
218304178
539333284
304210691
69088096
32121716
995155334
958188950
274608584
778227625
281846664
105807950
734679034
482895458
224565434
830523950
603750264
887997648
222762740
764570268
982487170
200404070
418320968
302660265
186999560
977524670
768049778
558574884
564941891
571308896
577675899
584042900
809435304
295802848
772146739
248490628
724834515
201178400
677113685
153048968
628984249
104919528
613846064
845872183
77898300
309924415
541950528
19134985
496319440
405596351
314873260
110881080
691623721
272366360
428215140
44564640
523670673
2776704
75340743
147904780
308646846
137937974
550423728
342808140
118119498
229319584
236588253
243856920
629226698
435595764
241964828
48333890
678886772
723366750
564553550
405740348
246927144
326017000
252435284
297019100
120077799
943136496
956199425
969262352
730195985
491129616
962034625
432939632
549444202
100292972
700987592
340126812
815349302
157660842
538217202
647296562
39438602
431580640
823722676
194998411
566274144
327333138
11138104
459591525
908044944
356498361
804951776
284687514
764423250
244158984
954683258
86985100
707215431
327445760
752900391
178355020
823717610
511669456
86186481
660703504
909044218
455378980
702784698
203802800
628065360
914284437
200503512
491788642
933782392
975719060
17655726
59592390
322179688
936711269
551242848
824984500
475799228
126613954
777428678
334642940
76863871
819084800
228817428
9458580
167450848
325443114
483435378
802962674
443788650
84614624
725440596
790958724
172216403
553474080
941100147
328726212
416533700
408457852
400382002
392306150
40223868
688141584
336059298
463929440
135687081
807444720
858968678
816020934
157127616
945783571
734439524
231345248
368460419
505575588
394755154
480588900
305993699
131398496
500189324
742145546
984101766
226057984
339274023
452490060
826007046
146583474
74507558
73741340
749908488
870165985
990423480
614900072
368612020
130953812
867194480
208363165
549531848
666212890
616746812
815347300
958865452
80813375
202761296
864112949
525464600
442690974
704325698
965960420
227595140
489229858
750864574
487725000
702155449
916585896
591054874
321667548
973730255
625792960
468242682
477569460
658436683
839303904
765539878
138288534
143924200
491639809
839355416
311511084
783666750
255822414
208263068
528187344
919052061
309916776
700781489
91646200
93875264
931584353
769293440
756370183
743446924
681224446
538591510
244231648
949871784
655511918
62245194
373438250
744687614
361617968
190421660
906605031
622788400
338971767
55155132
516809860
400038772
692106920
502207168
919397069
336586968
569461470
234457826
664074214
573118828
521562084
893401308
25274754
453473300
371832054
290190806
208549556
183375706
263167120
245006671
226846220
956792708
84412900
60436707
36460512
611707452
994750295
377793136
700650710
625434478
114536324
412507171
710478016
302070346
893662674
485255000
677840824
26008318
51092850
265636686
776911744
840555553
904199360
52033822
857976170
724997578
592018984
459040388
496046904
226952025
957857144
688762261
419667376
366250060
237971183
109692304
981413423
853134540
85854656
795933829
506013000
548490814
944606178
392416774
615827900
226545119
837262336
234999919
632737500
323699534
653367038
786573764
911740318
721307390
620058516
57369259
494680000
793683584
92687166
391690746
444673970
778128450
111582928
445037404
563215358
578007270
496809096
279021749
61234400
97964204
134694006
171423806
981035660
139673396
754271920
881473725
8675528
135877329
263079128
390280925
517482720
720888696
924294670
127700642
9013782
890326920
771640056
140019105
508398152
442695970
357369768
823662665
289955560
103301121
916646680
520978636
526043890
594948140
444032320
837776031
231519740
176175498
144071184
111966868
79862550
54946002
24758950
974207868
784282320
777649823
771017324
633059296
77075875
521092452
588832292
834425012
223073787
611722560
76754013
541785464
527939825
514094184
528825950
543557714
558289476
94764435
631239392
910903520
783608205
656312888
558410470
460508050
362605628
745144895
127684160
880771365
633858568
951939920
418675877
885411832
734170370
582928906
431687440
749284242
600580552
451876860
303173166
113817134
289130748
932917304
743696553
554475800
856501048
203629870
848623866
493617860
138611852
403968015
669324176
934680335
200036492
718432900
276623652
130537940
701482912
24084755
346686596
995772474
795885328
139253090
529174272
941087007
352999740
542549758
604512070
69867832
608079805
146291776
890394611
634497444
456542558
278587670
100632780
56112540
544856410
689026632
724060625
759094616
13818860
561362906
509315704
831653653
153991600
511883672
869775742
227667810
585559876
943451940
301344002
659236062
231628280
304716765
377805248
988134240
598463230
208792218
161526210
114260200
66994188
793025170
836596636
269380
26553555
52837728
972825180
980734158
988643134
996552108
110177804
585178038
60178270
535178500
690303790
726066806
160349056
973507479
786665900
518068874
33417888
160492779
287567668
548285330
573004596
800986590
569861070
764065276
958269480
152473682
869109712
713795477
558481240
51009862
447445662
446006540
545972935
645939328
965637664
736462125
507286584
114649398
722012210
329375020
76957591
824540160
554163847
283787532
853436682
547935872
519933747
491931620
463929491
435927360
122419126
575252686
520844820
431991595
343138368
12678600
682218830
351759058
21299284
690839508
375238704
353707381
332176056
871245706
410315354
949385000
90043789
230702576
543279900
582663886
540339326
395143940
738679566
418182534
273404328
731955845
190507360
481664356
613859800
604396270
560063802
458696162
249609530
828260590
483974872
544609517
605244160
601116488
363928104
315900156
31495454
753456758
342764720
169051820
995338918
821626014
541243500
503517564
873564850
365754524
524632100
207672124
878505143
549338160
363611448
171541894
151539550
131537204
111534856
236696429
361858000
695865334
228944638
762023940
295103240
758751245
222399248
280531954
238439000
575073909
911708816
295389040
270827942
650156070
123037488
795961364
871580708
270039044
976553811
683068576
222881710
762694842
302507972
688984115
75460256
501837481
928214704
607681623
287148540
966615455
646082368
376937944
885672586
323663060
601276446
709068366
700934780
638753656
611426729
584099800
77963604
239065900
379835199
520604496
856887574
193170650
529453724
179340463
829227200
900424893
971622584
624326038
277029490
929732940
671931111
414129280
178911051
943692820
652855268
714003700
514722088
512434640
164811301
817187960
450417058
881113144
632806300
384499454
136192606
887885756
639578904
640763681
641948456
643133229
644318000
946128764
199470903
452813040
284357621
115902200
941421513
766940824
272055768
169570114
842136776
276207250
574194320
553450255
532706188
169948820
317332808
806472125
295611440
906017736
32005525
157993312
833035115
508076916
475269584
478744200
603354309
727964416
4082759
280201100
310205574
109098418
76326054
195502300
403108504
666258625
929408744
192558861
455708976
425281740
107663466
652835984
896519450
545774164
845152750
714145894
587250168
51769080
462206913
872644744
902486618
200979420
693461948
238019890
782577830
327135768
910278900
796248011
682217120
284137480
595458377
906779272
583161152
105863787
628566420
55689198
482811974
909934748
345572744
519911453
694250160
868588865
42927568
434783650
240085152
364169187
488253220
300270620
753151890
479395596
909971880
263677381
617382880
885033772
949877970
78990428
844720340
469960008
861498685
253037360
825172711
397308060
436107760
996588298
364253404
893293868
422334330
951374790
480415248
9455704
890212553
770969400
485145548
199321694
913497838
960965004
365456775
769948544
68470988
309863215
551255440
822258520
482629385
143000248
421377829
699755408
260310549
820865688
186680449
552495208
918309965
284124720
638106476
157246111
676385744
516914436
674368835
831823232
807137095
782450956
667628306
552805654
437983000
175612509
913242016
372138440
875358040
854429785
833501528
241336840
862082216
747803084
88762863
429722640
755459308
81195974
406932638
254595724
548016775
841437824
383805288
247119884
981591058
716062230
450533400
373939492
674266835
974594176
802006439
629418700
456830959
284243216
52446525
820649832
35186560
978432365
921678168
864923969
808169768
973868414
244537250
755510694
762275468
20356924
610438338
946376724
484849718
23322710
561795700
158213627
754631552
289643192
98139782
441999710
493152940
544306168
595459394
646612618
697765840
481788977
265812112
674716730
83621346
492525960
929217361
365908760
312942596
901145000
201799440
523169295
844539148
199154064
217329788
736272934
318783250
756115894
766937188
777758480
788579770
378300356
968020940
557741522
21221692
590201535
159181376
728161215
297141052
256110482
84554220
286460272
566117255
845774236
652291476
687364536
442676170
488411988
347439899
206467808
352024794
497581778
643138760
652728033
662317304
307514728
912685300
383581348
279718980
867407868
968948010
70488150
172028288
153511319
134994348
116477375
97960400
141104530
139113992
137123452
135132910
87012430
38891948
990771464
743115293
495459120
241040873
986622624
851406771
716190916
632569530
558731920
311045098
162340364
857568
463260419
925663268
361302370
987997276
689047780
791817516
27538390
981444330
630488306
299192306
321908330
209994390
407493516
974148780
785125183
596101584
556887325
517673064
34357200
551041334
67725466
768447850
503569678
640651864
22528773
404405680
772033732
487344320
692412011
897479700
102547387
307615072
512682755
717750436
279415794
478511508
414585435
350659360
991748461
632837560
799486385
966135208
488318790
18244782
548170772
78096760
804749257
531401752
839748872
596616825
353484776
937307536
588308144
424999133
261690120
259564621
257439120
255313617
253188112
911183370
558297020
518085887
477874752
653284800
243702575
834120348
67030594
58888436
50746276
42604114
289338468
914316515
539294560
953593420
839385530
833829416
934147021
34464624
290814748
331372455
371930160
716974301
62018440
772105916
944933550
923836590
198266556
905438431
612610304
106110023
599609740
126187162
949131000
479913173
10695344
514706936
243953745
973200552
292305980
860822743
429339504
31525981
633712456
373899556
917508256
461116954
4725650
450229074
520378938
250250174
4778400
891373499
777968596
664563691
551158784
111197193
671235600
467019456
262803310
58587162
824332882
942913330
473618730
681801782
171554012
187751535
203949056
33041320
129872505
226703688
139689384
331798700
212630234
93461766
974293296
454952545
935611792
335835215
736058636
136282055
536505472
890418277
244331080
978561192
544656012
100240882
840531180
838093072
837440815
836788556
636394056
636060065
635726072
335285592
258808057
182330520
741903885
301477248
930431255
559385260
156359326
519840486
831569320
59442801
287316280
444049736
882293445
320537152
535940010
75531068
615122124
154713178
288287960
249666992
211046022
172425050
973582650
515097622
567727452
240246632
331484977
422723320
478300000
255870613
33441224
524434608
409834130
745512616
81191100
416869582
752548062
88226540
887039772
430276167
973512560
828470552
418805625
9140696
906861149
804581600
41776299
278970996
717991680
179863531
641735380
436057990
459992666
725506746
991020824
256534900
340647124
411077163
481507200
573470071
665432940
324910078
881640054
613987856
346335656
78683454
352822978
626962500
901102020
509465020
820868250
531469832
446744690
282781600
457599017
632416432
733423062
811122222
404363492
324632262
219900170
37801170
187285762
243096242
733137850
402431390
585623632
393250125
200876616
181417421
161958224
142499025
123039824
103580621
84121416
462894396
842138766
987042750
470058340
32693331
595328320
591623046
658787974
330405568
738726639
147047708
559770330
683255816
828495346
75101920
655246140
138171750
920257842
392547462
864837080
337126696
999251916
630259695
261267472
918745260
147045503
375345744
930227548
904159239
878090928
354027794
663922536
462722525
261522512
448627740
933930222
478223342
853653660
229083976
604514290
998796960
412999293
827201624
206153298
336270880
729273907
122276932
869046372
342966947
816887520
806754068
575654900
853616888
229776729
605936568
768374180
930772048
306832525
682893000
58953473
435013944
212767261
990520576
558843395
127166212
770219942
309531450
848842956
388154460
611905546
466058224
320210900
174363574
585994178
260918014
36597000
484836094
933075186
381314276
22056786
888320420
84348226
549501164
251484576
39588565
827692552
595969110
228556518
41748480
854940440
668132398
568524890
468917380
369309868
813390550
985802986
972753394
959703800
946654204
947112750
653295534
918293948
374607199
830920448
314068979
797217508
629304120
726372121
823440120
734023508
913413979
92804448
218265414
366576326
611892640
514393157
416893672
585387492
148985712
49281610
149183548
172928980
882833611
592738240
843754383
94770524
12406250
55479424
745526633
435573840
125621045
815668248
830733150
186350562
560329190
139658348
496189860
432119628
454959535
477799440
7884530
711927256
441948981
171970704
792982288
183616329
574250368
411937799
249625228
552515214
972052750
218006604
210420500
682225704
76051073
469876440
482634656
495392870
508151082
146221250
228638458
796611310
134126232
613364812
874314322
930612860
823806412
176993455
530180496
401428590
89774770
939392126
375089336
793881080
10866790
513091822
15316852
517541880
56118745
594695608
938912740
649610528
665913364
355812251
45711136
876923201
708135264
195430453
682725640
558211221
433696800
135115563
836534324
214595650
958330204
667783300
960140979
252498656
259170240
264604125
270038008
776951134
38800066
186509270
293933348
414784339
535635328
230338725
925042120
770107480
140412546
919350824
1468438
43099174
84729908
126360640
148319861
170279080
192238297
214197512
725406582
990161942
640841272
145019357
649197440
730889015
812580588
24731994
973418936
314422820
854123376
863497610
202094108
456290140
698026778
503995304
923293550
594545994
265798436
937050876
195883735
454716592
930546297
406376000
882205701
358035400
788776798
889800594
990824388
91848180
45369608
611989820
77098071
542206320
7314567
472422812
568573220
843840995
119108768
711127795
303146820
507926612
927857067
347787520
859454695
371121868
207604394
787143536
688444676
317600336
778306765
239013192
699719617
160426040
683036445
205646848
297585415
389523980
481462543
573401104
457427925
341454744
252749150
912856674
151831078
89159564
162698108
537908434
896434700
590671784
606137768
52821385
499505000
600748056
907172081
213596104
878413108
102642324
390799488
641238219
891676948
502335414
778542850
358402974
31845848
267910740
417439468
816871670
216303870
615736068
413794190
529943366
522258184
514573000
506887814
499202626
491517436
160797276
969359015
777920752
599670280
301919593
4168904
438042656
820477725
202912792
225126710
398226438
808761840
662000617
515239392
737800930
440966000
826178775
211391548
139072344
348313750
714125014
79936276
445747536
733974825
22202112
310429397
598656680
921819278
244981874
568144468
587823675
607502880
902912230
415400182
901210712
920496117
939781520
208987478
535849934
583800116
876813115
169826112
588268900
449793555
311318208
288215675
265113140
471987956
615837080
770321041
924805000
187512706
777405304
989429093
201452880
641619752
205267892
768916030
332564166
896212300
459860432
599334665
738808896
580383291
421957684
886419438
705999430
290487656
932128229
573768800
93382004
467249900
786575254
307611338
290876194
228002250
587552534
49302188
324612164
282929908
830470344
449199453
67928560
748243511
428558460
108873407
789188352
644206877
499225400
354243921
209262440
71978028
373748479
675518928
103024824
780079025
457133224
722262828
921557754
434025256
946492756
458960254
40834078
983051140
475006158
431224870
329816632
228408392
127000150
417260838
744320800
320464291
896607780
95553420
699659310
288703422
877747532
466791640
553829398
189206934
190613016
619820580
773901395
927982208
415505764
603711928
159370010
715028090
270686168
597201904
592008278
356741934
773769700
551605459
329441216
120509534
70618698
20727860
970837020
731239330
548040516
685240970
746641448
928719150
904562026
880404900
856247772
613777255
371306736
908729340
685245926
200961714
716677500
232393284
245166163
257939040
311143012
521043480
609916497
698789512
866599362
483450840
406496088
205119545
3743000
724847440
509542268
828424870
784200402
739975932
695751460
666366492
522347847
378329200
695693732
938511640
117068790
98850086
374746176
82705105
790664032
284665262
311709410
885318550
292297252
736134867
179972480
242673202
696809672
150946140
605082606
59219070
513355532
490820180
190908472
306485402
97517132
959519527
821521920
327380783
833239644
549953550
266667454
983381356
700095256
416809154
202735048
540449714
50410176
633415939
216421700
736749614
454563638
728770784
873823243
18875700
913803002
506068800
128145987
750223172
719678942
689134710
658590476
960152711
261714944
171277261
80839576
644917186
565655240
887089618
766994800
854733740
411707970
246258276
775659811
305061344
748043636
351316844
954590050
557863254
947544068
235185334
522826598
810467860
158642187
506816512
854990835
203165156
285959704
600195281
914430856
417137506
747127240
239058258
743206320
886094840
778624926
819623714
529590598
263509020
341663528
141702024
293560025
445418024
25024528
822182789
619341048
32630194
768694800
419613229
70531656
160062604
389650706
35973340
605196916
878074480
114847722
875869100
779298232
107850665
436403096
429321800
528993648
636821205
744648760
414545802
981460852
783022262
39535202
379256142
972045552
558834880
385955645
213076408
194088990
819499682
902013830
482888508
352561055
222233600
815540287
408846972
22441142
463119882
951222562
230800522
941642742
439170332
524084632
137442817
750801000
364159181
977517360
831603820
32162290
511700492
527879880
70041313
612202744
451426936
271836470
272336870
453178336
52045345
650912352
26872202
177580652
278900392
976163432
437043277
897923120
86865575
275808028
287284320
125178723
963073124
800967523
638861920
893849641
148837360
392786901
636736440
880685977
124635512
934934452
216732267
498530080
238562428
634952119
31341808
782283685
533225560
234696190
936166818
637637444
867945738
171004904
56890006
6312870
993984928
513742209
33499488
553256765
73014040
332559610
169702396
915838100
447865963
979893824
63827775
147761724
825568738
436152324
947198618
876162400
563409547
250656692
869330432
228767637
588204840
947642041
307079240
147440206
468423354
930520258
764779370
388330246
112948324
108316046
408741030
664435768
53961200
936439861
818918520
135589738
44789124
501116371
957443616
689062345
420681072
423412030
426142986
428873940
67760926
108331214
70869948
33408680
995947410
958486138
921024864
622927483
324830100
213810106
234357504
660528583
86699660
512870735
939041808
369045669
799049528
991142114
322535000
653927884
985320766
121710390
131291568
140872744
150453918
38017234
247344350
883098824
289022758
989439390
334557036
395383100
558776226
977571364
267763026
109647460
54061586
100577476
272453075
444328672
230385840
899253207
568120572
158319172
84693412
931585332
354501752
803869465
253237176
453740036
132960776
327261580
6877586
656350876
367045636
238025076
978992936
791687120
487996671
184306220
880615767
576925312
314097687
51270060
697891450
577272552
629103917
680935280
931132588
615090050
751321796
756644810
761967822
767290832
154129810
511935240
423316305
334697368
350261460
118393627
886525792
654657955
422790116
190922275
959054432
702838060
845786322
248464220
255152532
880899960
533638217
186376472
406827837
627279200
847730561
68181920
466572070
864962218
263352364
538876375
814400384
604820263
395240140
95765826
556660164
225041226
944283720
74008893
203734064
308804500
786111364
346427603
906743840
354242842
224597252
94951660
965306066
193693084
422080100
650467114
851080248
658562980
817218768
124045625
430872480
374702555
318532628
277845040
232295997
186746952
613561930
726148420
500190050
80642876
692916140
305189402
917462662
771055380
624648096
478240810
499949340
479937340
873177810
266418278
659658744
29058936
762195030
8894230
255593428
502292624
524507121
546721616
855515200
717248575
578981948
764148330
365330912
683120985
911056
194203654
359645078
79956040
715292021
350628000
718656988
86685974
454714958
739451444
814245538
657418540
190556951
723695360
713368383
703041404
144085550
257022894
598322108
939621320
280920530
21231216
554614295
87997372
911977560
438544953
965112344
957550636
601433194
756611248
911789300
66967350
311029922
555092492
799155060
754133435
709111808
362591855
16071900
669551943
323031984
645343798
460806590
677151756
774306900
970871096
944793849
918716600
156959284
778643243
400327200
818561273
236795344
966413311
696031276
101842120
958088028
542240775
126393520
802580670
888912586
428555226
691329910
308623980
392481140
881580000
126392995
371205988
689673730
741030092
714481640
180307728
727716104
846656656
965597206
84537754
911458698
859820510
403804096
329730191
255656284
835462218
415268150
995074080
724239995
453405908
752731954
271881156
499099354
568597888
515126025
461654160
408182293
354710424
400236798
717230930
464189886
514593144
878593248
796544499
714495748
632446995
550398240
832495817
114593392
542636110
970678826
398721540
826764252
254806962
638779580
84529052
94991690
538663440
697746941
856830440
184218576
166127089
148035600
620490799
92945996
292175480
656992281
21809080
373050996
1012340
818606136
594874426
438732860
178318916
477701220
710569635
943438048
470907860
179865828
415467380
826647451
237827520
57519011
877210500
634090600
706599361
779108120
851616877
924125632
470910675
17695716
896187584
859542223
822896860
986163746
430976324
879740883
328505440
322487928
98148945
873809960
5105097
136400232
688977057
241553880
794130701
346707520
96854440
166137172
637798300
823075362
8352422
193629480
94046853
994464224
560230596
529460624
504037233
478613840
861594111
244574380
227448448
428403459
629358468
878407760
300075981
721744200
26865458
368000384
146155603
924310820
702466035
480621248
258776459
36931668
934603644
832275618
729947590
195972316
148422200
100872082
53321962
667056822
748944092
144515112
994794792
521204425
47614056
513358456
823242150
218817358
614392564
9967768
189022089
368076408
547130725
726185040
278245631
830306220
531403380
582012000
7851237
433690472
859529705
285368936
894503370
903349988
176958650
947998192
601988385
255978576
619914514
375764168
401452365
427140560
235511396
415237800
594964202
774690602
228767710
184234080
118822897
53411712
934417382
202342742
491150472
945244437
399338400
745765580
92192758
438619934
350593916
284101695
217609472
139404935
61200396
432181274
937838008
237791204
510428531
783065856
55703179
328340500
600977819
873615136
805078094
752095378
688175630
81358976
128237089
175115200
221993309
268871416
315749521
362627624
86639548
270506894
467023550
774447844
81872136
389296426
696720714
4145000
488815654
77806398
65612604
529118328
331111594
604001636
281691194
95683248
924917639
754152028
583386415
412620800
597460647
782300492
284146010
353919960
210579216
67238470
923897722
780556972
637216220
855428682
371011152
790855150
508016818
881076990
96565752
52567952
479597065
906626176
780159975
653693772
417303102
452792630
777907120
670928561
563950000
456971437
349992872
214419210
482463620
478630930
663364516
642797570
125713548
353570439
581427328
70386059
559344788
695015364
684889068
674762770
664636470
289103012
342868110
405988198
10023320
614058440
218093558
665061270
678445432
381293005
84140576
769594590
719560810
909022346
932709966
302467480
203173645
103879808
485887704
66014250
262554564
844074850
386651324
281377100
791385174
301393246
811401316
124527955
437654592
710463117
983271640
882699802
262375532
642051260
21726986
71488144
606902893
142317640
168797741
195277840
495761501
796245160
796820616
770710696
682992140
605677903
528363664
91760308
813510284
535260258
257010230
47326516
301367259
555408000
413331184
805463975
197596764
377906348
344199694
310493038
276786380
953223508
611787960
234249753
856711544
843609708
567111135
290612560
14113983
737615404
559470800
315458079
71445356
130276480
851750007
573223532
294697055
16170576
663537840
517249373
370960904
778353068
906058234
311282216
821334910
38303650
255272388
472241124
836195268
416031644
988106375
560181104
363982500
208063704
491607425
775151144
58694861
342238576
600047900
961027495
322007088
822626650
323246210
823865768
758590374
578748350
694418684
810089016
925759346
394777200
317945111
241113020
492158488
752227425
12296360
958022937
903749512
849476085
795202656
899450156
332433106
599998300
672258196
616977899
561697600
178274874
61435668
152760379
244085088
765637834
724368716
683099596
641830474
17104928
392379380
767653830
142928278
518202724
841566398
670520334
919541500
654517784
797246158
279439050
761631940
243824828
418516570
292492072
802739085
312986096
714628124
708486183
702344240
285347357
868350472
451353585
34356696
498006424
474659721
451313016
888439796
325566574
762693350
989998264
235197408
986581885
737966360
270389530
987924396
673924520
359924642
45924762
499511070
447476720
40330615
633184508
198991424
598206975
997422524
7109818
632112504
184931925
737751344
494797208
261107570
834441232
928667055
22892876
591433636
159974394
728515150
55641224
804915653
554190080
303464505
52738928
598798919
144858908
260734460
376610010
492485558
236114444
600477228
405390174
249962246
556479480
304264781
52050080
283233573
514417064
220805501
927193936
807774501
688355064
568935625
449516184
330096741
210677296
9210860
486314706
968819356
809209156
148361156
749367356
275819575
802271792
313630440
117413260
970217970
823022678
675827384
83043600
44335759
5627916
961454960
389730413
818005864
432867450
541745964
650624476
759502986
416837680
951295905
485754128
164564994
327133936
204519076
26946136
295628030
849402898
965158174
200771496
174049525
147327552
844909300
574018412
475150390
376282366
277414340
128116126
54137086
518487700
753343275
988198848
610987169
233775488
856563805
479352120
102140433
724928744
47043961
369159176
551658905
734158632
916658357
99158080
733292180
136127707
538963232
318514497
98065760
508323107
918580452
868300372
328686592
15609685
702532776
459454286
164834970
671365170
232309986
128141826
806776610
107531730
408286848
709041964
282294975
855547984
987925393
120302800
377993311
635683820
893374327
151064832
571882140
567375422
562868702
558361980
618391112
514603580
245504215
976404848
707305479
438206108
169106735
900007360
210711116
850162970
768730360
925696981
82663600
56512760
334169041
611825320
832116860
544506750
52408902
109774392
141187837
172601280
248742927
324884572
72216650
364405200
847544497
330683792
813823085
296962376
102972300
702337423
301702544
933344628
18458364
498549658
872695880
452520202
388041572
323562940
259084306
518063404
288900256
55977779
823055300
25583354
764825968
410404449
55982928
430686514
721867000
223465844
725064686
226663526
638722040
508449848
537929774
567409698
596889620
207169878
76966450
141177622
931908980
722640336
513371690
925988908
115400920
738642166
154361446
570418400
183497323
796576244
434272736
415435045
396597352
211806630
268667518
95610460
294908688
564983215
835057740
22494952
721124080
408837845
96551608
617206890
731131332
495287155
259442976
736449940
132502235
528554528
41678299
554802068
941559200
721967816
815122296
521666625
228210952
401417292
44389762
425349412
567956402
710563390
853170376
828290425
803410472
305063690
806716906
308370120
715276241
122182360
776023925
429865488
595268405
760671320
446480817
132290312
181411137
230531960
279652781
328773600
765766160
809126741
852487320
523896210
159057856
794219500
429381142
345876362
1952770
725648570
449344368
173040164
582252088
97706969
613161848
31932325
450702800
482174111
513645420
173553220
791851411
410149600
295987275
181824948
278120944
900618125
523115304
563826000
614349279
664872556
954687160
349905641
745124120
634988056
771691305
908394552
45097797
181801040
318504281
455207520
568284902
681362282
794439660
83893672
946516145
809138616
176240784
522242000
275284364
25939450
901098184
338339933
775581680
493527316
169637540
325160356
810022100
465161696
732017091
998872484
366529428
879589904
392650378
905710850
36075066
848925134
750686088
652447040
554207990
995760302
197880132
405128462
612376790
819625116
248310680
365651033
482991384
347656700
343798734
289830878
658769204
980615058
308916020
727881438
776388430
978690492
935938655
893186816
82578880
917440747
752302612
991465100
909913502
442990150
857233368
359764765
862296160
704381432
307063217
909745000
74364188
181910470
141909986
434362494
705494248
976626000
247757750
633134622
325445052
996632632
939654850
386973608
688868774
952738750
310518524
779187400
823252044
469434050
608790404
310999283
13208160
715417035
417625908
533791744
138140203
742488660
665154086
867469194
450591538
706082290
761686826
645207414
798404348
143886784
325093883
506300980
687508075
868715168
851788480
125356523
398924564
580188126
761451686
942715244
622306103
301896960
695916156
816271031
936625904
83441006
230256106
377071204
380680506
384289806
387899104
256423531
124947956
993472379
861996800
549616304
353474775
157333244
570388228
979280724
554018848
697411909
840804968
624549494
940517750
946693864
189197825
431701784
956167500
692642834
429118166
165593496
771147941
376702384
642455828
908209270
173962710
1215256
770568004
765257603
759947200
164422261
568897320
320545076
860572980
154043816
746824096
965862691
184901284
207770218
545903960
518513072
232006037
945499000
256622298
567745594
878868888
943184165
7499440
357164336
532116855
707069372
334603700
941777632
144732515
347687396
231023074
736407388
931335844
538531875
145727904
752923931
360119956
183181570
133639580
815890100
498140618
180391134
832934016
303157859
773381700
999834614
95743058
609061254
296448300
121934804
692865400
293833929
894802456
828464125
762125792
150499512
538873230
927246946
383110774
134396628
56747435
979098240
193225340
180914710
669411546
902964266
498349230
253258920
273403322
598950860
7714432
933774055
859833676
513285086
720853990
928422892
135991792
842100007
548208220
948007908
741398915
534789920
328180923
121571924
914962923
708353920
874157468
704988519
535819568
947093645
358367720
940479000
464302106
461161004
885112456
305894900
252665796
372571699
492477600
670930614
104484398
9915844
929546478
398598230
151596976
65042089
978487200
9101234
672191208
299302109
926413008
331100284
637931238
520401330
419745606
285636204
333201156
380766106
428331054
781861208
618121645
454382080
191503016
698044921
204586824
711128725
217670624
479793433
741916240
240122156
268732930
429533188
452207610
635503792
71069825
506635856
912254754
490735968
763715099
36694228
178557914
320421598
462285280
543965361
625645440
687981958
762143174
885209696
118714785
352219872
312916070
981151478
191043800
162913836
661242751
159571664
846123376
15639239
185155100
166517724
894881850
431901464
813823208
822805709
831788208
897882759
963977308
620231184
716887348
847579564
556365318
992538514
374185750
892130644
657223250
422315854
187408456
421107129
654805800
239535969
824266136
52392885
280519632
634532962
283726272
306957827
330189380
353420931
376652480
326193266
910936296
106985241
303034184
51499166
944856050
838212932
731569812
800530992
987375605
174220216
530834090
887447962
244061832
818213117
392364400
971128740
824263320
677397898
530532474
790609350
587666964
872027250
850360804
511834403
173308000
848658441
524008880
351870930
779620232
955648945
131677656
952050380
262605746
186622924
110640100
34657274
534144848
96411679
658678508
739643820
879790271
19936720
303292306
586647890
870003472
966302285
62601096
489233341
915865584
914937841
914010096
983434941
52859784
98843116
567638175
36433232
662437545
288441856
914446165
540450472
136666190
501201178
816322930
239592322
982644050
917003978
9852070
807612372
605372672
403132970
804685628
418436340
375324208
443916789
512509368
581101945
649694520
868153236
86611950
305070662
523529372
741988080
828000893
914013704
802013948
490002174
979577350
15527064
327223108
801632184
673212825
544793464
249335988
769232644
179198611
589164576
594182835
599201092
701780772
227778452
610688912
504401805
398114696
249486466
984203000
469622565
955042128
433874504
145535881
857197256
157518320
696659605
235800888
774942169
314083448
893772524
473461598
53150670
954841212
989493880
566357738
12934084
552511091
92088096
808426516
563287796
61961115
560634432
230708442
445511172
812443987
179376800
881906105
584435408
855382225
126329040
575323705
24318368
858828435
693338500
830619002
339310192
722185860
771979952
850729175
929478396
8227615
86976832
78746342
23280022
967813700
912347376
856881050
801414722
670979402
900357430
604237820
308118208
11998594
542321536
231630775
920940012
619718622
177355910
872670520
567985128
263299734
443948966
200257440
219253851
238250260
257246667
276243072
100669332
835484532
634022872
542995617
451968360
266564182
413626310
560688436
707750560
26045968
717894415
409742860
635306432
7366917
379427400
84015038
788602674
493190308
12124194
920050300
639327644
186639623
733951600
309146128
956410895
603675660
432853856
969732179
506610500
863782684
719834823
575886960
858845121
141803280
28960020
916116758
803273494
925765336
48257176
170749014
589821878
8894740
427967600
432982218
885951740
751505188
727137820
508023058
557629004
115847128
668262809
220678488
43499564
982271018
921042470
859813920
798585368
737356814
579648426
746606010
821708358
342506644
863304928
384103210
110996572
875191020
896124062
334405670
409176648
652639854
964454250
500527034
28894598
557262160
85629720
370475841
655321960
339069700
22817438
706565174
131088400
163919974
825115238
945271824
65428408
185584990
824781186
802615094
780449000
758282904
293920425
829557944
863263173
896968400
692989482
345183532
529149592
713115650
897081706
22532806
652194500
394290646
800827874
575074798
349321720
123568640
152648717
181728792
980182062
778635330
577088596
946268070
902163658
922723154
518226306
986424690
61417498
780701134
3917416
974351330
276759720
562346781
847933840
759493100
831211570
17196652
64322160
702964546
238394224
739163900
153035174
21856978
280040214
56676500
833312784
609949066
793356540
564655076
811019011
57382944
250682438
618766854
845678400
72589944
299501486
998695930
19770498
873262474
985917846
98573216
211228584
139375033
67521480
775232232
796890132
547805772
717539342
887272910
57006476
27458500
482146036
694116040
906086042
118056042
981318030
427503000
679703437
931903872
616219992
300536110
984852226
443442086
902031944
360621800
822780329
284938856
981745320
984582941
987420560
173317698
359214834
545111968
427688579
310265188
703880300
313918118
923955934
533993748
483039354
932020000
105426009
278832016
763366390
301296318
161586764
774382951
387179136
58879155
730579172
797033032
601680212
526996092
404941402
378500200
363349558
909152534
288810616
332212120
113326281
894440440
420774116
376578080
385565097
394552112
999091575
603631036
105992676
232042636
895802895
559563152
223323407
887083660
420434340
811124780
938208470
948808042
848223282
586161810
31592890
407232062
900898912
394565760
888232606
246760554
149413578
52066600
954719620
297328120
600761225
904194328
351176520
447417733
543658944
466972611
390286276
313599939
236913600
343707314
398648648
670106369
941564088
40318064
688564743
336811420
985058095
633304768
289599165
945893560
564813121
183732680
42324386
297799144
504611998
826880914
425740350
600620024
939704528
974889940
607671547
240453152
904034312
787849632
671664950
555480266
241567234
72969338
465387630
115031256
582298756
586494856
590690954
594887050
616791854
667357768
964620390
247067902
655924060
895616943
135309824
410551875
685793924
887651808
617054469
346457128
468105894
542825150
607974524
196128703
784282880
689518951
594755020
769691018
801794944
707118761
612442576
843648190
16338410
716858346
295467966
541472080
77872745
614273408
150674069
687074728
138167924
518913348
685988204
853063058
20137910
187212760
354287608
852846625
351405640
849964653
348523664
847082673
345641680
924964362
874712060
824459756
774207450
69254008
217948300
915058831
612169360
400263916
276418271
152572624
32146596
394181624
933424898
622458184
737409666
505471800
812636700
335601447
858566192
836218862
280103570
723988276
167872980
799932075
431991168
68254199
704517228
163115710
673348886
990333344
272561313
554789280
943374742
632610430
967114188
250169700
868651868
487134034
105616198
591206540
594350428
372121610
904183536
436245460
968307382
20691010
119588158
314447400
509306640
704165878
592416830
618184972
32840340
769357512
234900125
700442736
192481665
684520592
731585295
778649996
904272824
241925698
544199784
462232125
380264464
373071228
365877990
358684750
422669316
776571390
494171918
934271164
316918751
699566336
53688544
400056211
746423876
732147090
850087460
659215171
468342880
421412436
412830340
673286876
323678439
974070000
487484364
769103850
55139024
852774975
650410924
711032348
285204954
866718856
246331005
625943152
493459620
360976086
228492550
96009012
963525472
252704485
541883496
397314566
246713230
14778820
782844408
550909994
121675300
692440604
263205906
422053580
248407463
74761344
145821061
216880776
111847536
862853845
613860152
596409162
578958170
561507176
266873389
972239600
753106124
839239850
807774064
534488676
3555464
226249148
516164119
806079088
521398474
307603196
896879524
619877923
342876320
65874715
788873108
511871499
234869888
953089545
671309200
634466425
597623648
432965955
268308260
893506802
621160852
128348262
202380202
380272642
250971802
749827262
126266752
256945175
387623596
985150974
348290998
158613680
4957703
851301724
304495096
757688466
210881834
664075200
117268564
903907963
690547360
419325812
148104262
876882710
201955400
285858677
369761952
453665225
537568496
972409174
931700398
395087780
94265011
793442240
492619467
191796692
890973915
590151136
102363125
614575112
592298840
1748450
882258616
213068684
543878750
874688814
352659628
34981244
376668311
718355376
556408436
276446876
748557186
220667494
692777800
855437454
475656218
363543474
251430728
139317980
500179158
302832730
105486300
908139868
553912615
199685360
83358360
980762561
878166760
738004260
258640640
861507755
464374868
922141254
963690106
5238956
46787804
120503306
194218806
267934304
267232548
623078024
933134396
903317774
816680318
129903300
490917598
523758430
556599260
589440088
293048854
282192150
551441624
469214988
386988350
304761710
658493612
721152700
633721922
225053652
816385380
407717106
473477204
546545723
619614240
692682755
765751268
838819779
911888288
131097749
350307208
958878904
76099153
193319400
332933758
979235810
955376582
249426460
8410383
767394304
537836625
308278944
14458836
29048635
43638432
58228227
72818020
903112618
733407214
563701808
393996400
224290990
785437682
358009822
728293480
656553618
464645104
11830948
915540824
819250698
722960570
626670440
530380308
9296699
488213088
743249469
998285848
103274074
521734796
706183024
949872850
193562674
437252496
902823425
368394352
288631850
208869346
129106840
712382880
31263211
350143540
3444008
895639760
243502501
591365240
939227977
287090712
132880712
362728720
889701256
468477856
757572131
46666404
222253738
872127800
522001860
171875918
620973734
593844216
576922605
560000992
44826480
773811813
502797144
840434986
455544260
590773346
228710716
188325055
147939392
744670550
341401706
938132860
213141796
785198620
76514375
367830128
524062689
680295248
279560895
878826540
720758096
562689650
404621202
410184442
82160990
756539120
367082935
977626748
490017504
403709443
317401380
431198146
544994910
658791672
29591645
400391616
213594784
782178603
350762420
179905256
184178529
188451800
869992144
437395775
4799404
723730888
442662370
161593850
880525328
599456804
205338008
935719174
155608446
474950460
601772856
340363081
78953304
298606468
605310024
912013578
218717130
174933326
258770264
12146413
765522560
565125992
230687692
330114287
429540880
537626252
397562490
860194440
385993666
171514584
632228408
340007310
589423882
838840452
88257020
628246762
62458592
496670420
930882246
476422074
21961900
567501724
497139463
426777200
443525768
909068064
360082000
850898229
341714456
617741090
316991448
297989245
278987040
259984833
240982624
721377846
201773066
682168284
751748716
567070334
151413558
296950000
100158263
903366524
131889296
593193116
362010446
92005310
822000172
551995032
896899470
598730858
508404890
580758582
851968780
594938092
231347470
570619438
782389980
472544367
162698752
8793767
854888780
126242138
458530520
564489456
682601510
574253670
465905828
357557984
743451683
129345380
983061282
231457340
151246892
811956430
931530638
69756620
746507508
984472800
222438090
460403378
589430130
174031722
6508950
838986176
671463400
830464861
989466320
148467777
307469232
208381402
801660372
383945627
966230880
828665045
691099208
763165440
369530861
975896280
919743598
172996474
862281346
332240650
817854038
561928204
936500231
311072256
417389981
523707704
597146113
670584520
744022925
817461328
394739620
991854648
614884889
237915128
698375700
158836270
619296838
647418024
257260421
867102816
363587620
994957235
626326848
257696459
889066068
971005294
544483750
117962204
691440656
355595956
622342156
341858206
846143430
387340440
467911685
548482928
629054169
709625408
790196645
870767880
921998640
559158135
196317628
13860260
713060348
54363479
395666608
439507824
395053125
350598424
695620458
602630244
501876538
327489840
628588137
929686432
596078067
262469700
127350490
623160832
725521575
827882316
392981846
703369930
13758012
324146092
40934702
757723310
474511916
710475420
996531706
202864504
320970981
439077456
484697181
530316904
606094256
746978805
887863352
664297370
464497868
474465440
484433010
494400578
504368144
514335708
506497374
686049846
142769360
841665631
540561900
825556260
824535980
308395647
792255312
585069262
356434690
992034310
309667932
388245400
516087710
569372866
574743446
534884740
929867395
324850048
498155750
671461450
844767148
186333720
934246782
682159842
430072900
160735882
395962920
253367533
110772144
968176753
825581360
575563406
325545450
75527492
854666690
590866188
258065560
925264930
592464298
699103174
298500996
928742374
612490138
691618170
770746200
849874228
555926980
477523148
688254110
662150662
386161080
752474397
118787712
246186855
373585996
109262674
821055228
718774444
572288558
5580510
438872460
872164408
13161865
154159320
820106560
486053798
152001034
694091250
383369554
564475098
327960654
555569000
840608514
16977368
730315069
443652768
548969139
654285508
290114804
274371675
258628544
729916836
288512115
847107392
405702667
964297940
389497838
814697734
239897628
244302095
248706560
188204577
127702592
67200605
6698616
946196625
885694632
42749910
796766790
24753712
613526145
202298576
388630985
574963392
630752475
686541556
639681854
966743518
331257380
427300998
583187050
376858562
705151290
232211598
221569640
667904437
114239232
240718180
38895672
837073162
635250650
433428136
231605620
357186763
482767904
126635756
347298754
453143908
997093795
541043680
632167700
605948187
579728672
553509155
527289636
370616826
213944014
57271200
191808689
326346176
460883661
595421144
693424986
945418060
523372096
727683675
931995252
136306827
340618400
938491093
536363784
914416488
292469190
670521890
825283486
980045080
134806672
669371945
203937216
466988335
730039452
168620690
2022668
146946375
291870080
969214595
646559108
323903619
1248128
735038599
468829068
638851250
330116236
534201960
486275985
438350008
114449344
33785803
953122260
513289086
494369694
886904388
245010014
140017950
19432164
648836950
918821314
464377438
9933560
555489680
309605577
63721472
424808087
785894700
146981311
508067920
869154527
230241132
686876652
931496622
262544350
593592076
924639800
157767058
114134560
771926057
429717552
87509045
745300536
57787130
650892380
983478460
316064538
648650614
809839276
971027936
132216594
202602168
354208444
766671511
179134576
558685965
938237352
899724480
924344335
948964188
53744914
791076876
650117864
509158850
368199834
777253118
940845344
31483011
122120676
12488860
960327666
694641884
680194516
634478984
704635341
774791696
643877250
722711088
918823264
134193325
349563384
564933441
780303496
670715866
54433820
92922156
120260479
147598800
194904154
242209506
289514856
510382510
638842218
239123834
111368166
191697380
682814926
82030086
588950440
95870792
602791142
970876862
884170812
758749752
530047945
301346136
355012676
708516536
907241401
105966264
581886933
57807600
696159176
418076565
139993952
319791275
499588596
488396016
477203434
466010850
758232074
999977718
312120604
846506648
305504449
764502248
680856854
121602406
307111680
330139313
353166944
225226750
97286554
969346356
990091254
884831618
600937630
996462296
439355316
882248334
325141350
646134424
356497508
265950944
952279011
638607076
449613220
991575316
733908080
346860231
959812380
650078788
991597060
232678867
473760672
714842475
955924276
217110514
128994308
513418634
455956200
427875789
399795376
371714961
343634544
89868461
836102376
535676936
232458840
929240742
626022642
641019430
481729500
607965400
868635302
324517550
780399796
236282040
115317753
994353464
236060500
307433164
619059950
944927134
447968308
879704059
311439808
70449564
391675751
712901936
256957645
801013352
604240360
809233620
461300540
777591690
80976336
383017855
685059372
987100887
289142400
801938570
353637196
468064560
387682573
307300584
991918250
283844404
575770556
867696706
912894420
733962555
555030688
502644110
364205042
570493950
224655288
217102744
29596625
842090504
880877748
165351979
449826208
122224539
794622868
191144464
872778748
554413030
236047310
7182276
351555150
695928022
40300892
384673760
729046626
343775664
958504700
573233734
265683458
382078734
980617200
860568089
740518976
841857730
215253728
547404969
879556208
836538310
793520410
750502508
944280440
368421257
792562072
159136180
23298212
329412740
766237452
566627950
72718110
37553012
2387912
967222810
873219900
779216988
685214074
485371896
921207749
357043600
617212814
965491298
313769780
662048260
590087260
935974530
591122196
165929270
310965058
456000844
601036628
925456824
448724921
971993016
955743060
891850075
827957088
184474579
540992068
496178780
27628071
559077360
961219356
388873550
816527742
244181932
409570252
184816422
960062590
735308756
510554920
285801082
247662700
859320792
997006065
134691336
272376605
410061872
354537700
299013526
243489350
466993648
945373384
842923816
907141340
157095606
156312554
904400658
652488760
400576860
271580167
142583472
595130582
47677690
500224796
52546700
947367686
842188670
737009652
631830632
526651610
584846908
643042204
701237498
951904760
934719132
971240167
7761200
242460702
720721242
181673090
642624936
103576780
577922626
89668164
90467626
787448280
188670560
402213075
615755588
303705954
310039356
373413804
636421806
463388830
267798388
923531010
378805692
879666220
803048782
841807950
15323308
579381020
53110938
222320680
671615117
120909552
574935900
260707335
946478768
411712930
814396096
400425391
986454684
572483975
158513264
607664000
180525339
753386676
576735190
400083702
223432212
613858562
4284910
394711256
119064004
457007256
991832710
366990270
770058716
948274160
126489602
304705042
617730090
930755136
243780180
191623076
456883139
722143200
437450459
152757716
675765800
267978753
860191704
817716000
478073264
138430526
798787786
959706970
201647670
645580236
871374460
387067346
979704716
445605255
911505792
377406327
843306860
415420830
987534798
559648764
524033151
488417536
463148894
656991498
166866650
676741800
186616948
267462219
348307488
429152755
509998020
202236042
851985832
284122285
716258736
146850076
77113486
258430110
781458260
324064490
554326312
587374637
620422960
472781948
70631095
668480240
266329383
864178524
6442396
508704874
6550528
748902185
491253840
849287326
2019386
525816050
182575650
800677986
189174226
542312490
895450752
248589012
131324292
529810972
313538887
97266800
880994711
664722620
225555720
194835892
695921780
356256632
442525465
528794296
584131524
908979896
87104090
957146220
454127351
951108480
448089607
945070732
817481422
1527022
185572620
369618216
244946584
120274950
995603314
398711558
531153804
959151175
387148544
239298818
91449090
943599360
158094457
372589552
56677022
740764490
424851956
480073430
622403538
923007334
223611128
524214920
970897176
260117385
549337592
878027125
206716656
209286185
211855712
171267782
130679850
90091916
631964871
173837824
120140671
66443516
536930310
766844450
371143006
151975256
932807504
713639750
61421814
150044728
890807360
695880831
500954300
489172010
154642816
912127159
669611500
790144894
833994038
877843180
921692320
350566835
779441348
208315859
637190368
66064875
494939380
78036192
396848675
715661156
773620356
530874956
691247806
25128950
699458960
654988655
610518348
147398700
77196318
515019174
179778696
944278630
960098110
235146876
889604200
645999061
402393920
901937597
401481272
714321062
971467150
801492580
619410067
437327552
406330782
114070570
821810356
529550140
329896375
130242608
812710880
225755757
638800632
988944550
451259470
913574388
375889304
574729750
770037334
965344916
160652496
941883225
723113952
572792082
422470210
272148336
763872540
764361383
764850224
538106138
311362050
84617960
508259837
931901712
717750492
534351902
534875350
219582560
930827137
642071712
735475942
757741942
720002712
327126900
274018772
941185040
737919036
455634519
173350000
199521294
267394818
335268340
403141860
694049620
112534080
574988341
37442600
275093790
512744978
750396164
382069875
13743584
235902600
928293424
206809853
485326280
763842705
42359128
259853640
608521616
534636421
460751224
927370258
393989290
860608320
101041097
341473872
975936782
821661282
301509622
655405972
560298507
465191040
331135972
87663315
844190656
869564079
894937500
920310919
945684336
187576444
985400503
783224560
367070598
74017654
757539256
308484240
898143471
487802700
405709088
437753515
469797940
955048536
922503105
889957672
16388990
142820306
269251620
847775555
426299488
4823419
583347348
161871275
740395200
560273711
380152220
351324570
459376936
758335501
57294064
196638108
180797934
591795950
635131164
585146000
262843069
940540136
184767970
617640488
279651625
941662760
758737137
575811512
960424152
298390722
636357290
974323856
335689581
697055304
58421025
419786744
967699928
515613110
63526290
571943526
295073436
18203344
741333250
540740784
429805575
318870364
266143408
446086790
123759286
801431780
479104272
493342125
507579976
365502114
496069608
464566205
433062800
223736796
14410790
805084782
313273172
254577242
628040432
120394337
612748240
105102141
597456040
998656056
9943006
75414210
727805270
380196328
32587384
598093825
163600264
424975308
883428194
341881078
800333960
209757206
46265606
228113360
346224345
464335328
582446309
700557288
366020564
416249051
466477536
516706019
566934500
27042434
127083788
752031064
376978338
1925610
774298342
80282900
386267456
692252010
184840668
505969740
878179638
931368794
692131786
540850110
901882928
262915744
623948558
177812274
701438750
956641224
237388025
518134824
706106250
88547524
376435650
328024204
104143800
953359529
802575256
649494980
972784216
250293534
417007298
56282390
487756356
927166179
366576000
344792654
623283698
841294654
107831000
712119429
316407856
920696281
524984704
87375858
889065320
829462302
627562962
425663620
223764276
562800280
752070838
332444870
594109392
816860442
515516180
214171916
912827650
436715940
190490130
463860612
393512627
323164640
270411512
217658382
164905250
982262870
78410052
1420387
924430720
635809373
347188024
24400118
361994054
28766800
685338879
341910956
154003220
276057416
707534321
139011224
570488125
1965024
433441921
864918816
321556870
31675110
741793348
451911584
288437203
124962820
897619322
992734960
560450807
128166652
582323672
52233830
511974478
191415940
430278947
669141952
474569082
570420852
504623147
438825440
853758062
651435650
230696998
881172780
98017268
119130560
176730677
234330792
357217790
606835170
607991622
861265372
188061432
217122970
404167308
591211644
778255978
216805280
394408867
572012452
749616035
927219616
36455571
145691524
741177828
344391044
812560908
449069614
998469950
735462084
731169950
927359614
123549276
319738936
426787810
533836682
640885552
601076967
561268380
734850800
245679975
756509148
59817444
875113068
786811174
275258946
84680270
619785808
148128329
676470848
462221610
898255996
973059620
854940636
778131330
764079380
882329910
136276802
390223692
644170580
931765432
275223082
618680730
962138376
969462945
976787512
854786045
732784576
398065011
63345444
385365648
707385850
29406050
169176122
696581102
875323480
995208517
115093552
436754492
660137815
883521136
120318501
357115864
291843726
226571586
161299444
897095486
268376030
639656572
10937112
703342425
395747736
255480476
538064086
787596570
628844170
482430686
775149376
153359585
531569792
909779997
287990200
291797062
295603922
299410780
187379732
75348682
963317630
326529680
7816438
763742270
972270092
180797912
389325730
154719448
442256664
888102826
735641540
320604386
610010876
416987836
807233426
403958380
311150416
819991615
328832812
934522512
439905565
945288616
103056546
260824474
418592400
307629169
196665936
261489930
534513148
152247199
769981248
650033644
868944418
276636084
869740398
462844710
55949020
918950680
394012441
869074200
193726940
518379678
843032414
179602500
384963614
381593918
167808564
136714875
105621184
726842700
348064214
969285726
386288380
272498536
566738801
860979064
210369568
789605565
368841560
467541046
135053766
205136080
945318893
685501704
573585588
142488619
711391648
218545960
469900537
721255112
342487240
623467088
635351324
43420718
451490110
859559500
831970180
306646180
101608500
755522360
310756537
865990712
600162292
380357067
160551840
421145457
681739072
939890627
198042180
266092968
178068385
90043800
301931552
634403715
966875876
680312314
131431248
216214559
300997868
598595244
257805375
917015504
883875250
850734994
817594736
387996076
958397414
528798750
646664044
339453500
415943394
599456388
121674874
544928496
711463799
877999100
258421784
542943193
827464600
158345436
489226270
820107102
862787780
9659262
101017102
682540220
7141992
553173552
290078205
26982856
841783140
567779696
566452349
565125000
835810074
106495146
377180216
385177700
241126976
311772195
382417412
278857592
449312825
619768056
649465956
379241856
388215815
397189772
406163727
415137680
365722893
316308104
34445588
385944684
737443778
88942870
539835972
278277030
348646010
786127402
309461902
680316760
498143508
654058619
809973728
965888835
121803940
693764962
265725982
837687000
700694597
563702192
169723812
861784152
697018977
532253800
389941462
256991622
66929360
495504493
924079624
660969725
397859824
977297708
128657215
280016720
578977601
877938480
759760438
773169470
424870092
62775780
872174332
681572882
490971430
535546108
246066800
971205063
696343324
34925396
999635624
237767968
959371779
680975588
402579395
124183200
952867040
804461581
656056120
456358630
105520366
928122196
750724024
573325850
980668684
388011516
795354346
491109600
625467611
759825620
894183627
28541632
153807912
463123897
772439880
81755861
391071840
539095515
687119188
247862394
1696736
807469019
613241300
803829354
994417406
185005456
855703305
526401152
512557722
307251300
807828675
308406048
199703320
971196641
742689960
780125988
47931840
648670683
249409524
403838750
189172974
998079308
806985640
615891970
852823576
89755180
326686782
610109462
581734560
227374625
873014688
518654749
164294808
124842394
85389978
45937560
753761592
253119825
752478056
916926510
662524970
362072666
61620360
761168052
264438827
767709600
67336200
748531552
736736125
724940696
514256774
499342398
672740380
870365728
630406809
390447888
150488965
910530040
670571113
430612184
744277008
67311439
390345868
443252240
663424623
883597004
103769383
323941760
543280920
842646105
142011288
441376469
740741648
781672864
769899851
758126836
512218360
266309882
20401402
917403222
905816252
602480112
788551850
490339148
209543120
314372703
419202284
951662816
735006659
518350500
750388354
47139148
274986184
834764641
394543096
954321549
514100000
383319299
252538596
253987740
588547506
923107270
257667032
459662877
661658720
863654561
65650400
3489342
83319610
845056338
169567890
219110042
268652192
318194340
767011752
374943605
982875456
247977931
513080404
790943628
68806850
346670070
276225652
822251387
368277120
911023272
671668685
432314096
622310945
812307792
434675560
801416828
350988990
458394022
177334440
933259057
689183672
432922872
592405345
751887816
906854796
134789775
362724752
421965940
655198443
888430944
180510050
84340144
29119593
973899040
570937427
167975812
215792330
238295240
260798148
283301054
291741806
290340780
278397463
266454144
737996875
209539604
681082331
152625056
350468980
505516
65316870
130128222
194939572
259750920
324562266
389373610
454184952
616624972
147313327
678001680
808015492
79885840
351756186
623626530
642548730
917983886
87649576
539806561
991963544
973626933
955290320
136639666
316672696
496705724
676738750
945471974
937272008
722389129
507506248
292623365
77740480
329766412
674714127
19661840
450572512
417505837
384439160
370861798
869985070
631370612
535711195
440051776
344392355
248732932
153073507
57414080
56879983
56345884
150670066
387014620
142013076
364411960
799865690
448303212
263965880
617482473
970999064
39127876
855933315
672738752
146623535
620508316
94393095
568277872
514159380
10956635
507753888
303865515
99977140
93458952
719617180
559512295
399407408
872986965
346566520
190620297
34674072
32007512
176620857
321234200
688507472
101936005
515364536
681662594
683979208
23472685
362966160
209383236
55800310
902217382
748634452
595051520
190007467
784963412
379919355
974875296
907020990
526544570
143207826
65342386
754015530
53563830
113761436
173959040
234156642
85102352
936048060
786993766
354160434
921131398
771392140
317833628
625256455
932679280
240102103
547524924
269640496
267506605
265372712
537922410
221430548
157651195
93871840
50259890
6647938
963035984
696962625
430889264
309317818
271462564
298395875
325329184
61367200
184908284
566793750
719336794
871879836
24422876
176965914
329508950
828981084
569852200
219082309
868312416
734598896
600885374
467171850
79030714
242391398
538934244
937382478
855506630
252368776
648877286
351932670
713062620
101356400
379316738
247386000
794783570
399333352
863310237
327287120
382679548
557183735
731687920
259353830
197650566
135947300
74244032
892319957
710395880
528471801
346547720
295704486
61703326
27543660
183208316
423767959
664327600
288104084
401810843
515517600
53036873
590556144
334123750
22292614
499147168
282211419
65275668
518968770
972661870
426354968
635756860
174546398
422243670
502697312
405499900
938001622
470503342
3005060
160137635
317270208
310961930
304653650
298345368
89588880
438608080
237337537
36066992
834796445
633525896
432255345
230984792
688198780
328856375
969513968
939931370
721544876
148972280
576399682
3827082
88779222
873732172
282354812
426481175
570607536
555714340
848291896
648791274
641691908
823444115
5196320
966676201
928156080
314680738
937603520
241636483
545669444
634969550
554186854
262930008
467435180
671940350
876445518
464850140
542711488
433001099
323290708
995896444
787121175
578345904
300761400
79802529
858843656
197352954
96606028
221411424
623801525
26191624
907361478
788531330
669701180
789867660
289749327
789630992
419168677
48706360
678244041
307781720
881744260
455706798
29669334
603631868
177594400
617053523
56512644
495971763
935430880
979169608
22908334
66647058
382714734
629145200
882735959
136326716
470295120
804263522
138231922
719562170
838919390
55982192
647168855
238355516
293022384
364251750
190219654
183910048
961027605
738145160
388939960
377700305
366460648
667897310
605410162
542923012
480435860
898786672
402318237
905849800
246327898
93991580
941655260
789318938
636982614
484646288
83685359
682724428
281763495
880802560
657516902
401050390
983169768
180462785
377755800
384131740
713936470
43741198
373545924
268840078
917035910
565231740
213427568
938622989
663818408
328611130
765397516
646544240
922237805
197931368
506018554
500542956
701578104
276901498
855335004
226095375
596855744
97263925
597672104
225133
402778160
765161113
127544064
527527051
927510036
65084550
9037850
731346586
93165126
454983664
816802200
410577689
4353176
806554285
608755392
835872495
62989596
219055066
382101640
133652605
885203568
601034404
639060531
677086656
556321135
435555612
595615682
616531380
508760555
400989728
610646965
820304200
452218117
84132032
164640232
18415197
872190160
170225557
468260952
852625297
236989640
759813962
282638282
805462600
880374810
480016316
690853700
737271076
250412611
763554144
721991728
40136069
358280408
195203674
469367500
743531324
17695146
366181440
754488255
142795068
719418610
772670652
860685020
681494042
69987240
13480110
134645546
255810980
376976412
498141842
619307270
978727980
62773140
60544360
622245857
183947352
90429872
445209367
799988860
982432788
553314680
586950562
427236152
53682172
680128190
306574206
295279604
283985000
272690394
618007868
709161124
1244988
293328850
585412710
462327516
835920600
954280550
72640498
191000444
26044511
861088576
696132639
531176700
500426914
88508388
2810594
787612636
835315535
883018432
421453545
959888656
498323765
36758872
48391442
39037760
4020985
969004208
890815950
812627690
734439428
656251164
578062898
499874630
421686360
348739925
275793488
718120490
55772076
957574039
859376000
276229319
693082636
833413970
973745302
114076632
254407960
394739286
828714294
273320488
272565489
271810488
323995544
195458650
901574924
180027600
407335199
634642796
861950391
89257984
730454341
371650696
151723216
33396965
915070712
339182562
17788440
790191285
562594128
314995360
268766425
222537488
613327144
334722036
208103844
448581636
597230444
238510086
725737810
302527478
757273924
702718598
6253834
819647250
49595554
311072898
572550240
834027580
881912870
577881042
769916182
554035860
440576322
888663420
274769532
467633410
718205108
301546830
884888550
468230268
51571984
634913698
159702624
423040971
686379316
47937600
537772731
27607860
111638318
195668774
279699228
746271304
297334300
693162854
88991406
484819956
866028306
308234420
926795646
748891774
570987900
393084024
130408938
867733850
605058760
552010545
498962328
536182500
835564147
134945792
346179735
557413676
786116886
146640970
507165052
867689132
688682542
68559070
697256980
889125227
80993472
16556992
50833707
85110420
682866110
142978622
603091132
63203640
938681698
956175384
295786000
820874959
345963916
871052871
396141824
921230775
446319724
971408671
496497616
363340165
230182712
468383730
921868848
614592889
307316928
855882319
404447708
579345410
968024276
71344070
32844090
833274346
872849966
671358760
72742698
232970420
232155787
231341152
326495022
421648890
516802756
416951731
317100704
472319273
627537840
175953026
732465936
288978844
845491750
688358834
239013638
272783564
73438668
192452934
311467198
430481460
385636978
943857860
736628698
529399534
322170368
633225539
944280708
255335875
566391040
345604670
557531226
808133986
58736744
309339500
559942254
810545006
225125340
25165216
825205090
625244962
839496562
75085690
449806910
824528128
199249344
573970558
948691770
323412980
698134188
72855394
447576598
148790500
893360478
637930454
382500428
345708924
194775058
43841190
892907320
808458256
751794255
695130252
409915472
124700690
839485906
554271120
269056332
983841542
698626750
42253788
309332720
332747661
356162600
647621018
852852124
201669388
728911654
896593506
788555870
680518232
572480592
488308780
116980802
870860772
507050562
841497132
541423767
241350400
844703400
283448116
503422260
999567656
317261456
634955254
952649050
858239754
304522718
14639424
91643871
168648316
998754130
497014220
537615160
287391986
487540144
238133713
988727280
739320845
489914408
680160240
479439061
278717880
586669098
557268324
383036218
208804110
34572000
860339888
686107774
631980650
170894954
709809256
248723556
713341456
162998604
888329706
531662160
174994612
818327062
201327090
515494710
417913732
120194550
934016658
766291110
33155132
853505120
341554701
829604280
466659025
103713768
740768509
377823248
14877985
651932720
26346165
400759608
775173049
149586488
481032820
785092468
89152114
393211758
699158480
5105200
311051918
271859074
367930246
647301020
873819656
100338290
326856922
290797742
974131160
173859428
528311840
92770597
657229352
213923830
770618306
327312780
838811896
350311010
861810122
313280470
430457228
271928775
113400320
238184045
362967768
188424969
13882168
452741445
891600720
595830242
366035840
87320313
808604784
529889253
251173720
784179297
317184872
312252982
688693782
134727672
272523560
869512157
466500752
63489345
660477936
459035626
358441260
583926616
617437446
142307390
420971420
821782720
652020837
482258952
312497065
142735176
972973285
803211392
477995372
334717215
191439056
2268780
562322463
122376144
285583668
448791190
611998710
775206228
938413744
71992023
205570300
720801676
841820710
989868130
137915548
285962964
10664328
942597709
874531088
822390290
770249490
718108688
101741185
485373680
869006173
252638664
397061268
877224844
523497438
288604454
555099400
119796374
545207878
544039664
542871448
541703230
613371186
793709294
672886608
306760730
940634850
574508968
103638345
632767720
497693450
902385732
549190707
195995680
829991092
702659467
575327840
393953410
693996896
722661275
751325652
391503450
31681246
671859040
698260155
724661268
751391560
771795076
498472611
225150144
433177750
464416414
334485468
204554520
74623570
944692618
814761664
20242351
225723036
999658890
729017840
373312695
17607548
78883160
87777337
96671512
57631340
951136735
844642128
883145880
653281433
423416984
907989328
646683905
385378480
777699566
170020650
562341732
954662812
346983890
47882348
996796560
328783503
660770444
992757383
324744320
768886090
416771692
207816680
565915440
184422877
802930312
500395612
197860910
895326206
312600356
259626406
281471450
889058010
496644568
104231124
101352475
98473824
564394525
30315224
763356850
316375984
137122375
957868764
860228528
762588290
664948050
100101066
785623846
64277780
75389835
86501888
698205340
536832958
353269574
169706188
986142800
188606717
391070632
580793810
352637840
557433981
762230120
696347253
630464384
564581513
498698640
629195326
521319914
121134698
228547070
897263216
695519640
366975090
145252752
419491457
693730160
967968861
242207560
486266596
249278800
916433865
583588928
464295935
345002940
225709943
106416944
682266648
691900674
149331496
283274525
417217552
294644300
172071046
49497790
609121628
853579920
458748220
51389590
753869146
917426666
623840910
726319000
776099981
825880960
847855320
869829678
891804034
396958950
137871884
984999303
832126720
443062642
875265832
616992777
358719720
328856042
869451540
282237102
432848582
896591720
905338085
914084448
472207220
358767787
245328352
504464397
763600440
478368062
775725650
804351998
578560280
529234956
412707970
296180982
179653992
733739617
287825240
98015845
908206448
232532104
557487456
996020179
434552900
873085619
311618336
850427044
451831336
53235626
654639914
2065438
269224960
158810887
48396812
988337942
448604842
159330962
975879362
806524242
566588042
136102662
705617280
275131896
938854641
602577384
192369628
503127495
813885360
220883550
551276602
470261042
937329090
686014770
590660922
603590622
231268720
582467593
933666464
436868648
219061369
1254088
953533704
964992856
165187929
365383000
954752904
9379925
64006944
117025493
170044040
466404088
231534550
437849046
188504824
858829773
529154720
454311312
514894137
575476960
690763626
286901436
128408276
108674536
323280040
513397021
703514000
673589698
505387280
614805537
724223792
665971850
410923740
155875628
900827514
821459176
42395689
263332200
484268709
705205216
926141721
147078224
197235468
304280079
411324688
847915784
721939241
595962696
844430240
713826211
583222180
509566698
435911214
362255728
15337385
668419040
539147178
836023580
707486447
578949312
411938357
244927400
913667972
884827555
855987136
782723515
709459892
636196267
562932640
620615195
678297748
895767760
542720280
313217026
987421864
902437213
817452560
930786092
988248770
763586980
144469827
525352672
202221577
879090480
980445117
81799752
523896925
965994096
631164724
204251596
224700174
245148750
265597324
979304583
693011840
888853513
84695184
310479791
536264396
904884240
525676911
146469580
2686248
522435249
42184248
485340080
573480661
661621240
938816858
216012474
493208088
600673480
884411417
168149352
451887285
735625216
811147471
886669724
604514678
823604810
42694940
261785068
617395870
676542502
968798280
140291093
311783904
448260156
584736406
721212654
890910468
678678755
466447040
427986010
32110532
549916850
795660308
892212635
988764960
484402317
980039672
340754982
600002190
887404900
748151110
440757066
311525746
295841490
885862170
376598126
13417336
828257680
440017071
51776460
910535040
323108167
735681292
288030030
756328750
374726812
200569840
342004647
483439452
850115332
125370227
400625120
222086475
43547828
865009179
686470528
464869015
243267500
21665983
800064464
578462943
356861420
981396276
264334939
547273600
221364439
895455276
997870570
579817968
100328785
620839600
18042582
415245562
812448540
248469772
704357030
887311778
388811390
459605672
703921962
946791732
809649867
672508000
586783565
501059128
423889905
346720680
269551453
192382224
115212993
38043760
930845127
823646492
716447855
609249216
418421859
227594500
357724744
742202228
126679710
511157190
812098712
113040232
413981750
781858070
400607352
579604237
758601120
87344048
890504029
693664008
214233484
286165391
358097296
934316116
561314196
188312274
815310350
101518784
39481491
977444196
573126240
168808282
764490322
360172360
955854396
488278350
768095838
435215604
823197531
211179456
580285156
511002456
597445281
683888104
193131113
702374120
889038817
75703512
532585652
217372267
902158880
654385428
406611974
158838518
911065060
663291600
340933581
18575560
460453970
387508016
763264721
139021424
151359138
806446720
886912615
967378508
773010674
706625196
344021024
869338771
394656516
642865450
238070040
9021912
802801282
506792
700991197
401475600
101960001
802444400
502928797
203413192
256918682
190198012
969890847
749583680
759103568
103737444
417665875
731594304
260459056
721594679
182730300
39569204
885134400
794215999
703297596
739188410
919833848
335556629
751279408
109940920
488174902
590093862
692012820
793931776
170495189
547058600
886548174
358708698
199620434
829739250
459858064
89976876
295821314
576047108
70767155
565487200
962202960
997418037
32633112
223955042
667044792
495433260
468488063
441542864
729109408
112199115
495288820
878378523
261468224
220089471
178710716
692174130
17211420
939998660
786807140
212955940
169145027
125334112
797561960
469789806
142017650
867966558
10610984
153255408
295899830
926561982
557224132
187886280
639788420
626361560
612934698
599507834
390550566
181593296
972636024
763678750
554721474
545755158
732296644
734055238
763131690
334064226
904996760
475929292
900633970
64140780
110789840
211835488
538232149
864628808
357122304
52759431
748396556
444033679
139670800
158054504
103937628
113589974
123242318
132894660
142547000
152199338
194116004
890047658
534737464
179427268
824117070
739909926
384702264
29494600
674286934
370474918
466152544
366144900
704524544
255124853
805725160
343846286
638548794
837183938
39069290
345147526
408457764
260655123
112852480
428613018
150831204
873049388
595267570
585052492
975877880
929115978
640988244
467430811
293873376
103016186
271639060
884053435
496467808
540086090
786718732
222494400
327908347
433322292
680381310
192614910
726139892
259664872
793189850
114768700
969245220
529191580
54487090
833629116
612771140
391913162
814472712
213672322
441088760
668505196
895921630
65263110
761200376
391491064
749724801
107958536
500161226
180493380
771730466
362967550
954204632
740803252
664382372
52995012
531019612
674011522
383084692
498239062
613393430
728547796
843702160
958856522
117051420
159688732
432702410
788976208
391063509
993150808
184351014
345036526
55550100
884032586
839640376
535375061
231109744
909909463
588709180
589973792
399613715
209253636
18893555
828533472
768238520
202345057
636451592
572193297
507935000
85312612
853425760
439097363
24768964
801844700
417313314
32781926
648250536
263719144
879187750
494656354
110124956
725593556
341062154
522715928
346577144
858795750
371014354
883232956
415519804
915520306
952606620
397308516
250205260
363407663
476610064
406719325
336828584
186896200
605493184
219307533
833121880
949060766
64999650
180938532
296877412
412816290
88849148
662992415
237135680
811305685
385475688
751554940
117634190
483713438
849792684
215871928
581951170
948030410
314109648
680188884
419287291
158385696
873454241
588522784
282375473
976228160
398712707
821197252
234539272
408254380
581969486
755684590
76138108
74231320
10023566
928061546
787364250
17583030
733827276
418562620
70009143
721455664
372902183
24348700
468229656
426485529
384741400
342997269
301253136
222394069
143535000
64675929
985816856
836910460
752299566
334179246
373489340
389884895
406280448
144081875
881883300
619684723
357486144
700310911
43135676
662396170
367722640
272535375
177348108
795324260
777667228
593396999
409126768
985850644
121197348
869696964
618196578
366696190
284406696
330183349
375960000
72691124
866087900
541293074
441865228
481856104
381576800
944615269
507653736
100506244
693358750
286211254
5986128
212570809
419155488
215842314
974700
167118839
333262976
992688739
652114500
311540259
970966016
667862735
364759452
249161790
263270918
914141400
5567356
281060590
623025998
702446284
264489268
573751664
798385501
23019336
275341530
181513180
58108860
127468850
122486556
672929540
267294516
992902680
278933833
564964984
554434700
284072834
920525028
556977220
193429410
829881598
466333784
827826125
189318464
956597128
13301449
70005768
444487904
18758323
593028740
149203762
965370900
449613723
933856544
185713518
437570490
689427460
25576770
630747532
717520760
231136217
744751672
340844132
110621632
996180655
881739676
170175314
5705388
921149184
909369125
897589064
452695118
352240314
251785508
151330700
486177838
629538750
653093892
418356110
415984710
144793992
400842470
708786430
722597852
525247920
974266166
258223934
19100108
53805604
690427788
111366574
40689150
943056804
607180550
271304294
935428036
355586294
572269138
693817990
781007276
434878900
473133595
511388288
549642979
587897668
29662774
595820850
69450934
687368068
258530819
829693568
783505174
358044446
340581020
312549856
860669781
408789704
807120678
254828190
702535700
150243208
815897900
923992538
384729400
87561716
946010571
804459424
360608848
90926660
774432128
42648839
310865548
556826894
903513550
524268844
229470423
934672000
639873575
345075148
50276719
755478288
460679855
165881420
308130056
117213604
926297150
735380694
274288128
580843299
887398468
115601350
379553386
643505420
907457452
171409482
435361510
367038708
848463930
486786016
384413915
282041812
911731562
588328040
650129485
711930928
689838060
169346898
985152604
819360468
344874699
870388928
81952420
57667208
156352444
961389038
766425630
571462220
376498808
181535394
986571978
791608560
772306481
753004400
132028935
511053468
477916884
106388488
734860090
363331690
896376686
100517576
721028310
341539042
962049772
582560500
203071226
515220864
675084233
834947600
922456382
481364970
291127658
756625790
222123920
687622048
107080515
526538980
721202506
788402856
605423070
531830578
530829134
529827688
528826240
707549883
886273524
761993750
272570674
673292758
74014840
474736920
176880202
354889780
784081862
114181402
10238170
920280550
799329732
389231990
576407058
454442470
462355932
604104175
745852416
460381821
174911224
236840113
298769000
360697885
422626768
362919580
651722727
940525872
606010362
988006532
829775202
144690940
193576892
336426450
479276006
622125560
337257528
629855214
252468250
516403154
553627378
382753034
918342950
453932864
989522776
228555689
467588600
55321749
643054896
132796820
483900036
625320019
766740000
426035434
85330866
744626296
334981700
310450456
822792681
335134904
847477125
359819344
872161561
384503776
189890570
691015340
138440471
585865600
203303655
820741708
416911714
789898676
626196075
462493472
670587410
973065720
790842005
608618288
169956660
150231691
130506720
98902470
776793862
503126592
229459320
955792046
93732474
712250818
330769160
949287500
851657730
699227876
415783011
132338144
775327236
41475744
307624250
573772754
839921256
106069756
344211806
437850710
933805920
80055041
226304160
372553277
518802392
796722242
621854280
758997857
896141432
454090125
12038816
598410515
184782212
892983300
77114323
261245344
513371811
765498276
711683420
548839266
385995110
223150952
147915722
598100452
149658362
827856080
971792465
115728848
297372090
607543812
31837250
498784780
241860167
984935552
803637005
622338456
961078690
244952600
357726672
246174405
134622136
742967394
375382808
348076085
320769360
120087136
381198819
642310500
903422179
164533856
802627915
440721972
774845440
474913495
174981548
875049599
575117648
353192254
707121706
813870730
226813838
639756944
52700048
978308789
903917528
829526265
755135000
332223120
109238895
886254668
287152544
467359675
647566804
935910208
476561589
17212968
80498014
698059250
678677294
12661168
24125780
35590390
47054998
50382584
39190893
27999200
175602097
323204992
470807885
618410776
538310286
190456170
900921370
24938486
624516076
212255636
860571176
753208080
817198853
881189624
148529650
752888944
542808636
395431094
569970378
153696130
737421880
321147628
449359610
985114472
477297545
969480616
275503810
21279288
338521980
981365431
624208880
267052327
909895772
199761700
781583075
363404448
898460434
156203000
710673844
457874500
205075154
952275806
699608840
717218910
734828978
752439044
956149898
159860750
363571600
713225477
62879352
528159562
665386452
43173467
420960480
728201125
35441768
703987620
238066848
589357715
940648580
291939443
643230304
602137248
175325485
748513720
222577366
334548246
140411800
614864948
478602820
675035628
646137190
506877346
687626174
278758088
485603334
601145966
183157300
22643003
862128704
64400308
834568924
155513938
521431020
390133168
716200215
42267260
368334303
694401344
999848386
305295426
610742464
421632451
232522436
513212590
904047990
100446336
200606801
300767264
854770078
639616650
424463220
209309788
444747250
625227292
734153860
516611732
233131120
995880647
758630172
273796420
821545412
384312380
478323002
572333622
666344240
753640836
787873200
896381253
4889304
929079198
526474754
123870308
721265860
297117788
872969714
448821638
319152460
419127591
519102720
898709723
278316724
627359100
620358039
613356976
746811945
880266912
720905395
561543876
402182355
242820832
83459307
924097780
764736251
605374720
935089311
264803900
120949150
431597686
352073776
731579764
288602076
276440914
28093548
504672784
304828125
104983464
628792578
638160024
737691296
37015435
336339572
661251512
986163450
311075386
324031094
531508428
537246055
542983680
804412885
65842088
912548365
759254640
114591127
469927612
511562552
341804777
172047000
498901693
825756384
220523408
257901679
295279948
515867504
80506503
645145500
542652372
342965960
143279546
943593130
765248910
586904688
408560464
230216238
51872010
305697866
618606734
147053048
155259965
163466880
655537856
718393195
781248532
716416350
491480558
993973260
475140807
956308352
437475895
918643436
399810975
880978512
400876360
122553688
216284130
982800056
305359429
627918800
667801304
944948193
222095080
499241965
776388848
53535729
330682608
983667314
338982200
686033164
425697250
640171444
436692843
233214240
128766098
90816440
600390437
109964432
421849080
810359998
918177874
299211646
143978200
869195540
220486620
488256370
110056412
455082260
299642072
124960190
443902130
415938862
27088752
638238640
249388526
860538410
471688292
500133370
528578446
557023520
572298225
587572928
97314614
856394126
744351220
508427186
957803876
407180564
856557250
215923004
229151500
926006854
84111698
782518454
370430500
641803859
913177216
118107234
39910928
570970730
555338572
485198375
415058176
755339839
95621500
16465854
937310206
858154556
91883256
214375785
336868312
459360837
581853360
390617377
199381392
786860332
84238402
673740772
775183042
852410860
4251232
822344995
640438756
897699506
722757620
28142155
333526688
874150210
287305792
604813795
922321796
223826366
660079790
449208780
1502420
345667467
689832512
719230150
910512230
359319792
808127352
256934910
687671730
315706222
455055632
763462037
71868440
931386273
790904104
282356718
670600074
149755850
959401934
504361368
293913420
96757138
966908124
28091508
417969904
112241181
806512456
152312250
822540460
652311191
482081920
232895892
937314907
641733920
809412600
657444401
505476200
457877020
990847271
523817520
403842325
283867128
950958889
618050648
920220384
787350003
654479620
354583922
737715060
495438603
253162144
23382898
937757064
62669553
187582040
304085948
424315070
730194662
374664520
179959573
985254624
354022396
26815574
592174138
157532700
722891260
963494487
204097712
803868252
767145095
730421936
538199010
249220128
812989875
376759620
572765796
768771970
964778142
391023832
140851892
267647595
394443296
555050324
920468996
723605395
526741792
266618002
563389112
771746917
980104720
433135670
476963486
133502076
220760136
935068301
649376464
730611638
735147934
739684228
744220520
490933992
178444660
403794635
629144608
789057084
592820838
916759730
922843206
614113004
978070756
165874115
353677472
938309962
323817932
386153552
765571967
144990380
816834800
338235101
859635400
525394036
583467940
539119683
494771424
116758313
738745200
462656967
186568732
374361260
119930815
865500368
60259210
871024956
140648020
482550155
824452288
41641385
258830480
431589752
743772465
55955176
368137885
680320592
366800572
190363702
845254282
158917602
472580920
786244236
545750210
815247428
331342890
207344472
881252965
555161456
363931104
425200531
486469956
791627890
993253300
194878708
396504114
595409700
891048259
186686816
241525284
838430643
435336000
372760927
310185852
56842810
986060280
915277748
844495214
920881926
997268636
73655344
335404653
597153960
175140522
358357620
375280982
392204342
409127700
547834882
732350620
554932783
377514944
23742800
532045429
40348056
164876770
467895928
770915084
73934238
206953414
236482200
308960389
381438576
462304680
921863588
701327200
854377221
7427240
610588678
965442254
249414756
853136454
456858150
60579844
214806403
369032960
650877661
932722360
483107553
33492744
718403258
836561260
994614488
468886454
350998150
233109844
115221536
846228805
577236072
22642550
905151478
666017320
685672997
705328672
493602020
944629715
395657408
542869435
690081460
718815636
143439051
568062464
725499951
882937436
243706790
604476142
965245492
965690882
222318460
68499772
42829495
17159216
266936980
104162756
912594540
511203846
544910674
30568438
516226200
1883960
860036846
718189730
576342612
6288635
436234656
48069070
659903482
271737892
883572300
495406706
308280556
228630775
148980992
64660377
980339760
883404855
786469948
628453300
291203168
522980755
754758340
986535923
218313504
188756506
584790660
487862466
725899596
217915016
562468500
70823803
579179104
921548406
469990030
498724788
522120059
545515328
96503604
164808508
154116074
304340000
377711874
870887008
94150784
317414558
540678330
867618866
961706434
869984818
546593210
829835806
361333904
406836553
452339200
34597722
944741380
267349282
380768412
341708335
302648256
917184504
531720750
146256994
921210838
744059204
26226275
308393344
482649550
35720754
588791956
141863156
609846456
45704281
481562104
917419925
353277744
481385848
679280910
877175970
75071028
31712590
988354150
944995708
174784959
404574208
719363879
34153548
703296154
61363000
602824564
678011700
706095464
734996513
763897560
808066416
852235270
896404122
977925210
637559078
705122660
160746798
790532054
409371056
156908956
659503406
315936590
954425100
665406820
376388538
87370254
925036456
717585850
510135242
302684632
904482240
825563051
746643860
202289708
541728390
172291282
909259830
121118308
332976784
544835258
837512900
94424338
351335774
608247208
230690165
853133120
152329076
777876011
403422944
28969875
654516804
280063731
905610656
941742156
969754106
714126600
458499092
202871582
947244070
691616556
529542260
791437243
53332224
482008443
910684660
598850956
287017250
975183542
266923060
578139802
314999152
150136180
858998812
536527970
214057126
891586280
253910810
739085852
224260892
709435930
560049000
701406637
842764272
345545292
848326310
351107326
966702236
191622976
350554739
509486500
207115904
904745306
602374706
187516450
772658192
357799932
685720582
13641230
341561876
896138539
450715200
509236209
567757216
659483075
751208932
422002570
507260808
766462994
893846800
953104129
12361456
533120970
775762428
997731300
198457548
731195119
263932688
558989314
165513200
362122039
558730876
828999880
99268882
369537882
348601550
327665216
306728880
984119045
661509208
375920954
90332698
804744440
464070876
657569030
851067182
44565332
957606042
97592272
629991270
267098790
327468592
841285577
355102560
579275218
803447874
27620528
669984519
312348508
371643824
877518125
383392424
889266721
395141016
652742796
591356815
529970832
618904097
707837360
578201957
448566552
558682822
441781150
324879476
207977800
305607345
403236888
764212424
87022400
242999629
398976856
466109950
533243042
600376132
312881802
582290472
204102830
125502378
307188890
488875400
670561908
852248414
33934918
66751640
967106941
867462240
585533768
480357289
375180808
270004325
164827840
317472495
470117148
332741514
336657776
340574036
344490294
348406550
352322804
966322250
854154584
730275725
606396864
191118323
775839780
861522286
491007094
979036608
234554959
490073308
390426250
385790256
970735640
731974841
493214040
157838205
822462368
408641235
994820100
59946052
636582067
213218080
77742277
942266472
289858292
652599332
346656932
933660692
484369072
35077450
585785826
136494200
687202572
8888655
330574736
642655740
954736742
266817742
293513412
320209080
346904746
601562916
371779146
687369960
918681161
149992360
317474146
676661416
113746790
239431518
116557964
157259988
691883659
226507328
522364479
818221628
523240834
489931700
802510734
372250358
484020384
555443891
626867396
892982580
361528536
472040926
773116770
74192612
375268452
179635652
797120412
367063442
616949900
503996232
166838945
829681656
99742104
489210138
202169644
221536968
377024545
532512120
901863736
669755201
437646664
488023708
346074855
204126000
332951910
60265862
749724832
301099547
852474260
403848971
955223680
609107236
86737640
528208065
969678488
95724144
403948958
27995610
279887426
285570314
547885718
197991340
955257348
985473715
15690080
111092436
448277540
785911876
123546210
461180542
435338600
638187730
625066576
545696389
466326200
364654914
482893288
107822969
732752648
897809625
62866600
617091530
714941092
405340067
95739040
786138011
476536980
104684848
154161365
203637880
533942370
807791192
358336360
432667028
882994299
333321568
602812814
848149426
691999710
556288808
934146490
200898636
156703200
44757603
932812004
357530756
867168204
467519343
67870480
695620338
323370194
951120048
673109640
173979653
674849664
964988483
255127300
501735632
973720377
445705120
917689861
389674600
750289750
179842886
609396020
38949152
892565235
746181316
166953834
365269048
354492629
343716208
960385280
433185403
905985524
552198150
694929594
405545578
539354094
163259400
354240969
545222536
482988894
775905618
570431070
763827976
452794789
141761600
830728409
519695216
548715335
577735452
961318940
391257543
821196144
869415088
298699429
727983768
752975674
886171100
522967324
346155850
620133264
981888273
343643280
474053386
938323644
799717236
922935675
46154112
458033667
869913220
281792771
693672320
698094037
702515752
417472452
701616712
472537460
243458206
14378950
949024408
514717309
80410208
59997000
373218952
688560520
187488808
467499325
747509840
486850086
144084294
47829568
149958545
252087520
103664686
130478626
157292564
184106500
899564179
615021856
330479531
45937204
307767458
246885420
22679088
939172389
855665688
897242694
817957086
578166060
267477196
686840550
991779138
334762254
387281456
175596345
963911232
382179250
639534408
364654285
89774160
645218692
498502800
819515727
140528652
461541575
782554496
115367991
448181484
959202298
903940840
883928582
901572622
465694980
358356835
251018688
143680539
36342388
203874660
601764468
625263880
540027772
87581470
371538678
533878000
142957961
752037920
882349395
12660868
729359594
446058318
162757040
99646663
36536284
717325000
482407169
247489336
479406040
301839650
803066392
185824080
631911007
77997932
561677400
485777297
409877192
603622282
40847012
101914122
355265160
427575645
499886128
427311300
115517248
112967355
110417460
129780302
180737302
288766960
978530167
668293372
673584240
832611826
45222136
917720325
790218512
758853672
307943385
857033096
761122216
972255305
183388392
807131992
75959042
501205480
561681657
622157832
203935142
301477022
399018900
496560776
158638161
820715544
482792925
144870304
702521883
260173460
492225026
514702364
52579476
816079864
704279833
592479800
480679765
368879728
922627344
819055183
715483020
76482432
980659755
884837076
139209686
370963890
602718092
834472292
165250332
339302802
272501772
486665192
700828610
914992026
791455614
768451168
745446720
722442270
288467562
226535242
5679150
515471240
510807557
506143872
984692572
185728007
386763440
587798871
788834300
312874180
561494980
573982707
586470432
530478997
474487560
224036232
465609525
707182816
18445260
314172826
910695736
106275445
301855152
194281512
24518132
517537572
10557010
503576446
606822616
871918605
137014592
696508392
999376092
481942855
964509616
240815870
528032298
469767114
536887726
762954440
62530070
362105698
661681324
961256948
260832570
990722912
15873145
41023376
66173605
91323832
424309065
757294296
90279525
423264752
230577600
386506987
542436372
246962942
852349982
161291012
769763822
623980310
151048720
32616655
914184588
154649884
395115178
635580470
355175772
31887880
664708468
720938660
777168850
833399038
298354200
904511917
510669632
561108760
81048865
600988968
850400100
609958288
905266029
200573768
179284930
330755096
730719349
130683600
479124064
780641301
82158536
534204976
262895605
991586232
861266362
806776060
96501652
382325720
210552158
356091554
891713606
585229340
887131816
943720721
309624
56898525
113487424
405822975
698158524
589427618
525264804
960237298
99344660
238452020
377559378
290355284
984765398
577908274
366355350
244330164
882580250
71715504
855464633
639213760
524688062
412653530
747092898
81532264
415971628
864104575
312237520
598130521
884023520
764629411
645235300
80150468
911940380
743730290
575520198
448312940
451000068
339627620
613607588
733514499
853421408
879208715
904996020
349557376
937638439
525719500
226443294
390171718
598768984
534583573
470398160
952169887
433941612
702556340
158354352
608084285
57814216
726341034
947928148
333369115
718810080
460825381
202840680
634818596
745166099
855513600
760071759
664629916
426645710
927127038
416314564
733345758
803436254
661631300
991929054
322226806
652524556
948094956
243665354
539235750
527814484
478926850
680831324
363048900
310569124
905312500
735451624
565590746
395729866
225868984
56008100
989355984
574013016
347157025
120301032
468504020
863709692
945130810
758032888
842656604
240032775
637408944
46225653
455042360
107889658
115342300
122794940
130247578
496031880
843363746
190695610
538027472
869314565
200601656
209667081
218732504
938108256
657484006
376859754
983922658
782204170
170845046
344165724
388826543
433487360
984654963
535822564
86990163
638157760
189325355
740492948
180080574
227882046
407798100
232853706
893504056
720074325
546644592
452419912
611788792
571316225
530843656
270293356
159390175
48486992
867621040
315434266
18952884
92892566
466758450
327483478
105430164
689571851
273713536
895590676
267875995
640161312
289966385
939771456
257357905
574944352
785300515
995656676
10370036
311724776
299875880
527248860
754621838
981994814
777744676
39746355
301748032
187882190
43963250
298031742
77121912
21095392
965068870
909042346
853015820
796989292
201870815
606752336
622446650
638140962
653835272
315654577
977473880
661016693
344559504
28102313
711645120
758682842
692734340
728910402
531259532
903152312
275045090
646937866
606973046
635168220
883104936
62555576
815831761
569107944
279207673
989307400
84140518
178973634
273806748
466747764
441913968
275029725
108145480
728214820
780393760
132084915
483776068
401455914
343964376
286472836
228981294
167572598
571542400
142875601
714208800
238571998
478146794
552720586
499580270
792155688
961027425
129899160
267499637
405100112
580229567
755359020
55582180
193930140
231685810
269441478
307197144
344952808
382708470
420464130
458219788
782167495
106115200
378228807
650342412
6678722
125405892
857882762
248593320
639303876
30014430
774313950
244352196
714390440
184428682
115224772
76808642
623816332
529751687
435687040
341622391
247557740
153493087
59428432
948069802
451842540
375045992
862432672
274245995
686059316
331417384
776326928
530004229
283681528
222965234
317497200
412029164
506561126
601093086
695625044
790157000
884688954
681735148
129897784
737542793
345187800
952832805
560477808
357267264
676133401
994999536
921754750
284213418
763604874
99624846
435644816
771664784
132323253
492981720
58607922
112014960
228336407
344657852
67570072
887824830
933976178
980127524
26278868
967936544
901327433
834718320
712481671
590245020
851262508
126042879
400823248
690876474
490076100
460741074
179457668
5584179
831710688
122083384
501415441
880747496
538704940
294651386
918955944
56688761
194421576
155481486
18614170
215385970
344182786
472979600
601776412
726996647
852216880
187631082
841912812
938356392
379175217
819994040
260812861
701631680
71869817
442107952
194689330
575820568
174287744
767526523
360765300
967179862
573594422
180008980
102806603
25604224
226183721
426763216
963232860
499702502
36172142
631297940
582642795
533987648
817223985
100460320
459088955
817717588
957543184
502146988
979200354
663170900
347141444
31111986
763984980
912196923
60408864
6339078
952269290
898199500
520190960
848000941
175810920
373344410
39368156
292159100
544950042
797740982
462192460
818585372
168803770
61705240
443740517
825775792
887962512
9354607
130746700
660795408
905254449
149713488
105894480
735276180
284218907
833161632
111424180
301064892
490705602
680346310
767286780
999622480
594353368
971473385
348593400
856622580
638626580
204114400
778837221
353560040
224879270
828454526
466073436
804634576
451868585
99102592
694241890
56744720
419247548
781750374
92868146
508159750
735270988
887757479
40243968
523019949
5795928
655107354
304418778
953730200
603041620
252353038
322796630
349594192
376391752
403189310
399739618
364317830
279213052
670967440
421028367
171089292
389515480
397473878
395784694
383603336
371421976
359240614
830476398
520747220
216579578
701719200
186858820
671998438
189015130
996417242
997905830
194225188
971180350
924258446
29998524
341270623
652542720
522371043
392199364
262027683
131856000
633986631
136117260
21615518
733230534
626769816
384645860
867292275
349938688
798678679
247418668
386622230
285891146
185160060
84428972
193397695
302366416
376279930
450193442
524106952
335737837
147368720
102532420
338064640
383912875
429761108
31829510
633897910
235966308
695289075
154611840
200850357
247088872
841534172
821688182
801842190
781996196
762150200
742304202
862849492
795327262
805312462
897797692
108382152
660880877
213379600
231203858
249028114
266852368
173877889
80903408
987928925
894954440
644693981
394433520
144173057
893912592
643652125
393391656
860714981
328038304
982216093
636393880
442739721
249085560
110772373
972459184
644565916
816841575
989117232
747699645
506282056
730462429
954642800
756511319
558379836
838870760
238229553
637588344
855494400
1104219
146714036
865332230
516267898
424988874
45855646
189301600
640225931
91150260
980712970
253695416
462946485
672197552
402431815
132666076
249000664
34171601
819342536
39984426
689264020
796377166
161602934
467554208
410733979
353913748
312210754
764773500
494985404
645823250
870497964
172945600
983673339
794401076
475950270
869095518
170409444
269444438
656892354
44340268
431788180
218302248
259694064
907936725
556179384
135394218
435188644
811072298
580510200
157398732
561463890
479245308
397026724
314808138
205196520
335281993
465367464
595452933
725538400
742562532
506725560
585464698
51643804
52236268
52828730
53421190
968193716
269268330
570342942
871417552
837765225
804112896
918907466
33702034
148496600
794863624
441230646
87597666
16712910
193134000
939753057
686372112
451230852
952184195
453137536
670995735
888853932
106712127
324570320
381691193
438812064
863756051
288700036
793939130
632092880
564579318
767917054
971254788
174592520
660899533
147206544
787116175
427025804
40492868
911420884
749397888
939872139
130346388
320820635
511294880
982833430
454371978
925910524
239475108
100586044
946742938
179228040
207058562
234889082
262719600
645943447
29167292
522805160
156344357
789883552
488787267
187690980
201973100
279694950
137197986
203233726
510820040
818406352
125992662
828922702
778661492
728400280
678139066
627877850
577616632
527355412
477094190
148511110
377314632
277906517
178498400
701174588
443744870
186315150
928885428
312132930
319924572
327716212
335507850
343299486
351091120
183878471
16665820
962402600
13722312
609958192
778055005
946151816
606527740
245028606
321730054
874982808
837806149
800629488
589375929
378122368
166868805
955615240
826853422
716202442
568336810
309323710
809656592
333936975
858217356
159073004
886931743
614790480
133581677
652372872
806379812
122277907
438176000
754074091
69972180
705710470
479158106
777038906
248293270
719547632
190801992
571057097
951312200
930695600
998898997
67102392
258227482
667836812
735047
333633280
557325687
781018092
417612850
285407340
499841520
43392295
586943068
942626020
951084588
381350550
781525642
851697410
626951738
494915790
389571592
284227392
178883190
47558638
324591460
107325158
240252794
289838186
780874030
958878248
136882464
314886678
268861374
222836068
176810760
503269772
506060687
508851600
707356372
905861142
104365910
920109560
545235816
170362070
795488322
71911710
137843928
203776144
269708358
335640570
401572780
306658440
180965441
55272440
835954280
40587092
245219902
449852710
654485516
859118320
584225802
890034780
932763212
558550070
55611098
172476810
967580062
838472480
854339158
156083230
894576732
17307440
722802766
791098146
756341270
101153700
748311150
395468598
42626044
698232768
616143909
534055048
451966185
369877320
9048441
648219560
459090106
269960650
80831192
427990885
775150576
122310265
469469952
764881975
60293996
741795366
150136770
989488910
828841048
668193184
331531700
814812939
298094176
75430130
889889800
837510042
623987260
883942052
702272700
670223162
675586872
650836372
187932
349539490
698891046
48242600
397594152
252792220
843845542
434898862
25952180
432730722
850544332
527119432
984749997
442380560
532774703
623168844
891523636
159878426
428233214
508726048
441603345
374480640
626181046
822554766
561788660
713499675
865210688
63608780
755089658
127840264
500590868
873341470
246092070
618842668
97081140
6844048
395097935
783351820
171605703
559859584
300175683
40491780
780807875
521123968
565188369
609252768
898552195
187851620
867035786
546219950
225404112
904588272
583772430
492433410
584901702
407411452
744416912
123124477
501832040
611595490
7296552
386785757
766274960
319296908
322362575
325428240
458968120
338175601
217383080
281861900
672357010
866605212
160170500
963574772
334477640
705380506
76283370
633817678
656750584
98357600
413481699
728605796
43729891
358853984
769632363
180410740
892232592
604054442
315876290
27698136
739519980
451341822
163163662
874985500
586807336
493327976
396986340
931351536
208409650
43274200
353377461
663480720
603874320
15682575
427490828
916130720
79805745
243480768
872862795
502244820
912024862
307092942
884983100
681236232
130724852
350075972
582829612
183871807
784914000
358501422
932088842
505676260
592380602
145024752
127019580
115876662
299678602
770326370
763143850
274539782
60212132
406502142
819442222
5502412
57712807
109923200
554388995
998854788
57808880
779318930
415152232
757953310
330606290
919437662
818863112
283893822
696565410
109236996
521908580
525857636
629969540
318496076
722757039
127018000
28071714
958580128
739700035
520819940
91084812
382175630
965360398
548545164
131729928
424841284
753693448
216624300
19441087
822257872
379718872
946111337
512503800
612210772
719572940
576155182
632033022
915145380
511790662
351500810
354130898
20995970
685528562
679994970
1628398
811245560
724852416
963290959
201729500
867406194
533082886
198759576
864436264
530112950
455866134
604572408
550584909
496597408
712922384
807722325
902522264
923197138
880084384
912922750
945761114
978599476
11437836
44276194
139883188
309724014
528146950
404363464
876481813
348600160
152679516
193800270
234921022
276041772
396725612
118511182
840296750
562082316
758987140
374047076
291146980
971032803
650918624
427569433
204220240
347408156
296944430
933695438
576036684
106450708
636864730
167278750
524211696
886130041
248048384
609966725
971885064
229624000
213096139
196568276
58764190
230781838
298630044
366478248
434326450
431929312
749723835
67518356
935845706
788869560
553101845
317334128
374890984
474213100
16672234
16107568
37197545
58287520
479586128
600605044
391938411
183271776
40586275
897900772
249853652
454320032
258294875
62269716
866244555
670219392
123048587
575877780
529655940
154918300
608505170
62092038
515678904
318160733
120642560
197744575
274846588
453976454
324699106
822375870
695845128
238652990
4150946
375087974
536932588
959274244
842381668
27970595
213559520
799127892
384696262
970264630
555832996
141401360
213555425
285709488
895016645
504323800
21725150
539126498
56527844
396176418
202477884
86439148
36973054
379509750
285317584
207300473
129283360
528432746
604323324
394900383
185477440
646280553
107083664
358539375
609995084
277831248
655331839
32832428
558449200
937212910
906322066
450331246
841245040
517497752
78775730
800171120
42381617
284592112
168722962
636839592
923000317
209161040
495321761
781482480
67643197
353803912
101089082
183141292
495702472
819260065
142817656
139150456
651509110
260552518
770802384
677005663
583208940
682135876
523249939
364364000
281834504
427225925
572617344
23060375
473503404
923946431
374389456
762163245
149937032
59641860
814912483
570183104
126274458
517702820
932473338
546920080
235839183
924758284
525709700
208406884
8918500
728395684
419093123
109790560
796195632
852099922
908004210
963908496
291546575
619184652
184862900
835578512
420004785
4431056
198011225
391591392
864339235
337087076
809834915
282582752
530558500
662208435
793858368
925508299
57158228
638307310
959530086
181437944
852789368
222486049
592182728
200005185
807827640
74653840
341480038
608306234
125512266
151701150
699967328
762803835
825640340
419806376
882086805
344367232
806647657
268928080
2050558
372576330
65768282
428222390
641165708
352982860
64800010
776617158
886255844
182316078
860187094
258804400
77476649
896148896
544212210
345698248
84155010
92653496
791128645
489603792
301257610
120371260
891583380
583483371
275383360
452957133
630530904
620020681
609510456
599000229
588490000
577979769
567469536
81749026
661381200
96182145
530983088
538353274
621977796
792581074
17398148
21179594
639193800
624314769
609435736
428185644
553512063
678838480
789927408
498775045
207622680
382940241
558257800
787704065
17150328
33449320
873273773
713098224
670209975
627321724
180276648
940510629
700744608
628784099
556823588
401612924
585546775
769480624
373160000
4863499
636566996
821672590
152733078
795278704
570582281
345885856
641599170
105578880
302189075
498799268
626088790
747702402
424446910
994694568
667274
713660100
441940674
486132748
897439704
101302193
305164680
509027165
712889648
76478084
225661168
393510269
561359368
331799034
102238698
872678360
427392032
796381272
377976617
959571960
733326485
507081008
799847284
173540075
547232864
27204325
507175784
923361700
462180384
835973875
209767364
583560851
957354336
507157976
220029961
932901944
662804236
10450255
358096272
997309025
636521776
228015686
469998550
483461800
775137061
66812320
358487577
650162832
147799817
645436800
925274055
205111308
581422514
742363276
768403975
794444672
101188097
407931520
714674941
21418360
328161777
634905192
917401977
199898760
166148342
682273750
506337688
52358644
828913268
441269595
53625920
577110075
100594228
154968420
631722548
603553400
257080393
910607384
716266248
287101384
693666041
100230696
545807200
895593123
245379044
296978836
443412944
530284653
617156360
187901522
527892720
807125553
86358384
944449266
810443640
117338693
424233744
325477000
664987584
272267823
879548060
401041762
97495780
200145122
237127132
226932815
216738496
414268324
316237896
540715860
879623036
218530210
557437382
479351260
222131192
207032025
191932856
634981460
533037196
656725470
780413742
904102012
781721432
887915697
994109960
317816162
955121480
991708897
28296312
546487512
20054065
493620616
159345796
470486616
274939230
129447458
461265414
436302076
475699664
691515200
243654659
795794116
665361800
534929482
404497162
26276910
211158600
127338105
43517608
752398810
574577532
618812820
663048106
707283390
471306000
621836495
772366988
282871980
336696958
845527414
563778576
273837285
983895992
714848050
265823888
912311425
558798960
624041962
640661932
314809272
727013410
139217546
551421680
94227831
637033980
812045240
946807602
971919760
516852687
61785612
496099892
663917552
831735210
999552866
378244234
657154998
975740540
951037728
926334914
901632098
876929280
852226460
428653950
949032806
673552456
14584750
614384458
772851434
569219166
901671520
503047195
104422868
853406520
124489977
395573432
824298420
253023406
681748390
482477400
364492245
246507088
194341165
142175240
38455220
149811060
925146331
700481600
666658762
678782572
326989672
127495200
983982881
840470560
500789443
161108324
955417850
280872784
693706453
106540120
519373785
932207448
491427020
895245618
919576844
287769288
514300
266208958
531903614
797598268
63292920
328987570
1848336
870130735
738413132
492661860
246910586
1159310
518498728
180424250
754827916
115633360
824652831
533672300
678291008
414990555
151690100
888389643
625089184
814310741
3532296
655196616
235548421
815900224
396252025
976603824
534676878
92749930
650822980
629827010
262506252
886562200
844007993
801453784
71012316
342580134
305049138
439653830
313696556
187739280
61782002
612284120
622644840
443517321
264389800
306210280
315972372
423001275
530030176
67526685
605023192
32354450
459685706
887016960
665678291
444339620
223000947
1662272
780323595
558984916
23241196
405220575
787199952
131950990
503136418
86348950
173194852
671104510
281976430
311246572
187735020
633540782
519137502
787323540
481308442
431402320
494188526
824827314
588638078
352448840
116259600
256939368
421418845
585898320
144256325
702614328
661156370
350751456
116197129
881642800
605661894
650263958
37750024
961863125
885976224
308772908
218172754
858793756
50946415
243099072
435251727
627404380
967165018
124413960
281662900
438911838
596160774
753409708
979565044
991591675
3618304
807529543
611440780
109192246
606943710
104695172
602446632
100198090
540665508
608740810
675511976
274364589
873217200
303577564
280625863
257674160
269934541
282194920
403941176
666081214
816270098
929602270
62743816
195885360
329026902
548548590
964211268
783846275
603481280
236906117
870330952
646723832
385280982
65428950
745576916
425724880
149871993
874019104
239831563
605644020
684191336
762738650
841285962
919833272
998380580
496222832
300378685
104534536
327641901
550749264
699446798
410266594
538618550
648678644
905614250
401154984
883071213
364987440
846903665
328819888
538069719
747319548
956569375
165819200
984038466
385815584
984046323
582277060
764072196
222919820
13781775
804643728
59549930
178508172
665773440
841447205
17120968
469040110
920959250
372878388
556269470
560623086
888116044
702494823
516873600
825310096
141977849
458645600
740148499
21651396
286140380
720950306
155760230
590570152
674023345
757476536
677342680
475680305
274017928
349995844
753035848
229398260
283362187
337326112
534790172
186045735
837301296
262732850
895636888
404804205
913971520
30061267
146151012
927208062
763760942
574086092
486910932
79713035
672515136
265317235
858119332
427299742
757448670
513640580
408275790
84532966
880540696
287772660
204746356
944652600
922280441
899908280
256964245
614020208
400193680
930797177
461400672
861684227
261967780
732073170
202178558
672283944
639628353
606972760
998081108
692947180
755019638
817092094
879164548
131570275
383976000
553924930
723873858
893822784
720852043
547881300
296691852
660374110
24056366
387738620
184577656
238897706
293217754
347537800
742049154
125356408
126811380
819238228
10597360
201956490
393315618
618199050
989048502
691288700
76039743
460790784
725133263
989475740
890694526
879399014
449941448
723528009
997114568
339315014
948501326
129266660
971993683
814720704
240772925
666825144
296781750
649269734
900533088
385398505
870263920
659125022
447986122
236847220
196454582
156061942
115669300
155139482
454183920
174312625
894441328
71442610
411539736
584781269
758022800
851029504
617543631
384057756
971664870
674168530
842820566
561946996
665730666
296025800
448047338
778510900
452648267
126785632
981665485
836545336
639321150
183198418
240115774
838531896
436948016
35364134
974487078
913610020
852732960
939229611
25726260
112222907
198719552
480606015
762492476
880711986
394374300
45552676
299398460
553244242
807090022
979694812
1255512
47590422
494399510
65087320
544997757
24908192
153996472
756029670
283175278
810320884
337466488
849897929
362329368
513017384
396526700
839969034
283411366
726853696
977974291
229094884
480215475
731336064
355156250
64730404
714845603
364960800
754130208
811339885
868549560
622404342
449831622
277258900
104686176
814042435
523398692
482075922
669412740
506237962
343063182
179888400
16713616
853538830
435937058
555107414
674277768
793448120
877042446
666379466
556127690
491161230
938996856
413324304
887651750
361979194
284244618
115580734
271655600
12708359
753761116
547541960
340936460
719463730
497013196
274562660
52112122
617458512
917129237
216799960
191781873
166763784
536242018
822153544
108065068
393976590
239277166
566617084
921900216
838275090
696598880
911861595
127124308
435846490
744568670
53290848
946934820
844877768
517491325
190104880
963455256
199313506
505531320
523529221
541527120
56835583
572144044
342417300
252791979
163166656
41963025
920759392
799555757
678352120
521559110
250780222
730626012
676763632
571714317
466665000
257904090
341051132
549475380
852131392
929995195
7858996
550310574
828575718
106840860
385106000
743802361
102498720
394476563
686454404
557702650
443845424
329988196
216130966
560239650
34368590
875582256
949300529
23018800
780766094
490736898
200707700
910678500
993656980
136344720
28502897
920661072
545880457
171099840
527197275
883294708
148318910
413343110
678367308
179500780
125871391
72242000
37854026
587091036
994571535
402052032
223038030
759322930
779049182
292079912
889468602
238844620
14895975
790947328
827268879
863590428
503564734
67178950
836240184
48541168
260842150
473143130
375359642
918599942
374484180
409775682
401534140
770037292
844417230
553213838
750825420
266294708
269735579
273176448
266309335
259442220
252575103
245707984
238840863
231973740
711365076
245337400
535328441
825319480
773809076
764898820
755988562
747078302
448970920
712612725
976254528
433466420
674724348
242858650
439437512
862750365
286063216
709376065
132688912
113634225
94579536
75524845
56470152
647130162
642834880
643634627
644434372
645234115
646033856
653728050
569565960
485403868
401241774
683142350
965042924
246943496
687326749
127710000
939754599
751799196
341527440
907136812
745014850
178314980
358445570
563399756
189082760
921035393
652988024
357186600
871545164
540280623
209016080
683980828
783845550
883710270
983574988
183035300
180876908
722243430
359976482
997709532
635442580
880124792
451801250
228826040
358413036
788272250
939141800
35369902
558523050
770177818
776161590
579466252
81744135
584022016
212719245
841416472
761101810
940962128
190078454
439194778
688311100
353434047
18556992
683679935
348802876
762493914
631598568
890669165
149739760
928311596
368137250
780342388
344855230
665450142
986045052
306639960
43614393
780588824
802429996
824271166
846112334
663740828
151687504
219413081
287138656
290250654
293362650
296474644
366931003
437387360
299503258
161619154
23735048
525314714
685727676
523946564
925963876
734912675
543861472
153351572
373329812
891488075
409646336
330031615
250416892
975962670
869441838
877593980
436694808
207545689
978396568
846422940
976434198
402247290
836768762
497259350
713964348
595236255
476508160
206125073
935741984
451698843
967655700
159318336
111960351
64602364
479870698
565399520
650928340
736457158
35010874
695866346
549451310
522558248
101740629
680923008
155772020
450773388
479680190
508586990
537493788
615346320
118334881
621323440
124311997
627300552
82805482
218579252
102508747
986438240
37633662
91572250
175223298
330412330
134733862
939055392
743376920
98991713
454606504
39321956
720041104
974770900
499031604
972409800
982011444
768418923
554826400
341233875
127641348
584058394
40475438
496892480
842684351
188476220
372785090
987765396
755639830
322184018
970670054
25340956
80011856
134682754
122873968
460383409
797892848
340339815
882786780
401394756
920002730
438610702
192683672
59258125
925832576
338195736
502529185
666862632
165333092
747175795
329018496
637516535
946014572
761123370
490397328
531313615
572229900
666444516
308780540
220000343
131220144
809284048
487347950
165411850
224858122
195409902
62343080
803111258
780011964
756912668
733813370
710714070
687614768
678151809
668688848
368223199
67757548
767291895
466826240
913038975
359251708
716484710
73717710
430950708
940892130
768875916
590937240
586072505
581207768
746984604
629474838
916393594
751200250
551298134
216736188
960041264
954806701
949572136
193180650
436789162
680397672
671219590
606243278
952980580
435792198
711001674
986211148
261420620
749241318
263580994
61609486
542341040
571110471
599879900
268003080
203726205
139449328
337218615
534987900
593687992
907440265
221192536
534944805
848697072
184096800
160564707
137032612
553455322
118044192
826279202
488557712
436018977
383480240
330941501
278402760
346878116
940437120
277017367
613597612
950177855
286758096
263073720
239389342
215704962
192020580
168336196
231097340
21516586
556292544
91068500
625844454
172365098
718885740
265406380
96932031
928457680
960751165
993044648
242252709
491460768
344755629
198050488
733826974
917639650
101452324
285264996
410840324
510722796
370245855
229768912
492558790
100608310
357942232
188821525
19700816
293603885
567506952
150715700
855449812
17361040
179272266
341183490
299303418
32692014
908043576
358363800
808684022
259004242
709324460
159644676
368515300
805895236
455889340
780984346
903686216
385345885
867005552
448452852
296902012
71363642
858353400
53895557
249437712
45280335
841122956
635187356
324505735
13824112
647584600
877824170
699259396
936195410
205186948
140729779
76272608
315393624
343330625
371267624
701989108
368434404
235680931
102927456
239858481
376789504
217446043
58102580
522812902
843932170
182020018
706120370
678283402
84590630
628195668
216354050
804512430
392670808
98738885
804806960
552286567
299766172
462397112
141082930
819768746
498454560
960055673
421656784
896973750
623665054
965076348
306487640
647898930
989310218
330721504
306402523
282083540
257764555
233445568
788678600
172737973
556797344
633816643
710835940
18952716
694017550
188406990
749315756
157198231
565080704
23878123
482675540
721786612
830126200
251587938
673049674
94511408
503855079
913198748
604235760
172449757
740663752
806613597
872563440
798265137
723966832
52079122
754077480
180961085
607844688
973055340
338265990
703476638
189619660
39766567
889913472
370473492
851033510
331593526
812153540
292713552
222116777
151520000
80923221
10326440
680678670
927156026
372997186
741122730
715595430
783651636
954764970
686880488
852703625
18526760
184349893
350173024
105555396
156755024
406928873
657102720
320321291
983539860
891412438
799285014
707157588
313620459
920083328
834331964
748580598
662829230
840166212
485563790
130961366
776358940
841961656
470889906
159796560
784756982
79398142
691040620
665560732
867395975
69231216
599299209
129367200
76704609
24042016
176891259
329740500
482589739
635438976
87710839
539982700
128613914
647920088
152699469
657478848
659144940
757563231
855981520
100361153
344740784
589120413
833500040
346030826
382978164
462815723
542653280
622490835
702328388
364974940
441753767
518532592
765005052
235734182
706463310
177192436
681318770
351692420
610838250
86895032
17891157
948887280
300320808
747908505
195496200
643083893
90671584
61923163
33174740
193767976
426000336
402295025
378589712
262570415
146551116
880208184
409415858
340687184
656842463
972997740
464415292
3969250
940465540
508186170
125800976
102117361
78433744
901609898
983233900
64857900
146481898
27365744
947945943
868526140
549391016
230255890
911120762
192702750
215792848
403591954
231062856
611941005
992819152
373697297
754575440
379299903
4024364
628748823
253473280
878197735
502922188
183855190
761463242
524550370
854660138
916847430
979034720
41222008
866580465
691938920
517297373
342655824
20319493
697983160
502695298
821525320
984355586
729353976
429019685
128685392
632851272
191368792
439955985
688543176
751493636
814444094
877394550
286183504
245205433
204227360
692993226
181759090
670524952
953797152
243511677
533226200
974240310
787061062
378098832
969136600
560174366
724948034
45844438
683311780
320779120
958246458
731018404
444402778
933401184
942512825
951624464
985405158
560745254
965314800
900954679
836594556
239610480
516344391
793078300
913013140
32947978
152882814
272817648
392752480
415855661
438958840
876781958
314605074
752428188
993241604
234055018
474868430
505447352
941077992
956874317
972670640
731590663
490510684
372014416
128661465
885308512
717531702
656836142
672874052
658811982
522866470
197064760
326469565
455874368
585279169
714683968
844088765
973493560
475564321
977635080
479705837
981776592
607548692
137675332
764941452
570149647
375357840
534535562
46725500
837778372
194113427
550448480
650233243
750018004
143144856
536271706
929398554
312430918
376884980
757687898
431592400
517583743
603575084
14595100
456153799
897712496
590589225
283465952
827098037
370730120
890533352
80228532
412299092
433769195
455239296
314988699
174738100
791569964
130563750
295717954
869609678
639184784
193154678
414275454
913107500
979173804
511123550
701791494
146511608
4622349
862733088
239187110
648840342
296519400
902429930
508340458
114250984
502845325
891439664
757014988
622590310
488165630
263509596
920127120
185407631
450688140
715968647
981249152
575691207
170133260
890957890
598577412
511518330
245646448
817466775
389287100
396458536
470598344
839584261
208570176
473481515
738392852
656620860
65039562
55427632
11124680
708611720
44996872
864138005
683279136
328243795
973208452
799977780
778105112
858376945
938648776
801676730
281926700
145669160
175548696
809592049
443635400
498864244
453707300
336786179
219865056
839652100
220892896
373583749
526274600
678965449
831656296
180181274
551007388
126532044
451685718
404298570
460677026
649010314
563465078
161268700
263600808
305594424
419460446
951428610
167482998
675650804
730015931
784381056
549378456
334126945
118875432
315749252
637465592
91662370
806733688
640215205
473696720
842329192
210961662
579594130
167693790
769310472
685252517
601194560
517136601
433078640
349020677
264962712
453201130
7855140
706251747
404648352
95985857
787323360
420853747
54384132
687914515
321444896
822611525
323778152
820205940
178857412
533454387
888051360
897723990
706900126
220167836
891882976
290392355
688901732
343653540
534827092
942562880
517046015
91529148
986033434
147811016
420550330
989327020
43556360
97785698
152015034
138385966
50083960
842958013
635832064
428706113
221580160
609452487
997324812
583661842
161632092
980133332
667797835
355462336
669447875
983433412
867737240
225368497
582999752
718628762
560397180
29189215
497981248
854718385
211455520
305916768
511783235
717649700
378196356
581400140
784469566
729633846
674798124
619962400
565126674
510290946
170132210
874571098
475827054
774528056
416632440
210029558
360075270
441792432
901653772
302163642
859289832
851595437
843901040
767538860
84327807
401116752
505164172
630576762
552324232
62475010
562209208
660436805
758664400
856891993
955119584
961503850
379236924
917185343
455133760
993082175
531030588
458168554
238065056
264676779
291288500
835214514
379140526
923066536
962148801
1231064
123404676
245578286
367751894
908683568
943140839
977598108
333585704
560053256
593430425
626807592
983782960
340758326
697733690
56794938
597472694
90105836
781010935
471916032
351458712
806837890
441859048
76880204
711901358
844075070
976248780
108422488
803835609
499248728
605607820
175460258
29606740
95120507
160634272
226148035
291661796
601299724
813114446
634070190
474644828
585272320
964864523
344456724
797349350
49988714
228694498
922819594
979426550
926818844
9111000
91403154
173695306
567551910
469901268
472593890
617308652
976402935
335497216
266121471
196745724
249848278
451980410
904208186
832645494
701510988
691961564
424361575
156761584
275735200
280243364
573193000
866142634
159092266
172483230
185874192
199265152
37193627
875122100
729415510
27220562
917439782
845182780
490285472
304228915
118172356
932115795
746059232
560002667
373946100
225186240
906592763
587999284
645292116
242563184
839834250
437105314
34376376
631647436
162999535
694351632
425460817
156570000
887679181
618788360
415209218
211630074
8050928
338735420
640707958
942576490
244445020
546313548
626191990
873189306
410804154
507843958
712828620
46398588
464901655
883404720
746620900
746786600
160445216
646255771
132066324
393605088
302157219
210709348
314053314
663861100
241992064
182168551
122345036
253816130
142317380
228271210
314225038
400178864
92082625
783986384
475890141
167793896
670750770
736239200
435461696
155222399
874983100
507980234
870712368
313346440
514137641
714928840
274272768
288148215
302023660
152134646
763536666
441930730
526513870
559577656
716818904
647794993
578771080
248970052
690074440
48314065
406553688
361048360
889045417
417042472
782540440
168288305
554036168
939784029
325531888
936963249
548394608
400776450
818895632
36407277
253918920
733526925
213134928
917033854
202618250
712680314
202251078
916115924
939979458
704546940
158867388
825161810
742651916
643738920
48776408
438618994
817102800
829536319
841969836
816686700
152866446
568957166
773004220
367031135
961058048
576346985
191635920
371334591
551033260
384991000
290186681
195382360
124413820
738839790
357521742
289800652
387560052
919943227
452326400
502939567
553552732
446887110
340221486
233555860
126890232
20224602
702947372
385670140
68392906
381865456
378216785
374568112
258102645
141637176
798519161
455401144
945195236
369938144
966449898
42178300
948473028
621400595
294328160
61136236
294046370
976434420
226696350
879291182
760516332
310984375
861452416
356397371
851342324
538236668
657069594
775902518
894735440
865307997
835880552
386022512
753553287
121084060
272841900
784705727
296569552
104460042
496284540
533636932
550560100
335131172
402635060
154955512
907275962
659596410
411916856
164237300
717108683
269980064
819556176
421722805
23889432
479729890
17164408
554598924
92033438
479779270
411709336
853788669
295868000
469136264
239195088
770853759
302512428
510972104
309648156
464530854
870314098
229889510
223044796
288171520
71804811
855438100
775017318
790332074
909039746
190494170
775422558
956289104
323527081
690765056
927993450
653826460
871378780
320143130
475527336
915223501
354919664
794615825
234311984
965316638
122883930
785797506
448711080
111624652
448002690
289231140
114735410
411802996
708870580
5938162
423102852
168946995
914791136
660635275
406479412
353925072
754853497
155781920
715879705
275977488
175843560
437934841
700026120
955388248
417631650
637817176
925510536
559986901
194463264
849218213
503973160
669358668
854766255
40173840
350099900
660025958
969952014
946633700
549397414
924528538
299659660
674790780
387319890
833578572
645113880
397880257
150646632
288368422
426090210
563811996
151921199
740030400
890651304
776336948
907217524
327774328
458591385
589408440
495894276
402380110
308865942
944263472
763885927
583508380
450556520
984925136
123598580
262272022
400945462
539618900
678292336
594585735
510879132
179625892
435199395
690772896
770320874
849868850
929416824
47308725
165200624
78178328
991156030
904133730
817111428
730089124
344490548
269542459
194594368
6748090
818901810
631055528
308370749
985685968
866820300
799487498
605634880
399448031
193261180
527188290
68192916
586777371
105361824
860818333
616274840
486331657
356388472
226445285
96502096
16187624
919394621
822601616
41101650
168407528
290513305
412619080
804262750
577872146
351481540
125090932
898700322
672309710
445919096
219528480
434398400
184125035
933851668
222329630
510807590
799285548
87763504
376241458
847709720
737902421
628095120
382108608
806223659
230338708
827744684
397144575
966544464
962378950
125871414
289363876
452856336
961832705
470809072
721061965
971314856
221567745
471820632
193761152
800551527
407341900
259762318
284022990
992254252
649816700
547405335
444993968
31403105
617812240
702488625
787165008
952572000
12294963
72017924
331273346
419688940
735732256
750192756
878053356
157000406
991644970
799309330
483825666
387452146
962002010
994750190
502070776
845424064
77788075
310152084
108637228
219774214
330911198
442048180
553185160
664322138
178315740
598939708
122597970
54030732
884907080
987119148
899253210
811387270
723521328
602407444
738325211
874242976
640595961
406948944
361923103
316897260
937979672
561226945
184474216
462192710
739911202
17629692
74686012
789456882
667653180
491256572
113374690
590381380
789371210
216447176
711121425
205795672
381085260
131391762
436919580
915174372
597298307
279422240
391151390
534960586
282754426
30548264
778342100
344736764
35048023
725359280
183506728
339560084
266801708
194043330
121284950
806071012
590794547
375518080
783351482
525912212
474480635
423049056
296631450
351727108
957023330
706107132
125556540
659132722
211862940
279756132
515571980
199896142
642650542
85404940
528159336
514722976
501286614
487850250
590609154
693368056
796126956
869202106
281556360
404175778
978552360
552928940
127305518
440627550
649556052
858555275
67554496
142479160
217403822
292328482
666070582
25501172
228156522
209960520
827687418
724172044
620656668
517141290
140625952
802852985
465080016
497162934
915143198
928010940
542200031
156389120
848712491
541035860
233359227
925682592
37942220
990406063
942869904
162656008
961158480
225787557
490416632
853486850
996533320
491079277
985625232
78943652
317693747
556443840
576585787
596727732
643525780
838860672
280814727
722768780
294278670
781099342
926641132
303674935
680708736
977751451
274794164
140367148
692018534
204257250
716495964
228734676
740973386
253212094
982157488
711102880
440048270
750173042
796539582
602331160
170442348
366802490
51914312
737026132
422137950
107249766
792361580
398298276
38417420
678536562
318655702
958774840
598893976
700769489
802645000
417214644
851763243
286311840
926900072
677598205
428296336
32762626
994049520
309022132
362065260
522525942
38276122
667190890
723727630
236154712
758874580
266773915
774673248
926824374
78975498
231126620
380740428
530354234
679968038
533296580
517004131
500711680
606652013
712592344
993735625
274878904
371796773
468714640
774675253
80635864
386596473
692557080
496307212
701093890
509645860
326239107
142832352
908566972
596345862
634387682
541713342
449039000
356364656
586636981
816909304
485264458
925880020
859063771
792247520
684591333
576935144
374610925
172286704
129225025
86163344
105475425
124787504
749925525
375063544
12588050
650112554
287637056
821062331
354487604
640944228
811278324
54397275
297516224
148055475
998594724
687479568
677776879
668074188
272144600
792023321
311902040
7528428
703154814
398781198
117968444
154635528
506929204
764851348
508726784
912275243
315823700
665725286
136930794
465042978
793155160
121267340
665842530
210417718
754992904
299568088
844143270
856506286
342838644
615175986
92551460
513652803
934754144
702097508
45078035
388058560
978166511
568274460
700563810
941179236
623686850
360706668
523791680
861595475
199399268
526350640
851739061
177127480
330453626
22283164
271072876
816799455
362526032
605616290
97815200
585222217
72629232
560036245
47443256
875832810
720488068
83954290
209371252
659447435
109523616
109297109
109070600
982690984
695804125
408917264
903603978
483210300
39426708
595643114
151859518
88071440
693788750
555966466
105693446
655420424
205147400
19563544
468692425
917821304
512202900
589195804
72034050
755197204
634708150
608415874
163174238
576362424
304005496
918276449
532547400
31459169
530370936
163379405
796387872
379997275
963606676
789621714
771049908
108510334
324605950
527384564
551733250
821754044
472457343
123160640
119274022
868417142
745161560
627569628
603539399
579509168
247330294
359366750
471636764
780963200
483330539
185697876
836938710
262673458
175769494
532774836
512192155
491609472
491037040
898068005
305098968
823248810
211592452
955021970
360886500
766751028
172615554
578480078
984344600
268650236
205717390
859836158
58065924
899521571
740977216
582432859
423888500
329297844
251365563
173433280
573193231
972953180
550285338
93855784
338297950
538988914
796274158
238796304
418824463
598852620
199902892
905346430
610789966
316233500
963318256
507984935
52651612
597318287
141984960
826951075
511917188
179665800
53422716
194550071
335677424
314738893
293800360
831054688
367664189
904273688
708543110
182607166
63497884
253014016
177566859
102119700
667874214
657707658
66536754
475365848
884194940
555964078
203147630
649337372
373874640
6968287
640061932
879743680
805338747
730933812
656528875
582123936
26221210
470318482
914415752
176781997
439148240
150966580
732097260
240084310
748071358
256058404
764045448
272032490
106353012
466568150
289291730
485885542
154646492
424156952
167335630
548623818
929912004
311200188
955016474
598832758
242649040
597580063
952511084
940339716
989112484
458568116
624915835
791263552
240949995
690636436
140322875
590009312
584828965
579648616
574468265
569287912
878534600
656831673
435128744
71624736
728450600
919299460
71756920
278852265
485947608
713645360
474265463
234885564
441108676
696046355
950984032
577025532
203067030
829108526
455150020
81191512
810746785
540302056
264870470
994642030
594502516
364382171
134261824
176478796
957182575
737886352
647428825
556971296
550123699
543276100
116614634
56808568
333954869
611101168
863772984
93392966
533781630
405133308
628757960
457811053
286864144
784929986
730243600
960290442
356296060
116263263
876230464
880142851
884055236
887967619
891880000
12502019
133124036
184865320
236606602
288347882
297079070
267165760
536869483
806573204
76276923
345980640
383907587
421834532
246948180
271805355
296662528
321519699
346376868
83406150
901122186
708382994
515643800
322904604
266733750
210562894
154392036
98221176
42050314
201187188
677082934
412809250
148535564
884261876
57085664
305860451
554635236
803410019
52184800
936653844
446872500
480832744
98884648
758376189
417867728
392124110
366380490
340636868
591490675
842344480
973686020
281033760
373927397
466821032
391707382
111029622
484448872
425586650
116285628
889610820
735543908
807434340
517035588
460950460
12987418
94699080
176410740
258122398
410364590
209258412
554250775
899243136
963218485
27193832
623545117
219896400
345258230
437756926
543641836
868290876
142164386
416037894
689911400
235186149
780460896
369774260
797782923
225791584
999553653
773315720
547077785
320839848
274536720
885016837
495496952
68000370
640503786
213007200
60498640
966923937
873349232
779774525
686199816
978252634
801959388
896287804
723476818
822842380
776539048
448135464
119731878
791328290
16474046
907742024
774034521
640327016
680802146
721277274
761752400
212588629
663424856
890998054
888567278
154917140
809330858
277059720
744788580
212517438
727425870
546968092
312293680
191660525
71027368
4118890
957480852
407794235
858107616
30529109
202950600
732379984
75213093
418046200
745699586
221999944
698300300
174600654
37698158
219141564
513975688
546405444
37657608
256315249
474972888
530364824
950187025
370009224
364172788
429759499
495346208
854267529
213188848
940688935
668189020
628017916
98369410
102175988
696281790
142381342
663524420
784276702
905028982
25781260
970903815
916026368
574004054
558935550
363286604
873800900
124140499
374480096
979138280
641646428
843454215
45262000
948482510
364522466
1401846
177560340
260193986
342827630
425461272
350495765
275530256
124293205
973056152
821819097
670582040
382970428
1102110
114223286
778894544
327451513
876008480
424565445
973122408
941368340
507856588
210183535
912510480
101839597
291168712
562164557
833160400
32565797
231971192
58448282
614288012
170127740
725967466
789089696
730882091
672674484
614466875
556259264
495754700
435250134
374745566
314240996
253736424
554799621
855862816
945885971
35909124
125932275
215955424
976170088
888459069
800748048
12469039
224190028
841203524
801221908
764286544
303998768
850732205
397465640
353528597
309591552
153015507
996439460
148936390
186754762
628803762
196107890
672319210
795543382
918767552
41991720
873840825
705689928
662088520
581615776
36999036
457617526
58763050
141008370
245476146
349943920
454411692
633335807
812259920
155102433
497944944
100557853
703170760
305783665
908396568
736746664
374248700
115370014
856491326
597612636
609876176
39181085
468485992
529484722
252676640
999657705
746638768
390899510
754570302
118241092
481911880
246828113
11744344
560364136
998639220
754675076
779552380
829380375
879208368
929036359
978864348
78557024
876194771
673832516
269110300
650224306
912452604
586366156
496693295
407020432
317347567
227674700
829578988
424012575
18446160
612879743
207313324
591492996
622352324
369324796
263098474
341234208
642799865
944365520
120143926
758024286
176946780
31588976
962676461
893763944
623706136
841179610
213696460
625726240
441982037
258237832
886847542
142116022
151677512
38108830
92160498
340858350
408551312
329085865
249620416
983263834
896837828
447129395
997420960
102516700
403101127
703685552
850050877
996416200
513373092
314074560
588764885
863455208
249479550
635503890
21528228
407552564
793576898
483947420
393331828
567845040
270862917
973880792
708982782
871489810
542655390
558062312
573469232
588876150
604283066
619689980
772662356
787741579
802820800
998865244
131864583
264863920
472999338
856883980
601939808
213003189
824066568
106669190
202112366
158117684
114123000
70128314
364698428
659268540
953838650
734258616
604727684
897741416
64882625
232023832
356863120
594416367
831969612
780895712
729821810
678747906
813509906
701488810
286674070
861658316
436642560
11626802
863902152
716177500
568452846
420728190
273003532
125278872
977554210
533258328
88169064
643079798
197990530
48509086
119894744
447840333
775785920
524264232
633911405
743558576
461080745
178602912
830324432
923010805
15697176
95691586
175685994
255680400
850768554
725151788
316021719
906891648
323000699
739109748
176590780
614071810
51552838
729146364
192809808
985785919
778762028
858546480
668131717
477716952
287302185
96887416
934422396
57517966
81004670
16625860
832192131
647758400
590428346
843808724
534589723
225370720
468520018
102821144
690736800
208250379
725763956
613509880
815361113
17212344
134094500
743097744
12466436
435901744
859337050
282772354
706207656
129642956
159874306
190105654
220337000
288845114
755067468
352115239
949163008
975560079
1957148
28354215
54751280
200716470
96684542
190639532
443983052
176738022
214186050
575051150
439765872
347306712
816765737
286224760
373884772
270187187
166489600
25047191
883604780
92000658
754432764
461211628
52589694
711772086
268350000
1603892
631805835
262007776
983320486
61176790
139033092
216889392
572353207
927817020
843148508
509979290
744191336
106832726
700899910
823426480
35675721
247924960
460174197
672423432
580519957
488616480
396713001
304809520
362801590
99685246
883902316
107561335
331220352
106150827
881081300
94748468
29174920
286820173
544465424
378595650
803355344
228115036
652874726
77634414
502394100
730163099
957932096
341820124
725708150
109596174
493484196
877372216
281127321
684882424
516953596
902801015
288648432
734169450
715424620
223041527
730658432
18445527
306232620
594019711
881806800
123646776
365486750
607326722
500075830
490108628
205908050
413073716
715188459
17303200
585491434
153679666
721867896
756231620
529928056
740945081
951962104
205808228
510957824
388726783
266495740
192594686
630073094
297670168
529184445
760698720
671887336
12816444
165307886
317799326
470290764
777450276
930386764
528689583
126992400
885740978
439791864
566170501
692549136
454444840
388450701
322456560
784875540
193502180
217746420
662157800
949851912
967955192
827350230
753630038
709934520
674415917
638897312
593796320
945812627
297828932
255103570
796273860
691924947
587576032
436818512
861967285
287116056
500745506
109670360
718595212
327520062
636202742
798984592
381882607
964780620
323753708
138288415
952823120
331697610
601520156
320902300
608453866
824559296
490233891
155908484
567382958
930394550
926449056
498206235
69963412
372231682
56145180
641020372
225895562
810770750
395645936
980521120
535193613
89866104
644538593
199211080
899053698
846854200
323200293
799546384
126216773
452887160
614890218
724428484
894496738
207824764
927626268
923454634
919282998
915111360
34776435
154441508
100750544
372520488
375653465
378786440
114848936
794064844
343709186
126275940
33048483
939821024
924185625
908550224
981868268
989330994
475675500
760327344
263558413
766789480
240215306
920548804
647956723
375364640
243422468
111480294
979538118
511496384
384132723
256769060
976522062
403268230
750380648
97493064
444605478
385640350
326675220
267710088
208744954
149779818
655254574
977906600
127341914
820693948
337203844
89018868
517722824
293612500
441591324
544611650
801762804
58913956
316065106
855922660
547296946
683239924
819182900
955125874
103609028
43288154
157221056
406170979
655120900
932342574
209564246
486785916
819824896
449110399
78395900
444617854
730887238
580338744
227846736
592174476
91442895
590711312
51051160
818057473
585063784
352070093
119076400
745009913
370943424
264154543
157365660
782735602
452949340
658146612
860021280
901879173
943737064
346507126
749277186
152047244
617114503
82181760
266859723
451537684
153334500
376072884
863104763
350136640
980473837
610811032
794902802
429360640
800034867
170709092
695341830
136249450
213885762
967068922
772390510
32511320
943356596
618139499
292922400
967705299
642488196
418600170
184097208
949594244
715091278
352721894
681301400
62267269
443233136
400950200
452651201
504352200
16364386
528376570
40388752
369367402
510482252
928888592
374461457
820034320
396907500
871798450
738320172
850331840
459859707
69387572
4591422
733073182
619073732
699372222
779670710
859969196
315237220
669827836
24418450
379009062
841542140
643284223
445026304
986848431
528670556
81483790
921694750
969408916
748483371
527557824
748413296
900580005
52746712
712308010
709044548
293008130
920637036
505779840
509856087
513932332
978801242
136897272
54729157
972561040
836769583
700978124
943667596
307265974
670864350
34462724
337066350
639669974
942273596
244877216
547480834
637509088
778537220
260025568
1050949
742076328
136110685
530145040
774205551
18266060
734382980
883845540
52944500
372152520
559687645
747222768
300622860
456306831
611990800
767674767
923358732
759168560
72307173
385445784
532444278
615885670
677490656
292313355
907136052
521958747
136781440
688172912
600165925
512158936
240749994
650234628
228551314
379222500
677583779
975945056
71177065
166409072
920473925
674538776
284082390
862498038
198993544
461816661
724639776
45202060
583784655
122367248
648261449
174155648
588643719
3131788
763199054
248879150
703012124
873010000
268562649
664115296
55527366
115190150
872935040
207634481
542333920
121337630
734147466
187168346
706910710
553245740
649340951
745436160
198188868
650941574
103694278
596913760
90133240
583352718
863648714
571169226
559674510
323417208
623530640
85428261
547325880
401956498
76635424
908702121
740768816
646256630
577909470
1553756
425198040
848842322
976300192
103758060
231215926
126216314
236259418
616366790
456592116
296817440
137042762
357498700
914329072
848350525
782371976
570801740
852895663
134989584
51794625
968599664
576591325
184582984
851742500
509580819
167419136
279363815
391308492
635417802
133746400
889698267
645650132
533817610
998284440
462751268
927218094
700217686
668249840
317919671
967589500
944683280
921777058
898870834
691935450
485000064
278064676
498919464
191270848
337195019
483119188
12619390
190445726
605511364
840040126
66524270
898205868
250925719
603645568
984965594
366285618
747605640
568097713
388589784
759095125
129600464
383636338
874803160
365969980
857136798
831017974
774554096
659513225
544472352
313334050
82195746
851057440
22231637
193405832
596770072
75365297
553960520
347084340
314496340
382873520
456064535
529255548
455605804
885967118
719185774
371871100
215422424
58973746
902525066
212908710
645316500
915952331
186588160
526406796
131771599
737136400
565755024
583462713
601170400
28474883
455779364
883083843
310388320
737692795
164997268
855253594
653589936
387067865
120545792
738615627
356685460
168382118
980078774
791775428
758008294
762418650
807211674
852004696
896797716
120935196
278726466
220433140
916908555
613383968
915613210
871704452
959703315
47702176
135701035
223699892
487605800
579612080
63257197
546902312
537887232
520378935
502870636
231059094
69038538
935798690
764719626
593640560
422561492
357496020
502046832
619973322
695856380
267637535
839418688
192988515
546558340
900128163
253697984
607267803
960837620
772981022
949769710
579598028
977380135
375162240
239789187
104416132
368201392
365963470
363725546
361487620
467465875
573444128
385424780
480364298
954945024
46457321
137969616
392169630
646369642
900569652
444557387
988545120
708980702
404300330
422163818
771502910
626987152
132476997
637966840
246927162
855887482
464847800
297439317
130030832
999056840
868082846
737108850
606134852
475160852
218172235
961183616
543293059
125402500
852431344
396038253
939645160
514511848
73675860
260345628
447015394
633685158
602026060
969141388
652747215
336353040
178252277
20151512
231107942
337356750
443605556
549854360
71226678
592598994
113971308
886986935
660002560
136088947
612175332
88261715
564348096
377613330
190878562
4143792
676609097
349074400
124589765
900105128
109059020
237656047
366253072
269002732
227091762
977978860
728865956
479753050
398881760
318010468
237139174
284073850
331008524
377943196
76151175
774359152
972944425
171529696
969784899
768040100
566295299
364550496
161603225
958655952
361501412
629217992
365526372
971347315
577168256
523396779
469625300
245407604
238634843
231862080
939147871
646433660
921420898
401603204
985092218
18346224
484207223
950068220
415929215
881790208
83421789
285053368
226981094
24376686
575937940
728145546
27157016
622478085
217799152
407090352
284997285
162904216
40811145
918718072
554501460
128673932
683123550
237573166
792022780
324261176
531824745
739388312
962376445
185364576
837143355
488922132
268462312
379238152
490013990
600789826
414590414
838316048
583829545
329343040
74856533
820370024
675001788
561673294
81830750
601988204
122145656
618793210
115440762
612088312
877192220
276412822
808734522
740318170
36955590
346965492
232923930
118882366
4840800
960154251
915467700
870781147
826094592
250218312
158752745
67287176
914499536
521325105
128150672
247662865
367175056
268276305
169377552
525290092
954903327
384516560
602637105
820757648
882818964
466872475
50925984
805672628
115273404
676330058
30708720
934677020
568695950
202714878
836733804
470752728
104771650
874624072
581301985
287979896
521508600
755037302
988566002
222094700
455623396
741442460
348251015
955059568
561868119
168676668
899878984
121076225
342273464
164064248
359305830
554547410
749788988
226484415
703179840
993050466
282921090
572791712
721301630
381771098
884434850
480624762
76814672
673004580
546342232
241875337
937408440
302903548
232920110
839756846
446593580
53430312
164281765
275133216
889415155
503697092
117979027
732260960
577912443
423563924
423410696
423257466
423104234
77069678
212136520
713903142
894132382
74361620
254590856
196377805
138164752
163417090
654182640
907817348
472376560
956497021
440617480
586359418
466593804
521437831
576281856
631125879
685969900
942845574
199721246
456596916
918084146
484457060
50829972
617202882
71647932
791552172
896700142
429549182
656523812
266018022
255166010
618541770
37833182
722685952
926139375
129592796
437945574
5374098
615592630
73710436
453282590
832854742
212426892
117490732
466295935
815101136
782050301
748999464
453469576
953484040
811631448
24546065
237460680
411599812
585738942
759878070
482311280
204744488
927177694
649610898
372044100
729470618
491093024
537722521
584352016
439303350
30052190
651972956
940184880
793164791
646144700
522117740
859070431
196023120
662431805
128840488
485104360
32817133
580529904
388221175
195912444
167427848
498655549
829883248
266085569
702287888
500334500
758498808
333451650
908404490
483357328
246052954
239464500
548136054
598981698
917424254
662685000
29197529
395710056
708127554
617599288
140544604
151800358
866259314
641150950
363921084
895954783
427988480
286303327
144618172
804153702
94677682
161452102
37864172
472091492
441145532
902468087
363790640
113098952
802117385
491135816
964373584
458449573
952525560
714477762
476429962
238382160
115225365
992068568
57847670
123626770
189405868
676804695
164203520
372475791
580748060
457032638
939471814
769285176
53246480
167987791
282729100
10101328
886039385
761977440
216991158
464900974
129661796
543654035
957646272
969203470
627876690
263002542
692143952
607321727
522499500
872716260
923409820
89779591
256149360
2856756
509993420
668616846
798871374
465884268
503161975
540439680
818615405
96791128
491760250
709925116
617867860
737281675
856695488
747287279
637879068
528470855
419062640
796135000
173207358
550279714
385894950
97860684
996642700
895424714
794206726
692988736
591770744
933759358
930873074
581668750
711544224
16401275
321258324
909507938
575274924
599927568
711980689
824033808
814795809
805557808
941336759
77115708
925801084
291951938
221394580
685591318
888627410
91663500
294699588
497735674
700771758
244165240
701781552
241203255
780624956
330364004
665289923
215840
787791587
575367332
209380780
569012022
928643262
288274500
647905736
7536970
109157188
493585250
60236092
74082860
87929626
101776390
604194260
346392171
88590080
830787987
572985892
926062792
674221757
422380720
258974400
523859901
788745400
53630897
318516392
644136457
969756520
518921185
68085848
637150180
206214510
775278838
150648064
253058151
355468236
720245290
29777840
992881095
955984348
454688160
415125043
375561924
492997850
826150784
281613875
737076964
660288278
12853474
471055150
929256824
387458496
911604299
435750100
453175614
972593598
492011580
11429560
938761682
73711360
721922591
370133820
175315198
40057414
904799628
769541840
956808160
121672851
286537540
451402227
616266912
509489955
402712996
470905916
595861146
130989960
666118772
201247582
914114382
661152572
550936072
335477757
120019440
714691948
100425970
272598412
444770852
616943290
661640368
715868935
770097500
966098656
401872981
837647304
231081958
278894270
4990396
947464280
889938162
832412042
774885920
717359796
659833670
602307542
691064232
300852177
910640120
163482192
761001292
585666602
678456112
585764577
493073040
168554690
949950352
863573455
777196556
783246804
530952856
202653329
874353800
731374754
462438568
230631590
955581502
999763260
919342712
533373625
147404536
87456460
968646226
943123964
998128543
53133120
216166827
379200532
542234235
705267936
673683445
642098952
710558037
779017120
847476201
915935280
618667478
307038894
825235236
932354675
39474112
56360310
348973550
63620452
57624467
51628480
321991613
592354744
862717873
133081000
814984812
749381215
683777616
384599200
428694531
472789860
516885187
560980512
797564072
996838740
14568732
390646530
73317908
755989284
438660658
769261300
413091531
56921760
360528866
840571696
158159024
467056093
775953160
926315148
76677134
227039118
419240460
552392548
676087580
982586311
289085040
588965796
306960280
494796393
682632504
934228300
285515954
222581708
713958439
205335168
496711239
788087308
25150754
826433300
592576219
358719136
127763094
936298238
688592140
116797268
684375160
418376073
152376984
704302968
518070070
440803302
433869280
765845835
97822388
771000464
965857348
339755584
203752483
67749380
724458616
166010546
982159120
934836362
463098492
354781572
366172532
377563490
388954446
556202224
723450000
890697774
797426258
704154740
610883220
703088320
922741803
142395284
609610316
57994415
506378512
442357450
378336386
314315320
576929148
6835790
704594206
19083604
175756906
978975080
782193252
585411422
436783550
261995700
715929170
169862638
623796104
77729568
531663030
985596490
439529948
893463404
347396858
770572264
8660326
767043230
924912428
61202519
197492608
441761534
481583866
836870770
185265698
200966114
891822226
603262090
191005638
448924644
583640558
363376374
678000000
880434499
82868996
582131990
627854978
673577964
719300948
765023930
810746910
856469888
902192864
947915838
993638810
108683266
350571434
840247398
822549140
5443378
496600580
117940298
126290824
327981650
591717744
855453836
119189926
76839330
207226750
337614168
468001584
71858538
675715490
279572440
555554045
831535648
966179229
100822808
135039434
453036916
536982134
486068098
435154060
384240020
657078280
789943932
711296990
392992150
675876992
727628855
779380716
877852846
72281310
959880340
484449451
9018560
44008816
918148295
792287772
313984572
244087095
174189616
252985860
331782102
410578342
804009440
708790945
613572448
518353949
423135448
791658105
160180760
582970960
5761158
428551354
851341548
274131740
952467418
107856264
317992701
528129136
398081380
362825555
327569728
292313899
257058068
298966254
438992550
579018844
719045136
695581076
465491236
261073476
622387836
162915095
703442352
887924560
881446687
874968812
387572392
175559217
963546040
920909520
227100735
533291948
193348104
143164893
92981680
754051872
530062157
306072440
85027958
756406470
655897232
233245625
810594016
854474234
386826388
321974654
372845150
564873124
945843750
469070874
896168058
440683894
374876300
168096844
355091750
630492834
632000638
360369064
466367626
161199300
294069186
426939070
559808952
692678832
825548710
26642790
896508112
870077337
843646560
907704298
594279420
788654468
928173300
76753288
568699405
60645520
934300367
807955212
500146212
950011852
169749822
951253302
685274032
738822377
792370720
692220850
388297832
228640157
68982480
473761308
997994350
136972206
275950060
414927912
238139505
61351096
480402224
704818453
929234680
71224122
201781500
332338876
462896250
147300248
227752869
308205488
824933040
341660590
858388138
569754394
331442486
524296460
744743303
965190144
919954486
381654350
81139668
849187930
617236190
385284448
642295289
899306128
676882409
454458688
993573715
532688740
832787952
810521255
788254556
521454804
176422856
270304980
887151196
664865490
751327020
760964320
346618037
932271752
386768742
937357502
859332412
73228792
853621225
634013656
871098356
164811956
676010056
32040625
388071192
266949512
610871192
151356522
632067940
112779356
593490770
254783980
274794800
698547575
122300348
804176844
74646518
969882234
937501850
905121464
872741076
964654764
387668326
239231330
445125278
651019224
856913168
322171000
787428830
252686658
448913814
474223876
116533814
355260658
809767830
707308916
33131690
558343080
251145945
943948808
613149590
41350086
942650544
843951000
745251454
70302098
981628254
434893000
36217529
637542056
419017665
200493272
549928900
571153475
592378048
483352109
374326168
863921369
353516568
843111765
332706960
665720896
8660541
351600184
694539825
37479464
5377750
900788294
171416368
452576009
733735648
666006674
215524600
909729684
668577500
384475879
100374256
631272385
162170512
659639745
157108976
240455085
323801192
399840325
475879456
846228181
216576904
933807256
491851505
49895752
607939997
165984240
704745020
164990551
625236080
85481607
545727132
157580172
769433210
381286246
993139280
604992312
189641830
774291346
358940860
258950015
158959168
277146490
395333810
513521128
631708444
749895758
31939774
618862500
995096774
250419658
505742540
761065420
23138351
285211280
185070725
84930168
654009930
89133652
524257372
959381090
978110628
89810755
201510880
991112700
204596471
418080240
564865486
687720994
810576500
933432004
593785523
254139040
250403782
331348422
537445280
743542136
949638990
883936490
13583386
903403126
793222864
683042600
956731124
275004900
603979924
933850000
539114324
580980283
622846240
265034352
913869157
562703960
542602858
343515300
848558378
588783864
427203500
144966314
862729126
580491936
893606530
206721122
519835712
994077657
468319600
840809870
297793602
67762662
535701580
567458252
484485190
401512126
318539060
434146866
610112484
994912466
632606180
268498226
648794036
805616926
882826670
919028140
166061500
679751810
859688116
520127950
180567782
841007612
967940592
389365290
222747020
794439360
977434301
160429240
343424177
526419112
521278252
516137390
510996526
815149436
674804376
539641630
602354178
394298294
311446036
396611394
481776750
566942104
778930253
990918400
435723416
173838946
963871800
753904652
543937502
280904102
833287752
583289390
900695818
218102244
535508668
576888314
618267958
659647600
370855577
82063552
544762767
7461980
494647138
249910820
150884867
51858912
643813452
508646202
188013160
92607817
997202472
901797125
806391776
734293764
94292576
946385539
798478500
943874194
955270468
151611674
759369696
582423545
405477392
855353990
305230586
755107180
556744823
358382464
412599975
466817484
800723618
81271444
948734875
816198304
669011750
412934614
419928328
846838169
273748008
831121114
388494218
945867320
825962372
334274147
842585920
512470696
141081805
769692912
721844580
466359752
928397565
390435376
515825864
447585768
166549289
885512808
751161704
549122756
347083806
145044854
943005900
740966944
437142675
133318404
376103018
286888824
961552773
636216720
125076686
890690626
815865510
863188780
798698740
477292800
47736247
618179692
595773510
969314610
425573542
192679772
329340152
393040537
456740920
840807172
21866147
202925120
856040596
391387380
13495736
122109465
230723192
570223180
904484402
238745622
573006840
584633768
844841340
2766398
230325990
641299912
941175125
241050336
540925545
840800752
387710805
934620856
963181881
991742904
274413156
956596275
638779392
13565135
388350876
402527686
563183970
950647870
258651336
566654800
874658262
757203022
639747780
522292536
907312426
292332314
677352200
923094034
299472528
661105039
22737548
731614420
799136728
57382825
315628920
393721852
408094510
507039918
240030780
90869288
279986760
469104230
658221698
497942574
408127296
946904891
485682484
945448388
262275404
443705775
625136144
535578050
174933904
188269853
201605800
320335848
329504020
524470028
730231375
935992720
755430077
574867432
917699477
260531520
798174275
335817028
337091870
802636222
965222260
904938082
813306892
482953592
152600290
822246986
665157526
602787180
418066516
455101259
492136000
355413629
218691256
81968881
945246504
808524125
671801744
673761743
675721740
317344116
180961600
570893663
960825724
350757783
740689840
90953328
158092245
225231160
330991050
26231252
161842590
297453926
433065260
814173236
48270800
868625785
688980768
376061555
63142340
750223123
437303904
493590568
545728109
597865648
374136184
629196750
854672554
663301498
459398054
141010500
729234454
317458406
905682356
493906304
82130250
644755564
127978600
965941824
69777293
173612760
95238206
295466354
874411278
621545440
152723376
20878490
600537588
723360070
949423642
391760090
271537638
28645060
785752480
542859898
555850900
231285118
144500574
252104996
533989574
882905418
231821260
580737100
171142127
761547152
388643877
15740600
493077385
970414168
908690480
846966790
785243098
64688634
325026166
196424460
67822752
939221042
357379240
124214057
891048872
231938642
341073232
773019937
204966640
175698810
146430978
117163144
112046861
106930576
623407700
597703316
737133259
876563200
422831359
969099516
515367671
61635824
607903975
154172124
145563268
734696404
247121088
585792859
924464628
30705470
457635806
418720804
894502963
370285120
846067275
321849428
50219820
184708998
675788114
768996726
862205336
955413944
242590078
948882994
427439150
417536624
184329896
951123166
717916434
127533758
884783800
30074552
414052465
798030376
346267689
894505000
62806114
496943528
351072710
877927022
840933620
329582482
670542452
11502420
352462386
693422350
34382312
102799985
171217656
371032800
989603597
608174392
894854385
181534376
279663561
377792744
475921925
574051104
32694068
445246684
857799298
270351910
253255212
236158512
219061810
263767448
308473084
353178718
482039510
759485856
280834131
802182404
971111748
804620124
638128498
471636870
154432716
155339980
726400006
25263154
201360998
842742460
519750528
755653355
991556180
816148886
640741590
465334292
704688930
944043566
183398200
626062701
68727200
729433042
860127512
405050592
982976925
560903256
960796006
382601550
37222660
751969891
466717120
582587306
698457490
814327672
101151812
387975950
674800086
114159376
553518664
992877950
804452034
394027958
56393684
809873938
127236180
659687318
950889810
146444902
844130140
541815376
239500610
788158608
943526594
915302800
689375329
463447856
237520381
11592904
146033156
443331704
322410281
201488856
640274256
410092165
179910072
665669442
151428810
637188176
262880095
888572012
8221292
572150222
808541262
835589932
136617852
57957015
979296176
813756980
188876236
448672270
744196238
39720204
335244168
737254909
139265648
395806884
210094168
914273889
618453608
46930134
475406658
903883180
770728688
26345575
281962460
872019716
91545971
311072224
269830603
228588980
905958672
583328362
260698050
995363898
730029744
464695588
878267064
901279993
924292920
947305845
970318768
653217320
288196596
923175870
558155142
617918232
419259892
810533492
511671387
212809280
574380415
935951548
297522679
659093808
554497524
248392188
802040794
987145000
324820569
662496136
97573145
532650152
222615530
697512020
172408508
647304994
644580836
193037794
45887068
629553295
213219520
937214492
815077415
692940336
163602669
634265000
933057909
231850816
185548235
139245652
631482252
908376335
185270416
885269021
585267624
285266225
985264824
958367248
191124709
423882168
656639625
889397080
678617680
867932641
57247600
909104903
760962204
701290500
258370804
815451106
372531406
266268720
337556113
408843504
287641831
166440156
292148580
227621315
163094048
876067459
589040868
936001660
975112298
918460320
986202211
53944100
121685987
189427872
257169755
324911636
639465826
358109420
594602816
831096210
67589602
304082992
540576380
149755063
758933744
365888358
96821574
317200000
122849799
928499596
688502690
448505782
208508872
678880302
128917130
283637770
720402542
157593832
813807285
470020736
173363076
775505475
377647872
550295387
722942900
324345980
800093370
158601656
220078404
60831256
822554129
584277000
847593889
110910776
89017264
658862450
898083064
448114868
7543684
85084348
924148215
763212080
474445720
908124825
341803928
668036589
994269248
511095310
770667346
402771374
723459408
893075465
62691520
232307573
401923624
240687828
79452030
918216230
411774632
906045745
400316856
740862829
81408800
438502619
795596436
152690251
509784064
33161676
400422714
562319848
494127209
425934568
717971169
10007768
463681524
299581771
135482016
889773921
644065824
774095400
956880749
139666096
699849080
398789361
97729640
8042846
918356050
828669252
360750867
892832480
660477952
159700797
658923640
139335278
341141530
365245522
223699250
845729578
42351670
911876572
485327080
447990368
946179075
444367780
554956676
890076620
203747486
517418350
831089212
579070440
346901600
901230141
455558680
9887217
564215752
682205937
800196120
540843045
281489968
281415084
547469698
813524310
79578920
397851746
62726824
206092198
869593534
384981500
932014984
588160708
669020675
749880640
295884831
841889020
126039530
790411616
857574859
924738100
991901339
59064576
353723611
648382644
3700988
382474714
235772200
688495934
141219666
593943396
942875235
291807072
211412937
131018800
586619997
42221192
808920412
611790902
391139242
36639602
371042162
561548202
703410742
367561052
999693832
618910132
188760692
241409272
294057850
346706426
829328214
983234108
334685584
811171325
287657064
127419938
250341384
772626666
782409460
284581163
786752864
398697318
182911990
31504216
868770109
706036000
450608504
195181006
939753506
463918870
529759780
315011150
137702662
909180072
911997122
175512120
551923237
928334352
713391695
498449036
584681276
670913514
757145750
687669004
107335500
416425839
725516176
49074214
4909958
70941280
297590596
952405040
411916902
554366982
450980320
50063585
649146848
750241670
903895462
686935120
490880473
294825824
521649546
748473266
975296984
539585928
924699989
309814048
170094690
30375330
890655968
386299689
881943408
904682309
927421208
778417814
956415126
50411800
739640580
861868520
242855681
623842840
454082800
360374695
266666588
337783580
445418058
443003664
977269725
511535784
395837000
239163129
82489256
806503360
749262091
692020820
634779547
577538272
360248762
926837300
194650902
230424050
552043318
320318340
549714038
524134994
230791686
523012460
540529796
60427891
580325984
515997641
451669296
387340949
323012600
879963834
436915066
993866296
374196980
33895956
457285920
715430868
863515300
234729188
955044579
675359968
504838084
100545488
119739789
138934088
591212434
202714000
279189569
355665136
935352490
308095308
65776720
663179903
260583084
212057200
935102989
658148776
449811264
623084173
796357080
937876862
618403410
678199998
647164920
128485136
945246969
762008800
217520419
673032036
202901700
95938396
959367591
822796784
373208316
349028134
678085138
7142140
336199140
874198860
831640670
789082478
746524284
27652248
438640350
978758562
418065990
976216348
58237160
307220721
556204280
596642368
948754029
300865688
140706750
980547810
820388868
567879859
315370848
640095904
923022125
205948344
88538838
12088854
938373400
306509124
422729603
538950080
841080117
143210152
254847332
468433395
682019456
604347431
526675404
618909278
711143150
803377020
981784920
647784625
313784328
965875170
568866056
424252429
279638800
315113844
350588886
386063926
119365160
99446818
38507080
518369313
998231544
848585768
15144844
679221938
307160204
693643368
44741984
157873341
271004696
384136049
497267400
610398749
723530096
155259860
389012756
450732800
111015095
771297388
143445830
413534642
683623452
953712260
941307412
368498000
795688586
222879170
624941338
202906174
245756096
275806099
305856100
335906099
365956096
950818674
535681250
120543824
705406396
290268966
875131534
459994100
876185499
292376896
247992825
203608752
676457175
149305596
875810724
757841596
29967674
848620088
493140084
736830091
980520096
935996440
455551730
658370512
645862177
633353840
399264218
826548500
405015038
983481574
561948108
343146604
334773678
504711134
437927700
371144264
304360826
467464780
990719136
290833176
793532690
968021888
401545369
835068848
244388350
334163626
149282314
597303758
902238680
915059652
655232920
704468393
753703864
136619276
523836514
83826548
305731134
847734750
980839204
574628550
268344394
408844658
549344920
689845180
193181950
793989062
792670072
791351080
790032086
685927494
926985008
633733385
340481760
366295186
724080376
390027540
351653436
272616330
21988048
653782335
285576620
412595932
598349927
784103920
191764112
751983865
312203616
831328909
350454200
952989134
610662378
152310554
693958728
235606900
777255070
318903238
15350424
567577733
119805040
815003752
402481657
989959560
263455608
730615105
197774600
659706410
242899412
238950107
235000800
641934533
48868264
695143628
34880194
289816836
778892794
203977648
629666560
429838843
230011124
30183403
830355680
840441901
850528120
403050086
559311726
897443860
281983466
554263784
178409238
770650214
127107200
805197559
483287916
787717070
370699598
23726764
244663068
30615194
992740136
89068990
243615490
533652886
604199876
249478086
476343530
398228930
476076986
748811726
352800520
590037765
827275008
316379324
41083878
765788430
490492980
831383010
857370252
81448327
305526400
839734343
373942284
908150223
442358160
686754668
191231890
695709110
200186328
812621964
425057598
37493230
649928860
262364488
858926780
12859118
497492110
55142252
21223020
819416142
809189390
985429388
936256260
801030468
25493980
614689698
203885414
793081128
469601234
146121338
822641440
300326283
778011124
810541250
914181724
17822196
121462666
848033720
560820885
273608048
829004904
237963900
50334654
862705406
675076156
968692856
90796650
710555908
159032530
352929732
249698490
955354000
661009508
366665014
734035026
946804550
111358348
443341980
574686087
706030192
65627672
468244737
870861800
17806980
982552867
947298752
144851707
342404660
539957611
737510560
320683120
860472838
294223030
838808792
383394552
927980310
855694518
783408724
711122928
220158119
729193308
227081524
462766875
698452224
934137571
169822916
761148070
3775610
246403148
489030684
784512378
79994070
375475760
670957448
966439134
689899666
703069310
716238952
729408592
742578230
755747866
65211434
825700718
417460360
872975273
328490184
922668918
988238294
53807668
119377040
446613297
773849552
617074760
460299966
303525170
590578798
464987664
339396528
213805390
612773922
735786390
644349028
356771710
489434286
608668044
402988836
723368995
43749152
739943005
436136856
169991881
903846904
266101156
321826704
193948653
66070600
938192545
810314488
682436429
554558368
179137680
868464021
557790360
156526898
464041904
963022025
462002144
378133786
921764420
735496146
826880516
741609715
656338912
571068107
485797300
400526491
315255680
10694295
706132908
530000254
894230006
480937040
83474873
686012704
105650250
552206284
748958823
945711360
142463895
339216428
535968959
732721488
899282214
770358726
781489280
662233411
542977540
88087990
570119986
730089526
147981380
565873232
983765082
868525172
718786022
50429770
29278290
644755842
260233392
875710940
159846782
443982622
728118460
70218232
240006425
409794616
789294660
518329475
247364288
502730814
758097338
13463860
398260491
783057120
914823126
37613086
160403044
283193000
458401889
633610776
948843040
817579928
955215545
92851160
934391197
775931232
873874860
216139122
558403382
900667640
712788840
594009332
475229822
356450310
937563928
860488564
461354708
342111184
751353325
160595464
569837601
979079736
925709776
149936005
374162232
988097762
298710360
250807688
202905014
155002338
689368334
573186000
457003664
340821326
515999490
70127238
280268444
498190408
589678620
654923878
55343634
991147766
926951896
862756024
524678321
186600616
63966246
41665150
19364052
997062952
936568117
876073280
1159821
126246360
642666106
377112956
196810335
16507712
744946400
348749005
952551608
733619430
582486382
423585940
217191242
447322552
229045525
10768496
234944616
13661945
792379272
14996472
986943457
958890440
930837421
902784400
54826180
462983651
871141120
353717805
836294488
98791610
757004892
140040975
523077056
512215706
869656100
773371546
128197824
713456275
298714724
986337728
241863714
497389698
752915680
85427145
417938608
807627394
80566800
684681869
288796936
892912001
497027064
101142125
705257184
980086475
254915764
529745051
804574336
703852395
603130452
537416180
471701906
405987630
342423888
278860144
215296398
622101314
702677350
497312524
717707100
859748874
69878768
39078300
910098798
151562030
884199612
474330335
64461056
581053395
97645732
614238067
130830400
736217107
341603812
946990515
552377216
17052359
481727500
946402639
411077776
87155514
221048708
379703955
538359200
697014443
855669684
118414600
101187309
83960016
785333030
374726470
646837056
737720081
828603104
283700078
330559490
992611046
100880524
764166396
427452266
90738134
140330668
189923200
239515730
289108258
338700784
799396241
260091696
362237810
156907640
73558965
990210288
897310135
804409980
155508272
623653445
91798616
559943785
28088952
622935452
75516662
528097870
980679076
559302710
893379858
149949094
957295036
804438144
597450411
390462676
16931190
643399702
269868212
826297242
444210800
588289953
732369104
35098656
225697115
416295572
363415392
859298307
355181220
917687410
828069972
738452532
648835090
862285300
456942510
51599718
646256924
210099848
543080644
412041768
795675680
168740091
541804500
485647440
637490768
789334094
941177418
751042634
623862350
496046424
305698708
189080444
520321175
851561904
632121400
138800049
645478696
131615820
340279983
548944144
584467425
619990704
655513981
691037256
71181290
486018100
963551270
441084438
918617604
396150768
873683930
910568852
910381790
295234990
757555052
219875112
682195170
953142120
469813465
986484808
661391070
272025682
123705950
642272008
87006885
531741760
976476633
421211504
14482631
607753756
201024879
794296000
297132229
799968456
843751304
234560793
625370280
558611152
481102015
403592876
267527336
853753960
589891753
326029544
580147400
823921669
67695936
365411710
842803578
238567474
750585346
262603216
774621084
723305166
710734590
230624068
750513544
270403018
582697284
172518498
762339710
352160920
499568796
923642599
347716400
705584174
187476978
534341214
419609000
4541994
686379188
306039179
925699168
793011949
660324728
208946689
757568648
306190605
854812560
403434513
952056464
456298575
960540684
172524008
524831189
877138368
232190115
587241860
622564046
855817766
403629880
39906445
676183008
219062304
728487203
237912100
290552666
912729184
371991723
831254260
94585296
293650349
492715400
727046994
961378586
195710176
430041764
664373350
551137274
33715498
353397134
170023000
986648864
803274726
525157750
513239448
761560669
9881888
642603240
811581212
33042087
254502960
639177173
23851384
264076041
504300696
553794616
571258510
588722402
606186292
179721515
753256736
720656930
722783248
724909564
727035878
764951474
357614150
301355244
568045303
834735360
125505433
416275504
335041250
162872864
462074475
761276084
358466818
52242044
451585148
955018114
352490100
430635614
508781126
586926636
521573076
665674936
131385770
117876388
118392099
118907808
119423515
119939220
134737872
211141535
287545196
442073424
751990333
61907240
682171282
422914480
661924745
900935008
685134675
469334340
920549532
828930130
256043308
683156484
110269658
769672000
13203661
256735320
912629513
568523704
964727525
360931344
195546703
30162060
720496636
8214770
836289020
214383500
877152207
539920912
74220422
631141910
989146120
347150328
705154534
543243566
280461940
555635826
238613636
886312426
73288760
435667541
798046320
151179801
504313280
427043477
349773672
232131677
114489680
770209958
833956614
837602976
447042530
445236528
912156135
379075740
660329312
697320595
734311876
17507836
188506455
359505072
503805657
648106240
837859083
27611924
857693446
743144410
626690298
450104054
625092556
235247804
146578423
57909040
226080337
394251632
896585922
47848880
309338856
58121804
56638306
254009780
793918766
148779046
996020760
556889061
117757360
904205921
690654480
17849135
345043788
876581864
306402000
8193284
665721200
265813309
865905416
708607770
715271548
643500500
81809768
766395205
450980640
366622021
282263400
411433556
916434331
421435104
554766883
688098660
16427332
344756002
673084670
360574568
750970645
141366720
929867012
510721667
91576320
998530495
905484668
344633894
35552786
823700790
603151908
763631699
924111488
818002594
430982000
914396119
397810236
967788120
501636721
35485320
928576225
821667128
714758029
607848928
306727584
837488153
368248720
208291631
48334540
117681248
381644195
645607140
472190642
274686452
421330702
608285302
929027552
895537867
862048180
163422938
950349520
354226981
758104440
161981897
565859352
447625332
67203092
818642592
392682707
966722820
271631258
959862240
310803803
661745364
623430250
676700904
802159625
927618344
407547250
465214464
522881676
580548886
638216094
695883300
548813894
516901258
484988620
453075980
403208150
211250762
281225122
148118410
15011696
881904980
508158836
134412690
760666542
729042320
480202245
231362168
982522089
733682008
93243604
603042188
660124574
176078150
408879704
91203925
773528144
455852361
138176576
277936810
445013180
722943871
874560
951737208
24565534
443220450
417029414
390838376
364647336
930507101
496366864
395148783
293930700
975025732
803819860
571849515
339879168
107908819
875938468
967218470
927388826
736534714
299229078
896819100
877430808
858042514
838654218
358902790
678912516
458688259
238464000
867893629
497323256
126752881
756182504
549980828
643847974
23449650
378586694
886827628
167249924
100803748
287985204
475166658
662348110
582007632
443448282
808370100
820608022
300338930
987428278
225420740
7157798
53608634
887998666
927522910
691943488
563470689
434997888
349395310
763861666
178328020
592794372
714562835
836331296
204172866
20658240
194030105
367401968
984346254
353335106
722323956
91312804
736143556
42692595
349241632
470783475
592325316
589630884
771630516
47823384
324016250
600209114
707414278
199234324
763276658
551037540
956397411
361757280
520494396
679231510
837968622
996705732
155442840
826646825
497850808
17123660
315296178
933749324
185197048
436644770
688092490
568751446
518951116
469150784
419350450
914190664
409030876
903871086
690771950
477672812
264573672
736985617
209397560
103526560
866437117
629347672
642495062
655642450
668789836
830537240
4816321
179095400
758034086
404093694
940304028
140259264
445681125
751102984
314702398
418279074
613621350
498400364
655134500
436475564
600440950
932231834
97743658
679732334
261721008
843709680
235370663
627031644
316724236
6416826
696109414
385802000
75494584
467228225
858961864
584137250
309312634
34488016
474749759
915011500
355273239
795534976
191471989
587409000
642772029
698135056
998948429
299761800
600575169
901388536
910951400
709123021
507294640
389961161
272627680
155294197
37960712
920627225
803293736
6454810
580026460
83374940
149034330
285579656
588294145
891008632
193723117
496437600
977519888
76744784
857955825
639166864
420377901
201588936
501806530
471139480
309593485
148047488
986501489
824955488
663409485
501863480
845960030
233181186
620402340
7623492
631579827
255536160
852161170
36005816
232073884
998622183
765170480
485473157
205775832
739984225
274192616
778029990
422405118
529505564
636606008
743706450
867082432
68421945
269761456
471100965
672440472
171032950
669625426
168217900
534726295
901234688
102399819
303564948
154936564
82200475
9464384
725953066
634696700
114379076
244285540
425216163
606146784
221525716
264466084
581583716
386393284
191202850
996012414
159265448
322518480
485771510
89094526
434149036
737377676
40606314
343834950
842593284
703002950
410359914
318342658
880942554
443542448
6142340
189834928
157928535
126022140
585541676
827785230
752688878
322704444
3027048
203698289
404369528
725725024
328442525
931160024
616598278
727476414
319233500
910990584
502747666
371262240
451571051
531879860
153122530
125920396
430002520
879455833
328909144
148460300
968011454
787562606
607113756
426664904
149766028
528508559
907251088
631006289
354761488
431262220
519655567
608048912
752531545
897014176
169827411
442640644
980191098
51254000
122316900
193379798
333486594
612690686
170594120
786148613
401703104
882685900
368959354
997740488
83157809
168575128
152817604
137060078
121302550
105545020
89787488
422529749
755272008
88014265
420756520
457047210
493337898
529628584
351121753
172614920
627670198
454689014
281707828
108726640
381761341
654796040
952701756
945766350
912039710
834658516
674932171
515205824
193271153
871336480
582196240
878042121
173888000
72091031
970294060
538182070
106070078
673958084
195475075
716992064
238509051
760026036
495930500
814174675
132418848
192124819
251830788
82851540
100697451
118543360
832137383
545731404
811870550
78009694
344148836
795902675
247656512
704016310
981670350
219445652
273630890
92309768
131300354
316175800
825776844
68383250
774016284
795492463
816968640
840579612
842868830
138231798
874350000
750563143
626776284
272376600
781760974
356353098
783449034
776596750
332370104
767310925
202251744
637192561
72133376
507074189
942015000
376955809
811896616
2962980
45688083
88413184
585054063
81694940
407550742
225549370
944690138
924543430
655035892
290488090
925940286
561392480
847722020
131426760
550842365
970257968
774996040
269077272
103749210
603617420
18616007
433614592
468666475
503718356
662276004
820833650
979391294
340733528
91386149
842038768
592691385
343344000
975177602
607011202
238844800
11150583
783456364
273725950
763995534
254265116
707633295
161001472
804152335
447303196
90454055
733604912
976726490
430021460
202016110
241886886
281757660
321628432
649310717
976993000
256327938
126983000
161184616
693417684
742505916
532697975
322890032
98677760
185034927
271392092
826317390
627273470
574738372
546538910
408334078
591021460
645642298
700263134
754883968
809504800
864125630
405754426
947383220
489012012
946011110
403010206
860009300
703055883
546102464
829599288
387723985
945848680
557663596
124380170
569759008
576647155
583535300
179308196
289895540
414118856
81480605
748842352
900612695
52383036
764447144
873357861
982268576
590397805
198527032
639189390
221328650
236014442
690589662
145164880
599740096
721492349
843244600
693050014
542855426
392660836
49758626
706856414
363954200
831121484
176599250
522077014
867554776
213032536
558510294
697146678
698259880
357246642
595460192
833673740
71887286
508434394
861588618
307927070
570618976
833310880
96002782
806394090
516785396
227176700
740463063
253749424
672524568
646637825
620751080
637259076
704415811
771572544
838729275
905886004
557269838
118572694
870446000
914523719
958601436
2679151
46756864
338570743
630384620
315841602
237670180
613627762
434407252
303605622
300610402
923923982
485203152
373634847
262066540
703261428
48455360
125748555
203041748
855005724
84583618
105911604
893938798
540264710
868052296
223122345
578192392
259452510
748070738
236688964
725307188
587402584
285667566
106042810
926418052
746793292
308100862
858696662
673878592
489060520
304242446
791601466
694817090
598032712
501248332
524732802
812763940
100795076
388826210
85419580
22456940
58272350
94087758
129903164
845081288
848772909
852464528
402975789
953487048
789468284
541877278
294286270
46695260
158452240
56121617
953790992
485159777
16528560
877176517
737824472
832637665
927450856
273600230
619749602
965898972
342220612
845438212
357791372
832445967
307100560
18154282
121505260
168828983
216152704
731111031
246069356
486141450
726213542
966285632
51507537
136729440
609712110
82694778
555677444
575781698
528807564
481932728
435057890
388183050
908535542
756291612
656129752
821962150
509987118
198012084
886037048
200682234
539745116
878807996
217870874
556933750
895996624
596652493
297308360
555480877
813653392
378293082
686126260
391069515
96012768
50537725
5062680
503960570
2858458
501756344
167547413
833338480
931940567
30542652
111256800
201183683
291110564
338683700
867689659
396695616
415670546
592178520
492957368
260277534
522562850
784848164
47133476
255830964
880509976
192633830
504757682
816881532
965060972
113240410
261419846
547747124
430516746
69802040
977667780
885533518
793399254
913739856
525863679
137987500
275311284
412635066
549958846
687282624
824606400
265246699
705886996
576302110
811699598
529778204
211197168
854945549
498693928
426645914
354597898
282549880
637360732
512010887
386661040
91547222
21948142
643064260
264180376
885296490
507685860
472439770
949467232
426494692
903522150
631336890
473846282
352305022
205942480
461577385
717212288
2662090
960651692
918641292
876630890
486155088
307904309
129653528
556266814
123455026
614812270
776017168
393949775
11882380
629814983
247747584
27092750
806437914
585783076
14823514
443863950
872904384
903923273
934942160
517893932
988677250
444141508
158370570
276065896
526876166
821574030
807508420
496919310
186330198
875741084
929130191
982519296
539284891
96050484
43902588
128212154
526121400
436281924
346442446
256602966
403754640
244469182
85183722
925898260
501790062
77681862
653573660
229465456
805357250
178444208
947421255
716398300
485375343
254352384
319969391
385586396
280651870
952698550
624745228
296791904
587373283
877954660
819356882
882281060
945205236
8129410
71053582
133977752
860185452
480659962
693173352
943636950
5286918
408948240
481949270
949212622
44369972
375787682
433701932
659207472
884713010
110218546
335724080
561229612
211713890
87528660
963343428
839158194
378210836
850027675
321844512
951251310
384278850
337440902
787318492
266270712
704595450
214737948
797174220
762385878
727597534
692809188
658020840
623232490
417202452
422515630
416085318
394696360
347654277
300612192
704395940
441865832
105850792
785349897
464849000
999611800
157019697
314427592
471835485
629243376
988000311
346757244
586241688
696642689
807043688
917444685
27845680
138246673
248647664
911898826
90306940
268715052
447123162
229892280
735171588
240450894
745730198
595410864
793036103
990661340
365802072
689139862
772058582
156017592
550258800
549839486
229540394
429211978
248690030
597713576
628828986
672939020
717049052
761159082
805269110
849379136
893489160
937599182
981709202
25819220
104978875
184138528
739451670
473945406
254866604
35787800
816708994
34518248
298120189
561722128
2917724
410189758
817461790
224733820
514444360
278955452
482644270
904586350
326528428
748470504
37238800
534390744
21187625
507984504
829719300
710295304
841562668
478933274
164904600
232154264
142355473
52556680
760810036
203637140
450272715
696908288
206255990
417767726
629279460
840791192
52302922
263814650
283246278
120313620
466338098
758162564
641699251
525235936
434242376
28095240
532986713
37878184
206254000
122302069
38350136
660094490
298407308
595188720
891970130
188751538
485532944
782314348
905322514
944927100
345330764
745734426
146138086
671143940
176415526
681687110
186958692
309357070
264285030
219212988
174140944
177659025
181177104
982596463
784015820
585435175
386854528
335510955
284167380
155778132
110093520
188754136
80249569
971745000
121822964
105522443
89221920
398392651
707563380
996790728
696684980
700903851
705122720
200503400
596252556
312148210
157229420
804166640
958568615
112970588
278439844
11148508
743857170
476565830
49066316
222922220
959019423
695116624
361503725
27890824
694277921
360665016
27052109
693439200
949781464
727691818
491302340
622418291
753534240
782866676
292018411
801170144
181912038
284051254
158657400
33263544
907869686
492245830
78580048
195894335
313208620
430522903
547837184
959663491
371489796
783741280
1825203
219909124
437993043
656076960
214131213
772185464
175832118
200268390
857712416
515156440
172600462
291774250
410948036
530121820
12174146
76814516
711045646
117074870
497916800
982263875
466610948
131403030
796195110
460987188
990277930
519568670
48859408
578150144
107440878
253034594
587728150
922421704
257115256
948255425
639395592
32552460
868775602
167581452
395754312
288435660
922690722
697553812
456475
303359136
606261795
909164452
212067107
514969760
168050997
821132232
971441765
121751296
761235095
400718892
581066082
392450260
701349222
125483370
876919778
331376650
716082422
223389980
730697536
238005090
745312642
252620192
748057667
243495140
30488588
173610510
559369166
380643884
477939516
553750455
629561392
534329740
553784282
432731480
610644933
788558384
354394816
182361295
10327772
54386322
836566220
582864312
102477762
11924392
921371020
830817646
584820766
60381940
922070306
783758670
645447032
642661872
508344085
374026296
746752970
783206100
501612251
220018400
900517866
581017330
261516792
754121812
656006732
746412622
836818510
927224396
456322791
985421184
287173041
588924896
200252845
811580792
586553665
361526536
401814250
676429300
822679211
968929120
50203526
662379814
611546128
586280150
652148622
842085780
924584682
721857512
132540685
543223856
772658956
435563535
98468112
5129400
445535297
885941192
351004962
751476520
189902038
596149574
673342896
812988999
952635100
515014584
77394066
639773546
406076150
759453180
448926080
55468357
662010632
488893422
449558122
524337082
599116040
673894996
900177691
126460384
627497141
128533896
890198005
651862112
311312912
997701717
684090520
740611730
195525952
692522595
189519236
686515875
183512512
90834010
998155506
905477000
812798492
720119982
826696462
685816172
544935880
404055586
445278376
872892070
373305918
696726844
4865311
313003776
259929015
206854252
766028882
217040220
186913172
107861880
147216418
551443704
22657381
493871056
767677960
527130021
286582080
735916395
185250708
854722140
996111378
125240204
699693448
454393729
209094008
521391464
47434825
573478184
576289128
579100070
581911010
562895006
12544056
155682685
298821312
207018832
730139697
253260560
99169057
945077552
912237047
879396540
451386780
536436810
286245776
362892810
534302780
992587540
18887800
130699522
242511242
354322960
57606127
760889292
393059252
270200987
147342720
398081363
648820004
751097400
756052249
761007096
765961941
770916784
661605708
552294630
442983550
149386396
881279040
812217855
743156668
416362810
168439352
499920372
813236427
126552480
465260208
278944445
92628680
270224100
711320400
123715977
536111552
83528687
630945820
915563570
79690812
705391167
331091520
242489770
396376636
925787060
271894496
110698499
949502500
604966324
699141400
193921649
688701896
947342874
205983850
464624824
5500628
208988844
412477058
615965270
626940196
950889299
274838400
573736229
872634056
881974904
872775681
863576456
65138906
192099740
807939375
423779008
50530750
701654106
702710754
554229018
181968030
899797296
849053415
798309532
504615672
839582617
174549560
141852932
667925320
296355348
299352300
254273887
209195472
715041422
595349282
290272982
147274372
659222422
171170470
683118516
1896330
466550520
359040485
251530448
309233594
875063300
201411394
160410508
119409620
78408730
149558416
370778509
591998600
169010749
746022896
840371500
270042786
699714070
129385352
361139705
592894056
648178770
271574928
156192975
40811020
749150452
756387360
430569195
104751028
967788184
563278673
158769160
664084321
169399480
333577856
276020795
218463732
160906667
103349600
216808413
330267224
69818658
77493144
85167628
92842110
872476886
313889344
432217811
550546276
522471070
333954590
390738596
160145830
753187418
966384154
906334406
43013300
660701866
278390430
896078992
884576495
873073996
201843324
206638546
385200780
563763012
742325242
683935600
417282676
150629750
883976822
25186152
644862405
264538656
672519956
572796955
473073952
146615240
123967465
101319688
871158960
393991090
652628312
953393405
254158496
50042741
845926984
850283216
604603396
87834416
300891485
513948552
563360202
473832260
380281442
419635900
611572863
803509824
995446783
187383740
127871682
787154580
446437476
105720370
765003262
424286152
632005445
839724736
699740076
945522386
117659100
906921076
89147760
271374442
453601122
620572362
355773782
526806092
836722172
232833202
640699932
48566660
456433386
864300110
272166832
631146772
755788772
926537332
527576712
21459985
515343256
649012056
866065081
83118104
285461933
487805760
507478303
527150844
787525650
418790124
581991600
745193074
908394546
71596016
234797484
297139266
862776420
176517026
609117436
845918076
170159255
494400432
104665020
124048342
143431662
162814980
384929502
843616670
768220068
725669990
266473466
807276940
348080412
742639175
137197936
582791369
28384800
247809619
467234436
70203050
673171662
276140272
893163447
510186620
127209791
744232960
998794175
253355388
772735254
816623706
406964970
338929678
78500184
668622100
341093499
13564896
686036291
358507684
949564258
754734300
754235588
331120275
908004960
850715387
793425812
73317192
830335217
587353240
200006920
985107656
126397456
838014031
549630604
261247175
972863744
684480311
396096876
133975750
267056370
361879046
465855116
524672796
920671866
928742840
60501828
496299160
716678833
937058504
937874778
938691050
939507320
722596805
505686288
288775769
71865248
16026650
593340676
92464339
591588000
262083129
932578256
454868529
977158800
105770319
234381836
533620360
283093821
32567280
168590961
304614640
440638317
576661992
662522330
748382666
834243000
694950581
555658160
287883580
20108998
752334414
760751076
49567315
338383552
627199787
916016020
204832251
493648480
207272403
920896324
916139900
357108874
185046288
813920849
442795408
187044394
418792300
24846344
704860673
384875000
978856776
594837936
621520994
152363488
622578939
92794388
967909834
685483000
590341804
523018303
455694800
340099408
124278485
908457560
484500642
640429272
18946877
397464480
505724426
151961836
659295415
166628992
914301865
661974736
983249151
304523564
360036728
677545225
995053720
733311796
471569870
209827942
737964632
915037077
92109520
452706975
813304428
37725620
64443248
91160874
117878498
984217034
123345750
104829004
419408423
733987840
931821653
129655464
155869748
182084030
208298310
234512588
260726864
304714328
131657249
958600168
481970004
162304348
881658535
601012720
719063841
837114960
408497881
979880800
332564483
685248164
37931843
390615520
563747548
686251335
808755120
769069930
536729516
995563671
454397824
424297893
394197960
364098025
333998088
19017904
761667381
504316856
246966329
989615800
675976004
100357400
376852374
950829078
109275864
256179733
403083600
448203007
493322412
459217060
917365452
648601470
700937750
600542432
265137712
197890477
130643240
63396001
996148760
928901517
861654272
150675167
439696060
180285438
242737990
158279992
808037872
494821270
223038990
356799892
738500330
586566888
584665225
582763560
339543441
96323320
853103197
609883072
503734432
54504387
605274340
4350698
451271640
354655776
466187105
577718432
574094185
570469936
54491594
415701948
834706175
253710400
434275952
515379335
596482716
894573596
558697415
222821232
886945047
551068860
913287520
991288502
460321262
54902180
572321715
89741248
607160779
124580308
323548220
803548471
283548720
763548967
243549212
744581920
760338921
776095920
256540018
321104120
734766196
311863860
600866856
776934081
953001304
104166368
285942259
467718148
649494035
831269920
151972005
472674088
903882060
665813858
193387444
720961028
248534610
805536772
910864170
309250840
637462365
965673888
395563419
825452948
71965250
758356476
245629660
880149466
217731784
555314100
892896414
602332398
538340044
678790228
339695864
271417625
203139384
371538148
426327264
574024901
721722536
36177510
674617310
456261836
271933351
87604864
345139123
602673380
930837512
440526572
43829002
606888480
804694667
2500852
200307035
398113216
588282409
778451600
635516824
284002578
790306560
640236167
490165772
328108262
73034882
597408942
163417472
779999895
396582316
427161546
887027200
6112105
125197008
463043614
800890218
138736820
364719238
590701654
816684068
189262734
781284966
388761880
610087380
374050700
189843471
5636240
281154845
556673448
963664200
79671296
165496941
251322584
337148225
422973864
521530873
620087880
672948078
144531690
270630522
614293990
347353828
336759310
321286886
293200344
326011068
770200574
189874246
609547916
29221584
629003200
593321739
557640276
200205660
842300583
484395504
998980388
322770675
646560960
441451791
236342620
899779410
763480556
389319600
458101133
526882664
572997450
619112234
665227016
669093570
858611160
828538581
798466000
33766960
269067918
504368874
739669828
974970780
285482258
943435980
121414328
756976930
747429176
737881420
728333662
568901670
679869448
790837224
901804998
338656430
819817236
503782890
447646440
760376982
73107522
385838060
539249632
378518275
217786916
57055555
896324192
735592827
574861460
575960968
556482924
350186975
143891024
859532400
759421174
550078878
626834364
28065375
429296384
843870475
258444564
868557748
979266619
89975488
256634479
423293468
229232074
577419600
45734389
514049176
982363961
450678744
808327708
165976670
523625630
881274588
238923544
205291150
164340074
595594778
214682614
331147500
144868564
958589626
772310686
134538960
726388585
318238208
910087829
501937448
953577284
531196968
34440789
537684608
863448755
189212900
500379446
452531666
521745670
242628460
854228100
232643780
479310780
649229850
607393096
20802474
198766548
376730620
554694690
586195492
306664530
707049188
757896050
604520596
922182310
650622090
379061868
107501644
887656198
334604850
171821926
317915964
345933983
373952000
404649751
435347500
230232370
686746796
846235360
472195075
98154788
691742100
993176208
180683855
368191500
941383912
186857297
432330680
472821728
71716275
670610820
312092946
953575070
595057192
99867957
604678720
225223508
471056740
395303188
327517360
915468541
503419720
41083498
297291764
400148651
503005536
652483526
25244550
807669120
233495555
659321988
140587670
917925442
380004190
842082936
304161680
286730671
269299660
347863040
303898315
259933588
936182310
670768842
330986450
246943938
162901424
78858908
487091694
877997550
268903404
659809256
228841105
797872952
329546720
489880541
650214360
712925426
880485136
736673345
592861552
449049757
305237960
381326772
98516020
174177915
249839808
304748184
903913250
272717144
961024925
649332704
547257483
445182260
501686426
245022064
988357700
731693334
33528258
44779934
771074200
305989909
840905616
373710895
906516172
203613660
913552103
623490544
357923648
653095135
948266620
524793082
170937752
9460952
654825585
300190216
75078596
279831016
173079800
475973750
656926022
306412752
249177305
191941856
399366506
606791154
814215800
318588804
386377000
580088064
12754075
445420084
878086091
310752096
455871566
187556050
371647790
600192656
327580390
59242150
161008816
683763721
206518624
411639218
901685800
281547622
661409442
41271260
385688132
719598020
83042035
446486048
19792405
593098760
416206760
841109405
266012048
629064399
992116748
474844980
351537328
594751575
837965820
598038796
480386310
29286898
578187484
127088068
552947364
978806658
404665950
979410232
975306952
617223520
259140086
901056650
34288418
225451274
70126646
914802016
759477384
180002953
600528520
307167072
153237885
999308696
407847174
816385650
224924124
400199503
575474880
667948792
250284017
832619240
195983388
897807110
326291266
695677934
65064600
434451264
929433773
424416280
792485886
717677394
662586558
599667960
497462301
395256640
202661088
665515254
841408206
318286420
632164666
900557696
24925491
149293284
603108438
613278530
184888606
103743704
829271373
554799040
449763112
649736132
764926467
880116800
234933507
589750212
944566915
299383616
232296321
165209024
331049071
496889116
471988130
743895620
483662410
128409672
845073690
601227580
779375460
30350060
386137567
741925072
380419237
18913400
981539002
647655100
238200612
331902940
425605266
519307590
979864268
440420944
900977618
458666984
235144473
11621960
253961918
852284834
605752166
891097580
505492676
81584211
657675744
233767275
809858804
635692538
624185344
979454863
334724380
430789206
815681754
200574300
585466844
615990650
326133624
211152748
96171870
981190990
541797692
522435080
355094740
708802460
879400610
896173636
57736650
590309768
122882884
655455998
325325774
967427100
163784624
535204246
38218190
541232132
44246072
756520217
468794360
181068501
893342640
287912760
682482878
77052994
851204150
625355304
399506456
477374729
555243000
362032004
713017000
910907184
987587575
64267964
140948351
217628736
530759660
729693346
322201716
185536446
561536030
138200260
475688510
753748142
611408972
168979252
430992112
943754157
456516200
682436933
908357664
312536403
716715140
175122196
416961099
658800000
900638899
142477796
288667990
912304578
535941164
159577748
568194344
676834561
785474776
894114989
2755200
636820359
270885516
557228770
139021748
307160939
475300128
903548434
135614200
728009364
320404526
912799686
996063080
520662058
376014580
989796907
603579232
687555142
218391622
461506912
410770987
360035060
156243498
952451934
748660368
55594479
362528588
588606844
846868375
105129904
895807300
497924704
100042106
702159506
150335090
668656650
516284966
117034196
901896866
209808780
114189656
890224729
666259800
442294869
218329936
531561869
844793800
899994444
790623023
681251600
571880175
462508748
353137319
243765888
134394455
25023020
696393806
484192206
782317420
80442632
378567842
336082472
444518070
933968278
549158200
97682797
646207392
902328960
875655707
848982452
822309195
795635936
926153030
56670122
187187212
768558112
737230165
705902216
546211446
386520674
226829900
858930919
491031936
409399376
6191505
602983632
659659615
716335596
261233424
22186100
932577259
842968416
753359571
663750724
178775938
555947820
983852311
411756800
839661287
267565772
960155110
763723970
580056782
817319952
94145065
370970176
825769786
280569394
735369000
864283014
990932878
178643524
521270275
863897024
693410850
598339184
258539916
887303834
943627768
866059004
774345838
712775694
650563500
556603159
462642816
624881509
787120200
70594984
613124125
155653264
881574543
607495820
879769876
744405480
543648488
639328745
735009000
174966632
472195140
231202472
659755125
88307776
684665411
281023044
843364478
652860430
614258876
887860840
977865585
67870328
157875069
247879808
642769895
37659980
486365202
213238172
407558212
756545412
11690515
266835616
521980715
777125812
32270907
287416000
754459772
133193655
511927536
582670990
279738690
951664486
434411276
917158064
399904850
434846024
911420225
387994424
378493600
267912189
157330776
890378070
333577718
208529544
178094550
116509094
492980448
123418699
753856948
327188730
630079936
536929315
443778692
527005902
828224550
498043960
533477296
310739095
88000892
706077332
757824152
859671697
961519240
354700353
747881464
141062573
534243680
915348912
183198615
451048316
718898015
986747712
144845420
532833695
920821968
62516140
26728098
894895540
101102187
307308832
454658005
602007176
749356345
896705512
58871792
316938325
575004856
558004906
757438500
273022435
788606368
496838040
676786786
882257976
215987205
549716432
678568312
295541102
995823770
629557650
13609682
340005882
771944350
525394320
888123301
250852280
613581257
976310232
257366500
538422766
819479030
659390720
978113681
296836640
753732350
210628058
667523764
519418838
325640210
131861580
938082948
41007460
634660387
228313312
821966235
415619156
796826954
656193528
923402165
190610800
999265816
326683065
654100312
236968600
130025105
23081608
172854580
654230507
135606432
288397617
441188800
859175407
277162012
993817410
710472806
427128200
300780085
174431968
48083849
921735728
191846170
72088372
502583435
933078496
129073949
325069400
277807874
100160488
203303549
306446608
741951644
227571175
713190704
198810231
684429756
462973540
86279596
956786550
35528730
861877226
849006286
490480440
890397101
290313760
348485411
406657060
668850860
399939190
130347162
725278762
982199790
29570760
76941728
124312694
485819086
342214100
121695243
901176384
352464848
990959679
629454508
189778264
535240913
880703560
788596058
456985244
720065711
983146176
972458155
961770132
171969612
708156335
244343056
783824650
2261308
508871359
15481408
522091455
28701500
576789962
940401072
241422960
701286485
161150008
848918890
909288132
256804450
662441020
673242220
533670111
394098000
34366525
674635048
414878469
155121888
378706740
602291590
825876438
381161960
737448833
93735704
819823925
545912144
217158125
888404104
765111300
819870904
925892025
31913144
927743300
879000344
276012625
673024904
659070050
870959944
18269025
165578104
579751800
276233494
654508598
903714664
440584826
670116140
782980136
33120805
283261472
163411275
43561076
993794914
489229708
964677784
877459566
634194490
390929412
147664332
626719855
105775376
728979570
846086168
652885325
459684480
290492043
121299604
952107163
782914720
752057033
721199344
9246613
297293880
585341145
873388408
190630740
507873070
825115398
330173960
835232520
340291078
285695150
231099220
176503288
534954905
893406520
844131492
794856462
745581430
763942240
233524075
703105908
172687739
642269568
721047089
799824608
878602125
957379640
684741606
924369006
296075540
648466346
339804424
838352321
336900216
14390696
837701545
661012392
541799032
920454785
299110536
364963276
650939375
936915472
222891567
508867660
657955160
225724305
793493448
557424810
321356170
85287528
264226665
443165800
189725770
685926052
674577610
152265768
938499705
724733640
588539710
988038882
122980742
60836220
397222832
338433622
218261230
476619460
883431150
134392406
354983856
655501225
956018592
986720562
262958120
922850045
582741968
956234220
17338738
396261324
282463271
168665216
505247495
841829772
297083522
598635620
900187716
201739810
500366300
814275140
599761220
624168220
942411890
300960796
879089391
457217984
967452548
299176864
409092776
652565780
600562875
548559968
342795830
960083246
209065924
214235203
219404480
874086498
528768514
183450528
838132540
492814550
365579066
392808346
88117030
799159460
881456851
963754240
958455285
953156328
857611549
762066768
523704069
285341368
367844674
936446696
715349049
494251400
273153749
52056096
660310220
156388506
654851256
904929845
155008432
781742152
627875352
907185737
186496120
277432052
368367982
459303910
438545208
417786504
397027798
754195110
167872096
196757995
225643892
254529787
283415680
242503752
233069192
940441717
647814240
163582027
679349812
379513152
110967775
842422396
284620874
658662448
744564680
830466910
916369138
853474990
110337392
940467672
730226042
932331260
647835935
363340608
949997075
536653540
787790032
626168825
464547616
275238809
85930000
334417144
254318993
174220840
725488316
569887950
222620190
10051156
762233130
514415102
266597072
331206825
395816576
305158986
13905260
876428535
738951808
186513719
634075628
890457130
83848976
418959250
672949448
612266370
464885816
842845605
220805392
602411750
802717990
921877232
11336425
100795616
208492309
316189000
302821029
289453056
200029479
110605900
28163574
911481338
202218074
545742150
613815604
440475163
267134720
265710161
264285600
934064643
603843684
279715850
299617224
212740458
80746740
948753020
816759298
573651764
627321518
737271014
458475000
544032504
246479073
948925640
119484556
258802450
883146460
312657780
263736880
126311735
988886588
419862140
776046658
132231174
488415688
664012949
839610208
922418844
918171038
876127190
775265376
600850475
426435572
200509002
810107480
60030245
309953008
325161440
780198803
235236164
84731250
753431604
140370750
785462814
511253828
680639299
850024768
19410235
188795700
386468356
711264531
36060704
150378483
264696260
225694532
186692802
147691070
435868968
327518234
219167498
110816760
979501621
848186480
128249368
959721729
791194088
622666445
454138800
252756807
51374812
216447472
686742250
926326700
554993047
183659392
230420965
277182536
893837800
577624628
107447220
546559931
985672640
53631823
121591004
352376250
361380184
245424448
960887979
676351508
225207214
881882950
474716584
451026338
671113480
883913162
701229252
210139522
651924652
449020912
859389050
42812548
479865570
24307516
539995180
905162495
270329808
148239050
445781532
63106460
139194922
152050720
608101753
64152784
191424566
318696346
445968124
474017396
215955024
957892650
699830274
346679578
221865214
762980000
496641509
230303016
695475884
678874303
662272720
912182248
543632889
175083528
3800600
743803642
821673212
380480852
322829067
265177280
536642436
390060320
173651813
957243304
740834793
524426280
129987121
735547960
955763656
775992281
596220904
426576768
256932630
87288490
342949522
151746242
960542960
769339676
626369870
2614590
86196196
918905491
751614784
249806413
747998040
246189665
744381288
157151060
690883867
224616672
494789477
764962280
35135081
305307880
559177640
216561885
873946128
531330369
188714608
467673610
7686876
395359020
502952366
873829534
693429108
871550875
49672640
935812980
773787660
449039710
631879142
814718572
997558000
279404525
561251048
843097569
124944088
397539764
670135438
942731110
602443416
55759396
855667216
301959471
748251724
465502328
618255674
600303996
902671455
205038912
136939472
573646527
10353580
654678168
299002754
943327338
117431750
408368196
961604899
514841600
606996909
699152216
799875834
374533308
949190780
523848250
98505718
673163184
509083241
345003296
180923349
16843400
968780024
928590625
888401224
15659650
798978104
93253925
387529744
26262358
905740110
965701876
81806770
101642340
35126371
968610400
282484905
596359408
660490485
724621560
33747017
342872472
805453432
462297057
119140680
448145122
576317000
176708257
777099512
786652397
796205280
805758161
815311040
238801990
787976486
237421776
974073311
710724844
977914948
245105050
512295150
443618872
165093165
886567456
21509475
156451492
751240012
346028530
940817046
792846324
279028746
765211166
251393584
738256700
343178934
948101166
553023396
828614835
104206272
379797707
655389140
739445500
173994967
608544432
610861737
613179040
670478536
820490601
970502664
288233328
340989950
634556522
815716330
975049278
692221840
409394400
126566958
260165410
876988982
785449460
939777083
94104704
571463281
48821856
526180429
3539000
42607814
162921278
924636124
208609775
492583424
635800523
779017620
800485812
210939195
621392576
953580760
647944490
323263812
632780930
912639148
302767575
692896000
388358847
83821692
932350382
358209262
574327772
188765167
803202560
446977703
90752844
514690650
430760024
346829396
262898766
629134390
628654080
450813767
272973452
95133135
917292816
28907870
334435610
986639906
311622906
636605904
961588900
787238904
191110713
594982520
779012036
735487480
477978658
203215480
904480853
605746224
288308775
970871324
653433871
335996416
18558959
701121500
383684039
66246576
71387565
76528552
647112400
217696246
788280090
884449770
54290126
382721336
932384301
482047264
989683651
497320036
43491260
901282935
759074608
397052840
409454756
215525280
911232475
606939668
432809840
801778077
170746312
767296730
889704540
790969500
248937770
706906038
164874304
209974483
255074660
300174835
345275008
856798069
368321128
602028605
835736080
283892685
732049288
903007380
73965470
244923558
624672904
903088181
181503456
997792300
587270546
298659324
987653023
676646720
365640415
54634108
565729570
154474532
967646930
539810980
111975028
684139074
801376796
22307055
243237312
225123272
963050677
700978080
954848685
208719288
939090289
669461288
741518185
813575080
763346321
713117560
269274336
433169395
597064452
918781362
59178580
491971702
44678370
493651918
63379120
932013063
800647004
996887400
193127794
389368186
11335230
870012448
728689664
587366878
112092874
65230650
923349094
615507428
307665760
999824090
691982418
384140744
872675873
361211000
745326968
889284705
33242440
10946850
706543016
664161865
621780712
746064650
424013380
672534370
223248956
993198060
964767166
597082646
206302240
96942877
987583512
155192042
750913700
572609315
394304928
718902760
571879961
424857160
277834357
130811552
239555677
348299800
502617162
783185972
830290635
877395296
714588141
551780984
329281766
727156270
944341748
161527224
378712698
523801884
242556428
393905295
545254160
292949350
40644538
788339724
997960071
207580416
483936095
760291772
36647447
313003120
239819562
575591820
21355072
330076635
638798196
208808174
325111558
45860040
218219902
405948482
702910070
257585460
177227290
386604976
765272480
440422925
115573368
424781974
733990578
43199180
228668248
685453990
598383406
923921204
100671106
141630780
164794316
722279670
483733498
329882714
683801926
37721136
391640344
745559550
99478754
138127558
380830364
58398088
184209185
310020280
946980296
913569241
880158184
659670528
641862445
624054360
800021806
257748506
715475204
173201900
630928594
88655286
57004580
520151123
983297664
446444203
909590740
99107796
109753899
120400000
457498199
794596396
126695790
619846078
20622404
391822398
811031854
987855500
618156004
370109500
185611354
397383848
116081870
339775962
680313170
807962098
786547210
105361062
423810580
901120523
378430464
88183868
987742039
887300208
426442229
965584248
504726265
43868280
492165156
940462030
388758902
837055772
285352640
41056187
796759732
104418430
117861630
131304828
144748024
158191218
171634410
185077600
198520788
999950820
642585268
971545595
300505920
421878541
543251160
129318426
911510636
802851576
958929450
343117348
469909130
482496712
387173885
291851056
40956404
712066556
921755735
131444912
54537720
383556638
992648674
686359846
311545740
359493756
407441770
455389782
503337792
551285800
497152228
443018654
388885078
174957984
686183891
197409796
708635699
219861600
985709659
751557716
154951960
397589513
640227064
343426700
678630914
501279908
222698179
944116448
174939884
184521218
112312644
922209875
732107104
164589000
597070894
29552786
513805870
291956688
606106994
415959000
496347464
480971353
465595240
346766496
102600105
858433712
179848535
501263356
822678175
144092992
965999032
787905070
609811106
616732406
812129620
7526832
202924042
184495772
943027887
701560000
229924277
758288552
245304612
786758592
100921947
415085300
729248651
43412000
87152266
953341484
891484216
220153650
420909840
94130881
767351920
749648330
32168316
559657220
268965076
756034560
243104042
730173522
217243000
704312476
65049910
427770730
473835346
726276066
311313250
21465490
211808906
977515206
201437540
425359872
649282202
443381732
802598442
439313720
318525828
71842659
825159488
601095800
641942033
682788264
358190825
33593384
681253553
328913720
290623208
751149065
211674920
401280072
914767097
428254120
22366528
494160525
965954520
551327102
42964562
686685630
804350840
954792797
105234752
863674432
219377867
575081300
718682638
721982550
86630992
242785535
398940076
881005236
363070394
845135550
327200704
809265856
858274205
907282552
547738270
99869218
652000164
204131108
501679284
214128088
926576890
639025690
916148902
396508132
975586062
554663990
133741916
364463880
595185842
825907802
56629760
287351716
938842120
226954381
515066640
803093810
450175032
97256252
744337470
74013350
751121832
839601090
80169400
796691596
296211599
795731600
126906124
922564623
718223120
513881615
309540108
467511824
718754225
969996624
938506025
907015424
271937975
636860524
415794118
998205554
175300550
535626604
984600900
883316499
782032096
98770280
523552428
948334574
373116718
886749500
771366248
784095184
502901041
221706896
740797841
259888784
778979725
298070664
500639298
487969944
789872736
255502275
721131812
367876772
349213972
623152112
689038530
154240048
368804224
640020775
911237324
204972878
668095214
131217548
594339880
458410161
322480440
519533808
648096949
776660088
401014570
25369050
649723528
582046589
514369648
446692705
379015760
85468927
791922092
625731952
26082605
426433256
249852040
918891225
587930408
937109584
347702303
758295020
580868056
915094806
958635030
733258840
126278141
519297440
912316737
305336032
932127827
558919620
417974668
861034190
447837166
971785084
5504216
374862609
744221000
306385969
868550936
404604965
940658992
718629095
496599196
905470424
790384198
551019934
67695500
378652884
183546200
43385409
903224616
763063821
622903024
6608028
606031335
205454640
320307901
435161160
622871005
810580848
702018340
386206328
402567785
418929240
804277440
675645835
547014228
418382619
289751008
365485349
441219688
660404004
266203008
912868269
559533528
206198785
852864040
998896212
898901980
77894322
493775932
229673532
941356722
241532380
780288335
319044288
397073905
475103520
623463331
771823140
564693050
898508016
940175521
981843024
23510525
65178024
835531813
605885600
490102571
374319540
314508178
280762804
256210731
231658656
204023845
176389032
92686460
427964983
763243504
185142381
607041256
326509925
45978592
725364105
404749616
415365245
425980872
41711780
30500435
19289088
671102255
322915420
96207606
377624906
807875970
602086330
157361166
751337896
231528641
711719384
482529253
253339120
99614073
945889024
91682271
237475516
776099950
976867790
940162956
647633031
355103104
689673028
470117859
250562688
367104839
483646988
994557534
655291750
796216744
824690178
807853080
898274733
988696384
139825503
290954620
872157106
674034204
97524463
521014720
239645833
958276944
370277636
331551344
292825050
254098754
507973258
681385814
361042700
745709964
181648463
617586960
822765941
27944920
765288326
531637886
710168380
231579576
826695986
27019920
227343852
427667782
833361202
147270822
526351452
231750712
937149970
642549226
272255414
641121628
933580975
226040320
588322471
950604620
312886767
675168912
346001832
16834750
687667666
251503934
990261688
273319805
556377920
25265456
494152990
963040522
852201242
606215510
602090460
597965408
593840354
589715298
585590240
581465180
577340118
313013210
48686300
784359388
127667175
470974960
93571337
716167712
626529227
536890740
447252251
357613760
682122472
314844445
947566416
910052934
872539450
835025964
476681000
700568504
89609425
478650344
906081273
333512200
604922278
103911070
79972972
706825980
332792535
958759088
677950980
608549968
594403775
580257580
566111383
551965184
550018575
548071964
546125351
544178736
542232119
540285500
49565164
228149950
899466134
570782316
242098496
70046491
897994484
968158798
815621590
663084380
510547168
414754914
318962658
223170400
667634857
112099312
819052710
141971750
742315952
418636972
698491842
515658660
106147282
819306660
511716483
204126304
896536123
588945940
106811112
209064225
311317336
49084944
373817800
386285269
398752736
127006619
855260500
779606664
362218193
944829720
477012376
822742586
849637980
376513276
338837890
148969460
746348670
676792382
905522452
780246042
825673552
64518737
303363920
355049370
245417812
419653467
593889120
768124771
942360420
487581108
176397179
865213248
946475389
27737528
227660225
427582920
274021730
471574152
642627345
813680536
984733725
155786912
435977640
389974900
165039620
11076627
857113632
361146117
865178600
285232013
705285424
22182400
311327699
600472996
25299720
282776781
540253840
843109658
145965474
448821288
527047734
556247766
51021400
75582901
100144400
959757141
819369880
614732033
410094184
936713638
124469630
312225620
499981608
980136880
511354741
42572600
390461978
728967564
886398448
281601069
676803688
72006305
467208920
862411533
257614144
588189800
918765454
249341106
680577630
111814152
543050672
14416557
485782440
741571792
857310655
973049516
113785384
254521250
395257114
631357918
580874064
996365898
311015644
674197228
653069214
563427750
860452104
611953558
457225670
318904496
979538055
640171612
300805167
961438720
304097655
646756588
342770370
740145892
336332930
932519966
528707000
51712888
972808225
893903560
173636012
839493050
725899848
276059805
826219760
376379713
926539664
848862433
771185200
878650902
777603342
917518740
654693482
546794280
39871533
532948784
873541116
731944695
590348272
995486230
702914510
66347252
455798450
728272868
435135570
410557476
264365730
167194300
522523660
379844870
538087666
576373446
513845100
451316752
388788402
694181752
953817717
213453680
760524240
346833388
586675570
655820492
419225880
257052478
426290994
11560686
305496400
599432112
893367822
42937410
192506996
342076580
422064835
502053088
66687980
665985218
798655460
746931138
695206814
643482488
623925120
427530317
231135512
759705870
277526570
543507962
190640742
837773520
484906296
214289766
305254830
803284020
301313208
799342394
953450300
17443844
885308500
782226859
679145216
553576455
428007692
217167430
815635538
522646070
191704292
436733630
583671950
205988412
105804040
5619666
905435290
246121518
698021464
987085101
276148736
546907880
656139708
730392855
804646000
921395450
636868036
352340620
67813202
739745212
978706812
572361602
923452020
532539742
271187790
9835836
748483880
148908840
363182525
577456208
791729889
6003568
895808314
406046500
110285114
985090928
582649985
180209040
785570556
946593350
642596610
338599868
34603124
36063248
596265519
156467788
132308504
108149218
83989930
463389446
936047524
738293203
540538880
342784555
145030228
947275899
749521568
666926964
680295851
693664736
19330830
56822898
324886974
957555096
897317500
77701486
80602894
907472428
241283964
333113458
424942950
516772440
323236245
129700048
786962050
844475376
254928961
665382544
32726543
400070540
767414535
134758528
502102519
869446508
877352910
885259310
893165708
266314340
344289628
758778279
173266928
587755575
2244220
960490552
955062185
949633816
718316920
134722785
551128648
323460204
837883231
352306256
366032265
379758272
165762255
951766236
396884194
723675108
326532514
961816700
289915164
799049450
736992064
572714313
408436560
59799566
852484834
182834998
216025140
814397978
57704880
635471840
136210797
636949752
311030182
995492302
32567172
940792227
849017280
582505045
315992808
896240940
628807738
435098760
718259517
1420272
903031140
428586312
260584925
92583536
6705844
654750636
744818694
374743698
359488150
191424276
847227810
503031342
158834872
614063757
69292640
162951883
256611124
350270363
443929600
547568408
27746209
507924008
104729700
37515088
479241584
766688038
54134490
341580940
803422960
536988637
270554312
683318772
704002052
379141532
388661127
398180720
510309892
622439062
734568230
846697396
958826560
70955722
183084882
614748290
81777650
317687642
940433262
261387320
902109688
695540225
488970760
498885937
508801112
577279452
358397222
371353202
384309180
397265156
512489620
989237616
650192135
311146652
308451940
891918412
18275887
144633360
849343922
554054482
258765040
127427447
996089852
638396680
902429108
166461534
430493958
890120184
762478616
584968809
407459000
785745029
164031056
542317081
920603104
43827978
973604140
296866808
903807945
510749080
704839252
456459820
206757062
81733042
18875750
986756540
954637328
922518114
890398898
858279680
340838937
823398192
61915550
675649690
471467682
347278522
740987630
849449560
934884756
170538620
631237655
91936688
508030409
924124128
926449989
928775848
931101705
933427560
906497752
233157810
447004080
3046855
559089628
741240944
923392258
105543570
504879082
321066550
462199708
412680120
811088713
209497304
202253408
303841155
405428900
588593412
296237740
709025023
121812304
769834718
565566874
406874850
714412634
21950416
329488196
840791616
706293371
571795124
884827438
301906470
531571736
761237000
990902262
220567522
450232780
863277832
302189860
741101886
180013910
751517760
894458047
37398332
241633890
609282500
824168467
39054432
498084232
476092425
454100616
440091296
671521891
902952484
494560458
242149800
454344702
666539602
878734500
253197442
354691660
701378952
688824577
676270200
298196968
844698445
391199920
594078792
820968152
47857510
274746866
528617446
436404540
452001695
467598848
242436375
17273900
792111423
566948944
728802628
391843264
529371951
666900636
104653330
61506380
240603160
294911425
349219688
491628329
634036968
745911674
223885100
203558824
926533128
446025624
532072873
618120120
491022341
363924560
731543101
99161640
288638216
976295125
663952032
232240907
800529780
533595058
297969380
478271378
751155844
483044298
214932750
946821200
399908938
516336604
494862508
103195839
711529168
319862495
928195820
470503236
12810650
555118062
302553272
49988480
797423686
123704294
191970608
680164980
888294507
96424032
968618117
840812200
89507532
24268610
387788740
459366730
164272456
28111354
891950250
755789144
444574448
302116149
159657848
312875794
591616800
135251369
678885936
759231350
916460318
229187324
477931688
341750680
111535626
881320570
651105512
291789190
37023310
759424932
320194867
880964800
269002902
59574942
647966940
828374895
8782848
871410735
734038620
710200382
787976902
506256440
104649808
179899295
255148780
330398263
405647744
127064683
848481620
569898555
291315488
733370960
478654737
223938512
587313720
419453510
224807806
906053756
969209256
56374181
143539104
862379750
849026934
596804248
112040500
918998468
333333580
747668690
162003798
9324340
213290587
417256832
369778272
442818805
515859336
982031720
127766180
497391840
422566435
347741028
442757410
755123772
657506220
227562815
797619408
784460410
728803876
673147340
617490802
991508460
844242512
696976562
549710610
690845050
831979488
973113924
473215971
973318016
319689509
666061000
84361269
502661536
702040715
901419892
100799067
300178240
880325913
460473584
711463591
962453596
509780940
755774486
1768030
247761572
495906790
118614330
741321868
364029404
12880938
661732470
310584000
959357487
608130972
845153210
288935320
134753496
761998449
389243400
611537604
210469800
199548944
970642136
113041769
255441400
89546644
742094300
931316594
867664348
810434324
880858968
237393729
593928488
38776574
483624658
928472740
120039811
311606880
205213796
98820710
992427622
692375312
48637625
404899936
95608026
786316114
477024200
167732284
858440366
228948270
464509948
700071624
935633298
654029584
586705903
519382220
290643972
61905722
833167470
828645528
126750965
424856400
700701322
868843580
13354303
157865024
350999571
544134116
382459760
775713373
168966984
687615268
748616864
669260901
589904936
330513430
761390630
97975136
334837676
277398386
219959094
162519800
181540269
200560736
88837019
977113300
134885304
992497625
850109944
337190300
49669494
762148686
474627876
515584086
416600450
628185150
756130536
504730594
253330650
1930704
750530756
499130806
727879410
551150870
380580916
426910010
792429088
345581515
898733940
914146402
399525132
659232312
878940690
59834848
999816500
516365387
32914272
644841797
256769320
935197565
613625808
895555285
177484760
459414233
741343704
362024300
982704894
603385486
373157500
112759096
158013641
203268184
248522725
293777264
266698408
60418905
854139400
865519496
319400424
263664621
207928816
517170721
826412624
779745048
216329090
652913130
89497168
100996785
112496400
204661402
423574292
592454462
559537662
526620860
493704056
507342154
136451028
765559900
394668770
453802852
191484610
16962668
842440724
667918778
993932160
499064567
4196972
869152862
734108750
599064636
627252040
632092621
636933200
769005598
606801530
569218962
637466610
345668298
47924870
595364612
261707395
928050176
307750430
138583850
335967146
533350440
730733732
189912480
89906395
989900308
485758704
839030503
192302300
735829716
956169160
176508602
396848042
617187480
837526916
382828771
928130624
190180793
452230960
786086722
649928112
75500137
501072160
864474323
227876484
591278643
954680800
48612088
11231790
973851490
936471188
775710070
253063842
607209390
961354936
315500480
981380171
647259860
903948990
879792126
855635260
831478392
977193770
610028580
318122890
151987016
259537905
367088792
240315940
531072595
821829248
615542009
409254768
939129429
469004088
677258634
885513178
93767720
448974873
804182024
605557878
646364310
447004536
864573176
428445761
992318344
221208186
576327820
368481296
130013935
891546572
973903720
56260866
138618010
582978238
111521664
488520001
865518336
779470750
687353450
543107786
274610926
6114064
737617200
297888034
294054528
627259419
960464308
453055724
851329375
249603024
752695733
255788440
401341038
405764410
410187780
414611148
323952350
231799526
92076264
334920933
577765600
824600532
13372260
202143986
390915710
488602360
660471472
299218645
937965816
362964634
786714508
948904304
540330738
376103544
211876348
47649150
45654726
204895864
157303688
804939669
452575648
752620739
52665828
352710915
652756000
952801083
252846164
423886450
51442084
168508450
285574814
402641176
772617589
142594000
97927389
53260776
993451264
933641750
873832234
366098898
656575074
390498850
934832114
561741498
584681694
515122800
818285369
121447936
948913250
214413968
581079074
520989600
657015949
793042296
853286774
225389638
595402320
107711743
620021164
347865876
75710586
803555294
610857648
901268825
191680000
482091173
772502344
62913513
353324680
272050256
516770460
391770343
266770224
209549725
152329224
664421900
148036274
58789388
131207304
235988500
43532204
697461503
351390800
765660358
974054710
182449060
390843408
949239855
507636300
796911096
419612665
42314232
149521100
482448722
815376342
148303960
206039477
263774992
426223317
588671640
806718913
24766184
513393558
852292134
210911200
768560289
326209376
861713030
142823078
310094544
477366008
644637470
781706082
957106150
758537708
586716535
414895360
683910867
952926372
221941875
490957376
759972875
28988372
873348302
215232630
725583520
159576417
593569312
168200662
170786142
602618492
613274632
476730877
340187120
778773708
216207279
653640848
91074415
528507980
183505312
838502642
493499970
148497296
803494620
458491942
113489262
768486580
423483896
518635945
613787992
113186880
345743103
578299324
382396650
660083744
107697675
555311604
2925531
450539456
898153379
345767300
574681704
656924168
346229784
739595450
166301084
173091500
525245134
562051598
801914124
469176228
315177644
161179058
7180470
516878596
945122499
373366400
97401574
346577878
245483464
144389048
43294630
541382286
387695844
234009400
80322954
698019188
75140534
452261878
829383220
74259547
319135872
554205345
789274816
132072171
474869524
817666875
160464224
782388133
404312040
62419188
987450660
10727268
184621380
900394748
616168114
331941478
865507900
377298208
440437420
946020607
451603792
152422545
853241296
268581785
683922272
475809795
267697316
832075634
951133908
415244054
879354198
343464340
196874178
403390780
609907380
816423978
479305640
929993197
380680752
344517980
303423495
262329008
386989890
265215536
345377760
994105453
642833144
184490150
389904974
861785028
325618254
510916006
510327160
293991341
77655520
9629233
941602944
873576653
805550360
304323022
119280970
657903178
196525384
735147588
775519304
163581556
743514404
106148483
468782560
902122196
667163300
200413763
733664224
370626393
7588560
644550725
281512888
305833250
229671992
153510732
77349470
362625958
651978440
941330920
230683398
668788110
974697412
235459470
560696070
613025512
336533690
433666060
634840560
118454061
602067560
109926810
895961436
502995100
296853546
90711990
884570432
808859697
733148960
750013678
867886210
145702822
222371820
680342532
550049060
419755586
289462110
732657528
125649600
955620141
785590680
967524958
92390114
222618726
423325100
624031472
824737842
196275160
424412085
652549008
851354000
120229557
389105112
657980665
926856216
591440400
897047631
202654860
278596368
663271215
47946060
625386632
184313217
743239800
563115688
720147645
877179600
594137662
539022890
684277898
102530190
2905912
373573432
366223377
358873320
206968062
90907042
452659750
973102540
493545328
13988114
953342376
333845289
714348200
642131314
338274688
113936695
889598700
993458782
977446982
333557400
201292548
961021219
720749888
252336415
783922940
353160586
244668176
404199505
563730832
571051562
929822060
295065352
5346372
715627390
425908406
508097456
463015804
615628806
254148770
697835678
668532984
639230288
609927590
592983942
576040292
559096640
293399227
27701812
762004395
496306976
845119861
193932744
189443936
40492285
891540632
523650310
752876158
693831100
634786040
575740978
198902480
618113023
37323564
468401100
183531814
812875298
671103294
687329800
869668069
52006336
991625500
931244662
870863822
37573460
63751162
152040480
240329796
328619110
416908422
505197732
199743315
894288896
542363541
190438184
106466116
970894915
835323712
460733057
86142400
590752061
95361720
389863745
684365768
916011169
147656568
432268045
716879520
696762811
676646100
656529387
636412672
319271252
491536932
880151427
268765920
68036475
867307028
476868920
701503097
926137272
150771445
375405616
936943796
435364555
933785312
618299027
302812740
15676268
796925510
152403506
507881500
863359492
776495860
951891035
127286208
913321964
365990178
602179124
210500558
593499990
942677136
932620569
922564000
48245434
372505588
760667814
546104426
621533730
24670378
957082694
384976836
800390294
201600898
789213950
857035976
438977989
20920000
407953004
793593503
179234000
756302241
333370480
65107930
578944532
197243070
190135358
554067540
917999720
281931898
698870060
727964968
122289009
516613048
473328240
10272903
547217564
392115276
467414895
542714512
386065845
229417176
72768505
916119832
949198540
982277246
15355950
48434652
81513352
820858785
560204216
375489096
57371141
739253184
821966991
904680796
987394599
70108400
489760024
118591138
739863320
914516912
482445335
50373756
473162004
772979256
766066010
647347820
41360440
435373058
829385674
604299446
647571260
187463856
727356450
267249042
807141632
347034220
886926806
426819390
943285100
459750808
976216514
492682218
9147920
525613620
42079318
558545014
75010708
686724194
464736236
770015744
699897893
629780040
649205902
668631762
688057620
806740123
925422624
999941118
908956954
606978050
304999144
3020236
645091394
414232388
847044714
148294200
468605589
788916976
788445960
851806640
192578455
533350268
874122079
214893888
849813409
484732928
556801039
628869148
201403270
560670466
886304334
841121808
39828879
238535948
673893804
63581375
453268944
992130013
530991080
135792768
35118919
934445068
401214334
668811350
371034624
858995793
346956960
864636606
382316250
899995892
417675532
935355170
241593108
989508315
737423520
485338723
233253924
796803996
135653874
474503750
813353624
439915525
66477424
621332888
752971634
604172816
534236346
464299874
394363400
991613069
588862736
186112401
783362064
846422703
909483340
469885272
307829465
145773656
680232204
641279106
45694180
516256066
986817950
457379832
444648240
431916646
419185050
41883130
664581208
287279284
338273188
932299204
155915868
512260674
771138100
739382574
369144998
475306584
208248853
941191120
674133385
407075648
140017909
872960168
131803204
998943848
597747464
470886200
966334814
64621058
314888054
342269300
660455419
978641536
330665544
788479368
372212149
955944928
657676740
866986448
825844109
784701768
743559425
702417080
213145520
174883735
136621948
951980820
328269368
548875610
566523756
107660920
648798082
189935242
731072400
272209556
301538331
330867104
863051883
395236660
196369832
39439712
327193042
911951192
762548157
613145120
611492125
609839128
325427689
41016248
331640645
622265040
953309322
544113340
818223732
142388880
745980367
349571852
953163335
556754816
294630871
32506924
273605578
138476160
884357255
630238348
321459074
803629796
606974274
101129388
33172695
965216000
301169151
637122300
44961870
728607646
29882516
902461146
775039774
647618400
53673979
459729556
67684200
494307141
920930080
373656395
826382708
531575554
341831356
832692204
358595006
766646550
260872608
869753875
478635140
87516403
696397664
206629433
716861200
537936376
31020561
524104744
435740028
989114814
86547750
776755304
656762625
536769944
108702293
680634640
983261173
285887704
750118118
214348530
678578940
598931660
519284378
439637094
786685636
557808694
38347698
968572150
813594276
674399310
144081030
957480296
134018474
979222068
415692875
852163680
280626430
709089178
137551924
462735371
787918816
672414685
556910552
887555250
828110768
210628489
593146208
188135779
783125348
888081554
55482500
171946954
649561928
615879409
582196888
211431204
419359568
417891440
61381270
216990222
962522772
170745195
378967616
358303960
531621313
704938664
158895700
108876764
192339250
275801734
359264216
13998709
668733200
510290639
351848076
801007180
582347503
363687824
867879525
372071224
876262921
380454616
859593540
864593656
869593770
874593882
693438550
735550108
159524120
169302113
179080104
188858093
198636080
208414065
218192048
886203974
688651350
491098724
293546096
131652605
969759112
262578010
555396906
848215800
934357420
457678527
980999632
763081392
156354077
549626760
487992412
832773750
177555086
522336420
471030963
419725504
788418518
683196030
551446796
827296199
103145600
378994999
654844396
476217130
753799568
5189994
871559500
791523344
711487186
631451026
16827290
60304110
783619896
222335725
661051552
99767377
538483200
870460118
261686590
907775852
71678300
372174442
937655360
503136276
68617190
181823338
295029484
408235628
338865614
947906126
556946636
165987144
751235148
146567874
42667396
387583475
732499552
803060160
478607211
154154260
290816460
956924911
623033360
651642285
680251208
708860129
737469048
142882904
300208306
136621360
973034412
809447462
243154690
491009710
676940032
783436675
889933316
996429955
102926592
652197405
201468216
468148609
734829000
511724034
288619066
65514096
828515425
591516752
639007512
89786177
540564840
120020740
35217560
325348521
615479480
925610060
410805551
896001040
298859185
701717328
603733865
505750400
738841867
971933332
205024795
438116256
156805110
272815118
844151284
53641138
765035364
726130418
559872340
784279798
722038690
659797580
597556468
459772000
865865747
271959492
678053235
84146976
396443114
236834108
118146484
773333088
176563779
579794468
983025155
386255840
670965641
955675440
264219255
572763068
59412804
342964388
143762819
944561248
839398760
734236270
629073778
620854750
205469672
210153122
632085832
835523937
38962040
731641272
424320502
116999730
390250870
880699492
22426910
423875038
285767940
147660840
9553738
262837860
516121980
769406098
40723500
581929568
538159149
494388728
450618305
406847880
903406636
688573951
473741264
258908575
44075884
10435408
976794930
943154450
573885946
684355166
829796720
975238272
120679822
873814482
611209582
201562672
940050297
678537920
434403890
585581192
223543690
414434020
71702010
875608656
462896670
50184682
637472692
806106822
974740950
143375076
562591539
981808000
11109114
704954868
910268139
115581408
708861694
302141978
895422260
59185547
222948832
386712115
550475396
866603324
616866746
365968760
988460373
610951984
918079000
913222594
844893768
748308449
651723128
559564344
264474833
969385320
386560857
803736392
141764745
479793096
711503110
362882798
759622004
214053618
509664324
425541498
430639280
527506561
624373840
361444258
107253024
180073003
252892980
307491426
371167564
434843700
498519834
603111728
707703620
812295510
916887398
21479284
161396378
313385520
318705417
324025312
840260325
356495336
485344660
614193982
743043302
307132872
588507477
869882080
151256681
432631280
714005877
995380472
134727402
201720132
955064642
810291020
166868232
310713572
10100147
709486720
760281043
811075364
861869683
912664000
875981277
839298552
868577342
144735890
805853470
682488872
400872730
497290460
707523900
4598290
301672678
598747064
364816000
130846139
896876276
699111990
438671138
985333294
612429536
273766440
596528900
496630360
499299105
501967848
363208550
470746526
878350764
749428076
515648735
281869392
48090047
814310700
580531351
346752000
164690580
96455220
725985531
355515840
777511033
199506224
528871671
858237116
759655540
683836155
608016768
352045369
96073968
659793349
223512728
109711985
995911240
989158890
320499252
155602507
990705760
747123533
503541304
136976478
664623234
850304950
286862484
864585250
903180044
161495800
432588554
51073268
620386134
768549266
69644230
674218508
845496060
968851378
559386524
101307748
603128259
104948768
134703389
164458008
39094634
913731258
788367880
682160402
729190672
452973825
176756976
939184586
621470460
797402276
362826620
779845015
196863408
472649120
147983691
823318260
756583800
252023682
747463562
242903440
940693647
638483852
105667332
563905092
794232092
564884082
91122460
136066415
181010368
101370185
21730000
848415132
397048910
818505790
823514212
296166230
886732098
390494750
59335512
771014692
627311952
554896127
482480300
187888160
23823637
859759112
744189942
628620770
513051596
388193191
263334784
793452393
323570000
523146673
722723344
710867500
853416194
557510788
147635674
505260096
657476099
809692100
886295934
925589518
447219644
212001375
976783104
364030833
751278560
512315070
408300282
304285492
200270700
679197215
158123728
959454805
760785880
20457750
280129618
539801484
842075848
472983265
103890680
878884856
675934054
927106158
178278260
429450360
505480905
581511448
440706749
299902048
871859755
443817460
14516426
369306136
685581445
1856752
437755312
658732157
879709000
795389492
529927787
264466080
261612880
675102868
88592854
502082838
543528344
563064436
205969044
848873650
491778254
734063488
196871969
659680448
122488925
585297400
659328830
429671442
781496542
890716680
704098878
543711394
829360486
203870700
854497143
505123584
234636873
964150160
693663445
423176728
494904050
944709072
394514092
844319110
397104338
329262390
106872292
608929150
352204590
708336332
855390247
2444160
320200360
637956558
955712754
118399550
707360344
235963108
422809664
676817283
930824900
858042856
340918085
823793312
868146925
912500536
707852590
960350458
296243074
383476746
265668310
383913548
502158784
620404018
533825544
533675473
533525400
619466068
705406734
791347398
171882824
37280725
902678624
768076521
633474416
975474821
317475224
659475625
1476024
343476421
685476816
333694650
366135428
665904930
982444572
894853940
956054112
303745475
651436836
657108626
323596740
58479866
735139184
723307700
207770284
278567750
349365214
420162676
486589314
297766268
759282015
220797760
563410171
906022580
301037860
768337060
359343380
950349698
541356014
495549600
27550139
559550676
91551211
623551744
180360436
514796844
379342886
561115010
742887132
924659252
514543515
104427776
917644439
730861100
621440674
534672948
602693454
380243606
157793756
935343904
847430931
759517956
671604979
583692000
932511704
281331406
630151106
97837670
918234380
501539591
84844800
346205381
607565960
123101093
638636224
191794223
744952220
600369962
685756320
245490347
805224372
846511282
389994532
890064322
322817580
94597712
942234685
789871656
637183954
407827728
178471500
949115270
719759038
490402804
168001858
782702364
565882388
779696984
655228993
530761000
787957438
45153874
302350308
519903154
673885556
841288715
8691872
752602450
347853400
943104348
538355294
782572086
297863120
841873913
385884704
730620650
48449724
605212500
161975274
718738046
160808240
339769831
518731420
417722680
190022825
962322968
845607320
327265673
808924024
290582373
772240720
130409512
544173145
957936776
634177064
521971068
518258494
55344486
901772040
748199592
594627142
441054690
287482236
866465119
445448000
153396514
499676528
657428049
815179568
863278354
825773800
299769294
51903898
958244914
971962850
99916674
406083298
543546034
581036250
537299054
890465848
997483320
763833486
530183650
296533812
62883972
829234130
216939460
604644788
992350114
695263276
166294064
637324850
108355634
916355018
965322694
779742500
266824339
753906176
657190965
560475752
331605885
102736016
627276559
151817100
692038324
18050843
344063360
618873431
893683500
254696158
382417734
840709016
414515620
335187056
39074429
742961800
582008794
475738908
320204524
265453278
912689414
585531000
586483144
555661925
524840704
359735283
194629860
312687526
272937114
233186700
193436284
939602450
685768614
431934776
514783885
597632992
558589600
378132013
197674424
785573846
373473266
961372684
498988616
695956909
892925200
89893489
286861776
483830061
680798344
730297636
243701344
202049413
160397480
42863942
925330402
807796860
690263316
572729770
820547848
570666050
320784250
70902448
112209584
417413341
722617096
760994765
799372432
237845805
676319176
1453340
694800166
920774834
292364678
995364620
757139708
541683890
484516636
723028100
543869076
543931760
395700093
247468424
395688588
173855954
948719356
571333804
192581806
348156830
115846388
879495259
643144128
233076804
823009478
412942150
746341216
894955084
428956783
962958480
894932728
568609630
825913026
795494614
962145188
128795760
295446330
742491172
189536012
636580850
587542380
712478320
780537997
848597672
5870432
308919357
611968280
915017201
218066120
415891066
310103884
760158816
278679459
797200100
6071474
9729268
756754254
324043606
495242000
475810191
456378380
547092220
637806058
728519894
974736300
540587844
449240500
995162744
165979298
931503800
773466053
615428304
535555050
523056844
571684583
620312320
254379871
888447420
924988558
882273854
238945956
218261254
232154538
787572450
342990360
898408268
529619090
732994652
110222735
487450816
802777496
869085665
935393832
285837572
459896792
682819790
600819338
518818884
436818428
8894295
580970160
593160281
605350400
489158871
372967340
256775807
140584272
884580142
993448082
102316020
211183956
320051890
428919822
537787752
646655680
231328722
343025400
967750357
592475312
459719047
326962780
370347160
528276606
686206050
844135492
2064932
159994370
995159308
734951640
43904113
352856584
176112258
381368184
615120116
418681684
100066416
942389959
784713500
381039044
155939300
852939844
40291900
639537594
623012728
551396140
457224447
363052752
699240105
35427456
601819479
168211500
83778714
306304728
863915760
421526790
979137818
493821850
722920902
780984500
263070762
745157022
227243280
893569806
996534306
587619030
178703752
769788472
365572017
961355560
152350902
15127702
981074360
33164205
85254048
137343889
189433728
855902965
522372200
188841433
855310664
612002200
337261809
62521416
118978900
34863003
950747104
385613906
305533080
46623600
331327175
616030748
717472044
686371711
655271376
238391386
375383540
886792326
905953914
942449098
14525470
658221216
301916960
945612702
982775690
931987418
267853750
158307852
993526060
652749342
603030950
319511688
160431925
1352160
887172012
185425650
557430348
264820920
964115682
577947352
913231765
248516176
472895536
698559525
924223512
149887497
375551480
215332085
55112688
918045704
464595856
787293445
109991032
870184850
947971808
882245385
816518960
750792533
685066104
145534978
538810184
952332833
365855480
230051528
379454169
528856808
678259445
827662080
243796505
659930928
682988919
706046908
847557460
989068010
130578558
461296944
646582361
831867776
964362930
610315400
920327985
230340568
540353149
850365728
643011160
937302842
231594522
525886200
124360668
722835134
321309598
738357124
182501475
626645824
665784850
704923874
744062896
216259399
688455900
964412944
792424913
620436880
172183567
723930252
275285000
101925185
928565368
943811080
957250613
970690144
792814875
614939604
656811898
439367904
422699673
406031440
331453153
256874864
206585373
156295880
580519261
4742640
115590583
226438524
79335000
434408374
871505158
109173744
264191863
419209980
149680592
320839005
491997416
663155825
834314232
906719360
543282747
179846132
816409515
452972896
560793949
668615000
301604249
934593496
909245565
883897632
666382317
448867000
231351681
13836360
435597820
207516791
979435760
751354727
523273692
31309652
268701032
364008545
459316056
460193456
844151405
228109352
612067297
996025240
439582528
503038300
773963758
217524910
555502332
470980920
715683298
774632664
177303701
579974736
27702960
170792413
313881864
456971313
600060760
613888792
505369425
396850056
111723604
886108156
660492706
434877254
209261800
983646344
259040168
121263945
983487720
863653336
201843601
540033864
505343908
80428755
655513600
261433935
867354268
909753030
409829602
617622270
137027368
314795034
51819100
726776284
401733466
76690646
99291100
280550536
453326276
626102014
798877750
971653484
144429216
241972635
339516052
670682352
401054685
131427016
126191546
382730540
992648936
78263125
163877312
837909635
511941956
693080856
829011990
902941398
951833784
583186000
718131359
853076716
683921080
126086633
568252184
842821700
117391214
391960726
636218960
237171522
460799120
132462607
804126092
525168372
881481632
237794890
594108146
853949074
147238138
440527200
733816260
707197987
680579712
807611127
934642540
612055818
289469094
966882368
533384145
99885920
838727086
119328226
399929364
680530500
806583564
61707950
316832334
571956716
530182284
140406223
750630160
58741918
761687034
210938066
131120530
982325658
190156014
358526776
681356760
4186742
327016722
649846700
972676676
881607540
961230363
40853184
17924168
11496169
5068168
11927184
564007023
116086860
972710912
50922327
129133740
457585590
200503802
229347482
558538470
852672260
258815747
664959232
71102715
477246196
198471116
219543246
375304750
243636380
162973680
201825575
240677468
554531524
855135588
68848804
597404931
125961056
866597681
607234304
347870925
88507544
332421998
701571514
880530850
958779674
975442398
438850384
902258368
365666350
7523586
148758694
359989228
571219760
782450290
169291512
425164037
681036560
936909081
192781600
130510745
68239888
181416664
38248826
895080986
751913144
343016661
934120176
348930120
503157400
526956265
550755128
997673020
623275198
658272614
620163976
582600089
545036200
581395489
617754776
246216885
874678992
909474975
944270956
902798804
264322443
625846080
896460250
167074418
437688584
305306541
172924496
40542449
908160400
36619249
165078096
438192080
176210111
914228140
254820408
868283049
481745688
174810020
779741168
907634215
35527260
962130196
507063000
306748990
416602482
891550222
969066080
46581936
124097790
201613642
279129492
997971387
716813280
796943602
777680520
402326090
26971658
651617224
871125546
386864660
902603772
418342882
488182340
65491722
849905640
278429270
706952898
135476524
322976528
13469940
829715548
108265970
766723612
425181252
83638890
742096526
400554160
161080711
921607260
955329960
779110161
602890360
426670557
250450752
276178547
301906340
42445630
368066062
693686492
19306920
344927346
670547770
744059550
602218576
174104361
745990144
817545578
424548380
432424508
358895250
101333356
182956560
264579762
346202962
120636442
975096942
336814712
599681757
862548800
60417221
258285640
93759256
469106481
844453704
447348148
674175924
535299528
718247069
901194608
567598049
234001488
660269695
86537900
985804976
307704461
629603944
35085578
226890180
970160258
254305580
387893328
254769469
121645608
988521745
855397880
722274013
589150144
456026273
322902400
707125671
91348940
584776770
434123076
159621610
843430008
619677765
395925520
227440006
690981654
154523300
618064944
81606586
545148226
872487850
199827472
527167092
836846012
256235895
675625776
603225360
183428533
763631704
343834873
924038040
446946381
969854720
492763057
15671392
242739070
787499930
332260788
877021644
421782498
966543350
601377812
572356610
457478300
342599988
227721674
969547096
329553360
12778833
696004304
137205000
304734889
472264776
449888800
663590211
877291620
135014970
392738318
650461664
266839851
883218036
105369440
853453037
601536632
349620225
97703816
718539596
607718466
26659780
3154506
286216904
292157578
512168484
56255075
600341664
656769000
157631769
658494536
854224120
179321430
966641302
109843672
247939532
764160882
492987372
278773072
437392445
596011816
206774546
575062000
385017905
194973808
851576114
508178418
164780720
177835880
577359196
966826390
824898170
80610426
861819286
59129180
391983976
609306965
826629952
167397855
508165756
436849154
417789748
398730340
379670930
903339012
700244970
364280248
110898804
857517358
604135910
350754460
97373008
907319615
717266220
619506672
521747122
423987570
869642090
81537942
293433792
505329640
3646557
501963472
105133902
708304330
311474756
713241890
615684700
99091620
251128220
403164818
555201414
581115500
337072964
523978100
514095899
504213696
167963345
831712992
984561085
137409176
858495050
311636148
637912230
41835562
225367810
280275098
734011070
813443712
846125155
878806596
911488035
944169472
3632950
815433678
785472020
598671498
411870974
225070448
961129879
697189308
617634320
538987220
460340118
381693014
519659000
443221069
366783136
290345201
213907264
884846443
555785620
309571502
23097030
553124968
801957825
50790680
578302380
386543807
194785232
619273472
365107067
110940660
407395910
703851158
306404
995610931
990915456
725126106
868846660
287852946
210277924
597334083
984390240
210372628
730113179
249853728
413535649
577217568
286143000
460326322
58759152
265073207
471387260
677701311
884015360
912417251
940819140
817937488
982331469
146725448
680592050
850864576
742679289
634494000
526308709
418123416
977387665
536651912
993252450
628407880
729781506
790150904
353656181
917161456
751689481
586217504
69456331
552695156
33685480
357203848
754800264
161752776
570645520
2894232
883956370
418058560
939826283
461594004
216753756
876923154
661214988
628323624
245535025
862746424
938666288
811337290
301726076
444589700
587453322
730316942
873180560
16044176
744502360
409367018
592362980
890930138
844722784
105716283
366709780
933279066
88708784
506506000
811944064
2941853
193939640
865996046
355139274
905940938
293801870
212652536
64170976
915689414
767207850
291690274
751377898
376114534
478268500
580422464
682576426
313224700
118743236
661548740
412953596
63618730
129453568
643375529
157297488
876267550
595237610
314207668
597710859
881214048
822180654
684809250
900414134
116019016
331623896
93625650
855627402
617629152
218288507
818947860
419607211
20266560
620925907
221585252
411109790
284261790
777617252
434853430
717707218
767605510
109497452
279684420
161087092
736861480
802499957
868138432
381235020
928561135
475887248
23213359
570539468
117865575
665191680
520410367
375629052
466349662
837932502
676168992
400177377
124185760
95970230
301423022
843270532
385118040
926965546
468813050
10660552
841727985
672795416
912984500
84954603
256924704
948114356
445934204
120478906
737894840
131579460
685743960
239908458
794072954
344550
961859044
744131150
502296774
615438728
140127989
664817248
863398444
335162175
806925904
287232500
856771804
547007250
68685964
831910600
842875324
845375150
546238894
795898428
854451624
913004818
971558010
194655902
193847440
631858287
69869132
890015292
2369847
114724400
154220412
459723910
585482850
594376702
990852392
531713882
74604860
72628772
271339420
367835762
790993820
752392623
713791424
332073900
638331519
944589136
506735444
589599636
379626144
404374611
429123076
965084250
280238720
94896755
909554788
694274870
841417042
424552390
735248588
408565260
81881930
755198598
744885124
257447718
237954554
676659050
792913454
144844968
908419349
671993728
435568105
199142480
964479812
910159040
489950485
69741928
649533369
229324808
659031814
229499950
725963284
896653483
67343680
997605841
927868000
940496962
984157440
181802547
379447652
777038182
573369402
666606922
103369502
602038432
911948177
221857920
997963350
128317182
678096332
988552292
299008250
609464206
141510056
914603450
830236108
346224359
862212608
5615215
149017820
82220622
771825022
461429420
151033816
203765846
298179830
392593812
487007792
350851127
214694460
690999868
17920055
344840240
370407700
652149220
323983220
995817218
667651214
365806000
294493684
505688700
474579834
924773208
374966580
825159950
981752246
138344540
294936832
451529122
608121410
764713696
921305980
367932086
543209994
534778658
338422410
355963126
596171164
63411576
558975289
54539000
708326629
362114256
501019615
639924972
833400740
178184803
522968864
691453251
859937636
936364540
12791442
89218342
111801212
789294032
378038080
671695933
965353784
110754366
180597970
709806398
462983864
812150200
803905409
795660616
925882300
630158126
334433950
38709772
151660340
927424432
703188522
478952610
562876970
996923782
998116452
919260942
153187302
816858712
742110877
667363040
316822040
163351385
9880728
208171440
204377623
200583804
613300500
539547704
444100058
348652410
253204760
317519805
381834848
947362804
732070028
1547774
753568150
505588524
257608896
30233565
802858232
11054750
639217570
501428102
363638632
225849160
963981248
474093935
984206620
899790466
815374310
730958152
155944910
436878330
714225122
991571912
268918700
546265486
823612270
236045820
957955000
8990857
60026712
465707172
467939952
906894810
787176468
561268030
335359590
109451148
883542704
657634258
831113864
990721325
150328784
375867828
601406870
826945910
731186056
766247381
801308704
484721868
734987674
187180600
935528949
683877296
388941820
644811686
900681550
156551412
38933810
889588900
399572130
930274876
441506220
902810943
364115664
257887098
151658530
45429960
939201388
832972814
925370926
762594780
763256303
763917824
174331183
584744540
946347982
439943230
933538476
427133720
364500161
301866600
292078726
796577614
567612708
104299734
640986758
177673780
937558538
418641720
44616533
670591344
121751936
820343645
518935352
314254030
109572706
904891380
583835166
991489646
831682060
524508615
217335168
417607140
881428691
345250240
29633451
714016660
965692780
410499871
855306960
311353886
591129594
334521938
77914280
821306620
274677150
829398326
762830736
325196494
100677698
977014950
853352200
729689448
141757005
553824560
668631527
783438492
658388352
714857707
771327060
339932758
704977650
548984182
293955620
812377683
330799744
690086978
37221344
711458683
385696020
59933355
734170688
752545000
518287612
278790647
39293680
174808653
310323624
120519648
67859315
15198980
325730012
87668770
663527748
841236435
18945120
762268280
752163441
742058600
473473340
338662830
662994862
108635452
637418472
166201490
694984506
227172606
528859840
250889825
972919808
976307534
762746866
225457470
688168072
150878672
63372337
975866000
552166420
128466838
704767254
387757400
243950524
1596350
759242174
516887996
630689624
434792278
469037814
750549000
32060184
313571366
483103790
625423668
698771970
195875452
622297980
187490242
703824980
251601702
895398922
957115250
967608850
932126522
332927102
370410880
789472983
208535084
311401950
649507014
391902808
134298600
876694390
894578806
912463220
930347632
861053962
520375772
237973967
955572160
90245835
224919508
844005500
463091490
82177478
701263464
320349448
316101304
311853158
307605010
633467382
452371460
436961942
677040322
917118700
157197076
272802539
388408000
301416684
616041823
930666960
299927228
349523735
399120240
653851237
908582232
621928702
318063890
345055390
372046888
399038384
50405783
701773180
958848116
680073040
143404832
868181352
595961452
287939935
979918416
982084521
984250624
765676471
547102316
687230150
256123890
38230406
820336920
602443432
425633020
799782135
173931248
830240130
358829136
887418140
416007142
581170770
465490838
349810904
234130968
118451030
2771090
548407622
528178892
307886732
641873782
431363450
571100570
710837688
850574804
410427931
970281056
230176755
490072452
79958572
669844690
259730806
849616920
439503032
717590622
995678210
273765796
551853380
829940962
327997052
497572572
454458727
411344880
261058392
665454665
69850936
938821580
501901423
64981264
848723828
616549884
596068058
545925800
495783540
445641278
840767454
378725156
828493235
278261312
794649470
311037626
827425780
822307366
605003434
387699500
170395564
792345950
885363334
495956408
219026589
942096768
665166945
388237120
762447262
974902442
631830250
61694590
479427632
897160672
314893710
732626746
150359780
264828035
379296288
185922040
322023246
348585066
375146884
401708700
428270514
454832326
885135660
434332183
983528704
309649256
817427225
325205192
768529560
869062513
969595464
777603476
268313164
575600303
882887440
519370698
833070684
388787468
944504250
500221030
241746276
39842611
837938944
174131586
760897600
250937571
740977540
335355070
929732598
524110124
669492228
692988644
897466308
492999964
569540338
92061660
143947668
543899755
943851840
170941221
398030600
165166256
428110029
691053800
238415704
51760025
865104344
774455800
418653894
477749758
981291324
181049375
380807424
580565471
780323516
776177070
772030622
767884172
557760007
347635840
761835448
176035054
590234658
468519414
346804168
225088920
800584873
376080824
943653868
205358879
467063888
53753369
640442848
316300099
992157348
476781780
512485611
548189440
133264375
718339308
205142610
337075932
812717620
952261472
936751277
921241080
737903062
859097302
345420920
940035725
534650528
534863920
940782597
346701272
361284570
991824140
765698640
174125695
582552748
730699760
192640237
654580712
661284890
716104860
487149260
459267990
431386718
403505444
536537011
669568576
187687486
622524570
191498370
179095786
579115526
979135264
379155000
391606929
404058856
35168940
600492223
165815504
805987528
711395349
616803168
719593000
822382830
925172658
857906814
586952376
476832125
366711872
362365680
961620453
560875224
63358346
565841466
68324584
725277613
382230640
522130092
714925695
907721296
570149580
442674186
310004544
461908875
613813204
483943148
922364534
494997466
988158410
648427838
305940464
789452601
272964736
824232450
218889600
267966327
317043052
245954110
19155030
523246272
444910895
366575516
207260346
47945174
888630000
13038824
968813068
63368594
579625500
803585444
239158300
866382994
493607686
120832376
600964461
81096544
232645300
384194054
535742806
488660520
567780290
141633592
497147077
852660560
167590968
99403505
31216040
545816972
400506767
255196560
955815652
85239827
214664000
403938876
780427910
195344930
856148446
593240216
455621820
688817726
333576486
212277480
913492058
165245180
233912628
523996160
814079690
104163218
585871650
59202
553819650
24033218
645806690
730026802
318803610
206525518
837053480
928020513
18987544
775069468
147450614
727018250
303556194
880094136
456632076
34537186
617522740
200508292
783493842
163052612
28963987
894875360
680095025
465314688
672939495
880564300
302488526
149674286
345714460
756960976
168207490
579454002
964655610
16413118
260605280
83420091
906234900
810656840
100362212
143370000
186377786
229385570
303819770
946897486
589975200
233052912
766312997
299573080
989645578
681566740
721297147
761027552
168432405
575837256
865386720
154936182
444485642
189577570
762757930
335938288
909118644
55585708
604890374
299843346
487921110
263162548
38403984
813645418
63671244
188203248
937920810
200633612
455581920
710530226
965478530
195784850
16602346
338339766
821865820
306034056
418163556
624298355
830433152
306935515
783437876
422809836
338256726
4946410
671636092
338325772
589603087
840880400
302384005
763887608
58588250
392858156
911023560
951416828
118648830
53678726
724021464
655746101
587470736
175955375
764440012
303926972
915021922
682526532
450031140
217535746
25202316
832868884
640535450
448202014
255868576
787953690
320038802
852123912
811427537
770731160
565686452
551371115
537055776
706312139
875568500
313024744
737408993
161793240
285297616
669674309
54051000
891488354
100705048
786309429
471913808
476708064
287866963
99025860
910184755
721343648
922859625
124375600
154437245
184498888
110744900
767228808
218637500
679006638
565218350
320378492
75538632
830698770
332387408
948238469
564089528
179940585
795791640
89454276
707759811
326065344
88012811
849960276
2727740
149888266
397818384
870483153
343147920
776879722
388544460
265454832
456619805
647784776
10492861
373200944
348358248
783803260
193602487
603401712
416235122
359265592
986588940
607970402
261942132
891840062
453037022
14233980
575430936
856184494
436529178
106637330
701563026
296488720
891414412
339503930
787593446
235682960
456302133
676921304
419014481
161107656
295721425
430335192
31824540
633313886
234803230
836292572
437781912
39271250
640760586
50042694
971758628
537562014
57062750
790011204
339238750
888466294
437693836
38962444
295126486
492563530
729992098
626126474
129033846
990167900
140095663
290023424
803708775
317394124
951679738
23708424
84013746
192340480
26709095
861077708
29047190
114602282
200157372
285712460
831630703
377548944
529731998
681915050
834098100
184957830
460890042
736822252
12754460
334249242
299015400
236808230
70004926
215203836
644506376
187962145
731417912
660754792
806816372
397691652
280105107
162518560
686066298
339453204
460865118
654475374
848085628
41695880
404309601
766923320
129537037
492150752
413246720
559227415
705208108
825198374
979193346
244190510
252688448
384809715
516930980
590986462
644003902
702492020
377011042
970105740
897555352
758564430
619573506
480582580
129464846
947713974
844454528
506719619
168984708
901045174
68931250
256585974
57836708
795266254
823368006
656192840
710153173
764113504
566189500
392187654
5953378
214369534
621644200
979752714
7872388
35992060
64111730
92231398
120351064
372708053
625065040
669462573
713860104
150192628
460208324
770224018
80239710
956739656
266969206
577198754
887428300
574669704
956920628
52001515
147082400
2533691
857984980
401532320
866527635
331522948
490594170
649665390
808736608
981372235
154007860
152914186
977544376
40213525
102882672
434925352
702362905
969800456
806351656
790661020
900035366
9409710
118784052
99315650
14682268
369028020
959630848
887727655
815824460
743921263
672018064
170238168
843561274
87530396
185060524
355594446
474703630
101942668
97174660
199671588
390051540
846669408
214538835
582408260
1835836
682535351
363234864
888338376
110376840
364482585
618588328
531814224
190985823
850157420
969127416
397532746
741882580
728705886
763294894
797883900
832472904
547006925
261540944
830306558
250040010
230608026
211176040
191744052
172312062
152880070
184566648
123254504
968406756
178518704
981692893
784867080
82690602
24075220
221785662
160423742
809308500
492882315
176456128
143006760
999333561
855660360
711987157
568313952
742580315
916846676
996185786
20267200
448346851
876426500
465761198
511018294
34826336
445221300
225906443
6591584
787276723
567961860
609279746
431889324
147294896
365158999
583023100
854375484
234315250
223647804
212980356
202312906
295704520
562679121
829653720
620904156
966743910
276507218
205075734
716733716
67310155
417886592
768463027
119039460
483822568
394116824
300474546
8999600
373954513
738909424
442771650
837472304
399995175
962518044
85935808
77571899
69207988
802276670
535345350
268414028
887934380
507454730
126975078
334740340
876707098
418673854
960640608
494600155
28559700
267865112
882197510
246573950
543182652
189437240
889410537
589383832
168015752
5908952
631817337
257725720
579943152
73458855
566974556
474470556
505035306
806222880
345875923
885528964
729838676
813332064
73869251
334406436
348137170
361867902
375598632
153667450
678096108
486174520
898742802
270258912
439297787
608336660
514711850
611610952
882694170
817619900
48271940
58670931
69069920
547034521
24999120
795949681
566900240
337850797
108801352
636611682
185186952
495681297
806175640
577201332
293566180
89522083
885477984
659002891
432527796
570384160
641500165
712616168
752549814
281267926
563129560
782139340
536994930
534587756
273714231
12840704
748757298
484673890
220590480
107379535
994168588
962058964
929949338
897839710
930776592
824306517
717836440
650886782
752880530
854874276
956868020
278802043
600736064
285905323
971074580
981156412
821191735
661227056
546207920
476595613
406983304
238685308
343031134
429476566
41244320
984218273
927192224
172859350
344053214
26370748
430553144
293341250
414853864
536366476
657879086
598872510
829843460
189957390
953808262
503321512
613253765
723186016
948503396
401864595
855225792
763311407
671397020
488249858
622296340
283908278
419674754
597479006
406223160
457619341
509015520
386300192
263584862
140869530
219291490
538061722
756565342
484054160
84272585
684491008
457548250
789972932
852559410
451021140
49482868
647944594
246406318
844868040
80325913
315783784
968018018
620252250
272486480
247995217
223503952
199012685
174521416
150030145
125538872
912076472
402911745
893747016
834297596
795099966
755902334
716704700
859564184
5914625
152265064
131394950
29027534
293979108
940893414
293432826
527867050
761413198
610844344
876061
390907776
16555920
519095032
803136670
187023010
362697222
417996412
269131632
258931085
248730536
40113920
913693851
787273780
405238278
576569594
886933386
991511550
96089712
200667872
973793747
746919620
228652690
710385758
192118824
623325621
54532416
150816340
78289956
923768900
528285235
132801568
742023170
455063776
425472955
395882132
148525162
901168190
653811216
406454240
159097262
70295650
595648598
497832580
170916118
843999654
517083188
469685019
422286848
990737624
559188398
127639170
840345062
53659020
874238023
694817024
719571893
744326760
528955948
266775295
4594640
916573240
136600561
356627880
576655197
796682512
221585130
158644748
265951200
337913507
409875812
820788772
548176052
478659032
958513150
680983058
7303710
600635432
441601562
244826972
109345052
980321482
663564752
500696497
337828240
247414330
184247812
578658370
632187148
927186840
679648782
860583722
60459130
879212710
226221252
274989027
323756800
372524571
421292340
696203228
17565970
682463372
869767880
500914637
132061392
763208145
394354896
25501645
656648392
401717580
687114882
988421540
606788242
684835652
798667802
6496352
813015867
619535380
230094938
949974320
702942183
455910044
149190800
129424829
109658856
366963170
529989928
786301590
464451046
403513024
388214771
372916516
357618259
342320000
838240434
785792648
20640689
255488728
556040684
848538458
141036230
433534000
876097575
318661148
731045544
39654693
348263840
656872985
965482128
274091269
582700408
981904874
381109338
780313800
168323633
556333464
806170788
729969584
653768378
577567170
417609706
93917254
444643588
145151875
845660160
646512830
748100122
201215682
232417290
357305750
638325292
551456740
901245852
474718130
48190406
621662680
825956700
429830150
516246786
128414926
572418640
570259785
568100928
618700074
247356796
768399455
289442112
963392035
637341956
801174104
476418081
151662056
857616806
170024190
482431572
794838952
32904960
270970966
509036970
978950098
448863224
918776348
40655254
908635706
456707930
4780152
552852372
760280412
343777362
927274310
510771256
953143629
395516000
417949984
583856123
749762260
152680112
852114142
940704250
962745490
429258482
573499722
967589830
808573860
738514750
854997006
716261756
946696056
64777081
182858104
454268156
876996855
299725552
585137245
870548936
562138580
465982876
115731490
918665860
776253171
633840480
491427787
349015092
690048992
33968885
377888776
721808665
65728552
929376432
619223090
598160408
855657045
113153680
277957952
932471997
586986040
241500081
896014120
670202166
134191446
598180724
62170000
177568849
292967696
766594060
491482586
224297944
759357261
294416576
85603311
876790044
124258458
451742760
632054302
812365842
992677380
437759082
700306040
215973317
731640592
410679557
89718520
709966842
140872732
97889135
54905536
1976925
949048312
17085310
281134450
373220302
339385792
662713665
986041536
328195726
670349914
12504100
493914
438410848
649123745
859836640
868995598
161653234
384138366
147693560
334096413
520499264
722951200
925403134
127855066
947582050
294447578
841884414
863610976
859083339
854555700
836357034
795388008
830635110
838343582
322367660
844222892
446509247
48795600
406160882
815713432
666041552
29571700
314033643
598495584
946120291
293744996
378344820
953432136
527275569
101119000
460640264
285599993
110559720
313437776
309579260
40470086
771360910
502251732
362396250
976343408
983773249
991203088
348056529
704909968
281482884
35497488
663486639
291475788
908647160
823586441
738525720
408702548
389782700
889196518
388610334
888024148
444361099
698048
422932504
87090081
751247656
489407140
670648275
851889408
33130539
214371668
395612795
576853920
791797261
6740600
221683937
436627272
792744492
375001562
155294520
389057588
14075300
686637508
170009180
551776578
933543974
315311368
697078760
78846150
460613538
842380924
731520668
620660410
509800150
924286652
571363167
218439680
980338821
742237960
619373856
85302275
551230692
478826010
331885888
536940265
741994640
401570702
345456482
545594870
602055060
543067147
484079232
780149257
76219280
372289301
668359320
467522290
169359696
106098655
42837612
429254460
366095522
178895012
353989682
196568692
127921547
59274400
545077525
30880648
752964920
836019953
919074984
549974598
941641774
333308948
724976120
116643290
508310458
356578774
585582396
309823135
34063872
115662095
197260316
677015134
294803958
912592780
530381600
37110953
543840304
471299050
398757794
326216536
171386269
16556000
745564904
474573806
203582706
932591604
661600500
845375704
897411425
949447144
236823750
719500334
638815188
758526714
242194976
215939861
189684744
588120936
35338985
482557032
702165960
562616080
623878088
5408360
386938630
768468898
267039774
631936696
266469400
933519505
600569608
633662164
666754718
699847270
115528552
733406282
928505252
408080522
737149000
515820337
294491672
524776372
724815012
252782275
780749536
465198844
154590583
843982320
502165678
108594034
966481566
504772040
492610693
480449344
911755500
956516194
477991188
103833174
729675158
355517140
661195307
966873472
272551635
578229796
216583224
644278058
626355044
653852675
681350304
620520400
278245244
609600550
942356754
942891958
943427160
943962360
864881665
785800968
949172810
223885956
257700370
318825380
437823491
556821600
778749156
352943160
571340121
789737080
893730156
867303770
470211128
264840340
20083771
775327200
868806563
962285924
940740900
593931124
374248603
154566080
516190617
877815152
867115957
856416760
949320642
148698472
348076300
547454126
952994814
267468708
404604934
866801450
328997964
791194476
624885614
190758398
771749220
407269078
109464450
229433022
827159080
415299457
3439832
155310372
712619792
679314287
646008780
953143448
766303214
353481850
508268674
808057098
107845520
407633940
594556100
339186860
316945430
772386122
933229282
379896490
835721350
28616292
55028787
81441280
954577573
827713864
345648168
423732669
501817168
729825494
985921486
898153140
922636283
947119424
45076788
186912444
691756618
695195120
198947201
702699280
206451357
710203432
966145125
222086816
478028505
733970192
370072342
704386030
404068100
991614750
579161398
166708044
220683175
274658304
328633431
382608556
929999730
744502540
559005348
373508154
862374000
770035809
677697616
957986290
751046168
205791840
379813341
553834840
34142918
60891614
147455276
234018936
320582594
10243048
258426174
724575746
141766550
558957352
976148152
393338950
810529746
387357174
912234948
647601955
382968960
681451310
114117442
546783572
979449700
504741012
534786315
564831616
651180484
706711216
848778085
990844952
196355377
401865800
773574993
145284184
582981388
71485314
922264676
60709155
199153632
799038740
710105972
482256600
251599518
804383874
417001846
395762420
730045883
64329344
372416088
97501289
822586488
846111844
869637198
893162550
916687900
940213248
843087959
745962668
378251894
56100250
618431914
346412718
104033064
81850026
368837620
180980086
971684226
136302110
757142680
605010965
452879248
935478885
418078520
621258690
154897192
448548905
742200616
706581890
14321880
971057592
158215105
345372616
356530684
367688750
378846814
219584468
605561994
979819736
479729069
979638400
229995319
480352236
730709151
981066064
231422975
481779884
907565668
517048764
181566138
133259384
847975125
562690864
397786968
268425450
847556452
461398010
418812880
493677701
568542520
513880393
459218264
404556133
349894000
295231865
240569728
407081789
573593848
380095534
186597218
993098900
4218998
15339094
26459188
267217914
168363200
297479139
426595076
737280430
884877878
443186144
23908193
604630240
499169870
15325522
911175022
634643120
443226887
251810652
360449320
269670408
178891494
88112578
312271694
463448400
617231049
771013696
4293610
433710748
773973679
114236608
350090274
476886896
603683516
730480134
857276750
984073364
310121450
44103784
553011533
61919280
100206316
138493350
176780382
763590220
692327783
621065344
29912953
438760560
48837542
515165222
70907440
72734887
74562332
656103080
825379448
92779585
360179720
654009457
947839192
321944972
290035215
258125456
304245281
350365104
172268581
994172056
441142006
651017510
228736320
737071315
245406308
781822270
318238230
854654188
687359095
520064000
926369856
728741715
531113572
943513040
602680607
261848172
181140272
320202957
459265640
598328321
737391000
665755605
594120208
227915070
286144746
797924074
519142718
310410000
411516623
512623244
508440236
733712894
408458678
870050480
106542983
343035484
455033016
903421170
27635760
848335088
555151015
261966940
818000652
220137830
42212418
695261710
505810352
279479572
655082075
30684576
959697764
244490643
529283520
103166630
139269302
175371972
211474640
633404776
420213564
98863703
777513840
687330397
597146952
427058532
294366192
150512167
6658140
862804111
718950080
490262801
261575520
433508611
605441700
57976100
517379011
976781920
232132248
487482574
742832898
998183220
253533540
142799540
666829720
254691985
842554248
867452929
892351608
803414024
106685625
409957224
757073808
321593669
886113528
450296594
14479658
578662720
42290795
505918868
969546939
433175008
352932869
272690728
192448585
112206440
158246712
568695870
979145026
389594180
473400275
557206368
221065480
958660613
696255744
599400675
502545604
621592208
516063789
410535368
27667714
676027000
824899604
836025723
847151840
226094531
605037220
41267828
752901659
464535488
307389455
150243420
545744506
191643256
977936780
100438466
343174596
827513235
311851872
997789400
78295690
348665556
816841630
891863438
111241884
84666191
58090496
285800049
513509600
399467389
285425176
171382961
57340744
116501108
212198564
307896018
403593470
499290920
594988368
851394604
107800838
364207070
863638636
363070200
862501762
854674440
835674573
816674704
277002356
241222204
205442050
169661894
133881736
98101576
485708261
873314944
260921625
648528304
876814398
105100490
333386580
312871870
578476542
763002932
958714235
154425536
220593900
286762262
352930622
419098980
485267336
820771565
156275792
766000405
375725016
631550390
224893830
952427056
216204900
251069896
294360516
18188675
742016832
508296607
274576380
966447658
429846080
392392635
354939188
595021540
835103890
75186238
212845560
316911517
420977472
43483040
361258443
679033844
465483000
613830489
762177976
346597540
931017102
515436662
99856220
684275776
268695330
853114882
165816290
363150258
43783770
48033582
378024600
861867660
349646991
837426320
325205647
812984972
548590232
284195490
19800746
755406000
491011252
342245067
193478880
375910590
558342298
740774004
566888875
393003744
24027550
218731594
574467898
769104614
899960100
350359614
800759126
251158636
284501076
975806936
614212265
252617592
657325052
30688375
404051696
102440490
319711628
714413120
424623323
134833524
845043723
555253920
688814741
822375560
248044376
673713190
99382002
539862182
715393820
535734472
356075122
176415770
728918478
289834600
139622197
989409792
52962660
762146232
226010585
689874936
140352244
345697236
767936144
599671300
295375344
723659773
151944200
526951226
901958250
276965272
786198405
295431536
693507344
179463733
665420120
982235282
788316800
728206867
668096932
819433462
757884722
952676342
501204132
643995982
824447750
132785320
300428145
468070968
296785869
125500768
529645195
933789620
615435786
915406776
286139061
656871344
112424988
689978574
520619646
19668740
63073806
754604806
440027240
92102858
352651620
340343578
310277184
55438975
800600764
790583698
520379244
876848528
408178529
939508528
390993749
842478968
729961154
613079656
933393725
253707792
671374460
313339302
955304142
597268980
657952882
928603140
697807242
4875752
3342925
1810096
277265
998744432
745348450
137577120
135335651
133094180
934800028
649359410
929251772
612288220
334707815
57127408
142239160
232006001
321772840
411539677
501306512
383242482
79585880
348070648
833165990
318261330
803356668
288452004
773547338
258642670
743738000
897118918
50499834
203880748
264343464
957688200
155651464
867219125
578786784
404986075
231185364
381576808
855633669
329690528
716622070
783438222
850254372
917070520
800526457
683982392
612513397
541044400
478915975
416787548
332935480
249083410
165231338
17729590
232827292
980844600
728861906
476879210
661676470
875652316
37032360
663447960
341694666
428352884
437691766
422640130
375672158
773303864
478290253
183276640
834672140
486067638
137463134
365969500
187139184
948603975
710068764
480676948
872707944
687729761
502751576
148275120
447062165
745849208
847293274
948737338
50181400
309392616
814039684
318686750
823333814
438126928
866530130
179758376
883691686
320084670
707133820
148159400
385468965
622778528
519688845
416599160
206528150
506614902
466902792
344506182
247220110
626401540
671641187
716880832
762120475
807360116
541277796
830832355
120386912
55754145
991121376
926877555
862633732
353574812
341625042
520154092
487306032
607365317
727424600
847483881
967543160
835824668
94154390
189334202
668954010
148573816
628193620
158248076
431359710
892872358
773542344
582719550
385926754
84767558
28662364
237008088
230976294
274322286
388719060
630937146
493836416
577110475
660384532
176596132
678521892
545494772
978203752
410912730
843621706
805521406
777561680
226023871
674486060
122948247
571410432
878266012
185121590
491977166
75192084
726373803
377555520
88222248
529174500
762403251
995632000
137751623
279871244
901941550
814997694
975567748
963936739
952305728
239817794
648245536
103351955
558458372
20758932
310070832
531677750
190142270
614696652
517618087
420539520
323460951
226382380
559131578
988083144
923760250
92830284
261900316
430970346
417968320
177032611
936096900
695161187
454225472
553461285
652697096
776024400
200929631
625834860
50740087
475645312
908165227
340685140
179014868
842319275
505623680
325554967
145486252
965417535
785348816
181727050
786148828
218417580
650686330
82955078
548950740
664756098
221549084
605198868
678917464
680266601
681615736
111269980
363581926
421575314
479568700
537562084
961247500
127789519
294331536
460873551
627415564
620085188
665245684
864508168
166213229
467918288
21793919
575669548
129545175
683420800
587005205
490589608
276947700
715385188
21560675
327736160
633911643
940087124
267088346
278415920
107946872
153175185
198403496
243631805
288860112
789373422
627035442
464697460
302359476
198801800
171019661
143237520
698865898
852453260
769715968
734532709
699349448
194128590
466259706
151808354
93548858
762351470
992617496
177980316
604497255
31014192
457531127
884048060
310564991
737081920
420669558
103831790
128149732
152467672
176785610
54418228
724181835
393945440
716122830
38300218
360477604
559967898
759458190
958948480
234604835
510261188
209343414
681392626
662433430
142986228
713286410
918695672
982093132
45490590
108888046
864733516
674428596
484123674
293818750
103513824
913208896
722903966
532599034
342294100
151989164
350010623
548032080
563407078
916485990
269564900
622643808
668388499
714133188
763268124
406864818
938763900
622242348
245126670
279792366
743572284
91752616
439932946
788113274
136293600
484473924
230140643
975807360
991793831
7780300
802079758
271841934
741604108
211366280
407517236
111052820
904928096
845290099
785652100
726014099
666376096
512942070
118542350
285977076
98963611
911950144
511542636
246824194
451078468
685209514
919340558
153471600
387602640
621733678
855864714
89995748
880798394
671601038
462403680
129436817
796469952
673250150
698167510
383680712
170331625
956982536
114735710
272488882
430242052
314042122
406921000
753808718
342914074
468789746
194373570
882457458
877083354
175564206
427140440
408113460
746789060
705187340
382353487
59519632
968646202
506945540
60200642
6716620
319751463
632786304
909929283
187072260
543858576
953222820
140779443
328336064
515892683
703449300
762976606
224238254
817865068
411491880
5118690
27924072
778690510
269945370
247316082
699488002
852547090
783022890
456153302
208503532
416248695
623993856
333780385
43566912
753353437
463139960
470593598
779441170
544106462
646922120
639295973
631669824
9788796
263978774
446530138
629081500
811632860
513821287
216009712
696120552
823477945
950835336
789117976
757467185
725816392
808406772
71133252
355130412
49391862
743653310
437914756
104528750
326713558
215561584
493101625
770641664
48181701
325721736
408581710
338191610
267801508
197411404
370713438
544015470
717317500
274241240
474460281
674679320
118303180
696780850
234134412
359046440
602568997
846091552
434806085
23520616
835248109
646975600
87579799
528183996
317967000
851820313
385673624
430523900
475374174
520224446
598496820
249327483
900158144
621338188
342518230
63698270
784878308
506058344
412373800
13977929
615582056
713276920
722164641
731052360
671130306
641738904
637239181
632739456
135046595
637353732
897621302
545983090
406619990
409850452
775218130
541198068
590780235
640362400
498337877
356313352
236729192
342412265
448095336
331887176
935683705
539480232
665179712
205804927
746430140
197562218
784767200
801647577
818527952
273523910
894133430
514742948
135352464
755961978
376571490
973099322
343809390
674056728
731080085
788103440
950205365
112307288
274409209
436511128
598613045
760714960
122884786
396399544
526102268
69831159
613560048
143879914
240060076
919206264
906949178
894692090
882435000
978699972
458659960
128069945
797479928
466889909
136299888
200802329
265304768
232995899
200687028
555412414
474534750
417615204
570981750
724348294
877714836
31081376
184447914
129285468
706266284
213597198
720928110
228259020
557434580
345770891
134107200
449933931
765760660
81587387
397414112
45315715
693217316
497144596
98008816
308563634
350830488
796344429
241858368
401104315
560350260
107297732
815420467
523543200
231665931
939788660
647911387
356034112
706309772
858639567
10969360
935011632
717579437
500147240
931716885
363286528
922607655
481928780
583875286
779420426
166336770
438082490
730530446
689904616
649278784
608652950
714640414
520234908
428233679
336232448
691014755
45797060
400579363
755361664
733553653
711745640
614244108
971670610
761266876
877831039
994395200
337509034
57322428
978558164
673996648
868014680
62032710
256050738
450068764
644086788
826736884
832694875
838652864
413307075
987961284
92351928
278674329
464996728
326412084
383036708
12276004
879918388
188159224
918863346
553242480
187621612
822000742
677244450
680974590
335056232
890090450
103072720
583644095
64215468
788222444
887830638
807405054
6732900
504268054
169360738
834557294
332456000
412006209
491556416
692533230
615425058
721677814
64417876
407157936
749897994
495388
709281564
418067738
126853910
615065916
156213520
717878831
279544140
342582248
63619280
958611300
853603318
748595334
940687600
900363864
112494858
335202580
724090638
351672470
31738992
732599792
803849605
875099416
352363146
474272660
921138286
710792294
500446300
290100304
709129593
128158880
897212627
666266372
169871450
159830400
220026583
280222764
340418943
400615120
218177088
110978749
3780408
918222590
811526386
130343694
34083168
974614545
915145920
862734886
810323850
757912812
705501772
653090730
581531760
509972788
438413814
366854838
295295860
300638858
940482744
534749461
129016176
474839080
820661982
166484882
936775422
707065960
477356496
557259941
637163384
566631458
810398200
766503413
722608624
432922871
143237116
962917520
990454031
17990540
747945048
234145030
936225086
638305140
340385192
60805525
781225856
501646185
222066512
254117182
613823530
981038730
39370382
817984312
284516152
129073297
973630440
596466462
266599250
319095198
280202280
694774593
109346904
910172148
149107124
613755528
349576269
85397008
44761199
4125388
963489575
922853760
878039392
54558467
231077540
25426020
504457860
995994700
487531538
979068374
470605208
962142040
302756657
643371272
503370980
812755635
122140288
596410455
70680620
842894106
799157656
917603045
36048432
875898352
238996967
602095580
28662700
110393550
611401486
282190476
458155015
634119552
403241907
172364260
941486611
710608960
558589971
406570980
779682160
364479101
949276040
38157210
175563196
930196991
684830784
434009283
183187780
801500232
187882932
533406772
878930610
224454446
569978280
915502112
186549085
457596056
289689654
98876678
789750640
728889840
668029038
607168234
546307428
485446620
115990631
746534640
959042716
171550790
384058862
778108212
815597122
636704092
103793412
17816052
685322952
721478385
757633816
680515496
603397174
526278850
297327614
302067848
899332169
496596488
748955465
1314440
83038270
164762098
246485924
91453218
533195004
974936788
416678570
176065736
935452900
694840062
454227222
213614380
670340503
127066624
9494771
891922916
141267160
782801998
33652170
519242762
482369070
404594248
88460665
772327080
506534170
474822492
972818460
531294663
89770864
526781008
221111829
915442648
214259554
266971000
133241364
999511726
865782086
251765160
850452485
449139808
559875044
644516728
729158410
813800090
847253526
846245436
507319376
728677864
88557068
277419794
730079836
634388244
952371883
270355520
661006207
51656892
210299970
216256980
100923590
985590198
870256804
124132878
903405990
597712696
294640125
991567552
688494977
385422400
171247310
938882162
72144382
205406600
338668816
599496921
860325024
981855763
103386500
646385242
882351360
288747975
695144588
829810854
260079906
701086270
142092632
583098992
410438430
552006938
78588770
753474842
914108190
140805488
46915385
953025280
859135173
765245064
955578768
392835589
830092408
232900754
802664800
372428844
942192886
463794650
698035018
762034174
826033328
890032480
690248602
190610820
66972162
807186092
752405872
171809170
541768040
935543865
329319688
382908070
37933342
621908140
800212652
941062207
81911760
625610642
169309522
713008400
398436225
83864048
253734730
492983612
824363540
224561835
624760128
137122389
649484648
907908444
493847318
320949434
302765850
930204774
16985668
903988054
31980706
964959950
669415408
785358455
901301500
862999712
97342235
331684756
566027275
800369792
377168087
953966380
530764671
107562960
549897706
448081356
57708656
667335954
276963250
997907114
190639478
451526524
589352608
766457179
943561748
61449360
259206257
456963152
25206847
593450540
316302880
940668435
565033988
887060714
567761976
609572580
657541216
441551109
225561000
9570889
793580776
205636865
617692952
320962700
397803042
577859860
951161563
324463264
84155158
730187454
585576300
961287004
452668650
734285824
984321875
234357924
146786758
177822794
842984050
974851154
106718256
238585356
767984506
426975880
45055165
663134448
49341284
531728968
890260369
248791768
162732584
241063916
397651434
995152688
332318305
669483920
414896706
441263056
395685054
790014698
821416810
852818920
884221028
813258000
730263023
647268044
801363800
249354854
102842318
788569924
4921198
184967830
918733136
644110770
606543288
568975804
531408318
712111974
201438600
244051509
286664416
903870060
521075702
138281342
638682540
472774732
924207855
375640976
670131589
964622200
382115114
141053988
831750794
578638536
13162570
155054020
563674050
665019532
925533240
732073833
538614424
794452196
621249024
157432663
693616300
526026646
358436990
190847332
470542550
624938370
779334188
933730004
40024331
146318656
257658655
368998652
480338647
591678640
910477812
154034300
870350202
177191000
727977093
278763184
348887616
851504385
354121152
386797295
419473436
452149575
484825712
371082540
619151423
867220304
203939868
136929134
861518766
740003580
618488392
496973202
468595600
440217996
411840390
962411570
867217126
578659836
301720176
735569805
169419432
30983162
751042860
877446952
542916472
948452230
353987986
759523740
72542383
385561024
262571875
139582724
519091208
72061900
100426978
128792054
157157128
395535509
633913888
201494764
769075638
336656510
517230316
46290620
364223106
720257204
292409963
864562720
728279458
813223504
349887903
886552300
879569916
251251410
622932902
994614392
227862120
735840877
243819632
34518300
85602983
136687664
187772343
238857020
289941695
341026368
882474265
423922160
965370053
506817944
48265833
589713720
89782588
589851454
89920318
823485780
924532298
25578814
126625328
72559409
18493488
353161374
88382746
91768290
365010778
544731454
720790656
25519115
330247572
999339140
750248732
522522930
943934908
975662300
689091738
402521174
115950608
116298319
116646028
132004444
961766858
998124560
864596463
731068364
136116276
596438064
601094653
605751240
657070922
280713540
176538082
72362622
968187160
651798837
335410512
256968522
801338460
105385612
603216070
527041170
338773462
944279092
646310875
348342656
520245440
298800491
77355540
243560030
380516206
517472380
654428552
207937245
761445936
842499576
329677905
816856232
953748412
954486542
601279742
717524612
861343587
5162560
469600002
887391040
919700387
952009732
952742942
422266622
595342612
768418600
941494586
404660876
653593936
998393151
343192364
67697488
407721320
745109817
82498312
419886805
757275296
178505315
599735332
649362972
606833042
797669132
817289287
836909440
418484113
58784
463265868
318417914
173569958
28722000
949911103
871100204
863536500
20854304
854247173
687640040
613804406
539968770
466133132
245013880
710197705
175381528
559460340
554473547
549486752
652940955
756395156
520017456
20399031
520780604
966132988
803279074
783144900
395663379
8181856
24239304
729964981
435690656
918967331
402244004
834834748
267425490
700016230
798216412
732290520
254566073
776841624
299117173
821392720
193007487
564622252
471383620
866672275
261960928
70322945
878684960
418934875
959184788
499434699
39684608
450864615
862044620
349744726
657814986
440290530
222766072
5241612
653360207
301478800
247912572
194346342
140780110
669043588
326342430
595364606
864386780
133408952
148665545
163922136
933041444
432776336
352865745
272955152
193044557
113133960
33223361
953312760
648782285
344251808
162836219
981420628
800005035
618589440
427483780
46700320
619476275
192252228
247395114
312476376
714464640
815354491
916244340
867317718
644111314
420904908
197698500
688609107
179519712
692278552
88878945
485479336
964221476
764476435
564731392
364986347
165241300
687136550
691619722
680932402
149730930
618529456
87327980
770011615
452695248
135378879
818062508
55973064
968065825
880158584
922479928
616190529
309901128
1856284
38033575
74210864
472698933
871187000
831229881
791272760
85277716
318670971
552064224
988341538
588732624
302432021
16131416
484653446
683069950
210589180
484023880
257264316
55787159
854310000
577376669
300443336
309587165
318730992
118523895
918316796
408655224
898993650
389332074
315385238
640179724
530217868
420256010
310294150
649456452
988618752
327781050
785648660
841547870
675789166
205493196
195511975
185530752
308869265
432207776
795211139
158214500
442384394
789805768
653343249
516880728
91340885
665801040
360868442
491464820
122888363
754311904
242794558
16038714
789282868
562527020
507154751
451782480
977967686
504152890
30338092
821997480
290904840
934117752
83871425
233625096
383378765
533132432
290329972
47527510
804725046
561922580
319120112
62360285
805600456
906503354
415520428
85602824
304119396
979248624
709613373
439978120
590760762
237352620
755003272
272653922
790304570
118734190
422157592
296775740
83773982
886623030
106747408
392877094
734337286
301858080
581630477
861402872
198591425
535779976
356588890
345412188
234712220
525414058
180167904
390871003
601574100
812277195
22980288
13714600
4448910
995183218
291444030
541361752
862777765
184193776
659200311
134206844
307168
833838819
667370468
141689220
548033548
300678190
18694206
561089604
113625406
666161206
218697004
524578756
45916115
567253472
289570225
11886976
810395815
608904652
296846510
218192318
333614980
886219438
400519734
633666016
160768715
687871412
567360912
711014740
271980372
512430480
973377807
434325132
606134472
105765197
605395920
385896703
166397484
618018716
287778234
113624728
497006264
981521073
466035880
641842278
917229790
429892172
932900900
558025612
869584015
181142416
754012250
532415540
936858230
574826562
765304702
603531720
259683558
915835394
571987228
205543124
492003848
575906029
659808208
473506774
437629646
534238260
381126306
720947756
723613335
726278912
595538075
464797236
723504476
408569586
93634694
778699800
681519269
584338736
487158201
389977664
292797125
195616584
97534200
740461014
917447638
216987384
788850125
360712864
490829968
496044825
501259680
263160568
255659185
248157800
467503452
523368967
579234480
574164302
569094122
564023940
486610162
726069300
426764222
2439902
240934180
303839942
440544330
719399538
279833170
402062042
647200590
637818088
225713585
813609080
821547440
603059797
384572152
830414682
163508652
47645672
371095825
694545976
17996125
341446272
28521787
715597300
263347580
171347770
259048056
199474085
139900112
622861402
921154292
683925227
446696160
209467091
972238020
580872460
619275950
456469502
11049892
829613062
648176230
466739396
641052470
79684658
501952054
118988356
802760454
891867338
430862450
189243346
947624240
706005132
590017050
943089720
53424276
685658939
317893600
788145699
258397796
301793380
103989956
971244531
838499104
966546938
489071444
912205518
791777270
567572576
127489089
687405600
811401574
561474998
812662584
506213853
199765120
334795751
469826380
610997650
328895196
494929140
660963082
826997022
588509280
421363787
254218292
98607850
876727240
86200586
385731044
184582586
642358640
48554071
454749500
624649480
143204001
661758520
788244840
659750772
65989700
770489075
474988448
158012845
841037240
524061633
207086024
890110413
573134800
21489093
469843384
738177641
6511896
274846149
543180400
265661744
887853175
510044604
27654068
689625184
695949075
702272964
422314908
716095879
9876848
252122084
343324691
434527296
881767505
329007712
744017315
159026916
451650996
700403416
214977121
729550824
210654633
691758440
181119178
716335204
52817498
545343904
39901803
534459700
29017595
523575488
382920140
790577018
198233894
605890768
326541869
47192968
475623645
904054320
101687625
299320928
809440429
319559928
843910134
40997766
509366640
826075865
142785088
264964735
387144380
509324023
631503664
834057928
29255784
332354573
635453360
228425353
821397344
414369333
7341320
231342982
698375150
141953908
803161970
314267396
930822899
547378400
6531224
624129953
241728680
826572676
171083939
515595200
644024034
375094928
642145039
909195148
377572020
418925328
460278634
501631938
201123130
908497806
477443304
808772178
418567184
283162541
147757896
129129516
44171775
959214032
309756840
676545540
165274520
875583985
585893448
615979690
795037012
659872350
404403630
148934908
893466184
637997458
382528730
379021582
625722440
890331590
497907086
252236676
693528286
18508830
343489372
668469912
539629657
410789400
763708220
188632670
239806486
942816576
668341386
741271180
60340576
552254611
44168644
740838588
168570714
488140200
359331789
230523376
588932860
947342342
305751822
330583940
564928862
947120350
329311836
711503320
432637113
153770904
74413900
354955154
635496406
916037656
99301540
757293616
965771421
174249224
537451658
236979940
501497338
277172560
951843217
626513872
37515290
390348180
215217310
806309326
459170236
158959976
867374065
575788152
147033632
603648440
85640198
950315934
130013516
411736484
929361516
597544934
593680098
589815260
585950420
395201480
302182932
705880940
390854175
75827408
412691870
446117946
692818674
276144418
487758050
433466386
586123594
738780800
891438004
327372683
763307360
200486851
637666340
74845827
512025312
217380937
922736560
483318477
43900392
971017912
493731937
16445960
896113500
457583030
184802026
941379986
105605890
259592690
980333786
701074880
421815972
820739720
170183153
519626584
494311416
765759750
200893790
17280556
715475980
116419766
479123546
484939210
136774590
260547376
280766055
300984732
193934840
831376217
468817592
34993332
601169070
167344806
733520540
299696272
813443932
584791815
356139696
770761741
185383784
600005825
14627864
779835088
983396145
186957200
200683556
230900760
888866345
546831928
661528684
618772698
383106424
228621196
722766095
216910992
197384780
120253482
43122182
965990880
888859576
811728270
557563018
303397764
49232508
907693194
112126736
539251119
966375500
393499879
820624256
807549160
586792221
366035280
461540070
125443942
789347812
453251680
517506565
581761448
78494790
256073262
433651732
611230200
301683817
992137432
748986832
25143167
301299500
378488040
343337045
308186048
246427875
184669700
756854536
535548844
73918783
612288720
679519257
746749792
876456195
6162596
135868995
265575392
278457660
291339926
304222190
579392388
491830270
597881742
950572540
726248063
501923584
88421591
674919596
865489090
255414820
539659651
823904480
144590825
465277168
438268405
411259640
475786050
722095016
773341021
824587024
206393068
82759794
870407500
314641144
172672778
967406580
244679958
521953334
799226708
932904754
702719300
493577619
284435936
491767185
699098432
906429677
113760920
841230718
952573970
3462302
19339880
508145493
996951104
485756713
974562320
751097833
527633344
762835675
998038004
809508318
602981774
275195100
947408424
619621746
6681600
802117913
597554224
699085150
157476154
701922738
104648194
507373648
910099100
413291278
208904670
194745972
180587272
166428570
335418428
508011940
572544508
239025495
905506480
243200240
761917735
280635228
334864460
389093690
443322918
497552144
551781368
39691089
527600808
296987894
617536886
649522280
16073121
382623960
539586565
696549168
814884940
953047791
91210640
318281993
545353344
857631511
169909676
353887610
1554280
936743021
871931760
62236940
473367290
960618952
990864305
21109656
662400740
107642496
386133749
664625000
943116249
221607496
500098741
778589984
57081225
335572464
832022758
974173830
833101216
878636005
924170792
213702540
503234286
792766030
282568780
717543911
152519040
327665368
502811694
677958018
806711270
953448076
151933180
910057175
668181168
426305159
184429148
881254024
578078898
274903770
758841966
771862584
130375341
488888096
425674374
88662118
309345200
843408620
362061330
437606652
37587820
261962462
993156742
596767800
421365328
517609185
613853040
627756551
641660060
80174980
518689898
957204814
39588600
875816189
712043776
535168195
358292612
181417027
4541440
235375662
466209882
697044100
52546195
408048288
947348740
486649190
25949638
716279744
402804561
89329376
775854189
462379000
488360929
514342856
392772865
271202872
568005600
864808326
161611050
458413772
755216492
638198062
273738270
979607220
846568690
713530158
580491624
489013346
781600360
796377881
811155400
581372846
792918474
51565098
986636030
565666736
578172569
590678400
42912274
660991128
279069980
897148830
490112086
83075340
676038592
540367877
404697160
269026441
133355720
997684997
862014272
929874220
997734166
65594110
133454052
201313992
134597220
545730352
435796637
325862920
639895498
534910660
198658818
434523884
263445088
669812254
294688650
919565044
544441436
309124594
65008668
121692164
606712948
611367784
132506616
112104790
162027030
211949268
261871504
324967823
388064140
451160455
514256768
26790135
539323500
257560602
40619992
823679380
606738766
346150134
411619168
835880385
260141600
755325606
69024406
858087400
469963018
391318340
948744738
650798044
693011908
920367524
844415028
44261304
382451050
52626244
722801436
392976626
63151814
733327000
78442244
268284963
458127680
647970395
837813108
467304654
851190806
681414640
873088073
64761504
713721250
644447184
908358975
172270764
654195148
136119530
618043910
58943076
168852750
323303398
99520344
385612061
671703776
610716120
575301641
539887160
450363276
105301250
316480548
37826930
468182612
822725435
177268256
133269629
89271000
721921154
768085928
687173350
824152222
247511980
877703532
382657870
887612206
392566540
894023
609221504
625085875
640950244
72283688
634752929
197222168
759691405
322160640
696790535
71420428
33155510
994890590
956625668
986333475
16041280
17669570
909205856
136418281
363630704
590843125
818055544
532080050
640646544
805459586
437601840
658995072
193202075
727409076
360686486
409673010
458659532
507646052
181631772
747084562
964941132
695056152
41155065
387253976
522386236
657518494
792650750
784382484
128579563
472776640
841537601
210298560
788003883
365709204
441211550
516713894
592216236
203266775
814317312
785341992
756366670
727391346
885693566
310424440
213949405
117474368
951555904
690465923
429375940
533040712
636705482
740370250
760622158
707587160
412767796
812624900
56836956
194881090
332925222
470969352
609013480
747057606
885101730
23145852
615621340
208096826
800572310
393047792
985523272
365499957
745476640
517902067
290327492
360430212
797405932
987013855
176621776
213665861
250709944
221171586
244323400
395387810
577655912
882261757
186867600
266114108
159624535
53134960
295948430
248452546
886899366
30512300
938363156
846214010
754064862
303106480
671140676
898875939
126611200
902135839
677660476
415168110
983412558
166516044
349619528
532723010
922237272
212919445
503601616
840792784
397367553
953942320
13921142
600721182
507742460
414763736
321785010
502538160
433939015
365339868
148980400
676680877
204381352
239992010
301318180
284253930
123888536
963523140
803157742
419308502
120050800
70519216
611094821
151670424
692246025
232821624
444672500
54463124
934222400
813981674
693740946
497319170
126505458
395892954
440175406
781494040
962710741
143927440
325144137
506360832
687577525
868794216
797646540
475749743
153852944
891763948
970135775
48507600
865182180
257677320
655247281
52817240
654247000
67828345
481409688
887700640
332810187
777919732
77538392
381475497
685412600
145636700
551970470
721181746
237876166
860400940
400018455
939635968
654817000
426045372
192493390
993542878
229718580
465894280
702069978
991459740
280849500
570239258
57537960
215790446
776577866
337365284
898152700
946655434
324196208
417692420
454219088
992596464
468958183
945319900
421681615
898043328
853434470
505752406
681156104
721230681
761305256
801379829
841454400
655449524
650362763
645276000
817754762
310644972
967121672
623598370
280075066
361520046
908655800
794387048
818817684
151930875
485044064
293396403
101748740
289516396
254415750
5597330
918651926
950106836
332608626
123280420
217458115
311635808
756408249
201180688
718934095
236687500
754440903
272194304
878468583
484742860
91017135
697291408
756203680
323464996
563093299
802721600
570148324
491816600
891480049
291143496
68044874
339672388
73463394
505773500
352757759
199742016
315634109
431526200
536105889
640685576
899998714
402724428
905450140
408175850
910901558
413627264
904654403
395681540
625748246
709887874
690170238
556736520
492520862
483214642
473908420
464602196
76283680
687965162
299646642
787900242
276153840
764407436
548535130
899901848
784257885
668613920
819879021
971144120
442160433
913176744
757849638
343256190
462099676
673801839
885504000
949831639
14159276
78486911
142814544
704504836
277360944
56409653
835458360
368093658
375008300
859659607
344310912
332429177
320547440
864357030
729092006
847119856
61307145
275494432
272738297
269982160
267226021
264469880
527618210
790766538
53914864
214541825
375168784
513587858
199008584
451419713
703830840
259725917
815620992
521847767
228074540
956220138
70357360
141359940
914264480
364165576
805770264
693907258
526259804
719004175
911748544
61256923
210765300
891791876
343410460
795029042
246647622
698266200
149884776
544777364
43656443
542535520
644939646
519066266
101978690
185133130
810106806
289386556
493171056
696955554
900740050
336975594
773211136
209446676
990222036
55356075
120490112
260505415
400520716
868499234
398430228
760621654
809251250
68633814
668460628
919094994
305496436
520865675
736234912
400919810
910610400
798502772
146178540
235908182
385270122
668945330
952620536
236295740
352185726
582084614
540941848
250195109
959448368
492232220
650674638
270290174
660886596
912478974
184584398
113255580
808515728
497093565
185671400
211855842
238040282
264224720
506141126
447756086
59877080
620184108
161353855
702523600
142897200
583270798
23644394
331961050
640277704
948594356
279012395
609430432
323333505
37236576
376431090
715625602
54820112
293746285
532672456
67268220
294348855
521429488
54535309
587641128
318745104
406884281
495023456
397538931
300054404
160081228
20108050
880134870
740161688
600188504
624767250
677361984
784270073
891178160
605853646
785634274
520410358
677569940
665717538
977963660
896886808
740064065
583241320
747821510
556169006
364516500
172863992
397510130
126751600
225209137
323666672
840569042
34367432
259553057
484738680
747979192
310710017
873440840
17027388
313262935
609498480
555768730
324442036
994301270
693536338
771764774
768100796
53293824
292258743
531223660
912901606
628131554
34528478
440925400
847322320
784338548
671148540
253074778
520395880
305569846
319884566
570497400
682714765
794932128
324862704
866233925
407605144
948976361
490347576
342183500
460894066
169451884
878009700
586567514
739251488
412403609
85555728
615752054
768090750
118741164
78809100
38877034
998944966
674827460
350709952
26592442
256230740
22125582
788020422
553915260
579330032
126343117
673356200
220369281
767382360
314395437
861408512
703526440
261808185
820089928
873676360
449360697
25045032
410669440
799046125
187422808
272740110
597656682
922573252
247489820
974463943
701438064
205760788
372158244
825024708
583309724
341594738
99879750
511131692
274491860
857520632
176536985
495553336
210065444
663713136
429900426
353497500
396302895
439108288
622524699
805941108
221676740
77599411
933522080
657593123
381664164
835919100
160579914
560665648
762971720
481155032
489088370
415966160
225227297
34488432
630763482
812189972
773991422
821203870
977433540
320795267
664156992
866331637
68506280
271518852
932147640
762681658
593215674
423749688
761209780
381205867
1201952
316994892
446584762
392406312
33994777
675583240
956512662
289829062
842190640
10410036
408735180
933397646
675858766
507349100
338839432
170329762
506594472
89082790
608639678
325043580
537271848
796389649
55507448
991073680
70871461
150669240
414597458
994620224
879919203
765218180
792336926
819455670
846574412
873693152
900811890
927930626
955049360
634175311
313301260
328618260
187784811
46951360
519283251
991615140
39845488
861728474
258730900
429353979
599977056
753242154
606849628
205126124
894193758
101925190
432186136
350618676
886036036
643039475
400042912
257134147
114225380
999950028
757276350
514602670
271928988
104841200
390032541
675223880
841101956
260892440
629123921
997355400
892548706
25162056
109414050
193666042
277918032
699648927
121379820
673313900
266640590
791853006
317065420
842277832
182694620
909761622
636828622
363895620
113513582
496884502
205693840
468515567
731337292
499739180
876794782
661250790
745335208
171090245
596845280
77148452
352151347
627154240
572432236
346856450
195036100
711918730
658100392
747646750
796265490
828265982
859648472
406104205
952559936
287316776
622073614
956830450
747266814
888600888
990484520
860591133
730697744
417168175
103638604
949708068
675396684
663503838
748253414
472020200
967107034
116922428
415736164
35879148
622673094
406883186
280614470
154345752
28077032
428195145
828313256
454877256
621169145
787461032
76626752
365792470
654958186
711580594
63970898
388324250
846817326
168696664
962330501
755964336
370746180
985528022
600309862
336200000
677428063
18656124
545257650
20533404
449227300
359374179
269521056
116194355
962867652
669404020
12036712
449254040
620513577
791773112
82408812
373044510
663680206
805511356
947342504
89173650
153115824
671140113
189164400
707188685
225212968
34985040
208492063
381999084
522455000
76081009
629707016
836139265
42571512
742275800
9586777
276897752
658369085
39840416
726207771
412575124
247022178
646772460
46522740
446273018
111201664
873773001
636344336
877844030
119343722
360843412
702021307
43199200
384377091
725554980
337000020
194141760
555927380
455141371
354355360
384129508
413903654
443677798
451703760
368906810
107952836
38364851
968776864
255824876
295366914
763585988
372881034
765113000
801093209
837073416
597757334
280801478
727727920
161999881
596271840
735025298
647636984
740680500
993339684
474097700
514660084
555222466
595784846
88662640
74865111
61067580
334941648
608815714
882689778
581172474
53505150
35854144
391132411
746410676
801894820
954990916
550165180
438792695
327420208
504779000
869926353
235073704
359591158
484108610
608626060
824053767
39481472
453533287
867585100
687286930
322489692
358049620
123976552
328827800
533679046
738530290
943381532
148232772
424627972
823117395
221606816
629482134
998088958
11730700
161832788
371590475
581348160
831974178
767899760
304944023
841988284
595411000
656044994
444771368
855953309
267135248
6363724
609358378
679955760
43105383
406255004
740630256
821038106
750856180
431381446
388557274
100971578
424831510
748691440
72551368
741780245
411009120
931371915
451734708
676805024
307517203
938229380
472696826
178153264
367673833
557194400
163518131
769841860
596130618
55528784
151647263
247765740
165855276
995529150
825203022
654876892
29956207
405035520
550017247
694998972
949428870
203858766
458288660
712718552
967148442
958241452
525405032
754179232
670806027
587432820
351315768
280281434
133877100
338900599
543924096
615921525
687918952
675528317
663137680
28500690
393863698
759226704
167678625
576130544
731897338
212862404
759508275
306154144
191803753
77453360
744931511
412409660
695455428
235591699
775727968
278685564
907978551
537271536
583665726
630059914
676454100
244336414
618331598
485437244
352753928
900706804
854983748
112707884
253758518
46875194
839991868
633108540
944344498
380693340
643434868
906176394
168917918
46135584
737180291
428224996
119269699
810314400
589387219
368460036
625097380
274761396
779196120
140207710
798553122
456898532
115243940
169028372
489266800
809505226
129743650
449982072
770220492
77449362
394534620
41160052
472232880
918835645
365438408
550872490
567854932
193427550
400337070
792038252
183739432
575440610
967141786
358842960
898000351
437157740
12707788
412425519
812143248
221786214
322149350
163414224
166213273
169012320
334745066
246277884
359377183
472476480
388609236
864001851
339394464
814787075
290179684
562528458
268007784
259357325
250706864
242056401
233405936
924292701
615179464
560098676
385118564
196533876
570029064
629802833
689576600
465515832
345590145
225664456
149911004
580453063
10995120
710724558
807939554
351247606
112302740
499572066
608415596
993255095
378094592
395585735
413076876
430568015
448059152
465550287
483041420
278470720
857714403
436958084
16201763
595445440
174955083
754464724
739737500
713645474
264743108
668579219
72415328
314810824
983176600
171253034
359329466
547405896
157161130
766916362
376671592
940998697
505325800
69652901
633980000
775164820
563799771
352434720
990460768
135787459
281114148
763222724
930976028
661818994
629487900
132642244
202198803
271755360
341311915
410868468
581605514
938891576
387800789
836710000
188360304
239265206
208277950
579904908
358414580
795453728
401832069
8210408
87117110
678005526
76319864
331245528
604630449
878015368
806552004
247907048
935531864
552506393
169480920
353997848
581358154
482536500
8122059
533707616
290085934
768246178
207268470
326663956
605934530
944644540
283354548
622064554
689569000
3576214
530970918
58365620
585760320
590239861
594719400
578523550
33554386
488585220
943616052
123017560
430443137
737868712
115025902
84085770
629578250
24249582
465435432
173728725
882022016
211569396
920959916
630350434
339740950
997642084
928146750
819046094
115789788
466749679
817709568
988754015
159798460
986729382
883012242
296788470
710564696
124340920
805958961
487577000
220677446
987541166
671600020
95749706
712840504
392192981
71545456
667134640
868584791
70034940
354844580
596469820
189958967
783448112
295203032
626672297
958141560
105131012
398366920
247630077
96893232
946156385
795419536
644682685
493945832
810078320
634251285
458424248
202724170
239301012
320579630
176633990
735491272
429064510
869132770
775730182
602155452
261621215
921086976
813234861
705382744
328920186
181489660
189375903
197262144
930063736
877324369
824585000
771845629
719106256
915232940
111359622
307486302
350542380
393598456
436654530
479710602
522766672
258494367
994222060
729949751
465677440
201405127
937132812
864938530
792744246
720549960
215915358
711280754
206646148
228162474
75200600
671279589
267358576
863437561
459516544
971335911
483155276
619544350
448697670
885191896
919888124
954584350
989280574
857309748
992686459
128063168
918717964
143624138
368530310
593436480
200386527
807336572
659515250
183011900
139574847
96137792
464048507
831959220
295173060
585296947
875420832
637516707
399612580
161708451
923804320
538920115
154035908
429729524
705423138
981116750
55234992
505121735
955008476
670123336
508023745
345924152
225560312
86750305
947940296
721279116
628332946
323810460
707432836
642350420
232127776
916793764
788782323
660770880
277045843
893320804
938702800
636270879
333838956
80579120
249861453
419143784
595609450
367491284
478706750
589922214
701137676
401921564
129081543
856241520
671871688
723082920
361842761
602600
546290968
240740730
708900796
180616740
383956195
587295648
475537925
363780200
935470420
507160638
78850854
824103400
491038074
175024428
848616104
154613800
92253404
491005750
553329834
810387698
890708274
334451850
363490214
992342548
971221394
375326036
906708795
438091552
717589430
997087306
276585180
183068396
174883999
166699600
857523474
511527368
208493410
905459450
602425488
370345295
138265100
272110276
405955450
539800622
106493752
497019757
887545760
580973115
274400468
967827819
661255168
75433764
892265448
709097130
525928810
875603902
432959952
976674985
520390016
822321546
533435340
11953936
29443860
31185796
327847891
624509984
927631141
230752296
533873449
836994600
354884184
766074978
177265770
588456560
661492161
734527760
161158703
587789644
581331400
397900124
214468846
31037566
422942500
189021606
941025754
54957018
587781030
805909796
24038560
242167322
254665220
524957282
887571452
23814815
160058176
296301535
432544892
910539122
388533350
866527576
229938636
469604975
709271312
945026097
180780880
569327657
957874432
579520747
201167060
822813371
444459680
236735886
51857394
297384958
96082360
925424813
754767264
323458898
892150530
460842160
264691377
68540592
509472002
807951312
613218177
418485040
223751901
29018760
243706605
458394448
673082289
887770128
102457965
317145800
431089820
450664070
946192386
665438926
968026960
156980493
345934024
111762988
927582554
734472056
431093029
127714000
667862239
208010476
861760100
443575036
762538890
199637008
973418449
747199888
244555370
214162636
183769900
153377162
122984422
92591680
62198936
31806190
958468858
885131524
811794188
158843599
505893008
446853869
387814728
393167469
398520208
265348570
256719732
248090892
239462050
230833206
222204360
213575512
204946662
816546190
354173860
86643507
819113152
112659597
406206040
616150762
639616100
988334723
337053344
609162768
921586505
234010240
653985283
73960324
357564496
665989865
974415232
446767175
919119116
578226546
753643180
276811936
118450651
960089364
16135568
193023249
369910928
126077124
337710048
480983779
624257508
640479170
37759596
332927680
690111611
47295540
679314558
902178174
827318196
877144274
911723028
718696294
199508650
594566274
101397978
608229680
115061380
788283760
99318077
410352392
14715802
619079210
223442616
511873684
837629243
163384800
485274506
50859756
465458056
911915581
358373104
30094583
701816060
434662232
352800945
270939656
690183010
103338568
167088770
455505976
560250236
348120526
160750430
973380332
786010232
529714697
273419160
820050420
580603380
266322200
702110537
137898872
41650892
696878162
511354620
899287852
983527630
105257870
825343692
801468660
479913952
652134482
780244120
862251248
194770214
612869350
325598224
38327096
751055966
114779010
811357750
189081556
680684690
161961748
709658470
257355190
805051908
352748624
900445338
448142050
995838760
342272745
688706728
113354450
538002170
962649888
360857189
759064488
493126684
964683718
261328610
531383806
909876904
288370000
666863094
343040638
19218180
695395720
507346481
319297240
131247997
943198752
296898107
650597460
722895090
49939812
336180530
306468148
184876350
741418526
254365764
980191683
706017600
234235578
753162964
522263451
291363936
195187765
99011592
589470677
79929760
804710846
400610874
996510900
592410924
357379903
122348880
887317855
652286828
968809244
218129498
315093064
808181725
301270384
937028468
292036764
165063938
56417684
911774875
767132064
779372950
62935934
259602508
583194564
761794228
197250744
759458250
742886484
139249563
535612640
657948218
456307700
829870827
203433952
168741662
946462602
425457242
845222902
415642412
360930692
807986372
12684732
763729015
514773296
196009880
90221081
984432280
103593296
715816415
328039532
766043672
248830905
731618136
500582076
80674686
91283590
537713240
854946645
172180048
859798335
547416620
449228932
214697860
561457683
908217504
573828750
239439994
905051236
570662476
236273714
493485068
679816584
964514173
249211760
772844993
296478224
382228975
467979724
658723368
445750629
232777888
791623629
350469368
593461505
836453640
465048010
987899332
661382850
666557708
760016920
154211321
548405720
440432508
138087150
835741790
533396428
606401860
469020308
562143280
984925590
59506766
323177396
586848024
850518650
935114044
720063300
471502244
380168500
787792059
195415616
603039171
10662724
121055358
489413390
799915836
759158600
59648028
294592295
529536560
764480823
999425084
234369343
469313600
888026906
952576356
994677706
857270760
926289878
925477510
924665140
923852768
497040035
70227300
74245506
78263710
82281912
670409325
258536736
963884701
669232664
133501226
526326020
427984786
164338276
526047186
491094500
42003875
592913248
72569180
810197518
867354654
772619156
677883656
583148154
289152268
982512624
874956218
252776804
630597388
8417970
60525836
812974919
565424000
317873079
70322156
899336990
219424998
539513004
859601008
658208205
456815400
129690800
802566198
475441594
148316988
821192380
882305618
241493260
474445288
355303765
236162240
463263873
690365504
563000331
435635156
308269979
180904800
194483554
208062306
221641056
979866795
738092532
198582000
591579933
984577864
6583226
168598700
714166536
695052801
675939064
82586888
128567144
288249933
447932720
562669952
677407182
792144410
946315890
217007362
739564562
775266090
341962710
723002732
806721300
890439866
974158430
297551408
786068135
274584860
271112792
781592625
292072456
65468929
838865400
761876749
684888096
556552205
428216312
98656870
757916398
735624660
720444218
397481984
105256841
813031696
405431070
678654650
769314226
722739586
15643410
308547232
601451052
894354870
187258686
966092876
822712836
684513476
240546236
963494775
686443312
409391847
132340380
883678960
20835175
157991388
845484004
111929708
556831334
84546466
458932670
867183048
574532025
281881000
904013697
526146392
148279085
770411776
392544465
14677152
286254905
557832656
267269204
976705750
686142294
903510968
21105149
138699328
884715499
630731668
713365500
782152698
850939894
919727088
879438839
839150588
527030384
489119943
451209500
96445652
78711560
60977466
43243370
847907310
877301256
590126254
979530378
368934500
758338620
519023927
279709232
792018377
304327520
324415075
344502628
382412370
420322110
458231848
505563194
975084300
444605404
914126506
40597920
167069332
293540742
640198170
986855596
333513020
837285986
856546244
448230186
883062360
436721421
990380480
879131635
767882788
656633939
545385088
213603909
881822728
163618629
445414528
254295959
63177388
549110030
455060206
734003004
433577256
891106065
348634872
806163677
263692480
77171235
890649988
21256264
673242333
325228400
684136452
842567440
731709293
620851144
685274786
749698426
814122064
302518750
382003994
461489236
540974476
237280286
267728390
147542840
585718832
278878775
972038716
152404196
616423116
518716655
421010192
212725117
4440040
81433813
158427584
833357583
508287580
294843066
86301784
741134368
939446269
137758168
478705334
819652498
160599660
814655671
468711680
300137831
131563980
415936490
795441616
826912255
858382892
272669180
276914263
281159344
285404423
289649500
385975912
381076885
376177856
957128179
538078500
357601584
713590166
821118030
733949108
257492610
391801532
538064620
591493535
644922448
632231645
619540840
169341840
333046057
496750272
232834767
968919260
749215010
463869892
970211347
476552800
598208232
108902365
619596496
592787566
226970610
839237150
451503688
63770224
692711943
321653660
497524652
848493070
915178350
981863628
48548904
521225573
993902240
466578905
939255568
805202454
497393006
361922500
920225966
846851446
773476924
700102400
958362629
216622856
474883081
733143304
22445806
26676970
247952378
796909734
345867088
894824440
973662033
52499624
98475625
144451624
688731650
513329304
417209248
708471485
999733720
824009366
93436246
442727800
852941261
263154720
184886363
106618004
733650
894849294
788964936
928742969
68521000
104408609
140296216
479261084
883974166
998285690
379351418
717704214
182520476
776923864
939244473
101565080
263885685
426206288
280244954
549166900
575910454
324503138
669241294
782494000
895746704
8999406
947393010
680124318
73558984
466993648
860428310
611283662
594987380
132293522
767154932
402016340
36877746
586725124
326482163
66239200
75345208
798565009
521784808
320728300
457132138
24002800
409064183
794125564
476006200
795646409
115286616
732506500
673810376
502264164
393342576
351972039
310601500
667292004
600388803
533485600
75013942
421802862
247246820
464067795
680888768
5588990
100731066
13886034
701631378
507839770
335615406
598846104
924850188
677338319
429826448
815378924
701488818
8098604
314708388
621318170
501732736
607384755
713036772
82740182
401346690
719953196
38559700
286985336
774187785
261390232
583575000
715657817
847740632
586907832
886325825
185743816
195121596
995809966
773504430
551198892
328893352
910068357
491243360
39840416
588437470
137034522
685631572
234228620
809362703
384496784
32458098
680419410
328380720
976342028
624303334
854968450
283669934
712371416
141072896
482161485
823250072
247270062
466231450
89614930
429112242
154472042
628374230
102276416
576178600
678250388
8842875
339435360
563844787
788254212
518685292
792424902
66164510
339904116
613643720
887383322
470064060
844788932
104688900
84538892
638263887
191988880
649420122
888535732
500314582
889403922
750348422
611292920
472237416
269472685
66707952
863943217
661178480
890994738
668300120
720634456
979608185
238581912
36885920
670704227
304522532
916219370
811643160
364112536
207502426
94844940
969811335
844777728
943575684
975497248
997767564
178672975
359578384
503656000
433856829
364057656
45482110
726906562
408331012
910307322
391887792
93862657
795837520
569194210
300611072
457157875
613704676
949886214
286067750
622249284
806156323
990063360
113649421
237235480
862293593
487351704
112409813
737467920
362526025
987584128
426643339
865702548
838292470
810882390
783472308
41921370
695628432
349335492
3042550
878861138
414700550
378480492
752090935
125701376
595947539
66193700
536439859
6686016
916596665
826507312
499285170
616114520
797523965
978933408
883094195
787254980
213428852
639602722
65776590
227050480
761102928
928046484
899086948
271494499
643902048
171440529
698979008
57846795
416714580
775582363
134450144
199659818
493053020
620343148
117932990
615522830
113112668
350579360
507411032
770024762
914489372
266394252
367525382
339138802
667041222
515183852
148176612
240253212
998586002
756918790
515251576
146089325
776927072
699654715
622382356
307775304
993168250
678561194
969315918
10809784
751765773
492721760
233677745
974633728
715589709
456545688
814114754
171683818
529252880
246521597
963790312
657669712
127908965
598148216
579866946
63924520
150929961
237935400
727023793
216112184
316312648
418435984
647987625
877539264
784588975
691638684
598688391
505738096
18721825
531705552
595146720
239362067
883577412
527792755
172008096
816223435
460438772
87914520
12388553
936862584
620571916
905371215
190170512
226093500
287612055
349130608
967004005
584877400
174916350
166848786
556640926
946433064
336225200
818773109
301321016
617898650
426794828
235691004
44587178
750249984
924079375
97908764
962565518
450378014
305252500
454626219
603999936
122559745
641119552
991605507
342091460
119301640
573440205
27578768
481717329
935855888
478662794
381541500
514637444
677416500
986131544
376091278
201730730
375869626
985577414
335707988
649624034
668795500
402808119
136820736
452680815
768540892
84400967
400261040
973494902
850941982
728389060
605836136
726219969
846603800
966987629
87371456
525768879
964166300
402563719
840961136
333766344
489791061
645815776
491035545
336255312
279004895
221754476
164504055
107253632
594144062
982059610
369975156
757890700
327221246
267649174
549388448
813308705
77228960
455290326
136523486
461545020
464825176
403744305
342663432
813081537
283499640
155896872
305205260
745898962
211632380
804998572
611071470
866478078
198921700
531365320
863808938
939511380
5840158
814849614
771044476
768543864
766043250
763542634
675813398
958990924
754663975
550337024
346010071
141683116
937356159
733029200
439034289
145039376
362383489
579727600
174975474
195387768
912217060
502958688
308689555
114420420
584924956
955455431
325985904
345009556
364033206
383056854
974794328
783856949
592919568
189698229
786476888
216087025
645697160
122943841
600190520
281710256
722003029
162295800
81507994
720186
919932376
750024880
575314285
400603688
557984480
58368381
558752280
59136177
559520072
43083562
526647050
10210536
31783094
30953558
7307160
885237413
763167664
516279751
269391836
274241800
371934228
28114220
719186758
407967090
438845382
469723672
500601960
389017353
277432744
467592936
54578025
641563112
228548197
815533280
555200916
592517140
11443456
504564075
997684692
665667462
842503770
616611770
375045462
997021692
293528575
590035456
863340955
136646452
809899772
661215962
379678632
668934510
958190386
247446260
281943246
38684566
396040880
753397192
110753502
468109810
825466116
59733450
508752328
549674410
590596490
631518568
167157545
702796520
238435493
774074464
282547476
362933364
446100376
136288790
588685910
29490296
212952024
387774178
944731064
501687948
58644830
776214886
513183144
138033733
762884320
88042532
232996680
910898548
867641060
255894868
949231040
469588911
989946780
482416530
193233036
693845320
643850380
593855438
543860494
752087436
960314376
168541314
239103608
707282405
175461200
275345896
128682124
408075023
687467920
770940068
596303800
296178777
996053752
695928725
395803696
873815716
231043096
790015785
348988472
889192812
327833882
632898392
637884397
642870400
331315203
19760004
235886006
587756210
751305718
914855224
78404728
718799670
340827622
255502560
765465201
275427840
629214895
983001948
336788999
690576048
404676005
118775960
483333110
463263142
548531072
281770865
15010656
762842206
399181290
242197450
213398766
798385896
415067250
313591488
943220729
572849968
248398830
807641746
530200174
777353328
172677785
568002240
309160226
766730736
237337985
707945232
824058612
517029547
210000480
826314435
442628388
290442340
700680708
346379820
438252607
530125392
648209742
359437762
519423462
708159692
49060652
589458175
129855696
614690290
816683928
667484720
378247517
89010312
581130332
211877622
739598922
267320220
795041516
483597471
172153424
717768946
263384466
808999984
942202000
104098169
265994336
323198685
380403032
12955417
645507800
169684413
693861024
218037633
742214240
420103382
90649630
589126108
779762000
283132377
786502752
24882067
263261380
662509788
422251495
181993200
182099057
182204912
182310765
182416616
422939546
24141020
829141436
899191730
324297180
817010511
309723840
812999368
47206825
281414280
863657392
85057717
306458040
777715738
234459660
704221008
173982354
643743698
113505040
583266380
873008170
162749958
452491744
464133003
475774260
284324186
794057744
316911250
953013064
235413825
517814584
581916000
321946259
61976516
802006771
542037024
370459993
198882960
948027913
697172864
739008075
780843284
822678491
864513696
906348899
948184100
303627164
650399623
997172080
179119828
605625300
486325808
565194685
644063560
960535242
277006922
593478600
805788925
18099248
230409569
442719888
657024015
871328140
694778136
818837694
341634418
24566670
709100576
896879011
84657444
667631148
758797014
717055850
21537074
824481298
527360634
981614750
914370704
815068613
715766520
956177817
196589112
396919445
597249776
838600264
349242648
131861530
570848812
918984840
589971188
976846219
363721248
201590124
466331618
387141204
59537798
703246810
140122746
588603574
772929708
119439844
473380675
827321504
865663443
904005380
145919396
387833410
629747422
196190520
370384253
544577984
913619216
420165225
926711232
691094107
455476980
359888158
356533230
353178300
349823368
321182045
292540720
905418792
413694452
420846987
427999520
944861177
461722832
244271295
26819756
809368215
591916672
465825672
751826800
701676965
651527128
19366529
387205928
856954265
326702600
796450933
266199264
72730700
132649914
192569126
252488336
972101294
504038418
35975540
567912660
561550160
915241897
268933632
149041487
29149340
600092998
147344290
444528862
140239000
96940220
220829630
798316902
375804172
953291440
530778706
108265970
928094730
900179366
10562196
314434635
618307072
922179507
226051940
375350200
649484985
923619768
39583509
155547248
73454384
694749541
316044696
451375450
668407180
469496880
270586578
71676274
167151946
604751430
603274468
1521710
938431702
882459440
618976705
355493968
270669000
182740373
94811744
6883113
918954480
868234342
817514202
766794060
220334912
698603675
176872436
699820494
528921878
78727280
237252720
644666181
52079640
912087850
654694916
151204371
647713824
397870796
839528474
566946808
294365140
21783470
898671622
863473672
260832662
881239750
534898480
48638217
562377952
76117685
589857416
902844200
215830982
528817762
680594110
747048200
716491305
685934408
989613510
839562382
160755460
472146942
783538422
94929900
920374775
745819648
800926545
856033440
663154148
470274854
277395558
908845264
728459658
430726204
866778175
302830144
690693523
78556900
112163376
394853030
905791078
416729124
927667168
653367779
379068388
698664450
771953996
845243540
918533082
991822622
65112160
356387401
647662640
938937877
230213112
107579130
509718940
177537900
719101791
260665680
184328706
807395504
269338631
731281756
752135600
956760471
161385340
366010207
570635072
646269002
736551980
521452792
833631305
145809816
641355284
568040443
494725600
120959013
747192424
731999268
41194944
596583125
151971304
231246078
374044834
651766950
203273484
304317703
405361920
506406135
607450348
808554354
210270156
566518104
634928678
943617134
252305588
560994040
869682490
178370938
881681494
831269436
1928735
172588032
875506387
578424740
63729160
574071857
84414552
594757245
105099936
321138035
537176132
286719060
444538283
602357504
557051103
511744700
253473566
153102134
660444688
324921679
989398668
653875655
318352640
610817291
903281940
469966580
94213531
718460480
875989973
33519464
566758301
99997136
63629950
817031818
236903674
656775528
76647380
372925147
669202912
490025475
310848036
66626676
482408136
39809940
437937996
836066050
234194102
847302292
570800162
744902412
850194552
107195322
726307900
584147012
360850660
804002052
160691820
483471942
918634290
353796636
788958980
516610996
423969720
138362233
852754744
731377300
58164444
392968423
727772400
237995201
748218000
661614380
602795970
513918756
850544131
187169504
926645756
666122006
405598254
323848228
45969974
795125650
945893094
96660536
247427976
916264760
74796190
506331362
926637862
45868940
121065852
321421650
12090060
38405287
64720512
939840167
814959820
690079471
565199120
726683025
888166928
134555260
903115558
618536850
638529782
973090820
289500483
605910144
680658278
911065494
141472708
371879920
175734770
754722936
398338501
41954064
572004808
253516105
935027400
108754896
626675249
144595600
731105359
317615116
265969160
214323202
162677242
447052590
209636920
972221248
734805574
856891046
899520400
818110831
736701260
48689420
410069391
771449360
362911125
954372888
906097230
168133642
371500330
617880638
30464720
443048800
855632878
140712770
425792660
710872548
926081780
663989211
401896640
862314625
322732608
783150589
243568568
558622590
885839666
388828334
319082928
141730745
964378560
590743506
834008056
545234581
256461104
552730983
849000860
378449032
167377245
956305456
820077304
546137681
272198056
251416105
230634152
209852197
189070240
911054980
253429760
736537835
219645908
397222950
858057482
332566770
558005458
647092890
644372782
641652672
638932560
543044853
447157144
210157986
713547800
448842221
184136640
919431057
654725472
997487822
619099282
240710740
862322196
268876480
795844733
322812984
851936838
652309630
624117756
725178440
370923708
16668974
662414238
569077620
964697218
360316814
755936408
624072205
492208000
266927896
413867865
560807832
910582800
683840473
457098144
917691803
378285460
436229072
620494445
804759816
989025185
173290552
245824720
762811156
398880731
34950304
954010748
536830134
493126666
301048610
864556938
965405814
654019676
767120264
559183901
351247536
541078800
279768271
18457740
893773120
843372101
792971080
791653150
338759346
207842766
833445120
417782183
2119244
586456303
170793360
519932197
869071032
157581065
446091096
87921680
437988392
549840212
15778332
449507655
883236976
316966295
750695612
869080792
906279697
943478600
174242225
405005848
23517620
642029390
260541158
767110424
880319653
993528880
468098833
942668784
493981991
45295196
449008260
690218836
561650720
595173445
628696168
841071094
838485686
619647240
575136533
530625824
638187500
951602399
265017296
641541324
428353546
215165766
1977984
451734375
901490764
59008018
3044764
705619375
408193984
666856308
703771404
477828175
251884944
150111773
48338600
328887528
609436454
889985378
619847390
663953496
70855525
477757552
114609367
751461180
436688688
942003575
447318460
634388716
853220350
937938678
430902864
807169023
183435180
976408436
198852640
129945643
61038644
736356536
398370890
85720340
642079611
198438880
400951426
703684064
107027483
510370900
435664456
535097085
634529712
789076400
857208727
925341052
206600260
841615955
476631648
247062564
965113928
683165290
401216650
400952142
182239512
109806492
76303975
42801456
31478181
20154904
294464006
975042430
902179388
818202360
784163033
750123704
512231925
274340144
425446468
378338464
409419451
440500436
869518240
889657243
909796244
535502736
406895476
625703036
934242426
794652120
691673328
916537094
300808886
36624600
772440312
508256022
463523510
115876520
152561105
189245688
442802160
696358630
949915098
667709850
708640262
93171540
759634722
5394892
953332135
901269376
742980060
207980366
547796734
432337348
803872515
175407680
164615770
593338692
675937907
758537120
536312233
314087344
675925911
37764476
164585780
425801216
61338071
696874924
552372758
555580490
208101986
836197994
753916518
920116820
748372098
821228060
633083668
444939274
256794878
68650480
880506080
556260461
232014840
609545190
377616686
420265076
258814555
97364032
151089337
204814640
890498797
576182952
994629557
413076160
831522761
249969360
668415957
86862552
447294897
807727240
168159581
528591920
11226180
143975200
475524275
807073348
150226794
493380238
836533680
309216583
781899484
937272200
571271709
205271216
744396409
283521600
642192524
863446
359534366
126885980
8804656
653893229
298981800
29784554
711702868
214767134
998434766
954539580
561133983
167728384
937157948
706587510
476017070
974075716
665309710
417677638
607363464
672843750
221613694
28058268
139967424
559136763
978306100
713798046
133358574
446767948
760177320
73586690
437549592
34047477
630545360
257827168
416082499
574337828
417991364
701534108
312937234
83466700
600238584
77247753
554256920
730007956
960177980
762649546
655771824
539180000
85801549
632423096
251619665
870816232
5044350
839244770
673445188
507645604
551627508
210309339
868991168
314839960
709638722
899903112
473768762
646541740
4608535
362675328
720742119
78808908
801202910
749121126
896522664
550585201
204647736
87011976
932997461
778982944
242057011
705131076
739192420
10329316
878599780
47612356
647645340
247678322
847711302
540175532
175530292
183323792
745548237
307772680
205540290
887734872
47772360
915882368
309238695
702595020
95951343
489307664
863237498
191147620
136993091
82838560
28684027
974529492
11233040
339313007
667392972
341679480
311483737
281287992
728669572
160237032
187576065
214915096
351695216
251443271
151191324
85950188
994064094
327199750
251924984
773893325
295861664
817830001
339798336
666041750
459681950
117539036
87188240
210935172
185542915
160150656
134758395
109366132
922138550
734910966
547683380
628219226
272235536
442095645
611955752
804356280
40453345
276550408
174392540
297821078
597884154
724613306
241373110
758132912
274892712
940063065
605233416
751399496
451644345
151889192
852134037
552378880
156824915
761270948
365716979
970163008
574609035
179055060
489925292
860878950
115533538
381216350
646899160
912581968
822134405
731686840
739885122
850828392
236559662
638931370
259129370
407252662
657362892
850133372
854907287
859681200
402818052
956375760
515859167
75342572
128834640
510959487
893084332
274149680
569430647
864711612
32375500
200039386
367703270
491582020
472785750
283762082
94738412
905714740
710331152
675635085
640939016
749582434
555887048
463005165
370123280
331613956
361644720
948526565
535408408
836472945
137537480
250921690
364305898
477690104
562054956
552924554
4768
870001899
739999028
288160914
788568500
991425579
194282656
8263354
536479988
774665574
863568650
952471724
41374796
662651974
731772818
783297750
834822680
886347608
937872534
989397458
49088934
146792700
260508784
848048466
827645960
689100013
550554064
224591700
359654164
259632000
949475339
639318676
627998550
909854898
625815894
633862036
136201794
587896828
714794655
841692480
878668485
915644488
142534965
369425440
86012741
802600040
567845876
853553380
302564436
931204651
559844864
6839103
453833340
143485446
833137550
522789652
299925675
77061696
932895560
788729422
644563282
500397140
356230996
242627691
129024384
136924348
245662054
170851250
375086534
960485548
273242164
267058768
178022719
88986668
404484320
719981970
35479618
913259794
792212586
611814390
781866108
875633120
604091203
332549284
524804450
776984284
620290500
702162084
236769923
771377760
771760232
240259980
832439922
888617900
936882903
985147904
49632431
114116956
227063270
944944530
126701366
308458200
490215032
671971862
853728690
90239510
999759732
537049467
74339200
611628931
148918660
82622768
379593309
676563848
985286090
460121156
931199650
230530460
874320980
61099880
51429912
661082522
270735130
880387736
830336101
780284464
45502768
354766530
297210352
239654172
182097990
228943778
903614430
43445272
218351725
393258176
690693464
932684538
413393084
82135268
693581004
623483198
131699510
472338096
490149895
507961692
709111032
194172585
679234136
690738676
702243214
713747750
725252284
736756816
280456605
824156392
171901330
997563888
213975345
430386800
145752882
717756632
539624552
879689865
219755176
248050536
546437901
844825264
143212625
441599984
956895298
446746224
936597148
426448070
635780066
169259134
702738200
236217264
769696326
303175386
927541050
954976150
399198236
982318351
565438464
148558575
731678684
745256878
758835070
772413260
723238631
674064000
37549235
401034468
764519699
128004928
159238979
190473028
310670440
798789192
716134777
633480360
438725568
534493005
630260440
564433822
304099842
219091510
766904660
355444530
372252996
325734291
279215584
992971216
556631196
122205966
784448990
874481780
937320731
159680
604982196
112638940
665357586
218076230
770794872
323513512
876232150
428950786
981669420
573066896
533787535
494508172
475462520
456416866
437371210
929036438
177245164
806101751
434958336
63814919
692671500
16604234
197579488
607238804
28637275
450035744
93872603
737709460
925903136
554327795
182752452
927166762
659777880
644950477
630123072
334495487
38867900
423980930
809093958
194206984
452617141
711027296
969437449
227847600
371718349
515589096
368629624
402466433
436303240
667854732
548908050
206499420
956220820
734945400
299157506
863369610
427581712
278253905
128926096
691394474
746893228
632090744
636852186
641613626
646375064
674864248
776577430
715094262
959673160
632603573
305533984
743281116
164718535
586155952
7593367
429030780
544877188
849477300
528181368
858073545
187965720
209257661
230549600
491729732
564693040
213443933
862194824
510945713
159696600
133230508
106764414
80298318
465219164
552218848
639218530
726218210
454949202
189777002
298115510
834133980
377384680
57958112
236594685
415231256
593867825
772504392
508912810
245321226
981729640
284474598
590237790
51900812
211223700
261136555
311049408
924784675
538519940
107398856
676277770
245156682
814035592
382914500
335190632
958698952
539175097
119651240
447333280
186062237
924791192
443931542
503053462
131717912
534401477
937085040
899767080
568875092
237983102
907091110
482632168
834938874
366885100
28836024
304880578
213646760
170053542
480159422
799017340
197756712
877408232
837460
202067292
775278247
348489200
604772132
13681907
422591680
921772645
420953608
662837029
904720448
818563125
732405800
942701197
152996592
764892407
376788220
696232360
93574565
490916768
297557739
104198708
723458930
464968516
199482259
933996000
936419184
606081366
502058030
398034692
294011352
173036942
590878890
756458170
752564422
577250772
642860395
708470016
491204660
752217276
287249911
822282544
478672336
483296319
487920300
435074744
474314818
611414120
483085273
354756424
226427573
98098720
973768412
291271495
608774576
926277655
243780732
161868740
438073092
650867027
863660960
119441443
375221924
801879196
902378674
342764668
653542444
283961998
583531950
702037276
825265360
980479391
135693420
212351648
486805224
77319900
510502774
283980938
784493474
762296650
740099824
717902996
600088324
121572796
705696474
623762408
541828340
459894270
170935422
530472372
718273595
906074816
743188860
113122326
555136986
790240170
935983470
65238536
298421294
817147338
335873380
854599420
994954250
782208976
569463700
356718422
143973142
931227860
759009835
586791808
368992025
151192240
438288445
725384648
663343300
362571368
855766849
348962328
882722960
701977583
521232204
228162656
891410979
554659300
764708594
126583508
501303574
743465746
985627916
227790084
469952250
712114414
942799768
298492469
654185168
927026194
578120136
433013965
287907792
774048420
634506163
494963904
159967631
824971356
127022930
717148140
60176560
927922135
795667708
280722044
625612311
970502576
68540636
390312126
326817030
346307800
458529821
570751840
831816120
141458502
75532030
9605556
943679080
823459141
703239200
508230931
313222660
651793268
666809640
858825936
278941969
699058000
920484464
131219975
341955484
95929468
27454114
682066276
387072035
92077792
156827620
977008632
973488825
969969016
140988484
547640216
633201065
718761912
526012300
458577423
391142544
268983468
567242274
865501078
163759880
238966997
314174112
703933100
103123455
502313808
373665700
427720888
8702394
602773500
269193044
757405000
665886269
574367536
697200969
820034400
942867829
65701256
60258950
423819758
338164084
252508408
166852730
589152732
730558415
871964096
308593925
745223752
209494840
996017137
782539432
410988102
516121390
650505940
93191610
469077696
966107241
463136784
829824558
749514450
182051406
843703904
65298193
286892480
679225702
938464470
194228168
449991864
705755558
961519250
217282940
161945420
920997270
680049118
439100964
855244851
271388736
808514526
870021130
986661850
716757046
425354316
820251996
266098215
711944432
815392880
854296133
893199384
387009066
82630020
115826
48587636
759350126
470112614
180875100
254087599
327300096
934759499
542218900
588598644
634978386
681358126
189848080
159255502
173561922
187868340
202174756
603764900
541381635
478998368
207827920
936657470
665487018
819048394
474122286
458245640
850418350
51887242
663386762
490666670
447366920
404067168
360767414
925238126
379714660
451435283
523155904
513497838
764527650
401760246
743811924
446501746
985329700
629709763
274089824
346212025
418334224
454259663
490185100
7876496
266179549
524482600
152548834
464411368
355603070
266469602
152444230
956514268
580714735
204915200
961346327
717777452
474208575
230639696
497517041
764394384
253702788
922501264
254314548
409888395
565462240
226414622
391566090
143492378
358156630
642890972
640062575
637234176
487327161
337420144
497254038
492138254
487022468
481906680
555464073
629021464
946756168
384576089
822396008
599211104
582940563
566670020
21775842
476881662
931987480
602907180
550280810
671397552
686853312
569571122
947421960
827818618
251887884
931664391
611440896
357702635
103964372
460965220
219565332
836614960
450475767
64336572
806624412
668983562
583022640
225829927
868637212
552916880
744299916
322227770
559323048
919339150
769448826
619558500
469668172
234926255
184336
392515090
310306440
212454061
114601680
452179380
719093260
265899550
907427206
964440056
909938381
855436704
718178043
580919380
292274402
207920620
236675712
148313047
59950380
691763610
859659352
201532160
811352983
421173804
280692550
819668594
307589958
988417324
592957588
981426344
369895098
758363850
432332126
728784064
25236000
321687934
888849498
10301474
746769850
966488814
279317848
841671469
404025088
997080104
720933156
377024704
33116250
689207794
977458818
41994834
415083850
283270374
580647668
878024960
175402250
50658956
902313440
965032138
497815244
138129808
969677149
801224488
632771825
464319160
902872941
341426720
779980497
218534272
483371382
748208490
13045596
557055980
693542943
830029904
127236925
424443944
143563400
349922024
285678125
221434224
190401868
975969994
538076000
157772889
777469776
764605990
612749638
245972544
521211775
796451004
71690231
346929456
281782556
634878375
987974192
935860637
883747080
227411372
490098170
304274728
577029325
849783920
717493852
114014087
510534320
907054551
303574780
700095007
96615232
879165552
661715870
444266186
226816500
9366812
711615010
173316100
125320627
77325152
421096192
877534807
333973420
216047558
464794290
204586982
305321980
406056976
506791970
607526962
708261952
557379195
406496436
217891844
104924636
991957426
878990214
917200908
955411600
993622290
702116232
76182705
450249176
652391189
854533200
485821759
117110316
993189700
14385076
35580450
56775822
550854352
764855305
978856256
519780106
60703954
601627800
739936469
878245136
16553801
154862464
534541863
914221260
293900655
673580048
232369660
227546118
393900834
560255548
726610260
112031368
623401420
180141551
736881680
117361953
497842224
603513333
709184440
277806378
829644004
640616131
451588256
79597856
348380129
617162400
738377699
859592996
893848970
358273608
362941530
22021916
665054959
308088000
756590219
205092436
653594651
102096864
349150901
596204936
197682376
6907461
816132544
974914243
133695940
221425102
281966310
345590168
278262405
210934640
444096791
677258940
827492080
364488058
709852164
36266451
362680736
712945476
625156336
13628994
918769008
996400209
74031408
279586629
485141848
31120334
295453066
559785796
824118524
88451250
352783974
967637308
534785504
378531875
222278244
36117668
949408724
17056288
84703850
152351410
729094866
603305946
712090190
609839720
551064145
492288568
844742840
322844222
961391442
579658110
197924776
816191440
223310885
630430328
529962274
371672696
592303220
473729675
355156128
431068705
506981280
868677188
751757795
634838400
237474813
840111224
612874321
385637416
714908745
44180072
590946810
407448428
223950044
40451658
856953270
673454880
843171515
12888148
182604779
352321408
757115484
557773678
358431870
159090060
578554631
998019200
751374768
504730334
258085898
11441460
764797020
968554930
795104316
375093820
962452023
549810224
933467028
504203035
74939040
374810892
587268495
799726096
165448880
462074653
758700424
86325148
182104454
252191106
331628430
460135088
588641744
717148398
845655050
974161700
715991011
457820320
531157576
248516136
590013501
931510864
273008225
614505584
956002941
297500296
427701325
557902352
541907567
525912780
855724788
127224800
965450021
803675240
627738278
849670654
80438556
935425935
790413312
60422867
330432420
132746888
864787964
490185918
115583870
740981820
666882040
21845722
376809402
731773080
689952760
620198982
701282110
973743708
451459280
126815177
802171072
328215567
854260060
488811138
49144340
154515958
651663074
289159246
885752560
674127031
462501500
79450560
97496955
115543348
906661150
366409262
724661740
160544823
596427904
827883131
59338356
702093340
747918946
487050724
502928546
740619260
448800956
156982650
865164342
57269612
249374880
441480146
713561624
845874688
591548015
337221340
773442486
618322026
463201564
308081100
153145814
998210526
843275236
779959315
716643392
271573030
162251638
334018520
505785400
677552278
849319154
21086028
59824615
98563200
622523595
146483988
31305380
366716708
17151939
667587168
243843809
820100448
166774325
513448200
86847320
197059682
882318200
334575060
143140891
951706720
20864435
90022148
159179859
228337568
718167670
601079502
818528980
2859162
802972752
542743647
282514540
815987980
17296310
426654426
248741386
894600670
187161920
479723168
772284414
64845658
357406900
528705238
371407250
806863942
552803660
380345452
901458350
564778718
201966740
388902938
426593744
833884561
241175376
221711610
765761380
645349571
524937760
404525947
284114132
439034832
53398047
667761260
695955728
652078685
608201640
470314562
669473912
868633260
67792606
703578054
93882328
527991644
962100958
396210270
271849732
783683630
808279030
357933632
182131795
6329956
717284254
170471838
92486500
14501160
936515818
288364884
80535838
103355214
126174588
148993960
413871441
678748920
318123248
512644775
707166300
901687823
96209344
533551493
970893640
885076248
583010185
280944120
332980740
106202440
363640532
621078622
878516710
537956328
106419105
674881880
931409060
703186800
726715015
750243228
990941380
195786148
325678260
922874968
25031209
127187448
785381340
235508678
317498530
399488380
481478228
786606600
565647292
344687982
123728670
856524660
756101890
952095676
732119980
512144282
292168582
72192880
852217176
40337386
891528420
331385795
771243168
202516800
316729315
430941828
813565880
655913497
498261112
340608725
182956336
25303945
867651552
590896530
556661368
522426204
488191038
679358150
191511096
652396285
113281472
309890575
506499676
935024714
309728208
817961905
326195600
222076346
953544516
804050546
497525940
762006686
26487430
290968172
568987575
847006976
277574739
708142500
506542504
854061808
193022870
640231182
919290900
266333642
883499512
256013477
628527440
594545917
560564392
526582865
492601336
172234544
851867750
531500954
764565498
667593654
692099500
716605344
741111186
765617026
790122864
948359313
106595760
977681042
497157800
546697577
596237352
287304642
818730040
956226245
93722448
906037560
326951393
747865224
724433898
506862580
986365611
465868640
945371667
424874692
341203580
703172682
796776240
820780376
18774186
748237060
873900435
999563808
835639340
763296978
76947804
154470548
991807979
829145408
476220250
354191556
95853810
837516062
579178312
333109270
693843398
341747760
942409380
245558680
741907561
238256440
675979340
233152370
28126572
958389047
888651520
643269621
397887720
324008733
250129744
176250753
102371760
28492765
954613768
930203820
900340538
947391624
229091650
361665304
494238956
626812606
676546710
726280812
776014912
608428095
440841276
92204314
388198728
363483434
876132116
879325934
580973478
831898520
895136133
958373744
190802711
423231676
941066480
828626791
716187100
372929828
627226339
881522848
574722709
267922568
21923669
775924768
529925865
283926960
37928053
791929144
483732025
175534904
172497300
467784604
475793250
274496484
947666850
641843324
853343900
819824519
786305136
491006105
195707072
490978875
786250676
819729214
608153758
45736580
621985038
757073670
18546792
462483402
906420010
350356616
675185821
15024
868151428
713663235
559175040
735021867
910868692
581889780
583595675
585301568
804559394
732439536
815062465
897685392
516116540
511117782
453247930
813572058
173896184
534220308
570596604
614871738
93299000
819144212
752193340
491806922
671775792
517578407
363381020
267578960
684218361
100857760
9923603
918989444
275014650
756011824
102479553
448947280
334119426
700582064
355863000
179808489
3753976
350241364
696728750
43216134
241261448
914780889
588300328
623473025
658645720
159503780
660361838
161219894
998952736
520359395
41766052
563172707
84579360
242143715
399708068
772212300
833948638
895684974
957421308
597296504
237171698
877046890
596090262
753823500
534314572
810252527
86190480
495544293
904898104
364160738
264870744
48785736
178002265
307218792
846345120
103717027
361088932
618460835
875832736
930537000
905658221
880779440
3808888
653301934
730032250
272364994
51466538
456887654
191338900
783655154
833738788
883822420
933906050
466798876
748947311
31095744
856235528
528347840
789120591
49893340
259150130
521519356
375815820
564890703
753965584
860867558
9731750
158595940
307460128
572718629
837977128
852259190
866541250
880823308
895105364
909387418
679834064
591668625
503503184
415337741
327172296
836312045
345451792
854591537
363731280
224746090
368143372
218442080
346710453
474978824
445351046
415723266
386095484
159878716
933661946
707445174
844241068
627961444
321977148
487823514
558494600
764901889
971309176
177716461
384123744
389310608
306778280
128975257
951172232
589197000
633334597
677472192
977032207
276592220
188013210
167005672
533840390
900675106
267509820
634344532
1179242
57108072
830095437
603082800
979622380
23986770
466536156
429009460
273183643
117357824
632541243
147724660
519317356
933115679
346914000
9817109
672720216
618465734
239370078
345885420
852830108
650829690
23850936
396872180
769893422
404446950
617809528
831172104
44534678
257897250
471259820
505029520
185188175
865346828
380172120
882608273
385044424
534230225
683416024
960551100
989189374
17827646
46465916
891043496
930927000
969819313
8711624
66058900
769901324
953884350
258711734
836797168
3611145
170425120
988998315
807571508
626144699
444717888
6839979
568962068
321989180
120076298
918163414
716250528
105093659
493936788
291272514
895768700
326034364
300167250
873740044
447312836
20885626
480684720
435942032
996482745
557023456
936600410
786406820
636213228
486019634
730958700
642372784
158366733
674360680
52931466
431502250
810073032
748419402
646773572
545127740
443481906
251020956
371514415
492007872
32670860
86793962
140917062
195040160
634400347
73760532
274767682
337925372
166985372
127332682
912438032
414854097
917270160
388204970
63125932
779493527
495861120
69488587
643116052
461186692
71988892
849827602
238968012
337358392
233941522
696380640
400918601
105456560
70312818
674514680
653664116
591618571
529573024
229804568
590051929
950299288
781119024
425929498
311736884
381444875
451152864
520860851
590568836
879031420
219190026
418138064
75349553
732561040
676641722
879631940
585128882
285476372
830848155
376219936
238553070
731303938
100847974
31957196
496420524
539280446
443500950
347721452
251941952
891949787
531957620
914285870
230098662
637302392
555824872
3843465
451862056
653386056
442480960
977263693
512046424
559908350
144780434
559098718
510022344
216575673
923129000
975057018
301484524
385408888
469333250
553257610
637181968
721106324
1357348
358499844
596104428
552217055
508329680
661006661
813683640
474956226
702557864
274144198
911382894
932893300
452726194
335771108
172174674
8578238
844981800
495927866
701622796
654156016
672197805
690239592
782810842
996197180
937091775
877986368
284217145
690447920
527686642
835197240
766735013
698272784
219606616
877764809
535923000
311761484
200916850
757807724
260879543
763951360
935412347
106873332
278334315
449795296
621256275
792717252
472469842
500390340
390438995
280487648
170536299
60584948
257786080
860740261
463694440
773878758
946385374
567467596
447666535
327865472
169297532
204538807
239780080
71216622
902653162
734089700
566009923
397930144
436919968
286030509
135141048
218927574
302714098
386500620
470287140
554073658
414429424
481532321
548635216
856036690
57437480
346287945
635138408
661164065
687189720
463403397
239617072
975252700
710888326
446523950
525555348
487498219
449441088
775266865
101092640
953714211
806335780
112063930
523762736
112231960
700701182
289170402
877639620
466108836
43054851
620000864
196946875
773892884
350838891
927784896
781680705
635576512
489472317
343368120
401161630
691749602
360426022
29102440
697778856
151878956
200701306
221588200
437194118
988608590
151538852
378386550
589594610
390767062
682490132
711105122
854507372
684398007
514288640
262708847
11129052
759549255
507969456
358864690
46376600
633990672
120826405
607662136
237137394
823989808
331276839
838563868
769125664
86799273
404472880
666453482
88524012
899442792
710361570
521280346
255381566
279715840
822217731
364719620
894239878
175538634
456837388
738136140
891153958
99971874
308789788
517607700
886634667
255661632
671008427
86355220
410972700
826847490
970337556
933973430
900212738
352175134
515841816
973046125
430250432
909594520
102302850
295011178
487719504
595944625
704169744
282024218
118435284
64957198
418088790
854395856
213667050
205023308
324142759
443262208
379286019
315309828
258382880
239409067
220435252
311926712
339691417
367456120
689165413
10874704
408271250
32200584
325117898
275273540
781297378
287321214
793345048
861871404
332741631
803611856
412261065
20910272
854431422
156894170
579529890
333656442
796337102
259017760
721698416
15455495
309212572
141030172
972847770
804665366
90452284
511289616
852232196
298466416
525831834
681078068
927707254
383530050
276457854
52954568
615361190
177767810
740174428
301902735
863631040
425359343
987087644
829001786
372058840
596990800
821922758
46854714
612920426
803152750
993385072
183617392
373849710
564082026
473597114
557152518
856525940
969347898
86524640
169647643
252770644
780458250
516554264
692214488
508357794
364712536
178729320
561260948
357482540
108892678
860302814
611712948
258984434
917690500
576396564
235102626
234596300
335172936
263129965
191086992
890709722
590332450
289955176
695771261
101587344
916504828
930281414
333245250
736209084
139172916
132805915
126438912
707557575
288676236
869794895
450913552
767704030
100516570
615757442
571047082
944030310
921198740
618874930
293127556
838763370
714897528
859597109
4296688
989911480
827395862
858378102
98349320
110386758
708087054
305787348
903487640
315856726
488946486
9301800
58442801
107583800
796077736
637292444
113370983
589449520
485825078
377782334
711299916
653136615
594973312
116047475
637121636
997970344
358819050
719667754
80516456
441365156
533135456
881513605
229891752
9066822
108626350
78350100
403099947
727849792
258477112
188893377
119309640
292951442
385432720
511495826
755659464
688066818
52383864
28113876
696581164
61837126
161487730
45358278
929228824
813099368
954293229
95487088
143036604
545707031
948377456
443523406
222261730
673961590
524472916
360407730
775666308
477877939
180089568
578554184
275820616
542645760
424749531
306853300
152541158
884657034
869258866
598647570
437517498
305303614
135898976
405097595
674296212
656132392
49849072
302497365
555145656
293049706
885161540
398988546
941180524
753120896
441318885
129516872
38071470
621259978
670676650
211029822
512496080
725808553
939121024
152433493
365745960
731970788
415717939
99465088
783212235
466959380
150706523
834453664
177596701
520739736
112872826
919095100
671429316
312627460
785385356
258143250
730901142
267213460
650958402
242297852
387467612
155788327
924109040
594868392
899618372
43539432
380491512
717443590
54395666
589861334
91573428
636897754
281394000
785649294
936467618
87285940
238104260
19262220
800420178
581578134
362736088
143894040
223998417
304102792
723205780
223235532
505656815
788078096
494101549
200125000
700694924
201264846
701834766
970622220
142020935
313419648
291294265
269168880
554146087
839123292
124100495
409077696
710521485
11965272
8124170
479480340
213702990
867028086
520353180
173678272
827003362
480328450
879418530
223818642
185728842
246104230
306479616
366855000
279050281
191245560
257700116
377936700
603851703
829766704
774317625
718868544
854330843
989793140
383897966
778002790
172107612
566212432
960317250
310117008
161303695
12490380
660062516
927806171
195549824
377608958
881924090
460652786
903159394
930697218
557035170
183373120
809711068
779140750
748570430
718000108
711738300
465695938
251511700
492150358
383165234
274180108
165194980
491426428
236895210
271887072
613897945
955908816
297919685
639930552
981941417
323952280
643987588
969145800
394045412
595050640
24423247
453795852
775076232
59474100
644336692
345604840
46872986
748141130
886859198
532386224
574607943
616829660
747284456
531199729
315115000
144448384
288660475
432872564
3984598
787552594
175360550
861312444
547264336
233216226
560288000
312535091
64782180
813672358
433650714
234706426
617367350
272963948
8193780
589937787
171681792
890811975
609942156
326023606
397097050
358699210
691631166
24563120
357495072
346227752
35793412
685705112
128114470
661578798
52830260
497494587
942158912
298517972
969006267
639494560
892547628
148161490
783729372
731426100
767362075
803298048
872720095
942142140
973554046
482661766
224019160
965376552
706733942
448091330
189448716
533734471
878020224
222305975
566591724
910877471
255163216
959269946
600179780
241089612
881999442
280167292
678335140
76502986
931012776
169119405
407226032
647982812
888739590
129496366
993281684
911988203
830694720
744440648
679841000
803908653
927976304
52043953
176111600
862493522
548875442
235257360
827144513
419031664
10918813
602805960
494258708
191045740
760937878
878996554
604251106
329505656
54760204
317199906
278221460
167485366
750530946
318880990
156710520
74811552
743439660
588367762
895265532
144158572
895056222
572384070
514806040
193533117
872260192
550987265
229714336
181851700
133989062
86126422
202709992
319293560
435877126
552460690
669044252
900764580
768992412
727240370
192269948
896595935
600921920
767980246
400488574
314701068
33045844
671798648
625841625
579884600
326239236
359493640
530786033
702078424
873370813
44663200
110812243
176961284
447357316
451563884
199045766
167075090
135104412
103133732
71163050
39192366
711783784
572815441
433847096
170640216
193635090
980783168
254990149
529197128
201851544
874505958
547160370
219814780
892469188
295360659
698252128
532826395
367400660
550944856
175231081
799517304
176688668
995330855
813973040
168916110
886839682
604763252
322686820
204427892
468914715
733401536
251778060
270675146
703008416
429480350
357338890
450513306
255590806
675110140
364892896
845628949
326365000
338422374
387829758
999290844
335943088
21835189
707727288
260383434
246604500
659501019
72397536
524551594
108916508
296447164
259087538
705620060
152152580
598685098
752376024
541046400
455200699
369354996
283509291
197663584
111817875
25972164
940126451
854280736
966238290
399646808
371210549
342774288
314338025
285901760
458371771
630841780
794828468
974583560
262623676
24903150
787182622
549462092
311741560
74021026
359591864
16814828
816323999
615833168
457383129
298933088
552181710
816258066
723200334
726479648
249875459
773271268
331900060
706211698
268814620
36700868
487614500
386111188
392588779
399066368
516763655
634460940
922226566
23943346
490469670
555068700
227897800
214999297
202100792
497025432
823316890
308444908
539638360
287082513
34526664
711682001
388837336
834281525
279725712
716180847
152635980
798329628
347083450
541189016
735294580
929400142
365910230
263079888
569493945
875908000
744773482
610523132
733545092
640638772
372764952
309243910
445998718
851406780
387912088
762651585
137391080
943528630
486521686
37866776
45194820
526435843
7676864
707390501
407104136
185112576
963121014
741129450
195061714
551883938
908706160
265528380
703651671
141774960
299866686
956609994
613353300
270096604
72769650
95685724
850302863
604920000
752417712
473683642
583046692
104037882
854374160
91493373
328612584
731519728
456755879
181992028
443825084
873171575
302518064
114051233
925584400
25070831
124557260
61740168
305211009
548681848
720176040
11843453
303510864
679837750
52562654
108048028
217533984
656413716
871321755
86229792
65509112
932245550
798981986
665718420
519012763
372307104
685261318
998215530
311169740
787930800
155110998
840877294
688112836
171683694
448288278
656228880
399475801
142722720
292899418
425094244
743675338
359817704
233779606
980389670
972952928
556102444
283206098
176863964
70521828
964179690
471220696
399041325
326861952
153265197
979668440
806071681
632474920
459967828
202296859
944625888
773121029
601616168
430111305
258606440
801514616
830289921
859065224
388095308
93564994
63439300
782655379
501871456
103070104
704268750
305467394
480298118
655128840
829959560
4790278
179620994
15499150
930363824
297211796
382254875
467297952
194928812
922559670
650190526
939911436
891869076
775091755
658314432
665339395
672364356
433827704
330461113
227094520
707214692
736262080
566372411
396482740
382381940
983076920
533613306
342899804
715312956
673665975
632018992
982339460
332659926
682980390
35312160
814654787
593997412
818413340
548240402
91110860
616613112
557127225
497641336
719324060
608652135
497980208
112745790
648022282
371447930
144735558
854528980
647725378
629520444
790811711
952102976
373536075
794969172
187260652
579552130
971843606
31139204
611712406
807197890
715338398
790204184
567915500
345626814
123338126
444922300
766506472
88090642
614339760
975692296
542643024
326882271
111121516
731243640
702785178
674326714
645868248
508853709
371839168
144220084
210125148
539573415
869021680
183862420
692487300
201112178
709737054
451913000
194088944
936264886
678440826
420616764
295478276
135817075
976155872
61732672
454059092
496730532
285757732
925646275
565534816
346957784
556130858
568710084
390985075
213260064
248755700
327337164
478159983
628982800
474348938
289288700
481271967
673255232
865238495
57221756
222240154
442802888
688211249
933619608
506042404
943430928
380819450
818207970
207754746
244233166
445882440
146894278
931961230
193616772
455272312
716927850
85999748
247023955
408048160
580745500
753442838
926140174
324394900
722649624
120904346
443843820
852937783
262031744
987114918
712198090
437281260
723798071
10314880
372869353
735423824
97978293
460532760
925413602
225061240
136009237
46957232
733528860
908326542
700773022
507091540
509147562
790937800
274164970
7974196
359270091
710565984
354996493
999427000
259207377
518987752
271758462
648664802
25571140
402477476
499308980
596140482
692971982
245555600
798139216
350722830
135350370
919977908
704605444
113590675
522575904
931561131
340546356
749531579
158516800
896352329
634187856
985361329
336534800
591186529
845838256
540137495
234436732
928735967
623035200
104131563
585227924
93669596
310247474
561684348
340283244
147891678
132429830
286166776
131940365
977713952
865086205
752458456
30088281
307718104
585347925
862977744
140607561
418237376
348763370
279289362
209815352
123438277
37061200
483458943
929856684
632228116
953683784
119113348
578080664
113262193
648443720
588738001
529032280
877623436
418841570
715963188
422806350
488328342
945290160
925617756
990207879
54798000
235945709
417093416
805372565
193651712
368092207
542532700
393037670
844859602
296681532
748503460
27553315
306603168
642060085
977517000
624159040
757322911
890486780
60624698
352805624
689003900
557532174
746962238
352009124
54930118
489045450
923160780
357276108
629079110
900882110
172685108
393732530
649210916
66859459
484508000
273150969
61793936
373470640
644137751
914804860
158535108
511451140
767614028
364389679
961165328
696941565
432717800
553603920
926674348
234233890
330880756
264938379
198996000
937493189
675990376
588175725
500361072
690220172
880079270
69938366
351855996
866790975
381725952
610902872
586290217
561677560
727896852
894116142
60335430
619241000
559961426
643056464
837159013
31261560
89180218
333168380
219309588
741421560
56529586
261464976
156127714
119663168
285247999
450832828
792890610
482450236
247493820
59369426
871245030
683120632
182041965
680963296
616391024
456039013
295687000
959379242
278961860
797540002
458721052
883476212
527504592
89870047
652235500
875591600
98947698
322303794
318328586
585034470
255774388
165918299
76062208
177467944
326362425
475256904
246087368
24269049
802450728
477074464
885452125
293829784
140150198
847573574
769811600
104617909
439424216
264179334
88934450
913689564
738444676
563199786
387954894
212710000
49667304
639116473
228565640
865231256
535195306
341233860
186366195
31498528
876630859
721763188
566895515
412027840
984751028
996976220
9201410
21426598
618010220
97244087
576477952
911273772
473744575
36215376
902197540
495771763
89345984
707299375
325252764
776562018
786881764
962787298
138692830
314598360
301877125
289155888
861305740
440019418
18733094
597446768
176160440
754874110
333587778
912301444
49684698
606704064
303772751
841436
162619610
369996360
726660061
83323760
767606260
218430140
700149130
631429456
477911281
324393104
509317338
694241570
879165800
774956206
670746610
566537012
757817470
949097926
140378380
57529916
14143490
956171380
510283870
497108942
410059132
985984952
178557170
371129386
563701600
756580208
66135909
375691608
956702250
537712890
118723528
541794170
73054156
554492480
418108223
281723964
675910426
70096886
464283344
858469800
252656254
374506658
784946214
189194700
789376359
389558016
529890509
670223000
424848569
179474136
290427144
821578233
352729320
69654032
330814725
591975416
27952434
356734288
61162149
765590008
890497465
15404920
123245701
231086480
971130638
67345570
67838742
472856740
877874736
282892730
294944548
345671610
847377712
354517095
861656476
925966736
446781505
967596272
488411037
9225800
241482298
801308780
159756568
123333185
86909800
823662630
485412926
903035836
691180376
558104470
543423318
139796344
807457613
475118880
142780145
810441408
973980854
215168206
456355556
697542904
636971833
576400760
183785732
23984520
45447985
66911448
780371320
498199286
216027250
933855212
472437840
293586047
114734252
923712432
867977367
812242300
971607388
947611770
433474936
919338100
405201262
891064422
376927580
987698232
599205410
268061240
828693637
389326032
949958425
510590816
289975550
418211290
459415906
434191706
329926590
94488000
859049408
623610814
639279450
913889634
84746458
737278334
197751200
233904059
270056916
361788770
453520622
545252472
80100912
459012637
837924360
955274573
72624784
580184250
180273604
811844050
398106244
897056650
396007054
894957456
604184406
79850190
59787700
765295170
54885852
573355087
91824320
80208860
774260750
36415902
497751892
14377962
914758312
144012670
531716898
771723110
984034412
248653220
619428195
990203168
652521795
314840420
599862012
440428810
991610448
542792084
93973718
631361010
423647606
366976804
310306000
253635194
819671588
933039674
244698096
597484599
950271100
666459384
104143593
541827800
419850036
685256260
591400435
497544608
403688779
309832948
215977115
122121280
622075481
122029680
926786198
579278350
405752212
613509610
821267006
29024400
314561093
600097784
757444441
914791096
22621045
130450992
242679207
354907420
527648008
773818644
500420588
327816415
155212240
932535470
709858698
487181924
963409818
439637710
915865600
162510915
409156228
936620230
8634922
661207650
313780376
966353100
25770223
85187344
15695428
660937664
222709083
784480500
906103582
648389870
882482508
255753140
858060688
423533044
390254108
694179399
998104688
176909804
882906258
993976764
812105788
178083634
619385500
771275684
475507100
179738514
883969926
2099820
593193143
184286464
775379783
366473100
726076506
33991704
341906900
649822094
957737286
265652476
175837055
86021632
265178035
444334436
133544376
890828890
363578988
952305720
981644233
10982744
37102925
63223104
89343281
115463456
651425390
965210050
213709766
21174396
828639024
636103650
406265504
850045923
293826340
737606755
181387168
891941194
150199500
229670544
493256413
756842280
336335906
21484104
169778081
318072056
763173256
6559381
249945504
493331625
736717744
469788118
202858490
935928860
525218671
114508480
125604061
136699640
924284433
711869224
318950438
878787070
171297436
57385280
280748251
504111220
18738318
533365414
47992508
611197279
174402048
331660495
488918940
461807742
736771302
11734860
286698416
561661970
836625522
551145610
62482278
626303860
308025498
114112304
141763943
169415580
905049296
216481949
527914600
70862514
116799648
750599819
384399988
397005490
409610990
422216488
819930069
217643648
199322100
608850028
117665270
922366106
925302954
928239800
931176644
184843000
438509354
692175706
945842056
199508404
274653556
340354104
406054650
471755194
379668278
583750444
885399108
713323764
131306075
549288384
18745993
488203600
266367313
44531024
690891775
337252524
674990688
872975349
70960008
268944665
466929320
624152801
781376280
611837916
734076390
158592530
597644406
36696280
475748152
969480145
463212136
122521230
209577530
767909186
576682026
385454864
194227700
294455964
911653250
167676244
423699236
679722226
202582420
253709915
304837408
909795949
514754488
812968094
597233250
759682534
381540588
740172164
892498308
681252844
470007378
258761910
47516440
836270968
115518454
863756550
455104304
309924193
164744080
643807916
276759970
314333748
679215950
630439062
143614640
209728647
275842652
109411832
942981010
776550186
294359126
255312300
755794116
421888660
220494475
19100288
274632189
530164088
88730494
459507186
830283876
201060564
1222176
318968875
636715572
954462267
272208960
803739253
335269544
445700525
556131504
438926648
894977585
351028520
608360716
795640271
982919824
170199375
357478924
568345608
957196829
346048048
943184664
348774393
754364120
130983848
326027965
521072080
17921742
557728130
97534516
637340900
479200276
17296240
212344711
407393180
301756580
759543260
560773250
960241556
804375190
217268498
405368134
462723916
543592684
329929166
48888270
59949548
70623500
81297450
91971398
309962180
427728918
545495654
663262388
695780234
516961016
496865509
476770000
530976154
73078228
533598734
994119238
454639740
619749808
542228214
182953950
862289884
419903983
977518080
456652263
935786444
414920623
894054800
877190937
860327072
785115360
709903646
634691930
391295618
858016554
768215206
76990900
922566666
674765496
426964324
179163150
714084454
799188888
395086660
749812408
256377369
762942328
674628980
444571508
805140600
67616713
330092824
585047208
157333500
766969207
376604912
146476642
119352992
281672137
443991280
376912790
46897422
788937492
974053035
159168576
379917361
600666144
467422563
334178980
200935395
67691808
66291040
693581363
320871684
838741666
506126300
656717903
807309504
16403875
225498244
597642568
328930580
965638188
410208959
854779728
829499045
804218360
778937673
753656984
245884500
393280684
5921663
618562640
466437318
314311994
162186668
653013064
131771276
424908114
948992188
217591484
335054418
452517350
569980280
132293256
694606230
256919202
819232172
381545140
882142832
908760842
138567772
686467087
234366400
874307755
514249108
566203180
239108678
431428594
239322886
47217176
855111464
115756701
376401936
676249901
976097864
489806476
848655375
207504272
57189460
559502612
594648320
264407863
934167404
603926943
273686480
547283798
953934350
696963412
647885515
598807616
483576000
413517627
343459252
472599252
825730192
315649165
805568136
295487105
785406072
724653320
226535157
728416992
362475020
613471082
486939600
419614833
352290064
810509626
23383300
745421186
476551276
582338615
688125952
221464207
754802460
288140711
821478960
857036446
718371866
336152930
519270170
359282206
276195056
728465145
180735232
894497602
226633440
463492300
498219567
532946832
123117832
56398352
989678870
922959386
856239900
789520412
380494410
248227600
775192498
850553080
925913660
1274238
162710790
490941592
810561925
130182256
65660904
651534781
237408656
967478290
238167048
184819309
131471568
727413460
739477748
226435995
713394240
200352483
687310724
892642046
419012110
529605948
544298440
558990930
573683418
588375904
603068388
304917624
632328146
232687680
400386026
875982236
897274415
918566592
272915890
485995720
264635106
728437704
216802881
705168056
545213885
385259712
996829475
608399236
447995976
935418065
422840152
910262237
397684320
857658427
317632532
88609320
486302197
883995072
281687945
679380816
77073685
474766552
143984470
790264950
236748232
962660590
688572946
414485300
250930155
87375008
163929610
490116332
261210120
199792548
95286739
990780928
290933975
591087020
945975446
33043466
895825090
465711130
27644606
862592256
561870879
261149500
960428119
659706736
652999394
59202528
581417705
103632880
2967686
229089526
395059320
83861965
772664608
828701424
807878725
787056024
662812593
538569160
688347898
838126634
987905368
152138085
316370800
577173856
360984579
144795300
395687844
503346900
710005344
230644675
751284004
461963218
218021924
397489475
576957024
879014900
941549419
4083936
358362355
712640772
35802300
358963826
682125350
635750748
84380280
531333706
945667156
360000604
774334050
863214244
794001650
813103124
836417350
859731574
883045796
213029774
543013750
872997724
756638383
640279040
466790860
915312570
626603432
454329870
660673210
867016548
73359884
261491791
449623696
213610125
977596552
518195540
51754812
778782730
392117648
91904589
791691528
638720349
485749168
186548960
555858685
925168408
934120730
505196716
76272700
647348682
566086320
453999936
831950155
209900372
448430382
166805190
885179996
603554800
160961805
718368808
275775809
833182808
508325509
183468208
334449889
485431568
779750724
74069878
368389030
662708180
957027328
476295765
995564200
499416142
239777562
586829170
714096770
685214162
985740042
265937350
165904740
190240270
781357926
234816536
324446580
662845396
511410320
209788785
908167248
858927344
10474661
162021976
300679486
439336994
577994500
265741594
454547488
296160245
137773000
192764000
84862995
976961988
28373474
764803196
752530524
713941946
675353366
636764784
860637833
84510880
182782082
704587040
107840915
511094788
775431444
155064208
534696970
914329730
605823866
954926446
136188760
317451072
498713382
602766582
681637272
98359060
276303132
83296967
890290800
932148252
53048590
173948926
294849260
16818236
714286050
190180868
666075684
141970498
134239724
653916128
188276250
61842116
312162610
288409300
37903190
721341682
680444022
894761380
971452435
48143488
414978130
781812770
148647408
144326484
742310075
340293664
938277251
536260836
35540730
685756880
676139718
989769654
783461656
666269829
549078000
658264464
335886575
13508684
392840528
865725305
338610080
811494853
284379624
669154646
53929666
438704684
427757463
416810240
907763025
398715808
754675595
110635380
261769816
783646121
305522424
959078748
585558694
212038638
838518580
464998520
91478458
545663804
113937028
25636659
937336288
303076289
668816288
197180569
725544848
267718889
809892928
85768319
361643708
637519095
913394480
175863177
438331872
818628227
198924580
387196770
977580892
265269007
552957120
837359417
121761712
703931287
286100860
868270431
450440000
32609567
614779132
785800762
631185272
573624917
516064560
458504201
400943840
735290691
69637540
894790068
640973720
737101713
833229704
245590018
173095480
487949372
169675070
675357478
257837800
708356197
158874592
202690260
361711035
520731808
874468075
228204340
953524232
413087697
872651160
296239928
121172305
946104680
909027161
871949640
114961726
640118114
709996998
859537820
719929928
265736924
488409558
437699290
588250986
15340494
442430000
869519504
872252856
102289270
332325682
562362092
280613072
103143327
925673580
865686720
989189390
730686546
960926766
795030160
348472431
901914700
455356967
8799232
776825477
544851720
5520992
466190262
926859530
687054498
126872650
466223062
374780940
46333772
991875430
608891778
705890990
802890200
899889408
866594395
833299380
124580166
886077146
498538810
768195990
829877276
479561080
863584810
874169252
469678250
316013368
162348484
8683598
529012390
483499256
393196056
302892854
212589650
776597574
776920588
618596604
195396658
772196710
348996760
473697572
598398382
723099190
175127008
486521035
797915060
571031386
192428176
784086314
594751468
405416620
216081770
151086512
277557872
248999350
926869950
650104972
752412340
713983632
373487492
442008272
823717727
205427180
579608720
623689868
12188495
400687120
830102040
259516958
688931874
118346788
547761700
734276468
97549320
652769372
207989422
763209470
293864740
191754790
165061786
700439226
565575830
193039900
574384760
567636345
560887928
150862300
915001798
679141294
443280788
111983979
780687168
631030184
400927700
954753084
508578466
62403846
717478140
522054736
536430975
550807212
565183447
579559680
48723120
20787717
992852312
953850362
884280892
249359167
614437440
979515711
344593980
826859130
667443736
286640101
905836464
113242768
954628280
266566166
761414646
256263124
751111600
996202789
241293976
607748214
974202450
340656684
712174103
83691520
545580275
7469028
263703064
442399401
621095736
811602540
865022426
201001464
536980500
872959534
159487238
539827464
704150325
868473184
898940108
648084314
109100376
949388960
789677542
629966122
933213762
236461400
539709036
531037690
91528808
92271510
629871526
473128864
43672193
614215520
697316502
334525630
344447468
803514300
262581130
721647958
981719564
172831751
363943936
404134990
901452658
604555774
307658888
10762000
870314841
729867680
760631393
791395104
275040048
200323250
393165912
584382392
340228977
96075560
117207062
138338562
159470060
101507575
43545088
377507375
711469660
45431943
379394224
277602438
630254774
113677400
273618044
267131703
260645360
84488861
908332360
249726596
376808600
843254790
309700978
776147164
728228948
141022219
553815488
66314625
578813760
233749353
888684944
524761711
160838476
796915239
432992000
135056039
837120076
157023850
254719248
352414644
450110038
874444754
298779468
723114180
686255571
649396960
780017000
378163436
589391210
800618982
11846752
198798265
385749776
800411064
215072350
629733634
171414518
610955444
50496368
490037290
547208716
248506400
596419577
944332752
305612927
666893100
722180360
999118337
276056312
552994285
829932256
395638475
961344692
527050907
92757120
720070567
347384012
638459762
738835692
788119952
451466525
114813096
723895266
583254120
622569085
661884048
701199009
740513968
298520389
856526808
938739134
20951458
103163780
394559738
573606320
752652900
931699478
87919970
799424622
921965760
44506896
167048030
289589162
412130292
506978475
601826656
716405981
830985304
945406306
39858680
442704900
33091400
745159252
457227102
169294950
93168168
420964914
670292000
313735109
957178216
12618605
68058992
63216855
58374716
490828984
361076818
231324650
101572480
214147955
326723428
215032790
323230722
205416190
302681928
579656694
716912150
283076024
561230253
839384480
468606176
76634515
684662852
409833682
114732420
252523722
390315022
528106320
835508553
142910784
773625066
543008540
5486076
868935511
732384944
595834375
459283804
655429848
206372070
212584462
677173220
100733222
4373722
908014220
811654716
147195959
482737200
485227484
487717766
490208046
492698324
495188600
170231049
845273496
461713624
399276578
798355864
616367776
505621161
394874544
826287378
291907944
474209086
563986050
606127318
121703524
368502771
615302016
216723925
818145832
858612740
429175192
511169577
593163960
675158341
757152720
382890170
8627618
634365064
194644301
754923536
529884180
947729476
448611340
409513966
727056734
560011028
889164154
947204000
763150489
579096976
60923350
449542798
439265044
428987288
418709530
4395692
854942440
6816145
158689848
187827360
100166092
90356570
104821080
60006496
573573715
87140932
583557922
811033180
514235812
775371740
242476135
709580528
616205585
522830640
78423806
625386154
437198858
919768270
314379096
973629716
756472955
539316192
837173667
135031140
432888611
730746080
692546523
654346964
616147403
577947840
684591471
791235100
596043738
501421704
270817250
703093384
881700698
732258140
680044431
627830720
857633490
832655992
360805540
147687632
266727752
956548917
646370080
35523186
627664776
376115370
611381268
225400750
420735302
295052200
934162850
180112136
562992394
576735908
441688714
452592200
114898109
777204016
922065300
26822276
588867411
150912544
447667978
250712044
474804808
824181985
173559160
522936333
872313504
146311763
420310020
455955492
708098580
494061232
64892357
635723480
912091422
188459362
464827300
318559922
172292542
26025160
878020857
730016552
577714465
425412376
245837180
884944686
524052190
163159692
58941780
954723866
850505950
276005328
139276194
854378400
547741229
241104056
841786654
425874978
285413190
850170396
166300200
482430002
798559802
536529502
565323952
899340377
233356800
539603410
471203512
136659900
925016855
713373808
188606850
571253456
552636929
534020400
604832474
800479188
900594254
709318
100824380
830666688
295612059
760557428
36256804
311956178
587655550
311958616
185256996
505160275
825063552
639219395
453375236
492518576
134098405
775678232
417258057
58837880
700417701
341997520
775834143
209670764
152682500
18902564
885122626
751342686
993200120
597401501
201602880
777601311
353599740
521515890
365307836
306871551
248435264
697642018
736929264
421020801
105112336
249068820
233896196
775456060
317015922
858575782
101920540
525580872
17929665
510278456
317490104
59282718
406775074
33713350
253566684
473420016
693273346
115968400
952852705
789737008
959252714
46157676
78619464
47855788
169888959
291922128
759505464
227088798
694672130
527783862
642979860
97858123
552736384
574736041
596735696
196856575
796977452
275279992
370915465
466550936
227337076
533666955
839996832
725624560
984503847
243383132
632778540
29906222
808116190
856513428
915074010
718692336
169177569
619662800
942257554
298259208
262154330
859370332
835016540
744987175
654957808
743188120
109413202
809967712
330677707
851387700
390814208
13493399
636172588
412656374
731186650
751028554
982103038
213177520
444252000
2096301
559940600
223476870
824473246
163427916
409818215
656208512
994593420
155708202
158695280
161682356
164669430
511022338
373917534
184802616
995687696
806572774
470890278
820798960
344854280
674879721
4905160
805913440
458992867
112072292
114540980
967633275
820725568
450987615
81249660
303812482
729957492
572757195
415556896
596411141
777265384
619750916
116628835
613506752
376808622
678784450
170422150
97540572
735818040
505353353
274888664
560449476
635805464
228537558
675665654
200753800
839646329
478538856
168743954
162617648
457096785
751575920
493900066
55231296
146409891
237588484
804531038
371473590
938416140
764593927
590771712
517462310
664111798
104044920
557228237
10411552
703436720
458860567
214284412
823464420
633099852
214870430
412734470
325623992
409983757
494343520
292353408
521005915
749658420
910624726
71591030
232557332
393523632
554489930
228253180
113094500
949906860
371518070
793129278
214740484
919775758
31705350
106494056
681536229
256578400
119395124
982211846
845028566
927028200
518486538
223676100
697275458
209758284
216294728
425028129
633761528
649058584
215739466
573965620
537950726
619028986
857739530
96450072
335160612
135695312
621333965
106972616
20534546
934096474
847658400
645924569
444190736
526294230
608397722
690501212
772604700
854708186
761700744
967453378
925382744
523180936
297361880
857883001
418404120
526437936
925060535
323683132
117577060
788963692
348462950
907962206
467461460
423946666
380431870
336917072
141005005
945092936
277647420
886916046
833358366
779800684
726243000
983080169
239917336
935567940
695640696
113533241
531425784
816084388
100742990
385401590
179155552
878881857
578608160
534169958
489731754
445293548
134471735
823649920
91033591
358417260
625800927
893184592
74003392
478977967
883952540
645292738
143668660
356791758
404999894
812397136
982839426
333442160
182213612
374933650
440137148
550655420
356662391
162669360
617910276
996677200
209991373
423305544
577824050
750806144
777518743
804231340
849153102
894074862
938996620
24588423
110180224
533753900
414884274
395828588
342960304
32275125
721589944
604579050
883130244
696519123
509908000
833821628
147065670
460309710
773553748
530927290
288300830
45674368
201267875
356861380
580658326
984557186
270507390
81484040
446872382
317591330
629000358
940409384
251818408
989264844
965608578
520951844
432966275
344980704
744698300
781483654
98845858
355466014
612086168
868706320
692894501
517082680
820932978
756370544
600180625
443990704
287800781
131610856
89714570
641163780
141012850
470116212
799219572
128322930
951232260
698747850
446263438
193779024
75899098
958019170
840139240
485117625
130096008
239134070
348172130
457210188
25643560
492558136
959472710
426387282
286869942
471162020
537488782
603815542
670142300
235711663
801281024
854703283
908125540
194084536
561813625
929542712
297271797
665000880
422848360
482224925
541601488
906306990
323567826
502014414
530870048
986245659
441621268
686367794
931114318
175860840
420607360
665353878
821844574
468324796
721119224
118583258
184347244
250111228
315875210
82821136
104613890
105556208
644091364
594829075
545566784
883875903
222185020
617220106
766498704
244660113
722821520
268946442
156097340
448327252
803153480
518935037
234716592
921961977
609207360
866110043
123012724
578024046
958649670
339275292
719900912
716453645
713006376
323762586
854100380
611483276
50022790
968002610
824412646
680822680
537232712
488435845
439638976
125184611
810730244
496275875
181821504
459482303
737143100
745749466
489604584
840636013
191667440
325390892
808668095
291945296
494841980
873875686
388687794
296684358
551863660
871563588
725108980
282976968
371356244
916863548
646890314
61743600
459269884
295843750
93638354
751550998
98538004
275438178
508133740
412972471
317811200
347212463
376613724
406014983
435416240
327676038
219935834
112195628
624898504
844670625
64442744
601170168
723216609
845263048
113651724
662576975
211502224
672388100
82227824
183251133
284274440
237314428
436711070
274228022
168623760
520409007
872194252
353184972
748923142
387577010
588473510
952060892
608653400
117571030
626488658
135406284
730769575
326132864
929496075
532859284
561776708
205185164
410753678
785084174
15341900
538368724
61395546
584422366
190675600
815938031
441200460
511750268
818980690
535944652
521124135
506303616
636085995
765868372
844339572
681857432
912837137
143816840
287962722
98277192
979917485
861557776
255344036
118621176
501107650
682182248
176607705
671033160
336896777
2760392
672993977
343227560
947294842
947742700
189925752
428595770
746440700
302383007
858325312
414267615
970209916
526152215
82094512
956179280
132495876
222923440
16498222
810073002
603647780
397222556
190797330
974104140
352527960
633895257
915262552
740256972
868059442
995861910
123664376
841830445
559996512
817024267
74052020
998455338
552435880
12983917
473531952
934079985
394628016
927553845
460479672
14866410
165908228
72910930
17199876
470919539
924639200
614649409
304659616
939730796
150528866
539176340
299996955
60817568
333507110
1826902
899936840
976891893
53846944
848124636
325694894
803265150
280835404
66021863
851208320
779511593
707814864
117917313
528019760
217913591
907807420
722439548
569126039
415812528
74336284
418561575
762786864
464826333
166865800
868905265
570944728
272984189
975023648
717346070
459668490
201990908
530810399
859629888
230126169
600622448
743582310
105192262
866257280
54120855
241984428
120076894
127444486
134812076
142179664
735628351
329077036
922525719
515974400
859269599
202564796
467354110
786032198
317938104
921378400
417424899
913471396
850053060
776990556
248926631
720862704
381183356
779082295
176981232
115149030
126141830
715456032
781873595
848291156
552042354
745002788
23652675
302302560
580952443
859602324
138252203
416902080
180423120
391612981
602802840
367256450
67200616
115725934
164251250
212776564
320517003
428257440
622581458
887565720
682822416
449809080
973791318
497773554
21755788
902690024
712291696
942051966
444373290
970416330
496459368
22502404
835288675
648074944
460861211
273647476
779570110
231590430
355718596
214018691
72318784
930618875
788918964
810541028
6296099
202051168
918432960
225487157
532541352
337674692
5633027
673591360
341549691
9508020
874270510
739032998
603795484
597743375
591691264
487384553
383077840
41637916
157605230
737712558
317819884
897927208
77739160
257551110
437363058
881247750
325132440
769017128
212901814
656786498
586686270
967551016
382265146
244259980
732947536
282700920
832454302
382207682
450718870
72243460
57543747
42844032
911859062
742670510
950684100
215726830
189111126
357529136
58262951
758996764
563170568
283248509
3326448
778225900
581054418
157034524
173858788
919381804
664904818
410427830
369296452
39549190
63532490
953238002
153518482
764514170
591722910
548749072
255114575
961480076
162037164
449048126
371548310
390787808
685544715
980301620
91595322
75072672
690227587
305382500
458247948
472904270
742536366
901960284
61384200
220808114
380232026
539655936
668583625
797511312
960406622
123301930
286197236
69078390
851959542
634840692
417721840
200602986
379495276
861476936
481006701
100536464
720066225
339595984
959125741
578655496
479675316
189479796
555129016
156699210
66419988
88528590
971068342
853608092
736147840
122062535
507977228
144701774
781426318
418150860
124047527
829944192
194090337
558236480
340584715
122932948
905281179
687629408
634592274
410275000
305348924
867169150
988962054
110754956
232547856
717410031
202272204
671765608
364606624
344024221
323441816
579144790
738984630
882881256
82782981
282684704
138542388
78284875
18027360
312031205
606035048
900038889
194042728
435553800
677064870
918575938
160087004
401598068
184521584
626771325
69021064
551047500
657410114
987961028
707446794
426932558
146418320
725118057
303817792
531081370
758344946
985608520
737110418
119480720
748170063
376859404
744158900
600757904
457356906
313955906
665894010
689140270
895317816
838911384
924431578
370157004
246415008
408266645
570118280
98489366
257565446
626884560
807814842
988745122
169675400
375512218
162385724
423732671
685079616
551573475
418067332
822955032
532380817
241806600
101978482
124569120
443287818
522947820
894366088
843420820
578789068
5049390
606048766
182286884
21882803
861478720
384230397
906982072
302438582
823796582
231735072
730223297
228711520
566993590
905275658
243557724
23318028
625501839
227685648
829869455
432053260
657752476
619816711
581880944
818470136
861909969
905349800
601937769
298525736
995113701
691701664
388289625
84877584
781465541
478053496
676083570
974570800
46553575
118536348
250305280
543813695
837322108
548957790
534538582
786854880
432064833
77274784
437983366
694544870
475240048
825340064
106019203
386698340
667377475
948056608
228735739
509414868
158801040
954128100
126688520
370934577
615180632
553235352
112774970
447451868
555656540
180849498
750472840
270457826
642880136
48134801
453389464
803299476
385162364
8169626
631176886
254184144
320102111
386020076
175244900
403880316
336356010
3100800
737487081
471873360
141094270
79760266
757204346
12148550
972064980
124265730
859920732
841607620
278121892
901620660
864976152
335738225
806500296
593883610
59083740
434700751
810317760
733947818
484033980
862911188
241788394
620665598
116273264
653341368
31133569
408925768
787462145
165998520
458834000
824848415
190862828
556877239
922891648
185617419
448343188
853661540
824768468
46654560
268563523
490472484
667726866
888953860
607259626
27210936
436190901
845170864
74827308
80754879
86682448
92610015
98537580
883700056
490984145
98268232
894063130
822318780
847163007
872007232
12634980
554411283
96187584
637963883
179740180
893553182
636309390
779386908
894324495
9262080
550228922
98237332
372864382
647491430
922118476
791275020
460563286
318406026
793724610
624178330
724994046
146579616
846643795
546707972
835583460
102019332
445496300
788973266
132450230
347177508
540518739
733859968
462083234
14015600
680124849
346234096
581439370
740095900
735029500
60927447
386825392
706636657
26447920
390712197
754976472
192006945
629037416
357349321
85661224
813973125
542285024
926034308
869938304
813842298
757746290
886444962
764287650
330195698
367123130
393533662
922632560
605940936
289249310
972557682
822808110
265125808
20669625
776213440
222755282
583566072
861468117
139370160
575782428
12194694
448606958
969364724
612312338
354199220
391736318
429273414
466810508
348883655
230956800
898602571
566248340
353289620
153247051
953204480
935377791
917551100
160132078
784411214
102528076
711943764
233843576
186066905
138290232
996948740
124347592
82239940
779208232
559684705
340161176
594384064
198000783
801617500
427180306
887470604
990087656
721467345
452847032
678679200
511879933
345080664
202250326
511973750
929112648
346251544
763390438
496514254
912184900
511646254
204246838
836286944
822760513
809234080
147425660
478936310
839832042
200727772
561623500
877549462
193475422
509401380
741190982
101578762
770758610
83320450
395882288
708444124
320668871
932893616
365668946
729607240
58344961
387082680
920279696
908498341
896716984
334066578
939221920
544377260
149532598
225071354
808762906
692453030
576143152
459833272
85367025
710900776
336434525
961968272
142112527
322256780
647083668
152064200
657044730
162025258
292553614
113893976
280361460
815025716
170881320
404312385
637743448
365465504
276109956
14815104
243667531
472519956
257627990
991545650
41231766
431529396
856376666
992436880
207628493
422820104
922081188
78749184
108047541
137345896
166644249
195942600
208088974
321877018
94200754
411222050
931451554
415004018
603655674
792307328
980958980
762499008
228272405
694045800
576939262
318399522
789156710
724589420
458718180
192846938
926975694
894473000
861970304
829467606
14082110
8121068
265289340
864215538
19093244
834885708
897125974
959366238
21606500
83846760
146087018
50474580
749203227
447931872
290365925
132799976
58757140
966293563
873829984
405129366
783704510
198842988
681882140
319660058
957437974
595215888
492890405
390564920
157234217
923903512
442902237
961900960
64700026
167499090
270298152
324713030
81924270
420537492
55228810
52635288
202291005
351946720
978969848
755187825
531405800
453309070
678818746
820689666
449857290
880905430
329358156
356114620
521376866
557724996
594073124
630421250
556029324
824601400
93173474
361745546
255503670
149261792
43019912
508843145
974666376
245466336
956643005
667819672
674961382
682103090
689244796
448797100
419752686
754938494
121947428
204283955
286620480
801364910
316109338
830853764
686181058
376470604
112172488
48615949
985059408
921502865
857946320
730196826
602447330
474697832
212904345
951110856
716238030
481365202
246492372
57976827
869461280
133045245
396629208
244104665
91580120
131866360
320608102
718721390
525262868
514322410
868730856
265692429
662654000
300649484
657721850
352375624
856627025
360878424
59293100
273304074
443361248
136253724
518007975
899762224
171740850
90194264
420874008
439193514
103758276
746850675
389943072
354766260
812172412
541325370
189584120
520060165
850536208
785232399
719928588
726193020
732457450
738721878
744986304
751250728
697398509
643546288
927950855
212355420
477219056
354973581
232728104
162250778
108302940
54355100
407258
436014984
107825153
779635320
699220808
777885744
849806263
921726780
141293892
364219940
342088532
525104000
556786823
588469644
617729550
659196494
233603948
645575724
72048318
502852054
653388800
98926929
544465056
507773630
970506938
164031634
357556328
551081020
410252398
37102414
245056076
769687764
791418776
927201225
62983672
380708780
39239103
697769424
360740848
23712270
686683690
15511546
344339400
673167252
992084940
311002626
629920310
768116308
696351090
490365732
338355650
401528620
863211920
97198108
692658350
749530382
296250220
524349292
197050510
869751726
542452940
173334036
804215130
435096222
90866032
176348520
987350300
517142951
46935600
550842566
54749530
558656492
670468440
141762257
613056072
4242842
337217532
357367732
860031392
663591745
467152096
848546349
229940600
859857574
530125518
200393460
870661400
564775665
258889928
953004189
647118448
836651220
596412628
216098475
835784320
189731495
543678668
639093394
523683036
679241844
455777136
100493319
745209500
688499364
631789226
575079086
788587560
879068885
969550208
982245044
923500811
864756576
798951210
724582108
604464719
484347328
98537854
78707706
414941810
275357218
135772624
996188028
310992439
625796848
877481494
80097486
834952820
291403346
248007316
683066715
118126112
10678030
611013298
719299550
389679912
318968442
643408492
23497432
91908185
160318936
951256876
682654186
102213360
460471852
608878050
77227668
545577284
13926898
36394740
733476878
430559014
127641148
282526495
437411840
48387447
659363052
366359330
22874420
679389508
335904594
270196036
449409555
628623072
642365425
656107776
232348055
808588332
669047490
529506646
389965800
250424952
110884102
685791710
262601580
103584380
350951410
598318438
845685464
556012533
266339600
659079631
51819660
444559687
837299712
873367197
909434680
728080385
546726088
557272865
567819640
576575960
890745521
204915080
481582660
758250238
34917814
412417200
579498089
746578976
286781810
470208008
332688465
195168920
677284660
863796100
174353980
57713530
988545432
932265637
875985840
304454448
194614135
84773820
182721716
471548960
760376202
49203442
338030680
626857916
994215959
361574000
68135634
204971848
199408050
733512512
353734445
973956376
780829730
127175000
446008392
764841782
83675170
829629358
375681440
627569403
879457364
390001250
914473004
438944756
963416506
487888254
12360000
812995489
613630976
414266461
214901944
357058886
735334270
38865788
436717800
550794417
664871032
52210560
50551547
48892532
190472790
46082450
43526342
181526412
29082695
876638976
357529611
838420244
193090548
102883064
864830953
626778840
455264848
714382495
973500140
232617783
491735424
579364698
854280580
578515778
289443340
370900
711298458
264382160
436163857
607945552
484316090
3460740
924951827
846442912
886409492
701742875
517076256
332409635
147743012
146109882
826693680
653841447
480989212
845766000
644126306
481799456
289630229
97461000
378858504
831327608
486518849
141710088
536624049
931538008
866858204
873065031
879271856
323557206
767842554
212127900
344133804
143632063
943130320
309870061
676609800
603247796
174719540
426836456
651042504
703061381
755080256
677708475
600336692
910033060
729368452
151847500
574326546
996805590
356277428
437306970
663680272
648583985
633487696
869373674
474184908
59728944
667626318
790710434
490523350
116971524
656292150
138286194
303950678
736117844
340834258
437871860
435528238
433184614
430840988
823842984
879106616
487735409
96364200
127772934
650279758
925138084
311877238
114086130
232869206
227618004
653091506
348686340
436875466
343834696
884897841
425960984
99409893
772858800
415417927
57977052
990925960
923874866
856823770
546636910
838220856
877367581
916514304
222797168
449357605
675918040
436036266
609771396
783990995
958210592
688525660
752499463
816473264
746092701
675712136
646279676
91572286
38459750
460385800
308278905
156172008
667977105
179782200
747026200
757990602
386419700
908261462
652757522
992155910
596155820
418659380
560299600
231395728
54086895
876778060
735991056
921000529
106010000
624998964
711522443
798045920
367665822
884939722
608504570
900142790
905673492
705614130
983277188
441156650
691638296
361968285
32298272
39798587
47298900
54799211
62299520
925851196
588445510
434472898
386947054
922105056
457263056
992421054
877841898
56236010
116800446
89817424
371244650
679470604
844088800
766496629
688904456
830305830
261401438
697739084
660772708
317327964
973883218
630438470
523991052
417543632
311096210
888422408
581362234
16630700
319440584
622250466
925060346
786853710
638527240
405917701
173308160
940698617
708089072
475479525
242869976
809672586
959288660
577766526
316723614
55680700
794637784
899048038
826743630
41572356
100184190
158796022
217407852
251679412
338721712
508787045
678852376
732549830
786247282
839944732
898093572
998727155
99360736
988311144
72915261
157519376
878136461
598753544
826772036
575233544
555795313
536357080
239299992
228345865
217391736
467893780
398329723
328765664
149511826
942843640
105427013
268010384
430593753
593177120
4084700
414992278
825899854
236807428
647715000
862527641
77340280
203464308
328583860
234217928
366997300
725120491
83243680
131442001
179640320
313472303
447304284
185164566
395983290
685169818
197317414
188499876
361838814
829377598
296916380
764455160
285686425
806917688
614487829
422057968
229628105
37198240
534892322
971557392
65525985
159494576
957750986
359423420
722562676
364232080
766482125
168732168
570982209
973232248
837187949
701143648
518860265
336576880
804233285
271889688
926881489
581873288
101439234
730531000
783694469
836857936
840674840
797053633
753432424
640562500
902008899
163455296
429941215
696427132
601195530
96630608
592065684
87500758
582935830
78370900
667484050
306447636
945411220
584374802
92670612
663814662
459898842
878965242
130547062
840435212
363573767
886712320
218146678
574975534
135613316
186889534
770314478
677600620
732290508
684224815
636159120
247089510
949269606
93789456
963205254
832621050
702036844
143775000
883819614
225959778
341265574
287389900
466278124
30428750
243589774
456750796
669911816
878630621
87349424
719039088
350728750
982418410
387748666
793078920
198409172
997168860
612432103
227695344
842958583
458221820
197620232
930853025
664085816
257769384
841185148
765967799
690750448
587319954
100202856
551414329
2625800
453837269
905048736
647439660
416963346
936006716
237175196
998097866
759020534
519943200
49355139
578767076
108179011
637590944
803140258
394483024
707290625
20098224
210774458
874657444
538540428
202423410
171454636
849161120
441643323
34125524
626607723
219089920
811572115
404054308
974038470
306516682
638994892
971473100
292023302
832187442
362047590
646533820
565436160
347640863
129845564
524135950
727657214
342169988
674930659
7691328
468402914
402792976
337183036
271573094
646836658
650605510
784764076
479674420
298884816
335618655
372352492
321809392
104312570
290443588
811373490
430873876
958694939
486516000
458825614
689547378
294042174
74557400
411025349
747493296
896966849
46440400
539119744
833405111
127690476
759857770
392025062
24192352
874371612
341036327
807701040
632242642
456784242
281325840
866741866
481060684
742694416
490318959
237943500
403301544
235201928
204034504
368898800
533763094
698627386
823932250
472330118
120727984
769125848
609952489
450779128
557155925
663532720
88648071
513763420
938878767
363994112
322366525
280738936
239111345
197483752
127501180
57518606
987536030
854207188
79187210
904976792
872845992
269573737
666301480
690251640
861901446
157106974
723470988
844175495
964880000
200277251
435674500
403463120
450381657
497300192
660724677
824149160
643804012
213912650
483278848
102224359
721169868
279632694
838095518
396558340
31124398
340327990
978770912
684950280
968841280
337443661
706046040
343660990
69095986
745068526
209564880
95982813
982400744
868818673
755236600
222606912
4614765
786622616
274271934
761921250
249570564
354709850
459849134
564988416
524181059
483373700
555622534
777051978
758376754
990259250
588640714
852711878
914508324
328761758
973975390
672756036
728320350
783884662
839448972
626816652
58063055
489309456
284933870
483246578
681559284
879871988
181952664
965733750
589656294
865681568
686285474
296683600
949763999
602844396
530153980
765828306
189820556
576594056
719221505
861848952
4476397
147103840
577382876
668224711
759066544
555892093
352717640
149543185
946368728
743194269
540019808
279371609
18723408
354131244
137464578
248301444
621861658
562003360
129696125
697388888
358239730
118949392
232022637
345095880
584733852
990121990
345581890
828843502
181537632
438676665
695815696
645166425
594517152
122118715
649720276
777943264
906166250
34389234
827345138
681511914
523972950
775958764
992731700
412030864
205849933
999669000
564917506
130166010
695414512
314716705
934018896
417025874
5241128
135853769
266466408
605466849
944467288
897688004
109875608
474181289
838486968
537063564
793826498
53598020
313369540
573141058
965806924
877873928
903646820
704907248
84491175
464075100
240697172
369003240
156906120
944808998
732711874
183790350
634868824
85947296
537025766
988104234
439182700
890261164
730054463
569847760
101066418
280708280
198594277
116480272
731553400
697803918
179011274
415779146
526491470
66504408
305824429
545144448
103431560
259829321
416227080
248934368
81641654
914348938
839719394
820438250
846864934
873291616
899718296
485066145
70413992
507356932
337937752
680963297
23988840
312110153
600231464
888352773
176474080
553751812
64156640
185095685
306034728
597977510
706895422
187247420
279209503
371171584
153092523
935013460
716934395
498855328
204104459
909353588
890555480
871757370
852959258
600714854
348470448
96226040
139819326
276090386
73174750
929614600
786054448
642494294
486509550
330524804
174540056
714520529
254501000
705402754
236304248
9898420
421321668
832744914
244168158
498719304
806554713
114390120
168139458
757878904
366676500
283467004
321029050
433193144
552735908
317944464
177065325
36186184
918779778
766142904
135759756
505376606
874993454
56863148
141920535
226977920
550896762
874815602
198734440
266654493
334574544
680455836
977239015
274022192
967430650
804875140
205077907
605280672
268343097
931405520
688858815
446312108
203765399
961218688
778082209
594945728
474508539
354071348
311879220
891463528
596023224
601997025
607970824
918345628
228720430
539095230
809058436
79021640
348984842
213518052
604887875
996257696
387627515
778997332
392888672
50621950
708355226
366088500
443550966
543128834
642706700
742284564
71412200
370626789
669841376
862375739
54910100
439546424
227551225
15556024
229940100
853067624
786975525
720883424
654791321
588699216
700654790
46635830
799632856
137914645
476196432
285389375
94582316
279282884
475978516
627234384
666193453
705152520
651294322
477689760
950911307
424132852
987339922
422136052
46798062
84669830
54687240
302599225
550511208
634119730
110532832
858477307
606421780
354366251
102310720
850255187
598199652
925913342
497253102
597888812
697876892
272190522
638253912
979098757
319943600
805992320
292041038
778089754
264138468
750187180
124464127
498741072
998573262
298510082
48519942
123607772
561317487
999027200
342407306
319402956
340179856
540612065
741044272
941476477
141908680
281683018
930686660
988519938
650368364
247156151
843943936
174064975
504186012
834307047
164428080
892942885
621457688
620857830
628192206
647128004
478205006
15892390
529033848
628808045
728582240
232851467
737120692
898019562
295997512
929794170
563590826
197387480
324007360
450627238
577247114
784207026
674986930
565766832
456546732
865741442
868738372
361485482
495055640
964431197
433806752
45082707
656358660
852287940
230835187
609382432
359821267
110260100
607809940
101245707
594681472
88117235
581552996
317592566
164255730
44874070
399756756
754639440
109522122
616110492
138492732
660874970
183257206
77624556
967097556
102990456
41062281
979134104
80046456
570373430
805385190
402587616
660581921
918576224
966359558
14142890
61926220
667802960
444995775
222188588
11942800
209135517
406328232
609555810
920432040
406547206
497803854
239830308
657327574
937261250
719598174
395506808
302941469
210376128
303054144
449261123
595468100
615313576
635159050
655004522
58411230
47082528
35753824
24425118
92696650
274704186
161451494
696312228
787462814
878613398
969763980
322293228
674822474
27351718
131202900
45098498
422738780
870611268
960087379
49563488
899631849
749700208
599768565
449836920
299190026
572504436
634022326
453884130
942020750
342500496
974677615
606854732
674234780
447537242
344520392
370425777
396331160
609445892
739278120
827950357
916622592
127805655
338988716
583663234
484166468
350122154
8427800
288236229
568044656
609260080
389699282
621877640
421884333
221891024
989729396
20864124
635348346
249832566
864316784
442279753
20242720
850665922
348760960
156298935
963836908
693740894
710962886
524113880
539769373
555424864
781412600
975340974
62865018
87746754
112628488
137510220
549329218
104196420
987701738
721116024
625239900
243887879
862535856
5031925
147527992
385120185
622712376
574196789
525681200
137844084
598417500
58990914
519564326
541903340
7749636
715257380
914685123
114112864
518616976
751650965
984684952
217718937
450752920
912921072
390260597
867600120
98780778
699392900
524654898
317460244
666533318
882464634
573219850
84176574
170813168
158804185
146795200
942944173
739093144
535242113
331391080
5973092
807156240
608339386
409522530
522174330
2620686
91084776
831798645
572512512
313226377
53940240
84588608
50913939
17239268
983564595
949889920
189837575
429785228
669732879
909680528
463132724
529403275
595673824
894174398
676135930
458097460
240058988
849105590
458152190
67198788
933412035
799625280
856111797
912598312
293619412
674640510
55661606
233211304
244316098
542494904
830171653
117848400
42295773
966743144
607967728
384760405
161553080
962310186
687410276
412510364
137610450
862710534
587810616
99803725
611796832
666679520
791893133
917106744
175258086
195422830
487683348
698169899
908656448
33059544
851286153
669512760
638027397
606542032
575056665
543571296
646631274
935766588
696077044
388261168
819733239
251205308
380423004
230135738
462845400
194906821
926968240
659029657
391091072
123152485
855213896
952657774
464206058
645632890
587651686
261271844
3303443
745335040
426793877
108252712
789711545
471170376
432785864
655365753
877945640
472779872
237285565
1791256
318221254
344790558
371359860
397929160
647922417
897915672
147908925
397902176
393943515
389984852
781674360
97940937
414207512
721691517
29175520
352800107
676424692
33042720
7453241
981863760
956274277
930684792
651673602
979735112
307796620
635858126
235023086
904873980
673678776
521248265
368817752
141191757
913565760
496931283
80296804
663662323
247027840
378761818
22056964
570021538
963429084
898983375
834537664
959412388
544651784
157044493
769437200
536866813
304296424
703479568
132578319
561677068
603111184
277597725
952084264
596866498
534335544
734837436
935339326
135841214
577339028
643947834
710556638
777165440
368755043
960344644
676039286
373686290
402109158
430532024
458954888
973301080
604064017
234826952
797388100
923926792
196290732
651972287
107653840
819072152
701982002
591410352
906309865
221209376
968871275
716533172
260663352
748192057
235720760
763587572
19492820
829223312
927295245
25367176
460816514
451367928
939867684
49345491
158823296
12332391
865841484
714419458
562997430
411575400
232837025
54098648
339316869
624535088
968355164
787806558
671126454
59974800
643128879
226282956
95367180
684923663
274480144
196941118
119402090
41863060
743208507
444553952
775456597
106359240
340234512
299011525
257788536
420855794
869746928
318638060
767529190
216420318
665311444
624472011
583632576
246997736
107139101
967280464
959516101
951751736
308611826
661123760
685543505
709963248
918500674
915424496
912348316
909272134
693044258
155550750
28044856
870135656
339629300
153206283
966783264
531232075
95680884
693225928
453785780
214345630
974905478
400315640
427359416
721679934
145510738
410767230
150077656
368316165
586554672
549131367
511708060
474284751
436861440
125064663
813267884
571199250
777824444
536456063
295087680
395766362
931210052
240592722
276118852
939174362
602229870
265285376
928340880
591396382
254451882
917507380
795713483
673919584
206379341
738839096
338737566
938636034
538534500
805643234
426612188
518927364
40297908
163807544
287317178
410826810
861648822
312470832
763292840
29851140
888205411
746559680
604913947
463268212
842595582
932559742
778142772
992543282
504551140
16558996
528566850
40574702
552582552
618201677
683820800
835860760
220022745
604184728
750108909
896033088
201730079
507427068
791021074
694309100
727586224
215725975
703865724
815648348
106965159
398281968
148238664
754854200
324587889
894321576
209074214
942161278
960126300
271951791
583777280
95953848
165217190
255454606
411784804
256924806
102064806
947204804
882719606
818234406
753749204
384547106
435016780
485486452
535956122
586425790
636895456
324866475
12837492
237388762
110795920
984203076
857610230
316576850
590586246
816643116
42699984
268756850
59889624
903876808
470139904
605095003
740050100
496950566
254246634
890586338
724139530
171682806
956987804
710980856
130146329
549311800
227962069
906612336
166652720
244364151
322075580
381253428
451486619
521719808
818876475
116033140
413189803
710346464
7503123
304659780
554471186
881843044
476016786
892832900
95683146
654942216
214201284
773460350
468757774
647742268
599167304
384198300
169229294
954260286
552265860
262248803
972231744
954628258
733667760
603380777
473093792
13410227
553726660
534804730
947183472
999550932
259819412
63592992
694198955
324804916
995550584
436542018
844120744
251699468
659278190
737233566
24543284
338030866
481430900
950562126
578377686
678785360
636386751
593988140
364787988
267483720
394285156
395850160
648416093
900982024
30831850
602890484
531573750
460257014
388940276
317623536
246306794
767718188
183419864
599121538
14823210
679232166
424552884
676464266
107349880
362974780
624077950
885181118
146284284
792350975
438417664
57084633
675751600
451022653
226293704
652528708
837513795
22498880
186246628
867883219
549519808
231156395
912792980
594429563
276066144
945288858
614511570
283734280
807421082
454078140
39810692
625543242
211275790
797008336
382740880
754116405
125491928
968198194
203588336
332620919
461653500
38465864
244149325
449832784
247175125
44517464
836662993
628808520
794216698
959624874
125033048
46632144
982929343
919226540
116811016
674475009
232139000
428714504
362489273
296264040
934125456
448460975
962796492
587756512
832957827
78159140
643097890
810243452
663168607
516093760
825909330
790455096
829781445
869107792
571699005
274290216
970976520
729302101
487627680
264312013
40996344
428095558
815194770
202293980
820781300
312253200
32521455
752789708
68764280
894585786
100943676
869768836
680917876
109476136
234522320
286914213
339306104
345239650
807681624
970668125
133654624
390949483
648244340
128494986
571826744
948691861
325556976
907335400
7419980
636678370
118087156
322337310
758699118
145353484
532007848
918662210
305316570
691970928
722245025
752519120
782793213
813067304
2098181
191129056
633432155
75735252
492462122
591976200
924034525
256092848
486724580
617395368
472037200
33922661
595808120
145879938
959174024
837546650
715919274
594291896
344212149
94132400
292620044
812709050
425500904
937391533
449282160
116216876
587897570
611653140
57168150
583247442
452930662
101059420
579527352
25058505
470589656
605949604
702761456
418826605
134891752
850956897
567022040
331094480
95166918
859239354
553355306
524572750
758500408
372102109
985703808
785780400
172370181
558959960
725357818
891755674
58153528
546534420
860372347
174210272
488048195
801886116
598100034
774796908
961920704
716258763
470596820
224934875
979272928
15951139
52629348
889986820
194418028
898780575
603143120
289968470
50556686
265201876
490618586
778135600
974058151
169980700
666411248
352410234
446426500
225014434
622442588
262470564
647558051
32645536
355336275
678027012
599666372
881546172
407895962
500478600
920662977
340847352
34048312
559968017
85887720
377845502
669803282
961761060
926661922
36170620
948839132
421639527
894439920
94970712
474426185
853881656
570525829
287170000
600913229
914656456
781421004
401427106
21433206
641439304
409700681
177962056
573066806
395482230
556416040
948656802
640394760
477498893
314603024
715625396
228232524
344298543
460364560
788193338
830207364
231209058
456507004
136816988
675348775
213880560
752412343
290944124
956963600
107236399
257509196
506674280
755839362
5004442
977644350
160079040
143525857
126972672
110419485
93866296
77313105
60759912
336942252
543951295
750960336
147301960
624744821
102187680
240070653
377953624
589870521
801787416
569643696
520544674
296847808
745186819
193525828
324516494
203654150
770507624
337361096
904214566
942210590
470347180
998483768
526620354
808965800
970937929
132910056
538946154
826833108
823149374
258750
446715924
885749483
324783040
13566288
584397685
155229080
726060473
296891864
35187101
773482336
318316044
582878223
847440400
874307568
824903749
775499928
726096105
676692280
526315557
375938832
225562105
75185376
748647386
582679140
994296515
405913888
100925569
795937248
621849075
447760900
817528786
416036676
883783386
926648320
969513252
12378182
151793802
457467922
82237602
338487682
854343202
887731922
955348202
22964480
90580756
158197030
225813302
861465272
385282032
909098790
432915546
324325274
529032838
149392020
995582411
841772800
233374396
301490790
987894578
635787654
283680728
931573800
867002973
802432144
707676175
612920204
440601108
604559339
768517568
665249025
561980480
512230667
462480852
941374862
688359702
435344540
182329376
570897461
959465544
683900918
106421270
938286776
95430189
252573600
813566624
558905773
304244920
49584065
794923208
97278049
399632888
410180845
420728800
431276753
441824704
165839750
965329414
240038528
711502135
182965740
918126062
284563262
651000460
17437656
698370329
379303000
715197484
51091966
386986446
545789980
606904335
668018688
341860215
15701740
706323202
259035332
184220362
806024072
680467090
165067728
723123669
281179608
565858774
240462646
915066516
589670384
137770893
685871400
863468048
70153295
276838540
639838896
340654541
41470184
430508938
702290180
492704531
283118880
753341116
461371270
760145698
58920124
357694548
906184904
938494493
970804080
309629473
648454864
747064351
845673836
253372160
897264651
541157140
185049627
828942112
472834595
116727076
805821964
813838926
255036590
350013788
745649920
438494917
131339912
467816270
804292626
140768980
675157366
862782434
297456718
696517360
759494681
822472000
80854658
163833984
612899641
61965296
101650110
751796490
337477626
923158760
508839892
94521022
680202150
494258600
303852145
113445688
740161800
382770216
135341321
887912424
626731768
624105569
621479368
618853165
616226960
515184196
414141430
313098662
212055892
111013120
176221303
241429484
306637663
371845840
437054015
502262188
439191644
445050858
682583424
770555625
858527824
840925758
708948394
896607050
997731054
562882408
374636789
186391168
150625764
433471448
671331009
909190568
395557369
881924168
368290965
854657760
341024553
827391344
305448775
783506204
492282988
18217534
39169366
565614400
608080546
673360816
659916871
646472924
492128528
337784130
183439730
29095328
874750924
2333871
129916816
103218585
76520352
498041185
919562016
341082845
762603672
184124497
605645320
591437362
577229402
563021440
264576393
966131344
667686293
369241240
70796185
772351128
473906069
175461008
704074134
806923566
909772996
12622424
741132873
469643320
188070012
255626295
323182576
631786330
452831700
196841371
940851040
979829845
18808648
363423200
530754342
859756310
514930088
748891154
982852218
216813280
684558521
152303760
87705798
958465654
699963256
631886040
87261058
998010920
819510557
641010192
284009420
927008646
570007870
856006300
786308673
789331361
889498667
738878777
613316721
413191355
238340501
65390447
273869136
420436333
494348193
355516175
499372217
256748920
740268001
344365826
663887165
726897927
278511729
934725771
356725510
890492174
767072425
50063485
48930343
28072591
326262279
312228229
131966345
914502453
432750185
485892543
350467391
655524705
399148351
181016003
886771173
298624889
862326661
616605653
532619269
924818991
574974548
578156501
979527217
764516141
239697799
746068001
535878461
728996017
222105401
92109289
797474071
991216395
176464867
340618117
655515092
81800133
385880117
146965351
354967261
111094295
124500333
637065871
235104005
987511825
803771907
362040189
788973921
185485089
223284589
927155001
635694369
690719289
737975136
241643959
704458633
792765501
102537868
661900597
789331361
809844991
335260946
770009905
250037916
10713300
750291039
972683481
86014145
825479202
578008797
698781246
39789461
261217541
418736153
300913329
864735310
103358329
337007627
326608661
419430337
82919876
610790081
439206555
526844273
174498381
156328891
100300829
784609482
528108577
223284589
893043362
711001286
242633669
409101181
917661857
729477445
266815246
581713959
13826125
197843923
16857750
615634361
249752501
917078905
440971705
560875649
768415068
154672601
305952774
657404070
9443901
108402641
906804541
343452257
24388205
810427376
652668017
86431997
570189191
895468901
897419477
836259979
996575405
176638873
807589733
471434953
957070701
526278341
693412697
175545561
657499577
686532791
314426859
368119601
769055109
383614405
34062113
60642476
526575336
811853069
860473879
109130628
525462993
35451225
395813946
307918541
334203591
768813127
802120181
326327751
688468973
251082840
145177643
652418705
231746151
815219236
623560545
526781916
688896569
984631177
474069931
955433505
94006581
314032681
460543489
119579151
860274981
726571955
499471925
739150001
494822790
817565583
794254641
46445101
597018755
193869311
732792638
375403073
816529649
675037987
627934289
963184929
783643251
260197941
905270515
277265763
871548873
177177681
269467123
260373611
306142061
216532631
217708121
925878488
90976333
554921837
207985815
838005029
39965069
505105269
42070289
273700691
353018001
198199773
931296129
697877157
526623241
801116017
360328466
152352522
9968361
372738321
104671708
434553897
123793335
10345506
572397651
876716213
589157871
644947771
975174761
165610177
921710411
801212745
278511729
838135101
701570931
304626385
890343585
529774966
159855815
1731152
896485541
244407828
364334787
330001281
633169801
437916406
817758413
197693906
970218561
549442325
398560207
17328638
55900607
798085583
660268577
141257271
338920413
333952051
667386840
56063369
370588915
780811751
993993355
616485211
556576841
37715066
858052431
794576367
862832126
242670041
481161485
992172301
633147355
599690697
189723827
57254241
375315081
306650251
966520723
986119801
337087963
789261316
299728195
229948397
466719613
238390891
657568201
326832059
226801451
108444697
52549969
691840357
113724225
871905963
579123357
632173882
455238907
331768921
605186315
476152865
353972617
575456273
659199762
3570997
367073734
657449329
255565847
943127335
647421534
482389072
276099076
683072451
687522997
232207647
251035389
318795473
105751113
245333336
127079249
765379831
186384073
561072829
364139730
15307598
693047743
544509435
4683407
867138235
621244886
982846391
928988086
239301411
632420171
109530906
11249441
339392681
471787843
649676151
567103423
575456273
172540333
204563851
53208473
392526605
214923041
677524686
469161823
489617906
158972233
23478617
557094829
459366569
266207771
999476369
618397673
741076685
150252961
873563621
319318113
566145157
856549113
711823804
230421081
747778606
290936645
100766081
440952491
100719301
820526236
539202365
105149986
698425029
279588821
32161081
892690671
460410985
949640813
680041001
358574071
76202099
384770921
323128463
362758089
20281296
200607168
575705473
754005971
511339545
240075666
336790025
823648282
785074163
620816946
715479651
975916893
940035605
320469509
659203014
973410601
534270319
82169139
689648145
143545357
298402125
937723113
611909322
833742361
951801990
6912057
397662131
723578573
166111561
414814680
93913681
217730849
294214177
194077231
318196785
457132241
234538849
586520083
704785127
305773065
624294507
523566739
882830180
851082981
524338421
356394421
346222341
171596183
982089846
145972649
522339186
123463573
530866337
991787495
381768334
137397401
769475041
449449977
682487471
194839957
168288441
997581373
135786516
722724001
839572609
216735725
301288693
147662969
373412049
126686081
318651197
573905509
768035919
656437091
588667221
77321409
622703155
62284561
78402556
927389865
55683288
596967421
516720613
499019003
217798911
280490257
722967103
235299173
343099909
582229005
488077937
189215233
495359569
818206337
919363544
29205616
958646409
274655901
88211429
499881631
591980340
125755851
722748868
407623715
617353214
75022365
274020259
859269799
408341965
310081989
150169466
108814369
89832901
522130653
86262005
101025585
742323145
391401000
527025501
616196643
415317556
681613369
519662325
485528797
842984951
697914295
596382001
299880611
448409551
369596211
430015697
287168915
240461687
373754921
914350713
260205180
496370069
689081719
979432727
115351289
690719289
801280392
653550281
689164601
423309169
219412721
341559259
420770377
26712721
102897837
892670573
596880577
378636963
217669301
18916592
588228065
299728195
605184785
174380481
927862395
39208136
932840785
631583561
718758750
515747728
779052236
681962281
959216481
47066201
948303526
155573327
366772547
389506019
144757429
911129261
342896963
112603608
423045777
819407595
834066200
87070473
877032432
151527073
927612897
136652038
183700985
266810181
991005723
231001073
102407321
677380745
77813101
590693585
69613086
325171207
554732226
104748653
63766880
233677056
506861157
287795911
656718889
355522824
676187813
221616569
615672625
519432895
262107461
778102141
52209216
233959145
241040961
798728021
964442715
441987084
914846785
100794469
397032423
800720705
992036683
727041401
711471251
287737441
271540323
793070325
922208616
305946321
965268501
327517947
616948099
200475101
231422701
640325936
417473801
815515093
598184917
859781086
265734917
825459313
622161701
805690635
356325349
39808001
989782523
581938657
976575025
777261053
693533674
741749629
155963357
292733423
887892961
434553897
687405447
487938941
966803001
208995683
928278626
429779751
31864581
533634111
167431889
254518486
660954166
42927329
452464049
409466289
384836001
39789461
993168865
36341511
573289809
701594656
587781599
265750478
208446837
696518836
494807901
16395640
683745643
87176991
112721911
177746985
447818445
62745965
969754265
549234057
583476918
897219681
854534184
966901283
52947241
251035389
258476799
369999515
8894221
166193705
645903537
73022435
649098485
240291291
16545701
918097635
873972525
196582957
378380501
112530621
824089386
227603761
427714342
440042193
183171281
545476665
355417971
453037409
575904178
197691551
705289172
899577531
275642901
976255543
874109001
271591327
708969305
389345256
689922436
924462568
139915509
700727958
714932745
402437571
629805244
2175350
627267321
872562061
804610753
178741271
546883861
113621641
808692781
940062397
114673742
173273861
618007222
831870415
70976955
372409348
22282321
540075235
497537041
982383584
272232713
698349305
591699101
551536361
24259972
444956737
872663485
679119866
824264153
693047743
154670041
850196581
26056062
697873869
576156126
125341220
631800405
526003169
680304425
871314151
80398639
806572561
529471539
193626989
779936171
990157599
312092673
72042776
330377397
277086304
141863137
473599310
44354393
781496198
602846949
271934539
326299667
990339539
878576361
742663541
378769629
934012441
501502531
743133299
922371421
940607025
246763659
163722881
724023670
872667521
213381609
73159329
17259151
458726951
908797369
481275101
824104872
154203025
792648701
504732193
834522127
586597427
857470547
428197064
186719126
92288829
974660322
697570509
452104094
980320305
640101141
351278933
168710073
597774913
153077073
31090796
184969073
592450643
778221921
659440496
356686905
319241927
170780939
277279185
204149696
657037281
96923721
614575751
585757293
671869789
486561205
642272783
216461437
945243391
603259313
625534949
324747491
28445004
370047951
934828051
522767591
713193642
959088340
127751281
715156255
332361311
321065658
454317854
870259489
278822209
956553751
828739425
875695781
624253201
460826142
405233931
209061709
534022438
357083269
853591409
378115811
131182245
152534931
75805838
304663475
887591522
208385847
352293521
501766149
423854861
736296946
156343764
596702917
258457219
164776681
746852029
107446945
253988615
563747601
833010376
441552469
17475153
458962722
939045465
716743681
686973051
405157201
840536183
919171792
398809705
662431353
544534496
82993573
921198761
277925451
318617089
360020553
740899729
732322553
858378524
377819916
361729705
786240297
670617105
124150723
926080586
757591927
922937345
846274569
367472701
884990625
285705217
924937115
191115321
971544861
941978186
600316807
547338842
122885277
464999866
644204651
682408001
111116801
86342555
715843721
459671357
799999151
991256313
636391783
836998325
724534808
187634227
597518051
504994057
706813633
80553829
238268491
896940541
409000327
836497353
289617241
295988101
638581007
444169189
707502010
278020343
678593301
625942473
485473190
774990415
783922521
578682831
674149901
890949743
637642183
457006853
173343299
667765469
930806541
217263649
807942836
364208497
662865007
888676665
786216119
98693741
986659009
549169689
363153951
375899599
266126901
88120393
681127865
740268001
742801668
105904473
292946725
5330277
591106807
669877793
929059667
42073489
58678913
888872339
448120471
215701177
67896385
457042225
958177510
365343274
662865007
965566295
325337320
551508094
679718882
684257651
87077825
831856569
71618761
622528039
418911501
84121378
779311296
325139880
660552061
707584056
276801961
19660979
102373179
313200771
441922771
498010381
428518224
746852029
28859661
135019005
10075757
672824085
381792995
427555733
322188071
197181701
221991527
768059938
816045373
894183941
623665148
287342951
398936477
729758273
490132997
946689930
411018631
935383941
865289587
637629474
439700306
705856466
283889849
868430741
544390731
541845761
752723677
386916781
838235425
338708251
416619823
866685481
221070816
953860649
487065581
636883221
530088281
119207853
600881157
355367296
830385441
94397851
482206473
362791761
407822026
992078721
794462449
378398160
848274585
632674286
377038741
601258401
548342272
269812277
369868751
176780021
265518846
155548106
110524355
606836162
311148171
155010141
460931795
918511343
828770609
349696451
960950109
640923333
960689201
116011917
344127056
5524947
532107599
276426187
213103145
506214295
622287191
32160695
763390505
446593409
39290025
421825639
630770473
940903401
358101222
902266494
630693661
961893348
458184570
693997213
847571815
46894729
887639420
173189911
302496157
910836607
664964447
495644252
996218441
820030967
489567053
52410541
149884648
952735213
706383899
801109289
897222337
880207241
984998313
334146687
762645047
638405969
625152641
784926101
267589251
482903463
145601585
484389024
417476411
893427441
713719576
290245969
401711481
717061539
661924115
872349151
250983925
157937606
689834140
640852113
935689391
681702225
680203866
926108589
925414197
102880395
557764277
619829171
927366871
881599528
935274469
780311544
638680473
642469429
336744905
865039919
708785685
343814705
846473591
418454721
170513185
367142913
71908421
933410151
241383953
109318751
421190835
381415369
921292961
652148213
566988877
535706101
657436631
259545605
365479077
233275261
309767691
554637933
95305401
787097161
635146679
675846211
196208388
184969073
991823173
267774423
460882211
87690765
801019461
139219923
201238739
752156641
27739713
729466336
856387848
395291850
59969611
733969977
377383633
805005439
853793581
451054845
822658251
526630389
689169233
478647519
202619140
117628681
542365626
801921843
100659549
985872501
588058965
408161466
797192033
271326187
747012819
54337269
3734515
133474757
851246011
276162117
162534701
681793811
530204433
592291493
498267154
95347029
245730385
283733799
416157226
88596219
167361019
185560935
70506426
738315825
142878867
247420991
798052215
442453541
565601451
810115593
148899573
751026545
411477517
111268745
82292891
556015685
831044261
56379549
271667011
682356269
17413169
160419925
862907169
641098533
872718081
866571653
935982049
806214769
255963769
282562997
259568752
512511511
634596523
475560025
671858105
444734302
907689463
823564003
424107901
190240427
502362826
927336278
412599188
612429062
617298151
177632581
474723573
294275098
993559575
299988529
743788501
973710981
658448631
104685627
441825447
248315181
299812701
492632413
948777677
211708493
393936601
797121645
793403669
87540457
578998311
683544397
760008729
207350276
552556169
623513921
282261120
301412283
889171051
237628453
598746305
471528403
105904473
582620651
276347579
552156286
861752239
559650821
543071201
789779841
75543257
5331363
579770902
608102451
312442808
935865527
239935350
174969345
43552046
636250887
827425629
33759179
866700769
688971599
550375273
894594177
269617876
768978165
7847715
866663501
463833585
565715625
269488686
622463701
448963605
142818103
185190281
398986345
488261032
833863434
45924091
181524451
256724101
290944891
585794213
409431557
801309247
441333787
933405317
982517161
74496981
294296707
486756281
824053121
976324526
136564641
612615581
55628401
375913401
471561983
50440263
495043829
719517417
158521527
599949477
518171195
245458385
857547132
626855201
808799645
288200381
453018781
680184533
368131041
255526735
863706731
2495199
796162659
979607017
283137073
210367652
137170073
176406169
409749842
273740418
77969651
346335535
289639176
809923040
891351183
325521253
746852029
781308041
481877121
265421829
825039395
418143473
695213126
655939611
429898176
532076393
686163249
651762586
231219285
766273701
870340251
518971111
300355745
193355587
879144277
264079669
883949881
618081121
46314341
672728242
40595757
427077293
478977501
499102778
726163201
782827621
620126607
837812889
321951025
81012630
54683067
395330511
249584936
555712091
759766905
155376049
584818771
271553894
495871453
34933917
949338919
570507739
467883295
25186879
101456397
597971301
923610445
667642797
60156811
168679197
196058825
953570671
479445499
968668145
854522275
452753241
23166887
802315121
283754961
111303457
996600061
45788161
174997923
448898847
791003817
652121224
41113913
678961825
866770077
689122118
535721306
640891279
350281906
866756257
593274481
564850025
617434945
875428091
800079359
167807704
403085395
873394531
819080013
152958385
583896949
32828341
897663632
60321281
534465626
576361689
673893761
308401585
29667757
776301906
301897743
151340965
866802457
475842927
715451433
281607680
483827851
871791156
736736671
235299173
225851881
63095774
892999917
965658298
164679079
852383628
837017103
717121189
177099611
729075611
724913105
692642225
568949437
680353335
765556787
69083963
317190825
113531636
696671289
894003417
746262981
907198049
681127865
131722545
115089270
683875948
636243241
289971577
438589801
495560689
583207221
621680371
621251877
978717951
282327539
913206313
59530941
248650097
145050153
663566969
367514751
129538466
84483493
349435031
105751113
188289041
79848301
200089433
565225497
381266640
518594689
377232363
659484222
616416602
248299599
949021665
614355761
196501873
223436251
434510841
302713301
174621325
454103225
959389890
168167954
893066241
579479585
295293124
119207853
288158501
74550775
932278470
449809187
208266851
131722545
100003461
5761185
752561793
415908061
297139711
792880161
302875621
95236515
176471581
743725409
429463673
321902007
578453821
736387367
926789961
143291041
591892867
42875397
568837667
466567199
94862886
302491099
199014197
210703499
791963309
225604751
220360987
274583451
405815725
208601227
833250251
722724001
755748193
534382141
412981187
79743620
114659793
514587761
353680173
748210263
435165477
798856349
194779009
230753457
482206473
9246745
303468051
773702949
157942661
514529469
734568133
536802379
291523347
459085520
303047129
78578565
830820185
171209809
619639328
518002909
589660716
721838900
740494607
202848651
413579541
141760801
572834581
569835401
544000447
814608997
921854841
546621803
151612024
664382833
156730385
476130737
16422046
76903957
755241127
952656251
548851909
462691373
652049922
506214295
250903266
74665749
194493351
920956407
769913733
481659129
89241861
220068575
119805241
851278171
740964391
762928819
930732637
193659946
802529381
107347231
852807066
751146313
760494801
244594189
755644809
239780541
187068093
362777491
405922026
969955719
738899721
571841501
572977621
681482318
699355780
169836195
253587893
225792575
733405255
50146487
139428797
787910285
230182281
246918209
343461737
550759393
878198397
459088938
124610065
424107901
424980139
526429893
505810981
749399635
913645973
359699770
632348131
197981461
819198341
282957721
69536173
346335535
589614021
147005677
891961471
947220665
9259177
117108965
54177818
733017941
139032339
640756445
652364861
16947979
578275707
478068931
633101505
77948437
840444385
555760833
556020251
27636221
324964057
265062697
335687231
958580729
961091156
479389838
986529811
230320133
966986716
934884419
274750583
838019297
792636161
997581373
9550055
246887967
566169073
397865801
421172241
832163801
124485027
851915421
451926467
65015417
601818941
356966431
780861065
46584085
323809201
391530561
18107689
704592499
691229881
816000320
639849615
331631195
982186793
75584193
539441581
589364661
454559323
509476443
437826159
523327281
574079701
541410569
487035001
170831765
498294150
312027181
100986551
286533404
958240513
723213251
491706280
861447546
426065697
409912449
41910847
809670525
564023841
273453941
376164979
271625581
610398881
271525337
533221759
643884645
375480169
864081045
168407357
533455725
927197929
981155094
126851395
937905363
948084030
630845061
791335496
944940081
542190141
348991581
275142670
640940501
793844804
412887897
507262736
920700215
662778489
149808613
842738409
24542473
248578901
807432475
918097635
533847969
233036719
707298730
860088021
219320176
654225971
8561831
837875801
472139316
239837659
528180156
980088991
604597737
329110850
130446221
197855029
979607017
214352561
881062897
518618289
644580225
301346728
248175117
746259289
681023796
66214916
467442379
549842624
100286885
850291033
935430387
921410284
750213458
131673791
338678483
339374461
939872301
284059845
896952651
369419549
491099896
530804744
759813293
679024811
420440201
245018646
37930041
389827025
698802145
212268404
502173125
35681822
565253361
681711601
370567185
535470641
889917545
725116391
209925019
740834501
537110212
709039261
900610955
270539401
306044157
628437433
995793117
930342511
780005515
916550609
371853226
72779969
450333821
528918355
214128721
376517925
30753191
766325077
961680851
723823221
87774349
131673791
963330962
935443505
609948201
656274126
662580721
592247887
597231633
749459733
95288824
50471839
887863985
816114059
192559283
5923377
580816047
188901159
837555071
109791281
347727715
79287131
460934425
732397146
378738269
302511597
560200001
318909045
698453751
428385903
588981029
516457137
766240989
29973027
906446461
146176705
682303313
209406441
8803775
220631529
521722637
880532711
745038051
357628445
731569981
735993979
338642331
222707265
24542473
373778477
498586041
942846784
768526953
555620943
804979145
680018365
104208101
590505185
814960156
951470700
338784971
992108518
270293923
255958595
400734331
427606949
833404821
50230161
249095205
709493655
894594177
930732637
74595401
277131893
133967153
867690348
496966081
877413959
833396985
642237300
656031749
3275265
284728957
589933193
59387981
82993573
717896100
317190825
900098061
951761076
459863545
700118400
366035015
994155573
281694557
47247137
839735303
138778937
133932557
837791621
955870160
977694125
107972217
93343409
410614031
743393009
432843361
398388121
793241573
333715629
427653481
702902181
828051541
82101761
805805477
616970762
337988003
59682581
586427291
907716840
358083857
82608596
753992253
210387059
313869140
156313731
135815630
967121214
399671198
321505581
356830051
252916135
504570349
332906930
934069217
547374235
710081339
282174049
681237511
545226143
536121731
561669064
837432125
560097276
546402225
829322861
222450893
296456625
400559601
555317691
889593701
275579393
414570719
350008116
137326779
555188421
261058871
651553241
492195121
705047093
561070145
553750823
193355587
354235009
428568400
46343231
787125185
642513661
183288001
170429176
9228871
186060806
209320861
310796105
71834331
880079409
826067401
507850871
386741169
337130071
141446366
731221720
790678141
436452193
77323247
62871215
513999601
915426883
302375716
512070511
401486377
842106717
857448765
10311203
930827137
743902881
224462323
813389421
14418013
46154885
683090721
1222081
943695521
589157871
741950047
86143353
480212077
384836001
982977261
215240731
8312931
441342951
980163834
579767991
324995667
167595317
535823967
358125265
902775181
590480801
365807211
409431557
726589169
995787659
123463573
939582275
143658141
922887119
428253144
872561983
697090813
161352223
686664907
533643589
532168287
89222105
670723137
292523605
187445493
940840748
537398096
741357561
207529089
789933474
517986671
279224601
942849819
788469632
589047276
161911479
51486151
584168099
754143791
277784501
994955741
743009051
780888355
430652871
856822681
402726717
582954115
940761425
474456626
397193525
962263584
871837670
373267321
31601821
213388601
480482503
746231062
154672601
603751214
592632850
983640233
650498935
528979057
742453149
276458441
301822785
130012785
660826831
127251481
703758619
360893307
28645725
152958385
790686424
655659105
464097911
665206166
379761871
835556741
116036943
30490301
885355349
64002465
690917425
50921061
856503189
795811524
487981336
348454145
132572183
181406731
594724359
635145088
938907577
569368411
621103781
410729589
89943561
723045549
800030381
852297104
792859417
153672637
220896217
403895597
196995546
389271426
302675201
430526982
282389360
492195121
28208843
793647825
952472570
420217494
379147511
389067801
886939380
301397986
564642735
340692908
932254085
964282685
506203126
350888387
161113886
537115661
28118006
937916369
826314157
317228356
89241861
690086061
865522773
734656801
465102388
328462085
511028394
750981737
813660863
16149137
69082377
278410801
599617163
712274191
868951532
911720061
549236913
600921663
793475282
502420401
833212996
852454985
796596559
119579151
53176507
624718857
563266023
143926474
385524955
634175001
150863039
178370968
864803621
365366867
97101828
925848706
263559717
288709801
313938346
390294413
569909664
233413121
4680977
640180731
980529025
676959981
464199209
907948951
296986243
102017253
148984691
840036521
97937727
737222645
470446066
940790001
497919381
237157410
615274801
25395341
823582461
500726671
270539401
302363843
735844147
389810117
234983291
699053123
280838701
322911626
430097221
148931561
523378101
727810911
623873793
143886331
564797973
463608593
418454721
318079561
728234752
70887481
886924777
562481411
128275041
581523399
124743234
92223958
523886181
367743741
281041159
915856497
24782583
542698505
614081238
370994041
156988861
292191197
402800229
773051233
344033410
787487768
211524529
719517417
79256633
103358329
585727319
62516525
775540511
242909544
768746895
228689917
540023229
938081201
451857333
602994207
294416147
761433236
174507547
537251137
307995326
463269833
758436801
660924715
801565227
447903651
936914768
462402501
994382481
157166875
136074169
696854855
812020982
559063057
335935845
41110312
930714931
137904015
583434117
228566070
769017082
862426209
644467661
820472115
782516995
318670979
801033781
464025089
460543489
487074391
818516991
634030621
708113541
549032881
383643391
294472971
219362785
796181491
921138917
808606408
959977244
876581483
816046441
489428389
328064877
66225116
110532741
290674081
331712429
887783401
642122310
418098998
211944251
461250633
125943943
730862257
9781773
874948998
554385542
902885133
801019217
160481351
474854035
473348029
742874585
277963491
345749528
196542013
124377851
534119945
972686693
67896385
142062361
134584441
758411256
464155799
912915101
167748609
870709264
573142143
751788224
692139426
948716560
303982701
841291291
582539049
392141441
136869136
897226099
929309465
260077047
303859234
1051009
475853361
732595521
669655097
456399844
863528368
699599119
635944845
134357780
27764393
18966672
278065753
616266053
56046438
499319611
864509361
784433029
27741251
377873934
649705391
430163537
427361071
30152056
371929439
70148109
387422721
895631777
909321297
933810521
351593401
648284777
650383633
322638001
362589221
846494742
450488810
306907803
871869001
579226121
353607347
613547261
553190353
498710481
82323145
522827364
115192921
75900180
156673221
999476369
845375225
289280141
967680449
755936843
241040961
654770055
622463701
609948201
977992175
577890961
46691003
806572561
839327996
29239934
421991161
824189945
862010733
947248370
920402485
518442961
856191441
188463791
476591991
639480931
231668651
198291159
670873881
372290961
623682145
69145117
233139063
678782249
505865351
37206951
774278844
700806463
389693455
76000518
416101109
360933949
125225377
763474193
289572396
55394921
190247206
186908901
590864397
427277851
789942301
678225156
848254197
934570606
686163249
459388175
317045301
974925957
20580027
759035036
809350038
618337857
751578701
443374751
873105321
441609019
39964881
564058064
695511917
775890685
148667151
627672019
114368161
447658909
133529385
262217305
964442715
136027885
800311225
378948026
564826765
553826921
910194435
565048005
305894397
86498238
979349477
543071201
295063128
857248437
955320061
653757365
984286076
624025269
752439542
537726845
538260177
630265761
451935544
274750583
149466545
612446916
487133084
563390645
221378706
297836913
895007350
902885133
781113994
69536173
564958409
875639281
40114267
687098491
472565406
684257651
890374769
273453941
776846731
626184389
399712312
420396393
767449241
769931092
129238557
731568393
600062501
323011909
730593347
874575227
203634540
504876041
153389141
132726640
409451913
469333145
85087658
718358901
195571273
85406585
650121597
645057403
112777861
341534289
824688233
883370001
105917745
193916371
629982141
234200551
119890041
51994979
182872981
126052499
565944649
342015613
588768951
317735921
188289041
347400084
890688141
865479351
431267929
686578751
804630041
368058923
67224437
348659389
578919016
364996050
691518355
830613529
598621536
858133125
235818383
23102977
36967120
382220007
86645277
265956101
957328229
364291121
655727183
173676915
622090967
385508663
226165190
190772571
401135897
92288829
394875321
808729257
395843561
580938233
82796749
645978345
279998257
962215790
458535261
63883091
729084278
457244687
167595317
916393977
335551648
258480509
630605061
906198569
518969765
656437898
540337344
447219961
323041185
139207961
922842733
742197753
635879232
383737233
529899784
213455006
500420719
801221709
910399481
760985535
344248481
154616798
283750863
749021981
756966167
649871549
345879221
412557620
474421521
944944901
588473391
936577686
361501367
901006975
111707203
127989289
286395857
75483291
286495839
827756801
346870448
596817546
961316281
749564072
388942873
317861741
796596559
211652773
908809951
842138950
276090856
922937345
346222341
781905999
148680941
809511708
857314063
254082879
233413121
994677993
255558892
123746911
57786685
94659233
959630472
937175001
397865801
451243310
166106061
685939961
339442969
559207301
357625501
544885433
140265978
116154994
419579098
74492857
367866129
230826751
898137080
29714217
680919408
401299222
445293170
867748074
337269389
525714957
416614853
54761062
819389697
661457711
506045031
814378981
239889636
844784501
147551621
802445188
8085289
471133237
740872845
563276241
918051189
96889513
969627785
356508501
594650801
188335797
333948656
998981676
521032471
721128333
764771131
123129139
306084681
100003461
941605317
11544601
691162861
242522033
632431961
344591837
326650968
599571241
919616028
913386019
788586929
914128841
320330967
535109117
768091251
757318723
556141751
128301484
168135441
44852481
691208868
495601545
796410420
251998117
46135756
365016126
540632267
571215029
534981707
232691825
578554489
398600051
23478617
81349055
732425071
296588561
548540571
978823137
733129854
291549497
159143211
428016721
986444353
306620651
950617345
271962049
152458813
334394919
929273241
696496076
139739787
455938287
221665853
876254321
653936704
456869929
367995529
636095262
619593556
192248393
906599904
775377565
35340311
33717376
918355001
390880488
600251757
851082981
112575073
634407311
499040555
458065361
122977056
65901603
583189355
860599673
389866947
789908985
924062319
44103617
714627231
368574501
111268745
317456850
26664791
996864274
346821685
259875265
895597239
957368008
571197643
365803577
171208651
298383901
44017347
559556675
869931661
437496728
706013921
69571763
105737321
280372628
862653595
275997517
164069539
337143468
830690601
336474725
996729392
334784289
902570301
583713925
674323006
828418072
111377642
477102317
491584885
241040961
57515629
994955741
179359569
387345302
713332453
413318153
310927141
336370191
811132521
910273925
136111091
694659801
654040551
169334409
726415851
144757429
412778131
945045226
208984161
77804224
277246241
323983471
351058117
783094751
857766871
910390189
157853112
117954092
424292885
407766641
926619241
360483285
907948951
505437353
727552153
929548652
660722449
422712033
825230833
814743951
399524765
961316281
292790597
846768170
231634107
286792795
398770002
844253737
986022777
139842211
401216073
529213551
250600590
225635821
73357019
20786179
546275731
629520085
545335793
243305082
866392289
96545275
634990033
915216577
542294305
491322026
470484399
127391991
786591073
455755319
27775051
493811365
652059699
228503629
471678299
34901021
855841711
411187936
564659214
44575351
881646421
858875247
544035721
284990141
367812609
306663573
613931061
5569053
252106849
776812873
533874691
628061946
646600173
554738069
622129991
101732155
472933661
480929523
129303221
291040017
477972465
953570671
935579481
719096041
836397709
477402551
829823801
906082545
342935701
962569043
461747873
987831151
975626652
817011164
54963406
174078416
843227203
780894317
989909869
661800709
750639955
842620486
205420163
119808537
988757604
490519366
567442653
622912361
57758625
995101585
750095026
531809641
782767409
311321905
457164537
95749186
273770981
242412857
957967641
999190291
594842373
99774473
361401384
988772189
109304293
188757473
938963512
711121836
954341785
824868067
385592601
364483783
99949381
194047655
226853651
630529197
630291543
3768486
728608993
32310530
465388297
131539945
299317053
644450129
183288001
11213456
635005719
752889921
664134685
120762643
363159501
122942251
514279851
636194425
405561112
210450033
451683263
595742306
209029281
686609477
502297321
558943257
295385857
733223521
677035675
220578326
385440258
808137421
248875947
458122171
185889574
650386917
718935931
412554937
300649863
133474757
601968609
41047257
68968988
885683125
941129309
17144210
744506007
734588115
644577945
757747356
321440069
925671163
925268105
63886468
299899423
431378013
918283111
584198801
175289681
833428155
535113651
894936369
747481953
38812279
983611406
955998562
293183079
329904105
134972686
847707257
860599673
565544201
443865962
177545876
514262492
947437681
808955139
288912026
975005927
797324161
301402981
48747891
803520629
48451005
738761575
903312207
461160899
752156641
349729481
99842681
290665701
107896425
862229309
266336229
11544601
587201025
453021041
569033911
328709271
678778993
716436283
689047297
780224739
467060366
257151
727541131
322917231
839920501
304358729
234443228
806893997
348101615
327362737
820115592
564951583
93628205
149129605
203670951
859102555
999781905
21106210
693644523
657557501
95305411
132562905
566772189
270357931
186260245
966902961
29796196
735569741
888714340
641867141
633528186
638448877
881297391
539387866
341960541
589347477
460863391
692286077
23220201
994272561
356585025
134612481
157211411
454590037
292790597
574755914
364933841
689483809
619461773
519583491
677442093
300044163
495111019
4680977
278851326
252844351
731240427
705486351
119191081
619197113
788679599
714127061
393571769
726694733
960335934
283259053
257255925
879579301
800068021
698279171
551796649
573523855
99896275
276257608
276677654
764155921
434510841
715701161
652404761
832622843
631300791
147723166
373412049
319361021
117886101
113267622
597518051
71908421
553806441
528692641
953507713
976025191
134482539
797472865
733989863
504090929
982836945
439342481
892212241
686580001
624258069
900897473
592391107
436208133
34279536
620057888
139935623
764352620
610853449
869782282
723261976
891270221
749549678
64683601
594910279
494259970
37716883
563562155
643585001
634990033
443283729
907198990
693080541
413637505
918297279
742723311
607142207
45408221
286700553
566827313
375660899
384496207
900957063
203276845
484572901
18793911
167321471
101238943
198229269
598004941
379537305
20597473
121909817
242474217
18828805
382227581
547486055
565868581
523121683
154661856
587442953
848127873
532569454
836360109
828310431
388582721
299583653
836776229
527145064
922371421
563541895
648692480
946175805
4096643
479290065
993311377
137338576
994704897
968542521
208768313
30549941
306753377
382143826
703038076
165291971
464167177
571618559
525525581
971408289
148984291
839048055
629314273
202037361
497375096
154670041
346836161
348966628
384616323
60043569
295958337
978085691
556474163
598875601
294052458
287760100
454576268
919709345
642789829
261261466
944978837
66819791
903087821
906629001
883992254
87077825
355100192
896358627
612593121
717780945
61014841
578883530
523968801
658600001
927470319
622918591
801789617
290379292
817073401
551792191
271930737
385157240
173273861
892724731
925078711
803352033
211102815
284304816
996365851
835271409
496077956
571399771
334096593
208481674
43687505
265646583
744101801
432281361
614544764
182205981
248525903
554917007
132481357
685173581
971813885
320486861
45661917
752889921
600271689
509133031
609877589
143576273
221643910
289863801
728829173
549178801
224881557
786308673
332493793
731185259
137011097
964773240
650121597
408417401
895804281
235958017
32589013
838736097
381540697
803995812
846612965
37405777
871047151
208848044
77854102
741208266
890706301
580232113
277559032
551122625
302812651
156313731
797121645
495105145
383235581
4096643
643912621
888801739
218994197
87274781
30490301
921190463
376428217
73397601
860991276
258570646
867820771
151593491
79384581
475323936
992702580
948631609
430200471
987207617
922037426
708493919
309653636
791623722
912878193
673376001
747398605
290807889
163710105
598825101
697090813
248089391
874824166
648475001
591517651
815344813
106699384
656617691
305259175
308691441
139857921
819198341
898097817
357232321
828838371
521023361
941951159
592523145
732174225
221787519
378942362
751758783
565138241
79762061
683179666
685516401
490052361
534818771
804370406
385592601
253297237
424870666
512976091
767392753
101462561
457529827
189246801
82666547
917013791
342726996
227944671
337698343
244485381
260640174
376214095
345213895
651449061
147694521
405036517
170839741
919137546
352691373
820809877
975777953
245730385
901085537
221631105
844922591
747030617
705494052
212967285
351940151
214861321
252946505
157419981
599949477
778992241
767244339
911806136
245058167
329050197
385719339
472946781
356670729
780317217
308691441
596390801
32161081
809431251
106213447
441393391
528926291
564204837
855490429
975616131
440803771
371325959
143953897
687180631
707906265
850033352
449041533
65713381
996314433
364554705
494524252
754507761
146900181
626736784
969754265
233617219
773641900
947727639
358443675
137691681
64927849
850793715
58490402
137396371
292975211
936424984
87181788
229842241
903913821
323418330
301445243
261217541
132435373
87296261
339918876
290044033
251660757
869626593
738038494
596762915
986777024
966865003
846790503
988048933
747362801
598529842
223768622
642632499
274927181
694825354
319093751
823660627
439012237
694148917
376767121
496058375
849116385
555546219
887790841
196444337
311843426
906721857
757224775
229110911
113755671
241678665
186706903
927432005
913206313
44206593
636083417
898702967
788091477
361092931
861947634
518757646
493364692
958753691
78629995
375121615
646806251
948997243
531171541
89820161
51674801
750981737
827502262
383852016
949127999
475492017
1850495
784926101
696257546
338800311
38153885
103908341
465588323
445311641
562667057
467358354
996034285
656691105
851223143
93593607
195156064
464371421
381269446
618938084
714293157
45674471
646600173
43431277
730861417
773296606
864197843
37867627
798856349
890151749
119083525
19311558
466706819
687682321
595257862
358658751
241678665
615672625
351524179
89137438
458719892
768978165
500684188
471925921
741639425
550397809
165811949
336870387
372220325
567119863
317878431
680304425
812923041
364208497
246935529
239579054
863706731
601969935
665950031
275277033
106028601
290301691
248183433
943156214
743077545
707590361
552028373
480463384
244535723
825117315
697844295
237620025
594056993
389688265
994563951
725825499
379712467
60137429
972370691
580543547
584314583
52549969
503670661
666883173
349723400
278208021
873513101
389052557
686609477
515292811
48036985
550288739
573878949
381621753
535143996
126396111
78349606
12974820
10611511
510972216
647292732
850196581
557610769
766474393
595848691
490015902
339997486
922371421
197901849
700096841
304558719
910914625
957755767
227752989
206415171
326154816
817653217
449898649
627830817
188057686
787910285
824339323
516529773
818172169
780317217
838350453
907545973
37008828
535470641
851619601
149507701
756278862
338920413
67847657
307945986
762068458
447998313
257602913
705538889
510460001
192028879
545641796
86212526
214150149
704063649
407810497
908133025
594438119
70075100
795746499
874906205
161240221
551968815
252336393
826796969
541410569
452464049
640707543
745038051
820221425
961856217
79139997
14308147
686163249
116687199
64174132
365999635
18619401
221479517
595521901
254890471
479105297
982023675
706345936
461747873
851223143
845757601
680304425
939115402
777466473
932759749
420396393
409619115
994979781
274197305
162148591
736283723
983168301
311962561
841362821
62393753
676325811
771965881
319229882
395206657
430704257
436347941
123880787
245621681
431878276
590571209
378557743
296843997
246763659
396325376
255771319
909680235
196582957
281071641
284095001
219848031
185769340
495080972
284095001
435570561
15440325
881611363
16826086
403926541
317593679
658411021
517742661
50825056
265754215
615261689
210217171
519518881
845346733
694469981
404037613
292366927
73969697
923855652
349983665
755511170
90246691
917794967
633741861
607961503
56946989
837832828
210646171
903195889
525909551
161249385
851419031
780224739
770763561
484673179
280335234
234310431
742369341
59361765
560875649
15869497
908429357
697914295
747776669
957510962
420910356
696330419
855648496
514270817
155147076
436326613
577890961
272428206
85425626
12499561
979853486
872580781
475952381
124926865
557512952
417066991
264598565
40866522
113918975
504994057
762208653
567298611
219063465
114593663
501458863
714532256
422237689
876502201
679249923
342607082
213983801
563618091
772555985
189250101
265691904
498098591
605649261
313177523
325414846
274640432
428120761
70729252
395484751
331078901
109792235
703111581
531536904
470329497
286796925
266698215
28718741
85859501
354983422
830910003
593852449
440821401
975410779
706383899
367995529
581727649
346065894
991638595
799605553
877400133
256724101
661228281
146483849
488953301
270332755
910891361
97729326
452931761
656691105
688404301
289743361
924503144
704423487
486650541
303985413
975625656
350385880
660629163
962395597
334491782
952908127
65713509
989803611
934992410
328614677
860928757
939442429
304452327
979044015
513972461
450835761
601716977
462494280
34646321
220538497
725181639
367129309
487933001
821450303
433128641
934497800
552810593
386331179
194493351
349009595
137136385
684073454
863939706
914266737
550759393
133009012
213860445
239655391
120675201
115511538
633848659
1447117
295284419
565715625
752150349
345791285
181604276
456323151
234238929
38557855
270370393
694385725
113076404
819663823
230403296
635897274
429968819
441229721
944940081
450626969
12683589
818983421
102485925
866328765
469865399
285192081
549998569
986802071
757582612
104050994
769900743
127207471
646270361
708117562
209029281
111185911
388460295
22868291
653105141
785111591
325083633
693209851
23965921
988736941
352943499
619551805
956621009
275572806
727689491
920406101
86675001
748280389
734954566
529866726
943695521
445838475
615600235
216588876
984773549
611756365
60454777
542119202
391592987
530874637
831907332
22138098
27615649
519823195
340156586
144085761
389871251
257794549
837906700
573650981
460135658
561188073
779828611
976411561
550178701
675514261
14574671
998398281
162285161
288730577
855807506
548796137
414728987
596825857
653609397
972326301
75543257
417194443
905827359
905520911
148883135
419619926
363239825
663734297
43100294
894935829
135768820
163104689
530871801
409536077
613488961
769475041
764985417
702181747
635028459
727977747
989518305
866219769
298624889
508407415
514081788
419805105
178176550
483454063
243960556
208604625
969255821
261576
552342425
468653769
828920921
44859261
304252286
768321219
688057268
500854011
559207301
880876201
10639645
810260201
49118667
528196843
501992300
651681961
716587505
338214651
819126957
326186437
779171541
346821685
779078145
378427269
264429921
14056939
840444385
957555681
600341118
680742742
62516525
808183889
143905979
85468877
535742658
223995185
873563621
441976271
894479491
745173789
177065623
881477221
5484681
434566386
214680321
249356692
876206171
148224151
697786717
859360696
805005439
967557023
966874663
559423535
70324011
846998449
294482899
644686755
696376241
605579301
983771581
264079782
528635601
324109781
301571561
256235349
788181213
72512377
1809153
454380422
918435386
271357257
994558617
574255556
986549662
962706802
851987895
849385986
941077673
529864473
141273739
382074166
223502269
965751901
865584976
340156158
987175666
312102431
453076105
83314497
758201578
541315011
227775866
299835651
304326701
665058119
875301610
112924581
425514753
905821581
19955465
967338511
884881912
106175825
840227919
873910756
517462699
715764699
839395115
576378859
850386512
612090774
423334705
935225955
978320613
446911393
947556733
771321513
632508649
553626817
785234969
102473332
926243661
857890496
5121525
600800450
55377184
409111867
670955479
642130896
421825639
115488148
437595511
725693391
44103617
659343575
419459696
204421753
813384909
579913638
959230161
145573491
339260947
490260049
768856621
815515093
595985305
607616316
987721200
775472429
838369376
829073307
739740171
413047297
764173921
736536977
111185911
615931041
229916637
499775467
940058401
992788708
498865651
60010371
65901603
608668651
46446284
738899721
733969977
431274401
516100293
461963397
200244288
455353721
314404261
695066585
963040891
232296521
370315129
716294278
848127873
738276401
886381073
6871793
73425039
701196961
36855219
127348080
507904393
462841297
113414951
163640491
461710852
513005339
414322765
341521301
799475431
301700857
355052987
758851411
509472561
379547309
77001611
41621841
882143273
127075833
187284057
771968752
235130522
594924041
368178269
59902521
3221199
834707705
802460001
147164081
477907827
928945719
283396876
558250555
606138741
60855196
395266028
263692283
493949667
110774543
921292961
223372346
666466880
721817701
897830155
856033279
319274398
706249149
382331876
140991734
765701691
690321943
885484701
833428155
132112361
438115233
734980005
719683953
513851481
235444954
745410091
761900943
176036889
974084861
988393757
800284805
641707841
236884382
692065871
769481617
678703451
810260201
333414861
476262781
759034438
590056069
815582363
929119878
662720917
8903491
896694726
2146806
727955023
238844881
204135626
347022901
414789495
711302869
711741949
110402697
306053601
939885691
370080901
302099939
745515969
464876545
416037818
709033259
15562200
299890833
945060093
155138593
321951025
727273745
944596407
2852695
583242442
657404637
162427941
339917033
385880117
955975597
929829677
839908293
432998024
764626441
217176111
211274794
604907677
737092455
9181682
517076775
291917584
131253127
852252419
837894058
325443392
301240057
133213409
473696506
409459261
363426849
942970597
379742929
550412191
444083465
996367481
929659441
353312599
595572233
428355773
63491501
898445067
628511448
305475993
647843501
492573953
673383249
227619649
470343801
900726893
127912439
500129376
550738537
765154207
663997593
676245051
865522773
181971969
44575351
61429651
110945513
752180685
666883173
806345344
11074072
135469829
464688217
466236670
869581951
655669726
835907163
895636381
719818548
735445140
335935845
595805921
2524696
583204537
960999321
912579976
722183891
413697932
675068321
279672395
648037771
683706310
756539686
996599031
597417947
167418839
874126708
950970776
688804480
757533321
343452257
166631489
801116017
302968285
856899024
192364701
606355001
821993795
615574915
39798929
280451629
917121501
493065773
139201381
859269799
931824358
942601785
682326890
422011749
329295239
385339577
390744641
521727315
134565817
327408501
856472739
970844501
123326300
284538811
843807385
381033385
39363641
994135551
93070829
50564695
125909205
443998825
453167204
848945726
543319775
337611941
568240831
143558029
421283721
265734917
994746941
880513777
350994555
92635209
945524437
411530805
182056269
625962493
855695825
245889128
763163011
337578684
889374579
434150187
130734113
395826576
663611555
934274781
350051201
224163627
42801413
955190896
958580729
704351275
325149181
220896217
325962327
406676813
578738078
85770948
765302343
490419603
401388749
238537233
686600473
901360801
127894221
701194093
409271959
6994058
425287403
236097571
68151056
206415171
677886892
982928675
98053946
277712433
832354235
167370171
436914993
90180219
472933661
245621681
697013980
764595791
662555780
658745053
139686837
601087379
818646223
617408269
292211184
866574481
508542656
212837188
460599371
639969667
259971601
483320652
795075569
117178753
251685491
785111591
954973915
573712831
766853809
545555431
863138034
573241995
970248482
673350637
450694269
345720329
462143327
59520685
17896707
759256537
856682751
375009003
871244331
9775241
666986711
732398619
79517560
781308041
616208646
182732753
254202446
464371421
36855681
955468149
125970977
83244801
284597106
742885756
323187533
843807635
271429950
706013921
134466817
691311981
729641903
127288622
596702917
836656951
861804321
735453931
489349987
260373611
155658669
136074169
2594998
535706101
61091181
789331361
362575895
682182001
228932063
279824383
924513468
356819876
277963491
606138741
974811325
180763269
599882561
126867366
107608656
696153076
92478916
444211205
328146076
111519016
513407788
225635821
702029429
415605786
436347941
138059427
923870317
589614021
825413397
487437649
577003931
42088288
449076351
78194561
53373705
9443901
673075068
868947421
873374897
458132381
79400521
851623406
4550618
66737333
407442471
398986345
565944649
796089261
894209260
680304425
766971186
638707171
406388528
29917425
481787387
627830817
612163999
685516401
600458426
589651241
662162638
58485763
124365269
236574521
244812777
908133025
943508481
485483009
431690628
170217027
977881829
13810265
109195812
95522871
221616569
521745631
490934135
376482461
877897059
410596191
376265263
132798663
752156641
47619104
406437650
403717171
604285089
271160769
305615101
646148627
968525439
173378623
695231339
894538201
870230508
458614896
953092453
95622781
942151821
897633128
384042965
797324161
873901543
353312599
96339887
985345073
191225526
238481744
54377449
812734071
260489319
653580103
513822304
836404225
752514761
288827957
660710826
687836080
972733756
937065809
383645417
726625841
249795835
286114951
53566828
630790861
540624831
230856813
779538681
205434235
530921059
794439752
300081147
315061537
883854801
163005535
169211206
602474365
565789731
779463722
962085397
465031869
603964409
182622762
552342425
219063465
363886201
543114897
951823411
114749976
807739741
429030345
681789495
508011513
98841189
9580524
237008699
427832845
991256313
372202741
527556345
456782881
248404549
902836315
337584457
155641109
33848745
105917745
670873881
669899169
192640492
535744073
793735369
25884541
836267186
118141021
806685594
32391091
761686049
69950057
211457241
600504777
667971545
451515571
575121605
61014841
791888641
773780369
523914785
508315351
708969305
468300206
282743601
158700691
305405517
870941291
401566685
829853206
325052487
205179958
2197847
400046686
106570899
850493797
389032465
431898051
252693641
96923721
826642401
192490751
353290946
41113913
100284921
881948781
238385001
809226805
639574861
622877111
962711313
809828665
976602241
958713334
970589619
157457511
31804391
23067793
474751251
136856769
720965366
226200624
92105003
615341700
212904225
816046441
376517925
903536675
500726671
200475101
666792853
703239707
92123907
549328436
170366765
952976824
388463537
940999722
871869001
338330709
297705501
121618657
590013801
640971624
631274261
414334627
216807297
421875653
460577147
70633581
909418848
465675769
718474955
831342501
22282321
764516420
432393983
707576117
835679381
695249426
506233219
387037233
568851332
492557237
311516681
223995185
822174515
923432681
844908739
433653515
486747452
377561887
992992477
814014507
822417621
641390801
283956331
591628604
755767893
42277111
504822941
10796421
486532861
561852148
953641277
992576303
298576981
507670951
499713501
384770921
923148407
966452378
814769376
576339759
170790471
655524705
319732914
979186873
122664177
972683481
622331535
962319901
150708343
120398134
658800169
664305566
23102977
304971079
489596674
753531501
835563228
771820919
68058139
186261993
929309465
99485620
882425675
585354547
490802441
903223361
904754160
261279125
771639951
600593595
740342361
427189201
913645973
860395329
92738721
463268667
103264076
41924489
252671955
158156325
865668033
227632425
745282543
753438674
677731169
771685128
176869421
724916393
568507297
575993509
853875281
611089
399812641
78355261
568837667
900515235
709283593
419788081
521023361
348317313
765838876
121818191
507220689
819947750
459514071
36899011
184712721
277784501
382080442
480511493
828860926
648132021
334096593
418526741
906224271
687023539
213745415
265666854
265598485
760786539
777829081
213860445
162427941
581523399
123544437
437185807
377540129
633057055
5433396
64922783
549442325
999062281
266193113
602110121
821762891
895636381
823792301
154864105
732580849
18862811
665360753
740899729
132112361
735487481
9830921
283137073
390853042
730399561
760189623
275523751
958516928
440962046
996308749
59437717
904203387
418226821
968223349
938969241
642036418
391225146
429688001
374592619
480275551
484388433
709329691
493065773
260302249
318419797
732267745
93300309
643616251
92048401
770126921
797258577
589879189
407163837
258443999
360483285
720682579
817278262
413426712
585235920
123498869
737136331
91476976
298873733
659393413
621807746
473647422
370994041
725825499
128074681
930950724
577431233
75099751
574459331
220799993
974188729
772417630
447395035
8409119
280838701
992036683
582359535
666718617
407766641
777261053
692689241
94739899
206312535
4983885
546867853
890706301
114949257
750094663
722164337
498031541
403291783
515794489
726568769
79213793
557816681
944058023
97392617
379374877
637268361
412655049
707945534
574856745
594956241
239315466
54317727
704538849
968209593
871024578
694975711
697618331
727029547
101974529
220308741
192299601
120903301
955691448
515452817
882609091
424093241
186029421
741749629
502059446
540023229
552861216
381871136
132171733
502620565
588174261
847389069
734121342
146936689
27413091
515794489
160972487
408343351
605355559
772699019
325931057
399279902
143708001
612606485
294416147
999484733
277828271
870785897
953445825
959390682
727810911
538260177
699185446
557790705
39667501
924580561
932606625
781319531
560668816
750908585
450333821
986476465
597044496
718366816
320575476
476656381
953736215
654755881
530415629
78651845
97520081
474421521
71722916
962232315
17549329
216532631
999476369
762336399
371786143
598158815
595521901
420589806
345791285
533173627
553979269
350890777
792438701
623442711
387310543
679632797
593982861
881646421
59291630
109096025
56722845
178561153
525635031
111159231
946700655
959216481
334906128
24833653
127740239
162455819
69238081
318196785
170410664
44103617
237580427
884562925
971780875
974419567
497904984
567042146
23807029
886252197
53831734
480212077
219655996
754323102
57118305
337793437
781400141
107370243
622476301
82214041
177746985
2197847
666274643
132600939
864980578
351705372
539185451
326958065
629487201
800969905
439206555
471592333
86076713
207979501
348903622
72512377
890196881
957646973
132975473
641630737
33668101
945403681
897219681
721053977
702749951
180106061
542425273
98316505
357232321
740953341
209395063
708301242
386106151
869206567
42875397
427130031
809874905
881488103
656718889
329515908
70292137
978777549
352297726
841888809
891585647
210509463
115567757
36312393
436505001
108957509
39986487
573682581
427361071
464249799
988579401
526025041
89812947
341521301
703670014
152374093
23393903
137515341
970232771
121288221
154669429
337474929
228189191
390122061
292796831
964301571
633298537
165226814
343031901
468566407
142943853
754075542
883854801
100341779
113485306
450835761
504107342
75831029
182872981
243790555
264090685
103885143
51788391
395697553
658421643
660722449
545119756
17268594
521602649
549138597
934369187
25090701
85004591
956944818
829361685
915767825
224510457
398410309
421637619
587487738
598878357
221610226
982470567
459477241
423211471
761027369
57254241
873032326
397515081
987903469
556700161
688953175
702993816
783922521
99025245
125843039
385018647
275518771
59043579
300271217
785209201
515352736
283729127
454753970
821217840
620992215
202027794
586917250
745246491
663650049
636097153
568345553
116702969
461681852
825230833
147532677
738305033
14063287
118136858
598928149
840198837
307243509
263559717
931757651
55457869
161244847
593623711
834616333
548796137
891736155
284728957
861355545
544887081
760187887
521400729
773145485
135164905
74968517
720946463
186843146
630322681
628894269
638419271
161708605
648083116
326608661
567130913
150878291
95573811
760786539
390156901
836643439
502071897
448303891
421804855
351506063
612683906
432393983
57731729
629847033
291820280
728996017
784137231
532519782
568462041
59682581
443374751
677065450
439833111
977488076
709039261
566247939
399356373
127092073
389100201
727527817
522627856
27452769
589559915
879315087
567566456
533343991
696225131
826374672
771965881
617840991
883854801
782731121
794676305
132690783
323960045
893560101
687675101
762632403
469340850
428816746
367731043
929918321
477340401
649233209
342045261
137170073
304377697
854176961
6733459
153332266
918292761
405036517
420767087
352839745
836998325
936446036
8277961
943981257
569836699
274507241
811506365
949621569
901360801
959966189
205137501
139207961
117269637
478740149
188289041
463604032
557700461
810099492
459022853
782833369
604916573
895784983
943850321
86076713
763583547
637269892
663096634
704699689
108814369
378816909
636308166
270521841
929824237
229930217
762840601
105047085
230856813
124353281
432591091
579300829
186525499
769647281
550219234
339284157
229122821
744489001
662372161
498894701
867001503
523311801
280848801
523333203
120675201
75068386
761446401
916910815
944315001
551087995
367775055
244444049
508492835
14331183
650017189
932840785
79659169
796478795
517689777
451081830
157497681
151616289
414301553
256974277
463003428
770841946
822753901
52564953
976286001
786749862
925043731
260032001
853875281
801652974
169902213
894686712
193504534
328466073
536586906
451006916
195217689
927140369
214108157
124485027
569512332
181182841
391511446
790719686
27674321
768781043
125843039
770219841
932759749
589960905
39880134
805102651
852082940
749416579
736020464
335234221
574248301
327660981
878101841
475969961
373506818
317093929
384279057
683522819
503653581
334209521
326271361
36539115
579061865
21874577
539845407
897219681
403462953
695921633
339289471
287054238
41197260
279492459
697543331
909365021
504754011
688235303
527556345
206297967
766613101
680997028
220952513
933301663
497775293
695956582
709592526
191778320
221501833
271355745
376457841
528554037
319053239
279565790
349394757
192874889
506522799
519784603
918355001
32160695
455347869
178633633
51059851
203457257
579901417
745414985
906515849
478771593
406484048
159143211
300460961
285934840
858736023
133426185
832716471
318626451
476490291
162738501
463070088
661970881
644333996
488155117
124804766
916643877
401546906
707214501
601175453
143989949
174794675
806659801
186937321
471687372
545941629
115354222
38251494
715544911
837466530
402229713
385364345
782244729
405254814
866908131
536527079
109152090
700799035
2581281
427908884
902542392
86090025
408159597
508253857
791580577
24640806
284050465
816929285
227039071
288730577
483361411
257920909
76216719
911952241
489586903
506420353
715794877
904413929
971101001
880876201
737774749
989724851
35054201
937160491
700195809
172835806
302599435
570119501
156608514
544885433
834570977
581708737
9437851
143652322
525814241
211466253
3221199
165133613
102971241
855237711
791489120
518086072
241322136
743133299
265858450
157086414
698048439
734837681
99754203
248218801
343371126
263005709
526881656
527343621
965713573
883648366
408551401
998208622
186062551
356394421
923610445
675761221
50653875
134457086
133385113
2687050
216903377
108835313
299899423
774549351
390299633
285941071
301453591
117178753
406153897
863982209
925184057
491437729
23188301
543268951
122668701
478481801
543683183
967400015
349772077
230632708
554887197
689244021
466698824
12522517
122514304
784022329
988433896
750046665
728549073
751375789
50529711
525928698
575324033
546866238
372202741
359399836
258277133
856991817
549269003
221359945
817875375
885845113
566002223
863568911
969852265
352151485
889524592
404617041
980719361
600899721
157419981
963450037
380773577
661997773
910877023
446453661
202236441
405864136
429176701
829823801
757296573
643432073
589891101
56621385
63491501
386492601
428761738
133967153
233054419
71769553
953248877
570272303
422383575
207295208
813011322
833581651
168471127
538241217
376428217
749459733
648118871
960465041
835907163
412236624
811580417
342935701
481161485
971281441
570390056
284001201
399501357
544035721
504822941
524651095
996127127
974704363
198526421
208933865
323266911
784375724
657434297
380422472
345665191
261217541
965488015
705182296
865343489
976042133
965140708
409536077
113588351
244405570
699704001
714725181
380189028
706309541
68058139
219208833
229947136
692029432
295845633
399579731
827635689
824698481
796149421
880335661
848198833
709118689
312544593
450572501
791534107
170616931
235958017
715475355
871226630
779970301
651697234
291835976
494663511
555455389
783790313
336474725
657350535
697388601
799867667
258976805
387862826
60474576
350663601
750094663
513817881
945145401
117155993
473833426
552887689
881468787
29532289
950617345
697369644
837109255
63252730
682125876
626980960
624919905
407512859
19253541
328817130
837317525
462456215
703653577
619100307
71201199
358041212
390800181
930806541
224300961
540742021
199057349
399022961
533007126
5999298
223502269
483609236
525943622
439367251
7195349
995584067
173588755
843007386
856773901
860317229
378014836
229265261
184736601
65885639
196448601
650386917
993294471
27231563
44988439
649883087
124926865
769991351
717137977
746141495
355239009
229417001
162521791
117261161
742806323
711404833
58840625
518739733
919242844
733799425
251519151
365843961
607332001
38662035
575324033
505976969
627004891
314995636
290073701
338784971
764374533
832057649
835617801
853654459
598875601
765476429
711334659
457063254
252862214
973346933
885484701
867348203
635408626
882818918
121397280
99810218
377006126
304153118
277894443
777600459
903286388
961445825
992643046
241475921
367995529
922591391
859780406
165097850
794598501
528056271
15630781
672942929
178135425
22968603
767751369
635098019
746607021
556372896
352001027
643155921
97638921
143083389
73650125
200421046
969186701
418631169
354868528
46126703
640008361
441845844
620711481
136843241
612774686
556593441
573905509
835905255
97070881
800760079
519814217
718068429
975555429
830589241
56687346
301521095
662094767
657320573
976004867
543674713
252905177
150874017
632906057
887244273
496588105
162316132
47018697
809437466
922351701
45912161
478434011
305405517
483371760
950786312
874405864
730475231
134612481
176962537
232858213
589254087
899327731
657874627
898413478
487437649
928208381
580599651
258748877
984099098
607129778
491947997
575679570
10807760
701356499
17413169
578156278
959675413
792648701
374251731
80326249
610339245
814217481
181364361
280102109
281699879
746795285
368119601
126879260
214288341
723436192
615348500
575408171
52264376
871548873
292766885
834741961
711081910
457164537
138070137
46894729
907380833
363382917
300095261
81001900
448484201
797617229
671045731
367569593
760985535
126118339
865534183
345115189
478087693
97986159
97325452
41477540
891269717
746595155
724151607
87478993
448484201
987870271
639379045
984299833
310285959
14523596
242360935
680421707
440890572
35259609
671385186
75226301
916789287
915894105
880850373
590104521
86294017
692865523
786252219
574080746
124707379
23350161
248921113
653650293
492467777
956364593
120746631
453037409
572834581
906681361
635669711
751026545
875695781
443702451
476895497
854079847
571194441
893588235
142950881
70176123
33600309
740222601
96965071
212313987
136025129
443513601
171291125
777829081
400010904
38159933
94249939
592291294
57195061
383614405
718656253
512070511
631077166
29076765
474069931
402323001
354401231
725891241
1483844
198114971
277525163
331568841
583936491
532637835
104771561
379746551
513329891
131868441
384502800
122878049
430097221
506493710
818109481
499513601
438972821
622618045
990391585
522510921
274765925
942469862
932851275
272951981
18441569
792761561
239329517
143332209
302198136
105049925
397116047
944325761
466406003
502125617
472312945
698654259
920891571
829073307
719656861
406826697
280238905
910050225
386810179
227933068
991345493
505872173
970691957
904186039
486019359
179523221
583864193
263403047
45912161
599632577
190290459
848061270
608406641
291783037
870635591
806434676
956226303
529998501
514192041
187634227
628884693
525103678
710901432
492666648
759342647
16084159
236389937
947160789
391252289
444456294
478404081
989788676
405700788
506180729
88479326
26039562
569898173
834098610
937661741
68768741
529504010
318916009
570185376
260195009
503343009
350645251
82533865
350489041
608767874
488114081
327258893
255478913
549680369
366913488
156501561
760859905
136074169
801221717
998395365
306053601
200471921
324761141
385663531
802822011
851842033
27380103
140930951
845950338
381771318
383697153
444532661
121691567
939582901
971981181
796478795
9328063
432582172
985921804
177451477
504025465
632652385
303369384
370094146
703387538
726287825
21599591
879551785
878920799
335034135
791004398
531280873
123831351
188051510
433177847
293635274
117190919
24542473
332378050
692437501
439318945
525714957
662313661
262134423
603196535
263673745
671243621
582954115
585026772
876704855
396423163
559217643
769176638
880876201
348771453
842772906
410375361
559719923
630980465
795758377
651573411
9550145
472944513
772757665
863568911
272956073
257377245
926879032
221991527
209721955
610892832
958336521
413746041
750180537
78194254
99665761
880278715
410598073
412492251
869068071
806926521
873310451
667117837
229255468
452918903
768443864
895637511
277925451
190580981
313687766
385507347
308183396
671491469
799373533
105338649
591892867
63487540
586806381
921704311
808817161
717564373
101146991
133178487
986444353
196203157
80698190
568732290
287505451
912487361
687843877
186706903
393150796
355561465
522751385
139110731
351940151
795043631
986791326
691162861
599495713
979070781
250912081
308933931
463492505
213569101
625328628
402601228
248772142
918120093
186022051
293999643
577889067
56086245
219309498
904213259
108664895
798676349
804800276
342741501
118567841
412296621
610030983
623682145
122668701
473970149
711889505
433832175
853524595
585164882
487748625
317846270
820089863
760008729
231090193
718681530
133071705
895468901
963318932
718028996
222618265
780149801
932459409
49281601
910773721
55526411
490307530
277017931
315573387
72939970
641850040
51702924
715475355
663566969
253673909
519904971
42073489
537982001
10311203
599421495
871869001
12928926
217203627
173114893
213177485
563180321
817266482
161833337
16522923
267195373
63643105
348623457
933265066
454083625
803352033
242254001
14587461
685821913
876785348
578004001
582405979
894339301
115485270
984984509
838212347
754999011
491588301
748015941
73725308
113519560
815799285
508278497
209406441
91119757
677587887
804717869
335483721
747862968
526105281
703103021
681786033
935579481
105614293
312861221
736972704
944805411
604190702
835552256
908095721
135277157
114835273
361151331
901792723
202330439
879613353
709075431
912303201
153658465
320059058
36314387
400750117
219063465
909023606
898361122
117183201
144015016
274737691
240739115
699114466
867084726
64723730
412670033
247431255
679706729
179436661
81998447
330001281
533029451
612640295
568935943
457240268
363863961
249432123
211404919
676402813
966101270
313626021
773202723
3771843
435899226
165202785
220216255
392731408
908430222
15026096
920323012
946873509
127583006
198951089
228932063
603151121
846719276
287314276
800539752
20977033
73516817
409206671
656471299
94606451
36597241
293625085
34363601
539048381
577756970
551874606
891457361
797434197
457572691
980908351
914941625
124810209
940482401
814572601
744330261
804749241
781980305
668127657
831044261
824598721
19481223
2954477
13729251
682244030
339896369
372095669
691460071
212827603
692907793
196335405
680115231
253472771
508962085
217143049
278398673
723823221
883798971
795720201
283863727
928123887
940921523
253822803
49008635
335101084
459671357
541188267
339100000
924308053
151813583
889731059
240279269
454559323
200708647
438572138
641241421
353041146
326913231
328405950
429559161
816652385
770151029
658697063
850641056
483223830
777857171
335654601
894459483
500279500
539941301
263816673
988496501
191988001
629331452
22943535
251122411
803987263
837098615
199014197
804260809
413600813
499432623
839610970
488390961
828739425
936156753
845971745
864352944
933703935
644900327
901530081
816045373
113724225
760122721
283909821
97210789
831200371
70504186
221531322
61051185
708418841
170929104
903820874
902403481
691790675
363033404
890836433
548686505
775280051
719175005
228516320
192960461
70679971
968636101
975832244
829664416
884905801
260759679
801013031
129167315
538662577
530963111
918361087
882819097
927816440
794985595
885506849
423253325
479706195
748142271
762697019
276617677
429421829
321445487
210800931
752307837
649933344
331751920
489476570
774722102
688351193
303444241
93343409
165765851
419046537
379169311
580543547
133134361
837603037
784821849
244106545
710340537
26829511
306580925
808603446
982470567
327123501
305683893
896940541
726526112
271764173
297054697
840470361
776897309
512016610
831262486
285666903
767267782
868218839
980609345
332191187
588390192
910696361
961533269
855640173
275509968
730338514
755011173
73156321
642057067
589759857
50780476
860670842
813044396
204761266
156468618
631667393
347399299
317264857
399508671
753168845
20995861
922227265
72163243
82413921
683762692
940079093
477102317
874791841
571153696
97808293
790669815
39964881
985367821
905264874
466925001
5923377
121912415
333180947
311993631
609267137
620741150
110264689
419430337
808366204
787738481
101149289
788464575
821997992
872175611
373459811
16081146
27741251
333520612
116434604
684419167
605135079
722373626
790329164
688877901
188976813
495470691
897747308
108945923
994041573
27571127
685138819
533847969
229265261
168178006
170831765
634946937
431805489
479379545
507319713
853212336
514045755
709040121
426712881
685505577
404855535
851885703
324483134
808057261
814572601
751502769
601268851
364554705
548907601
557938261
485483009
788091365
591591917
937078735
981990625
148758113
725763263
274644193
966354984
690832083
503343009
951674995
427050191
406113571
956043926
27410057
710924541
662778489
945354138
406525048
815381742
563198729
777983234
267151391
451156721
484756985
844836866
455353721
863982209
80554163
944850629
411527651
456342651
95811489
973410601
319747281
171382361
788238977
856773901
197142579
496811146
404286931
535224783
643379049
402317289
379844239
791708096
507835697
253647321
76202099
556081689
116534597
782482493
325712696
922937345
36525228
972294569
140662921
420354509
142950881
683422936
571408829
571841501
243862501
287467951
569575229
52996339
423172561
50529711
575431151
250968725
592912041
604879143
410369861
373802821
27380103
176145033
36855681
810624513
292650785
588251645
342863839
162425025
283734769
995916356
120042577
318676867
286075112
574151981
435570561
597231633
649839302
542170073
504345937
931106369
52947241
209091268
889881001
729333493
634231157
593551551
90559590
105856946
902475889
896281037
403680059
304808696
534968031
234717026
840747022
777515345
254048729
513817881
677080218
44541396
548113021
663032673
293097747
170093561
261948106
996438976
961880126
911921493
655623287
155575209
717549381
218151039
586965625
266810181
713306095
429030345
219330330
654040551
653757365
922227265
963871651
61725075
430624065
797633786
322461225
498836511
469161823
357841650
257839453
529032963
138697780
610030983
659701479
604654895
379016445
553005001
744506007
136701662
72886829
213751501
114768307
996771440
907236357
569283887
758404931
781065929
53436147
20116405
940401281
433541217
243503897
5965998
312102431
460938617
98658708
452136413
149329663
270899517
746238801
57300841
922226853
107026810
776511699
328287538
63291755
221401445
871038165
278368261
190084251
157405413
337969533
543262321
793771191
301811142
675494496
225376461
983617306
788859217
865688651
703773626
291161837
648423256
624155341
803011201
503035738
728316039
63675246
690227309
176998925
423522358
866473769
831840104
213601751
384418593
644551507
898097817
422253061
77458571
14627893
911459963
20423507
785074791
212954204
606956326
790436231
475868605
897694005
478207564
323134502
300310013
446911393
607780793
823361917
946416451
584874912
189393221
748990625
867191491
730399561
340725656
245791011
620407936
676402813
801386751
385053741
544128511
745414493
564797973
734938221
482374649
786134570
982556173
34062113
601804377
606739981
708807603
392230206
192588851
970169859
884223926
260536041
955284427
700577493
379398508
265588351
382203719
497537147
776021178
470169241
90763207
84514187
754220119
550821171
607921158
2828293
485446821
614334125
429960367
188040413
404286931
794154073
394122421
878185273
789589157
599632577
402226018
868218839
179168181
72214609
493962199
769943581
559371619
622695726
914802141
301315123
724410645
73843817
497911886
74454421
625576389
283753477
114471890
637713921
766040026
67277631
976722619
178561153
513817881
627934289
563989301
922215121
626874713
619796162
576667251
544111125
155862389
710843181
341300756
794462449
314597664
424913802
475611282
749349321
135784971
225842860
166788929
29579976
548796137
750602741
95253681
939816745
92961021
394284963
964928343
136261781
410614031
397028873
782807201
850917384
545214937
785303769
964911031
168872571
623327326
439482622
842370804
434090677
879817362
548864821
983176551
646600173
662098105
776776367
934554857
798944407
162664593
840147625
482239907
171331717
383397031
425528721
402862581
406129961
808373407
144758199
187547465
478117111
658635105
762632403
485508957
483067605
178367145
532754557
662580179
308306557
314873712
689522339
527614406
146956711
606063951
63734426
882251125
125742289
418969473
516255661
277751167
704063649
706697516
738623099
162614201
858662501
111247201
478602408
510266703
522331601
186126499
69536173
619829171
143091753
836397766
461564501
421037925
648663808
256677767
926789961
7662762
301989963
940429485
351757001
263256936
388808627
194405696
744101801
189671444
390860717
317345966
564830899
521023361
974404022
815244154
887244273
344799054
19767602
438063596
865044563
402083321
232855566
915949261
219751517
666753556
121492511
750080614
457817439
272043121
431249020
919692241
490904001
904058096
252759
797085614
197828705
453021041
973559713
172228363
228689917
724305671
539202365
799835141
516521361
302817441
378290105
606572761
897419477
608668651
611373511
2220021
601330545
731467219
698479476
526164327
345590189
976971161
788883264
96370985
962518229
734252011
127891463
178045778
183587529
225831641
411713241
832435517
50115349
237243781
716951988
703140225
387153451
592401014
298213953
112575073
409490346
950650751
966520723
61172519
589889349
197145324
55394921
735452959
187672873
101144855
88120393
961183054
832577044
121818191
106175825
804905554
398367454
989847407
215444633
633463949
991015861
829074389
746478685
108667585
753490641
47885802
380731622
6930131
266473417
531387891
601510053
835905255
405158881
271491841
234394874
813186103
875999755
8356456
259365711
310580427
439507451
489569141
581938657
57112691
514745149
308959117
379827771
282876545
685631121
324805265
976971161
418325611
450467505
390729131
316042917
49551297
26839364
575769427
445414446
556015685
649660465
58266908
204588325
978740427
537026011
403250149
653583537
936810977
637636771
936841966
379751494
270646538
170391951
399023161
758386221
771170521
609033061
812267545
806893997
477972465
875580853
916750765
403111441
989803611
168176521
191538921
35989015
669657508
480398004
822723517
335601111
99871009
738997687
448484201
970262937
937369535
609123783
486545411
941802391
261227501
721762885
178248755
327910247
738721653
175826719
373303006
70646947
51637038
945800361
745567909
438686109
214680321
630770473
741823495
563038563
601330545
300095261
258615159
686851317
40548273
556387486
681890101
444857117
373836361
535178681
814935764
717136369
177746985
843318755
519232933
845024497
904936970
233531945
226537991
526415131
227134079
382285135
690770751
990807376
635194766
715491001
738003101
105210251
324964057
931795215
782490927
761121001
645978345
120226577
512788386
945521749
182954381
887616117
685505577
122268626
760867399
663760032
914731152
425165921
200277081
24198407
358443675
409263977
785322761
358951499
497880152
728733962
877155953
8599939
40843971
115795216
549645551
895617551
327408501
969381951
863034651
624326611
823272121
219041246
959359037
144821597
428415221
253431375
602887917
676364661
356308085
196582957
12200060
35206997
340618117
694385725
722336251
966458653
290255101
840097259
148967493
938969241
55859857
152170001
318561151
835300038
893066241
167908515
112562671
418526741
336378019
218803327
620488617
710706219
30418111
877897059
813980723
494578333
722243953
770219841
118867925
310927141
945232925
158116751
871118981
323266911
798600953
705047093
810720338
319594696
496966081
59022097
365759865
933493225
551421160
371723463
58769519
3304015
593456587
368378409
767442371
264413121
986335321
945688685
667885555
143886331
11822198
449041533
630616713
271785649
799050227
9273397
754363025
678747537
548767101
566253309
673403985
789779841
835146001
20818959
913769567
611969257
544111125
916722561
237106551
379841268
942130939
235058575
975708415
539216873
707458151
599399941
787499145
417819671
949489229
343682269
594597351
425141609
320509716
365820297
298704472
792410384
359458523
218994197
272783393
858052431
5473426
401576741
993827435
336680409
152458813
548025243
554970461
328466073
187799317
919781192
392433541
181524451
115540980
685939961
818560819
375124367
672629116
102519457
978298565
959325964
746238801
968683037
319309161
43824789
975875869
744446712
876846725
238845053
637469616
692716361
930828239
178971117
930934261
445934539
148224151
929800505
247155709
671858105
389951140
937160491
915544607
849029626
94079613
532631556
424292885
445976341
352453625
940104093
967062729
887479829
39964881
408454653
790964785
329904105
777534351
897639353
294828148
257933753
732273809
885931293
619012539
740704845
433518873
323892389
739439701
226439625
202156021
507229419
618147871
223878044
545656403
780317217
742823721
337538079
40502336
703328531
457322997
175289681
137867601
901360801
869813842
52833667
303444241
736753388
408395885
218957379
620467091
169569402
839000841
467102526
347875731
93628205
549545811
125909205
31258071
245208317
99204587
328462085
803325561
624863299
857143026
564081883
767806321
306142061
296514371
302732597
95811489
800585201
749786034
917469438
129492218
794450375
75262149
591931211
247452026
166816641
435182865
720932917
855002673
921810854
671480153
198444001
239780541
574119333
737284542
336792121
987446201
306460103
491882542
111038341
944040778
304087197
600023929
138206412
374862417
647162861
704415773
988247276
959347837
419210123
982479976
901533197
294617813
961960603
297418969
558399825
509665416
210132539
763218969
795789760
62170461
323016929
489496469
526420731
504213901
398986345
952805329
313768921
968668145
360031651
382749139
257167855
233066567
678862373
339861114
661970881
345085120
262854851
535178681
404616811
131754799
559947373
480960353
890008501
243807251
625696793
661905472
395227549
133197127
10427153
847631639
711781963
32301183
599495713
913856933
6019409
406758365
6459851
584066822
742879353
564512193
143122889
665942945
250653257
769792965
279494658
755273585
430226053
654625421
436339181
965137439
757079691
655536129
642121609
445731765
493373857
198229269
946624043
959216481
451261133
376958260
887715723
881782546
203457257
479654351
129676916
463623474
616722785
309089847
17939575
694682646
654833967
582359535
159294403
86927978
997395819
455475701
559532003
348884713
893273606
300886429
297469047
231142641
930759384
433192829
10554829
126847709
384097996
593711405
336437027
590096015
351757001
694971537
808195513
401649025
7845041
517041585
689309973
779078145
392817138
997746152
577669991
991764353
963397824
990920786
784985190
931142651
318079561
314778826
909447817
999908251
422745876
112710371
681843913
984998313
972686693
572818351
948217351
812532521
557125493
507889167
702564684
116491631
582136229
65091129
419826051
388047961
408443761
436126429
123746911
34693787
835489702
104051923
198707057
834179661
801309247
232630105
30852126
161831531
697334386
367076931
644726529
904931825
134325119
30126223
130302641
399251387
217423013
765380501
399164815
976766853
654796297
134501452
355971883
793351275
910830642
410044965
628384531
601056184
329572471
96814741
204370516
818594089
835943669
691370441
795294408
510615609
65904951
802117881
802086409
775503695
9273397
427575329
43488417
380481103
385325108
930827137
862981643
135696047
767100981
445742109
560343911
903593047
368119601
38976055
28988051
940079293
883365369
102592583
505865351
324861765
181971969
789589157
513999601
203023251
616722785
606420803
335566423
578351601
926232265
170309201
92123907
649258987
229842241
159779965
420354509
556715369
819389791
515342289
691555388
84100756
996654869
1777733
464065313
620301581
206890659
387711280
661720909
692689241
329393988
455256116
90756591
210437005
894183941
82927639
477318693
955291401
689429253
249890626
289804361
631003889
44807466
478369829
564023841
567053601
412978351
125800852
794335821
896372247
302967266
48623111
301165581
974816909
266895873
659635627
258401379
64204139
654633755
404037613
667262816
639262341
828539141
925252976
697883182
514639146
574180579
944331711
12001401
783313976
96649594
709893373
445744178
503071171
258699825
385109972
718076163
360933501
876899785
362563054
26477285
449371402
931106369
242942772
873492303
220554339
678765379
25109911
995390465
585840897
330031259
242027081
142162094
859169655
128799320
51463297
511228471
1722005
272325893
228077451
344056419
97693885
650135311
606052399
17146181
726185731
179746821
253519960
249370537
924323796
573577221
286395857
951089088
140037534
690917425
319318113
151233741
868073921
671491469
386904539
618337857
188823937
17475153
585022021
292811817
128462353
670423677
340679064
781956965
497801658
866473769
562116331
370128487
388840261
104532963
945038311
890008501
683883673
701902049
913498512
631003889
726988228
998055690
492557237
2270721
653734617
384836001
81018583
664134685
758291741
494618809
70887481
347336066
204096993
153801599
246291713
42417478
485959881
989640363
620019265
774948854
462521061
134612481
707752883
451054845
219595823
746563343
170343593
891194991
764905487
489819201
770224858
502084453
655659105
112721911
276189441
900610955
163630791
990892461
893724141
845757601
82600313
301822785
166816641
163666570
148341801
439413271
201650773
788929931
465837909
417512983
218846919
994779626
884843883
832837469
231486771
721320323
967906491
388281010
58400224
790486740
163119619
28264794
293656861
181785801
421461909
194642047
478369829
391623403
535839151
673817921
29076765
979464726
100018247
294228281
666685241
742322641
535744073
39294386
432843361
829616157
736169049
910854180
976766853
123610056
979138473
280679685
869820291
840818637
128462353
466809805
975628439
452464049
789394535
579258401
51265096
538769197
730862257
996298233
628402226
730685636
303681733
510628133
53723611
273103961
992804261
563198729
739956977
972761194
890688141
542334916
398471802
229122821
270521841
11028483
496426331
816737209
168608767
858852108
167348685
567363837
251461095
467471081
693427265
366929985
757912933
315265453
250983925
942011761
523077057
401225365
259463683
112924581
952908127
506918181
580592309
779730171
133647259
620019265
530088281
130732489
698929913
554535301
868947421
630605061
801937161
281564781
846922661
459658552
164456861
323783403
607780793
794154073
294986897
126319333
168169787
501521369
312822721
199762567
804226934
951941591
995260289
658745053
872349151
588797201
906148695
618640144
69638098
823256416
932606625
510891736
612832229
748023213
646563779
728829173
316676921
782807201
294366313
686079123
755875135
533114917
830468833
590912475
158263123
501428379
226428169
702202841
560272897
884258785
803469835
104254437
241238701
648345927
970106625
587563505
648239113
680750707
177161481
758851411
79915201
999781905
564083327
29060903
344296071
144143981
329546905
733732391
222618265
953568407
737494225
335470925
462314627
557179406
355147653
335687231
283178870
629816001
514610793
590205371
822159001
231001073
276462278
938541678
609088545
928018346
912878193
464258332
305946321
770165370
565805429
167225926
684160565
279224601
192069184
733296903
984425690
970446708
248471765
438729784
59324416
387498021
392526605
466830347
871947811
598789745
504631041
830607982
622912361
453018781
276116661
221631105
326824147
737451990
244208769
244106545
282941195
715125217
139943714
116063889
260715511
486978189
965197276
295285077
517462699
609645746
132868463
326647768
111461111
791098121
226537991
588194517
327948617
97318631
809564881
757829331
641954140
294563055
115529548
694272231
511540805
447292894
431041109
968429116
730163162
728492623
41994966
155432775
336792121
324742325
358995841
384884087
750908585
223995185
289490975
467996361
74869881
160778436
103912383
825647162
484406535
772865177
704024081
645285747
391718939
878193681
554550189
493710933
175227101
682140125
154424074
542170073
582543641
113198175
951345013
729802837
495190241
221616569
980172323
322917231
755875135
358409453
96058030
484277466
861738410
790437033
593590301
156709825
516315098
211840877
74766300
835714659
53915501
123549647
718925356
407574719
485251333
325590243
596718143
309611546
948574416
577886011
881699167
483351119
58142815
86373629
270016933
587442953
93744405
698797077
968531936
710427898
27805550
28610879
511854213
82345291
317878431
327290357
216351206
898269792
177345831
503248177
316554271
233076273
301178753
305117209
125356023
563583107
97070881
95882057
738995595
922803661
835146001
539699072
649705391
738008536
59742279
542346707
365708957
931499857
842750853
809294721
461963397
335109697
126176520
936097127
175006895
379215889
569331648
83314497
894902885
876553063
434156209
789393393
795603271
368994805
387336625
798135921
733777105
864166832
920172532
852664337
580500737
770425056
424500431
549004409
844262831
245791011
463578014
454283487
305741639
865886541
23102977
95684397
186772963
568513685
689283922
861652584
740832179
897484587
170468231
584311881
950931869
862554491
666554636
233076273
720467945
69082377
460242233
532556081
104016346
666977296
601031251
930880051
99665761
761394827
267751690
200858791
69291926
976575025
921434416
224806611
115521549
434216931
35994447
637065871
801765861
612615581
426065697
81125820
933263789
500814200
257161206
918147245
724410645
554072741
379973601
959499235
438757628
600977701
663566969
124610065
667971545
639339489
861304313
666721081
768856621
120061079
728642961
160922257
642738187
797060105
239562033
270951671
155868443
561276845
301521095
426620649
571441453
512417835
499811241
98316505
33145521
720932615
713101481
127840201
704623426
540084701
224463041
224510457
809060061
535354413
695569622
80090381
654677601
934804840
63031793
310218441
273503626
265509807
307010105
990068441
847177001
703816971
8847859
554158024
192258281
802687361
913846277
203491653
966446651
578106761
647029635
577017151
236916131
978844101
991209206
700960783
190836893
97693885
518350435
241954687
580198741
370483473
465599826
25237291
682408001
61051185
145177643
214660901
750189724
103509417
165752209
351122066
875580853
319606881
710682665
351359651
552474385
58715876
754859471
242409979
30292475
756525799
524195722
366646091
971756521
781035329
2954477
447426971
623544756
396180791
720956985
112694820
711334659
451261166
954422633
400139892
241316085
166475956
679608349
325081417
840928717
142137221
57515629
464866471
857345975
625602655
170089929
915856497
328758452
704165507
709833689
793108753
678156677
21766103
854550289
682763187
360020553
56267041
809068484
957822245
446951781
299365430
813322913
747271041
959347837
872175611
537469521
448143903
248820669
77773625
31689561
643642161
730593347
238965845
284660483
322168347
700019719
874499733
383422226
484406535
71397535
590211561
102086434
473231302
932552173
278576260
595543497
482937586
110697291
155284563
490537181
985803695
215363103
79627752
868808601
597417947
499846917
768466295
392703037
255763685
292073507
560193457
73969697
542521569
19719857
734568133
302256036
748846726
281125848
599754326
257933753
344976381
852252419
71992236
464065313
552364851
210548097
215701177
14983838
996669843
878939453
139201381
282876545
910125999
245082887
853707140
423726067
212706189
340481649
917930381
814501601
456108531
782767409
149203655
880561836
540888826
8085289
812578169
576181745
397193525
430097221
619100307
549422930
39495215
713216629
144430057
291593001
325521253
67654913
62284561
983977597
791350205
845368401
811576057
230326394
408342035
111838051
526804318
236010101
86336390
985803695
131435089
728791516
692895129
798179705
402539048
28661215
373011449
269559873
813937677
98631073
733732391
80404121
433518873
61852976
665182003
178561153
558136633
518230257
225266701
517191157
610039203
442538125
394875321
370384409
953371921
742879353
311321905
432920743
714148169
691818170
275627721
57574516
150738625
471974405
790867281
629721489
829875387
811389265
360248319
288608785
868440841
444169189
291040017
509546623
363940720
457456205
903809577
733464661
678961825
950804950
290700071
418966252
102485925
643155921
336542336
114659793
764942091
209167113
130635923
725921271
258060696
511771886
503227406
334408145
597042269
475337226
211068027
901646869
243243663
210548097
439515711
711889505
707137728
427354094
891841816
478110070
352273471
247492703
460620541
12271643
926789961
348586433
18216617
831396608
479634974
219819489
314401882
76675787
499044480
479815425
631416141
237348917
457979611
825754556
246887967
584699741
96290904
965980616
52628936
73022435
548410788
720467945
792693747
708812955
685471713
78665389
352792088
515244295
91505951
121780016
80725748
941159101
695457856
382425113
796089261
990864821
188463791
870488771
711486933
702248582
762309918
129796346
577212769
44908713
169717681
869942562
584299351
136582567
704415773
69829175
406653447
541661881
239073398
258836533
83244801
919666495
773360809
501122111
516253463
645170391
439698271
82999261
948809662
808799645
677086931
931424747
447119940
297607945
834806479
796227232
538677771
108873211
129118917
546378561
81629701
5363635
86262005
132727417
354049291
204439853
897073637
630806441
534050067
16967460
880850373
478803022
907158657
467442379
819407595
16746373
648390876
618147871
800264261
415841031
754515223
880850373
543139799
353680173
600128721
618771127
808373407
304885699
224627021
865789883
695066585
606530721
57643309
143639643
415366576
852940471
504510957
542346707
400808751
782303869
279224601
815619697
152440290
718114537
498510847
849067529
354474198
523968801
552344451
773010751
66751039
200211358
302945385
674244601
922742003
526623241
391490069
402088423
920285849
215944663
250878173
830604886
881857951
956629898
736394783
855891893
172547941
505976969
81328005
622165083
806813882
479439453
90390441
704047256
346139277
263729001
42291810
444582078
530129476
940062397
130012785
726736651
131602954
653316833
122165541
221397705
64748184
903408187
384534966
241368601
852642713
594650801
973805886
873446615
492216141
806735542
687500782
87070473
266518599
8278001
119276536
989856665
299890833
98137581
332493793
546291769
970239501
351307165
698654259
372898281
698611417
934828051
194891351
833020777
888801672
825772879
334367651
987264747
524793012
278715175
342533053
527049325
171573303
192987957
263523868
799605553
517221384
60880857
129269959
247596369
638405969
299833187
73410211
905686746
796620109
735490461
564800233
429768911
146483849
141732977
436208133
596217790
857728017
928020299
620273119
941506122
113545882
177383131
112366911
963871651
728642961
276801961
254890471
271920153
849576109
357104401
672795085
266908806
297145949
883198283
882386751
361151331
641095239
67896385
73539113
80174529
691790675
868635539
3570997
510133601
711295841
291490695
150626569
283043161
197892348
285001181
469456371
792732350
918135485
156501561
142988539
250710853
701940159
539050326
442545947
528768981
925264061
693726074
694304619
614383856
671250249
611575477
263680318
179556521
530415629
333303462
626594057
559532003
421239485
367569593
928571010
127332611
600023929
875514278
897326061
867771955
428074224
926610176
590838244
473395867
718651953
837308656
371604537
697267311
411896657
373851202
263006151
500657221
85502453
102823425
54165608
628674345
937969235
273700691
927498504
954478478
611721309
710706219
479700968
459603133
261235536
648012901
31796497
241225119
179297504
941413336
574840297
668595151
105234901
50989346
604547005
165341305
969885729
427407375
800368033
57636703
893440883
8648121
565138241
895845765
70931579
606477971
243911758
784478584
323332023
995326697
314348085
489320769
79513459
692780513
233496825
802117881
331763875
184124361
402076852
948540854
661451201
984428836
739620793
223521266
709189061
646475722
794928709
877315777
950353403
674443809
157717134
315061537
971456666
178395880
973649377
417977141
344713731
232927559
823907121
591829697
963514101
808183889
607516396
839145505
485483009
935067829
276458441
105047085
522989297
633567625
468653769
433128641
13285756
647175271
615986871
640150731
563747601
135112051
623043685
665058119
890747021
962755269
934421791
756664653
190384207
782877513
220740074
121049249
654311991
523527500
289329186
643615881
50099046
530921059
365069478
680425331
809270886
859346169
429043701
575665351
284953406
893724141
506861157
899233001
238275639
321902007
525191293
343426657
836776229
620129991
557384351
82169139
365797153
197741116
186294777
56086245
580934371
705787701
491763816
870635591
715485174
473999097
264064569
98693741
474359679
595398666
959648801
828705058
143083389
750981737
634990033
751348657
913499539
511251203
802000819
279610708
753919886
52420601
225871381
292065763
996164151
493065773
817419201
869725836
549004409
850789053
192722893
389876878
989385457
770864196
376444473
317726681
909072917
430092727
586307461
727092846
73843817
201731561
416346103
660833775
216469817
250878173
411523297
935790355
825552757
927215712
488790447
446491291
149651710
105727761
920400377
608291613
783643251
541067635
220068575
204938597
840650701
961283334
47358793
77740744
184998181
595572233
18610673
799715374
439871841
616388945
123533952
428256715
860922291
505813402
904381454
735490461
557621971
82404255
13868765
954108753
879437291
677011199
79915201
960774204
898247734
227521181
367866129
848127873
627934289
420480569
983726690
749573585
328446571
200157821
675178309
130012785
399164815
470169241
337824846
11993055
170217027
163331979
446841751
633101505
129113742
816208217
262859751
748446241
108402641
13610282
175924039
687702809
840116103
931788229
539725281
39931276
171091751
321572065
362589221
539204366
319424857
619033425
93593607
580826618
905995061
77001611
45786715
988048933
26369465
729996334
964680759
875874359
669165949
996765571
588622583
95882057
82620000
88211429
947556733
597021365
16545701
601988825
409431557
242997861
217730849
794713810
364684227
315714729
479690546
981069189
931161099
528542833
700421236
949643927
307201837
983273470
74379348
28421406
276360294
158905601
169432808
969946509
607348931
178899967
753464603
119306819
415063101
20633915
85066631
196490924
955267521
682182001
515752109
377503121
595078008
778144405
532230529
202034051
476152865
44997875
534119945
541393426
71493115
652163761
796749996
326262279
724605625
115767276
552016533
289875901
974987161
316150413
178387873
156060303
352293521
807056503
873968797
49580821
469445789
79848301
464688217
624704763
727516509
429053809
909908619
931024091
954676795
401777648
404460207
51804515
618057223
957328229
609003303
940911365
318871725
515969888
926330281
38376645
542190141
956660983
840297056
847120946
99851661
732667147
395479363
68494411
976299841
250878493
376422913
612535225
208806426
557224673
304553619
789779841
434090677
755748193
574490497
511339545
204167040
201796439
345836665
808299140
901637364
249920761
130416286
796658229
76067324
466891197
275997517
793080906
783144976
893122119
558136633
341710401
758524383
676109937
530697978
883497401
209464621
872110261
232433817
150252961
247594301
171512701
577356590
525504932
824529293
379250205
627354820
81170183
142833784
335601111
718344345
514803371
191485215
608795743
386810179
737653293
68390721
22413241
818042287
467310429
385569051
165848806
770264899
502986547
575140861
791511321
772676673
507160941
196665915
36597241
814743951
916580201
568488240
877216383
135905245
788181213
913416555
96087229
969852265
224040679
327938313
300310013
174343171
406358811
406358811
71702417
668537967
829965465
970589619
198905119
92530263
394434781
451515571
291937644
315075554
99949381
84361482
938655991
886329479
592245076
167137316
297607945
280182069
550546321
985147031
572225813
318466601
310772721
968607247
396172976
911160774
878702501
73539113
103319274
408609385
730493595
639379045
291831618
193031964
340675153
861965127
984941118
773888
993849117
281850801
550375273
697388601
91303584
508850129
391511132
133782887
309536685
129191441
143995101
612725638
250553826
368955086
790718758
156944673
796941806
586287298
648539536
34363601
52680913
976967176
445348888
340753251
389065666
185190281
582543641
25828447
93478601
728938511
733395431
387498021
884187091
320559777
830987369
366355938
172260197
39205027
211369391
482327806
412655049
168872571
971905541
768784249
468326923
937478110
561188073
928993869
783267241
680024886
718877657
40415597
517231363
644451476
672296991
321417441
172706095
590457356
97584461
655002273
668267401
962518229
60967403
114857169
871175910
71618761
597058003
115671492
31588029
190932729
215796201
417268833
959108116
725456777
342878441
354071251
134003893
376265263
548657308
566399989
190211503
389386855
510455137
924348537
813784815
292788151
761623137
977269791
498419371
328066197
921095321
465675769
668781726
631644892
935128403
446273815
123544437
152691251
485572061
215240731
219335570
100705698
579433695
951164481
249990805
682719205
672686309
943220557
781713876
275997517
12486927
683400287
295335893
982310196
147901425
487512867
195783046
216392933
694971537
58405509
877182061
63305601
632826239
70755029
905622781
229585119
868348477
412650199
984604629
247978205
473363990
147586531
418398585
739793065
360849209
707906265
245713511
994003267
828535462
355751661
891612281
691840357
649047089
577306901
557578785
236018601
450745383
803352033
365121801
903887033
782494209
552715083
620563489
549236913
606689801
7847715
217832229
759829501
941077673
621251877
664252721
495130845
215701177
872663485
609764241
833796828
372220325
155536113
715436939
3811747
712223456
833937108
108835313
210450033
927030905
305986286
166660785
152797213
478771593
666721081
153801599
970653707
832956683
714556122
580031303
74492857
552955803
300613791
970169859
409292687
75584193
634491735
996600061
33777249
668537967
99774473
607206985
567741009
604285089
571494046
835851889
768943617
917868041
537730129
125740209
641488485
776660027
31209595
835273886
826382650
931638917
239697799
699704001
101171372
903276003
230770036
176400261
192299601
707257811
387833155
895452053
722610651
398560207
751770653
820866961
986204901
246910926
346808151
776863331
804100821
385820029
452241121
64002465
100659549
224115094
992851905
878229086
35672036
58461215
335882805
966398516
507284367
371779289
821569381
825402593
346730975
632975601
194470911
403175829
753540505
511282491
795758377
126959461
118417055
953608763
66480389
465605027
4330164
52071901
924308053
590308371
762316051
253823027
25929457
577889067
847907849
970200537
564850025
887863985
610168501
671404071
382470727
177565207
907061033
271591327
171436237
148223583
100449319
573577221
759493877
406942681
713347465
549169689
554631338
228605095
384042965
907086619
415333601
14418013
861765049
491356791
150524306
552016533
732174225
614812001
220896217
934821046
252106849
381793787
387881215
111585201
462691373
897694005
404257865
35385849
222873769
447903651
380008461
44887386
93294081
309770421
865687378
733373883
562597531
398737441
441552469
318608111
120042577
137691681
507160941
232413651
653752304
113948901
575706780
852262273
918843501
429766201
384917360
318754545
704937907
249494309
83150543
246079245
188757473
294482899
908789965
332865334
902342815
152329809
839327326
678800793
422836919
977212551
671250249
185602788
491617055
198493171
855682539
868934357
487783875
959475341
788769137
853524595
855084191
199357905
876880559
282599561
939299891
89185470
74222161
413601156
585757293
34878311
229480128
422321065
19737057
193055595
520508125
853566911
635918236
101238943
614884457
229520195
36275685
800760079
648856611
795527438
936370539
991823173
526630389
305683893
439430570
607869734
169097869
666425288
668601923
348667385
850767055
258748877
753403716
45726610
447096880
44628993
524062103
426620649
473173992
282718081
558939250
178633633
129198899
810881349
729411031
910219126
887398455
994999133
630138768
858133125
819400317
337395391
165545761
329709651
628571030
947220665
60009721
829618032
612018117
436694205
319361021
364208497
974310620
422120535
557621971
751361377
547290434
610076826
545790061
518085311
505404893
109164969
653580103
993957521
309798249
136152854
560339912
332589857
454927450
285993615
59682581
451669507
123060760
535002464
673376001
707134163
787616773
859451381
595222864
628780302
250839643
702470702
718409257
508640279
534534961
746300669
974250664
318754545
601175453
404617041
64726785
179568853
908484321
624713231
306829599
925782570
600734109
763946361
986204901
318629539
372502046
189835466
361983417
622161701
883505877
934523187
748512717
202037361
2215529
303681733
673698430
404257264
769590001
155772871
213570221
633606731
634596523
714293157
597344666
913659099
889374579
861556977
96752077
75543257
30398057
803751441
967060089
96590976
72512377
348038523
672962077
596612671
776132931
331136361
969774001
787905757
707969432
840941071
661976176
537015705
470422673
995680157
958102313
995426197
793771191
756606296
196058825
423045777
471928931
456297271
400587053
552802946
827014793
168914121
971025984
324611941
36207665
951590023
458065361
803263871
205629821
390875188
826642401
727530104
988840522
556007481
586539901
507555481
81583329
962319901
45651683
550781086
348735059
226245873
114857169
626630281
462893531
811920456
619737555
698105136
49871053
618057223
689172411
296843997
330838236
390213956
404037613
499502657
194077231
377060907
369419896
577560945
494208663
633142112
136564641
797283138
538508307
745894322
959372631
33551197
358321697
706536859
37380673
791003817
178431561
26666113
132830873
459559559
154878421
503776579
553944830
311191179
753818151
8065709
918511343
473762733
732580849
774813381
573952391
926242418
681964053
10200702
949450991
600802901
248907623
186115842
216424292
99577033
440253041
388377653
162306083
158495725
602708096
883370001
732853587
134438241
984657306
389828322
833891651
258306525
540283401
484323114
18661783
320936892
364973796
783927467
619461773
131501272
176612000
149821037
517927073
938723477
138032949
274539001
685516401
174606987
612563356
884771641
836497353
943204747
697842528
141732977
43454901
50411405
371786143
168679197
359458523
319263621
219063465
110216571
114857169
806930077
374698945
516100293
257610433
899475606
383118727
793825844
800638224
325836802
876208857
720467945
494737871
887965617
924279190
374560564
823361917
701974480
377337539
645925529
777217351
856320387
600489711
322085291
681711601
992761637
589610261
682140125
52596132
409864608
395427576
227437551
501388353
589817827
846053461
707533626
225551807
420020064
101149289
55193380
569685081
183044251
672786373
333461969
329709651
798932825
430285589
65603653
936900451
971101001
990517831
563553601
13473069
312851519
209925019
424332089
590452401
980686343
362497024
426355940
983823466
662778489
568788561
987385451
665721244
29370960
935001737
792061026
205819610
839048167
488648855
974524157
470782045
301315123
887281689
751758783
922446885
672420121
771796343
273119448
490019837
13826125
954973915
230550763
859407819
384830731
206665593
27193162
614946141
171826771
77527011
726163201
624294507
168328256
106503601
668414293
983476213
394810858
309798249
300688907
709420786
912314701
795998561
254048729
821292635
730235927
302974803
453743870
388073583
966833233
540632267
283261879
713145410
752765661
43488417
44153889
238965845
947183045
124527493
340354369
82583129
790437033
493373857
742258319
403085395
830642446
674465061
113046751
368119601
403565997
356558781
155221951
394284963
155772871
894685606
434423331
373690169
876899785
435840901
274472073
957703389
499502657
865640879
565838829
709493655
927630251
735296800
205662345
640845598
264559165
13095813
245008753
498031541
65273532
608369249
248094931
81741097
587782104
3730991
880500647
197414128
490624577
740338594
262956107
374913632
724641081
798151901
335929521
374613161
802616709
766762701
473446101
174537201
962530174
499881631
618835091
563019766
819389791
149736265
520687399
588981029
722070755
860632931
912796205
147164081
716212255
942764483
375012441
811201770
207425281
310930830
826093581
376821591
224410820
826074611
640101141
451941031
661970881
384836001
158807559
976671189
732853587
185919585
707734157
703758619
285248701
36284591
327885913
626332899
725683965
678807076
29589291
502075474
6426738
101974529
896952651
546291769
520426593
531280873
28852441
689537871
466450973
212420643
560467599
821333054
720970338
341385389
292704034
676152512
48689886
72214609
216491110
454178833
556812365
791765976
516381314
426585189
915235173
740832179
1900301
742627501
753317929
881056405
741495693
523448712
453008869
185836349
458933295
301043166
693896238
354450399
689839317
745466997
362985469
987207617
850278645
682116041
356045096
860001357
800368033
661128391
139658925
710051692
291098445
170531078
910362785
837432125
472735988
843318755
385088910
262132117
225376461
146504066
760954291
867044851
373393301
91048362
779128901
794450375
44857286
212640871
886884851
949254009
126244169
158116751
589759857
177095779
319424857
211361661
898063479
203491653
729727144
693413195
304326701
922636749
52169011
771322881
178017057
713022687
361760665
151517093
975777953
585022021
911994905
182732753
691489083
571945513
445325653
594716865
950266545
554132986
813442281
144615571
179359861
689066894
162614201
319162647
302737988
109782667
996338691
414542801
289875901
822816446
543505989
620129991
732657345
147893001
631274261
833020777
832676940
827702987
885450749
229849981
312258039
591208309
4662171
866048631
851419031
50293023
311032278
548374209
663611555
478089641
366376325
584670921
444794451
836404225
509493773
79124039
204367591
46595806
51583316
769809163
92920169
808164017
379742929
894986467
533123289
50083047
734374087
167373545
877597621
971967455
456342651
970831381
662490309
298856789
108399981
988556651
66239037
717137977
167580307
782346521
603921384
618241101
73541201
248990105
439175383
354046135
137008965
161841567
68387296
32344318
861131415
39978021
840025984
795561099
219058129
692488419
831723981
812711835
998645421
58485763
975266017
916700371
194029281
636072301
963934001
69833049
678683867
910598627
870710781
813442281
241268251
17939575
345381814
369738875
621850673
818704473
17440098
223678659
138296111
750110516
648237323
758436801
393152569
472463551
638680473
122814831
307345146
757296573
90390441
898823271
488390961
979327977
17244217
825413397
495959126
716851101
665636674
609123783
367840647
986412591
556715369
39353854
120996033
674035325
104031853
417284463
193076777
292811817
44908713
996314433
649605824
100823836
395664146
929659441
327885913
481803339
813707783
794720045
406826697
975777953
93913681
664446677
502210395
363074211
398281415
670601791
719205425
465837909
311321905
935203751
542026540
13810265
118569588
805014291
109366253
833250251
915235173
908099153
903312207
454327901
273967937
455560382
694987451
605649261
128824047
267246706
883675961
553626817
573307621
606905054
87483317
249346965
828739425
320080657
393342819
892670573
110261705
552230022
608291613
481324945
130695117
120612967
926737496
290791165
610664326
989400622
728500674
242039617
708998207
215850893
232858213
309281321
905978216
513817881
37405777
645484087
354491392
638040407
346522130
595502820
439019697
821741245
489484925
195323266
876188013
877182061
640356771
901530081
788812315
627707411
239675631
774958426
756012657
572079287
353450064
670817210
864385393
889659466
238506189
375730591
540742021
647647931
27753725
372290961
360374945
186069221
663790196
265090249
267167773
573089271
667971545
852844965
749481165
57851172
744962647
29646551
254743251
644726529
50423988
940482401
26497507
597991695
704462885
990730427
580649723
429814945
365097332
863139457
297705433
515491582
126374576
963266565
92110182
732580849
181960543
435708777
814263721
495359569
181895321
252905177
351544161
285913373
271929289
892464994
524016792
23350161
737939729
42328723
319583979
130633737
202330439
905808421
668348480
449099751
230281644
260699238
728348211
4605431
810728845
262004441
745988584
850858665
855362423
174537201
693494946
111065597
59022097
184768942
579411649
759342647
30896969
311221295
384830731
4612901
851739785
656860403
176036889
794856861
778112630
15990354
82413921
2598161
114593663
241337771
343426657
794720045
326232694
872824961
908039933
879771631
151183209
867017514
152374093
394728442
678660859
649691809
613316721
431041109
350240801
917049051
650083626
521741521
431768251
569622827
504317462
796237657
766912773
503857217
555767429
903702528
627581609
959372177
366975801
46425581
50050534
267119131
884846457
612561637
200459906
549553899
434472210
631311839
117981555
687253330
907158657
421808336
853154887
996763031
255967621
690657139
823719831
195217689
221593073
14888921
948292962
190788405
531171541
273171117
895673700
736499670
609527534
787364876
465386025
671917349
398190637
359522569
89619289
461996270
312865977
602573701
960867865
561832189
953248877
538850744
303486381
435194465
624217633
75994583
654222455
321615153
187662105
544390731
139122623
341845125
848863974
422361393
678289388
447466365
959547551
261986476
618475833
382263826
768321219
906666033
100701636
928311291
165332773
909002933
609033061
40479043
298873733
447819881
526164327
626423083
804624609
870595492
903850521
372451207
666370758
866424645
454163272
247596369
446592297
59361765
243813841
798034030
600921663
795750809
694469981
918361087
323862690
59370583
836905189
774905113
148627351
496239761
212706189
934725771
695228680
813184936
618475833
452668133
820869453
656174255
187799317
696429079
300518315
183587529
644116665
665665435
659061625
544113271
542077580
647454345
786722065
28263923
934263071
843807635
405011051
198241371
297418969
249200183
970106625
627576267
807796316
106388283
156155880
343676726
854168167
772877580
636804025
530250915
171474762
710682665
674145500
978110411
505976969
554672527
994746941
100135351
300096329
670875341
840818637
517542790
589960905
609151125
102563063
415985091
809651581
361460452
871100309
862554491
434720920
110261705
398737441
378724336
449695183
150237274
155809169
786240297
143995101
726901427
454283487
970653707
941409483
491400029
440556573
157026658
735404537
333106446
426752561
486978189
969753661
410404297
792011009
187862509
467963329
43368821
70061374
700924
836839389
286002405
655424019
565849756
301178753
180434222
127720701
264730313
594622845
720609845
420770377
66400785
664306293
406635953
428250525
909493201
622823225
693726157
430250817
974884856
951079441
244207845
176217361
691057558
379466873
178057311
487591772
975990411
975875869
614836767
692716361
291794465
713833892
663744921
158118949
763272286
379726591
21302058
873513101
372343808
764278349
579079513
14331351
306142061
271929289
47842863
737964647
415170641
779651356
220795663
946865079
63511466
511572927
860088021
49551297
28661215
323041185
877680833
999436243
516722171
675695401
777706208
622079493
902475889
282562997
205420163
779929793
986022777
119561918
331693382
423575921
547776711
768325957
540903386
152329809
919820189
593433801
230856813
498586041
266207771
117886101
774176226
690563154
295705177
399568365
408858795
785317537
835682586
642025628
117178753
957185353
18906189
517183717
963434976
134230466
791339571
454080201
766387419
329384603
42277111
765024565
177104223
596751091
99835795
732174225
891827578
328064877
963184929
448856249
72779969
134207015
667705257
804123605
875396861
890748272
361602891
69604844
545764575
394327235
176036889
794507125
394488105
122986273
5164659
958775551
87650276
656992287
3422025
989466705
97986159
874226
640557075
873496601
431140674
570855045
149203655
345791285
627656151
962039813
448016545
411530805
41090881
880258167
810760498
337269389
489819201
683745643
610243311
453908675
898587111
88211429
167786233
712066427
854079847
533847969
538323691
939815971
351261801
512376857
33238713
290791165
391752588
667622085
320582855
136482369
236045747
327438447
113025971
690519523
726169601
498540053
391528561
579437297
598705703
393074415
77854695
166111561
173828251
482374649
674443809
251479345
23362751
58142815
385029359
202714451
362758089
472463551
94586488
417060175
194655305
262617969
782929677
450835761
940658346
981988655
822063154
850050541
821528233
358208176
277626961
319608786
811467727
478565800
323652498
596966373
667059714
897959327
680929001
227752989
94917465
534382141
519651397
81708546
928411886
137520025
914859651
442654257
488081717
431274401
701604076
923861011
308691441
599951447
784896110
643492669
294617813
528999361
801422199
507220689
567047251
603151121
590768817
500607629
216093069
620296362
331652837
448093793
776562485
506018357
13803931
959645451
500153585
593274481
604654895
96567001
222242822
861139836
630983891
277406961
44331321
6418747
531835623
401566685
295897976
180760024
337339661
5205777
423309169
263752297
603752137
912915101
940773087
565864965
709629947
500678675
346432701
931125625
254707435
381485861
405536150
979848883
581961069
600062501
759691111
963450037
535506159
775568638
92237109
369797726
58924201
985402041
372667605
136407560
627915483
474975177
274016041
335800011
816652385
688649105
906797139
386893831
745466997
123878876
825808613
541980009
886635635
187744549
897414793
299988529
503181863
924308053
764408882
557244841
453491037
3880601
727160017
433075233
359964965
539143585
737989259
555168697
378912077
51939905
344350949
16486781
124924140
262327450
777515345
370086083
466289129
743162905
700096841
32553966
661452303
566373445
483371956
619915155
905808421
408159597
508093813
864547434
500627757
175973361
568172361
890185661
777564509
146900181
537550961
365999635
167528117
396491145
113724225
6582758
973681403
450810331
650851273
600483058
781889289
403895597
857812699
866764431
895109257
287527151
818109481
937084627
310425573
252176101
46051430
5714781
991256313
718474955
640707141
127894221
398516517
522282667
299835651
656640236
808846477
473075909
750046665
940489257
532619269
827091321
378945351
461963397
608583716
796066095
555861803
729871086
975555429
934278875
61102984
500676081
884740313
537600301
334170694
647949916
967178711
568788561
253253001
822001952
414570719
801205876
190932729
648605899
86675001
845223961
671480153
652618981
397148001
482605026
893359367
993957521
885972176
385365581
516255661
503713621
784879505
302511597
806812905
688468973
452970470
745367985
63709970
260200666
793334550
658635105
398488727
659648455
729861956
207760215
123882871
956226303
449654932
795473406
753490641
68323227
860400839
307842351
521286301
739269429
298778235
537479235
8277961
339456259
473919597
424421162
359799088
188040413
462831635
932225509
678782249
253659689
281264230
900757309
426215673
659391626
70148109
707116195
531860737
866473769
988856977
114689341
18793911
714782019
249427665
708956867
824598721
93944081
175045138
415908061
428456585
870710781
896011391
515943941
3749721
905700659
810452079
195647810
464065313
548222827
701409027
497477126
181860625
561072829
987161929
282289660
904931825
845024497
477243272
264016150
15654827
948301367
459358301
600860067
727516509
890374769
59474697
345549605
213409696
834805751
540962136
239876526
769432771
503001785
720292414
647021088
324995667
415634961
605294591
780775081
41924489
222308928
662431353
928993869
589879189
698632579
39211904
251784840
789690511
451669507
443458024
83381893
102108868
58488667
88055801
661798371
661488265
126269299
709023101
305977877
433239040
733369699
155284563
640381403
458065361
215850893
994632423
100766081
678601925
211588365
915767825
928188334
573551921
516910722
472140221
484153692
232745619
335470925
600343515
446918901
859387223
261590469
213992394
226443581
194035597
732347795
200764311
93294081
602573701
379973601
913075393
225366401
67949489
141012110
266717671
304641251
628754599
949881113
355561465
925213523
379742929
123471749
511141583
717337781
847177001
400506677
819313291
414857775
858838698
294234823
675657885
681362377
17263333
338304901
525694796
586539901
128462353
93791021
598878357
610768485
919110429
178294446
281850801
432750185
914905428
79306841
149355181
31885113
465837909
347630856
149303235
27216911
509546623
271355745
535857753
793701293
911320721
989385457
69950057
56621385
745804737
7763533
196057639
738449292
670417130
622142771
247748477
561518745
260082297
638103626
745903462
236798558
677442093
101050397
942285217
767889989
870920991
885874611
548006385
630693661
227319871
757144321
957932801
669137345
410038653
133135357
105727761
418951097
103347761
979471117
905266747
84837701
434318607
502420401
277817914
700608326
524397801
499009601
786825883
970408524
561784321
967512358
888012201
825402593
304663475
804200701
704546389
196766832
655097591
171291125
763498047
183575748
860001357
52459765
511490145
132112361
158550353
247420991
173676915
314491401
990872661
672849125
458176196
808183889
154139473
292388386
381848664
9830921
405849800
430291862
717121189
777534351
545739230
212904225
799423053
908858001
262067976
12124792
623931198
563935842
547930541
827560451
548443709
343024924
953994665
557764277
543174476
542422401
506252051
647683458
671515152
935781795
447380691
151755433
802149724
600072562
479724185
823660627
24836321
462531923
36121001
528691473
970258876
571215029
524651095
755578596
841084143
887130376
921292961
621295040
338678483
411757107
887508660
458759371
132401951
681962281
860558013
270523201
623682145
357108471
366929985
328435673
209862753
896445306
279012807
443714151
705114121
184402113
562116331
912029307
803063660
164648923
223674075
984775105
857248437
290162993
439470346
659701479
306460214
260757946
272328007
23220201
698611417
519616787
434357585
299880611
975286271
673893761
128804449
775813755
514022429
87369051
271611929
22004409
53233059
728910161
614081329
934069217
177832569
456344708
452836747
924724781
349435031
320342789
649035333
483553518
692642011
560837438
848274585
147753610
150417505
485168779
385458393
909716732
357669200
343702801
894222981
306753377
77359725
122885277
544091935
418801489
757987201
118411876
877662804
946065323
387004383
120061079
585950666
160988575
652530673
579417437
630758397
256686547
121230352
785010770
346760123
310145251
335483721
426377373
798110453
124365269
14785851
891547841
988993
201756513
992125313
965260130
847303366
824189945
601190102
355772113
689356350
686208045
404294167
737869455
115985597
314833281
258836533
559688521
165943589
374235253
668739369
963813135
486115873
536719335
259401197
53667751
827398021
602474365
451192867
50544542
477420607
555268241
686683201
512283336
498953558
149355181
146276808
774813381
441613562
938523446
435248983
681613369
141464955
847933174
988785683
465786901
582789053
944850629
785400871
379426837
530170289
553101221
802803911
171628096
598319055
888275094
303376169
235157282
261528423
386313334
469324389
605931471
64114021
2993065
75483291
437561051
54641333
527763684
663066813
999331357
118077357
468691240
914572705
804274985
251986581
355869151
791875223
389112951
14418013
790964785
482949487
789589157
31962261
936937431
680238803
819376829
237402405
230219387
465633317
975266017
110820529
983713551
407834125
630276260
930880051
141893767
966539249
963934001
848274585
914695413
896541581
163175622
238434461
287413282
328466073
565509401
409864905
605784699
508606173
508022089
92493269
227772131
61558917
491286421
777237901
414212436
559565281
475492017
33845905
610604689
584181601
996324338
917940277
604267543
507946196
775039440
179711711
757351183
699786066
83597151
43447517
89447507
194442540
580649723
391252289
865450572
836674444
623560545
177422291
135201510
492914657
218459791
333793585
502564701
333567321
691457251
55394921
377567501
909128903
21418807
670763721
51106681
88613646
711874845
263800405
640852113
81152175
108703927
220512882
656146841
248762971
845999856
915739197
431216337
495242261
578004001
397932747
380262121
802260299
150027203
489243601
101432253
595319767
843807385
590096015
414542801
991259649
578008797
187438151
423957893
304309145
227374751
8560485
296566305
875477293
405119673
677797979
623559943
274539001
677587887
157891893
553720440
85440661
832210951
563392817
117507085
972233645
592260793
746003937
53722931
955975073
863509126
693384372
996572641
225286257
294320358
859434273
79568091
919236241
452241121
73425039
872029776
379249405
337517815
976984489
87469943
977064051
333461969
290539538
693570603
145972649
941715576
910399481
354943938
336182179
993882699
875124993
213650500
209577745
505157441
860395329
953389637
736736671
98294557
846719601
717236450
251347650
408177144
982845442
639878067
797039397
299247793
138823711
478771593
360983909
317132501
741717690
765190155
163066433
179795933
729123975
982676893
719753913
627423667
205887317
237926069
509229183
950826887
480175230
741987437
378637649
375752595
166788244
370897684
98735407
319697797
503938249
846719601
904717653
519432895
982997049
526902803
557764277
927171602
631003889
83790727
291633191
402317289
685703626
627998607
567063117
377755348
931499857
397032423
612544461
335731701
875220391
253021203
464047366
420748567
839280598
511509401
776196275
808601442
143741119
355052987
932891044
36140656
410324917
596788447
945881975
851392350
130082706
378065269
681057129
946717201
591164689
851278171
792176009
529145974
521914502
921955068
621747571
588911398
585066106
34042925
999975015
449668496
29667757
264786513
77021909
174498381
129111968
654340388
187184080
554243837
540205105
926769416
487019236
345808279
628952046
859405041
814217481
980320305
507407553
575121711
249960187
675061078
435356185
406354526
856145849
627069521
320420637
855695825
862366821
861541461
232630105
191054305
520541750
69658991
26666113
682634525
136709581
985367821
211552118
52985593
128804449
182705856
422388865
378916943
771621784
342878441
128292988
908992157
61558917
82927639
731847221
941077673
120668421
48104673
866700769
216093069
691940836
239630543
616105800
717073434
981479241
528907109
617229831
881604736
546490841
807374146
755647441
384052565
373633408
170422067
511146308
198755066
687098491
712221973
331220511
309810874
638591269
782244729
625962493
210828393
349629699
123302251
330155111
814801973
345426851
602447933
229930217
294125494
732808649
741971575
236916131
239499185
594335281
410772707
129268369
676662341
394303185
697844295
274374537
347320943
235243309
203285491
814226651
265646583
99089375
589651241
261590469
611461721
616626963
423122719
1011335
220538497
836794850
329246807
22934471
329757626
774725656
412671847
734032281
512713011
894936369
442007681
692806954
36275685
667586469
512631578
200157821
354790265
323327841
288297029
423631701
735453931
44485241
54337269
221361093
993827435
923870317
436937844
810115593
225851881
169821699
291549497
700786391
659077124
487281161
393430167
889817661
694359531
172990321
488114081
908133025
921277125
72876442
524293819
422075643
793674097
983977597
489363991
504399617
339222717
855859693
310831341
883365369
46044049
25205901
590740535
32221373
284990141
762420353
238254081
536044187
345836665
261383337
334209521
809003935
55372451
662258248
149057756
102904115
179827083
723050189
957185353
627887195
999632909
428456585
52083185
908354498
33486082
326917637
828463012
417028965
999783829
818624888
557067281
822139030
237106551
894201429
104254437
341521301
176080461
828393250
533114917
338330709
327567251
450528326
756679229
179151981
758305867
945800361
271930737
779544815
457006853
733755913
20675044
49551297
443199225
736980726
628115371
652763201
698362807
200157821
676428293
486949521
89222105
787738481
378291901
259709420
795004657
135964495
155035417
559268175
976202521
412331783
577484211
404084885
508653721
821704247
412865097
987348707
343053888
698632579
197901849
843733961
144085761
938036641
779341412
650927577
943356161
465993741
410729589
194278638
508753919
479094476
574116387
584440316
123253545
927773993
922594063
399988891
857715435
941217501
69632825
61988277
58706631
117097052
262055063
862366821
228179316
147805721
550916251
968878533
648773867
447219961
759031703
628782724
351544161
757544659
827091321
473242097
922748031
947980719
715950733
890706301
24993461
479626358
378427269
308306557
513769196
168663057
729333377
227438629
745864867
703746759
481433827
738276401
764802975
733395821
629982141
917157117
627403482
287737441
174621325
807532959
521025158
137520025
115543241
27375641
627069521
577560945
924952821
329853369
923148407
669877793
775549139
441573231
532185590
302926003
717204188
623723131
102485925
659100741
110820529
579619817
556474163
740974636
702302468
213580774
623953525
993242405
681237511
769055109
343734981
225656509
539073566
654861921
693209851
347320943
693413195
476743525
80326249
653363793
949204135
748512717
524166946
748442252
266836151
711280747
726089691
916550609
460054781
681711601
993168865
209582565
74944134
57111644
766912773
573129597
963934001
615274801
584168099
882880691
80747901
501452957
698188319
847631639
66987876
721762885
977321401
636621083
908992157
599263517
554578595
265056476
417960301
202287105
673383249
154862008
904983857
608766993
474034902
370309631
867339518
920462880
170290511
477318693
135112051
693574273
737860801
518031625
672942711
972280625
300517203
962319901
741950019
65476907
471925921
478513665
529998501
292650785
979327977
132703191
72345471
938811719
85211076
182480401
704925227
789212371
13115627
886696281
972172250
840198837
785059141
224090743
585685497
417789257
856518387
845757601
170063407
890185661
636702165
570985876
347024811
365313007
347045626
594951020
596170241
872874734
394079305
873376486
335571971
197679511
543319775
957557145
969910513
769281269
612272061
310735231
698152975
323185041
949944705
222450893
945232925
913798371
860553163
271929289
643310241
777740134
43672025
5050665
678521801
293788017
364933841
613146853
499811241
882849321
92961021
305855776
702854545
946416451
508640279
81259901
82437153
720467945
402768387
665356635
928208381
622082621
8791516
692865523
730493595
81892313
480192641
487986525
298821285
707590361
508669370
516420171
104748653
961902161
730060579
534939385
337362175
246260432
676153129
130622673
671055593
685434557
194643551
371572206
70176123
484390013
647647931
769900743
803751441
921710411
735029171
826546947
132975473
599495713
321432726
356021889
106175825
903354625
897837841
400237701
803486524
94101625
515169047
24388205
378488466
402332684
786567401
358875219
415333345
43098099
360653696
809957258
418178518
541761881
103988901
984820331
279788829
623873793
237874077
184889137
526872458
216168675
638701791
536198769
532168299
271449701
716722501
687373089
411757107
580609948
460128922
546016720
73156321
460274767
752838131
987207617
14148157
191054305
585212561
520148955
209395063
683522819
953117451
106454553
329331225
613253665
248175117
721004137
405577701
321572065
237411247
838159589
137642501
976288179
990872661
146888633
162965885
67976533
504732193
680152227
951460357
31085001
640589805
2072501
982341860
542294305
569836699
355447612
203667063
691457251
219585167
762366402
205629821
881695220
26317645
766742801
559199776
749813361
188757473
154696309
797324161
340295847
737849833
890784623
806105387
372995073
156274929
754220119
795954211
245732411
837028365
638405969
725713469
448903556
852049440
865310326
309923696
325456177
868854731
901718128
694091526
993753921
798806319
894902885
18576485
293905309
299812701
999484733
124500333
489811191
360933501
832654856
550101429
535233657
570799600
392795341
564070914
61604377
624226274
762697161
401410401
301571561
375403073
881611363
978710655
282783438
924818991
81170183
4729291
594540779
976202521
949524020
51896707
902808464
577120025
976152861
17748745
462062817
59200623
651449061
797039397
638450750
587617799
381485861
800238615
48987569
940035605
479232828
390123022
916699520
499472484
233761146
700880124
589254087
21706001
980041624
644721057
463268667
214660901
937816561
302675201
997579655
457656286
921823281
654432972
600983371
263403047
945548791
61506363
643492669
523327281
420771071
553806441
858615466
572316681
512581029
31591901
674179125
767392753
879661466
301855965
367866129
775374633
476130737
44773323
322318736
310772721
382644164
358918221
277394641
555881495
642513661
716263899
576236842
891016049
630529197
455049400
248094931
279275036
785626729
834344425
560752631
833959390
437804329
959372177
355516175
848658252
716850967
646137202
763583547
519774596
591635889
102568041
281159925
471080640
84348333
615789789
58779042
679608349
522538395
624232111
23238818
558517099
663008501
735145383
213224036
661317039
823871135
165190398
375120836
767806321
510610847
829074389
253823027
411123494
183938387
657499577
987079216
711295841
29768900
557700461
976772259
77016197
593950762
485488261
148223583
204173999
690170271
907061033
947286799
796149421
535265829
697600741
519008618
915216577
438066059
117365473
537469521
291061969
38827761
791875223
797347805
990595496
212006691
856309897
181790964
19539151
832042909
889071387
742369341
592438176
801393591
294597903
51441533
496588105
831325988
867191491
485996509
399349371
886909323
609822955
537536337
654311991
730580503
396672525
237222861
60151401
188774473
410038653
716767001
173931521
966879680
840869452
308578181
462841297
477102317
319747281
678217346
733268079
447087200
941290126
78086005
538483226
684000193
708719735
374186050
890747021
408968497
847389069
178430711
809137951
185836349
375956573
716426929
444852271
78380793
847154551
600251701
929777571
515903096
8847574
851907069
248656263
654833967
50033209
106454356
537122017
110928961
262289379
579822339
587765147
937679021
689326443
858762307
416327997
106726841
107391641
668962687
304076880
963163351
779255148
776875907
278063846
273397141
535839151
454328225
42289681
584492355
256251901
785298303
434288672
336443305
172573764
228000313
226423517
881653681
245150609
787943481
458311297
802640337
220753111
222287225
593499781
376067801
193541341
684256180
318626451
438397392
137765129
73382918
445976341
100755441
826190701
354130977
544304661
168099571
375096379
451938405
535722679
786591073
892047593
844434388
416063361
797892424
677676709
134538637
832037108
30681501
844501951
854305861
358951499
642011496
741259561
349102671
799376773
856930053
381905433
189236607
475719945
222890767
480718126
663744921
475636833
422075643
866130481
41047257
69833049
601268851
976590663
599699635
388959867
151324129
8277961
450572501
632949776
687194729
786503421
963791278
552903976
780775081
25395341
130349026
84837536
794786751
668733245
715258374
150742263
927470319
258615159
373174336
732368119
763575423
898455549
268055777
529974775
79915201
963809173
791611091
577448597
557058479
147227983
970233837
689620929
180764269
823879201
970779601
238937377
255478913
119255044
206623361
485778697
316009497
156501889
16283641
954489949
532921045
917661857
710308383
793283758
127182883
22282321
788018343
907856717
565560266
616591441
867771955
349332226
18465835
740834501
733997829
818109481
758305499
120030039
226260102
351544161
209620231
474944961
25776420
548222827
290245969
314065778
852935485
906094987
927502863
714913225
698530635
32504335
82118651
926113231
375668949
229489577
809859312
460110193
511091201
726306862
623459343
552789441
385524955
48307617
742739669
518268143
816237461
692488419
155525960
435175102
517231363
9443901
963393100
236218921
276907745
465951937
80747901
425595404
805976780
347928191
919677709
315592637
220218711
841967801
865003979
380705673
18719681
133734355
489279083
29917425
524361561
65735785
929918321
865621821
70683361
529893851
236410865
975417669
584506161
478875494
548282877
291598677
585841404
186604159
264399376
491769931
389491473
698088131
823857501
521088243
647605313
185967115
792395331
305071177
733799425
79735031
355841315
378115811
772288993
43790736
725052028
271839335
365784907
661092010
620531959
768807581
752180685
645243829
524537108
508067785
109215071
370159086
748916291
260249633
141760801
737989259
343684981
920783200
363858053
899984229
569033911
265377172
598013123
659171330
856191441
594987969
491635821
695013771
402372221
390744641
212157536
590138325
596825857
504399617
671587299
127079249
514610793
530408785
232751165
80326249
909935453
10994025
888194216
70384491
792791199
287663785
944325761
333567321
380357481
297664161
525821903
351721177
352193016
751348657
703389651
462062065
400585073
900242907
257345326
801575955
314866818
721582901
889089485
981909907
927197929
906086207
898956593
366833881
619982123
746068001
435852227
415347361
381540697
821301621
482496429
662402459
320323273
592625355
875738261
465898557
934145439
259113154
734656801
925668801
385401193
84048423
298126279
606823381
597774913
794691917
729115925
533847751
799999151
542174114
615697865
883497401
597112595
755295409
745602331
881056405
857102672
485448589
367076931
728829173
58129801
267195373
393291085
600733526
349555996
140662921
727474602
2474397
564642735
175309339
455451761
430892077
1363871
35934221
454328225
714326976
697369811
535823967
570189191
789083031
193103165
180764269
870256985
154390271
407561149
242877065
271929289
38560957
767395087
120646989
104264773
176962537
317861741
296994071
58363539
227645164
819264892
310772721
804200701
109930801
390509047
967073246
65091129
64283573
544035721
890642484
417791731
615343847
367475821
126868213
501766149
578137897
709218171
201541279
506317491
77655187
803073393
791597283
78666751
739372101
411858806
22984988
953667701
230482611
115049332
780842175
161243965
579851313
572367780
155854706
782807201
873496601
552692807
658599954
801013031
262617969
143889519
581500398
101047055
159547600
576317991
337517815
870666626
399758653
727198913
127751281
576440036
605164620
742453149
600271689
527015367
9550145
13805963
547743545
549069892
601475301
302386067
249494309
137096309
541379898
289280141
614662405
814008959
695230990
202974242
448086819
829823801
699113220
178247669
945773287
818305842
602573701
393496884
878939453
904377561
935430387
821869461
575516909
862862513
591083036
247385713
538637393
389803333
976874207
70679971
375617575
500624065
793674097
343594861
224604391
878193681
779902595
587976514
116063889
498474371
761881369
933597241
629382521
709202061
710044513
580896621
250239301
902956721
900265497
528939929
77359725
157211411
521602649
304979097
748375137
478087693
506189092
10543015
287918629
45103385
284660483
324397019
408341965
385286133
506747869
914182693
622912361
460297251
887919891
534253141
211045068
292366927
871905963
403616714
689756577
585608829
630553786
64641681
630229529
658421643
920846241
215849112
936003617
410466490
574151981
4957923
478576390
113621641
840461505
945911114
606823381
893560101
379217521
811580417
44058516
595817961
374765192
605611851
886995712
657404637
637896745
242997861
939884939
511854213
372898281
402731301
793463319
987846149
163722881
268055777
115025765
585904586
959358983
102669005
399526221
868073921
649691809
457932793
373989597
826143415
136815446
94138126
600899721
365329217
838622226
478117111
707217011
25021348
469809130
703103021
433658860
573637187
255124003
641178360
811423121
746216706
264079669
397562826
627875905
515354361
815775196
893965401
84287565
942876281
866685481
538526498
63883091
275847835
940607025
749274830
667117837
893682126
137144065
755644809
92096889
789610667
959216481
415333345
959117191
315039969
484459631
464005471
147694521
725245423
413675116
276032113
588797201
828739425
689620929
906841821
20818959
778377409
964078041
81436433
509472561
595994441
233076273
394327235
214923041
3422025
707590361
893895017
53309003
576361689
643230137
586371813
4787821
678660859
783922939
197125817
990194836
794301788
840036521
734734977
227752989
434779041
471717991
572781635
457207877
830820185
783878609
873972525
69238081
188891168
919435345
211068876
342852557
676187813
253297237
318260889
634491735
817863037
694348209
885100288
240985003
889848493
599690697
7341135
287980485
808057261
521741521
101779413
768635925
111352606
556049657
665695541
99774473
749188236
474944961
667565587
512842753
667081814
102017253
556036147
229886001
937205640
182056269
596518898
388756921
476904132
520233481
691385109
137145109
380392941
182014703
927140369
797722721
155676944
56104793
657986187
518699167
144143981
789779841
109219841
573647449
398136931
838745329
332078497
261227501
301795312
814789126
366202901
502620565
827127361
754005971
992925323
912774356
946321024
611149570
177422291
518058835
222513153
829361685
366913639
835609796
31209595
572755370
331041195
335841053
765712893
55088903
865668033
280938363
387422721
725389565
512134306
803073393
328038481
735653001
812449253
253630405
381992491
807129439
691162861
938461578
736259979
483534462
454327901
864844725
217875051
841033139
268616357
381975681
968223349
935330701
790711258
607961503
706952497
41521801
883247028
977314141
468431293
541761881
226363098
912579745
769917987
159372553
599504293
597956223
258123394
615151509
392785279
886335327
262217305
657021062
511091201
370047951
885958973
247155709
371688461
721338086
228258101
21019823
950634689
185919585
202830327
935443505
242552181
812578169
745546513
697437273
640965950
56097815
510877895
630436305
518207952
413746041
406022621
637896745
649786541
247729561
829616157
6244431
669350393
499879867
148686046
336443305
557951101
48930343
719882937
211615839
652784924
755767893
557865746
547841625
643337036
224928646
560659513
881062897
545092961
267119131
850689477
47969199
2215529
312546279
429782093
773689201
565121305
615601237
600271689
341133325
576339759
843834503
140259817
645156881
279937523
890171195
571392545
104146535
764277265
10379467
619484007
777568494
909027773
503591139
626669561
155700976
631630691
163916942
964394471
906082545
628046425
416101109
9084177
489320769
361593009
770470925
173906381
893528013
583493250
852633969
601700377
788478513
889268611
714946087
860922291
326693029
716934641
201756513
963725429
897219681
495778091
21089151
855660201
977559793
697571971
471428023
79256633
988301913
428598629
331712429
215701177
363294747
497278768
250815970
677734119
793403669
799931007
897837841
3908220
653363793
653480141
777235594
752875201
575038829
34510533
244208769
757625789
963428109
129524029
899863049
687702809
474874517
422712033
167058480
159097171
639060947
179183861
862679641
800311225
851246011
876576747
62393753
827921075
211026791
478771593
724571991
587196271
839921716
63820575
881565846
77773625
704458633
676318921
656135848
788203530
878903863
760781043
116343841
49184706
514610793
816390466
82292891
689429253
195659171
105904473
764089447
904723732
621451721
30852621
487933001
998711263
18298501
549077395
616184831
643450719
141274941
452855426
826371399
898379867
866856448
938650629
900912545
679206519
605938812
660814217
348889429
227003675
764942091
963807097
526025041
882398511
237322415
392824331
683966044
350329003
354490352
700801603
494698730
634946937
644116665
675847609
323541835
92483916
493791757
341938649
438395023
312861221
148758113
333188049
511091201
619033425
351307165
904499993
835617801
370172449
243071091
581010989
607626865
109782667
531494799
356643206
447027401
746498926
565253361
658908289
559011519
189011107
661798371
956150723
412270081
138915625
756499181
399192949
248578901
208147787
234091307
922576606
437855471
584311881
710717553
807913951
110295241
927187743
553247029
781181047
906290295
904828297
71834331
108835313
282957721
838175755
823871135
278173976
512821781
662765945
52778105
979495463
844280261
267325265
182481639
709118689
504345937
336009033
498557285
506959095
516520661
117108965
792112902
426703261
386163541
632233041
740692925
823004391
514029135
683348096
987103935
240577517
569552603
971105296
472645081
703976503
327478905
394079305
437804329
945941489
241475921
370958121
42269447
997086029
25536635
614168785
624395885
814621689
527820613
679789193
157189549
817348351
252080291
872251181
153017365
184736601
222496985
781532219
947367721
148886474
121600121
66480389
573551921
277784501
594380347
743984973
248257128
950003681
575532417
955975073
95622781
875639281
913843710
109702241
763518378
63312665
831909205
439545241
427061689
486756281
583864193
262578876
910760961
681302815
337087963
821330937
446582855
28904441
426708098
135343085
255385629
484839245
547683591
183427501
303376169
459039501
691902645
249312239
25877407
727155657
821274366
994640288
960553900
680787001
709318487
58278983
326658896
340707321
637642183
768465156
783267241
271327696
675863555
850153021
898277971
863982485
472131737
284688185
352084873
734355841
747094264
67949489
647543841
280182069
274669081
669128364
506330435
161645355
994849751
152360657
162427941
536587376
504518926
128505116
755011173
420289807
653301585
983240784
942703891
427993569
82404255
448486876
130622005
152797213
952924901
413831041
701902049
621975263
311539013
937679021
374760785
717462677
635787465
443109720
564204837
771965881
452761227
922394467
384770921
741973711
96883989
659452249
714770441
824189945
591638321
748173733
398809705
970844501
738646401
405668646
529143761
271491841
78041616
234238929
794839311
970200537
276458441
896699628
815351151
556966725
520405511
555130051
375758881
756709318
794134451
443136763
173768901
140100551
827092585
665157689
766742801
147733984
626581073
349730277
91052228
796523561
587512215
720956985
140778181
458292949
991287455
876604041
714932745
943735303
19253541
112373046
455755319
21706001
606523220
449950925
451923453
857883261
966892657
26970121
814737420
161908967
764814293
375898246
8488685
568755111
578996657
218663777
400939599
264516925
561436985
988785683
579344925
422396901
301824221
21463785
81790779
264587137
254224925
221740954
799769127
364483783
211143425
31201924
840941071
225490161
114902285
928556817
626344225
934369187
259104789
791098121
380722969
328003367
712246885
145311605
595219093
732657345
186604159
777547969
874575227
366024645
699703705
717896186
778603185
979165103
328907494
296964245
229930217
282957721
793120845
519922745
148493948
919859698
339419241
556838701
947252501
126686081
436339181
294799819
589801251
321505581
513128145
638473851
50835231
392165355
418398585
182978049
972546469
464023243
55964855
795017729
575985653
236045747
637292431
384678757
970779601
623939905
734355841
959675413
476494568
636194425
779240621
939442429
653316833
943127923
51996591
257553451
773460041
515592899
677197409
251041420
76259521
67738263
106538205
555284413
24616255
511091201
349245922
169367711
918307481
806245070
642073006
601988825
44021267
30118047
958013185
743574631
287715469
589567289
521023361
755241127
323418529
200858791
585422524
204681645
935562774
203080442
163356780
817419201
862772425
225332036
337938497
163630791
107896425
63426956
176962537
341244437
823972246
27455051
475135551
696953201
505527376
156795745
107191751
599426321
848545424
516587371
55964855
904482901
365444001
630894187
114413021
453491037
112685361
568879085
194839957
429348332
802086409
126310097
821741245
29435897
956240265
748486602
151963487
907982601
389100201
387856929
76151881
267838469
655161813
6377231
133824588
125899099
145372611
261087166
284271261
615274801
297910426
297278051
733648977
978677169
38069055
801815519
621097489
528418479
809294165
69844693
946416241
918763459
560598675
856145849
204474121
136856769
526294848
144821597
419432701
312896481
928635381
803068885
945327985
418631169
437619566
610715275
245505627
476942176
358853610
162455040
775698071
153229021
178633633
643642161
765435025
763824005
776812873
344408864
881971121
802000819
486871855
558136633
147027265
865373041
867348203
52306946
430726209
917078905
897694747
610039203
23220201
743725409
609764241
658094501
645830899
107391641
33935241
262702517
7258214
515244295
390511129
87270029
805422173
253962005
792573001
650953236
794952469
578666623
618883985
945793141
773360809
988217100
49244684
999142846
280144001
892999917
628115371
429030345
75022365
430938614
624926827
313345150
428385903
733111532
732442909
140662921
991015861
52420601
318108361
430996445
841961137
147551621
928952793
926864346
224462323
704699689
815192311
810890357
184514011
851034990
976317551
732094944
728316039
168594125
86847654
804919861
95454237
617716116
182901037
301395572
190542631
755273585
805671153
383470413
949640813
604782441
755781277
19955465
925097277
43917209
542066017
483311408
906492487
213000169
941217501
834418561
133932557
42593673
565415201
502721690
273636801
190290459
87905461
693144191
255850247
18093093
812218037
953445825
403462953
170857229
92310691
14941259
14047621
735443101
875555801
350744406
966925835
351018639
25536635
178806881
933731373
966450451
851714791
848190321
44628993
507220689
996594851
503343009
776401831
961316281
40679489
80876389
32107735
912345090
314598376
909235069
116534597
407655176
908099153
440956436
58840625
761406452
730862257
344086457
704785127
489280597
480880531
956588373
838745329
975002102
722336251
246490225
128275041
664706371
680666953
937088525
84401886
75335034
754504819
487086916
279305577
247385713
261383337
584588062
385365581
974443641
333172121
875577923
320214637
574119333
660573815
47964735
438389031
963415793
578614711
741605151
349804421
550080245
52564953
218151621
613540763
924952821
200359447
298573477
369725723
775998361
788973677
390437016
40741896
842475141
247851237
563276241
745908301
194642047
351185501
90246691
999062281
50971335
153470327
285014533
450682161
545052919
209531321
741605151
643569329
806691985
932552173
146783091
184809109
976722619
586300641
255163581
239463426
512013776
664845265
391730829
337199656
738315825
784138937
203705727
886193062
752723677
737026694
149358403
646977811
688649105
390299633
98505182
261146269
186743747
609764241
44628993
375096379
481324945
639849615
921138917
949953659
595950021
506909431
140778181
431068259
901814899
63164521
816046441
905897095
36855681
645221171
908858001
278049952
740268001
655571507
200463851
811389265
284943976
418951097
100392895
809303368
578101501
205769869
786982811
145452421
805219170
243294658
636391783
808133457
555967165
338708251
962766621
169260991
641623140
77021909
783880989
101794169
890062995
763907243
147027265
180382651
850291033
417791731
354580563
397552159
772574114
722362705
402001027
63927534
388377653
189098179
4060535
680808985
348454145
844523891
678778993
860639559
194992427
954198285
113621641
890710503
213885366
960803631
948842697
241635576
611942979
344976381
978365563
326958065
21039745
262702517
422396901
683922338
222873769
165708693
796523403
992346287
27019435
234303089
413253657
617983155
412978351
516335431
921966086
118023656
248248809
14888921
126847709
218705921
41566389
548251803
739652821
742589252
577669991
981955617
21621686
298772468
972274227
225500035
76164613
873746649
604005239
452524369
609280603
953359681
521758805
992925323
437153785
264093673
155035417
672795085
518335411
312089166
719656861
166828222
989055315
111882139
959488185
526429893
841741446
384770921
578004001
645089843
968542521
480223105
598887301
893122119
158969053
361729466
983476213
402372221
447818445
283775956
101156454
359964965
756248041
36211159
745864867
985736551
179168181
306574796
404946465
310211481
311322421
292650785
807673161
105917745
431886493
557366211
34191626
993212346
615554873
39144979
252630049
429878150
834601457
353607347
838227051
296588561
490132997
867684501
349610405
769687111
306053601
529051291
593943141
308757145
77058038
550375273
30398057
95305411
754892033
310629346
531809641
737896626
785034497
901255368
966716003
941873541
291604471
711257816
334209521
917425689
844501951
909572107
771170521
821066078
799939951
284095001
798777113
284686434
172547941
324805265
187445493
526646913
986229593
958287166
792438701
803400766
556007481
916750021
483391633
524062103
864385393
45788161
824596710
934554857
777399521
389349901
581259281
368555210
583998441
804749241
472645081
698252058
342417827
543071201
441443721
44331321
723243025
347464798
980591809
766648291
451843109
459384505
563509791
929191447
951807216
694380941
923626764
138070137
455153662
200307561
349730277
702749951
863923652
654606287
573799401
36365351
499943721
664503857
277103996
368755281
165291971
494618809
781069291
298821285
885683125
533158173
241725421
722243953
415333601
152766541
513958744
573637187
111882139
950522588
286013201
856296173
867684501
849924541
764181833
948352757
778904348
284095001
348889429
530866337
515547873
235956905
199149139
748111417
851718361
402199261
120107654
322469824
443147968
794720045
612611755
252419043
329185257
414613601
987297089
744329549
168526673
79672899
175289681
5982637
26121023
100460255
465613931
504631041
668601923
216165341
849877705
218845884
266473417
13185375
925551019
154139473
631887497
242861815
184402113
508130011
76998237
75037613
668987084
554550189
877599300
206149547
925540125
765190801
391150247
218299041
555455389
917919
196972721
861752239
224313871
932870722
969955719
308274943
664446677
805318937
755647441
689839317
951974496
610717113
271920153
364059231
776875907
348437463
59271176
995459201
164752011
224604391
56353943
197125817
151908897
356414311
748149581
815811007
644731056
683338251
69140672
835698777
659266315
846832005
74942389
566704477
335841053
158032554
164659845
937088525
515918626
188088929
747681871
657499577
216596573
317790236
970887932
942438940
962254357
602190677
138097529
776914700
608056093
220952513
56537858
485168779
338272771
926205431
133455477
511509401
717934485
937916369
454864843
580377731
172125905
372534264
858167603
760779556
521088243
87124613
275534431
277751167
754425801
716103889
44727139
840900892
144301039
784286611
650160405
235877598
54377449
173114893
487052071
292372271
450842901
243770819
876821169
894538201
123976190
11748717
560245057
49174661
22004409
487052071
985879315
178498235
590138325
884562833
424437218
243813841
319600965
993311377
687845805
477343581
935430901
955740670
314627546
757355926
932980401
68340755
451857333
489496469
462062065
997024761
676838737
904277178
162839131
69115900
871107121
835698511
357254781
9644545
263515193
400493296
126052499
60271315
954644067
690788401
52362643
237634793
874791218
570824905
792705712
894963705
783471053
105927857
504965089
60043569
23188301
680651186
335360957
591517651
530379957
615600235
389195275
935668241
33483676
38153885
399686217
822787863
81619111
81407491
775516631
908401101
15256151
916789287
135556397
523806179
971813885
185769075
389301471
531705789
83786300
833020777
866756257
559740361
650896691
606609041
576457094
662391521
177491929
791499877
731632935
637566609
501912757
945764211
916236453
257222181
595805921
742823721
31118471
285001181
746968395
622255208
419998417
131722545
511247477
120552029
834920689
280332825
594438119
277332645
965833066
158263123
49385141
289280141
905217163
542425273
790368551
380333908
595306509
890559513
209340843
912022850
644580225
922585433
489568910
636083417
385820029
572079287
358129369
130664306
421328303
974615521
712143077
30118047
263209557
880013019
283195521
940941476
128893041
983775509
337402189
947478729
504110647
57659133
383137481
845554111
884187091
685505577
668536483
302491099
131722545
473695813
909320646
257785991
8677231
19182183
4680977
107896425
300154932
425200051
120687586
236848361
22227026
761853853
206208601
498010381
969965686
486689796
850153021
292891539
532615326
395355218
128913585
959146975
999834501
200767071
122158050
451156721
233174832
331782377
103908341
278330083
941128989
420886401
360248319
948719853
662223291
87483317
731840763
297054697
562620103
425984391
874109001
900314745
388492143
482359001
106028601
230699006
952735213
962854889
658946801
663097801
640119361
661800709
215276573
494272717
853015097
343189595
802687361
340160297
137672949
60633671
251023417
153875216
34510533
94378254
173538688
397949215
868947421
161905231
140688551
95522871
132244635
264730313
514528921
454534033
444083465
872473201
462941151
725165624
39515358
302161663
164454573
916467009
284538811
467963329
334308424
31962261
100449319
302746593
762840601
606833526
485555875
743974687
2846625
433192829
790518126
666353481
465101911
468261283
539143585
883560133
667278519
927567795
399393894
748142271
88120393
882647586
171290068
394578356
509361705
590013801
639641443
524969907
789096197
237422491
465463501
655931931
55310817
929193028
364228962
755458004
885931293
612640295
976772259
817011437
512469244
853918681
832057649
755705161
535470641
681362377
287737441
829136308
124534411
154402251
487146649
228503629
615533
941011009
863646026
769177648
244126611
368071779
315234301
652945285
216903377
550352525
107762641
483833419
753540505
84100332
278597201
424145949
796447029
119903244
875086522
529938541
101882924
961765506
444857117
649614540
234303089
438769633
607762301
400131516
779548321
925745342
932286589
429463673
635334501
584707791
113668539
123693001
847960891
894868505
556812365
148341801
973559713
75908551
188394111
604404088
838736097
791888641
975777953
333027674
690086061
556081689
406242501
46696484
135907063
928635381
322032913
237322415
336098777
7749576
418649857
244301181
236546897
328834857
764889103
757758801
276657341
864775413
257151
730772511
664773361
148489419
439959195
333900653
287327041
726623966
217423013
34363601
418497301
554921837
65610073
428441991
174300081
183017921
155522550
462329627
375412711
767413547
243545848
247414305
628969521
690684093
727109545
312546279
633157171
225871381
187363407
17549329
96616519
376982793
851648078
372313149
930439476
619649997
501377601
399686217
833909837
358824851
147526101
378769629
682057833
732120742
179207291
484570695
673464729
925259326
384782123
511266404
599441481
727416164
149622385
666490371
880143595
352575646
411966126
662695447
784643957
213570221
854522275
186022051
949435418
665899351
908515910
913429566
33238713
958379866
989624313
244444049
749021981
146573509
234391281
870256985
414917904
430010641
130935753
810260201
901425789
351497385
897414235
332719464
230590272
818448878
275890493
129238557
920846241
608375925
247155709
93738490
590255026
448295861
438589801
279751307
35838138
837424833
336790025
44586826
603672237
273451157
506943018
638922521
821558027
513131180
608493693
118129710
973052341
281351981
584338335
747963934
232484259
406312451
227039071
37206951
367472701
63230193
779797751
532230529
265509807
983371573
957631277
459366569
621324521
149442409
892378492
362692325
844955701
773051233
395206657
117413477
843377335
497743116
228503629
251269081
522647599
152357165
395886557
500437281
926876981
229329981
97210789
579898281
483818655
213860445
591734105
970533241
250239301
17475153
479430774
725479360
656126601
520145951
33760741
781956965
778831799
688426188
546729477
231668651
875006840
455944145
45797662
311050658
637565949
186382477
58129801
229360527
28152375
970232771
337793437
143098619
621097489
614575751
211078797
888007457
741494448
675966336
361281339
127876571
232312413
695172935
379880220
771166961
917220617
512212560
995326697
450729176
41600122
560875649
343373399
547743545
365121801
893440883
634734347
463429766
639235361
587110421
262623961
633616275
491635821
828824761
542542175
639574861
570425947
320494123
912133069
853654459
17024157
740342361
28563705
224057435
685203851
782807201
210978843
593925811
872476111
84277346
111038174
578156501
484881991
950266545
852584029
690827176
219073501
109046780
727112737
105683141
200168536
230192901
488281487
66819791
345109419
564458566
589364661
34827017
524071745
226265834
702823873
47862073
472463568
188456396
538407259
503366451
440556573
807878722
670144149
77825733
569305927
379811003
917367681
169718241
383968073
701634116
157497681
56561164
186937321
557800676
595719529
662349554
462062065
480498952
384836001
304168331
37716883
183531722
248438597
269773853
425432289
758861413
873481120
93300309
908968745
601109038
905220705
325052487
363074211
231152341
418823653
136025129
504351198
754645341
379738693
916236453
377060907
811176163
980242775
170570766
405328421
973864739
771640461
901360801
273156775
616069501
890171195
359369024
944850629
137245931
480960353
543114897
989466705
479637123
373596213
971756521
901358996
726287825
293890516
909447817
662295731
338329526
39309733
622036325
416978308
918011791
993360282
145571749
138501179
809298303
79296266
239184032
568448637
644350019
580816047
579123357
232912837
902947619
70494243
441347086
733648977
260082297
199215115
709160485
670144149
290791165
992575488
33785037
960652991
910203126
433129658
235601757
689756577
609151125
541289441
803446159
384437959
635315262
38495451
448844003
496450376
220571004
160481351
739620793
522265513
260726397
335262477
33668101
551056
797443526
485555875
751211
564098913
75022365
956364593
229520195
294724761
739775101
701194093
770599035
704631151
100659549
924062319
685078503
662931461
487485391
494556243
769590001
277940568
62049610
913680409
876282212
967991736
950634689
364615886
29917425
247340001
423221457
169464840
757261935
713306095
589870091
225366401
781532219
782877513
499490195
217414071
350340355
198199773
913928521
278208021
399356373
409912449
575334621
117155993
301383292
959884136
396959384
855959366
339426189
961951757
37001697
209479626
176177893
868635508
194779009
937870543
496370069
701026017
965769005
565123790
251373834
80299831
167089624
929984599
142741130
332900521
937934551
919764238
530519323
756244811
556081689
557043066
891870641
383118727
380448801
743066375
373754921
822290419
777237901
798651880
651553241
207889574
731447199
353972617
374947880
702876107
500600977
278411795
897419477
977472513
233892303
406052895
470690433
702149286
279077572
893376433
284261853
903012037
288089301
971833799
242474217
682057833
489371483
458323341
922919129
280768016
200520882
526283977
672518264
893405588
543492551
836934823
971839541
903087821
249515803
588780171
253630405
774274296
138020887
646074291
365593326
823546446
55287381
733179877
116410813
577629931
662580721
620873139
741073019
955468149
786502299
507599491
739372101
811262286
915177841
783626737
853455356
690917425
490260049
457132241
978677169
81692401
557816681
462940011
862907169
976137904
49338881
471679
898097817
29759817
270357931
650121597
300046500
27974511
237222861
851960982
909955168
332578764
910346975
539048381
469208071
743087261
478068931
335109697
800094253
95236396
455305201
391864687
662992953
601636743
763594146
527713817
520708161
455305201
26666113
196444337
769997591
838676101
393077652
499009601
927862395
89547894
903969778
836979043
297573361
562960199
75312883
997395819
174514068
684095751
372208457
403774581
850449956
188429703
585212561
860082386
730862257
754700691
623734213
86540684
333522397
101263577
76340057
562701251
353038667
916550609
707897060
333172121
495045628
751167708
350730580
442975871
433429103
745985852
747280230
5205019
77359725
251867217
383071453
117228914
527713817
663744921
79997186
617472309
980591809
669780043
115553972
459410658
92249445
255561776
528502291
80645507
251426028
30675549
226209957
42569474
56547251
925828866
286209321
879551785
721053977
539018097
47862073
675657885
356325349
871100309
818818723
131790498
614074976
895570266
915691506
912579745
209654252
145601585
133135357
660174725
271764173
643070191
830764343
22037943
223676001
54377449
383323276
757484881
291846001
118550041
879144277
303486381
9716083
26555470
456332001
84837701
844353365
469333145
968779270
327258893
437804329
517689777
555546219
803588037
37506972
354819362
355277955
623623411
988981831
279148511
128074681
829904629
495478808
563196761
884258785
761357965
952709397
399148351
935128403
833404821
776562485
890492251
881490001
643105628
232751165
837995189
549645551
332493793
792011009
667709215
670141623
882354298
151324129
1447117
630331677
570183575
377616761
549258011
105796227
838013501
153323091
137352094
685434557
922434021
240416373
71943393
334702011
346894376
910102971
469696064
805435597
14512201
313301717
245740280
46195058
399743750
675553664
597971301
289875901
105903316
521727315
768846001
59902521
47925517
999398481
315215165
342015613
700948321
648750149
565311077
601909659
400812851
501452957
43081673
888753021
509730141
89750391
631635460
120675201
466553083
92383986
426081841
383614405
624253201
250112399
332217885
2969082
457164866
535641366
851993811
385470035
993882699
377427101
364919339
546729477
748990625
489586903
921095321
203696591
380163673
844922591
301240057
446918901
588207886
460054781
196335405
356585025
318779540
191360669
535566627
640361023
736785134
348195596
22927824
716388169
748507111
182327458
70818589
270043046
828662527
741686851
660892506
906797139
386916781
467677586
656101809
915801911
253063151
216825358
156238189
808654327
702202841
906082545
370015201
61988277
647543841
702027155
749459733
145916160
746810309
962983369
4098573
338671341
313090524
561441966
300558245
24285666
537536337
5714781
80776541
787288767
405577701
975916893
875521431
342878161
510739643
949021665
571089833
891367802
417348911
990391585
102568041
640741443
490575740
394141881
218053881
388288716
906782941
226439625
699462283
717988821
179944080
852258615
337793437
116063889
692700796
918347205
941760569
815515093
499513601
898956593
345623904
313063238
685471713
970200537
258976805
920185751
310831341
935443505
132997169
256619725
385832393
37343007
270523201
126518681
85467712
126343330
789277093
618374117
333638
432591091
518163276
31085001
359964965
413909310
418560039
636083417
783922521
459669576
782864786
209139538
90976333
332408625
505810981
622331535
241788001
748365267
727092477
457379157
178684885
965393047
612593121
422454651
793674097
406787541
779538681
897168737
726115481
556593441
396790389
422883001
746144285
565738767
965993710
296670339
881477221
811290730
544925318
429974916
218803327
571158691
840470361
980853218
903276003
385364345
161243965
721921911
257050001
512637378
615899764
323185041
142706596
864521161
647208289
900265497
582724441
615759871
557296697
499142925
386666545
756824931
837424833
124534411
71807321
998395365
820417883
304425015
786424985
673439059
122878049
230447034
415198628
476490291
45542407
922963493
232225524
533119601
478966049
828753111
675436635
320323273
320799586
75226301
340094443
931657167
540496737
359433597
871047151
856191441
933302607
239837211
290807889
913659099
77237267
635947249
501458863
130744966
141190561
379466873
180356433
302589001
60321281
661110577
946700655
75096315
296718241
688429878
678156677
10677537
148119965
725351401
530249321
842265075
755130595
532754557
138501179
570993200
49580821
109096025
466719613
581916993
576023623
245621681
92260610
852454985
122652307
525205089
234162399
548541425
956091125
81136090
288608785
611461721
765476429
629215056
891724057
118971751
93913681
788636277
486498871
392043158
336031549
553614177
593166861
204563851
447699462
120348587
358633111
348171663
575861609
978844101
197174637
928952793
477611841
693956045
714725181
220013621
271119185
495230385
689658370
970239501
908797369
183917882
280332825
202156021
474938986
65859665
250195171
682984381
907550569
350719033
228145071
509222631
173906381
104723339
68775963
316956945
115395844
936482957
377427101
959216481
189224517
578610529
514892278
466165631
178739463
714116608
238874880
22968781
493579999
693570603
53208473
664513452
713994241
12037611
204228883
479815425
564850025
181805725
290720777
592283325
703165392
450730349
274267566
438424265
626669561
63164521
232693816
648315726
350815841
761577953
365778821
33385521
878602174
27452769
522130653
187546911
305853727
272425861
421111171
589810498
493579999
739740171
542732488
788997591
501510119
683487546
785215536
644577945
969178252
874619048
155350577
579226121
801178193
627768081
568731568
876219523
601084823
477706973
198825718
280681454
788181213
849924541
620126398
548374209
436452193
114368161
166193705
785584614
246079245
414938639
343341846
649660465
247323570
871281267
987452740
111771846
959877625
706186901
520426593
356508501
505157441
315759285
206890659
109318751
153754363
120123317
774920107
959648801
122712225
483557095
536731698
697058413
305056243
679752537
954985941
315834913
531860737
628267451
242601577
970106625
390800181
532864277
669165949
510439246
739255755
138810330
597892426
392718842
185622326
848645705
485128985
98841189
348156115
56627791
309092487
305117209
206020885
956092451
261538529
770009905
880314196
89159459
509834371
236564433
837098615
808814577
412300267
582539049
59269381
559217643
558634283
300649863
526566561
63643105
183938387
803663362
404368305
480192641
272692545
590740535
517259125
56743713
786315521
362430233
305741639
255501229
170513185
591599210
370128487
751272803
480751926
698453751
377361469
442491551
601909659
151906242
180402771
114129511
442699555
327938313
266269872
189554521
840399173
586148708
764528386
975750291
1719917
886332305
455016531
680605501
207821207
1769501
920622521
485128985
296964245
757533321
60567350
650324743
464539600
536527079
39965069
135924867
454777395
523647771
972280625
272425861
169902213
4060535
560707165
111268745
746031915
702854545
963808731
380722969
968356820
414421752
720313776
540301448
975373553
298878668
401711481
969186701
376517925
671327913
993952685
955320061
575121605
208393775
573551921
813389421
320163509
164465291
822718401
980908351
184712721
66333039
702695088
618922192
497499769
457005049
128792731
630693661
285705217
154672601
1722005
860632931
478541348
290665701
715420495
935790355
460110193
478575721
107347919
16521734
100161626
68768741
569898173
280554381
334203591
252598867
551581891
734159801
514484656
380262121
144576135
995732551
590104521
865148819
834530824
345109419
546763471
836980796
62129230
241324776
551264039
342741501
264786513
190340377
688649105
238965845
940401281
576312529
806877765
119209365
837812889
139207961
687023539
644860013
359216451
790169373
218437734
650319430
876846725
620338735
748696504
650339096
909072917
681789495
465388297
193473528
850755495
427140291
461306153
370344921
808817161
842895856
807877795
786043724
667622085
60967403
425081486
968312953
771321513
658497447
686007209
393125339
176161403
255967621
992545465
356638461
21749783
728267854
80222609
539608680
952805329
528903801
209612941
26289739
585973478
411666908
401707013
791816289
376239029
130971067
80345911
796151611
805918959
11819759
862214243
241204069
435131961
582992121
499846917
130012785
755273585
869262861
825016823
840539035
544327644
573712831
918355001
158185401
800079359
881861986
761446401
425693851
214648193
600246637
412181771
255139229
484013481
663563451
202848651
797636661
189813073
776737041
841288214
101263577
376457841
372451207
314636472
166304314
239932786
289060069
130363433
314760223
458535261
45463331
782877513
554970461
352488826
23927895
336050701
631241807
69083963
723561582
462054521
248023453
479423799
311805408
523041226
361680036
313493577
762052373
665877637
211939150
816908840
464146713
581948855
704727379
912166442
561436985
879398595
469933843
63123181
36827673
423559929
2371321
67570525
209217993
335375386
966672315
134438241
438926424
859000055
609096160
803011201
374472047
382106213
876628369
874438943
500437281
598887301
864257576
423720201
462081001
674494237
545476665
809298303
640744985
966974612
383021837
801019461
447883881
904717653
850741457
790940473
948296754
758404931
165287369
161209578
782464432
71702417
416063361
315823719
739439701
418143473
521914549
427973686
272043121
834522127
93642882
282924627
764374533
709679785
599496773
525429879
230408258
44191374
944331711
705672441
336050701
87270029
882223573
940987453
274197305
642310438
134156583
29706403
101806831
516420171
766429643
648259701
681965553
526204452
169726603
183017641
293948786
85119085
324417546
150929041
287827451
336194051
953306169
485610698
39144979
352477435
113621641
742570925
55679175
792481593
201877321
458311297
883686755
529378571
59310589
992660384
304923229
712208141
351359297
61429651
64947280
359887825
973710981
461368281
201752723
901792723
167528117
426752561
478993146
906681361
543511201
763325806
410561775
262964406
320505097
939784959
954275113
35161079
429916839
698130663
494124386
950170270
907492407
294520435
342069538
843834503
409678442
105589729
222276977
550508552
619638584
850163461
916722561
522631001
68265181
219712109
60623397
553791901
538264277
166926269
297701161
578008797
195282461
140121683
923966921
701196961
434150187
85393072
291359776
440895105
81692401
851164195
13004160
680115231
500627757
992078721
928517989
805435597
947478729
144929147
135556397
971101001
661398316
360559613
172706095
531705789
847499487
523663259
436782426
26064826
665784336
910787016
152458813
498540053
704903175
662391521
41521801
440042193
850291033
57659133
961118637
565509401
495649481
992851641
379939036
893582505
710924541
380843414
843377335
686252795
57636703
157497681
277248763
705853986
45398326
390871077
506941085
898097817
131015873
619737555
140417703
469570901
436807569
87483317
493460096
278014663
237620025
47882914
44354393
488204219
245169575
940058401
601420341
789665017
727847401
725955793
500657221
195693691
904139516
175289681
655979309
155575209
969154982
838350453
171084995
817419201
816529649
142605641
134001541
249990805
839005851
636358573
154658910
383231498
539725281
864596655
310332800
868808601
563390645
920503807
232208208
700948321
422011749
237874077
456969107
829405992
476790381
715690724
141933565
394127107
143828533
116343841
63442991
213418229
577826633
295861456
243859753
2688876
108777599
704394853
469498429
105138963
545764405
891612281
675623769
182080370
435182865
101025585
216166064
181198126
951341992
860274981
617229831
673594013
385053741
1777733
662809128
663643561
989385457
79659169
989705117
845125821
744091171
531241140
564827733
167331461
709118689
904717653
799750317
26812961
550659845
762275798
790437033
524446267
120552029
985981426
140259817
415103683
120284865
459388175
125905327
542066017
265090249
858167603
346161697
10611511
506330585
367425401
44960160
505963593
910670836
913386019
471096444
313978235
358574071
806133186
156105378
42255441
835617801
307169881
895205809
473467411
714687971
890374769
922514284
608147365
68462175
387336625
57546777
207983081
197276057
494864699
277131893
22611069
92288829
259875265
215894091
231761756
378569855
697600741
145953973
698362807
486843011
807450037
31748943
367019311
862949799
50989242
760369869
886092733
818908589
73255805
987534669
983476213
83624963
246291713
900300383
440042193
367775055
972686693
655737379
711469774
748375137
448794533
709604991
904018937
639339489
50485790
12259067
591048996
209217993
26477285
26092401
212848626
888801739
390230449
447466365
297674642
792316885
504631041
348628491
11760309
789763677
894949339
116413647
785424407
274579101
967680449
677355213
681711601
767455331
338043791
115450381
742197753
417329259
901429117
346836161
116343841
833222259
811845768
988541582
561072829
360637138
293683440
910667456
44997875
958682727
957674457
668815525
717668001
593815542
278455277
133071705
155212221
625696793
357464421
867667136
767817665
641840765
405053741
723880451
590452401
421211199
253678467
931296129
876219523
541289441
182205981
367812331
367493838
979906191
793070325
737048851
23166887
462955263
720932615
222820640
393571769
136086157
635149077
49650771
876916183
125970977
393526103
747804880
103233905
486672457
295958337
682751058
608076353
687013149
103960311
272834363
147662969
568172361
542294305
119615666
339977881
873320725
998584431
684662399
667278519
910344834
350719376
246742535
895166038
405036517
745758719
101023554
808911459
43824789
110774543
970684171
536507021
113755671
367624295
839268961
732322553
255163581
590751729
408877382
766141053
891277249
473919597
955987990
488077937
14148157
339674907
565544201
329281491
29076765
584270841
305994911
297836913
36284591
438363621
279885166
551715781
506420353
911732211
162534701
1719917
581349377
116526457
562480096
588684839
489569141
132868463
166919479
478481801
286180802
944215473
209396151
80575005
480960353
468989837
498894701
375668949
109132708
653254563
136823739
273604359
673117049
185407467
92237109
195853692
779442207
357174101
292796831
233139063
128833517
265629767
577077131
763907243
914617066
534993621
44628993
600623792
648395953
714880555
765578789
911345041
317800637
584007877
222709013
679048137
364890754
982997049
415309502
934759753
740222601
926108589
698691925
943220557
939045465
663264841
402204991
402176000
790092126
117269637
734171441
173015414
298118677
324847261
15630781
704683510
801393591
664687511
325446191
376167208
538903200
915349386
69829175
73238322
229707954
875738261
168663057
318733306
30908604
409206671
639641443
421609917
221479517
781263511
622775341
254832163
377842296
777217351
153743152
277401035
809648420
98437090
939732418
466830347
334746115
319583979
101263577
224679806
924167545
295174137
574323705
505163887
333461969
393016100
901287629
866700769
699869810
129517667
145935041
644860013
758142484
933844567
508022089
780010582
740182150
242552181
368178269
430205308
995426197
45786715
594924041
519646841
49551297
168653105
630983471
148519305
662720917
120796555
732322553
114355359
356530175
160273721
150673069
535506159
927432005
770851616
190885550
790434029
67803217
386163541
432706260
8277961
503845665
34822116
841888809
297054697
581349377
555442052
939854501
420438648
72519689
489280597
73962372
864303824
375347807
219165937
803325561
695511917
977560741
365668647
621368996
78355261
785322761
138778937
767889989
812533289
669366345
455016531
579767991
630605061
720250219
51996591
568462041
160617101
339000001
553416364
491437729
539429455
498419371
126851395
147005677
96567001
630710311
339419241
186354599
435512479
460025151
239600139
920265591
697903443
697058413
743299735
189098179
555028207
476028233
442391901
229842241
925946131
986459905
542425273
526418865
981990625
192987957
388269525
86464491
866392289
761357965
443702451
263477203
891870641
137384767
99329410
828554314
104051923
89301457
217708121
545344773
704978613
718391776
109702241
296108119
455049551
933610153
837913693
119750306
305641832
180822361
929829677
43910074
464876545
677453711
739956977
407810497
677197409
657320573
918455231
839176061
554363321
110794101
136420951
24781745
934634379
125765225
56627791
964078041
281913001
396678271
174547889
623033401
969827426
222016161
113141479
22968781
540084701
222016161
117072516
809636737
652042975
876422778
809226805
681459791
903354625
939582901
609570783
169360857
240217931
375012441
875477293
917359161
694099365
839228057
986524759
273052214
779980714
90195568
84954839
279365961
408764394
341938649
117573439
371347209
726543967
966149603
627672019
985418511
182732753
548700788
239703021
410394387
176799871
650386917
805856475
171512701
384047920
466175192
432843361
611461721
475542295
398188584
131015873
248629676
464444297
283890146
782415809
209956921
572851412
920383728
2752109
477837721
957555681
334408145
380357481
981727629
880604891
334521795
546941165
620363123
997176733
701196961
56426241
52947241
596674053
978823137
437265545
351058117
412331783
320420637
42214487
179359569
356822738
297168629
643112381
471399885
392051961
305043691
18862811
444611377
555302951
16003757
525462993
124323833
900314745
183125031
520709533
481398247
326097251
449883541
789806041
860823980
419281935
333901481
254011530
231566363
154669429
640678132
708861341
156300179
304024457
338251501
804639874
161100859
75376021
193234179
61230297
129966795
982105635
114474136
510865001
860222110
351018639
130787761
58187852
974057179
962792201
975566955
103885110
687581121
381793787
177099611
565838829
913695673
356444825
973239385
2581281
214297886
340171267
125354973
700799035
411018421
774454026
248695921
758946967
837679985
212078477
471180211
147227983
669593431
210482458
858760381
564098913
428445524
136249269
133349205
808265691
246923660
195407105
133608958
116779839
966103725
822969665
975981053
238110126
225781943
229948397
232412589
788670060
326871775
169334409
320380294
779442207
237489413
550258789
425903321
501876989
42070289
136027885
586545751
422883001
658666405
754900076
654789631
403250149
691376518
33287923
670413812
745414493
583172596
100322713
150417505
403388031
853047733
755781277
376214095
672937075
129575066
795998561
694204001
391069671
369650763
229997051
590910753
857830579
460330537
859808591
788954736
861121716
393636891
942140447
139857926
814217481
60731759
461250633
95071136
205887317
439367251
562190086
787894077
18298501
707992356
876916183
660042336
983224950
880551465
561276845
470747294
603046100
933961291
841411209
505332165
522930021
323327841
586539901
756987845
506353895
46126703
799074109
129926821
711404833
677551553
630997851
675761221
382285135
960058411
531433301
821416573
827014793
221631105
629142821
888007457
964702263
900166981
26970121
266361506
156300179
953313089
927366871
449760201
460041665
27974511
599522884
938281601
294811430
91347311
582397159
242250322
34901021
54191077
643434972
938796991
399594445
848213567
984682363
507838135
578995695
42341868
524224863
195654247
401400642
794349609
43687505
48395565
687584393
962808879
546879629
561243279
147027265
211410053
963266565
822043395
878282672
342015613
324410003
157166875
152002749
48307617
430935703
953994665
542967905
1343125
627656151
209029281
391730829
108210851
109164969
187944653
420770377
924937115
474003955
976288179
229540944
168302077
79878285
329853369
570844611
728348211
894481847
709040121
602955985
614310599
421172241
495359569
845182753
289329919
616304119
677758571
414357148
670723137
124667995
807532959
163430977
888833615
21608068
739150001
702517761
491663930
341534976
533964281
335262477
730605815
931125625
931393891
139915509
93628205
12231223
266629165
556593441
423559929
558108439
761623137
500029602
132727417
321398786
397767489
196240571
120929185
55526411
903039545
289993145
691365271
845375225
330386355
622506941
647998757
784728401
552016533
170290511
650432845
324681487
10639645
476213529
151755433
551693251
663864975
657254090
913849419
265787778
127840201
661080321
542975095
463608593
115457342
28387912
723012813
310666445
373090659
591570647
699753229
559283731
238630234
799475431
852633969
340296026
278051223
280490257
73843817
605715603
864225301
495031681
29382096
116410813
402926736
571158691
399526221
886776875
204923151
31363413
838470017
145657745
96965071
282718081
591734105
820677643
536345563
920452809
271588905
284097173
773145485
861837555
124677428
203251072
853133143
943220557
527671818
190201517
630912016
789589553
882056753
39798929
540925014
290255101
748159721
133161101
987026491
241040961
337538079
996068717
403388306
921138917
434996073
395304676
443650105
595994441
320323273
344513317
794815443
44579783
776368193
704546389
962912127
94316336
911459963
903223361
160451151
390549672
502121422
704338160
655259263
252306000
44579783
119808537
19955465
617536853
616948099
715950733
179436661
619197113
612439636
901481338
747673105
501890205
123356616
546402225
245150609
191237358
774990415
304085613
698965073
339146169
360983909
296205463
84045581
543423661
736238241
764403783
756789671
71746190
698845827
815462755
669814651
679599576
529293582
511220572
822603708
200277081
776664918
478087693
530003249
193010039
302257340
497054981
404270632
445719003
60321281
577120025
469755691
895887715
341245067
763017229
865509203
323809201
295958337
471818476
299019399
872562061
945266677
225386695
63666342
857320208
450597305
945232925
579079513
119532951
942290072
257797601
294975010
24253801
3890151
121928461
414130296
957537006
460330537
724303480
944315001
945902018
472312945
213492243
44269420
572767490
74837144
648418321
30568119
32078321
412074581
396242944
575384602
188088929
355841315
150754812
139711121
477906257
105695775
155225229
312613647
940761425
942516887
905290425
909935453
414972097
558943257
382425113
312092673
637751906
433551409
284688185
120246159
734191866
634722220
249095205
829322861
542967905
216829975
88056130
753189257
33600309
806682407
287472177
998461892
337402189
838975491
327422199
942756405
848290552
120641983
139607793
796397187
652626251
150738625
255763685
356638461
121858551
664773361
787525576
849432950
332833732
200307561
833681521
73880863
591687854
756012657
892120034
618704329
983049329
668891791
763310178
645978345
279587521
130267041
501510119
589559915
22194882
536679943
760494801
69997537
866129071
280753589
153811775
596404905
492710593
571089833
698524456
274094721
312092673
595635425
575939479
906085939
417004029
648795299
699560121
803073393
221626121
351681571
334037095
200089433
608223737
529787472
386685774
794183882
378355787
443038574
292453985
875428091
809421335
217537373
672074419
29753384
15271327
91717591
950551011
774016775
708956867
219751517
866764431
861804321
341559259
771353666
994632423
207059429
726620990
662765945
437296942
723997989
974565501
621336602
154203025
59263141
387149172
705402078
150874017
791778962
424145949
746950034
113918975
385592601
120675201
37343007
492177794
957555681
448733155
705213916
329714610
795885373
900106327
691518355
661343411
325986479
409556577
991345493
675285718
293820565
827375319
352999716
73502973
66455029
67363702
573650981
253029173
222024869
758731156
496078675
916750765
450549093
209029281
537747293
575270691
272875106
879551785
296004140
128230553
825131980
648645883
593584174
619016014
561518745
586818007
301240057
535063620
994135551
303427367
797636661
719791265
348821010
835295673
118624505
134637169
541140957
994596716
622036325
459366569
678138715
523077057
109543154
428003151
955303693
577560945
755486053
384050399
510758294
440952491
890008501
626531922
638360677
502564701
670977743
216433726
669341851
317088533
817875375
207979501
606619087
668100001
50304156
566750614
386666545
542642865
338492729
631667393
599426321
835714659
488889881
781956965
992851641
885989977
596126115
967060089
281564781
314673837
154047655
366993921
6814498
775255605
299169593
540075235
619342655
114689341
18719681
242224437
336262285
693764873
376560449
42634377
534316908
24051011
200499007
187025351
795190691
345532117
450284827
672591767
555284413
460025151
537251137
515978599
217095854
68749028
682903001
107341308
156988861
519527217
98272701
692895129
341534289
431605961
14999263
306589521
560875649
919724487
999970560
192522213
972326301
832507673
910017161
673153901
85910964
966381607
323128463
412886901
307982636
838393394
163430977
45045959
741520711
583068587
404368305
457379157
125084851
674996437
308401585
620563489
77016197
232638585
975944411
600590345
65933181
447632767
462019021
175086513
933810521
145658877
233165810
577560945
578101501
278129633
377117795
21749783
178514497
932759169
458252415
953801179
596689900
933610153
886489629
266717671
278895181
155153221
100322713
319309161
741076685
337755989
416346103
189651501
980245277
224348836
138481626
269819181
955433505
910760961
88237041
55628401
464371421
719380281
124670554
684294667
98617735
236118709
874493417
692642011
506018357
262004441
645285747
698348166
566562019
412778131
987534669
548033824
9476359
267754335
679024811
693493224
647139336
300558245
434156209
137136385
683230325
106476013
945327985
21333699
318447729
100744429
460543489
224627021
244583829
223502041
410378825
21599591
603964409
596825857
212973921
683883673
610527051
436594654
564875233
720420639
303924465
771504271
878101841
16856676
593166861
961960603
807450037
324109781
147639975
268649528
237411247
253967501
841061237
682691501
863139457
505332165
944978837
619197113
385018647
502534085
683401246
773841691
5562341
41141001
889687731
72422711
846953630
200163601
809874905
110893108
945403681
994295137
948842697
997347285
261415321
519466906
170831765
606848231
118404116
691208707
799740121
565864965
687682321
927337221
781889289
375194178
557090702
968878533
746825960
137439453
433177847
302945385
641488485
916309621
17301563
80504409
530262919
168041237
715431226
204218281
7845041
665573751
143772599
886584736
723292382
639138516
706340061
191528428
126142029
954514863
437531651
20423507
654196673
55827411
805261567
605598585
825552757
826794969
909235069
753842931
200089433
226209957
466063262
368994805
940035605
819466281
918455231
248695921
188774473
175536356
746478685
822907889
622082621
181971969
403431972
298444811
309692751
496933149
565405777
619330351
949997223
380574036
389810117
965751901
240437180
15870637
747673105
832241785
874075556
224510457
782442042
546049797
537550961
165202785
893286883
24253801
153017029
696988296
61640211
949021665
443998825
638959017
480049056
788600667
679349606
671434056
379729126
794853975
287980485
658183883
418642994
861549596
799050227
727303253
63137230
995166673
727273745
195000626
350240801
201317531
749021981
792173501
898957531
479724185
581093335
260197941
506909431
167287273
430433780
909671269
897942665
150626569
18879799
992219255
12750587
253367723
664845265
451003917
633519888
781851097
898462756
413712891
306044157
635787465
2495199
838091505
374209702
677380745
434397109
133455477
678850821
803619403
996338691
180025470
329174206
577017151
722264432
148967493
977694125
813027271
879615676
619422401
173931521
791620661
9577516
146670626
483790032
308471646
575838757
833222259
855436275
267110155
691902645
267649765
229683366
601008056
942567201
316093575
462531923
439325452
792761561
221314195
916722561
513138456
280870750
850767055
296922109
938907577
136183181
699040691
161708605
622476301
850196581
263051135
319399099
260561985
239780541
809195557
902947619
673353214
833150741
431499920
196444337
441988412
164363107
171209809
188779690
333431317
400585073
269072121
708987335
897968625
326145739
970779601
152534931
131449384
83150543
623408503
549854949
883151608
333412573
503248177
286301165
242915652
488953301
176080461
121369536
123498869
892900485
886092733
684579589
253984729
702517761
188590109
740953341
676402813
17584471
445940001
876846725
713993006
143072374
187840721
631235283
800958141
39986487
88310889
365778821
912078197
289682350
442453541
635759427
684439865
765437479
897744162
405562391
659393413
92454143
308211559
618895603
106854884
295117330
406153897
578563809
686087222
392205608
343739785
410653311
372898281
574079701
94507566
695125436
540161478
796965563
788730411
311221295
365479077
980740039
370896165
519904971
718814824
803696549
175289681
914182693
432366759
300355745
123885731
305700744
631907326
894293781
998207446
178017057
576341251
540050457
297804726
561060339
697543891
586918913
561243279
113837351
245972295
741446645
898946425
860671825
800682285
381137735
189236607
669877793
755022303
651179739
34878311
653363793
744506674
628469685
253659689
685750166
103908341
5491373
52778105
853412991
525462993
812717240
879268561
744515343
526092126
964513777
258541341
802697961
137044913
326545366
657299181
483970297
483970297
522751385
79665482
483219568
161168656
33262136
425780953
106752206
373599945
761636847
690346671
599235559
69126637
853023021
414778973
597186786
507313933
901837621
920121485
828051541
499052345
849783169
255478913
490052361
205868243
940270349
358853551
899177933
407677252
694621701
375251255
704925227
396539151
396862306
233751727
671562169
192818709
299841624
721951066
327768929
858760381
603752137
619195694
652668017
691553213
828051541
579898281
839395115
904644976
392457001
855640173
259463683
198736940
436764001
671038291
884669839
950617345
238254081
899177933
77317765
818594089
687531773
155951021
825399023
38998967
927423975
972166377
729123975
367638091
114893523
838402513
523566739
310772721
195453889
712435047
673403985
978721809
993168865
713570281
261168211
702799128
358430601
381540697
623442711
625579319
938081201
938811719
952002691
356670729
729284059
475883119
385284003
889127990
826864026
500921387
651553241
795603271
164875283
415333345
222336986
875555801
868663691
293337786
643390906
951904169
459158399
976874207
544794441
346540429
649588433
438846491
710982971
369639061
236738603
714277614
245575237
143818529
100134196
790964785
972645571
55457869
235818383
283680457
363517940
324753508
261895841
386690851
498474371
151755433
718480972
346126006
188442491
366974555
56353943
334230315
416327997
874493417
376096671
434759121
363991885
510942211
992870022
253249839
452661258
553791901
918165649
263778913
989379282
79192849
930342511
553826921
815741127
149466545
639786221
263931681
799833981
112861519
222646775
150311431
573878949
316742571
781065929
258058271
840578053
861342977
3648277
489648089
947115004
888953561
766742801
578830422
48036985
374241941
663563451
75966591
523408121
767164871
602635609
819712239
832952466
210454921
100350654
403654753
491803293
945023830
408211990
27410057
640317615
67995897
736324561
961918296
192070373
259782164
256142131
7572423
549234057
575850576
543674713
132317554
711792971
336443305
742627501
247492703
196444337
665550143
587563505
61627253
441850029
969885729
132841730
937075106
623744669
645221795
72345471
548918836
621784285
738721653
314403870
867773981
289863801
193325663
251568210
567130913
262217305
416535343
100376901
185919585
546649501
328324197
435188421
7572423
438936965
328446571
687390471
457057192
982611131
912303201
518900586
963813135
385861556
538372393
369146479
140275269
505948001
406758365
430214156
662208501
434601054
33862734
780973499
597751151
260365905
136086157
161011624
436322373
336680409
177590611
512649861
229886001
124655574
361811205
123831351
704627385
911994905
471699001
345881806
234357321
333678885
501310344
599882561
893287628
634555151
935865527
537471056
184418811
543010817
592765377
186832851
522370993
71201199
601967572
874881131
947441941
77305921
341950460
358130879
661488265
933844567
480984137
743996207
508814847
152251625
514022429
204275657
37505355
547146289
527879699
362430233
42656307
819789453
132588641
282174049
405328421
724094158
998741661
260409971
450588193
438612423
74652799
715740733
407122770
280747491
703111581
143236326
257930501
640134223
552955803
356780813
236809366
949621569
124150723
935203751
641650528
446044127
613525241
595985305
800184982
536793346
493319954
888960377
981832101
219073501
249370537
606797393
676376965
816702389
409912449
963224529
716850967
43273876
928020299
923117681
127391991
304272217
647739139
801947
624801513
950003681
528926291
640917253
1222081
897226099
936608601
128850186
997024761
483031837
114464176
648125111
929306371
417729181
746003937
751148388
215855343
964086651
185633813
391252289
323839351
879584281
784879505
213327214
328375293
269331721
131989388
812548691
568099277
372149959
109444801
21951295
465580013
835071151
740654222
696866266
755747914
646563779
105354675
630544263
143818529
558537436
13223961
238171766
132438247
308864776
942847317
18298501
809268426
880405019
927103595
325418187
548587331
820417883
576698258
879532245
836671449
719773213
396981625
234518908
362949925
220538497
310419801
129061200
967680449
686506647
312511271
40267920
803904971
90551032
423559929
670875341
685653369
346432701
634333760
454522110
198347809
105737321
147858978
165046413
836905189
367129309
126537390
663997593
733755913
212494438
796189025
326274505
740268001
559281996
381921197
420708237
574323705
272834723
270621751
461564501
95052441
242633669
188505522
602330702
91765908
233036719
644450129
750536081
908797369
135786548
455527491
437009553
876821169
102373179
523378101
415361269
440345525
772053232
118657215
97113851
632975601
955469738
133881514
688657317
550759393
703899051
315373767
152374093
59530941
477524681
334096593
717162567
971334393
274088027
624863299
459384505
799908446
381648490
192844067
333329382
212990437
508053785
887332788
671869789
896290538
736841822
140861983
991538461
816060701
542383780
170377492
615634361
973708725
57096081
81259901
469178197
22842660
655205001
937175001
192553001
156988861
921068389
688934350
970779601
719352343
202374809
300882235
563133377
978934383
448658751
932378289
843016583
112855201
844809401
678148031
993168865
99204587
518031625
344916257
653152365
339308841
754507761
837424833
945151169
946865079
860128603
20786179
993725331
765978811
887244273
352151485
87469943
910527615
215612436
704040262
442595949
789406881
626853897
240184461
769943581
96632573
930093548
271412576
481659129
174697656
890678964
806105387
178966817
892139900
733634164
285091553
566440357
840399173
452241121
391530561
476571725
426538359
204917066
157618611
618835091
678800793
983739146
680750707
443456111
60025401
84310346
86294017
59361765
890503639
147246843
53915501
846494323
498208101
747099781
136016246
265864485
590480801
986444353
605486951
127891463
225339373
437549709
464688217
13411139
338507568
718430721
817902733
245201403
962129224
296898161
931346773
575993509
808697936
626581073
44021267
785525782
229517814
758046881
640538331
516708945
948261333
774245408
225679791
635019523
344591837
578377513
901091203
352577268
168663057
2399703
243362291
949653065
234201458
182669935
273363045
433972870
795808401
732808150
58129801
28904441
218849646
750271479
647814016
988729410
662012657
191132574
13712097
772555985
866973910
559392027
848342491
743260844
79159587
294164021
395886557
575121605
979539375
976661149
544273763
644173942
992125313
87756061
666743298
349610405
31588695
57424469
683700331
231001073
797824300
610932608
930998401
229949422
331075332
253271253
146039957
876704855
471133237
764726863
206310401
694204001
358918221
741023633
399508671
272611269
501017747
866048631
518002909
343461737
936003617
120903301
232413651
371137901
411198005
930909644
393426856
427061689
884123090
686744671
476030447
255763685
177390787
638707171
674149901
463609809
877680833
143545357
153017029
986444353
939037241
375236421
35297493
74003553
591773101
153555841
83314497
351185501
259551361
907239176
315529880
487065581
53210636
37763747
393730517
331976017
433868621
262623961
447288367
178741271
398341257
900264891
779797751
44186593
252013471
288544299
52211435
414055385
941232318
881971121
500295149
824573425
936907859
805690635
687780963
396512586
972472266
889820741
318196785
657874627
815811007
847408513
158495725
156785684
110380069
309215958
704546389
534993621
261841519
322739349
584785058
702738697
591165261
320639554
333205625
319592393
24306045
576361689
336946903
593852449
996572641
959639051
851009171
706580897
411581304
132527051
563509791
719309968
963934001
808799645
195399745
34901021
666721081
651081822
643694951
277246241
2976690
585794213
821528233
849126065
726734789
345273681
678757561
298402125
759308489
198548526
552789441
564023841
821993795
427327095
866756257
608520111
245036227
630616713
468326923
974819496
516073299
385688881
291733971
376851933
62516525
255725571
666763345
457571600
571399771
746259289
451994028
431886493
436916118
477688292
856472739
418280631
100284921
824529293
507338577
45434645
564512193
357635775
875521318
983272233
976202521
683442551
593448101
289743361
29737051
38981803
775211865
537251137
364208497
453460539
31363413
77323247
806528037
204572096
434495585
811078917
338304901
621451721
706813633
341085642
694348209
851589921
288584129
777250731
741231811
995326697
811467727
181340369
527581025
957941185
781297065
933703935
184712721
163430977
551009667
657301513
157654915
499901953
832057649
248665213
241577639
781925843
963991105
179795933
721439636
417028965
268588067
933820531
529143761
170812522
991216395
487333189
376767121
914502453
792693747
66938551
803011201
91010010
365820297
534050067
316995337
814501601
330202003
235610349
647179564
171826771
44471436
736337045
383803131
911861339
70633581
504631041
858439761
141559441
663594366
45823101
785234969
592431451
454590037
219550483
333446551
181524746
156238189
587930369
122349049
885958973
875580853
497756626
274317609
237243781
228145071
922830081
320921140
253151809
545922061
778916329
801221717
624926021
740164226
971224550
992320186
790940473
986022777
216157049
662442287
973649377
69997537
55506561
732322553
59151591
620531959
703132753
713696017
938704117
600251701
504025465
862294711
826546947
96307456
421111171
493219121
803832001
484096859
446776592
726115481
428256715
466894811
559283731
593188237
596788447
33848745
848869543
821537766
418536709
57546777
769475041
153323091
501522383
376035420
218924524
893376433
443998825
195407105
885683125
997410051
650017189
716040746
580039521
991525571
226334326
870515047
167580307
687543988
768802626
618704329
390156901
874109001
662295731
504391425
954291117
552728281
862993391
833020777
836905189
842404626
971365556
639707898
898277971
573145889
939778105
342415393
884846457
22868291
236120563
470007965
232991439
783922939
511091201
864225301
587703841
468310116
232423901
393481026
451702996
709033667
310938821
460620541
120668421
728370461
323332023
683442551
745908301
76286029
333715629
744329549
436631238
724485461
499811241
657103835
207222453
865479351
575838757
805805477
229849981
862812281
224001346
414055385
224510457
82600313
74264826
14721931
314161813
184572500
855282993
700948321
538404322
434216931
705181231
937065809
619052131
599753113
771360141
29641360
971313011
814378981
684439865
189554521
209354766
380311080
902475889
437784251
918165649
811356189
612095015
763175727
117000745
686252795
207214713
434597771
615607964
141096076
841270111
879141453
735993979
436126429
501521369
822290419
587273200
834505876
429782093
960216021
355972217
994210771
160474718
464876545
126328128
459887880
895631777
466984140
207778449
25337225
190846508
817059777
287433717
683965124
370315129
172155457
422388865
918120093
473772035
928945719
862401109
737376969
163343392
457249769
995912071
866392289
700961813
178057311
148775705
902885133
497591610
170158466
402910983
739968671
550793673
590304411
438290933
173293206
438993185
105904454
630436305
427555733
455511637
880551465
900708415
933800061
518618289
570815391
708157283
12096177
928965361
763824005
64849076
742715785
10904541
869625745
719380281
148569634
732205685
570119501
589001131
581093335
553930941
89312319
184420781
18786731
181164685
133336081
963017155
776980261
445324995
483115441
396072206
212677159
757361045
435248983
193887090
251997653
830468833
631164505
610256166
662570676
887264029
284990141
804722947
872251181
746144285
962755269
486672457
418801489
926432021
281694557
972414861
367505705
383645417
2852695
329461821
969989730
698188319
875560917
816303091
633789481
975342051
466289129
501452957
461426881
865039919
630857473
442567831
140530296
229237501
852372511
953568407
260546227
813617193
179827083
904601441
226916671
988516567
292526247
932753951
359177689
990892461
542555211
553976419
922434021
497948223
120284865
504341800
62317757
409835795
643569329
250210295
795448266
75164393
842967205
961316281
585648719
329339255
954519874
251997653
304358729
924169
500172276
478907563
312258039
864401315
897959327
801221717
599462291
806877765
127074386
799423053
757548812
388632693
133967153
589005981
565281876
529045249
28915786
558398635
960060501
553179621
780087184
598625373
27068544
33385521
912016905
438769633
694204001
291644696
907107901
372031449
30289923
204096993
757224775
733202045
429685167
63593725
949944705
140567226
823634023
867893196
751476184
226396316
676087568
907993991
578377513
145658877
823192622
859060246
720087704
948443405
655076043
277828271
154242121
452870056
994443295
786559415
357625501
645978345
28718741
945499028
102123420
630254393
119554340
109366253
527343621
568777126
187957996
271226471
176869421
750073107
166926269
530204433
967513701
648259701
623246187
271638051
440254989
449898649
18906189
952436991
38534840
217537373
922446885
184197177
873205339
184887131
968529253
811229093
819894211
225055020
185769075
299050018
498677701
333678885
323236463
865886541
600251701
372290961
387534735
342260297
7007801
782767409
311715126
434597771
341244437
565669957
376444473
433040869
221995641
338460653
136903375
700932901
380375539
597314931
370072947
115623040
903223361
565695882
513012581
412956514
705413406
907380833
708405121
47066201
984203379
845368401
706340061
4727853
75118476
327768929
307791029
898608755
544509435
297145949
102204781
772626237
664306293
202024848
666847326
376693339
539792941
726518459
803200931
963270881
401705237
316389271
969753661
178806881
49988571
107921
124113801
241368601
478089641
70205901
253826869
499688047
617067207
861556977
754376165
432843361
441071417
354731432
583030751
403341498
108455497
101974529
561474850
469421061
549657826
510455137
26645425
375625365
394158401
349804421
451156721
53176507
146573509
950787463
119890041
966847720
612544461
71493115
754573782
325479609
55684084
199952426
151999385
505796453
298050793
727700573
10822601
699976052
881646421
985942533
102846921
109792235
164941358
566209425
320486861
137245931
262908026
469865399
71618761
799963785
963514101
260272338
136027885
398122581
875604467
905995061
214176443
477962139
942919834
530445808
804445890
289261776
919651953
975005927
674778689
963892449
283691480
769494458
31588029
795561099
22282321
537550961
801077727
451456116
506062098
526752576
130935753
139219923
933792551
102592583
213512903
534915077
169136595
963991105
625281345
397895821
406242501
499775467
186062551
200163601
317409299
808055247
945145401
528691473
972724195
594889133
482374649
603151121
979587013
465702761
881223632
655979309
777838723
533919372
137304293
6963450
751741601
168563349
344266441
633227073
303356475
653301585
155817905
852561361
665930009
958057963
593364927
591638321
464933507
2752109
374241941
567519718
218201549
671522701
40305214
709726756
613525241
455449275
359475041
616956315
827347459
978777549
134420040
83846896
970339643
794839311
276032113
148984291
589364661
80174529
966874663
699090361
136188301
592431451
593448101
23478617
135129457
901530081
700558377
578147941
151586584
721670991
957703389
333685235
324710062
924643664
867773981
497548388
766939001
776188609
209531321
397193525
236010101
69082377
658699681
543150893
283268507
892169275
402678626
59022097
647223790
875560917
776897309
16577567
575532417
366253251
975364714
460569144
871594061
63643105
221706473
410653311
881369586
550120442
273103961
839392226
662098105
820915238
100460255
787558825
352156239
330576287
412818081
423172561
598284347
410739481
679432346
520635631
894059977
634175001
789123831
731163759
77647261
433651886
117364595
806001101
198177126
811745273
768635769
898587111
774279985
785303769
435182865
752582087
527442927
601125164
548599055
59393857
845554111
29054431
997134625
471528403
179017701
718357971
327970953
97327952
557700461
812218037
137011097
909721112
31766246
339607976
544794441
809366452
501405298
429463391
227091961
927747201
245972295
133213409
181487391
146356777
789083031
697962761
594910279
517492521
812128755
147164081
541845761
448188344
835260168
940489257
812578169
326670685
349983665
617943004
725116391
24924537
663017183
991134289
409303069
256084243
819767205
989847407
699816445
908428117
619958669
233358561
250931741
553101221
297525761
317800637
911898292
484797733
255970979
81892313
437375463
851630715
520121985
519784603
737822657
232729029
255963769
700785352
992300451
887244273
29060903
350808357
176217361
896143887
798102469
463608593
91417500
430244283
996485609
989353407
434730641
356895713
565781991
976369376
732035439
239413006
798676349
365713051
227430862
538556744
655571507
651091467
209032996
683264715
213388601
240416373
444992690
608900500
773202723
348884713
502620807
651033925
729374111
230395393
197787376
69844693
802598459
477495459
963206505
422576376
185189236
70129633
344271589
284770170
467158059
478647519
187610963
987291781
118676311
791888641
654562298
587570262
448007061
170003656
410304012
673383249
724283277
82993573
773873563
143576273
993957521
513005339
229608531
781027479
840799483
684408877
791149379
262715657
679249923
481065099
73393380
607896166
70821012
769309276
988504317
573684361
845419755
187691771
939133533
697925081
631164505
773569517
618981951
681741718
225278261
441839481
85221175
895776087
479183625
210907987
913347994
473316851
623713989
588298067
4105205
540583156
375198083
366225304
412390594
904499993
89157491
540742021
105276080
484012139
508253857
874791841
598532381
15555994
571416177
770132356
338255787
312693078
437176901
881442161
208608777
487986525
616498341
601211706
365843961
257839453
257377245
719651676
814263721
31356852
951658888
119326496
58984223
26705857
316833009
312499483
227619649
456748920
311517601
750867817
986355457
815462755
239552137
482579088
227242255
154950565
831645801
584219677
466925001
939309795
924111642
946491651
197828705
917940277
498231149
2750315
637373434
944202053
809455067
816976197
938704117
39041855
169328216
554132986
116687199
336727441
397028873
596751091
520635631
989385457
163206043
169331416
600983371
509404325
24274453
610167457
38827761
903850521
380448801
887965617
439342481
579027253
582907753
86641993
243841675
289641011
829936176
846586677
982475539
460183763
429888113
556838701
866219769
987037859
884771641
86472801
888285696
660423781
748953544
585985353
951956626
931788229
178743073
726568769
718693681
877761181
876576747
633955371
962584205
911345041
691484481
29944813
607332001
611461721
126319333
6615025
52099355
304979097
499319611
911356419
100744429
439515711
118152125
855777607
249095205
889446398
224944401
832837469
430015697
180402771
89673959
843833834
578598539
156493049
593377382
851589921
267789026
987348707
842584910
928635381
581754327
677931501
448898847
334150061
79192849
282941195
89301457
221401445
712389825
24344711
719989061
435533648
577754137
678847275
520847941
865886541
603151121
963415793
539122607
766645975
635175956
732609583
885007873
737849833
751435319
182833176
307010105
53674941
455432086
273940651
865013402
615288801
429796499
702502925
626602381
861342977
114689341
301822785
533119601
833742026
836959793
678638055
197918501
435479973
652227225
6044428
459288113
296986243
652947451
486814859
831424811
125354973
216807297
130070801
758729003
242368081
871594431
678593301
950353403
788023555
4829632
185965081
593522198
954108753
635149077
713145498
139564747
654621956
546010640
631311839
136874005
111033257
579747289
140930951
430624065
73671361
656437091
92580001
294366313
796087239
413253657
890503639
127840201
997526861
276657341
595120136
330627585
976047839
272831903
503358311
704056731
168112601
111126870
47052353
150929041
802598459
758485689
72435153
669032321
34990576
781630094
383968073
380722969
651415073
768531783
879012144
623953525
351370201
631300791
161631907
152733698
552692807
96214089
983968273
11249441
265082045
688200969
137074841
3291614
436866087
186610152
35994447
262105849
430892077
742010193
664409945
633468491
654185061
840233546
234502045
497307197
92109289
809232868
339896369
522855569
895776087
617165397
482053881
826319928
935408117
438424265
999331357
914235277
808819801
22968781
427834843
653201001
456019856
555168697
615319849
662098105
681470766
536507021
510049113
954956752
987291781
816114059
926108589
613797251
764931781
318447729
870561366
220631529
222873769
244957205
474890733
550258286
986884207
936498863
268616357
570992481
389866947
915153111
868845649
315685307
248298245
157497681
578699367
424107901
485253470
465418757
701970589
29054431
520426593
393038585
918479721
435549179
594962877
253367723
479393701
530874637
11548516
745309294
896712907
385470035
970233837
50471839
201320589
819808051
299870049
317719489
837500895
672223735
794815443
552810593
210217171
552267269
765380501
799931007
657340370
786240297
257398423
246075377
343426657
235215113
555090113
636012842
613586304
158118949
807589733
682109971
966998001
362744159
715701161
135964495
20168694
849613939
345426851
769170023
84648767
728481577
617995001
58043431
882223573
263931681
356670729
516720613
808940320
830909498
712674707
834705774
484502105
851932863
600646275
229417001
136345198
187543268
553246877
686007209
706287563
920980829
328375293
314913506
472466776
597774913
989385457
911903207
834418561
427328197
845223961
176161403
679451396
234812651
739793065
515354361
560467599
771820919
536614397
553626513
991530642
100663546
491947997
929840601
929287892
331650750
457132241
680465347
868560347
667565587
698732241
353355609
680465347
296718241
121314231
233816706
412886901
501958709
489153051
958396883
934884419
667362191
423786788
364595337
25424451
134695919
236103611
34424403
52213889
669593431
55827411
245554801
807146996
34235495
169162887
959230161
814890021
156944673
698349305
626344225
944596407
582136229
755705161
304377697
412954666
147901425
239499185
809828665
251828001
821450303
499115773
348038523
137520025
183861321
939442429
614168785
320581891
807714153
31689561
42060709
493081874
868982317
728370461
721912543
553246877
581499303
855002673
574793245
442097471
17178349
178342731
101357001
318732797
292833302
104950187
390860717
775998361
638393191
100530283
872718081
517927073
476637893
406355441
422388865
506804842
832017002
470021042
183628226
478589109
715701161
627551786
675415245
826074611
549049361
543315497
549004409
790527210
575843753
574395251
662513084
851208541
477906257
532825201
772056671
18024217
638116748
176998925
107762641
381097516
900861037
773708311
697753405
727344081
229748901
726942066
762790437
900957063
175234685
595559626
307287557
429559161
982110739
681977101
30568119
799600547
925097277
24748896
219826916
947505466
637072100
604203443
884703050
289535221
877400133
563496201
510399199
764089447
37001697
970200537
885522239
601706597
805720449
356154006
393291085
233399439
515476780
786616868
217832229
756824931
60010371
849674725
594716865
839824392
789096197
280848801
975342051
57096081
63442991
565789731
510442814
840097259
618022911
316383861
212750453
555162379
104254437
510865001
625882581
910273925
216469817
555268241
892169275
646036229
597141329
485446821
488390961
126142029
95669451
486658967
656031749
264795300
484420641
45884146
843615076
290028392
465181913
915663805
327461940
331402119
880988721
970481065
234908245
709645012
788462657
10639645
170318435
937491551
1331046
848917840
19719857
1049911
960867865
224336136
19483094
178669446
872163381
84911459
668500011
73720104
703460501
295386674
865776701
315759285
324732979
5524947
312907948
918135485
743879026
160922257
505976969
394734143
541402742
457249769
637713921
403418946
900669231
808697685
277549701
25510701
666120475
362111897
90708333
912099607
225729641
799297623
543071201
305506650
453008869
841639569
907158657
214288341
888084273
111065597
133967153
559898188
692251889
967114151
816929285
769511446
685173581
984682363
334706371
815725514
268725830
108667585
468261283
773267211
314414494
9968361
196438548
908797369
825184183
907107901
799376773
555861803
569368411
383697153
88596219
623513921
720045649
374021819
827627288
192061873
965193383
91694197
67806659
423864161
564826765
542190141
887976581
968529253
110820529
230239837
454364671
290674081
907236357
312851519
488077937
889881001
326417993
221050209
71781701
488798277
575323317
557894895
264994965
899982843
87622451
931125625
954840265
685365061
185480453
137520025
116921789
220631529
673117049
269677048
201122003
252080664
492278594
849783169
962425095
569132551
942847317
175826719
401649025
800094253
435549179
470425521
960950109
649490901
521313023
24994358
639878067
985311111
298736348
683338251
369694157
945933670
60623397
763491502
446249155
372116481
429685167
703816971
731185259
848175546
127598281
956447211
747716631
732174225
408593981
594510804
803782981
719791265
838676101
77079661
44262007
683498651
574591775
238098217
873454266
732797621
712793326
504090929
83492687
719380281
232912837
737101953
375625365
926116099
554458255
167853995
108440389
185205441
587442953
834397751
777478339
218705921
207442138
648910540
871281267
429176701
39789461
151527073
498557285
877229887
408726281
297486657
81338622
601087379
30896969
143708001
209804501
301068625
530866337
196860927
650711512
165495526
514529469
840317321
137921327
813655977
816842580
59654821
68521382
213983801
34933917
146511193
693188501
324805265
429463673
385724681
765818944
265956101
394079305
165752209
895629
346388901
165332773
96739441
28707041
948301367
440895105
860995865
147180259
926113231
8606485
290720777
557296697
37535515
580377731
52343089
205655631
688855938
216596573
749869591
88316996
236299627
184972396
56426241
561832189
403697753
431597331
937339497
562980529
594622845
877608247
147526101
667705257
441968246
716587505
569055055
599605541
979732773
965725778
253472771
126868213
299728403
29379577
59043579
901085537
532556081
754376165
98023709
37405777
526249813
794261393
115985597
347361101
119209365
220810635
980643503
700019719
399594445
297525761
375758881
326299667
908856801
391746922
409823626
475636833
974328402
106798053
83667816
363200004
833478054
743653017
549779353
699090361
876715803
381261677
133696829
265062697
947366197
601175453
68265181
797060105
9746411
187840721
710963359
153886341
647852261
375236421
693188501
551266211
165399873
93478601
345040731
64161466
705486351
588440102
951941591
952847307
220013621
20825447
657505576
177394786
888725139
305071177
257398423
745880126
789812751
286786979
101136103
940104093
493330926
967400015
641488485
521914549
322377783
86135383
314101593
147694521
50786241
262402226
257929669
994003267
767010201
393988244
404717052
573862331
244124930
742706464
546935921
361501367
524842350
251007208
287890850
960512433
802086409
761121001
450278849
330815651
843835866
774668797
51788391
960216021
953306169
677013898
592420335
237634793
471679
681707697
145050153
336464771
835698777
96739441
499052345
262584187
332509767
736324561
898956593
603323075
629402201
677722266
51832344
119909782
602110121
617840991
467211199
482970913
6311213
601814936
776892142
151999385
743653017
253165682
643310241
519992214
733969977
588684839
171713351
451557780
505497561
59530941
579411649
154065029
399923643
559831585
968636101
303053498
716496001
62156348
608012571
100093165
17640480
679220631
596519951
604493740
887479829
157415629
904377561
756047431
38239043
647617496
9476359
571441453
539202365
838996378
643070191
627581609
956588373
980242775
359216451
58488667
277572829
12423173
934275469
978844101
468781965
462438386
704563385
644957583
341231687
187678921
691436761
420984919
115091357
338096113
369250166
22184987
678765379
65171848
448849754
506420353
881571926
159281240
351046671
930856516
440971705
252517654
528998071
454876516
371335256
410324917
13997806
219463325
65362427
666685241
381373434
111624479
327567251
560901971
958230160
129524029
809844991
648541762
711133312
365113022
153963536
915949261
697571971
442538125
759804810
49174661
280848801
951089695
490769502
389447273
918135485
998743912
718264590
285091553
140259817
58678913
6708669
270975265
644080458
715036451
176901957
86431997
758524383
270638899
832693227
475868605
123242963
639819401
301776701
881062897
674035325
732757917
507670951
676263981
219817110
96214089
171419323
983640233
169360857
833133151
593590301
88836891
42264527
410394387
756685846
294228281
526039821
538141686
90004491
543505989
352001027
455944145
253587893
438851767
592768224
250183151
85544647
712723235
59670098
158189663
34519270
758440365
42814861
786272255
956746030
992908429
556212495
82519811
92454143
987026491
629382521
824420172
29393
526273351
643431243
723738361
633789481
642526685
705215006
957174470
735069953
237061144
411932885
645918998
450622927
241954687
289329919
537469521
639969667
927103595
458507753
427187081
903754211
310081989
209601143
287715469
277580729
136104779
743087261
784172805
953667701
301165581
578176223
107370243
59494179
95423667
383071453
934707545
22498437
351506063
231913921
928556817
618081121
392103514
550258789
163430977
435779751
869821911
19227611
855104545
601006329
53722931
769647281
457258457
13296222
492730575
89955037
809828665
638701791
116261219
884718601
266126901
579785833
409292687
778221921
404616811
811132521
744605070
564512193
528141196
894941777
881249505
400922351
675375729
63491501
597140757
252228931
708785685
101146991
446234595
922351701
141464955
252886751
412226145
587196271
688302457
248925405
995571058
354130977
11249441
377618301
472842169
872981335
634473222
203441594
678652876
330377397
903887033
115543241
989198285
520361751
843092126
917220617
809941061
614970051
49958338
987103935
572225813
186498594
687159771
764627775
236218921
629355868
144977589
597140757
840696314
439959195
710334780
993294471
207305575
222639189
151999385
346821685
301637235
80174529
279263899
873664047
632371555
381777073
537747293
823392933
534969184
678764569
451774218
672834150
798102469
34986091
487146649
831254895
848190321
156650631
305071177
698732241
192495501
990551844
439997427
614490648
463596969
443413815
601453088
157546533
501659813
162231633
897720809
439871841
981201301
183427501
276162117
578063858
917868041
912058536
481762737
305043691
144405309
138778937
434629434
266806654
432366759
963337175
655092927
819341271
439723447
944223711
389872525
69100131
775998361
936358131
152080841
691436761
41679181
406826697
744801897
333205625
425200051
742323145
285119630
799328341
760867399
43454901
674179125
418226821
140662921
159372553
224302422
346505955
346505955
924891961
324122769
587065794
97297185
550297115
249265041
869931661
567165203
633333295
947477221
394136126
204681645
360794973
632995703
162355734
278315599
971937098
82321156
334306961
425514753
521126301
215763101
179908853
469351401
654458011
46397195
19660979
735010369
946886561
467714019
703423941
674486776
717971017
837882901
859230241
162664593
402088423
204698481
650017189
868875673
430286491
492710593
419748282
824679706
845091506
743138851
977186445
955710443
336870387
836220237
755273585
468471899
557530691
234667171
394122421
313301717
387663619
457005049
208768313
246491807
735404537
938213251
660174725
69950057
656031749
767157287
89832901
240291291
739150001
714436971
517222795
659755845
650385234
234114829
287334853
223725935
877367151
992101501
708861341
932254085
17549329
964700072
31763146
415333601
633099633
654861921
957254163
82908146
685653369
326020984
908927020
868845649
944805411
972196620
719791265
32884142
65268971
997787139
278368261
92530263
252916135
887863985
478404081
231096231
987903681
367793456
143639643
152916626
675153605
114949257
998821043
567053601
520550826
730375613
512188344
998437144
639158363
425984391
101974529
44017347
77954243
817902733
972280625
749755536
79841
497682311
492103311
581850473
587765147
420217607
127598281
385179364
753034401
72250288
364825125
648490660
115192921
458323341
810092055
17761594
866571653
6459851
655656457
108703927
607144884
311765321
601309126
694997267
689012301
872949482
150948481
563004291
13655415
155019679
152766541
297241044
158151441
155138593
146511193
725357601
519922745
449041533
701969439
320342789
543852900
759641952
255134691
794598501
954021789
288639727
954797261
742016991
971719025
612272061
434779041
100781337
556556335
301027531
87730505
867146883
67807101
239111672
380333272
360601254
534029497
900979695
304326701
75596121
597018755
986659009
109109952
891547841
62817976
138763286
126766771
362589221
393571769
63108158
266890816
693670221
851619601
689879137
287505451
653036221
417912335
401390757
677731169
519474577
115563311
168710073
363239825
245054315
179136805
698893485
629816001
161183831
358312277
142676321
38165011
209721955
334230315
564692677
45263674
14331351
347932668
877097556
276909826
915784661
82622591
907236357
300271217
33375821
477510986
860400839
184809109
903560340
841409896
696420265
865044764
220341948
533599395
224300961
550401875
235691811
828539141
950181933
295543511
880988721
73502973
685723966
503791785
789113274
590136803
777744841
674481165
194414168
372926209
172854463
569055055
715794877
615363607
52684721
769590001
444474679
157419981
310419801
705394701
698279171
852848238
697628321
683208746
347759821
879584281
392621550
624639401
570206274
368178269
172238081
985499533
851081043
678703451
721363901
331768921
812548691
412670033
104174350
588228065
761881369
518951596
218640631
115091357
794261393
308820245
781889289
839207365
685939961
246201216
67846711
190542631
789643543
207968246
860590874
654580114
462379143
70931579
644686755
677744401
976742021
885104980
582372041
805856475
76025361
631800405
640860221
257507171
692942353
671684061
61627253
982622747
541188267
550397809
439935995
934365429
415911617
186261993
900503591
465588323
201731561
499471925
674443809
777884366
867487767
671732171
957215429
618456801
82964636
207103757
928273123
468989837
756508693
489428389
875144876
39278513
420718913
331248069
288544299
984346429
802755683
351257877
744614855
912557700
609064750
977694125
462981939
241316085
746661207
189603111
354049291
996365851
621890367
592283325
943281101
662372161
748298705
21482282
974241256
492914657
151963487
22671754
163890526
35385849
194122701
518002909
452360225
350908031
773942860
700193014
540104431
319546698
727229345
516293693
279417441
299436256
894239685
384110035
492462569
577212769
379178239
678757561
690626715
229886001
252389501
357001851
668379656
429412969
841062676
4894399
962900543
159097171
900323503
41913275
709931071
488153768
592593477
114129511
271930737
132233043
77064906
935668241
80645507
47862073
418801489
894339301
793343136
235215113
262004441
300048893
107450973
396491145
533847751
779002454
301541401
120864341
8648121
828577500
671404071
517770366
664493786
402726717
351370201
225615427
585711904
459492421
549178801
382102810
744614855
308474951
932286589
372674226
634760529
572834581
715843721
257682269
496764441
774340925
434495585
142950881
800151999
339308841
137161144
127092073
336443305
343426657
196529627
452524649
253921980
941531181
48987569
730605815
703460501
582397159
119805241
502502222
110380069
821179321
373289489
154242121
447477543
596456769
699753229
355199968
161849768
132568857
974816909
646501393
368350631
117551314
537479235
710106783
890741828
193949553
753431291
643920063
240739115
779760037
353560854
133234701
583426366
542006874
748971288
95465851
600891681
775982593
554586873
42801413
59355989
755273585
660268577
905199101
394488105
607332001
631465005
67738263
89737069
31601821
792241209
287827451
210907987
245150609
118364597
192874889
52833667
849870039
378272707
393403571
139130657
2750315
522258733
389100201
232301099
70758399
405011051
222890767
983703291
9246745
451743821
442604849
744825981
708299581
480511493
973239385
210476805
24782583
454675181
48980201
643550693
346712494
822646370
748023213
577283041
697903443
290807889
638652165
914350713
434540397
288639727
408342035
545092961
247414305
191621242
933316554
706696543
108634250
175502482
631366426
855751667
99133279
600137791
215488163
452241121
353863645
414132992
160810444
39222914
968630626
862949799
889917545
946274354
764073476
732595521
839875906
439792951
872160401
234377018
957070701
752561793
330017950
907380833
572845763
683090721
130732489
15869497
724811849
783927467
770884021
470270069
484572901
166463841
248746056
996367481
208615912
952709397
28852441
8302118
248794421
281071641
655259263
641435991
913286339
478187881
180822361
535513685
461368281
553626817
663567885
181805725
83349801
592577551
220272166
773762463
377894387
926776691
695535317
656473105
684000193
553318666
58278983
660552061
758133950
326958065
147662969
18933389
623408503
367573795
793043557
666584191
76433224
264559165
478089641
522282667
414799645
508093813
614168785
840467641
819768798
317721291
872619531
868136468
554072741
717337781
193834164
342444049
11262818
599617163
689169233
684071687
474890733
604203443
705074801
451857333
443867437
41118802
717861709
979644331
270853131
100385749
405193850
384642589
604631221
344632011
318795473
717507145
643585001
79400521
575408171
682903001
887216065
181643265
40874514
708974993
386502111
500092169
734568133
504940365
673383249
633582881
890784623
586248651
48378570
263502952
396459238
425703391
893599977
163514216
977503140
847803617
136660245
919435345
42070289
212904225
835679381
470370451
120996033
580980875
354130977
918292761
733451397
221640395
117511544
145935041
70384491
994557408
500437281
344450867
485811293
367263881
58534396
566002223
120668421
672251315
889268611
226587808
134538637
766560486
542042886
685270161
272951981
143818529
800958141
997367888
729651956
400838366
333278855
619888782
137423295
324505158
680037636
415492653
330155111
395993085
676160705
562960199
960301553
373802821
593569593
122652307
310193068
585685497
257930501
403111441
543423661
57424469
407279681
125751968
687636811
639060473
601258401
362040189
43162575
731201841
138915625
681214263
161889077
255725571
747133661
268130419
827598309
280918691
846764144
640354141
959283297
748111417
167418839
448000521
590570137
532478600
594889133
180764269
48037781
545555431
282876545
297176685
393661771
582405979
214774592
821301621
305615101
19719857
950181933
180989598
381792033
987120156
347024811
803424815
449595866
297493691
895452053
918982911
630254393
59474697
406652215
659843689
872854983
442085407
440193869
554578595
204823169
234921693
271630870
20754070
56063369
128055242
378427269
826067242
653234075
319162647
324747491
426712881
160341561
195421705
18619401
808729257
218705921
79302781
643432073
100446896
21126895
809536867
542643765
82684335
39250093
635413972
927030905
131479061
609764241
908858001
836776229
50678201
840329140
563093582
316093575
275931831
465173817
719045777
761973283
934547760
906804541
208018339
938036641
559063057
701554253
5164659
889776191
673704079
118956051
873793563
726589169
879551785
915560743
233576049
545605321
352593671
373611385
614716512
652618981
66400785
705538889
275082591
41855851
431983752
447883881
376422913
55046761
513605469
660385915
308581201
486940397
327479094
962994455
619260872
402001027
515342289
545880155
169379674
887277049
349981629
507555481
419295266
361760665
696640343
412784370
164447599
237348917
355972217
789430182
562472045
438424265
215276573
125485902
146152991
657351200
159269531
120284865
60025401
399349371
90424750
716722501
364546004
931064353
262715657
865019727
229748901
150948481
714835722
253253001
879684849
413746041
17337037
982657401
810115593
278743729
814217481
700260359
97070881
823879201
746075180
521567839
632834156
520159033
647998757
827756801
488777106
822903346
844049331
662012657
51106681
296091365
891405422
178971117
823827551
211766523
480794451
335887897
491286421
202144529
833431548
575678262
423061689
508513695
763021946
737358293
218459791
500678675
785424407
936480085
314327041
390229126
476213529
512842753
532825201
280026629
507284367
998395365
193907365
312092673
561672876
808814577
895804281
589547701
998594089
595572233
895804281
439498278
906331293
579785833
118710889
484622611
543219575
371252959
788426961
975880683
479120727
411574688
320581891
290107865
882452525
514361001
727344081
186786717
731574448
111120078
650635193
822174515
697715548
649750744
612018117
511572927
540191301
351185501
990835176
595200935
40114267
857812699
862907169
527266209
296549381
864707756
423864161
187678921
290674081
394122421
775540511
850895748
529820931
111838051
82909601
538163028
771682645
343959477
381792033
256235349
858406641
212078477
297493691
929021429
144430057
137136385
384950663
317264857
711403176
934012441
261557653
539147846
618374117
454795371
64516924
899957919
760494801
212487655
56097815
806528037
884990625
26603301
602895921
6734971
1663225
708945721
136099029
27399001
159435183
924145579
687504151
239864946
428003151
708500924
71702417
227978101
376108639
822969665
179447626
648259701
514022429
30852518
188823937
816740181
309620501
318430263
486616125
325456177
344916257
706387993
47247137
489549121
940242569
75312883
822907889
682182001
722709030
41837586
495359569
553626513
20246435
268968189
24274453
381239309
447883881
996594851
518939093
680146691
751837763
505437353
102568041
304395203
943735303
430015697
26472251
262056941
129213088
245294805
737939729
506087074
419455693
75524361
700411625
360606328
964625887
117598705
408443761
225900626
500848369
8561831
135924867
467471081
350645251
649691809
906611753
716833031
38724682
364455202
43162575
693602965
634430556
939606356
647920746
833962661
23067793
8409119
541761881
618484301
137691681
522684805
181947811
947367721
666999045
246663989
851842033
645069601
374125863
275720813
325986479
193946665
686153553
999479372
613998307
181860625
700436366
600802901
508130011
416614853
683907501
764112135
997310113
853591409
775890685
245713215
78263450
960387418
316425637
568319834
500607629
511141583
848127873
774964451
306929901
613488961
400374025
534512204
699140985
741735972
196802545
898455549
716934641
86014145
200640037
916550609
758861413
282711593
398516517
445311641
749838265
353002567
792949161
698925874
305773065
506467043
349551588
922611452
959477973
821903959
934012441
122817349
842750853
580085251
77948437
208933865
644467661
267256575
394647017
755547395
99871009
314283211
267336475
947031566
419972367
556151371
875124993
732667147
576143421
607353735
90718973
361735495
531809641
817584111
826796969
955865782
904499993
232745619
523824576
642918787
978689821
135048303
127740239
440349747
987548472
189813073
952674901
713163633
739325173
979587013
734834087
523886181
619292679
644571201
477896024
701338851
689522339
411187781
15157613
561442394
341627909
742718623
92350674
75068091
596456769
748049947
752759721
346836161
74284498
982023675
19354887
362639382
349009595
548250827
673376001
816805389
484756985
493949667
976841893
176818599
258146113
245713215
835295673
239837659
41080496
953447406
387227901
679104632
968801761
811444725
254683321
669655097
842245505
568462041
726115481
704415773
862229309
948217351
134438241
171110307
845644351
211108245
192219581
903668287
727516509
165399873
350240801
671869789
421991161
660994591
264617479
662714121
564242569
217669301
796258571
464444297
552324905
519794301
366832113
58938195
537707106
782731121
855963629
433677328
850638969
958059917
596966373
156060303
463694414
855841711
131727805
529601265
548427221
436770559
819313291
593941467
874070566
239600139
55088903
708719735
399356373
418398585
769820816
665550143
75167546
708493919
633777459
297886756
322934125
289040333
821134785
514668593
701969439
690719289
336489150
973384944
112906652
23188301
565692886
410762661
582543641
675836236
312383626
19227611
951312819
788284798
652945285
466928273
524293819
843777572
788812315
389312464
874791841
260561985
344350949
169870476
279365961
522090037
4605431
177444891
475952381
906082545
378912077
913798371
963224529
529045249
328206859
710137
541289441
221775484
597751151
277406961
197241513
835565154
963853628
505281099
652161512
649588433
102954026
9013681
683907501
192874889
434883941
337440941
765399473
596407601
222585296
312470670
85670588
427756801
772887083
234391281
209320861
140841510
155925937
454033407
270087767
644957583
531009221
658699681
699107368
628270010
508301174
531260709
337459799
348938447
707733691
60906153
527465060
152875912
939258356
673639262
33252205
660102263
713297539
254214243
820866961
801837831
120015391
110792566
835486206
952256894
8264281
622698003
373262143
545335793
548770287
17146181
521741521
883560133
426415055
93744405
175006895
929021429
360627557
78380793
643112381
263494581
732265428
344452229
514925571
101118022
62173797
367011755
147733178
520735093
572257557
573110626
977314130
122942251
24797778
472058225
479428262
58040936
50826182
809455067
315219532
744653833
79844367
617995001
542965001
701570931
47298857
743984973
934050976
532003473
148664061
499009601
372790716
520159033
295371754
171419323
57790368
927833609
140516881
471764316
154878421
402731301
985335028
705030937
93478601
881467651
795004657
571936508
438697649
81085257
529213551
975566955
99774473
295174137
922963493
101607741
173113877
767413547
76188493
280974055
388463537
244586006
397949215
274539001
456217202
964228841
812380065
44628993
681214263
633576741
867450818
71989101
437128183
32070391
67806659
622079493
110295241
66679288
466891197
619632604
139862857
751634887
445016241
391623403
40488169
484673179
981205786
939133533
265082045
570526995
901300021
883198283
457073202
417959551
170525567
47840443
529187359
310696289
337148107
582597491
559423535
434208572
656691105
617117790
998870245
280332825
681991251
628708889
32164673
643444413
488085045
345288025
92109289
948721931
722362705
586300641
18619401
737085563
823818493
946065323
632607769
122042545
126507009
342795660
298021870
923861011
519173850
373596213
555740941
360933501
878162796
465792667
314536890
899816429
412655049
709202061
313493577
643569329
955267521
946416241
426752561
28004051
158189663
491833658
298172932
434036717
918988565
246604045
228000313
364508921
178749351
742010193
997456234
345590189
432062816
731292532
29303962
186439195
164776681
320163509
52925397
727109545
904828297
271920153
447412221
807673161
356670729
241788001
289151191
60633671
398132746
123412098
229237501
611290855
721179081
649588433
582992121
874683679
711984861
8575165
789812751
957496014
732020953
410813008
339284157
264617479
214306510
633789481
397036478
515452817
239561774
810171987
476856131
716923549
466925001
894986467
739466638
295335893
607206985
52083185
360794973
783267241
22601031
57189539
146511193
169211188
27569513
351145091
277943525
356414311
998094015
734535438
700019826
132588641
772388683
611716107
171482195
558250555
273636801
495754231
328435673
797710573
583904283
860395329
688968351
778144405
617157626
631754511
429814945
23145311
130700720
150252961
369404449
646270361
431854847
629292453
595085257
928262971
836581593
390827531
668739369
956599375
548335757
718626249
957806606
391753103
965137439
893619453
754376165
290459691
457402431
167816801
457395549
259101363
85941413
543010817
592291493
673464729
107457549
101263577
450333821
211457241
552385826
722022177
95833721
180224661
729115925
224524064
593254636
525821903
231152341
952709397
379016445
132112361
81583329
232962171
186029421
704699689
729318636
618704329
26179323
882849321
56746251
430778889
25278344
893806319
381606041
788859217
65933181
301534195
606739981
544424575
87540457
641538013
656440902
204367591
562597531
639477727
901530081
913649739
250529565
548864821
718409215
330879261
65015417
569510713
530724681
66598132
360584935
675415245
625170693
105062575
509834371
476030447
957547404
260892405
97070881
165803407
708316221
811062781
769013737
446660403
804581385
317929064
666904317
232433817
630720295
526523893
905763194
820809877
611160341
397028873
800506361
201731561
121577346
335887897
875874359
421251886
456299157
422454651
948919856
106476013
914941625
90153865
601968609
450948434
254954001
8278001
934069217
191538921
930063757
949076571
476213529
289672706
131966345
542860171
911345041
348439082
996308749
283261879
480145222
745485716
876229229
662714121
40548273
329546905
239630543
876906116
977382486
489648089
431679747
570824905
839601685
988108175
587162820
67368937
494807901
192581183
826794969
896788450
988759945
925057667
142670685
119398153
277183492
866802457
40249008
159576231
951674995
681977101
669491101
664039238
522538395
333793585
822556941
485835306
532138891
648395953
419826051
698901522
93778026
469999331
351504209
290720777
855934613
516796693
369419549
932840785
582045913
223136510
965347801
101937331
674778689
754989646
113219263
397726865
847177001
850991002
760688434
294799819
7825687
502531341
889686476
530249321
122986273
131253127
850638969
908854785
716496001
809025325
85320109
538136305
519684079
827212314
820355891
11691651
732847491
428456585
154769491
175182553
750355841
52410541
350587295
29944813
679173766
149357363
181487391
453954223
922215121
703041650
34270297
546729477
981100001
263139426
782415809
317239493
853091513
753990118
885450749
188175069
817011437
681786033
161244847
535772729
41141001
26408750
574490813
170962347
827598309
907545973
534547994
998741661
744473244
809544150
967680449
601301085
491743861
99829910
343438327
984657960
136874005
275114462
137493093
699053123
938704117
827623071
484012139
517927073
603802198
731606069
732609583
138275205
298942078
356340158
768635769
27451091
133567361
149823322
366985097
474711822
614969319
521758805
229001154
347200603
485565320
148627351
930063757
392051961
732037551
823719831
147424631
543262321
717121189
343684981
711874845
16724661
882386751
632517177
227091961
461674548
994896571
245294805
754155230
104698781
336141973
710275166
30549941
503987099
68984809
516073299
923789783
1363871
206990876
887632689
698732241
804603681
671573961
381261677
653745714
345292933
184138561
789474657
650518931
832079166
87756061
177506339
460543489
591955025
545985700
23067793
374235253
777744841
807395241
837856069
82940711
83742684
279365961
767389330
187662105
705504561
685541271
284923881
862214243
111459911
200740637
988856977
11446439
530953621
903598946
562824801
494338626
532806303
607977713
314833281
365593029
393379297
638121537
687843877
409778089
355239009
96341837
45178286
792534632
851630715
273967937
102051416
658472716
878193681
569088289
302918069
863305131
775374633
599083018
62091601
472105680
634625811
292790597
902656232
824634868
261484433
187445493
950266545
172848619
229348082
697833305
575324033
168563349
228689917
990391585
426061957
630254393
122413487
692907793
454595285
509173113
273353987
794507125
809651581
541031777
249224519
587680276
653152365
84514187
745580616
422631525
274644193
56756792
702087890
260922638
446918901
279837256
860466579
178385856
636285338
609073340
439645592
711424181
351482274
680483345
395631459
42070289
777912437
489539869
637501346
165545761
82909601
568788561
359158461
901649739
300271217
956809609
742158046
725683965
612308337
221345488
805856204
79379670
884905801
113957536
175182553
290250001
582229005
831044261
514029135
784060287
265702901
321527449
87730601
896214545
436347941
535017471
367745637
344684168
962806
82147405
359348148
140230971
951823411
789474657
267961501
121618657
982327383
328069855
171134651
847803617
171729627
852561361
694757741
516100293
931657167
776196275
751578701
71087621
419649277
96184815
930732637
793471535
211190361
520194377
483833419
45111553
817354076
642250539
458723820
50804251
588634129
506519413
927432005
559371619
378291901
664020152
820719653
126249329
658154053
524670643
145407375
129726256
574889910
846071977
866663501
127297863
440639521
487933001
264879891
445130583
824529293
879584281
398401999
423334705
210437005
924167545
369872607
694741201
97294247
208628417
528397470
411236001
277549701
59387981
537015705
117005121
343990980
963808731
889590586
927833609
719791265
429874438
777790246
77216359
484881991
556319471
610167457
493791757
161506301
70976955
81583329
412187424
573828285
145953973
764353501
393661681
606953633
778831799
770892733
990997408
888953561
738995595
813959401
827214277
796695680
894941777
815648971
572080801
558136633
844784501
381004401
775621425
601969935
800360592
805080358
360559613
484563709
768746895
495615942
474854035
398755657
239102504
500941981
986032491
542294305
590543535
604782441
756789671
470422673
947980719
488962606
206450790
751855635
912632681
331414616
935383941
420083107
399239251
272603940
922207515
992606546
60801204
881683196
793463319
25205901
623682145
727222421
206326766
347572295
685774156
844179418
254683321
293625085
316860962
138054979
493768016
773551159
36017026
40635723
702854545
585373157
899519371
155862389
875521431
128792731
371157977
703460501
638292591
327885913
682877263
926116099
831740361
135469829
470352126
56743713
618081121
57367127
945793141
124527493
70646947
528594731
738784731
566919323
929283097
965412451
190663387
321314439
933502777
407932756
801789617
429888113
414613601
318339186
762943101
293395905
960950109
381854111
943018525
595755549
400893709
209862753
780403917
901688511
167301851
417508271
580085251
890343585
851048755
135827801
485564371
412051701
931391218
306156170
595543497
444211205
675729357
566033163
58832636
354717966
191357368
345382529
791511321
358958218
343568276
981458761
165806979
959648801
366253251
188712748
145555283
645619974
207305575
623107177
840606920
117600965
817018485
747774801
642513661
558415185
309386350
495385733
647162861
822253189
696976706
646018383
915634719
450071396
683287759
679186553
296627279
293659978
9246745
763060701
548871830
924298837
154050432
640511523
456332001
930905062
546030831
488953301
662073047
643446241
809195557
963320567
865948670
910836296
342444049
515943941
431948513
62778271
813442281
637502451
267649765
154047655
811430702
301187354
461747873
11093051
24125121
227738491
733395821
912579745
65491925
979300085
568261744
601510053
171457038
550026249
110137916
284059845
828739425
76132885
377383633
827009839
589817827
599760648
69510875
850074566
736095322
290557751
408609385
208137753
172688881
535453721
724904541
14583647
884168531
237887131
636025449
386916781
474643751
24533159
255872351
689019041
455434347
745564809
664012103
42593673
62958251
121148927
93584753
323182156
913348232
96058467
41687471
844622399
377540129
300317717
182984751
998531477
117005121
371152102
96381585
442007681
611716107
693894371
124542781
717845329
233005426
110794101
973708725
847958079
996572641
394303185
111159231
643694951
666228001
105338649
390827531
209675226
765182413
8579609
994999133
989353407
811939045
851501476
419820871
734837681
96545275
548599055
959639051
795122511
539341728
261337191
489539869
472738571
681707697
560527680
371443243
819660576
669177826
13682873
324397019
677551553
254079876
126244169
163698900
709218171
608766993
881943805
398234977
12969726
695247376
823673911
791145237
121320667
260561985
382203719
733408743
978256332
331930551
404460207
910914625
24572171
343373399
326958065
793476189
388780841
412886901
196448601
246377287
641635188
719205425
492914657
345720329
921292961
113207312
394875321
274068028
399108207
801808711
687390471
334307501
614970051
817494029
653105141
409739516
283956331
692996834
488081717
841097586
690770295
101025585
332474026
312896481
262478642
465605027
689164601
673288940
219862241
200767071
337938497
536837931
206020885
173416695
990730427
521422017
194849642
176787407
151342317
269295756
482595073
893627491
46774430
7513
74222161
98849251
197811449
451756776
14453936
349744002
172857231
135773651
686208045
179523221
448007061
220288162
707541926
383851721
137343227
228273367
944533035
73397601
504208986
206897096
911043771
861837555
508253857
418911501
814608997
882302996
671562169
194047655
323960045
342661477
109932529
387582411
84679849
257553451
187363236
179004912
629801255
750046665
173478893
942556229
693764873
70901641
963612199
343342816
976724039
454534033
317093929
697279870
287789121
912579745
375775500
360483285
513851481
444025681
598184917
517720885
848002153
681657930
6615025
269993881
356860626
17505438
501388353
308401585
19929341
172490353
123481472
814203941
920592575
92117041
703309996
164291931
952735213
290807889
857240821
551669285
162682328
524135971
145050153
105387230
895205809
543685729
417959551
337678740
517656081
333441021
292811817
703437426
595572233
520960686
53789566
797710573
441850029
916560941
914156629
517720885
199260105
818956116
57480864
996485609
485959881
571962101
492664851
849870039
475740872
260117455
387395849
958712128
89913391
215010731
501032720
948202062
179556521
543063212
452717646
680605501
129517667
221050209
830561881
900708415
102713591
401524392
434759121
648387871
672820841
178561153
400506677
663481391
495560689
808055247
322646059
398178541
176787407
860431353
399858619
246918209
909408843
113923801
914611657
453510496
957070701
977524269
188120730
499654349
13632663
196605880
40321439
650324743
673817921
437855471
85623656
823629931
35054201
931393891
533215851
823673911
52081379
502295712
454080201
687756110
655361857
886016867
850890387
881586629
737964647
958018829
640941755
388047961
417284463
321274614
118657215
189215233
861219775
775723399
293235217
165752209
130633737
255771319
484572901
616266053
34544049
443544810
591829697
706204831
689675710
746122916
701795978
216807297
313428959
736536977
484305201
679253843
846053461
725683965
980609345
601291211
842539809
898108373
554363321
851018423
627298421
168302077
185836349
538419666
170366765
306637317
535566627
4107386
546986860
524338421
903408187
349730277
996127127
530724681
290791859
418650649
998896151
148667151
274041847
332985926
435194465
630892535
887685871
682017876
34342983
104044488
315130221
350467391
392457001
899956023
670117257
117600965
476898577
220800782
414490543
360559613
386155344
476895497
76164613
345590189
23362751
698088131
4402329
537115661
746116111
210387059
735271276
440349747
350013061
135907063
921284645
209044396
223966361
736238241
194655305
804974534
407200193
375412711
152080841
8206560
996314433
230201690
693427265
749481165
657420211
894388400
285897563
86919474
10796421
207759903
939299891
401290336
804919565
674872364
742912540
66737333
468003359
434883941
226600566
600333937
896965889
533842101
188772597
482053881
560245057
824668687
153364441
507338577
697355629
969946509
875699749
599359777
360576351
770662686
434779041
688380954
381793491
124605881
467671953
259249365
731930307
499328029
575439337
531353937
859494405
322570417
552507168
743878179
508492835
773460041
287540651
671119289
867414501
117623903
864459240
741076685
281159925
221974484
642789829
331198086
29621076
937934551
215967389
687531773
638591269
443396164
597042269
450278849
19563939
239342184
300168347
572004728
893895017
765437479
349079263
62023069
786567401
767455331
390671953
971281441
666283386
912689725
619177759
479474241
588258514
920337421
962849585
213983801
826067401
926974538
900816093
933731373
767567699
607977713
940903401
486709469
987653477
547583650
77475981
868117457
35710215
875560917
320559777
776813690
641435991
227619649
967816650
391252289
574693199
760422411
188175069
196542013
504650901
416637174
727527817
458910653
986659009
279224601
180690093
140121683
244965851
620370366
388734889
906071625
498316317
710340537
618475833
974372370
252735901
671733791
73671361
619908898
350780001
293179710
528784523
379852936
318736347
431768251
687092876
542521569
387538117
635943537
811444725
992382700
752759721
737255959
366867825
634175001
714950214
816737209
129909707
570547136
172010513
866700769
476571725
543834386
63436326
919820189
46782498
572818351
778766088
851187061
288867727
581964806
745915136
454947887
448143903
398362849
589932915
764181833
662662888
168710073
343814705
322790119
610784821
874256861
967505817
926226631
95109828
482189281
320957914
877216383
894222981
960470007
144189101
789331361
66873201
212078477
136074169
763370897
705892403
552342425
919370834
399108207
12746991
506519413
251197051
232187435
811733545
742891221
822825067
890151749
138059427
617995001
870710781
26711359
325095264
809825614
573771421
574779209
775140406
396310556
413318153
325456177
400184897
38560957
737837751
134154131
481001006
246918209
42634377
728253503
519740737
458132381
520660557
95454237
282843227
63291755
349013390
862769201
535265829
133455477
339668257
910932911
146888633
147694521
93195585
664773361
860839968
997296711
124667995
293656861
931826669
366249777
769854519
103249711
630616713
362407507
542965001
331631195
704627385
864401315
555162379
254066871
203744428
374241941
395330511
652780571
845024497
235585189
768784249
330789400
450766617
791888641
82101761
495470691
173541726
743960151
420720913
278336725
101940375
627576267
565544201
935305635
208736227
990356486
696671289
393063702
30896969
490934135
684479678
257222181
330128958
703132753
18875013
563747601
993998639
264641761
38981803
591638321
546937633
36312393
525749584
546335307
524224863
11461601
971981181
304979097
853761951
991222287
289053456
874798645
136117769
722229841
881088989
171817273
380550906
38659951
532003473
52778105
415333345
791830922
663998527
833854926
265495541
28531376
266567729
517927073
73043510
304319840
349629699
899937918
140436393
235601757
687522997
293833483
75830171
279742491
219712109
794261393
420480569
177797224
336512453
322909798
746792626
167528117
341938649
290245969
244082816
265915290
695921633
157405413
881175736
698552170
476919326
658796284
670915679
75830171
37592689
696225131
187284057
73516817
611942979
778634920
820472115
650221669
142981483
615789789
915046205
121049249
14512201
298333105
734374087
14512201
541410569
135343085
763175727
28904441
130695117
930933831
884347401
559069001
482903463
617408269
149466545
218879542
410432845
875639281
383297031
975616131
879004148
789327749
836404225
250935729
968097706
528768981
955929532
283161976
830164657
586545751
643615881
455988781
348454145
169821699
25826301
269819181
818210904
923661161
259101363
343467561
939037241
725921271
928941382
447440926
267961501
372501395
532003473
912689725
85984807
308768444
905622781
9550145
745741294
846107245
204117815
992553829
720483001
333815575
480759621
92738721
179683376
953507713
688379811
950052565
151259376
366703142
748023213
821704247
526028049
56621385
544748585
65885639
740008159
2813959
91260239
699084526
882425675
805704487
826314157
399202175
499340451
182028829
989946913
292138501
579447851
604085721
13771831
18913466
650628806
681997057
62284561
981479241
577629931
368540961
354063778
168608767
450902500
728298459
925180403
56031966
745515969
878939453
381678426
774942311
137988745
338096113
601301085
654458011
566373445
606355001
608142066
148680941
474874517
246493687
366832113
353755616
847907849
379533273
745466997
878167221
14587461
839440152
393743489
631359801
348454145
335357934
594252413
563038563
725416415
618013417
93536131
967114151
318651197
551266211
445589081
192199995
626630281
844087816
142296057
369954964
106068261
966450451
247729561
89076633
105927857
682082789
407512859
409835795
832055900
434262587
978775319
599882561
574323705
933820531
470588710
468000831
198165581
847090877
428616685
368275991
680152227
296718241
427757601
185202827
89301457
823650511
215167597
761027369
63453063
300001096
35590646
939267301
747527821
142217969
808817161
753189257
679048649
952656251
638002665
481261387
450682161
574829182
890559513
470592521
907061033
101937331
702324177
179568853
394079305
522837185
48747891
819840928
802529381
614347250
779782173
505404893
317037815
469498429
325931057
330625396
660552061
11424676
790142579
727531889
930517096
318608111
466074127
801116017
202201191
609570783
973378085
73516817
332975696
309009359
733373883
697221649
49451236
31535241
99577033
482206473
844570136
770470925
132269329
564732424
704897309
206312535
521126301
296549381
90044785
453427399
943356161
984673950
5780344
830047246
412726475
35451225
426479630
248907623
383397031
310156161
114334551
664670077
50854008
891016049
994019442
545232307
217446501
991638595
966833233
506420353
173457001
5050665
747271041
820866961
709931071
933301663
970538997
485580858
640697001
349983665
364146741
459332931
120630725
23347631
932615629
272951981
688045640
132588641
607895224
238108566
552022461
398388121
156238189
902475889
866770077
396185361
408343351
486604227
351504209
384958092
231507903
39385572
510135322
591429053
468128131
945060093
265000128
518030353
915933889
234396941
31601821
42264527
608291613
899613355
99745570
346832369
120491313
628467456
494939
716426929
271525337
758436801
630616713
892246738
334756381
525888231
305157701
104274779
506522799
843844485
213000169
683355937
927655333
337117391
567063117
285001181
602057201
552028373
941453130
451923453
780953726
213679709
865430551
472058225
502437877
73671361
252905177
799532319
341598016
921198761
198199773
487285401
326917637
378637649
465418757
602447933
779922433
979070781
781447504
396746725
816159118
318899151
863924897
345292933
17024157
152251625
176464867
84285358
666685241
278718692
56104793
108289790
219208833
449335812
426350589
761121001
496324469
615390920
651451775
140778181
716090638
56746251
444283640
40548273
895887715
253362781
835698777
978365563
987319541
713655651
898870492
872110261
689423408
791511551
415063101
255547656
734656801
863034651
90718973
795510731
579300829
466450973
10497986
174492422
188901159
209817951
912888423
776478561
290044033
821869461
929817701
435687231
155862389
451262534
145658877
379763673
358125265
520498884
255478913
630981232
802955073
757047093
483818655
98266939
218827297
337759465
931727605
307611267
482053881
281466321
914227264
554297018
32161081
778241463
594056993
351455036
309099526
475842927
581499303
425514753
467987266
626874713
624199416
406653447
635264643
418343333
899654666
782349596
444169189
61627253
621975263
234396941
623366889
877787233
624370694
14703026
972667655
458991944
568465398
318196941
620019265
912198318
236097571
940187406
210160089
254048729
447251686
511228471
892212241
238354033
69983713
965882717
917930381
261908761
291276375
237111939
482440001
200021457
430250817
973681403
487984998
599441481
543423661
776021660
684955465
53373705
505971401
956660983
332780367
354067633
919848511
103427127
805358061
281557845
305907196
585297061
621324521
193011257
811844935
154785752
771301430
199666677
170084314
779661525
44908713
443334863
397391786
987521216
547292649
624217633
906326564
632564376
436208133
135601437
948062032
865044563
578614711
638311827
685434557
848254197
91590786
343426657
118913761
376670559
520417040
945524437
592260793
812923041
238937377
160167925
476506533
124707379
519794301
345438238
207875448
937121489
293453917
462951569
245054315
505150738
885874611
240715451
89159459
367168644
166660785
158667065
443413815
6740056
269669492
950178716
345507671
606113342
507433206
138262580
609803309
236010101
225769876
991287455
851718361
457572961
535612062
955453593
57834651
467671953
809874905
862401109
736132389
543685729
853793581
375688950
246407276
248875947
494761389
334150061
626043761
573871507
665899351
944944901
363426849
210713871
271525337
703983546
707752883
329497537
272438595
742173665
291676360
230650271
989909869
316770392
508605711
235994066
812218037
418272669
488722099
942988113
508022089
803005182
928808404
601301085
725256654
225490321
272438595
347890118
542513980
596407033
957674457
300082376
743077545
672144815
186382477
664883207
931792406
79672899
422360171
68333096
19138062
301534195
142332632
23102977
20855891
792741426
302301699
309823621
81741097
949470055
43570467
476925182
843063131
473316851
521763172
351278933
744070101
281585285
219585167
951345013
62113734
63842081
844937469
594702935
657434297
892382039
254736002
457132241
439203881
939026679
541331801
62170461
173542171
469324389
693311116
146388767
75226960
737376969
363712936
480950481
712428201
756959379
232880600
663650049
665622765
636588225
677578065
984404623
152051397
941531181
619052131
641098533
508653721
689326443
691198326
565048005
41119971
791816289
48758567
289804361
245768467
368373333
218151039
624785283
525909551
202994100
698442098
959494723
76274418
11691651
477645161
724029012
52983133
45786126
927253687
688649105
489428389
980309477
812693317
32994851
378536836
366024645
580592309
164776681
593274481
727811699
538264277
158730123
838281925
688256639
73054942
393430167
234310431
114902285
736219886
776586777
303774347
666036951
694047347
835291021
872865100
320047953
56782061
653201001
362834996
680425331
911274571
362423721
927567795
410378825
962711313
489398355
908789965
251132083
262854851
24167271
783294022
823827551
941702361
172857231
679632797
740753601
371603161
947252501
685237460
884630651
698893485
252811841
47805231
221626121
865837465
750867817
910184885
442595949
314984771
172883651
911626023
409524198
888627569
117005121
667705257
532490633
51106681
127123318
880482161
446753402
297176685
87405011
689402847
295433095
845125821
791381781
13139435
311700711
586777126
927112061
87921781
683400287
332710061
471808027
481142963
382039691
476561131
563317879
142106710
465173817
674958001
161640021
642083691
76760471
118550041
137248243
114126591
311169229
301875133
52081379
94035007
305371233
959966189
223725935
454511174
798600953
722518703
928273123
718076163
106503601
978557626
729412808
65373351
800023951
795017729
386893831
965667923
783535168
782436563
445959207
9084177
612593121
124739044
159176321
72040516
349804421
943981257
163811266
796369121
273542313
843142738
452575740
312276217
722302740
918889187
67654913
428785
937556535
838192873
364218853
192588851
396540565
540899877
744515343
961926385
795606218
31796497
674958001
111942551
352178516
761473911
970538997
957054096
631465005
323185041
504025465
712389825
686578751
154696309
70205901
49268791
123511090
241678665
836211717
91756257
727888569
333463483
645069601
691553213
689697113
488391553
960448163
857072948
932744546
224720545
446352151
521769717
803832001
806512757
368640216
295278073
724916393
968678752
264053161
892736011
348290583
51410573
71887501
657685425
423334705
982857866
241475921
911824961
799963785
779240621
438846491
398410309
498044927
647635745
897318893
655536129
448093793
827398021
282845176
592682289
535178681
465333481
940987453
603186036
789690511
558209884
790834376
641596501
780774102
386492601
167301851
699015301
888308580
713649872
438851767
935274469
563133377
963991105
793283445
465418757
531562967
858095459
559650821
482390311
154907025
694418669
155507823
606609041
556825863
14941259
422883001
495385733
213529267
135990187
867684501
885163186
985733576
787430731
283043161
297525321
443867437
365479077
457249769
636041491
80575005
639339489
69467045
661037791
11544601
552556169
873319385
690917425
375480169
616889804
392224496
187944653
990339539
99260395
463908511
332217885
924285138
544505157
386505338
747199756
286684702
517593281
160843968
220492670
712900609
845037221
234950635
104264773
901649739
950003681
449950925
764173921
367505705
304628384
330607495
153539621
853091513
269993881
670578624
467714019
712900609
60185631
442453541
912617619
203552069
514668593
698965073
47862073
400654353
394971967
257322894
525856445
935067829
593448101
505963593
100755441
640697001
458726951
490419603
51340269
566440357
450521161
239135690
398099945
713655651
41924489
135536439
260028641
388492143
531491837
117848601
615531429
207425281
266270677
929028742
896456728
269352471
393379297
392179695
674443809
77317765
320281251
553979269
351524179
602323869
821704939
978777549
26645425
63283480
712276443
81328005
764335279
752307837
743925126
977314141
632995703
644977781
894298030
592214575
272455338
104747421
213679709
842177584
816016512
577306901
708157283
355971883
139416009
765701691
246972917
278065753
796739301
515943941
146888633
461747873
44331060
330807191
546834799
48068897
349610405
387855036
234510155
31809366
759175251
345273681
182927741
466073821
608523629
383803131
497197601
905121727
920708522
886052959
475719945
584851199
468257910
300188067
925551019
737503080
566253309
584108951
779922433
404671957
938347196
766612781
738196141
394111223
582604513
640741443
154545712
809637976
818042287
290485081
963337175
232729029
333721869
264506196
602994207
248153489
443714151
528542833
613159317
917006031
443931677
483726275
840082491
486280521
495497601
793620931
605467321
537726845
987528510
299678927
523475681
24444136
17713729
218846919
106942882
234908245
65722457
153566437
205376840
562472045
116811153
466965112
987161929
658455626
317490731
844222339
955975597
833742361
750953343
446784904
589041818
305683893
388168475
8721923
958286621
912531777
185967115
145563830
425141609
155818075
280731946
259067413
682691501
401909931
566363279
348015639
459411633
478493903
573240950
939007685
478089641
592214342
103387274
518516181
370072947
908854785
67403337
116343841
136481975
890837181
972724195
920928866
51847140
681263017
322032913
379081283
427724907
197855029
185602995
401639538
374265777
185054751
548182101
204681645
137910309
452488397
703358591
254771135
797904061
57515629
41293445
430794310
579079513
359177689
388632693
971408289
23596485
350888387
260189470
807129439
867414501
325146559
766256061
41113913
185919585
697437273
708015823
292614671
488480995
252664821
533343991
213594399
636104481
914733804
601006329
632818344
948056751
624919905
540451365
132644671
144579624
884562925
186743747
851589921
892437771
345482120
153287104
165537150
646087741
19279851
618447606
278208021
521769717
274094721
860650816
752765661
998870245
84371978
876899785
918298319
674296701
340612224
242943853
249708072
23145311
444300445
21285757
397311435
353447712
532813837
117859323
368374808
179022224
971544861
387979383
564821479
502444653
390595266
476275805
863065210
191089626
977690801
316425637
102407321
723045549
633101505
787637463
254657853
375315081
741357561
67807101
846708843
961040595
225990206
245008753
806047001
782494209
289535221
206623361
411659131
736169049
109365798
491387846
196058825
831158653
437875073
306663573
901601281
232638585
127332611
499286632
486050648
368943177
245142737
37593120
467927945
62066440
520931531
84000930
494048882
800374029
798085583
406022621
355433751
50962596
240279269
59022097
167360801
984203379
73397601
943152168
249251401
620488617
189618463
107762641
594716865
210268747
144405309
474092051
736337045
568513685
676102296
86929715
116801975
224047669
262702517
816114205
323944779
95423667
369868751
561580321
131722545
48303015
104146535
236211407
13632663
419229286
157928364
341534289
367027620
779078145
573234791
683049450
315570956
30878319
940401281
841291291
805768803
267871404
130787761
52414503
712428201
876904360
111130866
351261801
219819489
855891893
117598705
197916394
376820419
915207342
171382335
776606920
715964657
965348610
216733211
751711131
682903001
810992520
310735231
476130737
131182245
662073047
582282498
76188493
634382961
358352351
918557481
454083625
49268928
30753191
566988877
126095554
657320573
474975177
10928490
722285755
200438181
733997829
160451151
974811325
702223476
385500233
369492316
242943853
440586391
185571504
371347209
333522397
114699131
246075377
811229093
28954521
945941489
902729794
606567465
554873866
4864635
532556081
739793065
60137429
374954245
399526221
717845329
563819586
576132533
83220079
556247430
729212125
98940067
823600296
700096841
532543661
842963027
825205463
836497353
703653577
411684004
107648200
330386355
476571061
929659441
133485501
841061237
220216255
426718342
866629421
27830804
949102935
720401652
884234450
332500441
109215071
393571769
310772721
549723410
217426716
403366845
542066017
86547741
174343171
999975411
826117751
783806355
557244841
43960841
372202741
998402796
627069521
859786471
536870671
576222116
436584133
762396542
397662131
850814114
444489601
479654351
568886501
510742053
267972327
755295409
739968671
557244841
979138473
760727403
675234491
146989555
888049976
336554821
129542154
554706602
976286001
6342367
881490001
689169233
152261267
311148171
966007493
223674075
533601547
583864193
844773690
393251377
592420335
879341422
813151931
825230833
232312413
148734200
816368751
655161813
167431889
994884828
786739093
534939385
502460600
540084701
127295429
886381073
863924897
84680370
949725079
434535517
381606041
840289857
855640173
914572705
278755395
269030862
46546101
587094809
809173664
561518745
179263389
120962850
378375273
265907113
143122889
623734213
984299833
595985305
66170191
624386097
824688233
293965205
78651845
371603161
599576817
422159556
239499185
982818833
488114081
71119581
314679235
218439166
155963357
477376453
341710401
510178463
727977747
282011971
535156410
27571127
146900936
318260889
182480401
878873146
97762977
442580771
785317537
422490901
226428169
241949892
251497551
340487296
286395857
798806319
223966361
342878441
918584911
176188126
33935241
687242091
177345831
726089691
688429282
690172727
408968497
584458960
688351193
676592487
445016241
821280525
458069951
595067680
213999761
652945285
823650511
412051701
485483009
939434445
138020887
988363246
626385323
245198665
590693585
568345553
571291737
247511729
8575165
68704589
82533865
937661741
563533313
693054241
272871076
318466601
924952821
578554489
55812327
171110307
875124993
29393
916910815
869581951
134350517
512417835
849542576
557362201
549425044
768181893
999058227
906695276
125020006
292462479
509361705
724072562
701541801
712723235
686976001
870371435
784621351
610908831
574323705
456611298
320085723
855436275
137867601
912314701
464155799
613490548
629314273
639386537
413732301
157996405
332107301
313095996
28758984
489349987
286942974
337362175
187662105
812267545
595219093
427575329
917598621
30708750
539018097
742637254
929220184
951755485
930998401
394971967
289993145
240217931
279788829
444660251
531403058
902287169
601827076
124267306
99577033
685173581
397062783
46584085
336464771
928952793
795885373
392666516
884119261
593511506
876715803
554738069
748762327
701389081
119286000
280125119
36312393
725693391
970597169
546291769
861870973
8677231
767170608
184230019
323559225
412418174
841108561
745989396
309005111
298836053
642788311
265266238
355165577
808692781
910050225
693670221
80404121
93070829
713618077
64497155
553334596
718018134
528691473
115260001
956643761
100589201
180059979
606630033
29394695
896383016
50293023
601818941
112575073
313768921
910050225
846019163
164253056
678862373
852419627
632410461
809137951
257561401
743996207
73410211
361602891
147893001
298011613
732442909
336606354
638903190
213177485
969255821
455339251
315039969
176644811
291243192
565944649
327666927
307918541
146932371
292244781
384642589
696182201
227437551
195407105
248572299
437875350
826282891
745367985
80222609
990479491
557384351
98631073
188088929
420055613
168545936
613809003
941948817
765939931
112830585
5119086
721965772
165046413
280049339
877608247
702902181
562139717
383838981
447466365
717861709
226209957
358878317
135152491
597560799
272405581
499005461
621774607
585794213
600333937
168116225
828104257
437826159
666778701
392824331
194528795
949127999
598784000
769405093
153883730
404604579
564553421
102734837
463710605
643920063
692120011
450460686
460599371
350930301
390142233
48980201
786722065
106594425
126507009
109654795
475444906
429768911
356895713
338642331
427471221
294563055
744154391
466809805
554535440
201461953
698943861
13229595
72210233
756508693
14350751
909321297
788238977
202830327
881324774
639060473
904413929
593867511
355109072
103509417
682665457
877413959
232717717
364059231
150919826
213590154
167853995
496819406
967819600
524227681
31149761
729115925
285515694
538407259
743525363
762697161
886195256
590090638
936353973
4727853
69268289
268416480
449076351
716212255
297418969
717061539
632233041
815344813
343557442
673856871
72422485
515452817
809383428
41566389
321440069
167033937
859786471
817176935
744825981
48987569
372375837
101345131
679078316
772626237
468653769
220538497
830754605
887264029
753128221
605715603
426585189
764397149
950787463
892690671
890492251
991787495
778166733
172238081
55506561
393055683
478511666
661488265
453258087
483557095
873320725
890559513
805446006
177547371
407623715
143098619
152170001
301412283
422044401
657814461
155809169
795885373
696420265
434537101
271449701
551669285
936013626
585374508
444164854
828495750
895549074
406075101
79306841
665970740
595821629
496017156
331568841
526646913
129167315
462925599
247184848
365651970
792765501
260536041
160167925
767269292
557406549
225114538
184198002
766939001
894183941
687675101
263200577
537312498
822043395
154670041
655719905
356325349
85119085
720572767
43042053
177451477
410998741
891836871
246491807
96339887
541079269
415153280
575439337
58706631
154117211
282432744
71605077
347922565
765190801
76998237
282718081
437804329
265158453
619422401
768466295
521934141
596134975
801203723
624361779
343006353
997181916
574088307
742663541
168968877
496992465
496764441
383452331
64566871
426415055
13436102
960778878
118494821
499669571
174565305
659541465
538317713
74434459
356585025
68390721
723918584
967051126
607435216
889026156
897318893
716388169
263520586
451517919
680961251
655060726
643889118
944325761
390844759
801212745
533847969
38812279
368131041
867383099
563276241
782415809
436442322
586918913
306754941
915261976
246663989
720682579
601475301
894482469
667061876
841967801
443222482
828635383
138778937
983689255
299469855
994806756
172245275
388780841
423211471
989705117
837084266
898448041
322790119
925807358
998935286
209281311
342533053
884974273
227205847
416914709
748554472
283124171
244544186
604537108
679178811
173828251
786240297
546927893
753525282
209464621
869417847
923610445
345879221
708804854
53662580
577431233
935010566
742453149
49939876
531809641
914128841
241551896
367236029
255509148
943085551
309281321
965089376
130270580
996897458
613028993
85204723
244444049
192481808
611527504
561508781
792949161
469041475
356508501
890933055
106326269
819198341
753168845
943772881
99577033
64420245
922441637
407798562
156074106
74955503
89688401
893066241
96151151
960512433
923056168
545764405
468636005
452614666
310428916
993020769
896963656
615288801
320330967
955710443
793827776
991823173
367038196
456024601
680383708
812532521
784481035
460934425
888519454
533847969
115106557
971599377
771266351
412368922
79841
91756257
992385905
575516909
167361019
55600833
378065269
734588115
848196904
92582284
925668801
814123382
561580321
360565907
446911393
765852777
415908061
458463256
283259053
794391933
402290801
521126301
945266677
574996181
752984871
262132117
52213889
214648193
92920169
43644246
924724781
516283587
187332261
249265041
214740176
564247494
293235217
118030251
655322487
327478905
573699351
889731059
411018421
979327977
789806041
137419201
117108965
494761389
677931501
10070522
556248201
941129309
733163101
252735901
525205089
392473108
814572305
109654795
406382446
92961021
346695783
511219145
2697447
903039545
523886181
100766081
132600939
828053889
586023501
445694661
994041573
661924115
95966429
941509217
549942961
254683321
437265545
67494793
983371573
515978599
988758501
779735401
744801897
963428109
151517093
379726591
636358573
189747639
537251137
836671449
433518873
304309145
311988001
278743729
141760801
547146289
305797746
10825699
99498001
709903189
291592079
350131869
108288453
451119341
934236593
121600121
269108602
743393009
799099827
630806441
41090881
214738284
689081719
910669315
669137345
412492251
787254485
146585113
84045581
970218561
124605881
153805670
325896635
715193401
225831641
381905433
573635412
436838181
76340057
892670573
543315497
562769437
823139839
485564371
887264029
524338421
570402745
339284157
376482461
999484733
789908985
13049776
234981510
225421272
184516481
316856229
956985761
485565365
724504131
607332001
540283401
168099571
316042917
639450197
322545698
184952981
403926541
36365351
290791859
170839741
701338851
868117457
47495846
265598485
155537694
122042545
65006759
913206313
3352923
817902733
394544849
768531783
36030951
426366481
725763263
998384873
655292001
607368975
180310901
410998741
745470797
606329025
940389721
187619353
802460001
380357481
797722721
247621001
611199625
559825621
468412037
983703291
897222337
568309639
526191933
225938826
81366293
193598386
876272501
712454058
613705687
142670685
213679709
517608781
373267321
223666641
69349665
851993811
775237699
536371350
21950197
36517442
317751897
51804515
650745396
829829373
917661857
213103145
18576485
876485818
287626344
565415201
54191077
860317229
627298421
899145501
46054761
790264953
164465291
777982040
7498237
904983857
94978696
112777861
700786391
685825349
846612965
526715157
952017157
546080250
683883673
707214501
343071148
602598261
196283271
297607945
962916289
280634191
881468787
745602331
306753377
169169884
109722827
654284826
446453661
852197971
351278933
88344335
703447739
699015301
902321865
945358341
942819875
447904158
155138593
941098756
985251289
507319713
939580284
582136229
178557933
574553563
652148213
535453721
794715066
64204139
60321281
287663921
690788401
171899368
986355457
382698759
800585201
800494485
301166200
969410791
46584085
179421481
593852449
272956073
780386626
60025401
103885143
265076991
112119128
67654913
484704459
218007493
187652376
754199077
583326361
823927177
378170636
722259036
906822710
727229345
367743741
837989671
415984807
614545826
913346841
310822101
927030905
221036713
599605541
77321409
669813811
759579316
383643391
647183097
183147594
884443046
190682839
912790681
396123761
38560957
870493816
806374820
378636963
672625121
372324381
170328343
630459008
933043951
280090553
794928709
611139123
28152375
191054305
807712530
199886648
641724059
395206657
477130144
960234499
611089
484464561
960710450
60875969
426566561
429960367
733395821
324964057
193486805
372442563
88917941
640538331
484878261
612895793
797039397
685521082
630710311
369146479
481517993
611977522
738547096
372442563
378557743
981069189
938596111
850050541
984983036
86342555
820944472
619422401
36030951
8921992
586929395
549998569
36008963
82438386
894606976
619650507
991419714
291432157
412485679
178135425
240279269
426142418
353038667
509541803
388808627
312896481
282661977
789327749
161515993
323016929
619650507
801116017
245001088
675729357
53463922
675729357
110264689
736880655
44253773
719791265
314404261
554895281
359662031
911626023
722941221
33313339
622129991
589043541
610441776
331682259
501385546
969592294
787531001
166962217
87176991
875523085
197679511
977064051
307773563
464252627
936003617
590767189
561209564
603080960
597058003
32757049
882883081
650295629
715036451
746068001
993710281
727689491
24781745
120042577
707257811
479815425
874798645
375758881
430226053
769573590
936810977
774492092
798728021
149848137
938723477
135538307
932378289
134565817
846541319
575014744
909542401
15852676
533880464
911274571
909523048
489693585
428263405
49134117
47805231
431805489
862287874
456102760
831422699
481065099
141863137
75623447
481658816
708299581
158560902
112530621
936082205
437009553
950275821
180690093
418109432
170089929
402760704
1307296
151282219
529974775
294785725
886252197
374760785
825411491
913978545
320552853
978083751
724138771
289172953
34260501
300585085
241725421
768252737
258541595
594987969
74492857
443651918
577283041
68462175
261415321
167203219
164245093
514044477
466925001
555090113
552825126
617442783
573289809
845443906
568598969
718599430
512581029
272747387
514745149
550401875
678747537
529564591
272572225
307842351
119996006
932615629
57766770
134670075
474638021
751073495
707346511
84837701
395153281
535233657
233730731
617067207
720045649
149622385
729066142
740928053
190682839
137096309
290301691
931837217
926394685
796269973
415627131
857240821
693956045
87540457
329395837
117860381
596170241
198491769
376444473
247441361
270087767
463596969
630544263
147472275
240985003
500913452
890383048
2098487
609948201
60025401
91593891
487748625
917278648
224771400
1900301
959230161
321136005
801386751
316567312
839503320
106476013
669366345
771360141
96214089
528503239
53297881
666788860
876757029
363793113
628469685
502986547
704799301
700714296
353680173
91534199
823487801
458507753
37851757
433014154
444025681
510455137
325763565
897326061
439175383
917013791
738094774
715496057
317721291
664845265
849010733
794786751
418731
903377035
815990326
521422017
214165528
145961065
86929715
165752209
783335011
418906555
266818467
28411450
470403106
514270817
238507748
963893561
372220325
173283261
155880743
633468491
856795084
540756677
804040274
214690572
4957923
721128333
292523605
514831388
292891539
87455613
773145485
465173817
909708072
404604579
485207085
199324325
137384767
346161697
600504777
691553213
757124555
237475231
661406493
296588561
174040207
708405121
605579301
124955411
381975681
759097771
87478993
742874585
375752595
409103986
610803409
308959117
64283573
576995801
41425771
539404455
638223439
425703391
643108453
430285589
272325893
871594431
259129248
339443387
428262331
664773361
53648867
160904697
828310431
92105003
249642586
64672691
239896549
507338577
32745862
198935399
117754340
694506379
290565167
709258286
235376819
130363433
875577923
338346141
581378521
794236756
224290819
207908733
190140722
715343258
431594391
862703292
150739401
83575974
703899051
556319471
444956737
88733973
525848382
331078901
784355043
929844059
367085345
304309145
259951578
980245277
549004409
516316557
144908419
760494801
201650773
692712391
542975095
385637843
377894387
104878604
756107854
381777073
269773853
138074369
504355813
648012901
654795777
680642286
999632909
581708737
303107756
908484321
276888190
18576485
117618083
664019153
853839321
141760801
865695441
221787519
173482747
350815841
759658679
336378019
24631228
211937520
328462085
773841691
627109147
548251049
104723339
699590646
429463391
931638917
688404301
798179705
71702417
554917007
9885250
922719107
135343085
172490353
992545465
795380382
928973161
761748720
696629089
43472998
764809546
250935729
354962559
853008801
168116225
318651197
869002131
972345070
104747421
317708902
613525241
330397705
682102522
661970881
896077845
885110247
797192033
966446809
74819521
681526377
48451005
565656769
109219841
159330575
731882240
5121525
423045777
576099670
892356751
879181926
650660509
30892807
409111867
607762301
327258893
889881001
687544669
643615881
720956985
613028993
727802903
81619111
960847376
671491469
411270231
917148799
724151607
280164596
826545754
774279985
748626552
906629001
125201892
963893561
82600313
175545561
850801046
983775509
385688881
128838661
295355657
389349901
245628287
683915065
296971699
1531895
463593421
97693885
187907911
466927607
862310781
387329171
856239161
525265376
127049378
650095109
429108679
912223876
157248171
762631435
329194177
579479585
608223589
97601838
797807842
238254081
464073376
335731701
501017747
941956582
311996929
389710214
282929388
949187086
323315638
34627005
965436538
277525163
82909601
247978205
901814899
357424026
824122171
339458733
200764311
773318456
168076466
233576049
972667655
821869461
195659171
818794173
723050189
399721745
926057072
968312953
519481021
241278517
133071705
784448661
526418865
117573439
186176247
967998221
988333952
41141001
352293521
748015941
678521801
510453593
89577777
308274943
77321409
594721969
729864779
810029259
617398743
582390361
799753918
378005913
27269501
929879557
778931628
994677993
838830239
860772439
264598565
668610671
937991119
636438325
899613355
663980328
615925409
517194618
94377069
949643927
5982637
443530358
354437915
359649776
143523351
60906153
434992536
45433017
939037241
45786144
901914087
916580201
269827969
402372221
457587187
427757601
617536853
21285757
459022853
649047089
923661161
775968063
351359300
595985305
779477283
965882717
208984161
295335893
899284599
337759465
814203941
300572984
971839541
259971601
778814503
270293923
651382926
159294403
918557481
323187533
458311297
450842901
833867540
813228026
439833111
929910256
438322835
742011941
512791678
85777007
139711121
753986630
146511193
745647515
757047093
28904441
32888361
29532289
693811799
953306169
844222339
96616540
41293445
668628765
983441185
174332779
61041693
364107411
207821207
888461933
30146999
432089263
1777733
771404319
920956407
640923333
719366431
460882211
100251902
506581286
713802527
273770981
501550401
962619064
80860871
362239246
911421191
412445533
970684171
12096177
462184504
326693029
11691450
708730181
987385451
352628593
748149581
478491269
323011909
884058155
222105401
893858536
76132885
921437663
383769431
194413106
111849626
247129301
895961047
530710908
896214545
657157661
756987845
739026749
993559575
693997213
888627569
328466073
256820291
283474473
879300561
105469034
920944511
315288382
50971335
786502299
935431912
813186103
364825125
149848137
16084159
313832389
520475833
171573303
87701126
660268577
811176163
904386090
550916251
899984229
828179331
691103842
615601237
699207411
61803887
48470111
137910309
128632159
476578165
376457841
418756451
866145261
94079613
466217751
563949462
832859211
112295851
46718124
171382361
750961793
573016579
866280521
594056993
673328467
323067213
203561875
340347011
558788531
33671841
466361181
843559595
866756257
915856497
699669201
155673019
754892033
236452136
953026879
260028641
307122055
815711809
466927607
339146169
661451201
593274481
210155011
791098121
374235253
627004891
212990437
32850629
404007747
229948397
761900943
29737051
349772077
128484262
357737991
508663523
119948815
324761141
118504045
895473665
393303301
441071417
335341177
440820028
135601437
414718061
317088533
103347761
828977581
521406275
249251401
4671803
235958017
252966665
904018937
733451397
784879505
548374209
282743601
134934107
470216632
647749800
5562341
665628691
883566033
600795063
17763631
338800311
983574222
706309541
619642916
248820669
241238701
610338724
288510041
39363641
320921663
616578906
261895841
57119617
298118677
437099431
308820245
178247669
950079073
982608001
691902645
188224821
677011199
701026017
776846731
633234802
191050821
667952298
90783070
258058271
145571749
657911851
209804501
661732499
701940159
871268184
41703076
486940397
476654662
258043856
495772826
907061033
638002665
132435373
325446191
576275446
334730645
911921493
769267251
228273367
944476931
563850322
149507701
943575599
304207799
250839643
243177429
190211503
743788501
687240321
314327041
567363837
753490641
516347035
910914625
478404081
755644809
998952916
371719831
234378888
995083951
978110411
248503133
791204131
675695401
400585073
71947021
643884645
455729350
351546693
79899231
303040684
889593701
990864821
271267761
912790681
940449981
670192597
981071021
448074449
631137703
8770649
601330545
57984201
574137561
203457257
290463046
856822681
288171307
984597586
773820109
339308841
125839707
486392109
254363393
24572171
831342501
150649751
792636161
129926821
523467801
649871549
270951671
389067801
229908180
703474473
868982317
211143425
251023417
6309696
407424808
216661147
722967103
205521378
938309601
202449969
221690867
742715785
530408785
329157217
927197929
159971801
349025
517656081
217225633
785485366
995937716
406280455
738721653
897451402
101462561
440955526
587884748
183861321
292788151
648345927
912888423
693574273
575439337
303774347
463794365
188404312
172105904
618192664
280974055
994304296
973096194
101582579
664134685
982057842
584291501
168526673
173768901
390122061
153470327
421239485
413899251
312511271
888602009
46326749
423688857
752386021
608641471
221665853
717983651
594788786
931499857
162231633
810954071
329843660
889054107
80118517
581587120
949450991
455874273
949951557
367472701
310171575
882143273
338543329
337395391
305946321
378145807
479379545
592444304
455511781
527556345
931366545
109219841
65904951
620563489
699207411
733179877
1531895
203775372
339486275
743984973
149442409
211102815
476611755
320823215
648914467
772253376
394169863
107347919
265702901
218299041
204923151
187893842
466135877
819153656
647921876
751526732
886429401
807348327
162821988
771218187
632431961
943452195
445742109
883505877
397518507
924328175
537550961
894481847
732174225
152958385
607801126
462941151
351394976
784785562
971967455
77606121
721761704
478312835
879141453
10323135
288148451
224163627
456735699
26179323
137120621
974811325
241225119
914502453
871008417
913928521
207835274
69089927
521647316
684501621
80174529
77957935
414699164
895061433
134466817
471128778
79479989
3651856
962569043
740928053
756822711
602259539
400947411
176583473
184138561
351593401
412270081
891547841
271930248
120374998
992017207
777829081
391185989
956127378
649098485
557224673
30418111
784172805
173288573
420893328
14056939
32070391
376815020
801740641
891245259
796620109
233770524
24533159
472131737
73396351
388179471
59295570
85406585
85502453
270975265
780115299
131754799
348156115
962900543
594792061
103076650
505721729
214111196
972233645
628746306
77825733
633582881
492902489
529471539
323785631
728612836
951254686
513012581
133194454
451941031
50786241
100123756
556052396
197049001
618374117
379547309
671569185
698654031
562980529
105917745
446881973
640744985
192711201
847597561
9746411
297418969
260616103
68922043
372095669
839073401
256251901
231491933
825966361
129365451
724215192
318617089
551790272
289987369
94180153
36597241
74517166
515292811
120612967
194891351
201877321
721491776
726474671
471868533
39290025
503265613
678608896
214288341
590984016
941175681
188823937
788287981
786492947
583434117
464688217
230482611
676232425
384642589
625152641
179711711
517656081
242997861
607863416
983582510
165332773
477786081
41244629
621074901
831671651
273484047
927112061
806221289
256353865
280836648
862358596
588174261
11249441
592792496
977005375
808819801
145011713
167033290
681445516
18719681
3874819
952742335
188535603
158730123
542643765
286192036
500247695
741259561
527617497
678138715
798427873
409303069
918469356
106326269
897318893
459537493
120746631
230677355
734000793
786364886
655335221
899957919
402910983
161074676
119306819
465675769
134040045
829875387
625796682
951370675
107896425
522510921
189504532
535857753
889598061
79659169
264641761
682323669
283680457
396672525
432359380
273156775
605931471
264516925
865265224
302974803
91376227
78454479
90708333
834124921
799446989
45097133
806923033
918962181
370721231
939026679
758741361
575357851
447622810
497307197
184648227
6708669
556556335
875877685
577468283
270691144
735653001
891603051
29908723
608102451
623474091
840289857
693080541
969735908
376438080
709844471
82999261
76175452
887024211
431607123
398701139
980579241
169653053
535851006
325962327
862069766
50678201
878197579
602125799
264740244
422959039
618337857
15256151
883603926
719773213
104980261
31748943
44988439
857048386
678069849
280332825
224944401
937344408
734000793
723043396
381471165
841560317
273529301
159061446
185061641
598928149
274583451
501377601
854973735
694380941
509361705
811733545
378164376
471808027
142071896
122334089
901578872
81125390
492842985
167370171
928965361
165287369
364072774
484659241
341231687
81366293
264308724
650933301
185935551
657443340
768781043
345871051
459603133
302363843
811229093
866756257
860395329
549060501
653654417
587561099
716722501
323185041
18786731
321505581
94718621
587201025
379811003
950634689
940921523
73516817
81328005
291161837
913928041
26121023
415855345
971833799
744330261
41141001
512649861
107581336
567794870
964708413
589889349
812971577
434026149
876202937
89826997
877302404
595707971
750199004
895016044
645737895
254996711
929984599
574883015
448963605
431898051
11028483
351586342
205854669
77775376
919381686
515081031
959259876
416911751
535857753
302599435
161151898
23569575
505796453
60009721
500854011
602110121
437632917
869128351
288997251
950605357
330443299
384418593
101033647
733369699
592628499
238845053
874499733
19354887
373823376
336942779
447998313
286395857
674620817
57758625
835061669
376621078
231198557
173024025
616077270
526408621
553541833
126286801
531983124
364136435
194400481
871901822
210605753
322045683
700934924
3590236
517739810
83709569
490052361
105927857
184314813
199376369
162172991
968840928
499817813
482866876
350131869
864521161
126244169
945521749
207908733
623026478
852576261
904983857
633046485
660729538
18477796
927719051
350815841
556838701
229658029
447658909
596246696
449298636
278398673
605355559
971826935
173653357
543594121
518462613
123034679
664509249
738196141
324611941
568383178
426469923
171613781
862010733
468091156
25782550
25090701
586805256
685825349
855750837
205958452
781001681
854134585
65476907
383697153
197901849
453021041
687636811
976670743
656718889
247085960
190076111
664365192
18441569
508020641
915663805
244903239
264587137
445017391
598825101
556436414
400750117
783101591
106726841
900979695
677816752
931424747
220077416
610083919
931106369
575323317
881638121
375943909
668733245
396994532
645975970
816549927
821049477
813577121
750180537
246604045
410998741
61988277
212116873
365846668
64417321
545831186
720263287
573771421
109932529
342214879
645584357
813433699
332436279
373220351
830222345
813322913
472303090
714782019
81436433
720600231
832837469
989014665
353534687
661422112
90153865
213177485
973402276
283474473
356895713
683883673
391681033
588304608
891157175
206623361
881115061
34531117
660994591
499372217
97997841
41015044
711404833
8579609
668855025
921682240
758046881
364508921
247930561
391102086
346832369
197671750
114105477
351136483
345124302
407370777
542273234
881943805
214504731
957555681
728407701
718377247
717163226
449449977
704685529
245502876
830164657
827091321
822787863
322934125
675088055
693668426
498231149
843186057
425141609
937801952
564512193
671327913
268954218
762732301
304679190
298383901
322803571
79322375
598004941
620157971
212964750
758305499
559011519
342494150
720263287
460139849
983066495
492467777
399022961
854258269
798930435
96969821
244535723
844989288
211646735
128289201
278014663
889649117
90815887
886924777
564951583
426643388
972497855
499625959
155035417
182446449
787192381
59059750
410922288
754515223
776586777
940270349
697881211
912314701
368678408
500301301
795118896
245150609
430250817
971568249
543683183
390729131
604508041
360031651
333952051
641118552
945548791
548282877
499817813
51093841
546175965
640452052
677801536
996549451
986032491
451938405
745414493
574591775
635177761
402499287
770126921
281564781
823674342
891836871
743574631
427718728
692868185
204870504
136481975
324122769
601084823
514610793
295385857
424459446
545233814
498781945
920404936
326608661
934012441
333815575
611092511
772863567
91025704
640776251
313679551
468514235
694359531
415955301
381239309
293910309
816114205
117269637
169334409
294724761
177981564
959488185
911699097
697962761
390671953
948777677
342863839
542066017
148996203
9084177
494168972
284930536
777261053
638028709
245628287
590996601
180521351
732273809
375617575
526567481
419300133
299125677
339616084
891457361
359475041
401135897
36207665
902219073
532930078
839207365
393038585
853023455
262552001
578447086
33777249
736234922
133485501
498883783
814853509
727531889
435025241
118494821
531280873
525214886
774743377
510877895
144405309
865434391
240338475
795312041
144565375
697355629
672328927
850493797
809941061
192070373
384437959
166106061
723661277
95337801
58924201
533158173
108957509
797762081
765060911
366975801
622912361
624812615
117600965
919158025
660435843
531467968
119283738
964708413
503591139
305117209
84348333
774905113
335111582
718434325
399524765
396724061
852701378
329331225
625109157
866663501
820139521
364573183
631549238
330576287
315943021
178895687
823907121
867402788
226527863
164069539
583864193
446671321
853091513
753128221
211524529
168135441
417004029
751741601
248233905
251867217
54748727
653105141
841407464
916591405
341659387
331174056
321527449
722984063
986441099
529045249
546472999
327724763
221680625
971313011
202310602
982148971
999988860
290533042
189238656
474421521
124981124
733156781
333441021
989856665
753009278
469445789
8995271
131577361
529893851
878843950
861342977
908740712
584324159
225278261
568364721
333172121
574553563
72046497
455511781
466073821
771796343
235243309
947220665
902342815
411448431
262492353
773702949
545656403
47247137
323785631
68704589
346760123
737313939
250653257
554586873
721762885
106028601
29199045
920727201
361471451
502270998
594357305
215167597
655002273
633738599
864455828
185517313
438645811
104251767
351046671
317035096
953625545
997134625
970871079
450626969
835943669
404946465
804772596
515169047
875093591
709679785
601520875
641707841
855660201
727155657
475149645
524135401
161591289
354401231
266344371
374690246
601988825
996763031
980539346
697090813
963409423
261538529
95811489
252134028
904612786
625586861
4894399
276003470
346087066
526025041
593123315
250089580
699299116
186125180
510453593
921068389
969890761
670763721
906607917
552208067
32161081
473964075
795017729
225851881
961437485
843844485
188289041
148119965
602447933
366073546
63772033
355277955
902175421
856239161
653550281
311336548
233496825
267151391
945151169
314927608
140400740
975281064
935445767
121288221
419300133
920942208
340869537
381936271
617356111
381415369
906666033
34363601
6930131
756664653
769118335
400943059
165433553
489811191
642258077
602746599
870087215
431388211
179233410
71807321
329888941
992812617
428953408
130273689
316083851
294296707
184736601
598878357
381137735
597141329
877982169
894760207
941549413
76675787
791331944
946436180
428456585
708998207
11321276
874620660
237634793
48275805
238284353
492730575
634366466
735751123
292187402
347846867
480511493
821906727
602645576
484388433
599021091
387574689
301824221
941129309
420108041
287043047
962584205
19433951
952992763
606431203
557296697
949204135
406754954
491079561
170089929
676232425
407696441
341708013
418394279
500627045
394875321
237913528
763474193
280838781
914826861
243590963
961032651
32888361
812923041
693054241
575270691
305550585
220013621
951460357
305056243
444300445
647770552
70792645
659700213
743672161
259621382
151340965
861804321
984093581
812578169
821762891
145657745
125208447
43042053
669494359
884894237
62187801
163119619
429421829
672824085
69143098
285210427
989049877
53405557
884562833
757386649
341990415
659061625
834124921
437710417
996213812
265100088
825459313
374472047
880079409
812923041
396672525
469215852
820869453
359593380
692793199
397000826
111309364
251997653
543594121
817565583
489993331
708003572
507904393
90954961
51879139
553486309
21222816
931366545
400640513
30683601
429660397
996988383
482496429
90398968
893599977
44371429
524169301
439997427
890062995
372138505
16746373
954985941
653242702
647715769
574696011
221192198
893895017
375639705
300558245
109221041
638379986
292526247
46894729
678800793
666778701
762915918
195599961
721582901
694165124
704914802
149466545
97392617
187672873
30683601
180872774
857696911
599951447
586681539
830221029
626217643
424317935
805720449
99291001
156215460
841080202
33906602
787231868
872251786
224226427
546927893
950617345
816164074
309686929
883942087
469421061
931830481
326506533
589259353
754645341
938494492
56722845
651788783
320113533
366299897
863170518
203545177
586658051
450766617
336009033
777478339
545214937
944802101
695535921
942516887
230893969
484692661
627934289
232691825
481895157
124323833
333040608
558258009
633741861
659522145
564242569
392141161
809910291
298219033
33848745
582637261
910399481
697758001
528056271
1679061
427189201
974188729
182202601
339289471
93704229
571841501
778144405
996271642
212487655
741447730
623755991
790713665
639480931
534162293
715420495
400707362
505003885
873972525
202566655
695174091
431388211
873793563
346388901
793355583
93584753
691250215
193949553
99665761
43765199
709844471
193103165
659036029
453871013
48212017
843016583
615728671
441522899
274669081
373690169
586017100
886381073
846908996
504940365
206471076
608561486
323041185
698732241
685516878
651406371
756101451
747527821
164744099
638709898
746259289
907198049
193869311
825552757
907498848
975708415
852855236
550559501
791787501
788669515
281699879
383851721
940062397
87458176
312631941
549854949
406318351
188224821
846719601
798634491
787558825
681348612
881246958
411293245
561518745
144576135
10732746
83168386
614812001
821330937
632975601
913148622
412671847
370483473
23317916
52511711
913941159
717673751
804919861
128913585
246972917
823361917
250938270
157041725
127132559
698797077
530851664
469456371
918120093
633233205
383452331
25687407
289617241
95966429
271355745
209876344
447303187
727160017
837856069
635669711
861221136
98036759
556485295
52565507
197840771
983437939
716937253
668754518
904018937
998896151
201979191
611913184
280119826
450842901
759143807
382106213
893659247
162738501
931296129
926226631
373739089
476338172
102734837
375251255
792517236
80222609
337257341
302496157
257792044
199376369
702902181
310822101
84673450
274927181
306427267
370994041
76007518
609156753
538530849
775211865
445940001
564057236
207463957
647996290
428415221
463593421
209406441
226428169
861355545
187820489
986229593
901581156
539373172
219412721
891269717
216272447
856055988
418280631
838019644
447426971
351544161
245201403
365797153
926808445
505943489
854320132
629415241
523378433
128804449
248233905
517458908
693733807
413440259
674179125
333266660
399154767
379249405
477789385
669692897
457735727
528460881
853566911
598789745
370344921
552777699
671107051
970481065
482819095
437875073
741037962
495422477
811733545
344296071
622855126
65603653
369157004
584203765
759289741
189747639
896077845
391864687
218800921
300188067
288691439
145398872
964060623
639262341
897797831
95877396
595543497
9349036
124113801
680878641
453782835
119472979
387534735
840536183
26645425
55046761
569954692
288584129
821704939
256607266
904654251
440074734
745867713
926174992
213381609
331762211
13976218
614946141
941153525
6272029
839657280
918051189
417912335
715764699
903975657
208027508
318754545
742973805
242755039
825718419
388840261
716026631
527967933
275728371
643108453
850221369
691304279
975266017
789754585
19719857
417977141
679470431
953048616
383071453
501912757
841967801
649862777
222385685
869931661
886381073
522385872
794391933
679206519
126118339
672195523
226941191
749101989
970092441
779929793
336474725
309772176
708512938
502531341
956117475
447300336
203552069
338788867
677811237
664012103
358577406
318196785
891736155
622090967
52947241
202034051
459042074
984601736
712900609
727198913
957941185
846832005
44859261
779735401
73672146
987653477
498182950
834009345
221680625
875671344
245240221
215246980
820139521
8908027
618022911
830385441
941228730
389872525
178749351
769687111
23924441
123697558
556491858
411477517
477706973
198263351
689577501
818670451
620982296
521406275
567198315
770898847
425141609
664503857
322458594
402993765
429660397
47680861
381261677
305344457
624078901
543250945
350372305
449449977
910559016
37405777
911398393
997492158
790678141
685585793
162130589
812267545
935579481
206015433
479105297
778166733
689754876
896913250
178748011
929306371
357042228
369072581
456869929
723012813
365778821
382698759
426134316
724614467
820355891
169726751
977628675
33845905
485811293
838165030
717780945
584974411
186439195
700670520
31363413
251519151
254732511
142676321
253297237
770142751
893965401
98781110
888725139
673704079
577196407
551495229
930738469
738646401
288954138
642831389
230395393
73362725
41621841
873542282
573682581
751709861
114944756
99665761
307989846
480623751
507411606
245092551
719882937
778415668
24306045
336095605
336727441
90708333
600860067
544113271
576270580
30891002
1421377
54961601
779693263
579027253
518197371
769170023
305826571
291986548
209612941
524544468
403565997
930236420
409264491
164343297
169726751
745758719
364222501
960565700
922591391
840578053
966979972
77110207
398341257
439723447
106726841
354743361
480794451
317321561
660913353
264577361
296766314
461282001
454083625
334702011
307406136
341627909
588298067
905948309
459514071
312631941
253362781
452931761
30206651
794582289
973410601
375008183
896372247
390639453
357692595
75543257
129881160
396981625
885751456
484409679
291523347
218355536
39309733
423778227
328974110
523806179
511247477
659635627
670141623
231189501
64106078
409451913
421042891
210548097
149622385
892900382
522446732
455339251
791350205
919834661
596612671
146956711
435570561
499471925
746281766
445791691
831158653
965704531
722090555
123828257
736324561
110838371
328003367
195599961
992019234
700158429
324233174
900912545
166807491
862319889
811121175
79828925
973403802
677797979
49050789
537278701
89826997
301855965
218800921
755486053
611482618
877597621
419998417
385537101
579389648
258770941
161524795
935974821
569575229
699519193
605188065
965882717
495889570
860466579
561580321
697877157
431041109
68408495
824605459
651587694
179426993
655737379
420767087
398410309
609803309
621548122
901429117
598789745
798077911
850815690
403834561
589610261
451703319
298333105
448259726
123286976
930738469
41293445
675068321
280144001
594962877
60532927
527879699
310629990
169360857
622505008
196444337
319747281
511863383
718878464
46314341
873513101
967505817
83502837
468653769
111522399
734883558
954323581
445007647
713296873
244965851
123658042
881062897
846708843
639485499
2783679
251479345
894140046
349313376
742322641
394677062
397708860
862426209
942130939
117358297
781001681
235629911
250748670
77972456
415014953
199215115
828096421
947884351
624639401
171397916
966149603
586818007
974482095
746116111
605784699
638473851
467715441
531277789
861131415
48001392
309529976
30717835
421851953
66146762
264079669
935974821
591106807
909447817
563405691
335338326
179054711
872849794
137206579
769588171
335841053
113923369
457802770
834094511
719718757
98995671
109444801
609358566
856420253
102204781
136188301
9259177
20498173
295285077
649233209
996522325
471178378
712937490
152261783
976590663
671515568
170093561
449449977
665155147
416305914
854555517
209872804
745049086
900688399
332161070
187799317
574248301
414938639
885736376
303985202
135905245
334394919
450810331
715228615
5163221
570272303
550258789
118794243
777466473
604131535
34627005
49134117
75376021
278134736
841394133
825117315
771590201
370975823
318909045
892191243
916450471
687980001
964086651
800170833
522930021
143122889
993311313
698691925
388047961
119238539
392946533
655600095
16580839
660514526
455587512
628850059
456024601
659560057
557938261
196860927
269624817
505943489
68469737
159150182
705126200
801623899
622918591
195980364
995680157
727847401
419326433
338251501
65662147
38827761
19539151
463761456
79584289
972921876
144645866
160341561
914840829
39667501
213322856
147687673
558398635
402927118
375913401
464444297
169726603
846494323
692818490
676959981
524254544
419455693
223722832
386029292
432281361
378571341
560911483
652111096
359799011
526016912
411090328
356982175
644324217
106326269
211320066
896940541
73845536
480212077
117841481
433370934
743234979
942053223
210917267
884740313
498265854
413712891
894039049
601462022
824688233
988993
796447029
402191938
707134163
416327997
560416189
328375293
600316807
36855219
504510957
740036716
37405777
25721043
309092487
522989297
388460295
374323694
614056681
644324217
836839389
883370001
417268833
759031703
785209201
12383093
664019153
456332001
208601227
991764353
360933949
749794299
201877321
912016905
448950387
265700877
694741201
167431889
626659592
804715217
465388297
31684298
83502837
72225051
529143761
75831029
287502429
602955985
613998307
397518507
796393784
737222645
111439586
668739369
468982909
299191704
227656786
615670577
731606069
811580417
742173665
616591441
290360317
292946725
330238969
350284253
607762301
964843217
846586677
937484407
763245736
907086619
868616784
917860676
720912353
216157049
43081673
270496035
930739361
700766161
678907271
17490623
907828563
618771127
208446837
995744824
933043951
547100378
451156721
309514494
694477224
459603133
857628691
442110515
285705217
320560815
197187151
872924605
926394685
942333497
465343331
359414821
388495279
398711844
565546451
743672161
187759041
301555593
84069730
628495812
360576351
462402501
921715005
257797601
218201549
320552853
496255296
23965921
393959409
520344576
345043490
501565895
605135079
805720391
770169664
909110815
582992121
82498635
64927849
909542401
599263517
577196407
607184768
790142579
243813841
770941749
912384235
621434989
995633769
989769060
278413448
771114108
163758681
151244264
697221649
709171442
332613509
439296625
581925761
159396297
873320725
345549605
497775293
13712097
673117049
633899195
751891446
924580561
910312129
770800745
622165083
969381951
366249777
742632230
83244801
932378289
456460537
34067818
533881332
203248219
594030717
702728065
29667757
653716583
378057948
717439451
507505329
82531970
253659689
677578126
283268507
903809577
297705433
627768081
353355609
365305820
840080121
372955838
420550979
46038133
231897326
297525321
370086083
454130732
784730736
335111501
683780527
853602781
929532613
372909825
664720609
559539227
764775071
37505355
301875133
681786033
789277093
894051721
425894241
8770649
734913191
316979769
137304293
486600277
449760201
73663777
682505390
963893561
515452817
566870959
8064211
952136845
367236029
530866337
79915201
539374593
523721629
540904885
927069701
325146559
785322761
464486562
447395035
611089
125740209
452753241
855507371
785074163
632410461
251023417
487748625
974809087
987397165
271667011
498836511
69626546
894963705
316389271
118913761
966833233
406153897
68124726
118550041
221908731
276103143
450106370
899773193
982338893
540023229
908992157
929800505
186958768
814097835
168679197
524670643
622618045
296152357
626184389
377488237
572042148
866148323
345386449
452360225
168407357
188442491
287340853
938650629
635764853
809828665
295958337
89076633
876202937
19596184
333528412
739956977
708103381
649224161
601523057
317088533
615151509
678782249
931748806
232302060
158288426
547255705
857058237
330377397
724613651
420560905
72626377
474421521
989713276
781952547
258748877
956643761
637566609
464146713
714003847
325831538
695030161
550719618
588490617
541559053
630758397
783915449
770280951
623713989
229634943
397737981
333188049
212864271
690999543
715121027
662720917
608312151
830164657
927264491
319093866
834418561
63612401
377894573
745246491
267336475
13115627
276617677
193127921
353355609
100102831
740955941
921971643
705787701
877025937
978083751
436325581
769267251
290245813
311539013
451970421
95669451
783487279
548113021
334955909
991222287
505381001
67949489
871118981
577120025
941349902
313755004
433868621
643431243
238354033
787938891
670163996
454166181
339222717
65610073
527791091
704458633
606420803
881488103
426350589
342444049
855790298
173024025
127295429
465441124
485483009
790964785
387227901
158843822
71769553
410598073
208815826
369339784
568149945
253029173
631416141
419972367
16283641
761881369
281557845
130191718
566398411
816369729
956219017
48037781
577448597
55372451
456250269
660423781
759266297
231913921
77655187
237235279
590956020
192559283
968960406
268364759
544304661
898782037
733268079
519685192
739331398
83597151
118967701
390232000
137074841
431605961
184240649
67807101
359522569
683010283
627934289
942705917
297734051
811078917
721806357
167152099
848190321
129599306
637397083
417348911
845362598
867155939
547841625
375124367
96058467
171854594
218278759
807560059
843537365
527991465
264253991
367129309
232524006
451970421
514509381
172260197
589960905
763017229
968801761
458759371
560731334
365985395
618981951
707346511
143523351
892308401
941948817
594540779
413600813
303747911
775663552
81629701
366772547
746526511
211369391
957751057
406878491
398362849
443699235
309078003
217446501
767850791
4062086
692868185
225278261
435965881
241788001
849783169
150878291
95052441
771018513
288608785
367624295
882769940
717261943
968542521
271181895
421609917
393743489
955441321
512365998
840158381
741023633
664428022
522389968
767480294
446390927
606689801
488217211
740682486
339013507
626955406
180089861
504510957
587730130
562667057
413003524
787738481
986444353
996293771
200708647
859731866
555266417
539185451
778133408
160904697
691300776
253307452
323565082
990864821
80972711
586518472
155376049
710924541
782663785
461435682
626855201
426143971
122563336
174046885
810115593
970689994
547464951
280175131
399926695
321417441
251131095
165811949
129401226
361410761
139110731
424145949
709679785
739628445
961856217
850789053
437632917
590104521
81018583
726634473
841316253
347922565
929644917
152549485
519814217
640917253
345526901
613316721
643108453
858642128
670002942
733166893
339443387
912531777
45968345
372149959
820719653
364338933
381795111
341244437
247340001
436807569
442659276
121928461
682082789
416842098
912790681
682564543
925414197
636104481
179359861
992375515
327402901
236581003
238609529
583326361
857206561
905098760
520056961
216596573
328681447
344976381
942556229
410375361
261146269
740456661
351757001
383470413
808906121
225017873
966833233
513491429
663017183
814510733
137380699
234200551
582604513
486709469
775255605
91482871
476856131
656815221
949641108
669877793
584219677
105589729
703858554
164380880
442344478
26497507
403840813
56968515
465993741
718117329
232630105
939553309
366833881
808015375
144511380
998821043
62173797
330938046
920891571
978152729
802622081
277963691
366568926
498006208
865349881
548282877
370315129
743770073
306427267
30229566
240416373
931161099
858406641
784821849
757465045
123828257
747498734
25510701
753578989
562667057
837875801
692716361
568410369
507188982
490722166
960318519
521602649
844569932
483351119
79400521
336194051
537672605
219304041
368496033
709730224
609003303
947367721
444013454
121148927
509222631
893359367
444701962
177291962
402083321
817890034
872190645
28852441
693574273
238506189
44485241
928117765
240864751
113724225
853918681
526923473
950181933
407766641
126714881
929480933
855481444
435840901
70293836
511339545
150404444
104980261
619281215
743672161
365366867
434069050
545453522
692642225
866360745
208546709
333020876
606779761
2454980
324780965
467904901
769481617
969104236
543577758
407824175
445325653
559688521
860558013
391185989
765578789
285091553
462319601
396540565
533601547
817584111
332900521
489567053
701303801
497682311
417442855
832862644
729322801
988474991
365313007
395102093
635334501
849529001
802461140
646449710
495060996
232454947
223107418
971719025
660643444
574592071
718117329
611199625
808870546
727802903
327910247
592260793
619292679
870785897
119290957
430163537
192963378
76340057
142981483
50428881
599504293
757544659
586300232
961361578
165708693
317569205
582452301
70436367
183126537
679191233
562538344
549680369
81046520
971544861
961040595
223833990
781952547
15670905
975157968
296898161
170391951
483067605
321923988
811506365
186735321
123635032
383737233
164744099
945358341
197054801
95337801
442418539
337988003
595500223
454597575
304963796
764353501
996485609
693878701
300613791
16594903
516521361
848869543
105076562
631982941
970512878
569685081
751770653
704685529
45434645
989856665
828053889
25884541
138968406
438569185
748446241
949725079
981727629
677380745
8908027
753713873
50576851
348454145
310202010
424207567
544158272
93941096
74130283
927266601
783806355
617835625
154907025
168135441
281850801
355950680
230266381
481714543
178182329
850614627
404949887
564745471
745414985
227357480
443274088
171923144
667885555
712547123
292975211
798005909
975586117
703127503
231448126
673828351
926567271
894479491
259847609
660573815
45433017
737368461
283729127
390122061
105625382
513578509
617994251
431316867
231099855
150953171
383968073
204290856
997347285
360045279
578500204
921715005
875877685
432158393
454898123
328324197
890185661
304085613
795758377
508699075
911141273
516055267
955291401
662606527
900861037
870564726
695369299
546102158
694102486
528196843
674911685
511971674
313999276
810043941
440345525
347200603
938723477
927491875
231964721
557790705
318899151
363153951
820357081
483954918
124003659
797494185
737849833
968149120
360020553
610168501
243742183
958731332
761483663
45434645
861355545
903012037
37671287
585269311
790603885
868464633
658957983
226838035
115315796
275627721
740928053
879188378
4971504
68494411
680743811
969066431
811745273
578156501
570526995
516722171
775129401
635819531
851380729
908133025
184100697
188902625
791126045
709557165
259456675
429766201
737101953
110697291
424738651
781925843
754433831
280125119
103912383
297491261
414995547
21506651
675657885
227935784
224057435
479931121
775139858
617951301
82101761
789727002
62678205
285857412
688394753
975053419
550763645
779954176
725713469
625125088
17748745
382125323
429499407
818670451
817059866
564079441
618489971
165440379
540289561
642041196
968704221
657328978
542777865
385897539
545790061
717934485
434495585
249071755
116321891
236388321
860772439
20825447
407163837
915987090
4095364
518230257
273898368
913314977
707576117
163005535
366184553
328064877
266818467
185190281
540904885
610762859
751026545
808697685
906446461
196695829
537115661
286144280
518516181
600865366
242685949
64948893
574418681
99704026
774265537
958013185
592502729
743009051
272016253
64564759
186832121
252355568
848481707
840342346
266629165
673228565
500203630
482949487
549779353
759266297
298856789
564692677
924310045
394279193
65390447
52617377
675329681
333915795
275847835
709629947
143981362
977562938
89157491
996485609
45575131
595811539
989518305
347361101
698732821
322609347
137144065
113001826
106213447
518197371
264887639
9259177
313702191
789779841
996308749
523078839
83639376
284877198
366514601
196802545
310532673
785771201
378339649
829681527
792481593
248419021
405959835
443586007
30533791
360562041
725900753
182854603
323327841
716333515
900669231
848390426
409303069
584291501
609156753
455049551
990479491
375012441
770288191
976766853
718597060
465765320
54318615
390624267
188786011
205662345
705176197
544278535
253673909
220664489
769900312
426108441
170093561
178416496
680808985
866328765
99800545
473591737
579822339
700578226
941175681
583647107
828824761
108368095
927626798
641097461
476571725
684654935
526946373
984740309
839908293
234408797
939816745
977005375
358606145
652329891
709903189
147532677
158156325
943452195
242224437
178135425
630806441
429077279
750629841
814109614
742016991
299583653
821741245
676318921
965769005
783094751
814572305
835570339
614770198
13521218
133674642
276801961
416011380
634231157
583189355
75099751
214766595
697348181
120348587
832757628
779760037
382622533
801490888
334366601
756217321
686464915
751348657
421045253
947881201
18932087
581010989
137380699
793786465
671243621
530874637
22498437
197843923
397461605
675068321
719882937
962292342
108455497
87540457
990150811
71887501
360059992
478968389
317460606
183047762
967377073
21509957
297139711
43488417
764403783
602770146
304464576
830872683
479815425
334394056
771640461
920304258
713531361
52410541
519823195
293788017
846922661
583936049
269259971
206847227
508718829
568448637
721337094
605514912
423122719
966639534
855649230
419046537
887172920
748786287
432314405
463563520
718877657
884657114
463418651
713949094
3578900
798117501
582789053
866685481
517232313
992804261
464746332
454364671
27231563
643071501
147526101
308718724
551669285
488171705
213418229
835943669
260507361
303983865
505381001
737358293
615604530
853053567
941605317
599235559
300271217
982702908
488391553
602846949
911732211
817758413
924246536
178582169
154386455
457244687
238309731
519616787
769854519
29394695
961704911
445017391
848198833
364978747
887783401
250183151
382257086
987397165
126517298
676205118
384655237
231219285
778239741
102457541
388073583
452488397
941777452
441616479
884552308
776478561
365210969
232172131
544035721
3942266
889649117
495359569
724410645
148121538
815678960
943962281
557180827
78517263
655205001
566344457
994041573
418325611
164245093
1521276
158592437
922207515
367569593
257255925
603811341
919249553
167372534
396678271
194294893
160654800
275720813
703860661
403388031
687013149
153672637
859494405
591391042
114949257
947528112
132764645
801221709
438920950
974953431
28004051
388840261
526273351
7498237
801406408
689012301
622831028
318581693
489279083
799532319
811853069
270013887
431068259
560175533
317194123
467765933
383645417
356531311
793403669
899994431
186780179
985736551
310419801
798422641
373661011
73969697
111307766
385621585
732248935
661187793
325456177
450316986
44056290
682587107
3709991
388525990
447447771
164019767
160159171
337611941
452027161
108667585
883365369
380843518
274855306
302926003
244087452
178367145
86547741
747200217
193788506
337474929
163066433
438222760
936720421
272220719
546378561
628969521
911141273
811832528
689362579
281438964
983272233
588392806
120766191
633157171
120587689
886909323
195900767
301177090
106759027
400486
299812701
395227549
351143945
955854409
855588575
792997090
508278497
2920080
276801961
176406169
807469803
876344440
393234975
942099807
426366481
203667063
178689621
429484340
177161481
118504045
750372754
364933841
876339259
159475220
898445067
656692761
743455467
637507326
901805929
224464601
359887825
64890152
821528233
973972199
255073126
116021319
366913639
863828608
217537373
177859299
735844147
116447947
761249751
233076273
895132476
638033073
22597411
712435047
389052557
954644067
862720299
592765377
472835193
27216911
933591525
415238200
795008526
588480643
709571893
655600095
489876358
339148875
797192033
547841574
269547616
33672786
747200217
858875247
719882937
332107301
152329809
592682289
835516581
692322931
580373400
745804737
226347560
338330709
364554705
793277337
455305201
76216719
639060947
897219831
671044267
100322713
661997773
925540125
541886992
778239741
937491405
430701437
160364151
137326779
788859217
983192078
988758501
62290084
818591978
856661883
694757741
198766374
437266136
366833881
505105269
493714140
762707030
702184765
906900046
772626237
957646973
767813316
750866369
310580427
108555258
987870271
403291783
9077142
5562341
777128461
278527991
290936645
528924645
442085407
208995683
878995302
576181745
873135653
705672441
178431561
436126429
283043161
345819149
323468934
916393977
138978977
938596111
974634804
292441113
746536521
22437036
69632825
28202729
261146269
488759041
162839131
207425281
443930421
853781691
251125867
71325131
172854463
773616433
877089617
364573183
768807581
427385040
461209423
436238444
357656479
466713781
525429879
337474929
26477285
433040869
52491733
108845777
979539375
587767453
927264491
865509203
341910401
708945721
827375319
178633633
770009905
611381371
760856
284923881
733648977
14776394
628862861
178135425
739159943
910760961
929283097
650579886
317190825
437176901
635940579
739846561
454175351
124323833
820568854
193011257
468003359
690172727
923154503
17764366
181670305
114408715
134538637
993168865
399569111
837500895
193486805
303093147
476303311
319606881
959871800
863704539
16724661
997310113
789952455
299125677
483167408
410282624
636083417
612459755
913423746
287472177
803972777
610803409
624789526
618883985
742011941
54673453
607206985
779655864
534253141
352302723
136127708
398701139
79185286
306678489
997903651
966761041
934155796
29714217
31257961
243182602
112295851
518442961
927140369
879532245
851763221
213418229
884107604
481895157
802830948
820181201
84645757
677197409
910390651
894647331
44508633
114273536
430226053
382607790
316974626
224519856
953545556
399501357
39221123
614884457
139363234
864114475
132727417
807435870
912371268
852896281
632435236
609531153
302092365
308414831
575140861
63544035
123693001
325931057
13596917
311895225
891572451
714357253
914235277
672967013
828261907
722755587
631846241
32828341
628884693
430304161
160617101
992627313
355034383
339617069
342741501
332217885
812568073
531835623
487938941
144565375
324780965
603836063
238385001
227521181
694837301
622476301
646018383
140472061
550397809
980418811
125889031
619484007
304439026
985229471
154305914
460183763
968209593
587169799
346110426
320552853
873211939
921971643
769917987
217391826
716934641
268491068
783101591
529143761
287369187
139606527
779171541
816393153
198493171
902091013
265495541
677327889
678862373
807056503
671480153
513962037
444200613
493962199
808697685
975174761
975373553
625696793
540419789
414691611
652602631
854131734
200130521
581850473
120630725
804630041
305451437
517031937
735837996
931106305
306084681
501816476
800781459
79545031
32757049
803325561
902287169
879350213
511854213
288709801
589614021
894815497
995352881
146585113
341245067
478740149
302483163
566169073
655002273
412293513
758386221
906086207
29722727
265072521
531439677
796149421
192675363
120996033
613773060
96511436
345532117
412449803
151011831
668450109
272747387
798615223
960060501
441738107
235104005
376428217
867909021
478937217
340659386
499328029
728549073
334169094
417476411
148451007
877823951
713531361
413822981
572367946
822617651
644947771
8834786
929273241
694394202
662558950
626677695
88917941
546941165
773360809
251673451
426108441
412093683
794507125
443466694
373384926
509404325
430652871
594792061
693302489
429559161
908730665
573286451
422869839
361514051
911159391
608375925
810010583
422361393
416063361
374206649
946969400
487351
891157175
794391933
735452959
470687432
187619353
583198743
62678205
744459471
767751369
394734143
545922061
869820291
52511711
837913693
149507701
438686109
828551361
691460071
889225801
440345525
177143805
350219614
23399032
217074519
480677781
212730637
941077673
429888113
809536867
605294591
816549927
95454237
467261257
708405121
180521351
504533412
329125125
508421701
294366313
8013326
346009268
127079249
406633943
1429582
797121645
768218406
884797296
55310817
917794967
777704001
778820139
486476591
346730975
63123181
359314382
331327001
197125817
287043047
514668593
100376901
252844351
661651700
898363663
399594445
719683953
546585771
325298731
504940945
230700337
983775509
356531311
2751207
253789989
922937345
600246637
893286883
409264491
119191081
251943412
477343581
19929341
561150175
643675859
13827035
134934107
198347809
812533289
819465686
569996977
844227951
628526240
782244729
605250280
131676183
713217787
904413929
584007877
597103493
128459342
73275559
472842169
3709991
923661161
350340355
888912223
388702653
42801413
442491551
266193113
243009818
898782037
191538921
68349821
825966361
551763281
865776701
695845374
477927199
780115299
6871793
477306885
192553001
266153029
805428825
600489711
981909907
24616255
797682307
94238111
379627321
794676305
489345247
417194443
618563567
618568698
170525567
671732171
901601281
101901401
754859471
383014442
939500173
918147245
177250877
190836893
45772007
544609172
101047055
178498235
786503421
934069217
217396140
504949211
133179437
126142029
811576057
99842681
619012539
551321163
240864751
25950407
127947435
759547517
91578651
202025849
367866129
391528561
727811699
692868185
815861275
542373230
987648493
997581373
959358983
710586903
524071745
45433017
327413943
441572941
344056419
741259561
771458237
389324999
805054732
73608210
168041237
866053553
534534961
858527926
481324945
130393926
714946087
557362201
66480389
568149945
932292626
86373629
83005274
887715723
175296959
990698139
233495730
430285589
242841243
402499287
203457257
884894237
382106213
488281487
418736153
688404301
953667701
423146676
649483128
565864965
698314605
524434133
73128498
598928149
311990156
471663670
63230193
12001401
231507903
845368401
374862417
441241255
764827971
103347761
299080205
71943393
513999601
362430233
587143873
253984729
476371472
975916893
883497401
763218969
244703571
406549685
191485215
748153607
545226143
480950481
14186738
929305581
601867033
105737321
937905363
913928521
202025849
405119673
790678141
587767453
511992261
161905231
190862977
606797393
50146487
782731121
905127365
687163085
403035507
364229830
685365061
758046881
59902521
51955536
595656325
57056433
275985236
28050126
695511917
409001298
830235737
668855025
101794169
394284251
443617503
607206985
484177583
654196673
258146113
73075507
887783401
756047431
422120535
620488617
300096329
288163911
263778913
784138937
98036759
636802790
785298303
224806611
814510733
563845239
841291713
179054711
520121985
861355545
90996015
85273487
732347795
320559777
440042193
727041401
938281601
76551068
676376965
397737981
104913972
81085257
438290933
575896902
912632681
662722527
133902543
938081201
467058877
985321069
259545605
582452301
954422633
853875281
809564881
992553829
418266841
613020161
697908289
172026608
821750251
92920169
624217633
721055913
458910653
388519092
303681733
920622521
779548321
798739504
679706729
219751517
648856611
273648474
851520703
899664867
952807126
172066903
364259948
188590109
773415965
741749629
877982169
139842211
732297929
511490145
584370832
942053223
796669347
52565507
681964053
855336923
697455701
164963296
854258269
94540223
848002153
202287105
17233611
181364361
208630420
267813303
187744549
901465157
77893457
858746927
772757665
933003923
43177611
957781786
344632011
547930541
18379437
283754961
138151567
141559441
536870671
195307761
395727808
624926827
882819097
605382651
853578795
806512757
191738374
181032631
80367942
872507426
890933055
800455393
269072121
126714881
776622871
143818529
863738208
922247608
875807393
764931781
567363837
528868326
240791934
887759653
118550041
487556150
510742053
545804536
146388767
685823896
586965625
731246737
241444255
301445243
971079457
584181601
924310045
647601517
884669839
643569329
149848137
575017775
717861709
642250539
510863494
400640513
183236551
130622005
704063649
300167200
149172685
795746499
717594323
339402785
669243842
973864739
844622399
597893075
967296749
209217993
641603050
230160632
662415051
195745533
588405381
705899499
536980163
438999551
423071716
15922925
224620251
422980016
830039896
167748609
780443965
60009721
851380729
2643460
632911945
100607842
601330545
319309161
528623801
794462449
65362427
55514812
457164537
284031233
287340853
644319109
420994143
42638859
289040333
815344813
207868083
757403021
608065484
231491933
620359091
96381585
878502447
262174647
69983713
597140757
366497327
851380729
581579847
145163747
578101501
875523085
841490196
594716865
371137901
791888641
845809862
744802293
681702225
876487838
492398548
102519457
388269525
791963309
850811399
324194936
392741564
622528039
797434197
869417847
110855806
23924441
214128721
51441337
962254357
102823425
83987907
652180414
398401999
969817985
199494274
895473665
168837347
310547869
825508756
455305201
499427395
693914880
825302756
495639951
436764001
71361361
340807869
680929001
736436581
469333145
871011586
351912491
691229881
732159581
222287225
534939385
271934539
642979853
264009881
961533269
906681361
226329876
655051943
986476465
454327901
385500233
91287826
361863816
622689523
226486449
505003885
924169
41566389
683519355
1219952
699969596
901039880
458843706
568602501
44354393
582724441
887633046
403993187
906148695
262107461
261415321
191575462
872718081
487968392
575670907
944215473
186525499
788586929
73822426
593456223
901868197
789828348
330695536
336502291
370197601
166216554
453934844
528815671
698611417
894637409
300882235
853875281
381071588
702876107
980582665
615047470
402229713
77317765
827728000
187691771
936358131
721826385
331961269
104031853
562741686
542943861
579810806
967338511
913892616
480044683
583354023
788077592
986476465
152170001
532380753
951345013
302720851
694099365
670736937
784354491
416117421
884857985
335262477
551495229
385375443
833183247
218957379
415460225
682158916
683332508
248581468
866053553
590768817
719656861
792988381
679744076
636898211
631846241
279305577
814434575
446491291
111358957
843811025
625534949
524169301
815127388
983968273
414966129
10822601
171558675
287163887
318736347
825772879
532542276
290802758
69271195
696404174
375956573
436317029
455949414
400681901
733202045
629320321
275273139
820883656
712674707
693764873
765852777
727552153
393403571
640414151
390671953
71702417
154907025
547485357
501817529
990355221
579433695
351136351
604285089
176004563
195575696
273770981
73923853
815915126
198513900
322168347
585870426
163331979
97070881
574418681
700961813
916580817
514192041
802120181
671203654
477359811
16966
721809437
418536709
745255343
967557023
857696911
141131701
410185013
530242384
340466202
529987401
838629471
429779751
192836813
304326476
85119085
724398551
285726832
468235595
787905757
449809187
742973805
157405413
44354393
993572501
50576851
378571341
743087261
222105401
7292376
804200701
677676709
806682407
305773065
136903375
513833858
17713729
179908853
96739441
539941301
571498236
254458115
989856665
452097165
686672206
748111417
136086157
201877321
615670577
865466127
570312977
890350568
713566861
861445631
299528023
875523085
990456605
268132199
772865703
962983369
13185375
423043085
454103225
59594964
456833987
800840107
451482134
655292001
493850870
188109969
806339291
313475870
742715785
680353335
767773055
846505921
578547804
429043701
811423121
126396111
285400082
725984181
972644309
728272845
682877263
864082415
272464249
978447650
784126093
57864425
448086819
435131961
277600708
335058071
356690934
975174761
26712139
719683953
608641471
210160089
887783401
306589521
794342956
364136435
868430741
979122458
35297493
3164979
79302781
997338854
589347477
589177511
568329951
832241785
692895129
484622611
46326749
81790779
358352351
506747869
649173753
602858696
846675074
846107245
197377578
312863121
174606987
702202841
962055745
368058923
837967028
223652143
487035001
267493951
709360403
768807581
940429485
358488559
918312762
793701293
758761528
843733961
523467801
215908465
355433751
433502132
830613529
89952629
981918455
373754921
109219841
280696241
830506197
523408121
655322487
557923195
256696780
734242997
89441596
131015873
743901351
498266661
867914859
598431705
587015862
279588821
83214286
836421876
458311297
848116181
435194465
373170609
827127361
595805921
903913821
492288933
992108678
55940726
441573231
876928475
701123646
495871453
855872821
520194377
965704531
728076652
490019837
76340057
48948298
777704001
522394563
176360948
297175215
657920802
602635609
48623111
232751165
223812667
69238081
506330585
42820100
533464681
643379049
875124993
661080321
597711416
868073921
186384073
332858770
632508649
116607121
761121001
770151029
100093165
693302489
451707201
891724518
454069935
797762081
587466953
88454903
108200789
800248016
841084143
853793581
855101717
144758199
134565817
164533436
237634793
672082863
48774661
262552001
496451341
353192975
528108577
155641109
84045581
843179924
513962037
714587597
893066241
724305671
253151809
246291713
441971027
195900767
711874845
373393301
696953201
385286133
218663777
234260010
341327094
664382833
661085185
190236401
867914859
248419021
802637171
732599423
420708237
653068763
640697001
204439853
101940375
19734443
606619087
985842114
455877751
324666353
611721309
606404641
557287933
669491101
602259539
737368461
516457137
962085397
66392661
794835193
451119341
910527615
766993825
124760525
487368151
657692620
381975681
591661897
633463949
21951295
349910248
564207464
485832436
810624513
37851757
264730313
310666445
362985469
761739556
813577121
779989423
866473769
427832845
840428428
339391287
695013771
139607793
210703499
80066040
24721486
333678885
649555269
648284777
526660982
873135653
358878317
123693001
81349055
33785037
13652905
280825361
165688326
618013417
575516909
566255927
960058411
654861921
658497447
389491473
788464575
33209995
608495112
560707165
766612781
533173627
596718143
862426209
70755029
889391366
320325933
720300555
253855526
173482747
530957776
370419295
289804361
706387993
184889137
835465308
717934485
516335431
325796225
606779761
363239825
807814404
697651595
730060579
524434133
71687539
818154696
330815651
873524101
378924820
950266545
777564509
431618750
681786033
988953520
847335103
162251570
116460056
168116225
845346733
893798286
339315458
630770473
593499781
190136322
801999969
239301411
174794675
102048857
492462569
581708737
462955263
181285685
997307245
658983501
489363991
826339520
756754801
233730731
476790381
948547744
900830187
397767489
805720449
613316721
436452193
245503548
996171275
20611005
565656769
29917425
443047421
603584940
229634943
176004563
571006539
419243485
802778940
526957433
959477973
624785283
99754203
309394181
4680977
729840976
655979309
681977101
373170609
295839321
795720201
354067633
943209720
871594061
530003249
462081001
775704515
792564442
367475821
906224271
513022985
166788929
477376453
138045194
873539152
758741286
174046885
989724851
445345314
319592393
872580781
878185273
358488559
865453597
592053251
895120086
585841848
84262621
606851496
354222063
632607769
993849117
79322375
954422633
187814527
921704311
945032162
855468657
688468973
333461969
830764343
12750587
841108561
976724039
477521065
448507089
10589798
112148973
242412857
57096081
787683667
728229911
894760207
971719025
13826125
958196798
194130585
807587994
980643503
823709013
933734598
577555500
6734971
220538497
682356269
970218561
735528371
350571825
254093086
857715435
796573105
287795911
439635929
648177675
743974687
312861221
275642901
39495215
328175439
422438885
593444768
222287225
467211199
571973585
222358945
527030794
236574521
804630041
105683141
838013501
167490851
608845886
742627501
55628401
306144111
653319981
370419295
451926467
799403809
98332969
581754327
347737943
563618091
976262408
376982793
94006581
187663019
184514011
497499769
235629911
652848934
237620025
133932557
823139839
684662399
669966380
480960353
650896691
537979522
945970598
939495108
590056069
788623558
671830496
333003338
726901427
548541425
844603898
407316819
650305202
239655391
816702389
242766828
991134289
376047690
417066991
993987097
80042478
578610529
623531283
196657810
508814847
255677311
974512205
298541324
842706301
564266949
526646913
340874196
179568853
873642229
711905291
800840107
865843421
483726275
76259521
264587137
660987328
345499935
290162993
538598160
834707705
938650629
496933149
545922061
93175282
511649107
554550189
265734917
181643303
491660244
546834799
539429455
427187081
970590263
454062771
490904001
877982169
900912545
455877751
754645341
257794549
429030345
90153865
630254393
902956721
947960816
798932825
271267761
13364050
809636737
737313939
90682030
669651402
515148316
858765852
206467308
952857371
666490371
974925957
598625373
213741891
654824079
448016545
500600977
248762971
49902332
485488261
791414807
445016241
513329891
818983421
230981610
645477311
784437556
231631572
372290961
565699249
828976442
367504501
888298376
921979585
373011449
57367706
89355359
30106067
976788643
414322765
855362280
862720299
102519457
422011749
162521791
47291159
686652960
486338339
761261831
292453985
702715536
977212551
371603161
362976534
959499235
842331427
842068227
717181248
415118055
100589201
234999276
595245066
608520111
205611026
499917308
629314273
158816267
886120361
875778859
314422086
602727321
413831041
924085367
243742183
731250751
349129941
329497537
962836791
272232713
496210528
746801011
50230161
20842854
298045132
101126705
408609385
630892535
869196427
324742325
926068949
553179621
961926385
919236241
910434126
473446101
425514753
51684752
342963748
290955506
398038869
537913705
324641102
287369187
499372217
147027265
462062817
997134625
224569905
951061099
881490001
178966817
327666927
798988756
228153851
26481331
157087057
310831341
657404637
939500173
661343411
92864422
411231185
994653701
929480933
221964801
556015685
851966551
346448001
737849833
906414227
993318016
832530636
358167799
279751307
564124685
309078003
753928295
597774913
473985905
501009694
550187129
900045522
401705237
252869049
161730103
815210626
339402785
848116181
493980515
438363621
345213895
846470169
298532227
861979251
169216812
91119757
990828406
285059994
437285550
121618657
270621751
320540891
584105751
949653065
420550979
510133601
528594731
198165581
649660465
652364861
945941489
83492687
244812777
324506029
259917857
459863545
712862441
648445933
832432746
855490429
430624065
566772189
606835884
173101482
679632109
84740461
222016161
652849355
146176705
589879189
954797261
983894061
28172943
957912100
585764849
281732540
723738361
490645663
270487239
309127838
418454721
543576134
642918787
770800745
339851209
997886238
635228914
196717016
737837751
504131678
554761809
677522602
610068916
192919031
880805055
920400377
478396355
635005719
657350535
190675276
679625855
187691405
581355396
838069860
820319387
963409423
609633216
418143473
845024497
150863039
605816191
663741740
619597545
970239501
677327889
897817969
959916925
225768843
551463729
903754211
297836913
742366465
708103381
991716707
912076112
354580563
13139435
682323669
158572901
164659845
855682539
65933181
843813088
681890101
33209995
886183495
927299711
774279985
310171575
937369535
702525297
753531501
711471251
801520808
956809609
181785801
116063889
748958401
475492017
554243837
502176589
199533185
960140276
3927571
189142731
59286348
90044785
950275821
617298151
695369299
542943861
154139473
615728671
9716083
741215344
953846598
499227670
7007801
83709569
398786347
608023780
186354599
750629841
369872607
87622451
139130657
137343227
108402641
758861413
233496825
329566362
830351753
571518303
781851097
999234976
892542088
522293590
457441081
588369012
443449684
361600168
656892165
230893969
846187657
352469333
692642225
483794751
675863555
404617041
588194517
692895129
587878454
914887602
114675426
378421141
537588988
873563621
589801251
935067829
446593409
873215071
277248763
819393112
364523314
953994665
18088756
479637123
479424059
301089563
827092585
943127923
426830771
504631041
657043673
531277789
370588915
176177893
434262587
628850059
945347264
21950197
935579481
497242048
413872343
106807191
52343089
587512215
947556733
475322856
670080589
658666405
283680457
671129654
516521361
373321931
546883861
223357963
665377549
624919905
285091553
565121305
192490751
965684398
369160087
994999133
71058012
569791363
991259649
824778027
662098105
246493687
252176101
515569603
323839351
676318921
184306011
978710655
814608997
40595757
380468940
959718832
311124643
503126918
531432510
505915475
544254195
317248723
672849125
651033925
860872101
489398355
535943644
914182693
785209201
291432157
680808985
789908985
930864238
801777401
673491946
345720329
838975491
11010959
372909825
780149801
582372041
339984020
632607769
939553309
717198173
580031303
266895873
264887639
608766993
96059413
615592683
692716361
370331877
634855531
850741457
32830453
770414031
619197113
48774661
589507435
897219681
552777699
930632687
801608036
766738649
42347593
543802433
25936006
965850200
665279746
897942665
827214277
977186445
574248301
987846149
548374209
308691441
219305352
728272845
767692486
147901425
189224517
15654827
94101625
430286491
703273604
26481331
504994057
939089820
333205625
95852147
423778227
383838981
427724907
218628013
808305886
357174101
206310401
448070717
467857451
489695648
959290227
209956921
241678665
557771675
630894187
434026149
919800546
218800921
347759821
132942383
809874905
474251699
316833009
278368261
458553373
509229183
181483081
365121801
326417993
866219769
998594089
768842305
202551691
232540009
797060105
74484731
584270841
685349800
97297185
201238739
578511926
530170289
406758365
371029301
802120181
787254485
435223001
215798844
49470163
705029567
220896217
913856933
237111939
564098913
712547123
149821037
59263141
163656391
572495191
182275249
542055850
641177407
368959519
188326241
737092455
569063780
66540501
237235279
389005563
686288166
227069401
71769553
891259228
427061689
906557224
15956573
305117209
422095329
410596191
929918321
592069265
48774661
938977331
9437876
461239965
799423053
687882085
229842241
286974950
808944161
690415183
884920931
82989650
877315777
602598261
371142283
160988575
746595155
739775101
577120025
78575531
669491101
803831069
753842931
105210251
219819489
135990187
604131535
93913681
637747217
666763345
518599121
260521741
636438325
170790471
88674055
88120393
497919381
309021956
213999761
322085291
471592333
192581183
528235077
245730385
953736215
109444801
919724487
444532661
149921674
596407601
423427101
902287169
811703851
230903872
173542171
471787843
4671803
874421177
551264039
140230971
434397109
417977141
500734220
127727304
883949881
770936521
643432073
65015417
484013481
70926467
733624951
57118305
844280261
908858001
83790727
947220221
337257341
211708493
25721043
272232529
940869839
976350879
283980931
660272539
671243621
81308825
444211205
23822837
789696195
209340843
35955856
243862501
400750117
13675860
352190717
486990428
406878491
465101911
51819303
102048857
822907889
30617201
740294451
964078041
738958443
769013737
318283499
925414197
128804449
860201272
962794760
807404017
71973835
260237720
101901401
63643105
440254989
26318747
377383633
997307245
16322769
586981356
508020641
695991989
517436945
411231185
593943141
869475905
168116225
300096329
185919585
500921387
82345291
530132932
331840137
537168143
799104117
343426657
798615223
510455137
754128012
280696241
499645423
118423611
291549497
261557653
139032339
911831316
556151371
180215107
39197951
326155946
913672570
316742571
861653851
993521376
478493903
146524428
74714851
906331293
931757651
414055385
744717144
902970555
31591901
381415369
749869591
887316333
908401101
12119653
814203941
938309601
426146068
162306083
374030785
982928675
11867525
411371294
465898557
95400997
950362017
411293245
298233232
489428129
470152015
507221001
871480901
256591573
104980261
452023996
191542347
538372393
757117907
279937523
168968877
102846921
93479347
792217705
138903938
468703622
848002153
941909808
94555564
832318236
714148169
854635657
8770649
176742389
604629207
39278513
26191519
643675859
236118709
625915395
608056093
403813698
684068626
180439213
733169050
653201001
575140861
763939941
377616761
874642122
9013681
621074901
929800505
836220237
610083919
388582721
390511129
598532381
323378295
682140125
808433374
941509217
458065361
191439311
519035736
282934289
515547873
853053126
935689391
830222345
719205425
139207961
35451225
494286741
278755395
40548273
43558556
420235281
250300981
996549451
645438098
483142817
593867511
546131138
737048851
561260616
75429893
336502291
800547901
387156976
885038746
301700857
676698568
820319387
782827621
907355533
572781635
232450488
914247674
652059699
772676673
374592619
788600667
798944407
300460961
722095369
853591409
988799055
962728413
954422633
10822601
453908675
552332511
404949887
232454947
329525333
666120326
876911751
558525711
993710281
532671194
626217643
802257146
211840877
821035857
844277461
731049839
176998925
497307197
240577517
73702269
155673019
121320667
529322416
455475701
122277686
344266441
267055389
328028061
520709533
140688551
454602929
993753921
327413943
335900873
370185126
246490225
889917545
566344457
801178193
70700681
792049901
48103804
644383481
787125185
733946891
942567201
242083235
896011391
638072210
391069671
392896325
397116047
715964657
606355001
664276746
106465477
360122646
347941651
799769127
500624065
91233132
364592589
742326724
420561479
51868723
560318222
984399141
23996255
976971161
276367955
971281441
462691373
565858957
244278857
753145527
885077099
628884693
813365885
985438432
563219457
329835265
236410865
795493232
773880851
649951025
955303693
222126001
163656391
823270871
993242405
997347285
378769629
920622521
588790327
678601925
753545771
323187533
243258001
988758681
941702361
945775112
736392876
388269525
370387003
122814831
968554793
139447136
45097133
822282959
856271669
850755495
456038237
801221709
763060701
121314231
601420341
332992610
177551281
772106106
260028641
526919445
178633633
397515081
465993741
825413397
642831389
42634377
945327985
177565207
310766866
54313176
19481223
564383050
914572705
880140207
475730241
853591409
854998500
965506389
772236177
803424815
307287557
264090685
646524854
420718913
114413021
792316885
217143049
842256739
21977954
665360753
698691925
395538439
329695361
788238977
709189061
355649959
882251125
103378532
645408231
161003545
950634689
827921075
448861996
894888238
524243497
532825201
501730371
381792995
364338933
539593606
641867141
869722751
995822486
528998071
832691273
165761475
533896304
654796297
352156239
257507171
575595663
367005536
5121525
652579494
418591970
40976211
17233611
908129034
227191041
418650649
642900542
991961330
208018339
852561331
572224193
30683601
368574501
493908110
463833585
190772571
475868605
666721081
266629165
14953112
353161602
361983417
828096765
69632825
313408327
853053567
77235275
877553591
255834729
300104558
740899729
331762211
953948997
634407311
634172198
254400557
22123037
348938447
948719853
27674321
51915896
16522923
31535241
572224193
968683037
521032471
584978331
480880531
924016861
429821636
213570221
64949581
924686005
349981629
136025129
666792853
482804290
86472801
237620025
456024601
944325761
666222436
931296129
489852359
842738409
754822931
57759228
746357701
689244021
688351193
799104117
521637101
839145505
302483163
55812327
565405777
333880631
896106294
384884087
777733830
381777073
805893981
707272902
317800637
919249553
241831206
857206561
424292885
972135479
456299157
287870490
407574719
947306559
476571061
518757545
117155993
592334851
427653481
900076607
142703671
827714925
586145642
555560759
167490851
815680506
583936049
398516517
90438455
312898425
856450969
442595949
908854785
699425570
231001073
587143873
687124351
392890201
516276231
752370507
971565161
778814503
848127873
166088029
522776339
131435089
127911208
248175117
309770421
735105565
907137571
819389697
937320393
378916943
449393337
149303235
729758273
835293706
598746305
805768803
210485711
205137501
935230060
664720609
208846211
842738409
607116743
724138771
178582169
684439865
922540645
12575378
349667711
750629841
639235361
133050579
886464855
36341511
892674409
228605095
465786901
971526508
963415793
698842161
642632499
291598677
759547517
721179081
943085551
673328467
782237550
462314627
263175321
422420671
903256229
345386449
646914893
614946141
54438383
997579655
487451222
335929521
683354891
414972097
553101221
724504131
177547371
43630530
202551691
526350025
136564641
858739071
619035021
619685040
101818571
272611269
757465045
745261676
542999875
362983734
811132521
311813266
986401141
15870637
655719905
338271252
193325663
163668583
612780157
469232236
728298459
933410151
675436635
159110628
353716419
575665351
132787697
614836767
367745637
600291903
280630475
28256381
871483698
702012545
775129401
902138721
99800545
843362098
116007421
574686436
378569855
766939001
414461352
896766346
562856775
323856913
917049051
543139799
803588037
354130977
707734157
103300131
552098211
679048649
668266846
381582721
514035858
443828100
338648718
436281721
65091129
738439606
98692391
298573477
740193156
6244431
48212017
187619353
374607506
532605718
823792301
85320109
486561205
405272504
838878459
362330635
515342289
134438241
199854035
161591289
104997196
942556229
927030905
974786069
170342571
251156905
969206873
76998237
208451041
421249789
762956391
366841005
546819178
456323151
278129633
39278513
973327103
843186057
55046761
905678876
625579319
414112276
804581385
289804361
744880013
655097591
337257341
507563852
993168865
179263389
178248755
528856766
595755549
963080208
811733545
958013185
726687619
714823460
87110109
906198569
590437551
278634163
612593121
12384483
84688777
823810510
527268861
51106681
547486055
91927596
946703261
516708945
358366859
645136492
335654601
439728683
257797601
5468557
485052871
117365473
688877901
209620231
775615347
596407601
107601919
247457896
752180685
884905801
590298986
369725723
787499145
363382917
344519266
530866337
763370897
673817921
677327889
201979191
443366050
122095256
806780966
588563741
519232933
144481017
503857217
530963111
58461215
4926036
679608349
118710889
706696543
657157661
379983325
137670766
70633581
589759857
616184831
640855129
983066495
344916257
440873386
669148976
484096859
835574271
753490641
922585433
425894241
596404905
613720004
288186724
68340755
437791129
445228566
116779839
21110597
291794465
345386449
846367171
480950481
538241217
590006956
199357905
162221019
555440541
524242464
798367849
280838535
600801441
253029173
870962537
896165173
960063561
847790539
64417321
628367661
903593047
882197193
709833689
574119526
750157292
608691541
211943226
544753767
515354361
686969747
647023186
134325119
350201709
606063951
44672993
623709335
591604159
572110043
457529827
976841893
299890833
778188961
729802837
486338339
242685949
399489053
121040055
868871625
541980009
935408117
92175508
342417827
427189201
533464681
478740149
29646551
37413655
757591927
137145109
93913681
335882805
143652897
535772729
710682665
206310401
976661149
663264841
119290957
652042975
90142720
112366911
705181231
535878461
607288113
333813160
707448354
877829733
431904470
335384422
840470361
295355657
349981629
435752580
371157977
933810521
9644545
722285755
471739301
104357889
899435688
254178898
81741097
112979890
638311827
567225073
667342793
798427873
912449086
666463552
655623287
404007747
764981138
54317727
993998639
789319269
334311051
442217426
701902049
579153927
981954249
941159101
892308401
502389201
160291298
113724225
776957631
259067413
571987601
975831409
377894573
375600126
233284076
489280597
300044163
974133311
575324033
277017931
921950521
51441533
502284936
136582567
356686905
423061689
263692283
570505251
711825828
844784501
790169373
59494179
836369377
753531501
441071417
370958121
373739089
868845649
997134625
782807201
235215113
946794056
676838737
749573585
295705177
370401627
507041056
85468877
895473665
340415663
811513000
983548779
506233219
157189549
572257557
537010514
801765861
649588433
4864635
967060089
154102745
923829201
147245837
6791694
564797973
467208692
957142936
154012750
925604161
760369869
374940321
162130589
281510721
69724665
300310013
855237711
242083235
485052871
44389612
675234491
16486781
279294801
540569835
841967801
225729641
120929185
271824245
841433056
116407685
278715175
609348503
996298233
857981595
943850321
53674941
813042973
474890733
537323260
988516567
69085876
246001925
789237731
102017253
359522569
454534033
427140291
193589569
831993679
157750241
820845955
513605469
86114325
193159561
919120218
983968273
781104605
705029567
906783313
789824214
952051007
846586677
933961291
872163381
740222601
741073019
262623961
282174049
555266417
853488941
669655097
389002006
968664546
610717113
412296621
234502045
943270558
424074714
62750385
157661626
336370191
497321016
11867525
562206911
713347465
233892303
18932087
91753365
134466817
719596758
220378534
33668101
359546631
813417183
769590001
583741500
615538771
720932917
301855965
711280747
712276443
523232959
451640971
192364701
52573672
563747601
905515928
878203236
436505001
81557856
925097277
10401238
921283973
638318043
562756134
404706301
785523542
712862441
686558360
817193842
158187993
662580179
196762078
690788401
440254989
50789382
789406881
570103856
401390757
512842753
879263358
834616333
267055389
160865028
97808293
295563027
931736837
189507881
191039368
73362940
746262981
120284865
155584871
335882805
781025800
636250887
936674152
630980465
371157977
626523246
420647328
199632110
154824629
967418182
515569603
984180951
389381015
959431674
445895939
448621348
368131041
490132997
589249201
903722361
796269973
176391988
908856801
552324905
818086295
177451477
108440389
506138003
966381607
626606048
892824648
956643761
893776298
73396351
198221558
91667574
644233782
235294829
634175001
381634063
881638121
530724681
620556511
126766771
761620418
451970421
912733059
824698481
655300751
963725429
596713776
732035439
449009782
389508811
726999969
231694416
316418781
153539621
308075382
789012024
175361416
709679785
381854111
173906381
165202785
590136803
29393
658600001
398038869
393936601
575038829
339668257
163108269
871211694
727527817
756244811
815365835
340869537
132568857
574646643
325112154
971799681
350780001
679822540
800061056
325717826
190932729
532200155
310666445
130045849
426366481
13682873
390671953
470592521
540283401
777857171
160273721
84709717
676956875
693428609
319430961
167593529
198444001
947183045
992375515
881699167
81527177
890196881
902004721
32792251
763337703
961646776
93756354
993543823
73923853
276657341
284728957
136334591
519054416
850430131
972370691
657299181
875555801
194130585
765091143
859380957
719096041
652766993
569996977
511620599
269624817
246918209
21874577
309798249
379537305
610717113
84861907
497576345
600593595
309884029
888247931
711889505
555028207
841411209
317182533
879771631
263515193
882898171
288584129
470592521
475656101
485779006
972597619
478491269
506330585
551368009
681711601
210437005
250653257
28833605
329194177
170727373
253822803
140275269
741973711
686600473
334150061
217506973
362692325
328663788
163108269
903251681
240577517
853907433
369596211
68766781
260536041
39667501
898782037
275642901
709081779
594603468
813384909
779479981
584458056
753643293
484563709
182393995
315373767
945189036
94079613
28645725
670873881
931891343
627250501
771504271
495754231
655723019
666967514
244159396
427756801
482658320
744204780
964625887
329281491
600128721
943565909
763441333
221495076
197142579
540050457
891351183
73222452
291633191
720999856
326506533
253967501
403175829
689570767
455511637
998594089
429189052
916093722
746545831
820139521
1913542
974953431
39476653
754700691
683832912
341554425
987846149
516055267
625152641
171276880
102063001
427961331
219058129
367142913
594987969
442391901
537550961
827092585
825016823
4459251
511659015
590212126
401410401
279742491
376164979
727797554
20622161
220594401
133529385
702499948
597385108
709557165
68993751
317484776
578275707
909731035
268264752
665567987
46154885
860102810
218271010
174380481
404229129
770126921
52778105
410519054
129268369
700494865
205383616
277083097
909908619
624253201
533158173
542709791
175973361
43798834
255601924
824812018
802086409
630924087
418267163
154672601
444852271
778614386
134134610
850327396
143291041
196240571
332947006
510865001
990659016
452360225
360893307
795564798
77773625
905039161
621074901
445742109
840116103
524135401
89986241
361683376
930004651
849846725
851739785
777547969
186069221
343270779
855507371
800302523
589932915
386812534
506018357
639235361
653426651
544794441
955861515
629813204
574693199
652651808
775129401
166926269
832860449
82625167
645644251
140988216
191073155
273902887
524303719
205267685
430163537
179795933
82625167
918165649
922803661
27615649
977635235
863974120
808113481
883394741
967416058
788394982
963184929
92835701
814501601
94180153
936536999
48987569
644900327
767850791
53373705
789610667
959359037
847335103
172155457
513972461
528988527
192722893
790585386
329888941
340415663
444474679
98940067
73843817
529294126
971698571
841269485
570815391
472709031
209296201
806386962
86776611
856682751
198254067
480727481
474421521
837959021
49338881
664309131
811148991
801336691
157950079
563133377
333441021
128384661
31085001
976025191
388107444
451517919
691484481
140137550
981372746
894936369
464023243
675037987
999783829
802117881
645221795
43685128
879349560
575929760
996218441
74152602
618587599
656612351
344916257
508053785
121890091
47976925
779002730
752889921
661997773
563820675
248572299
838232134
585727319
920980829
34062113
809025325
170727373
722524455
958240513
89832901
854555905
326241764
888439862
101901401
172368383
608551373
35449325
433128641
735751123
520426593
221690867
907828563
809913956
597209015
838676101
333172121
22962382
476233710
8278001
119732251
680961251
302099939
558555159
442975871
412659741
941159101
763824005
336625076
440438875
876208857
141273739
913499539
88836891
15922925
465675769
698929913
524227681
448120471
570183575
186261993
906721967
14513768
257128385
499829446
453076105
269773853
468128131
127947435
961313673
801623899
917742267
79302781
632686357
658745053
518007996
452445691
299469855
342182885
122168208
47077196
912796205
112575073
415268621
428685127
778916329
816393153
578179664
387538117
221352451
133902543
487938941
488889881
907856717
584219677
275427177
96883989
276317544
887759653
2072501
584007877
796623223
161615362
251782368
654625421
402323001
59742279
694204001
653730065
425528721
508605711
843235265
482311101
907198049
847965366
302817441
727814717
578563809
880988721
169591282
378738269
815246418
920914887
582390361
50835231
933299682
593691871
683230325
865621821
514745149
103213993
554458255
466073821
418649857
722333375
380705673
428347745
87274781
644116665
393238445
104690391
636104481
478907563
118367944
757829331
862294711
477306885
316733692
19584684
538260177
663011804
280024501
339392681
716892244
251322056
231110806
253021203
826794969
614692786
647998757
403111441
321435201
356830051
82622591
621278215
411282838
631359801
29706403
889176535
524969907
612561637
332311618
197187151
298821285
706367236
216093069
31257961
764477975
49179531
653625651
81334681
3570997
530322761
900338994
107692986
101367525
661824096
158969053
962482182
398190637
286072023
730772511
821750251
221773341
212730637
823072351
883310339
597563014
841411209
279467776
77237267
901646869
652970489
712437347
207759903
808651351
653757365
545021901
483894093
546958628
840198837
969890761
880551465
233305475
542425273
480232155
133696829
833962661
601450851
247511729
335067135
407370777
232423901
412580906
446593409
591773101
213000169
27577567
857058237
718651953
301824221
693858385
570954341
573551921
498316317
252664821
578137897
577596022
73526525
94587114
374714039
22847091
492960744
735636901
460410985
837989671
980529025
120641983
951089695
671858105
159869469
492836321
288997251
869046267
506245191
150417505
613316721
406280455
768784249
992546110
181032631
199260105
301787543
264879891
307611267
116364053
182955116
517298862
875124993
775155288
694997267
118030251
618957565
12119653
173768901
936907242
567047251
956767070
583998441
63857001
554363321
845223961
975990411
899327731
80634351
194122701
57189539
779902595
756664653
638959017
620488617
143122889
605069762
283754961
345518629
963809173
33238713
882585241
535233657
674465061
743931234
351694016
924580561
142126966
445833154
596880577
631070254
915556933
712770750
85708185
484390013
96577340
10432063
975414540
726474671
788018343
539427784
940449981
786381535
201031022
526373357
317675663
875877685
552375515
988716771
66400785
652970233
314096104
324908351
769038001
538574227
957932801
60185631
926100622
248471765
810066633
376457841
462081001
886191808
716358901
167786233
799602706
888960377
111247201
354800200
619330351
971112765
129564686
46691003
843189659
593364927
402731301
254771135
237008699
719479421
451938405
499645423
698298677
882517683
948777677
152766541
793948415
126249329
596674053
215276573
79828925
464801136
571297001
540569835
954108753
613809003
373739089
927187743
277973911
148481189
788669515
206645640
878646809
38069055
950079073
394417151
150929041
537302431
462271716
766566217
545542389
929666207
638121537
464371188
881638330
579788875
876272501
659522145
520194377
541031777
846071977
215394604
575781016
490499817
943393576
265515295
500092169
94101625
79884577
915216577
436322373
550738537
26645425
994272561
948885197
401711481
627157275
507675213
75596121
555142558
16580839
895637511
138253610
649233209
604359645
333414861
308474951
54823731
189250101
166962217
858139873
377383633
66321123
518757545
339260947
301402981
102555655
354067633
609764241
891585647
527792855
70205901
538756140
627176193
293656861
924298837
659248039
534615609
147805721
453153496
992992477
101327431
12038568
714148169
193780027
994155573
344812593
204938597
197022707
698893485
679220631
822223593
64758437
872650269
188299064
314047561
314101593
708785685
480120779
97691181
907922185
430892515
159262915
294080355
431605961
224881557
63137971
804274985
94888502
564031585
693302489
260561985
136261781
665573751
623953525
87478993
588174261
474643751
172010513
101367525
70792645
937084627
745725371
148481189
379017044
69667640
341091125
54444024
192051606
182014703
382036099
510628133
614334125
130363433
169386732
71939958
764889103
747030617
409252896
386741169
44206593
286609926
121744676
840458939
762241301
477749276
881477221
370080901
421461909
437992921
243392959
774475371
998276055
752838131
216404921
856991817
843440245
765060911
995584067
336792121
804715217
211787147
734734977
689193276
690684093
839920501
835698777
692406776
319606881
187438151
566629693
732273809
333715629
424355891
300460961
217199201
129585121
608375925
175662286
274858217
144917301
72396997
86143353
12037611
105338649
847175817
616678401
344713731
335571971
613028993
329247269
97997841
137120901
797437214
741248357
118423611
805893981
646246037
141760801
810286182
802780998
245621681
541434499
841496071
658600001
325896635
427753316
663266258
898383396
83624963
105796227
408551401
608004857
744962647
681466683
582907753
381073117
951755485
495242261
418756451
379011401
267813303
31814976
914126130
658795666
400681901
794269856
754040918
536719335
835556741
200343561
568126863
39309733
962518229
758907293
731559942
99665761
829829373
208137753
83349801
640589805
368755281
204229340
347507683
433562840
413899251
54438383
395005603
58254548
442983560
663408516
562092881
812734071
318051826
85004591
22051893
438441356
163932737
790681118
303121640
769557163
167202836
577306901
169136595
476619002
722201390
467357615
117598705
771247453
335109697
43672025
478966049
611398585
739336169
113445091
594716865
974925957
431607123
533114917
908659977
470821372
600561566
27473002
318352047
855934613
78048671
861804321
426215673
594030717
870515047
437099431
962805031
179222786
676160705
888007457
856504201
648570527
583068587
917742267
392526605
473348029
652970489
903887033
499846917
780956706
33785037
736536977
551048433
509456701
676376965
533497095
820522763
153754363
508653721
683544397
705809585
367573795
27375641
649937941
287663921
771322881
751308582
477645161
101126705
496370069
910102971
728130919
765852777
752161901
462521061
573763997
785034497
997782101
55498287
508663523
443956213
598798383
500948166
272797436
137765129
443617503
233275469
889598061
250602067
253271253
849489505
198263351
757296573
166756101
177065623
245198665
18906189
946175805
431216337
455826626
791183066
496239761
822718401
80916395
685516401
1442126
920123700
917148799
428016721
7702461
469441082
170536617
865434391
254400557
65006759
689172411
301882451
19719857
498031541
595656325
267602124
376738814
464025089
130709924
512593077
667274124
584332609
376444473
557612387
965950857
926791951
181785801
943785727
518085311
241725421
348866846
818965620
934759753
575532417
293820565
116565561
262236459
717680756
864676989
720844358
881246239
526946373
848706692
296725271
554672527
735443101
504938425
593745122
250747683
785978359
270913901
430538855
76175706
340491530
557595076
400734331
604782441
854550289
831024131
553930941
741971575
979765044
163206043
853602781
290245969
96214089
4499801
34925469
116413647
540219279
411742891
208933865
48911195
830366892
966712450
59554385
425677001
625328347
186942387
355552562
413831041
180215107
873968797
238340501
940594813
814008959
887216065
633544174
380584027
883566033
840818637
184889137
405119673
118676311
167786233
70755029
789952455
574779209
324438644
587703841
499811241
174401439
530190971
485080130
71407273
845757601
840650701
986802071
368131041
920406101
929659441
536198769
855695825
961070628
619915155
64948893
407316819
15560168
460274767
131851533
898108373
555268241
157618611
348258681
258443999
726589169
808814577
264244128
455938287
550763645
826430216
733395431
868464633
280031902
724904541
8648156
124113801
81879941
47925517
427718353
606329025
922528170
140346276
412836777
225490321
146039957
47740911
197691551
410762661
608369249
933584576
851018423
641749821
144929147
176406169
503761794
176036889
802315121
855751556
799490850
771404319
101779413
574760551
273103961
555090113
573957862
462949131
63544035
864521161
200978250
460041665
434665217
882197193
454267772
318732797
312874124
483970297
2072501
237174470
846107245
453782835
73832167
243590963
835556741
604879143
365797153
476725151
598789745
948631609
311908167
146844452
933810521
281345433
350890777
211190361
388648954
516255661
312922228
59053618
415152916
835146001
653546472
251479345
741639425
89312319
142818103
757758801
538071591
171382361
217331117
526844273
828104257
168912460
758517795
701919376
154907025
629250887
680287285
269331721
708181406
979644331
579447851
976716069
961547018
604204826
72265846
833927367
296208416
550533210
471925921
455305201
79107251
709318487
234839126
259653796
873932613
946091211
52362643
866672880
543663991
323216831
215010731
173113877
782827621
393936601
198229269
161881294
622775341
654981091
772671953
574395251
207470906
187363407
748916291
105683141
595821629
763498047
571291737
337314491
727092477
13771831
604085721
177383266
273484047
593645400
846608659
620711481
449526850
619035021
490499817
302945385
436422997
719683953
688235303
432995357
264091999
776897309
102904115
743525363
87624032
961726011
963807097
108368095
794254641
119808537
319606881
108873211
545092961
660071566
523962436
92656711
224290819
744095520
991117642
496640843
427050191
494663511
254213594
849529001
688431168
80634351
264216374
744653833
917534425
947220221
617078322
7845041
59073243
824614926
466553083
282924627
116607121
709329691
501659813
925604161
110217627
907107901
840783371
207760215
282847431
826771223
362868906
60689911
300271217
584314583
504732193
530190971
603196535
156512373
220952513
359553129
943311516
747787925
952847307
320323273
926791951
473192688
766353095
387167026
781308041
96889513
367812331
735443101
767970006
992714695
299868946
986444353
991256313
158916815
553034879
191022789
276116661
512376857
7763533
57270491
988968391
643695994
412312083
983977597
966446809
610009201
467859588
563652760
373690169
664673609
936009859
967805897
608762456
876188013
63344261
133006025
989959209
734171441
307034661
282216912
290807889
600656997
350886591
636883221
421042891
419692766
932840785
955139451
832930401
466279872
948721931
427931409
514046775
236116441
928117765
287342951
457932793
127840201
981259023
781400141
874461572
335380356
349394757
728915326
683851636
188007291
74484731
629385133
867146883
412300267
587541765
284031233
254832163
936907859
627267321
187240049
12096177
192675363
516521361
546348326
224970725
318108361
791787501
56547251
664964584
365121801
130732489
26664791
654633755
914505996
583713925
182901037
642856231
136025129
615478401
460931795
697267311
593569593
944315001
171291125
541079269
849136393
671517743
804997543
856057208
818474877
440042193
717780945
978085691
512335190
406052895
672938182
945478946
435188421
560416189
812058879
581579847
198935399
391562675
962852601
905290425
100680500
217263649
450597305
623833566
226245873
945327985
792613963
615789789
690519523
49650771
890710503
623133625
372029603
653234075
494286741
24246009
230650271
428441991
668267401
241383953
933731121
252905177
190048723
970590263
116576186
278336725
415911617
72642093
349102671
940619876
918843501
784821849
421297792
681665846
132182866
327123501
444450683
594380347
286495839
715451433
435157050
469351401
646068906
401399304
489600178
422438885
629314273
932615629
602323869
475719945
630758397
290557751
112855201
353972617
868857531
509669941
357625501
332509767
311539013
876553063
152002749
390871077
309022662
18933389
279287443
517776394
817176935
552344451
218991501
532825201
434249618
598995266
839679076
591429053
714515391
655058505
801937161
189125948
8222981
436339181
163710105
209804501
249784399
458136545
952051007
766762701
86294017
62678205
702502925
803263871
260489319
408395885
830162365
537278701
350808357
788961314
751348657
672420121
821175211
505554558
326097251
999776434
622161701
393661681
291598677
701409027
366809716
67472897
342622964
198951089
330443299
584670921
431734025
339141702
81407491
479815425
84913057
595712139
833646003
133135357
332191187
648177675
58737185
523232959
7037651
12890631
950052565
166463841
976762117
344999890
876953089
644551507
994579446
111707203
30847296
693188501
51410573
534725468
906986521
803725175
343282596
772699019
918307481
861870973
341112853
797359701
661406493
289188844
816303091
1679061
31804391
550334667
213564101
611849947
163586149
303982701
962055745
394868541
441738107
44103617
99025245
655335221
572297801
683780527
964680759
106570899
331568841
569941595
195383532
731632935
39964881
720771433
606797393
715436241
612308337
531985450
972597619
420718913
954856343
500600977
956643761
791145237
679620308
151342317
213791461
47816572
442699555
912812149
639450197
394477298
288882801
656066466
692061931
721190281
624386097
277131893
694380941
316449197
428262331
337938497
913660753
77969651
737101953
945576980
103233905
893659247
349025
866424645
789406881
83709569
181364361
905790607
253705517
376820419
333278855
389872525
400239595
850827054
750843214
504732193
789472267
653374496
500134691
720609845
591570647
789472267
698611417
80090381
578563809
714107571
477318693
976411561
240338475
715679856
884551926
195911200
495230385
184889137
931144943
623163950
334909326
248475284
157627841
258803851
69144268
182984751
681127865
570844611
243807251
272464249
565253361
954967375
434156209
798932825
386721244
868808601
478258098
528692641
965306431
390929036
165123787
41659806
159779965
781873775
584203765
479724185
525733270
500941981
359414821
361514051
933591525
797068832
304008385
49174661
465633317
473695813
885060951
970888817
518516181
658908082
441440629
72642093
198347809
984404623
943782861
550763645
73502973
980591809
866536592
985879315
595521901
889820741
69571763
637747217
262067498
387538117
131727805
605455601
55923769
133134361
760112224
251673451
679641104
792241209
449859149
789406881
613191191
314327041
444083465
522631001
906911605
973791026
944215473
663264841
63145413
856145849
597231633
664416407
223984155
359887825
838906692
795043631
826846887
595712139
450394148
354393216
341708013
331136361
574641158
972294569
775436246
715001261
601988825
982622747
345273681
170632788
736664121
399168547
179140205
711993786
469610522
261785077
847389069
390481601
567703143
432314405
17301563
664845265
176329815
465342397
678128317
744880013
130884909
649871549
979123230
601031251
29824015
359887825
257167855
812079521
15652691
959675413
509286676
450572501
380561686
656617691
710378261
470343801
681446406
250968725
225871381
245058167
737939729
348637730
492216141
316211549
838013501
204588325
393005117
972806352
422687576
30683601
784072235
834425431
812186921
192364701
277114510
990095550
102669005
298816497
847154551
251125867
795289400
296998707
270013887
531386571
187679822
125084851
181164685
697833305
18816832
58878681
387663601
962569834
371578335
8336118
633283084
581707113
11993386
242224437
458292949
835295673
678747537
806780025
77079661
613124575
198444001
259711732
842441213
483031837
992576303
48303015
248550051
124580896
600023929
338041786
757619697
720024136
501744672
136761956
979138473
530250915
536345563
583204537
432107770
190246746
299288707
29589291
684501621
292650785
186908901
29532289
747129355
344341272
31553231
662372161
874050062
73291738
769960457
761483663
764964029
283259053
989640363
590505185
599576817
348694445
171209809
862993391
647208289
514361001
817018485
415120066
480609679
935225955
863139457
504650901
912344357
162221019
550666679
65975496
431734025
80876389
188777761
987653477
647543841
473064383
920803811
402993765
482664708
205133298
740342361
787025553
305977877
839073401
320921663
71384681
848426903
384042965
677569638
447206031
614102171
387498021
345836665
726185731
262236459
530100322
910390189
331207120
106294826
268717839
18927014
256079469
176589360
689483809
777729445
124439576
38153885
857058237
721826385
593845491
882475738
897817969
681483885
991525571
421628490
772365728
203705727
811939045
748210263
550365534
292614671
211551427
986022777
404569309
12021009
873496601
441229721
44834083
367866129
409000327
754199077
49338881
13473069
796459785
786481094
487368151
212677159
886489629
319606881
90153865
609151125
287980485
754425801
745234836
118567841
807714153
296152357
80072916
250167251
173692007
195307761
922742003
718424578
925213523
756508693
680238803
347200673
144301039
832622843
378145807
988822176
776660027
350808357
163430977
350372305
87611650
716358901
862907169
445707207
126326384
655051943
627768081
438066059
130622005
673882545
47066201
114126591
435182865
150492367
767164871
328114441
756101451
114408715
22084323
40976211
379249405
857240821
260475923
82437153
645156881
532200155
689859437
328681447
692061931
844919031
769013737
609130616
28893566
71943393
347008776
379016445
708300226
626908066
694272231
273453941
634946937
266270677
920285849
425459341
67803217
736238241
962439335
940790001
17684952
763957301
828853830
843537365
311637600
567741009
770884021
281913001
683481586
956492251
194684094
325883476
57975305
364846674
780443965
361369794
325233558
716365362
119398153
994295137
717780945
675623769
196093828
897694005
841270111
594867771
702067496
260028641
17071460
406312451
207242651
255823128
130536739
686949779
569586459
132764645
183177676
293833483
795999301
891809949
155803441
117500401
443912416
900166981
318754545
255850247
402355424
288709801
765024565
899492297
365807211
965268501
703164117
920285849
161640021
992172301
444160211
304008385
619035021
932753951
227603761
566926952
239675631
802911934
89986241
244583829
698088210
377598603
231041618
142658793
575939479
589684079
564800233
775454998
826348549
541761881
988759945
558745367
382282750
608695869
235243309
710308383
954341785
242474217
257222181
902138721
777564509
419770815
369691288
89387970
370490911
50083047
59489451
881056405
124377851
998276055
677630330
798676349
912531777
930632687
589562498
119191081
237986876
641097461
139857921
744489001
420601763
851082981
436866087
29379577
761261831
652748219
560723969
732020953
427667503
588405381
823445158
197628558
272908487
204707930
403545012
487972529
801765861
420781335
431886493
270853131
940540651
126310097
288089301
528503239
899284599
516615395
160273721
165133613
77948437
513630011
969852265
325493888
555470331
333611566
764971684
244301181
7870301
445707207
696330419
446592297
255334817
858357571
447288367
599690697
347200673
427114051
200019387
912733059
163402799
520475833
162425025
212420643
517222795
497197601
440639521
564031585
585560709
992017207
427444391
393342819
889870585
572257557
908379650
376096671
590480801
34090961
913274251
963415793
926279706
746003937
83502837
561070145
54829429
256677767
373611385
448658751
778603185
186832851
78194561
954063662
855660201
330144140
285309720
96630591
200471921
539079571
151263740
177757921
994665498
105904473
679789193
756754801
883249353
811506365
752161901
967998221
66847971
780811751
862330871
212425979
675927999
105467587
92566566
49871053
777804908
668536483
559367096
827635689
753141029
798600953
574905765
259118873
556020251
861071601
247965251
308401585
831189908
175935466
631800405
984900229
415979611
625510479
400893709
108040886
228798029
711202560
85502453
134378426
859950457
894594177
770282421
273542313
893724141
817419201
607977713
439019697
606609761
263494581
227632425
667586469
430892515
31257961
104138976
580213021
653068763
160302194
724156471
163932737
415460225
577257980
967062729
304786291
772305826
473783209
323944779
777036830
762840601
187862509
8488685
455618663
583030751
959877625
474359679
221479517
10075757
52420601
335034135
787233950
889817661
159258197
364222501
688896569
436505001
330810621
301612681
866360745
772628826
764460940
542066017
666693291
720771433
9259177
198909193
620301581
305826571
225295770
178561153
615574915
555168697
390844759
538031105
562206911
518721301
228792796
853641696
300268795
228774126
372079451
151175155
33600309
732675586
12221037
882502527
819081426
282174049
449046787
527268861
335234221
56549477
931736837
838470017
873135653
168626263
611617767
275890493
330774371
854877907
969817985
853875281
320442777
418911501
965713573
242549305
65807911
69076236
777621501
876105941
601025974
534927016
843029659
713022687
754008410
380600189
702297125
377007766
686392546
632764191
287955228
230432560
922719107
742891221
713696017
806944397
432355807
472883176
896127657
45111553
756679229
746490861
395496911
768178541
727888569
728642961
809003935
139606527
263644819
575769427
151219292
884258785
58581573
263175321
815711809
497775293
730475231
762676337
487285401
195745533
672710461
717971017
285993615
294930668
639381593
597112595
953092453
332589857
60271315
876202937
837679985
715843721
850493797
623138943
492467777
586248651
114007844
461345362
297377511
51093841
738761575
425459341
675314001
539925096
618730341
555767429
395075453
152329809
57210211
780990241
603990184
207037763
25929457
26289739
421971969
960697726
462951569
265576903
704799301
589891101
297169941
922627142
678430691
140983156
326271361
876880797
318795473
81456919
786559415
5185019
927747201
584207830
832148686
995787659
272067059
868568201
901568336
184100697
627152791
663145634
157750241
754507761
146573509
469041475
887103726
584670921
902956721
937816561
956413826
466903629
91866341
558240137
519527217
838227051
506138003
949338919
868983181
491079561
244205995
127912439
742011941
793140076
434156209
315860385
97937727
805014291
853907433
506519413
375913401
850325356
65603653
157891893
924724781
439699508
265076991
412279649
241912834
156126492
279587521
140472061
209506056
622703803
295214174
739620793
814501601
632607769
956450804
136117769
971813885
802822661
338979010
325590243
978152729
2897965
773269456
231152341
105927857
997774716
622402461
994677993
447711131
810260201
140436393
722186646
973871351
350815841
372168736
537542846
951079441
939393536
519842305
591591917
640140718
947144449
415347361
683961759
454741671
646773049
3352923
546490841
734000793
90180219
686976001
186076261
153943367
978553076
45924091
311741600
441922771
137010866
955086075
745436162
449883541
323856913
107209606
316056253
560150517
885048751
684371251
656691105
860431353
774920107
572006336
629222283
410701165
864225301
25041981
437531651
579548632
233332501
347399299
628807073
997024761
202772790
71769553
901425789
243392959
817940364
805261567
736348414
9775241
931639178
173478893
130267041
166193705
271540323
727092477
932840785
522855569
722999360
372095669
346870474
804732104
339000001
168266922
573209161
55457869
144182443
303411309
617408269
337402189
826494013
790436231
976661149
59151591
410739481
489549121
928516549
791597283
520687399
135253448
830691426
8598327
308811136
617994251
223526296
418266841
563541895
277669287
558970150
71158821
195599961
582539049
466614642
477807621
313515823
774808153
29532289
896127657
731321409
837432125
476051489
606292232
444012075
876911751
250710853
227050309
179168181
574601882
670423677
76517588
949862241
396423163
393530532
222506591
189240247
817758413
530272181
697058413
894222981
990578207
53436147
615697865
515794489
887965617
319692722
969255821
10366041
351143945
121449707
575017775
167601291
868663691
791963309
211410053
361540770
600795063
852642713
9508953
449366971
936904981
10904541
499513601
4435131
716788629
717784091
457456205
827346742
739336169
938319489
468636005
592283325
783786289
438322835
902091013
697149148
704897309
265312913
803200931
594842373
368224971
40321439
610908831
392141161
165803407
5761185
980118650
541733351
414465066
740516411
395697553
460543489
923117681
71129338
804581385
137515341
850638969
116426854
218313637
872251181
187240049
3554910
616956315
366035015
969822581
933263789
122708907
953860649
735320647
805318937
909542401
377337539
886924777
551581891
927502863
699390600
604916573
752055611
582334716
488085045
573603273
404185051
602593475
380600189
363578136
843586676
334955909
527268861
161783914
235032031
557287933
325252971
588728225
362464373
912384235
23393903
656718889
948254057
637896745
728407701
941136928
760095481
464252627
79762061
681466683
362423721
333035292
750624167
334048467
732248935
898694051
120029495
2935217
318754545
444424750
230192901
8651601
230677355
840867575
598095261
408417401
951904169
373715651
425968420
1679061
814652061
492173128
145452421
173024025
662015548
69100131
771604998
134670075
917078905
306753377
557267744
951590023
80289958
777600459
688812454
126061043
361725494
253705517
271711660
199830301
976671189
460112984
910399481
782490927
719554145
842320043
892437771
50338850
501377601
827962031
207059429
281071641
790129251
404846051
71407273
610088637
415634961
96616519
959788423
288625387
995457729
533323530
989432175
377135961
802416238
955441321
859964295
769640224
387227901
983244408
522989297
923503489
882898171
996669843
217548112
986204588
144430057
948261333
42077506
390481601
221680625
379763673
484010945
213492243
497150636
532806303
454103225
971205946
494594696
582127866
363858053
256215241
190788405
375403073
430163537
651179739
327694571
683072451
793676621
836404225
607438972
115265231
880444647
734211678
274927181
396594926
480609679
248656263
797472865
945266677
125899099
343664901
625481983
672396328
739468156
914664108
27672244
824042158
542206451
451743821
237267376
722362705
684046830
761508465
8064211
456108531
192947476
421492026
793716411
940538496
470263174
519846409
23924441
547985116
637383842
146078790
367812609
808395928
254732511
970888817
663182501
892900485
910836607
391286044
97113851
223812667
71190672
636898211
344046246
523199295
885110247
181865641
556715369
130536739
600834695
35451225
917212507
280964103
865839343
386741169
963991105
792316885
904213259
133474757
701194093
554970461
531353937
65928001
291574078
360849209
97530858
158737074
897942665
717968530
142648809
448358493
470370451
93248061
886335327
787288767
247862811
960063561
492426114
787637463
921447054
477927199
427931409
825411491
433040869
631277283
796784657
682587107
740329982
485435549
186069221
39278451
138482637
67995897
234396941
578996657
984820331
37380673
267754335
57923565
249943065
806214769
505157441
743902881
94718621
782041014
780973499
816195001
368267358
39798929
566399989
509476443
604508041
423720201
750073107
79884577
880706600
408340160
417028965
49118667
691264366
572110043
613331764
786591073
956553751
887616117
844155551
383954594
420436333
534968031
956428338
310822101
750908585
552680532
948961561
503417896
108634001
3340801
456250269
990157599
303487138
774919744
79516266
442654257
146011652
184099918
20503731
932605345
317956015
566247939
27775051
799323786
307590317
894963705
714770441
10994025
617398743
242601577
997084295
302289526
116450378
319448657
274987300
118504045
630074116
152703070
670873881
336554821
746104001
775374633
545369068
108376879
810043941
999398481
971421821
701389081
59538201
677243803
964513777
722941221
279788829
562620103
825281751
125740209
974615521
690354391
461281350
27245798
323809201
556510984
647601517
219304041
590863526
576926473
764295961
948039497
886564901
912850360
804334023
792761561
394647017
422360171
252735901
435550103
452488397
412820171
441361481
834418561
645315827
500002385
503366451
616498341
557612387
551321163
319592393
291296501
621251877
637009387
578479643
818206337
643607276
324191323
560193457
976497408
868704834
102065555
233836806
62091601
202684068
845697238
387728631
671853658
733777105
769241601
23973031
828824761
644204651
89527531
425631255
778765614
702823873
31149761
813980723
346409338
396746725
289114899
763843322
598630159
844028811
476213529
423656274
760872836
373396647
831497432
706013921
581708737
892473635
708945721
487748625
844836515
146936689
334096593
400361810
570816797
102511655
231549247
252876204
578106761
350468876
334306961
941891694
468969340
497499769
448449736
244706696
64497155
855750837
59637012
843820021
752514761
780894317
337726169
49385141
441229721
348522051
885475228
575843753
297366285
465792667
563500076
547598470
738850611
392234784
359522569
753168845
301047791
956588609
245036655
644383481
297705501
866148323
996293771
791003817
940773087
1025280
244208769
746279396
954797261
944698541
546038897
378291901
755626915
376151307
441443721
155584871
184418811
150480399
615274801
869068071
326506533
366184553
529669179
633582881
10379467
544254195
455636887
106258720
85707260
721724142
890836433
536455466
582390361
341990415
652865568
652865712
39247396
231491933
882401599
343682269
57118305
114037271
438290933
761357965
5484681
188217826
996572641
259545605
699056609
46154885
488171705
943508481
112535678
181860625
866984436
942870490
693507311
82952371
385401193
383645417
554400677
727273745
940351781
635947249
449980051
94180153
279263899
868695501
959613271
506861157
543150893
877367151
161876855
299317053
992992477
869626593
968023763
451156721
406533653
994955741
741231811
410981076
22479590
135773651
905972033
672591767
361047509
350994555
971408289
937949177
835999220
271267761
111624479
578351601
263729001
718935931
815582363
275523751
79929643
556700161
933003923
615548671
75068091
278634163
427077293
151527073
40048744
966446651
875527984
937027791
287968971
826203221
987534669
93704229
810890357
991764353
945465070
792765501
565405777
35982626
319421110
611575477
659452249
471399885
338255787
118077357
448093793
290565167
182978049
898395276
780403917
644580225
913314977
959283297
660268577
718685606
81711470
839735303
443549602
718237783
681264295
408341965
565656769
880349361
856145849
357160532
735199081
465031869
346705426
951579698
894482469
293878257
774478896
811775873
665877637
915162217
26812961
452449053
897720809
814518709
364334787
762732301
917892161
66873201
192273554
341991197
597991695
971010376
149622385
245240221
372926209
595306509
260309824
391225479
530871801
712274191
268227414
688200969
459039501
433590440
535470641
704685529
149821037
572429455
878536905
906551563
59794080
806572561
976500653
6019409
376575946
51871853
701263844
868900466
864489786
661317039
868203695
776744961
367425401
897200539
342852557
828104257
461306153
619219501
476743525
71008826
803696549
693726157
507071746
961032651
289257890
616605653
180343244
642001290
329525333
912487361
768239995
514529469
231198557
613196876
911921493
880695316
618241101
401020398
920265591
509287781
339391287
520272031
330627585
62187801
372065576
197529661
363858053
948056751
739269429
105925256
973602403
242469606
505011784
444267867
140436393
799373533
882143273
988968391
841708579
760331030
326417993
547743545
911621076
126244169
900515235
649177101
103127996
56119857
467696917
521891886
568462041
183067715
713347465
86373629
356585025
185004613
372079451
524227681
136370056
204698481
286395857
848060277
308793481
979785981
589547701
666778701
106370230
537726845
623531283
84048423
150305537
641724059
238309731
431216337
216084696
506429560
528924645
865789883
134501367
463710605
239896549
277244966
984323102
394647017
313403797
454636068
938459890
113923369
396724061
416057311
956319575
790013231
604446391
657397518
12259067
642068741
521644078
900166981
135731283
11724826
44852481
689047297
537253780
736880655
481324945
362040189
916643877
973134036
729477445
535812369
901425789
110402697
208451041
646872499
223678659
251269081
888330045
272518101
613705687
947478729
96883989
464617341
337860871
761787745
148899573
480950481
912413658
424207567
383555213
65662147
341091125
233576049
371603161
245378880
739120406
158969053
68922043
856420253
843090530
116565561
242236963
822718401
297188352
528418479
217203627
587169799
804180359
873959474
606689801
641364551
599228775
757386649
414921731
154666361
321247148
193076777
764173921
600137791
519204411
676959981
167348685
6593901
626602381
80159469
628837081
648012901
502389201
77216359
330774371
608223737
808819801
486843011
471204691
903012037
987161929
281071641
349667711
744139176
435840901
467883295
780894331
611969257
915784661
764587251
368275991
84904851
239329517
849262039
546937633
472645081
397918761
162443488
716388169
511509669
724156471
878572876
512713011
108288453
272220719
452027161
510266703
787738481
452136413
742366465
179136805
506252051
616608114
516153403
709964165
847810230
460454761
429928788
2743039
225635821
555408381
207064641
146356777
420781335
511183265
404367262
827009839
257697517
500928377
211766523
565738767
346921700
714627231
652947451
826348549
1134391
712870176
97064296
657157661
522684805
310375541
521294164
225656509
37380673
180264434
556880461
122030917
650380701
524122718
7297551
808846477
552332511
974452153
403834561
556212495
744801897
173870515
647605313
315943021
292065763
795017729
931373213
504965089
389593561
704727379
239562033
499513601
330202003
652524570
573799401
891852256
983497716
416117421
437964596
95228086
685744899
973602403
532556081
74454421
183288164
367745637
426215673
963415793
695449756
499115773
669165949
983894061
360960578
209178056
685430900
654824079
650135311
921854841
631277283
645894596
434353161
573129597
169367711
879579301
932488077
739956977
623153398
809564881
95811489
304207938
633101505
379973601
474496095
811775873
159031946
539941301
773689201
868464633
221680625
98676478
550223169
326186437
370305866
822969665
334706371
193648151
745778209
486815221
12512265
494973391
621195700
312865977
624258069
455449275
713332453
543250945
527243546
803327445
740530343
207700092
403175829
34925469
678601925
886489629
977463224
277347346
470169241
540104431
442681668
132803315
472944513
722022177
920503807
433983280
743653017
101367525
725713469
48307617
124527493
74968517
715491001
269314281
81527177
830746776
78454479
797494185
61558917
179908853
966007493
723003271
492462569
932605345
214778561
941984964
116811153
969118677
987511825
856991817
331976749
263269491
636438325
204887842
181441400
660174725
684683702
683204632
517067465
468781965
670998761
989518305
71603914
776917421
781591986
224970725
508067785
350201709
316449197
806305153
267121841
319503757
438993185
62284561
653363793
589204620
725984181
82615670
587466953
770897086
76286313
854305861
158118949
790169373
183017641
172238081
548041181
499448107
877089617
661582321
822723517
262777675
251023417
500941981
967222535
170468231
988993
955591686
362423721
886464855
863695674
329331225
715470915
406942681
884843883
852565539
297705501
898108373
90083953
560707165
500607629
912116226
114413021
343452257
48954383
654976505
444660251
675768665
309536685
133197127
358321697
576341251
220795663
519474577
931366545
136182498
548767101
622171529
618013417
877680833
79124039
391490069
656692761
458109686
776744961
971905541
221680625
697314009
145416589
161445017
813577121
550334667
814780697
462956672
775129401
137672949
148423905
309009359
809986662
240079712
942876281
385339577
576561266
190591679
223966361
910312129
618737759
897298199
565173582
153890861
708987335
595319767
78048671
371619901
240889943
976286986
468412037
856930053
256215241
74490201
124113801
791620661
163610624
236390975
198491769
587657600
60731759
999058227
409864905
320214637
197946478
21175836
133967153
910288516
969143389
547374235
322646059
393903280
862653595
112145496
261785077
276116661
470592521
274120202
44987745
951079441
827623071
703447739
191439311
629801255
630039954
288467573
976152861
680465673
551122625
234035485
711404833
432178516
56873396
628862861
491437729
610007829
855751667
471611572
410378825
361361673
482220029
141818886
887632689
700580816
684938661
432666116
15956573
762275186
747681871
133071705
330001281
271488771
721363901
148896802
786503421
947306559
972535367
644987776
765379831
775280051
392785279
623873793
333030501
275710841
235601757
958018829
803024384
995466440
248315181
845878310
633961285
922441637
531433301
248921113
181413311
807107761
909811858
452498011
745282543
109932529
131182245
892999917
709833689
582452301
684955465
395993085
768181893
681997057
529864473
578351601
723965937
772991546
839373954
690684093
457114071
706476799
805707061
252738101
305157701
34544049
55279861
161352223
669137345
922540645
643696501
888455873
966519838
130302641
17413169
413831041
96439361
308877389
419300133
564553421
261918258
922893162
155437785
840539035
123253545
656892165
524135401
834679335
577459151
198943088
339339601
839183655
523078839
787183769
554211245
669780043
259635086
321855605
752879356
176329815
708042660
882404033
892382039
590027872
193486805
62132866
978460315
63121070
384484921
359008936
384646721
745519038
917236147
778511761
860888987
74389524
564336967
985942533
333522397
832057649
532888296
890161759
77813101
748507111
361983417
737551761
558845236
566108298
176994842
898345799
905180000
910914625
443586007
72396997
374330185
748231167
529564591
170494976
2148345
270487239
820809877
446542167
622461780
631580285
534119945
358130879
721053977
497397397
222358945
52684721
247596369
694343898
919746526
579546134
891016049
258174471
26092401
420436333
566373445
868203695
697877157
384110035
860639559
219208833
348101615
292935826
846998449
886490512
36121001
358995841
491588301
677355213
95052441
887965617
414490543
52326666
127518296
637288191
330397705
693878701
344812593
616266053
656435936
220952513
706013921
195571273
428016721
269467123
14494187
18882239
423688857
749101989
246604045
63312665
138032949
576132533
251800809
608223737
708316221
933263789
55394921
439353174
121890091
687544669
291098445
70901641
802942801
646806251
575357851
235581011
4096891
894528543
959645451
648795299
515891548
640852113
868568201
684419167
807599389
205637794
441342951
878101841
960274403
804461505
147472275
306663573
692907793
227854489
875663511
748512717
99948072
29908723
375456851
57781131
516276231
659100741
455511781
828539141
526598388
737383277
881958913
889598061
44773323
576312529
976202521
813384909
752150349
280090553
112462063
337440941
433359429
665303146
969380842
306589521
70758399
579851313
862772425
697437273
108814369
161524795
308610054
571962101
120284865
24306045
584818771
883375
545880155
184653069
286875833
379295188
853133143
819596901
652602631
298234911
179136805
389506019
678847275
125718749
795075569
290720777
544635501
329384603
82583129
660102263
532360257
574996181
332314959
149848137
287527151
564341063
409101181
959788423
452360225
704024081
564951651
766853809
661976141
397830309
130363433
558525711
994079206
11461601
622618045
17993209
893988452
639235361
741911285
924328175
430015697
920700215
350284253
781270640
992804261
93479347
224905633
198611476
185480453
183171281
670723137
830041873
471301041
690346671
757301791
981832101
728566613
119472979
522767591
706476799
660381869
243157354
183126537
993725331
687242091
746031915
262388187
620467091
912515516
768635451
78355261
573089271
84287565
79177177
340265251
399168547
939709266
529987401
630331677
549680369
94541381
598625373
980320305
657685425
437312037
518530601
201317531
99089375
931022311
641867141
62751190
49179531
905622781
501202722
711909880
264821431
130332841
576667251
978503230
860491385
981189476
300096329
884119261
139342783
796189025
145452421
689047297
895908759
853648857
459492421
825808613
859387223
144908419
694499866
904594696
724144140
793070325
977314141
982997049
446752029
244461067
958018829
642258077
318260889
708405121
157996405
912878193
559831585
775998361
588239399
944202053
846922661
7007801
568308927
277329651
505497561
74508911
284553973
374297668
681575130
738008394
248650097
970481065
945688685
278632918
745547251
499217384
895468901
974452153
813470099
430162513
908856801
593456587
425871251
686754078
848190321
244301181
312631941
413746041
8782986
210665352
278410801
257797601
211787147
791065996
38345324
283195521
476796711
966007493
729374111
61604377
217201946
267167773
479424059
381004401
283198756
18879799
513022985
793704501
226103806
382636241
108957509
373170609
813365885
25951950
853105850
211457241
476725151
493980515
39250093
452943003
963270881
604322591
255018986
529938541
806639266
110712367
501659813
232962171
302496157
548251803
330607495
314426859
849529001
488217211
419326433
149172685
225781943
155035417
853066455
30683601
408443761
872160401
836656951
530959641
977504239
435512479
322609347
260077047
956092451
168458537
425026531
78802616
674911685
460877376
253705517
907858166
204096993
664706371
680146691
672258991
703746759
6731931
151253987
708974993
507407553
337005762
869002131
128918901
338272771
581259281
60038448
498316317
771773018
58323015
745867713
38165011
81460640
980686343
397932747
148654181
962670527
137867601
12153759
783315730
375008183
931064353
94101625
935593501
686153553
176177893
164054132
313750440
913416555
300813901
804777906
353002567
320137129
815751833
610585794
159396297
259249365
306101373
689620929
276617677
126993871
860274981
387422721
945800361
546937633
339620923
137988745
606355001
584974411
606177711
970241373
13729251
302097131
745414985
678638055
740516411
52390101
300888207
821548946
502071897
212276196
900654391
59640486
674443809
557180827
382555651
450622927
768239995
678961825
361760665
805604792
966010001
955861515
324860139
32440283
379844239
526418865
381880472
654185061
687522732
612535225
907137571
591591917
571547416
290255101
813915361
883859095
556908568
98810117
772627081
317675663
747362801
979940171
893588235
246075377
59028022
756023213
141291377
353722588
329904105
807450037
180690093
26314675
868639168
582390361
43765199
642466936
804630041
211157455
832210951
496305524
528903801
944698541
974462821
691190971
775896611
48987569
705504561
30312350
347697861
634820249
236581003
698929913
571503381
325081417
662992953
971408289
987080851
396854648
755498264
266826444
681617433
172155457
246824241
701494419
546649501
800682285
789374176
71605077
728253503
273837901
29917425
876828493
174498381
385696071
894127279
820357081
986401141
289238272
836947499
171713351
468919005
881697431
766141053
912938220
374657879
53054667
919677709
382934187
192553001
82629891
98266939
950382291
200700278
414456635
311993631
481520262
83424394
151802812
181400796
148775705
940270349
903937986
216733194
580980875
837555071
628969521
574490497
839048167
151593491
840158381
586429676
657449329
58142091
633549396
608369249
345819149
778204219
112700376
850789053
458136545
714345461
782807201
477645161
332589857
232296521
587359771
422712033
445016241
693144191
866328765
400587053
765578789
450682161
554895281
965306431
643071501
168288441
900349249
914822003
655727183
221352451
686265704
520997418
522930021
238937377
209326948
448733155
256147576
904499993
395538439
333915795
948350072
552098211
51512413
171558675
848079589
911000372
633101505
988596886
983968273
355772113
806214769
865443620
784354491
28833605
95099007
477402551
332594871
722229841
699470039
868807703
298402125
155507823
541315011
441522899
31553231
392703037
159869469
907817770
563553601
840158381
877065105
700558377
631336730
500506171
259118873
718344345
530170289
309333740
619597545
104690391
703626332
212640871
174547889
577754137
253630405
711302869
411128937
797494185
895888636
147325694
517184296
463609048
201525044
169758027
750867817
562850689
3771843
4729291
96049871
902178141
665256716
842475141
881586629
498012621
385621585
888298788
155880743
495497601
516346008
845499370
443047421
803446159
942654251
771753982
808955139
907689463
893965401
663998527
519651397
408273096
705114121
203248045
519342284
300561957
196501873
399721745
812079521
434686838
180224661
26666113
925272167
749359653
690770751
760859905
997307245
319886774
349129941
937491405
341133325
329431226
610762859
720552051
480695722
743402613
139896184
275728371
544843515
806780025
152024113
362908197
281234251
768813127
906198569
657444028
633741861
462893531
264641761
11993055
558517099
372611877
385500233
235581011
183171281
75623447
492462569
441565123
517244009
477524681
393303301
126088053
145601585
687934814
865003979
812274748
783915449
78413811
656118761
298811825
791593526
237422491
94631368
748627020
157248171
195795697
800236499
520233481
899177933
59271681
540049698
911043771
384782123
804334023
848776907
66392661
802286205
826378762
27410057
789393393
801631046
211078797
767446162
154669429
572309087
496159173
688808344
744654729
202046848
86944001
327239811
330397705
182379727
224226427
428263405
422321065
21772545
328066197
847408513
55679175
437157162
204823169
473075909
321615153
975839870
842967205
694987451
959770751
906414227
82705926
935781795
945358341
862045320
382652352
507555481
583074172
123242963
376239029
744880013
908010468
554637933
132194901
748645231
993993355
163640491
213529267
334620648
703947982
792859417
711741949
786825883
883033006
886981880
592354500
438589801
137397401
77180724
130971067
169836195
104835383
840173156
338848809
747703354
408772790
579209261
535470641
354450399
297278051
487065581
768325957
375660899
150305537
997816001
141732977
396189637
95465851
670763721
692689241
402025274
474496095
709283593
830998690
949470055
886367628
82170038
880988721
922169787
718991684
511368775
716393730
505721729
127876571
742718623
590768817
448439763
512976091
105032723
402290801
225500035
8413646
554887197
267175952
482850939
167431889
997690237
129210893
177060577
43960841
419455693
683519355
970043563
123707166
868694680
690321943
422420671
493373857
343655363
501958709
959283297
433584103
375111587
494864699
794856861
675588261
816046441
299019399
740468521
678593301
713618077
785003936
634212726
385458393
640356771
421069384
984740309
94180153
52083185
835731053
436914993
699638290
174997923
817348351
882914154
767751369
456012432
883802756
184809109
672619826
500589622
310696289
628267451
884274634
947795339
737358293
792761561
100530283
295385857
275199121
38159933
855588575
68695541
532619269
762316051
647635745
410185013
796190302
396540565
876593710
802955073
929829677
70985250
444532661
1663225
606630033
675588261
808817161
813151931
220594401
831870415
85468877
633899195
102669005
264786513
549545811
43179193
792481593
127720701
742258319
311996929
608821825
198740993
751502769
442545947
126310097
332594871
945688685
140643997
616591441
510615609
546030831
473296676
999398481
199823405
388008585
826067401
507160941
476611755
885958973
871640559
231219285
117116946
607093026
134438241
499448107
243258001
730235927
422071636
585560709
582530894
275720813
529045249
486815221
868983181
634231157
57975305
531386571
727906225
188777761
249265041
358658751
834425431
159269531
906841821
454534033
618337857
819894211
444200613
99367221
50921061
502794496
925650863
461679367
635759427
300518315
289003636
961680851
658240275
316425637
468606456
666756511
656458036
475542295
135164905
93629344
179767184
502444653
440355994
588667221
257697517
811853069
374698945
801401421
723213251
534382141
844523891
798077911
910025211
693428609
947160789
787009207
304923229
503653581
2897965
487748625
728642961
396180791
638883886
846053461
755644809
546941165
263673745
337683011
299248411
681005224
318108361
595950021
868808601
890824542
577283041
149250499
798264451
204474121
287968971
632556571
794835193
420396393
956239488
564204837
889604117
779549360
114659793
272405581
998398281
797704851
533029451
613488961
287340853
828876239
779229187
912878193
774694225
430092727
737494225
640744985
574490497
701970589
206065147
864958419
240184461
261841519
30126223
496426331
798634491
377544830
583795485
254048729
630857473
976386
530013357
511091201
919236241
291783037
658087901
1051009
633777459
633101505
152674463
577754137
553005001
285941071
26970121
149172685
445961459
681786033
850278645
506783145
123678399
166088029
608012571
181118906
496426157
915828149
189250101
375061853
235610349
217074519
232207647
328022498
174171329
596390801
155818075
512564476
552364851
897326061
685555460
207850975
382039691
514668593
599451241
60043569
565944649
815668446
986529811
668628765
714605990
600271689
522090037
470422673
84935726
917121501
333901481
586307461
705114121
799342550
743802901
926776691
94249939
148984691
748958401
203779107
145845138
876934574
340171267
459063032
802876084
797797390
395800734
765190801
812622482
897942665
12802113
379710588
498092894
555168697
404836294
842628131
298778235
864488891
570434766
452836747
984631177
288940522
228443828
262453393
309692751
962215361
142854745
651975340
284001121
564827733
454166181
636168436
979471117
593456223
82756601
151175155
834806479
788091365
572904909
726736651
841269485
546649501
560259825
943691662
748300291
715319641
283863727
882412985
654093025
30106067
365759865
615925409
552771786
610604689
998338601
964557990
302713301
799963785
274698708
63670958
658600001
865776701
423427101
144217831
39363641
573699351
567063117
668500011
947663104
788586929
772099893
515547873
131649868
317719489
711792971
949939493
310696289
214915076
854926083
132435373
350489041
160341561
731694724
28202729
699704001
863845910
124258089
607780793
21126895
251132083
849576109
715701161
461426881
812324741
241204069
595970929
732205685
191087816
776401831
692120011
699954470
326145739
721055913
957092295
760781043
986119011
629142821
732448201
615361597
149255042
412279649
147027265
697314009
288065273
620126607
263800405
394868541
646087741
974692501
498540053
148135296
589581576
319659339
880805055
951392201
482258631
699519193
729477445
967377073
788730411
993980643
806144361
874118531
486115873
878576361
689429253
506408223
483894093
299169593
50072201
53465289
945038311
905297009
354520983
753578989
873932613
262388187
208984953
516842741
916669241
271962049
916322748
82452626
536108326
431948513
902219073
395153281
685215251
211313385
297573361
322377783
727109545
251464274
939037241
769405093
757361045
428250525
836998325
549060501
396981625
807445110
311451513
238989330
93788223
838084497
552115563
163990826
945081329
586069238
905199101
305946321
301989963
274644193
958646409
778204219
978320613
181340369
489371483
884347401
6733459
687124351
129909707
573905509
804958393
89428707
971796566
78759689
915828149
85406585
454864843
69349665
44908713
402821618
178387873
256130338
813915361
716479977
309686929
125755851
265629767
642228176
794704221
18347115
210480241
534096459
428514702
615969322
96625376
935001737
333133187
964359576
561183625
525329479
849829656
188535603
258146113
699348660
746526511
631416141
470690433
436721745
889687731
876274908
703015721
311616246
530918564
558788531
875663511
104452336
507838135
582724441
411300809
255501229
539792941
65722457
453460539
590755140
215944663
569115962
871548873
580743866
253678467
720214406
838159589
957185353
376874603
768488142
743402613
887759653
236571566
785234969
339402785
469570901
831216716
956290985
189278366
77504217
965849740
518511656
752723677
214766595
601258401
661774111
299804871
598284139
70536449
44508633
613423111
848254197
659036029
207222453
381485861
691365271
15214376
390511129
901533197
849570701
572461751
987511825
149736265
561276845
692629857
149808613
56640737
966733515
85624185
742874585
383737233
105049925
725794129
243177429
794060469
17682068
350546946
527197834
846636674
560175533
807719365
670049705
655058505
662313661
11867525
280000497
178748011
267718754
731163759
655939611
251859179
475812233
286178306
122349049
593941467
811121175
748300291
316383861
78796917
918298319
769039251
715306093
164631196
379746551
489126318
333205625
297915122
604597737
814096811
495537259
722941221
648037771
612760524
305441611
873524101
985418511
14627893
205920196
384946712
724283277
722070755
774016775
621097489
556103221
612895793
633299626
120226577
455238907
215236945
703140225
843811025
89654099
69192984
811062781
882502527
58984223
667208573
678800793
263438084
55046761
233511776
56640737
564553421
337726169
696429079
543010817
685036172
669655097
21913990
60786399
93791021
361106426
862326661
121909817
734963807
381800221
862812281
366974555
229237501
75524361
757912933
547574521
919313606
542386911
936479768
152170001
663831172
931828697
230370538
818908589
200312561
269559873
89321763
636883221
614268780
206581705
494950155
927237118
812380065
725794129
926743426
234942637
715950733
976841893
426830771
796459785
564745471
911624406
527886039
779189919
705554896
606609761
304313031
158187993
397148001
397247692
984604629
915875398
248659586
25101764
624196095
326327751
427187081
740008159
508960872
617729736
297175215
314984771
650659091
737653293
790776499
831856569
578699367
611381371
501428379
678683867
621098726
820770663
363038254
537105433
823582461
794299785
403774581
554024015
72519689
580938233
431007137
340869537
981954249
51093841
854880019
910184885
311921421
671569185
358266587
672786373
721128333
682126703
800455393
568513685
640981231
273451157
63011071
425780953
200130521
642602478
412267991
28859661
581959988
222591131
18619401
315968349
385286133
371779289
394558989
11944717
722362705
833229693
725124589
891870641
904203387
50181107
588362709
429694526
871490031
640963351
964911031
288330997
587359771
601716977
602486440
229608531
910390651
191073155
410762661
385537101
851648799
741911285
210450033
937121489
50921061
133166822
644422558
725955793
302711536
871594061
438740748
184453406
167816801
323128316
378091253
422712033
139772071
379268855
12153759
639060473
698964581
299890833
351912491
119232001
656692761
802873113
263788357
30549941
655123738
716833031
967870993
546621803
956901502
209535677
351738320
447883881
186440518
324732979
380600189
33385521
697651595
360933949
592805678
968209593
476796711
516764130
928262971
317321561
89617001
406025962
877155953
731386771
343643466
248650097
366615268
258480509
827714925
10121361
417819671
528918355
577086063
160167925
871869001
756077875
748231167
593308475
840949271
761623137
895908759
63312665
435744906
791145237
222707265
776727662
217963681
639298185
403981050
411850396
482653034
189146542
42556004
673594013
397552159
350961370
473380957
177095779
181643265
288158501
275224241
525209625
349017510
851208541
773399146
300716598
552556169
633582881
728996017
767244339
328156445
100358236
453251678
387336625
168041237
816084466
140275269
952017157
993572501
954840265
623713989
189122241
612327645
38670141
888953561
171091751
902570301
594006606
576498297
81741097
350930301
819962487
502041969
480929523
749362395
334850591
783915449
794222756
204137896
113445091
232151054
216733211
574856745
158156325
302589001
602483321
809431251
4683407
931125625
386425718
38870241
664791242
967899346
486709469
366145255
148489419
898063479
878101841
662431353
262286376
25877407
815468574
305371233
122779341
561508781
546434074
74434459
694662866
742173665
730797003
393058444
865343489
467357615
594924041
116801975
346832369
778065430
575843753
612282718
557389506
805704487
190796960
973024540
25109911
9084177
31258071
565601451
785322761
793108753
541584821
890762822
444799351
888163465
63842081
45912161
988856977
876880797
579153927
534603995
102771563
567225073
393661771
177506339
913346841
908311854
938796991
596659701
902836315
751348657
626618589
941549413
214660901
31244841
826427635
966115918
183017641
850568839
624919905
503619035
74468196
331567225
859102555
951947732
249200183
854981625
751741601
511219145
455342331
459111296
164460094
441647355
272903601
417537035
435131961
77647261
420083107
811423121
42340136
544273763
493770584
429624842
79957151
148617184
403697753
263175321
261590469
816702389
654511067
921437663
102897837
520145951
127207471
573817838
376149784
670901965
275575436
795439446
741559595
961445825
609010963
306650251
960999321
994210771
953887927
680621573
996175058
437595511
151342317
70926467
807714153
945856804
201320589
969885729
402461516
881490001
486392109
67196204
672937075
578648745
836916259
731246737
353330254
351791161
743088920
129062729
832886721
513491429
169015434
727155657
704916842
246563334
490260561
491588301
851172121
479120727
720483001
414912280
135827801
374515876
769118335
536024160
298065310
935945119
384496207
101616864
208451041
136660245
245182867
59269381
622194176
752781598
59570341
521092125
823818493
978775319
333339761
590490044
906611753
184306011
850430131
965566295
925264061
910025211
942151821
596659701
637314363
436721745
3880601
672223735
466700593
324325308
111522399
112777861
891952352
253963307
871162622
217870015
461132339
114334551
321527449
427990761
221501833
236488371
724779062
143576273
86048711
608223737
992545465
511509401
782303869
921296643
838541468
137451886
473556376
272872254
299810127
823564003
770898847
663494837
948810652
358083857
873746649
184969073
295845633
361092931
686580001
962912127
747398605
427333346
193754009
253659689
373393301
741446645
638360677
358430601
128824047
339611423
368119601
411625037
19229876
32830453
797494185
198347809
635947249
61864336
203779107
317726681
606567465
193330521
136117769
102135552
745458800
30681501
823830276
918428969
205278739
569987149
78759161
306589521
345871051
368540961
152653941
366954041
367743741
150929041
899145501
462949131
998997176
365008277
652627416
141291377
526105281
970218561
917367681
59310589
987511825
384646721
89732256
68766781
434495585
427189201
640963351
306044157
696420265
120015391
436095081
529975191
194175439
963583382
766738649
344062977
77569742
866711532
641733503
345836665
507189476
1850495
629320321
403977607
541932025
99835795
845956540
457379157
591829697
279328247
644875505
282568767
773516007
831723981
935092426
660533276
185205441
145416589
763023594
373611385
150440921
409451913
777838723
165870227
731447199
268527889
471204691
465343331
482181466
81998447
996068717
828977581
352691373
800094253
20580027
622084080
844919031
345985465
949543475
688302457
573771421
249020860
63509001
573286451
185054751
782787916
859181841
996599031
833742361
15869497
840458939
964236371
140643997
474586406
552728281
809421335
422388865
398623080
497537041
968938432
730096729
377540129
847960891
783050601
905816431
71989101
410566117
901570130
816976197
153329221
693894371
370958121
794150165
398543476
624639401
724614467
277549701
556081689
434036717
487532666
704538849
481395274
19737057
309620501
260032001
386741169
375642003
335239269
644542521
713347465
908809951
360983909
976742021
820089863
655656626
836397709
621097489
654225971
656101809
671044267
44508633
417226833
382389686
518319802
405562391
528764959
694784466
799520525
203729501
304065487
528460881
680808985
15037277
785978359
289799015
917157117
478187881
685138819
975926241
124610065
271355745
541584821
478257135
256686547
68100898
301453591
595635425
704631151
848882921
982254809
243001618
106127819
865837465
168458537
757353469
528431575
544610961
873394531
15652691
309831401
568886501
769661751
915408824
364146741
956240265
714436971
204624872
365673294
520917782
193640729
187944653
279180991
107450973
679198612
810486868
329125125
214893722
308683676
703358591
887047701
270902251
425085199
422763708
71781701
677921330
420289807
23178235
499669571
519922745
49338881
232312413
765015089
277246241
690788401
814020217
513153464
954489949
748049947
887037091
38659951
532524956
304938089
488204219
380633439
282711593
545344773
261262972
59200623
624196095
102880395
366954041
149355181
6377231
816529649
572316681
219304041
590768817
173649378
270225237
724904541
44893745
812254993
284156977
173288573
892736011
44834083
413368443
602293492
777621501
5923377
755705161
549779353
749936576
303067237
882498571
436452193
615116186
834009345
78759689
682103536
751330769
608695869
762928819
482214462
944944901
456255241
489496469
411742891
707971698
782415809
708945721
770961610
373253755
759493877
162032246
296456625
183378286
846790503
441552469
460454761
429796771
365526181
968353519
73923853
215211312
351355378
152170001
947478729
347670916
585673886
130761257
503838433
538372393
546402225
554341634
884974273
865688651
305861281
348594655
459366569
455529
423651147
555266417
757671629
878101841
585608829
121429326
214352561
703432410
550888196
898956593
686683201
907655521
31885113
837028365
212827603
154696309
147232004
280348036
85204723
398388121
291593001
54529511
392896325
645042968
685078503
571297001
415527345
401555630
497955621
164456861
813406304
878198397
234995016
546461079
946091211
419435381
775564325
905290425
317264857
571392545
290679078
818101372
465333481
426752561
667709215
724918461
923117681
459022853
852642713
693678588
776957631
405145511
20478203
913139602
56104793
333412573
380262121
321855605
921095321
845327241
62778271
580938233
288163911
356620946
891245259
40720641
98692391
752984871
43960841
852419627
225386695
690415183
931366545
785599626
720932917
535109117
670915679
350719033
351504209
925540125
690132233
483161126
766325077
750976028
498219731
210505097
839183655
406676813
216531401
450413758
655931931
262107461
753713535
477664981
496269258
676181574
27569513
205219216
78517263
843186057
884168531
145701674
157189549
900969286
947248802
703132753
884347401
613889227
581486841
357108471
292191197
548770287
996171275
32164673
717607803
194528795
677121422
541980009
846485992
745564809
261895841
829829373
137120901
925594540
649963615
616605653
429878156
202550057
796523561
611575477
399721745
850291033
38463299
717261943
59474697
551968815
913158696
301875133
503838433
6074276
650518931
599421495
847558313
979256576
655002273
576557913
727229345
81892313
63587501
429559161
522571347
473695813
575838757
510399199
892190529
254224925
436467521
699140985
988474991
337698343
84426376
955453593
876188013
305498826
554921837
596390801
899524726
673450801
399333902
287715469
278182660
387310543
929008278
974516404
300317717
389100201
323461061
977856378
954629916
812711835
141990470
259401197
569685081
207425281
648835085
91119757
800336741
868912237
536880267
226870019
915767825
958057963
537182095
29303505
116145683
750073621
586520083
950491013
518037534
563196761
192844067
84679849
663567885
890559513
458423339
916467009
984642864
316592255
895597239
205137501
961182268
167601291
16545701
755295409
559831585
839338648
494578333
889841081
920622521
479689622
929666207
663566969
802460001
942567201
935668241
941258689
53373705
239220670
466706819
322001714
99400901
906094987
552887689
99219441
306929901
707576117
50960271
497827438
660304052
200438181
815751833
222639189
485565365
329039376
606823381
467058877
915801911
638002665
597672466
84688777
46861225
181312980
615548671
104904391
718844293
270370393
318466601
391728183
457535357
298433250
901322501
233076273
576833726
523311801
112710371
666211000
36314387
361308549
157133699
2757877
125909205
306929901
986278842
467964431
233796469
793948835
504509281
293625085
281041159
350674612
54318615
385637843
771458237
945060093
446881973
718877657
610803409
906082545
928117765
284450836
824395638
764595791
217777807
241316085
367085345
767567699
331682259
116407685
536384826
348299441
781438486
260659958
444267867
745867713
537536337
686007209
256902936
114857169
302812651
969822581
769284581
499142925
351257877
759547517
738088236
986204901
499328029
863620186
911277384
44103617
913649739
265279251
541410569
167217806
116063889
149622385
283308543
954693710
221593073
45823101
208451041
418143473
441333787
144302228
835679381
662644136
455607261
737893026
644915440
203023251
80876389
747129355
50072201
489484925
181313813
622079493
92712826
616388945
633763669
909526356
264994965
880500647
490169881
273918593
755486053
278315599
88378489
718578871
346836161
151259033
115543241
956364593
479290065
915544607
348659389
553930941
349129941
271884324
388396932
948885197
539595137
49579041
634555151
175309339
877968205
103262760
322032913
650306097
884742745
837935528
69833049
814741068
300220476
737860801
421382137
91753365
989636465
593943141
795190691
264413121
501383200
840222012
262217305
581486841
478415226
500637120
445770317
969066431
511091201
786662926
481735571
521769717
868199494
670723137
377287721
558399825
98995671
939784959
772676673
431274401
302301699
809205389
569597462
423953656
847492254
305331190
241719727
833918407
412940481
811062781
504949211
748972473
517183717
94303426
435025241
873310451
478369829
983762480
816284766
545324816
23427358
805419126
471577226
253647321
640094401
770800745
23047962
666718617
589889349
545764405
961313673
182789534
320582855
362744159
972987724
593843744
373424286
573289809
334209521
67277631
900413938
797434197
169780871
144217831
157942661
53750576
754164841
594030717
147005677
225729641
978144553
721385826
575456273
985159385
635929538
353282588
569835401
92310691
546424583
570824905
680929001
672790946
384050399
886016867
514587761
939662968
695025771
126629461
301776701
383968073
671449903
448409551
385458393
637747217
970262937
373170609
835305411
574088307
21259019
374524309
435687231
68695541
771274880
318916009
307010105
222450893
718357971
733652328
695880046
733163101
849783169
106127819
30600199
129926821
252419043
537596043
599451241
487485391
85624185
650677623
408135050
972703154
885060951
8721923
740224673
347272436
370671853
287539544
650965777
532490633
265488078
500153585
14383401
320325933
557056153
777811268
996034285
614078262
124234887
820867691
584489627
802803911
595564529
904632929
457411564
642189813
606138741
329639096
796580941
620711481
627152791
982254809
125765225
522510921
814780697
2818121
247707404
463031397
886730176
193159561
743802901
379217521
977509058
613525241
757735621
641981000
251156905
337495345
718202271
896969566
946714276
849083756
299169593
112148973
935443505
433825777
326417993
942333497
57546777
821330937
435570561
358853551
685505577
922536846
16621221
550666679
50366612
899664867
534939385
499340451
60239454
575798489
303982701
33145521
663008501
543594121
192156191
342852557
146932371
963266565
755191256
183535300
813655977
496966081
294532783
677122055
681991251
943575599
316743849
460934425
597774913
872625728
114893523
16003757
192635062
750046665
186792999
36539115
654789631
320239586
811703851
701566486
847137436
672316948
225539235
638379861
117005121
945893150
297469047
23924441
114278260
814097835
971079457
794303423
218800921
785246976
934069217
465181913
359414821
952442121
9550145
618585762
204588325
902321865
981226799
788783586
907360353
357545640
798117501
621740385
397520759
262148231
90438455
756540203
618279832
279459811
161003545
995426197
447998313
5039841
611310096
733115726
818197029
352628593
512821781
343734981
467857451
741184536
53928133
405516591
799373533
387979383
533515298
452761227
528768981
237844256
479439453
524141841
388475568
989873056
119209365
739846561
154878421
141274941
775377565
980309477
10432063
657499577
609595014
209612941
12466136
986401141
943423772
132171733
622823225
146770372
702297125
355886044
813835100
454178833
137331086
545773612
501380197
240715451
826427635
527317055
166185053
451098771
120675201
308757145
617356111
914970482
729411031
61230297
461306153
411300809
391912326
953313089
964734284
876874072
5616521
239837211
267167773
543957261
715254470
151340965
395484751
860360622
966998001
439019697
663596522
970081479
472749501
878576361
66751039
376670559
69309006
491131436
846612965
470782045
647852261
709118689
922394467
974615521
54337269
891901631
939083381
815527765
51896707
674465061
143570682
10329121
64158592
512821781
399251387
987939682
565858957
287334853
515415926
170343593
799384493
373715651
832655723
655938620
151324129
20086921
833825608
640094401
356394421
967998221
298385037
447632767
622171529
710081339
188786011
101144855
276032113
168090266
923789783
776586777
577721421
136188301
10366041
932488077
931736837
202236441
399932846
477359811
906986521
621778863
551048433
919249553
672942711
330062288
805358061
497054981
747271041
157950079
717780945
855336923
790586238
15007216
610088637
548540571
149410657
861557091
535812369
402738752
432952709
459299972
187068093
560071964
324805265
173428226
689839317
501984626
981727629
691190971
662356516
235373264
539842330
800597766
756441913
903377035
692737845
914692838
626184389
713566861
909812559
901601281
677578065
277265763
180822361
961059239
799403809
821179321
743802901
233066567
579123357
679354350
790926681
820197381
717594323
833450319
783880989
213983801
442391901
97520081
702181747
219538729
816114205
351546693
340190656
5613091
164812674
92048401
938036641
861653851
485565365
509493773
877461769
438612423
127751281
251986581
247953396
468000831
413831041
102771563
574147101
578998311
722090555
664340806
8169206
693786197
757317961
772894991
735320647
222396193
367219763
92848939
786591073
746141495
316554271
165811949
87730505
304560815
641098533
338680993
374760785
143989949
338396192
462054521
997134625
819596901
749359653
358311036
586597427
257999746
23316073
65713381
803922345
432843361
146483849
462062817
961059239
214861321
194655305
129191441
671917476
363109106
876254321
748153607
571455393
935330701
793647825
206581705
685203851
305861281
958257153
116343841
22812030
768326771
48395565
315234301
970533241
338788867
974441498
332613509
880140207
708316221
418801489
256820291
868934357
564242569
137867601
72390218
34531117
88087750
477532322
409596495
704351275
105727761
441964292
681617433
761577953
554895281
298856789
819080013
299583653
846473591
30129606
664670077
827645876
135152491
881913989
337584457
903262122
518486528
849067529
738646401
736664121
171136733
83244801
440850350
346540429
107446945
15157613
905221821
268384973
253248688
677122055
882398511
275649068
178806881
518757545
780149801
458501990
187547465
596880577
100438309
411187781
340618117
123463573
345662956
122795010
330800251
519534646
435779751
925992917
269331721
525714957
387004383
225792575
935668241
726654536
185935551
200463851
740342361
288367955
972645571
562900489
906198569
920185751
125889031
498865528
940351781
92920169
253253001
524392869
225539235
594962877
945931720
859592888
55506561
87916060
850568839
171436237
610168501
172848619
630720295
410370855
851266389
851457256
288367955
713618077
188823937
349696451
478396355
196448601
510942211
869594206
707217011
340831298
476328888
276291277
191339775
123549647
972084737
974452153
399192949
638680473
335800011
300119293
845125821
224040679
156730385
527713817
703318054
725801897
817073401
884846457
773616433
652227225
839048055
35430709
705092222
640697001
563266023
271160769
544045322
713332453
443047421
122278066
406022621
395332017
269666643
810964352
281850801
848363423
276583505
893357255
687522997
537539299
564966769
106503601
224313871
813577121
765435025
313493577
627828143
990888297
980885067
813636736
887952810
850834033
779828611
535178681
708974993
392811924
5714781
848901960
222779945
314491401
540050457
768846001
831671651
865343489
98693741
385507347
154065029
1447117
808729257
961726011
120929185
120996033
522756556
234391281
757351183
363092521
432843361
136564641
982721128
654678536
369639061
436914993
507221001
592712132
633763669
929263913
848079589
436452193
138032949
674244601
493927751
280848801
595821629
269072121
167302426
201385688
656081306
887008143
38495451
506198321
208803571
166756101
930714931
428785
403717171
305912661
335470925
578563809
324681487
877400133
993947290
461884451
231549247
145722016
519479805
639859491
299728403
301089563
476790381
814226651
394647017
715121027
42454491
925066687
881865036
944476931
748901928
607383568
746478685
531719651
732020953
26710596
893332951
65491925
161183831
12231223
785375921
886771173
354235009
518757545
316856229
146182340
283909821
345664956
351504209
193330521
208846211
750477151
12271643
900085561
237650065
998594089
329125125
57056433
725456777
543959986
50678201
677793148
727198913
879350213
473591737
429077279
830055523
157041725
487524640
562598505
918144511
903251681
172239035
814311537
103960311
787183769
184402113
802822661
674035325
291061969
163428462
70700681
215631111
548227611
659942284
906911605
536359056
862291055
445016241
791900059
84913057
487281161
706580897
764112135
464699278
347922565
371325959
719366431
678863337
591360859
716855375
208628417
654044001
373253755
853008801
489569141
345808279
59355989
153943367
177444891
689380910
420354509
884718601
467955105
748446241
758517795
471357623
127751281
948398859
255987240
568058631
377533735
734980005
646164242
238506189
805918959
305605936
860558013
780775081
369072581
881638121
113110627
297980727
68598994
809294721
943962281
344490385
955284427
619461773
575980919
58129801
867138235
59393857
469498311
769089465
454590037
276162117
19078606
223058974
942970597
555634991
627795404
44186593
535812369
50335554
73702269
917425689
894239685
963596113
125740209
983794916
735787077
938521224
761973283
409619115
540419789
745867713
264994965
802315121
441572941
551536361
372031449
976299841
102785151
630229529
377679511
352604055
882143273
140460266
875662827
894201429
41065126
40955881
54995517
341944053
935772583
494159942
52684721
36658597
333974397
287371724
737136331
852561331
771247453
653223305
954002481
253671078
238385001
804722947
308631821
461598570
195085860
825107181
21039745
80801468
991538461
594056993
177177681
623033401
51816441
218972788
963991105
618171311
519481021
955086075
367635495
286533449
872160401
554243837
208568754
274689229
39425428
723823221
44188120
184736601
671699606
808911459
947183045
426469923
132830873
588490617
921371231
18829991
72396997
881958913
714669753
526611121
21110597
579851313
958268548
60786399
261402581
539018097
65853492
41855851
791886216
907856717
689879137
526191933
812619951
486532861
942752001
198254067
951164481
654511067
362470349
833927367
793362563
574905531
725891241
243425044
186382477
470409571
281865417
299833187
851448551
887491153
90368652
610790081
943850321
181690511
313832389
106220248
621083662
147805721
232912837
32792251
415361269
844280261
443915320
591699101
345980783
254363393
957215429
892212241
413579541
105727761
168293485
137446357
991573089
564306958
762631435
528319154
653201001
523941175
684955465
211404919
63347896
906071625
206665593
363793113
878254575
582372041
741911285
958701612
893992492
148509551
134501367
872650269
285194115
588563741
493792065
615169355
974704363
484177583
170591746
566870959
159372553
768943617
188692341
314727255
943018525
304425015
501904445
496986631
354592221
401576741
986441099
587300328
12746991
473856988
699059961
377598603
443541831
563855001
143658141
581850473
18610673
63509001
101935351
271625581
553626817
217669301
936156753
467783971
413440458
69238081
8651601
83258863
261785077
55900607
641749821
914826861
897073637
348290583
595848691
388168475
301491817
697570509
412093683
892212241
134001541
236120563
850221369
445895939
942328518
30681501
639477727
117598705
133134361
215995585
469498429
106175825
504938425
786252219
395843561
365886410
166660785
274088027
543687930
742570925
704708126
323327841
331078901
908898023
685678123
750916021
566988877
595306509
396491145
329246807
735105565
398288123
44493335
278485649
372898281
229360527
648342180
325418187
943356161
48682017
64796399
839073401
54255168
928992491
648387871
372738321
103484032
923432681
621103781
325931057
995457729
566772189
779661525
749974671
867031745
57056433
987948141
810930561
779989423
250167251
411018421
214629242
603656663
435165477
819303539
609348503
767392753
169847933
245169575
556966725
122733169
262174647
344788301
405158881
985140529
973327103
227221236
649233209
882517683
549032881
274857020
546335307
404617041
662490309
160341561
188590109
55310817
878920799
827714925
949862241
367731043
773662941
298624889
216567836
9108768
579920930
807560059
289863801
177469595
561060641
578176223
237828110
407810497
649899424
236447769
615162996
564512193
769792965
993957521
397980683
192464752
976742021
334242900
49551297
520361751
460938617
897837841
14192401
662297513
733969977
543150893
19021881
425085199
123880787
758485689
630997851
2783679
410772707
942648246
930063757
910932911
557423862
564951651
400195148
780544803
633763669
327616461
906919464
143359531
365526181
743672161
161785001
750263518
931699223
418731
682564543
53073642
914350713
811931176
1118316
618794335
689756577
794676305
836474040
460242233
137170073
804691217
431250882
74942389
425054973
533464681
298444811
801692744
388598279
887216065
508699075
615492397
984886200
762344032
191988001
871521652
337400044
208838820
311171079
87466664
612327645
135129457
737869455
556059201
271160769
519141771
974957550
589651241
99880851
162917119
359546631
183495136
422388865
616388945
592069265
289172953
50033209
742823721
578377513
4680977
56946989
697991646
966672315
73539113
70700681
129543770
600656997
885911571
929118559
491079561
319592393
186735321
542266484
253070564
916058431
591158040
678399947
544753767
653716583
745410091
437791129
633616275
657568201
937240891
89505638
990308601
137240073
155762874
128916068
582307886
556985655
963184929
650380701
798112692
608974151
440895105
522776339
833761883
410053552
741639425
187068093
768943617
932511214
235910317
288089301
566547091
889870585
529637201
902612187
686609477
474375730
461250633
980020633
480275551
843829864
602125799
409912449
926533813
665216211
810042595
953359681
108444697
631241807
385696071
187240049
167634773
971408289
694047347
876206171
429194070
193159561
975628439
117981555
393251377
74942389
526283977
945521749
197152465
902131376
684654935
637719090
733156781
837913693
832163801
273322297
841411209
36644381
483454063
29082223
336512453
180224661
388080796
160384681
432589301
610853449
955267521
55498287
12021009
378377128
144824751
618456801
115664362
128913585
801210857
321489931
14721931
179263389
199762567
101126705
747774801
52018942
550316391
579417437
5039841
472224634
413371816
878050946
376874603
136843241
165545761
24388205
615634361
227603761
291961557
554903247
467904901
20086921
912882096
654140279
967505817
940282151
271326187
232927559
837424833
446453661
340347011
475560025
768252737
694385725
449968421
269658097
253253001
505105269
781181047
977871531
79878285
472709031
919236241
354743361
79139997
492462796
892190529
613889227
42060709
312336453
809165800
233410517
533497095
986444353
351136351
424010909
398388121
289743361
802808146
281993026
556812365
733755913
401486377
5923377
953026879
276458441
155019679
301515476
154117211
819080013
580211872
381346676
752889921
769432771
534308596
953346066
826499698
983119146
969817985
259243270
42465085
481787387
446448208
978152729
426712881
710340537
795312041
497828339
397466065
44485241
599661051
323327841
182954381
283043161
423651147
423253325
782540353
212717667
685585793
563989301
468514235
127058592
581938657
522130653
899394597
794691917
749565404
415333601
881740279
120783618
571006539
808906121
642979853
405328421
843527250
365210969
208607323
738315825
857741511
996578372
914266737
623723131
948443405
816305216
769974437
303417586
1577254
429766201
226130306
145953973
677327889
718693681
635694369
34249887
213741891
986229593
631234851
191054305
837679985
35151050
950561094
400681901
245554801
854305861
976533471
778916329
204698481
774555016
509173113
238340501
132568857
89820161
201814941
388179471
118152125
766797530
256142131
541946837
564342697
798264451
549353957
631583561
728608993
913075393
651553241
566398411
191799702
375551493
34909330
670763721
435223001
933809434
630806441
219538729
974524157
375265474
656471299
859000055
872710594
856271669
778123884
401636748
628557629
250710853
261402581
182944180
783790313
183067715
550553311
704685529
837894584
145636258
597704952
58829551
348454145
223788300
393074415
632870798
382036099
194451470
367737972
769960457
213005966
122199767
388008585
714913225
312084111
881209326
690770295
91365151
260390303
874798645
262235015
340062160
268975364
181805725
241383953
417789257
709557165
878976656
791318037
694615996
215894091
83213708
211190361
433075233
266698215
350489041
668450109
693302489
312613647
789304081
407673651
885333674
20478203
559556675
568144396
717988821
518594689
233496825
713531361
885815259
437452056
9387094
909660259
740704845
231096231
675397638
455353721
528584076
717498945
655292001
21506651
415855345
945403681
939774031
928805116
376394855
779693263
961809885
944315001
205278739
172521895
845520311
671757651
144669235
199040884
926205431
330800251
355147653
500002385
420770377
539122607
627744365
611373511
775968063
516416215
861342977
550316391
100093165
225867355
819919449
290245813
385569051
104904391
664386801
599571241
416680602
200343561
796181491
940104093
374894495
255759166
639450197
619825791
670323563
716923549
845346733
849187576
619032529
717337781
117358297
673335036
973710981
589642466
962715356
710843181
476591991
436326613
62290155
780237877
50804251
951476243
596382001
660272539
53821249
481735571
800433429
270678008
934759753
82952371
990391585
734252011
541345302
697600741
525546426
752787795
190862977
139711121
789764946
994653701
732847970
682653919
892047593
959547498
25011396
593284367
625259461
77606121
531672723
700288431
726543967
374330185
439635929
746238801
730236793
395005603
237650065
909419739
320442777
842256739
777360738
610446449
971112765
906121151
331930551
294214177
358429174
91973677
246075377
582597491
287481697
147245837
942011761
750180537
478170406
999398481
47976925
292706356
815861275
354764786
574490497
380392941
234052948
206408146
101569693
663066813
337288806
390537904
262213141
380262121
986409231
182995090
271855698
176092864
350489063
351546693
401605697
298126279
848645705
643783835
116343841
549438340
307122055
95693227
827254300
458132381
254954001
647974216
773784205
328435673
751103585
886651933
2270721
681263017
313256937
891724057
101535614
433832175
473188363
948962726
355851435
225490321
431187001
3874819
689648145
526191933
376018961
567442653
514641971
252389501
926557442
812254993
726734789
694970732
202332976
52169011
832186676
109272981
12383093
385688881
113860838
436078554
652849355
426273546
455079521
126088053
236574521
698530635
549505797
696854855
304553619
475560025
282609176
178367145
117860381
373011449
651091467
463513098
547810751
235032031
332232332
718774797
739628445
653794980
758168303
251035389
815619697
98145367
52213889
811576057
789069902
427757601
508421701
537443276
753713873
544172651
894201429
722333375
822848581
910346975
234162399
787006509
737383277
764626441
702181733
889208908
5363635
656126601
765190801
753980847
987831151
591955025
526283977
149596154
966342270
5330277
540149160
80275921
117859323
181364361
594809831
840036521
880561109
747469691
91347311
131302874
81892313
360020553
487986525
668100001
546935921
364716522
650659091
738282916
280897851
397833855
458074452
855104545
758907293
269352471
167595317
909163532
868871625
784298945
782415809
522480936
757533321
840949271
472738571
833962661
79267555
301637235
764516141
215681726
507675213
670375762
165671446
7661655
395153281
322671900
506959095
208266851
4776870
290674081
664252721
327050157
717971017
739956977
58829551
14383401
159412691
477972465
326534608
290245813
482595073
338492729
142845681
250931741
878185273
441971027
990859783
381634063
603790209
543728231
114001126
435664071
662602597
260507361
336621111
578680584
810954071
441616479
932141508
94945286
204474121
278706839
972015156
980529025
987291781
120246159
846505921
793894823
681965553
159934379
741666556
176471581
280696241
713994241
681964053
77110207
464030774
65268971
843601287
200620888
700801603
991134289
931106305
267777526
54937805
909031255
275468037
850618750
891547841
539471827
47964735
403167891
346329176
838586611
399023161
145276334
904482901
769281269
675847609
64075337
973871351
824339323
841009729
47740911
68163359
949230218
430095853
652970489
302926824
908858001
632286837
567298611
11485961
678399947
421461909
763370897
258439299
536469136
408440767
747706021
172031681
313301717
542308981
99260395
100301494
870997321
926232265
689012301
521313023
362358264
791348643
722984063
886651933
385719339
982338893
662372161
175973361
834418561
457132241
225366401
541977146
683358355
647910658
994295137
103877374
644052043
151782475
252630049
37708591
502173125
869372601
281703540
444116304
262622568
528670373
761787745
563496201
267102489
694162126
806691985
795330462
173288573
477708926
614275658
271226471
679178811
51945341
355147653
45542407
885355349
141946912
805435597
759467677
591455996
634249114
967906491
879579301
876899785
392240251
905217163
120030039
880897115
199324325
674961013
102065555
416057311
714107571
868228580
207979501
56946989
840036521
171382361
616273929
984346429
505025579
252080291
883375
899519371
265236187
194122701
859201630
521229484
467158059
969118677
915560743
191360669
315893166
412650199
817452597
918584911
630086731
282011971
679632797
56621385
859083836
265856942
894528543
925182865
743066375
250651788
58678913
344926831
146039364
995129626
11871401
190862977
709160485
60156811
798600953
741519678
732498365
435570561
546937633
940389721
916058431
355965465
31122598
57424469
518849080
453954223
704563385
177060577
859494405
302817441
418423007
548427221
529938541
519400034
359615076
659451620
417512983
269032311
338920413
420615360
244583829
307169881
695943897
49739378
12096177
961113284
792770839
949881113
223502269
442654257
259118873
259249365
855872821
483046439
235215113
447658909
368538483
595379200
943458256
409834298
22934471
828384501
853015097
368373333
124353281
228000313
695991989
702150166
252759
953011291
769463105
880310828
370309631
58878681
312084111
689510792
178462648
812058879
814396290
210751101
405833223
82032125
131435089
636621083
115673736
652261360
316833009
450726330
304008385
166807491
646501393
329157217
272328007
898494647
477420607
921516208
279328247
620359091
661408791
263129903
499347966
803416522
226870019
886052959
441241255
826771223
82147405
887491153
575264434
259243851
439318945
560259825
278020343
727160017
362474018
625696793
970481065
945719833
180722130
559740361
838586611
535772729
518350435
518058835
772887083
66364062
178899967
314567196
151919972
42295316
484877054
921190463
715306093
263891932
835574271
184100697
45463331
936937431
478393276
33848745
545476665
250602067
813937677
601573816
818818723
660268577
640598356
418801489
210944331
958682727
503071171
426061957
942849819
494099425
624025269
347759821
637114012
183044251
625534949
961961992
144693279
948870709
767773055
890837181
919393861
140306537
494578333
589960905
317296138
297054697
644984236
934759753
233379226
29393
451399403
426671951
201293809
253673909
614970301
444025681
557938332
330192267
133247871
977635235
341627909
520148955
377894573
907922185
746795285
781308041
891825819
287051043
293878257
735528371
729333493
429216857
274737691
898305656
376067801
958102313
792173501
941152810
570552266
213381609
331220511
304560815
82032125
304558719
758305867
297701161
675768665
661228281
144693279
838192873
585197783
700388226
84777946
135442759
85221175
153017029
502210395
745470797
603127001
516842741
440373749
643444413
736188281
77957935
302589001
442110515
995361457
549178801
766240989
940389721
581547025
218053881
965393047
752156641
204184099
366189993
423043085
144914532
863678147
145416589
9550055
498710481
921182809
7825687
318225797
694099365
167124622
167331461
279144739
248419021
163361715
620563489
617127382
551463729
183728061
239306921
370315129
570119501
11485961
990026167
943782861
403993187
445325653
237486445
819789453
716848401
673893761
482595073
585197783
24836321
690617511
132997169
787002028
461250633
908066273
7661655
405145511
354437915
352951109
289733127
612611755
546490841
522183532
367404910
137082486
790437033
762042317
15037277
423864161
574018138
94917465
169418946
820770663
984773549
88595501
501513525
643230137
396724061
622116584
970871079
218007493
144821597
333226742
404665430
304805159
471434953
503845665
441164956
429412969
986355457
768781008
750624167
328730291
412226145
59654821
190862977
434357585
722524455
237289918
822556941
813027271
518438874
564800233
698797077
227772131
883145556
134649831
741950047
521157117
102667585
598011561
548427221
317230471
148899573
402199261
202374809
678623322
550412191
841639569
420887348
544794441
638393191
640180731
459405729
644467661
477495459
414500894
17713729
240461687
478221904
46044049
278051223
980729947
13338486
348694445
841989605
843440245
130273689
575532417
446593409
325078036
253876945
50411405
480158626
693507311
186786717
451119341
167381128
256642544
37006676
779269236
295987709
530871801
146585113
73846781
734800002
815119175
840928717
188692341
381134141
382556501
638318043
158592437
253305251
480677781
790713665
815472911
758168303
648728360
98837213
271142513
662389126
263933526
51410573
27764393
122986273
161631907
909671269
999297363
942738993
623559943
979165103
369554875
290700071
802755683
254996711
143291041
315036548
939815971
286884401
995927325
372375837
548767101
8598327
370080901
419998417
335929521
733202045
186076261
947401229
555967165
936480085
139869346
16577567
297930574
732103030
232301099
366184553
742010193
17169670
322012018
644116665
146989555
63305601
316009497
590304411
287918629
417268833
260302249
674296701
87629044
391675742
899863049
660938510
989611035
290245969
173206360
871757203
894458489
904018937
457979611
187022418
611969257
271109451
434090677
708807603
870025051
508315351
179421481
945165796
852197971
663147003
21089151
209837378
620363123
687702809
952017157
749974671
953371921
361298927
934796768
535812369
649047089
429888113
59370583
6960572
551796649
202956945
347846867
939872301
554024015
547874854
987648493
15440325
203734251
62702947
273727064
198657284
639298185
304085613
941873541
466928273
860395329
611738436
664019153
519814217
628163970
716767001
509541803
154573065
694757741
274020259
133926876
291296501
161831531
627207876
688953175
905821581
395697553
306637317
670145540
719205425
384678757
23347631
792217705
77458571
975373553
986026376
225266701
938036641
985590176
321314439
673403985
178554438
540119856
251497551
527672176
434759121
118977278
811974280
787192381
404084885
864844725
819341271
257171429
246742535
629415241
223792885
581259281
845520311
842106717
636194425
113825421
105049925
475952381
729322801
939854501
531439677
850350662
346540429
981201301
278455277
149595014
665155147
510455137
479601150
692642225
337314491
669813811
986934208
424738651
991486573
12282768
990517831
333595446
401390757
958431775
834234957
957276810
601258401
485537291
979471117
847790539
694232230
918283111
851789028
38947162
235936681
878269561
457258457
170422067
617114311
292441113
505025579
283734769
376728380
771458237
137988745
397474427
479931121
453051792
639379045
638586281
570505251
68766781
562996332
280838781
677551553
752426805
634464041
905520911
904380921
793701293
76593652
211078797
998842347
62284561
652530673
911356419
226465332
221964801
782244729
473591737
682086395
606848231
745626921
118335787
577431233
154139473
259971601
385053741
102563063
41913275
865148819
29224142
936082205
25090701
943018525
790880725
549029366
664509249
867820771
686976001
920803811
763060701
910601936
580726052
330223426
481101481
604396110
87405011
242409979
816880765
328038481
656101809
153802506
628529035
867512650
535932625
994746941
53674941
96889513
719895933
631667393
953371921
774475371
410779339
767751369
870340251
106068261
657568201
625152641
122664177
97638921
876365978
803394122
245182867
460938617
998662407
551009667
982327383
191765026
176869421
292733423
473467411
33313339
339426189
615492397
99219441
148944018
425903321
338096113
716426929
654755881
651557536
833826591
321685637
382556501
952857371
323327841
604322591
671107521
144615571
661085185
140633964
395152286
549303926
730580503
352273471
504110647
33558046
181406731
700907126
918144511
21019823
732205685
119886657
88677956
418272669
395192100
864803621
274203812
29944813
84262621
322032913
324805265
550957062
52242200
210268747
403565997
652761213
762042317
329525333
821569381
792770839
265907113
102457601
753006501
514046775
577484211
171817273
437128183
674060264
986659009
825402593
638112827
484464561
77220755
587466953
843807385
611288684
774549351
774104111
378065269
551792191
794835193
840317321
227319871
702318111
282562997
428654875
428120761
94739899
960652991
998741661
654377731
854555905
221240481
595923086
241204069
645870904
974057179
362423721
128723860
768121010
613378136
307876028
75096315
878958200
96583436
798623786
642757978
463031397
982611131
596519951
723243025
370015201
367569593
473157946
231176578
686949779
226800562
646188449
599656754
170063407
217870015
884196481
868571551
97584461
37763747
389032465
684071687
596967421
669032321
89820161
374021819
893311309
695393905
444308951
710877511
1130655
49551297
26116916
865265501
58769519
443998825
990834711
222396193
7829826
37535515
496828491
495230385
94225901
663567885
57914
10554829
781851097
247410636
972084737
212973921
182056269
726406521
511649107
781035329
918661055
234357321
979317516
757625789
405053404
65289280
242474217
889225801
768961206
757318723
47976925
579479585
76259521
296745386
544111125
318352047
486871855
146716414
883521616
990834711
313832389
471338569
704756984
147412913
775211865
527792855
297528597
339977881
258277133
273542313
280198591
887047701
889176535
110712552
998779001
65204757
948631609
300317717
916486408
823280481
482311101
253826869
827142755
575398685
74003553
484079400
221501833
809201706
438363621
266292827
965713573
203248045
666693291
311202172
434317652
209396151
498865651
988993
708404578
728817904
812533289
970597169
870941291
310026503
279587521
10677537
919834661
822223593
959988749
194839957
415268621
877829733
88917941
34196454
110532741
697369811
53057601
473188363
345526901
519922745
484879557
713487941
144919094
891825819
160159171
680184533
178557933
259533134
90976333
665628691
353060186
686079123
967870993
687466826
126993871
334746115
175381211
390871077
108899577
275931831
450089684
663014773
329050197
464659361
839005851
254214243
117841481
716457774
832860601
718823333
633738599
50678201
483046439
398122581
986476465
742366465
888106721
397897059
647641086
790013231
208768313
747398605
195693691
681997057
245651171
84740461
339486275
476233246
297981349
517986671
785074791
538136305
398038869
553034879
275638302
559688521
217199201
930761144
968683037
735069953
97070881
115260001
193753701
780005515
154281818
499817813
304199619
768066921
786591073
475560025
527581025
198114971
115802811
59676497
100995455
640414151
249515803
715544911
842963027
857520712
376821591
589568841
97762977
22123037
842264878
277892811
44628993
210751101
79213793
122161311
726518459
783467251
518618289
1900301
90744831
875623829
891875931
786216119
34627005
781001681
173416695
821906727
889720586
459537493
956809609
450467505
725189008
370655969
482239907
534491241
271764173
3156436
751146313
170240881
498677701
95247086
458252415
629415241
16621221
592292200
49008635
70292137
457441081
447412221
855084191
950826887
554982217
324506029
990065808
484409679
858106456
212425979
254217198
91866341
265185469
83258863
79568091
995732551
826203221
287663921
927491875
19920209
420601763
875695781
176580294
461426881
38473903
736917674
247930561
716913853
813650277
154065029
177177681
340675153
415955301
826429078
520194377
672849125
197152465
904883916
306053947
472944513
394043655
953713604
748762327
208339286
722518703
842119176
319600965
444450683
969186701
408978544
441344890
260759679
743867842
256644544
986987696
771360141
675299213
64463049
361378811
163599876
366993921
305773065
34531117
737368461
404671957
421904363
170171790
238678249
563776193
164752011
607368975
112685361
71781701
289797066
700411625
311169229
428355773
333188049
342637017
865453597
103509417
49138406
146356777
544128511
695393905
744154391
732808649
326683520
125137878
973719760
967321271
588039076
364146741
427993569
433608564
98965685
411128937
108945923
500893651
82756601
756157536
811584423
425332962
213569101
339002764
898962038
633461531
731724201
361298927
992714695
658240275
488813375
53973437
31237506
319639726
118417055
491079561
727700573
960060501
978573111
603323075
908236633
32504335
45097133
200438181
301153772
875639281
354303886
264587137
627250501
137639997
524397801
500579656
435188421
826642401
630405560
253267086
972699052
860861269
278511729
110794101
680124382
342764282
614282821
482374649
247621001
36855681
90083953
206020885
124849246
469114691
94535121
357737991
957941185
469333145
609531153
728642961
297664161
433677135
927299711
442654257
616888337
652137365
773305506
161089845
670601791
698842161
590056069
425054973
548686505
973708725
945455235
611199625
31300549
225851881
428016721
526902803
412033285
224171595
573647449
249624365
882197193
233585926
260197941
552728281
801019461
963514101
873492303
300468816
614319230
389112951
286796925
605149281
699704001
476433521
200525196
286570530
326913231
673858201
909542401
211068027
157942661
697355629
518618289
243770819
764353501
412659741
260032001
796189025
219879263
758465491
507778013
685066911
230753457
697221649
518499519
891809949
540191301
735490461
621680371
653152365
439545241
612606485
884990625
238844881
401318112
633606731
691250215
697941067
102734837
998531477
178684885
590571209
905808421
739620793
174171329
938315446
390299633
826203221
71943393
451189338
711567725
263752297
150742263
851448551
630436305
924310045
788478513
549390390
299169593
486556963
274374537
50272745
789589553
901465157
958431775
605837461
893357255
548250827
113923369
880128511
761323036
911421191
180524181
609608751
260581776
441749757
50063485
243362291
105737321
85549921
508053785
931106305
59310589
332743510
730648473
309828416
176801554
919098401
2452581
525329479
347820349
150948481
262623961
521981626
786246898
137120901
207809579
365797153
898674676
325252971
602070571
82629891
77236022
8278001
744329549
154323424
920285849
645221171
126629461
857728017
167895386
910390189
922864790
647563244
970092441
823103697
534270319
511091201
162302976
15518784
269559873
315943021
309620501
154402251
505384249
637444333
229699028
436281721
618617741
748015941
579027253
869321084
998979311
613931061
17413169
588405381
601403164
879420984
800781459
503619035
614334125
50212986
522837185
554535301
71238899
265491545
988981831
291274614
9273397
105234901
101462561
196542013
642684469
196203157
326958065
166631489
547255705
454228781
573016579
291592079
892674409
909572107
100986551
199260105
408420816
218053881
389585894
501904445
20246435
407834125
568309639
122712225
893582505
487146649
344266441
394096670
422237689
3339362
282311127
267838469
888857870
256793930
927197929
261337191
381800221
420284522
412074581
498894701
643874245
255677311
969885729
427756801
498231149
293878106
547110806
534993621
341133325
765015089
594867771
788679599
6952631
342187581
997032048
444794451
916649691
931106305
134845277
367812609
76885453
369160087
280182069
84483493
467008330
207447681
990026167
329535026
777250731
138823711
757465045
857712311
761881369
97297185
59073243
732425071
7763533
305861281
114659793
865565667
908484321
932225509
832924205
631465005
605000241
106713785
558108439
125799760
43960841
725359436
847977865
738814560
445731765
323541835
238254081
697543331
654377731
811939045
198491769
72210233
69126637
719021329
489035379
690657139
759920244
51258351
780614807
106503601
934723255
938697276
106175825
584299351
354271556
121912415
384264781
539175051
580793383
13655415
474297179
168029650
352453625
499866861
530461676
310145251
775211865
253362781
275327711
518230257
185407467
375548701
150648160
672253092
160904697
876208857
108664895
350571825
399988891
551087995
807868035
714345461
730096729
274664610
887865092
380640551
474874517
510178463
66455029
361760665
7916848
473783209
662012657
619649997
989490251
126249329
95806646
990099689
995912071
100272108
663032673
550375273
372313149
608595622
63587501
276907745
640707543
229122821
387663619
27478510
833008661
64683601
610790081
199014197
541370092
333696487
779247301
395709389
434540397
581676626
443777626
513851481
977560741
863678147
164640884
182927741
235733842
333189734
975831409
963017155
177383131
610414816
230239837
358878317
269032044
172802336
5039841
772671953
915508988
162021804
894275926
476611411
646270361
188285746
400746291
213103145
795468621
934634379
106503601
397601329
408440767
457760154
818290426
983713551
289535221
291040017
633363877
577017955
131033271
540496737
616304119
676740926
489190325
377567501
744654729
457919051
633955371
274142666
31796497
173353761
960605420
465181913
964518220
607098757
731361959
593551551
305451437
378870972
1222081
713216629
343682269
676748751
132725628
255439567
347565127
726734789
101779413
10768538
695025771
665493226
80275921
476130737
151527073
4787821
967467227
479815425
571416177
355869151
852935485
247594301
811193919
130446221
901688511
482220029
204871431
878269561
884562833
805294340
223250874
59538201
273608783
192919031
314092576
753034401
671757651
171613781
795794001
798241359
132787697
598789745
395959572
150104154
751711131
1421377
150417505
987037859
644644351
420886401
478027057
167838713
925152476
468781965
144757429
115260001
568172361
874308433
473762733
285971764
373661011
797984556
294597903
619506820
80972711
423726067
218278759
317194359
168458537
827078009
454717341
576941981
66239037
364684227
395102093
750271479
729802837
35431258
95751509
557530691
822723517
827755960
297168629
887398455
115265231
219595823
822059095
488798277
474934225
627744365
298873733
927330070
819512846
688256639
816078021
656611331
572358346
36310228
579226121
538674736
85396681
514057111
381488304
836516019
366175311
498208101
761686049
226702955
942752001
973327718
499377066
338575879
901914087
478027057
347875731
850122486
673188435
650851273
920069621
223436251
324227433
55208731
885815259
727899226
658154053
726245031
867368549
160364151
449883541
90588553
436584133
442836294
277093428
577459151
187371850
96632573
945081329
257255925
920403587
796620109
563405691
237104544
313768921
334850591
548730501
63145413
192248393
537913705
266876951
575431151
372699551
460054781
16759733
257344626
741128301
317239493
704056731
798851659
822031781
243469801
983413196
674961013
608128491
963487848
931638917
470678362
437312037
437329132
741128301
169718241
660381869
232991439
21179565
466843333
661408791
844346892
854550289
647934001
522922220
899492297
189611251
200019387
750602741
571973585
527617497
643696501
881740279
643450719
130843296
897677174
699439874
708969305
405801271
711424181
981832101
320219379
15869497
100280369
976047839
535744073
83123373
871344981
583998441
18107689
295278073
479423799
364107411
222639189
421574255
791767651
459405729
182445421
334658437
56156323
803696549
166185053
512159185
60846083
115814141
776217941
644577945
797054074
980088991
689402847
740899729
564875233
306803795
666387326
421622301
587201025
3843439
452668133
434423331
983804426
860244035
334521795
76164539
488723492
795170903
190663387
560795503
217963681
585648719
824213920
99208469
252746339
285913373
316990001
771829473
283511021
565650178
500777141
133282092
513962037
990391585
781400141
720867631
304786291
186841091
578453821
120646989
721347986
528764959
229230232
711295841
449999358
340295847
751146313
779782173
186029421
948418915
528903801
243503897
95319740
781665359
468919005
680878641
356461193
518499519
982227126
935443505
500246958
407673651
503929499
993849117
881393433
215236945
930633182
948842697
354903200
755361399
846367171
42656307
694118561
789754585
315573387
488391553
42465085
400947411
417960301
287334853
706952497
117755699
917892161
422253061
826264355
916580817
576361689
510739643
421574255
336583627
25205901
21162194
477979970
672195523
911320721
829660995
568464568
334546786
828053889
951061099
526919445
548796137
636097153
410962769
658672059
943825905
531387891
546937633
795339201
135253696
922169787
806214769
350240801
256294203
245504856
982657401
742663541
725785749
181674780
884845510
31118471
985502648
73397601
466891197
589222331
88990159
12454097
415955301
104771561
519175069
431597331
934338595
49691002
108376879
953948997
576926473
58603871
645681969
939816745
353863645
399022961
389785056
760954291
368540961
473783209
786982811
368358873
597486905
186261993
902692596
364338933
116321891
435356185
335935845
398341257
594335281
500153585
671449903
338575879
369454713
789319269
804461505
182732753
907589785
787097161
495556351
70008976
962994455
713696017
954275113
828635383
810452079
536409011
877469248
929619678
749259918
354962559
5185019
779922433
721004137
446249155
889054107
581349377
666584191
881467651
138220458
542709791
156977954
847571815
162931525
559392027
350587295
990066667
624253201
508022089
564508089
637713921
784448661
276426187
708521237
913472956
228808764
242943853
908133025
133485501
383807015
956697241
181895321
713101481
784821849
638228928
38159933
188692341
963996726
125765225
689859437
426710705
736923142
336050701
52996339
42860226
302317109
834570977
527791091
551982187
881802438
145657745
997232113
62278631
93248061
638033073
122885277
904186039
661451201
518611331
715843721
793443351
90111711
272831903
68516307
3843439
683264715
952976958
517492521
349275877
479290065
619342655
919862369
909731035
188326241
772555985
375236421
671917349
142854745
952973015
128324697
452136413
916580817
58499866
262584187
505176791
78553488
910152101
404229129
715496057
257509588
734130477
98094214
139915509
463418651
999190291
336792121
127410205
760859905
613221648
727109545
245713511
541733351
485128985
941153525
80345911
341433797
477790752
137867601
28852441
54748727
317490731
580599651
269993881
829751704
300639872
502125617
624345016
131868441
607098757
418343333
438936965
722724001
417960301
132588641
237763669
638223439
471717991
663008501
719627236
395510538
241019756
717988821
565930766
403189907
155803441
860244035
978717951
485892543
354743361
564023841
838320862
405801271
262552001
262055063
767293879
943999334
88436219
387153451
249003213
977524269
737860801
985321069
858133125
816045373
412004684
265700877
837825403
222525430
543199929
823529452
134207015
951312819
921371231
520233481
907993991
436095081
596297344
732942135
901300021
195217689
636457946
917236147
871181639
699183461
171821641
275468037
631846241
974782130
86716641
449099751
123380278
735105565
231177967
942016294
591955025
158151441
988759945
229585119
743725409
308757145
493071401
198526421
624828851
411506591
653206377
666792853
524243497
731467219
903710542
687775741
214108157
499805901
335104438
168563349
147852244
217331117
818109481
929309465
137798811
606779761
118624505
4459251
914883353
208736227
683561566
551238882
730620434
496159173
114616038
560452174
861090181
801116017
471928931
682903001
906551563
689697113
546927893
882819097
425528721
976350879
995798531
773516007
541140957
440639521
115067870
871947811
174621325
236574521
887976581
273604359
159855815
489940401
678747537
783050601
510112302
596407601
858463926
924361915
26645425
414921731
472933661
966458653
982685451
245142737
134637169
337032001
506408223
954872501
692629857
626446491
395075453
692629857
178529444
340265251
323067213
214923041
484563709
760714745
146310023
596351376
547422471
107391641
943519887
295839321
303629814
411896657
775866626
230182281
825668634
756311623
82684865
803771907
441071417
161889077
381583833
294354591
543594121
97297185
737478114
654093025
446599693
640094944
217730849
509456701
398786347
50181107
608223589
937949177
786591073
57195061
833396985
291846001
147532677
362430233
590693585
576312529
480883430
619267975
84783946
805895452
670192597
280696241
503181863
315234301
209535677
805707061
477611841
444300445
792932801
668595151
306852339
281643899
846335751
70588812
469570901
89654099
728608993
496828491
770736041
328175439
255374541
265158453
305441611
797474071
500247695
624499676
176217361
712728622
212006691
746126170
673858201
931148081
953608763
588473391
646675402
959966189
665950031
501958709
760727403
733794301
806812905
639859491
415103683
478009297
65341801
574180579
824221861
77021909
496626226
734341223
369257376
700303677
194952488
138801220
356558781
680184533
836159606
943655890
655723019
877089617
876628369
920466811
596170241
349729481
104264773
781700732
526611121
441839481
68265181
319361021
208137753
618081121
41924489
494208663
821244099
791042308
89076633
445731765
244957205
656815221
494939
436317029
590955236
840101076
679632109
848573340
23795212
973490149
806214769
954967375
781001681
293097747
808545766
893762826
453852150
156328891
610009201
160249627
404929403
583434117
242755039
833761883
990558376
131015873
897219831
727273745
860838908
853091513
195127055
856309897
871548873
743402613
187759041
825399023
682082789
656612351
105415476
260695733
192156191
47871530
331768921
851842033
676592487
249174616
64420245
862229309
488171705
990160742
165806979
411896657
35002885
250166698
218347405
906935366
844099391
247254087
440265426
838402513
62702947
411404056
957651401
465748312
942413720
764878258
953903711
283734769
669887982
278089693
743077545
637031676
902778905
745515969
544505157
732368119
36644381
382227581
757912933
952918233
845419755
899578829
504025465
195421705
289548489
953213006
760859905
215829121
556972047
648475001
894051721
947610286
686532791
550101429
117755699
109950086
960689201
582417486
948631609
372604751
574116387
929840601
285194115
528647033
467922854
713994241
582637261
555134830
102113681
821186393
189297826
524141841
491332572
357066595
189948246
532754557
735818436
344812593
395697553
339409374
809195557
849877705
178974062
804717869
584647476
982739266
152797213
541311385
44485241
288151056
643155921
819099032
381501467
508067785
514610869
32757049
277163157
187081117
508653721
119732251
347507683
217143049
186780179
750629841
149129605
332900521
659567937
455353721
702223855
890312479
751361377
850811399
853926296
693878701
597893075
381421104
535812369
166279806
156709825
586654001
81526307
926426063
133647259
590194323
411932885
656636587
348991581
574760551
842475141
573069044
343438327
662626383
473602001
45433017
992901494
833826591
422687853
738969759
563317879
910017161
500064571
412051701
62173797
514057111
941217501
394111223
279399481
973346933
863305131
315420891
157450663
307169881
69658991
362961226
598319055
952107284
370370825
334096593
733624951
92249445
398834567
160289816
944051414
356951572
56782061
96567001
716059815
532365203
348299441
976788643
105014780
208455858
732424501
976670743
640860221
35147826
83381893
845874802
107297826
920535548
847528077
659365497
422237689
399015189
640852113
884974273
734821661
672427616
729484061
602571306
383990124
100003461
695921633
103347761
943782861
385500233
484013481
526980601
351338676
676838737
951710586
528924645
450588193
811389265
733017941
504768887
312366978
180763269
613870616
239562033
567341378
799384493
500848369
953248877
88454903
508237024
756077875
692712391
348454145
435356185
121492511
171904696
579898281
928311291
644571201
727541131
370401627
767402366
365619666
304941537
922636749
810042595
530866337
980077556
237475231
350571825
566253309
100280369
276186380
931837217
407674652
467676246
749671200
522751385
658540830
897222337
411658446
906721857
75915540
911398393
212980493
234414535
812380065
511925693
40427330
377561887
162598248
412270081
524418772
244444049
675846211
304142652
837791621
912512355
467783971
865618560
476303311
218994197
5616521
793414586
282562501
506420353
991015861
624361779
952973015
926789961
599426321
831024131
538530849
555712091
61490372
178806881
625481983
387395849
59570341
736628170
973007287
531171541
297168629
58678913
49281601
76286313
429412969
560542031
787910285
761506231
474723573
132142801
482542126
28072591
249432123
252228931
999975411
780842175
43095241
779936171
891875931
454165703
446683912
639358941
843935707
287327041
40488169
78233895
876208857
483970297
476637893
334784289
278511729
154573065
619128221
152380856
756942276
644844828
515175031
781027479
520327628
186832121
313626021
134845277
895205809
369178563
737351816
918755022
440556573
896521149
46546101
17283799
41687471
443867437
431274401
22184987
509347104
982516070
434075715
7037651
390414866
57834651
701026017
888549757
748365267
11544601
477341630
85937960
645069601
593166861
683090721
756987845
49338881
616498341
644542521
724473641
890836433
12499561
999975015
541289441
846714555
339620923
387179577
566440357
840867575
807432475
658022349
802518611
128813996
98272701
337929384
901006975
857981595
149808613
312865977
843033150
649937941
521157117
895964573
181947811
682261234
544635501
42073489
742823721
226443581
835899325
351721177
419820871
153203
437265545
389301471
888012201
331976749
876272501
375468427
100341779
290073701
311282024
133734355
667642797
889071387
225931029
949862241
906446461
368755281
531009221
267597654
501876989
203616032
435479973
909653331
975053419
257785991
782663785
63375801
442580771
412226145
101607741
204474121
476506533
779692631
444160211
888084273
267431961
949889706
885522239
796523561
719045777
350785758
263203399
924361915
78413811
67526884
536484670
542170073
720880768
759097771
912512355
502297321
656815221
262650210
472139547
16594903
137248243
610792627
303356475
639847476
133510611
789394535
612403904
546421056
50440263
750319650
15796446
67376749
81366293
357635775
278065753
801554220
678760872
901380228
662223291
376199406
266518599
184240649
773702949
851009171
889255451
885355349
922830081
739150001
685631121
495330671
434357585
820475123
543219575
685939961
423631701
118626361
459250338
376301226
571987601
972182761
625102631
428697725
153519448
223284589
833404821
885648695
793120845
841067939
873446615
575398685
16565846
735958799
387395849
805479804
221593073
762943101
52182956
408417401
343739785
102063001
420704104
159158023
703482486
728131576
5050665
127563651
460574593
772056671
389690359
303198433
893010280
441468719
605486951
921401790
317268705
63145413
235376819
781104605
71411540
817129973
5205019
110604094
956588609
154730952
934145439
689105419
561298986
226296101
595200935
672427141
479706195
674886837
601450851
16947979
260715511
588058965
585560709
891433339
313660760
460297251
142703671
641342353
279261526
145961065
112924581
842441213
508011513
462841297
50960271
70954994
463144940
727281820
752582087
300333073
785317537
370172449
550759393
354592221
110402697
146310023
748972473
900654391
599661051
900861037
544278535
67403337
234408797
986476465
658672059
615361597
757420801
338381817
413216651
64633331
327050157
952929836
126817598
485207085
823582461
71989101
718237783
283753477
241888035
701554253
264559165
774202861
467715441
747842310
161785001
218053881
385880117
956643761
327004966
353716419
983271676
312151668
938605251
831856569
373396647
737532338
914680244
415492653
839125195
429247526
17283799
395772108
512148642
351370266
848140896
882795005
663997593
298321185
633363877
130416332
276367955
379493571
609289627
650860089
824300736
67403337
225266701
719036547
355851435
507319713
138716373
969852265
186772963
412554937
680939524
115867537
377164976
876339259
539835649
916219962
417789257
922842733
675623804
130302641
658411021
394544849
515710621
254134338
1871501
922441637
355304481
575972101
663264841
196972721
298206315
844353365
473242097
600726441
738958443
751073495
961421604
309592327
550868735
521780539
247171761
898193937
17413169
92164354
922748031
729197012
461209423
718653486
317420281
323067213
565544201
139854617
261895841
790926681
521456138
149210648
299288707
358456076
846719601
330578186
359393012
769740117
836360109
554549210
491631918
915426883
682834474
852008156
878702501
879063419
470343801
374829211
941175681
67368937
39363641
536802379
264821431
959648801
606567465
898288808
871517353
266876951
365784907
663494837
778717291
623755991
882879876
401410401
834288751
820221425
208651552
200740637
800170833
122165541
454033407
984093581
558415185
210450033
980609345
726999969
661488265
452097165
840755958
471974405
470343801
135337574
691454036
577886011
831422699
71887501
348317313
832354235
417442855
707568841
356462714
872580781
118077357
766222140
346266616
994677993
380640551
279180991
465173817
643884645
391719247
255141936
638292591
608766993
567311069
512174351
323068596
74492857
594203496
789277093
945920032
72046497
290374031
72214609
507232072
298074788
995807571
446911393
904601441
189628072
810728845
143905979
163171216
865809069
965113775
569941595
903458845
968554793
741240151
584699741
129269959
495981773
932759749
470435185
296588561
869128351
415063101
591360859
970233837
480120779
683961759
635940579
591931211
566587142
437791129
434996073
375787961
852037068
813388143
547574521
255145474
431605961
979587013
598431705
767800698
548113021
44547264
205868243
477340401
684501621
911129261
404625626
659401806
712389825
381405579
768635451
675153605
288618037
84270658
149250499
204578115
733183814
584990351
256471036
117886101
301240057
548730501
608503682
342878441
162860869
557366211
90718973
173653357
511222904
42268878
926426063
712428201
433029503
266153029
5667616
477706973
726694733
257050001
902279698
314613350
213382112
133309002
569575229
791149379
623969767
443283729
11461601
400939599
34342983
640119361
290958001
715436241
60532927
943429600
831856569
656636587
744330261
662490309
850858665
394158401
407163837
560598675
663997593
389014996
916583736
196665915
149129605
272903601
273195917
581192863
195399745
17896707
190580981
347200673
800547901
781069291
379217521
429043701
640612562
394933831
989149544
147246843
764626441
132975473
101462561
46000330
829598248
812685141
992172301
293152300
232412589
246918209
318617089
178081301
751398573
511863383
565138241
880405019
13827035
207868083
12379476
834920689
23569575
334328326
947884351
146039957
575324033
805898417
216365741
372926209
824698481
116702969
331041195
59022097
979527217
520056961
756679229
973410601
623969767
694666038
884562833
1663225
842607038
597560799
510077453
300268795
438105569
968209593
249920761
825861565
928001501
231090193
95852147
337117391
98372863
921095321
567119863
225687726
9850409
444993411
672625121
889593701
538662577
2839576
981201301
524227681
36727193
802092204
918479721
368734525
625170693
534934567
303067237
372138505
396343137
432673415
503791785
448844003
920069621
615829329
261989051
428760317
378433571
613941024
335067135
997024761
21259019
561138467
468919005
454534033
553781481
50874371
761506231
452445691
13432730
626234126
526523893
553005001
79267555
508864796
399202175
85320109
685678123
331036181
829132233
439935995
254224925
60851763
679342376
461334460
209069033
419430337
448963605
170981356
892047593
147111516
619032529
717567786
124353281
529998501
697328259
70792645
711632377
391204731
362871038
668720452
814166474
782436563
887596250
283137073
789589553
91542442
155102788
807673161
370490911
967359567
409536077
918347205
910017161
531810227
910312129
359185934
45788161
295845633
165929499
263729001
133408872
618489971
983548779
379493571
760859905
477972465
878719251
284168406
429796771
610699010
272232713
667287531
242360935
543674713
223659231
261825156
745236243
87730505
880897115
1788108
636809023
824418476
82533865
681702225
831766361
600254502
950382291
294617813
49871053
393743489
929273241
644571201
108804737
810659086
519684079
886564901
174380481
992761637
139122623
497955621
764802975
405833223
38614481
336254001
790755725
672967013
735787077
999783829
692737845
379217521
550178701
462685464
473591737
60254768
955509106
651852978
758946967
274094721
459492421
806512757
946924486
520523
449980051
99400901
767704205
115563311
952442121
767437676
655132595
988759945
346161697
694797091
603634236
676499871
274197305
903887033
889171051
402063047
689857331
522331601
210488737
942931086
225972204
553781481
89943561
972546469
12096177
495536841
516842741
765529873
564821479
800311225
654222455
431378013
529864473
471071071
771639951
100925625
814096811
244208769
789696195
52650626
595950021
73945840
440452716
208503650
592593477
641284391
38239043
288608785
549998569
493219121
77527011
429918080
419788081
412270081
174332779
828053889
739439701
400239595
791580577
385381459
960318519
114817385
820139521
719574121
188109969
335598636
165674212
420903976
753540505
52390101
296232150
678521801
579788875
197022707
875432288
557056153
705892403
411932885
582266929
744091171
996218441
853271509
103476708
727029547
521303908
280630475
523941175
347941651
530871801
419874437
361281339
327517947
718450921
102204781
660423781
289971577
168653105
923154503
405790397
510070188
606902696
910273925
143215185
945497370
129191441
151256215
44508633
849923636
292453985
133696829
905270626
82796749
467009449
925209176
949953659
276206736
143652897
779247301
387881215
326670685
926336131
563989301
317610416
714529988
568755111
412240650
793283445
203466320
494719696
875738261
703653577
913143690
446582855
981458761
463755019
656860403
551249361
176580688
486392109
82583129
161445017
969876754
428846724
802260299
291432157
57268163
242015791
101732155
864912748
676943806
433029503
954021789
949954141
2474397
573447140
959699146
865621821
789149663
947912546
802315121
132997169
935982049
2559346
529864473
472645081
431189876
237434216
600801441
527209115
421692613
120226577
713696017
84861907
471428023
615120567
44264296
144143981
292523605
761899806
543780859
755295409
809875459
824011142
29541871
105234901
906962876
974581505
109722827
531875582
157450663
959547551
833396985
972924341
980729947
44262007
107601919
896521149
343420276
789319269
828838371
889225801
246663989
452449053
670875341
595719529
382555651
295705177
404185051
44365248
775503695
388942873
363382917
560259825
282718081
515354361
342187581
693729249
963990156
923867376
310988899
962879674
20498173
133510611
182901037
248471765
152674463
853761951
554081762
552760184
730096729
795510731
371142283
13223961
295563027
270339166
38726681
588790327
849313694
112562671
264496825
379876105
887616117
440133457
541845761
969206873
508011513
921296643
615925409
443018019
899982843
321773145
359341320
151183209
649015872
429261289
553597662
811576057
299426311
649588433
315968349
198526421
602974173
637009387
804238176
769155144
239329517
308959117
808745402
929396879
768066921
338251501
221593073
642526685
205334721
862679641
26281328
917528871
777744841
975714306
516347035
322638001
580934371
856239161
214176443
320649957
512581029
949951557
731959436
649937941
861384391
505437353
960867865
639916586
248034805
927897073
791003817
762697019
468235595
140020108
69126637
937556535
577890961
757361045
335058071
401410401
825039395
816931019
996314433
307916585
554738069
992553829
90756591
176596128
994472276
48470111
831723981
542965001
936370539
587094809
826694401
659164294
128804449
661452303
512376857
189713701
505915475
361361673
84688777
78932513
674156876
624232111
733451397
411153684
442415810
722164337
598184917
75906113
537302431
537182095
224620251
310696289
43998687
359750168
271962049
227358297
957374685
423626104
549760173
216735725
507778013
300688907
413831041
899816429
682356269
454248904
267589251
798363867
867001503
292021451
419649277
859230241
588906138
996988383
405959835
552808100
79400521
220631529
341659387
357797716
283680457
27991097
571945513
13229595
509307086
329050197
765704160
157457511
661582321
522684805
125356023
518551208
816931019
441749757
564098913
586929395
777009425
383555213
231198557
589728835
255185451
668962687
733799425
929844059
632968676
959347837
934554857
90040288
797258577
747030617
943101988
208768313
405119673
682359811
709283593
81147901
961228192
718656253
585685497
273902887
914859651
351842777
359054345
642556442
326693029
87867386
722167219
112507218
563553601
284609584
422687853
925668801
773880851
813442281
212816511
591955025
658087901
701215696
312898425
38463299
24946671
13473069
504509281
850007989
247129301
541889358
72512377
379498383
840339336
610806848
45772007
715740733
283734769
779684584
74877926
71087621
539792941
17337037
213790857
615533
318680367
334408145
163932737
126338321
565697476
673439059
957440926
197054801
314983062
249003213
825107181
861556977
488759041
476279969
599818505
26820570
70494243
780614807
9880003
101901401
137672949
231486771
215796201
25950407
414326706
273243757
691229881
428250525
526567481
72046497
430244283
431679747
807717894
673452374
316082334
165929499
229688469
438936965
181745108
403154664
870655937
264641761
610243311
540191301
783626737
903223361
935001737
392599311
835146001
828276810
37001697
81692401
86547741
981990625
291161837
601125540
591638321
923661161
536837931
885012382
753464603
182393995
327103811
821301621
744128186
8065709
389735376
763163011
419327110
700766161
769707489
728910161
34042925
769712329
774406948
151909886
173843699
269559873
267110155
920466811
82032125
207064641
330807191
427061689
901533197
885989977
402768387
883497401
6708669
726589169
909812559
49050789
982338893
79536503
938912086
500295149
635149077
821903959
438767246
4730477
543728231
932606625
941948817
728229911
336141973
404855535
584270841
381033385
886771173
469755691
610705713
927112061
216970807
229265261
633461531
632410461
364919339
148423905
811148991
461409798
964107353
206078131
386206631
176818599
413047297
954489949
86014145
225208530
740692925
764742362
113923369
162811997
414857775
373262143
598746305
280049339
921068389
889848493
821938626
617951301
688649105
62390228
64683601
534292536
657968296
379178239
365348873
404824631
29759817
285186716
966953026
291549497
985251289
748444559
274437806
568310975
227603761
526919445
748645231
98631073
200301845
516529773
397028873
886776875
173077926
307192230
48104673
38376645
523779320
162614201
260521741
1481491
846278541
306829599
348889429
992219255
467471081
130732489
444184412
680787001
824598721
686581567
914846785
274016041
723609823
736683646
444956737
818908589
64347126
614945877
659700213
501391326
611519496
945793141
308312487
692065871
570507739
717837251
753128221
743138851
829616157
339896369
877680833
152690003
608004857
623207505
294797306
707116195
656643807
818771029
307545026
297072032
930257364
731321409
501904445
258385231
883859095
39250093
579898281
725513170
318732797
693729249
266994788
640122478
717983651
553750823
189293348
686600473
122866151
532107599
177757921
258277133
246001925
511994421
552474385
922111447
740692925
403355636
79139997
919834661
797472865
579300829
933848354
364218853
109545756
795312041
2846625
941398312
991162830
86645277
981942827
633320296
67920608
965488015
358430601
222024869
467135583
191542347
908337353
744164172
384052565
77647261
901580986
510077453
451743821
499040555
454165703
491584885
91143443
894468747
800238615
530167716
668414293
549421559
955290290
494348193
762336399
111942551
125839707
380996876
456297271
704063649
481773021
655335221
154386455
286533449
760189623
604788766
68200117
429261289
599571241
823818493
681613369
676325811
956150723
926533813
239703021
867383099
311641850
970779601
209105646
506330585
887609066
848426903
458069951
137910309
142943853
575179891
556715369
161515993
283308543
444342473
709118689
74017801
86944001
41119971
668100001
70901641
215714298
400922351
810624513
8264281
165814216
310988899
248660019
452469042
281441205
378945351
44590110
290665701
175750406
741866750
341845125
595085257
444286007
779118241
31257961
957301726
135048303
19279851
126629461
254038459
612327645
648433405
422883001
255895332
682109971
565699249
278330083
446923401
527015367
831875363
165708693
984773549
307169881
674609845
792395331
194470911
426081841
615469872
761699347
180439213
941549413
976602241
608795743
306539829
856991817
798940872
974987161
105032723
115642560
980270343
996575405
351504209
104274779
57781131
967003805
806906603
545376423
70851013
930827137
898694051
327319958
919236241
784365370
178689621
609156753
533842101
842068227
270522201
106422781
154617578
392383601
700475714
470152015
317194359
926940829
101380649
924701450
791006001
430489533
841108561
180017531
39798929
161100859
327885913
157648090
525191293
407501877
403840813
329331225
54823731
210450033
654981091
902187596
424508641
632234941
434387802
103249711
876202937
127971222
766996875
656189290
423408664
372110501
60846083
469999331
157696813
682634525
780317217
746112514
487670488
8332911
35064158
594924041
621778863
631887497
95181852
954291117
69064905
148451007
632233041
15451061
425528721
155891953
173113877
294532783
101432253
407766641
997296711
623672176
59519731
871517353
290396906
395206657
386106151
774808153
764814293
73255805
472538777
540847471
990814128
276912281
132171733
141131701
160904697
793241573
927484226
858093551
49385141
749227281
739464275
115400262
255565847
298642991
900076607
5613091
861556977
75429893
736283723
421824096
746242780
516153403
986746781
357008331
69349665
200301845
261538529
517191157
415985091
184100697
862216950
592871909
771107686
950605357
986412591
851724651
129268369
402115671
150739401
444993411
678702305
671672001
161708605
272903601
382622533
691684778
642785158
549269003
580592309
967081426
494170770
538031105
406549685
67009238
561436985
27019435
134482539
987648493
988108175
38473903
248503133
50063485
493016718
363121501
827091321
715496057
773917442
81334681
826074312
19600692
899773193
448438139
205716779
782346526
925384278
421653431
71384681
67697110
632201991
708730181
425165921
668891791
628278716
735145383
293545519
512622276
317006829
757144321
605078994
295278073
893965401
241788001
641733503
230226986
502071897
900265497
617178963
640134223
830055523
208385847
873496601
584489627
33385521
745515969
938969241
837109255
854176961
291754191
311171079
51220246
145472063
952436991
808164017
9781773
520174029
453330576
89737069
770680877
713696017
372313149
741330884
267838469
355304481
929918321
21374956
779661525
791627061
514528921
871490031
571500125
132233043
229748901
625146768
625170693
357798651
615212026
204117815
336437027
87070473
831005317
962318063
175227101
372699551
371719831
852454985
140735726
405516591
564336967
439296625
28263923
785648831
291490695
818382393
673828351
806810676
341481757
386904539
101282399
430624065
307651009
677442093
530870085
390930605
123070976
285666903
757484881
419575295
974606312
200851553
769473078
73283938
289385541
647183097
63881548
845119797
917425689
639786221
776812873
670847334
227091961
184969073
585757293
181643303
626598722
179207291
308631821
616077133
123471749
608128491
628437433
944802101
905639163
376737422
884045376
524530327
857345975
751361377
523475681
249269406
542422401
772627081
414966129
341136876
608766993
991538461
583544386
684217203
971763298
301165581
548587331
63587501
676245051
533589476
24542473
426717236
361361673
523077057
517244009
248990105
897414235
712862441
922351701
96889513
171160001
637636771
113923801
846753673
808183889
189534195
909027773
420395809
704165507
1722005
518739733
26472251
780437613
437954001
86431997
473772035
825861565
14331183
709300086
6615025
602213947
355822561
643616251
460846161
858739071
766996875
336583627
762053477
132244635
895784983
164124534
100869906
750866369
806911766
974452153
181030666
385379306
439603126
547776711
796523561
631754511
821175211
963770526
188036443
46894729
141274941
222321795
729983915
67269481
281680102
877597621
699059961
740530343
138054979
529118581
148664061
177757921
613348176
618587599
328066197
240201113
655356787
194655305
164291931
623939905
61014841
839000841
802339361
348659389
47385263
513727058
429139841
546585771
332595841
267055389
344949834
985402041
888627569
721809437
565138241
888795846
345720329
583998441
206328188
162172991
980659471
733243439
526715157
325083633
658183883
233275261
820830031
91260239
594956241
500253397
368373333
805535736
661228281
52390101
344513317
767072425
860553163
614662405
356780813
189294857
7341135
828939544
626855201
396237626
880551465
710378261
397980683
616273929
69844693
960216021
701196961
571194441
673478481
119422311
218459985
555881495
561727514
575532417
97853537
545561231
703015721
962983369
179201488
119715760
246499983
606609761
64075337
533344916
806923033
78583823
171160001
119529130
790434029
269801706
76366540
319600965
527713817
427114051
918384382
675623769
778951177
425026531
399489053
250112399
835271409
224456908
514038517
830238977
440586391
505381001
523721629
173478893
362881979
877829733
924835328
375463776
931142651
133864196
181688188
219406033
638002665
421095430
291138531
612749123
136111091
466567199
210485711
415170641
343684035
249990805
413253657
3438794
984346429
610527051
491043511
762943101
824668687
246795854
108535552
913274251
953887927
118694382
158572901
159869469
929817701
423221457
496324469
485448589
736824613
176080461
233358561
749392391
945081329
19955465
373170609
861847681
182732753
614970301
246499983
300394914
701970589
446273815
927169580
963807097
190236401
357001851
959649731
571441453
881735425
611721309
579901417
40955881
244011855
500627757
850614627
203613017
382902386
729109895
686422576
909684941
279365961
164754476
529381526
214923041
793776268
95882057
327408501
594667102
56119857
791126045
979836581
828181930
495211741
276907745
622082621
637314363
123693001
922585433
443056765
813915361
697962761
882401599
459039501
627690784
695174091
925272167
275710841
385191301
184648227
646966675
671107521
760122721
576759242
174537201
641020907
474236515
416535343
905821581
542521569
737822657
845151896
915739197
838878459
495601545
623744911
466074127
280737500
212786772
681613369
66659203
7848589
332613509
109096025
341481757
920773936
668628765
830041873
86238406
933943106
402317289
952099681
522549250
865093728
647454345
593373477
214561539
939884939
699488429
234510155
310532673
430921261
384365181
528108577
704024145
315272681
663494837
462586330
59393857
9850409
850890387
162738501
2522176
829132233
875477293
370015201
787009207
87110109
796258571
694506379
873968797
484976008
161908967
613351845
281850801
435356185
862306654
404083220
28563705
511247477
475149645
68469737
487444971
500928143
442224886
173114893
574779209
403895597
317464340
398737441
281585285
805805477
792340848
686851317
374757226
530249321
749790136
530690636
384950663
954021789
939582901
933302607
268497466
915739197
393291085
503857217
678764569
780149801
106068261
79844367
872386742
548041181
605816191
731361959
101362086
807389567
217263649
292073507
839516923
658087901
772396733
155641109
259456675
678747537
544043996
924024234
385029359
28833605
864167113
976299841
920980829
812079521
831293280
500506171
563070916
682111554
239703021
502173125
872110261
536141845
334306961
142137221
418969473
197620071
213601751
546763471
769284581
336129099
632191081
741730901
852561361
892040932
2798666
592912041
216469817
606572761
342878161
309892905
754507761
503838433
957254163
231934947
804530628
506148181
257929669
727164936
133050579
762657358
145213573
259685350
167520626
457721325
759571360
725181639
613146853
236299627
650965777
513037359
162196553
372611877
400601456
23046953
505339016
121909817
19929341
718605842
849915138
227944671
993710281
741128301
602181326
762697161
493927751
948398859
921780638
136564641
582320117
89447507
537539299
577501170
455527491
164679079
687544669
132803315
735569741
234950635
754352438
484001306
614081329
519662325
971846411
506180001
884058155
673098018
280696241
529010571
349772077
913769567
547485357
540451365
541845761
463593421
543114897
15922925
823792301
347361101
81309806
674778689
350108844
719791265
711866849
292450852
875220391
453029118
371157977
849570701
590367617
336178506
780544803
155925937
105165542
550178701
983715326
753545771
601330545
623939905
917078905
647175271
723050189
909542401
651451775
678115499
147424631
472141861
602474365
80747901
753071937
972811413
679547808
600656997
948039497
991122523
231099855
923255642
339612852
130332841
172637505
745518521
619400996
58307318
513321396
380638043
87296261
177390787
18933389
522751385
964301571
459384505
89301457
859230241
662722527
43672025
506754343
734898971
298616626
269043834
732741501
394289886
950551011
462925599
464146713
429766201
399192949
463269833
200131959
574856745
552081610
717580581
814572305
893582505
644319109
473371470
100864751
805102651
582543641
733223521
764827971
132644671
739476306
221050209
812568073
487512867
181016003
757128388
960689201
916643877
22847091
959649731
238845053
555196776
727222421
497197601
642203349
27986533
684294667
402229713
320353980
460846161
756754801
773010751
255986876
627915483
981282760
482661348
555634991
213791461
214092823
144182443
549395806
604907677
122413487
118867925
790434029
825808613
435194465
247414305
252106849
574119333
467765933
253886816
202566655
319425626
822055386
788769137
917006031
370246475
249042117
914572705
794154073
54673453
394488105
175071771
406499685
118867925
223502041
6912057
299810127
581378521
352151485
266336229
482850939
637502451
817494029
359709306
164447599
294228281
768252737
117841481
393303301
617951301
761065047
750291039
851079754
688556479
315968349
365803577
385882388
422383575
442097471
642684469
860001357
237782549
246570043
441361481
590194323
59520685
337180341
739793065
666756511
643071501
598705703
634946937
150089121
212717667
167748609
253271253
773873563
791348643
224881557
512909611
185205441
165555798
40704401
388626560
797251259
79159587
73516817
548182101
496933149
239562033
757208533
322638001
765611831
906836180
514045755
515608021
942703891
727552153
184969073
298383901
127671108
339668257
648472216
422490901
114116263
582320117
420560905
598741877
971408289
781837026
663066813
356780813
100263721
779388114
267924968
780888355
969890761
776944146
769307213
480063151
716743681
625390112
644580225
199149139
847090877
140306537
600834695
200259868
928092248
351143945
494556243
26317645
85624185
997086029
214629037
304008385
458635081
247414305
30982649
648125111
54641333
197426516
880128511
201618445
775721853
201650773
537281167
593852449
519583491
153658465
988127265
924231966
709964165
135277157
588780171
650933301
783880989
173339790
505347673
676428293
109086378
504499704
807868035
540019748
578225747
757117907
27991097
626308797
814168376
171382335
465181913
479474241
114294491
114768307
193541341
28404285
443276151
395072448
654093025
118152125
308949326
919651953
524141841
182205981
463355617
49338881
661314700
755251388
828261907
453871013
822572751
879116038
381415369
320080657
278870762
993675151
495639951
608495580
383297031
90815887
290958001
242096104
188335797
989705117
954275113
560973715
429499407
831200371
724398551
770680877
202236441
124234887
324122769
490260049
595210831
422490901
853271509
120029495
791370985
279365439
420395809
135784971
584851199
10974072
137240073
220538497
112520614
131435089
386170280
350744410
52684721
682126703
295433095
427961331
491617055
382761281
457572691
922269575
753992253
791499877
179183861
520615884
699183461
405158881
949951557
541067635
955291401
493669962
200476072
23316073
959770751
629721489
401934127
712221973
767909785
175973361
769099506
789806041
867368549
411300809
746563343
294986897
704024145
734000793
609771624
162122503
402056449
221889347
185711176
796089261
346388901
782107877
580938233
81733441
873374048
594956241
431594391
453161034
675130731
883686755
834405676
450370026
546038897
969520905
431854847
664382833
346669251
761473911
1871501
737255959
270332755
417729181
528579115
23132804
395102093
91753365
