100000 100000
405 483
397 454
426 408
303 101
271 9
317 54
266 65
395 499
437 154
208 463
273 76
200 118
16 245
89 79
25 414
162 431
319 40
387 188
368 483
115 95
244 337
23 19
248 120
237 261
494 399
423 29
1 39
51 191
334 319
103 215
208 250
29 7
83 220
55 307
358 112
438 411
282 426
451 397
15 114
403 66
126 16
334 399
132 101
279 232
168 475
338 443
315 490
163 476
10 297
64 269
111 485
441 424
347 118
0 76
464 181
365 499
458 192
248 141
230 106
61 153
26 424
410 6
94 27
105 115
416 338
417 246
155 191
475 88
216 343
93 394
331 497
183 201
358 250
435 2
51 453
59 90
193 364
222 182
226 377
247 91
311 191
460 173
333 457
481 70
148 119
274 424
411 6
499 387
75 255
15 92
329 354
407 344
328 50
318 132
45 254
373 0
426 383
88 308
326 220
335 335
314 298
287 67
382 337
203 78
16 357
465 453
322 444
419 123
426 143
485 375
51 46
316 138
70 151
278 493
498 8
358 32
262 266
457 210
27 257
488 348
276 86
100 294
81 227
349 64
105 258
337 250
323 146
294 167
104 59
226 438
448 166
169 341
272 156
298 450
466 337
9 226
112 108
314 93
242 234
195 487
174 179
271 213
129 317
350 42
36 98
313 17
374 469
439 49
108 188
495 234
139 369
54 346
11 2
102 318
26 461
168 18
275 106
204 40
124 111
152 46
465 209
388 58
121 38
108 180
300 344
340 493
371 468
161 353
330 407
469 449
189 89
229 40
295 421
83 171
147 301
464 78
382 338
345 257
242 468
112 257
415 96
474 406
239 447
51 254
343 313
134 278
173 169
80 295
50 409
384 189
454 313
202 320
393 139
409 220
325 42
234 110
35 215
90 276
279 323
431 355
324 282
298 392
392 422
230 117
128 424
262 131
244 239
167 294
81 210
22 460
428 216
377 235
443 336
388 67
393 474
278 409
149 28
226 78
148 141
126 416
252 444
14 365
52 9
359 366
316 254
463 330
6 221
265 196
1 134
174 464
183 409
392 159
221 168
429 194
180 89
450 176
340 419
308 11
399 294
3 209
475 95
57 380
482 369
427 483
241 272
40 340
81 89
360 497
361 220
283 373
77 477
336 500
435 213
1 20
280 133
428 63
243 293
465 372
392 303
333 267
131 445
333 385
262 478
308 2
350 53
306 1
59 374
424 81
120 154
12 196
179 163
455 25
399 140
496 412
447 81
350 134
3 321
499 438
126 431
156 381
46 465
285 254
120 14
38 34
410 469
329 206
258 318
391 259
460 204
322 376
496 476
158 413
429 55
203 377
298 312
390 82
100 330
315 92
44 166
333 188
140 463
61 126
275 263
179 147
0 72
413 146
409 428
473 252
306 249
9 457
8 239
318 491
359 162
70 193
87 187
448 392
29 147
378 35
395 342
359 215
345 366
197 215
326 39
298 188
259 389
115 399
174 271
175 41
225 491
35 488
125 235
318 231
18 480
203 162
33 276
114 303
371 359
156 189
23 247
329 124
22 327
135 267
416 98
45 253
309 90
337 165
194 346
411 406
402 373
402 339
150 294
285 24
432 482
227 271
78 378
8 403
216 492
494 389
165 169
392 19
40 169
263 186
405 32
244 148
283 212
310 154
402 487
428 76
315 263
14 194
476 127
337 277
336 68
305 192
241 216
204 104
309 435
386 352
322 75
370 348
494 423
212 312
352 373
367 282
329 394
318 186
385 95
72 163
347 227
378 41
207 375
83 208
358 279
438 122
384 365
198 343
131 411
326 373
494 481
38 49
477 86
454 166
286 49
261 234
441 59
310 189
155 335
465 178
497 248
343 333
160 359
366 211
452 298
300 219
453 351
128 466
302 281
269 97
72 74
467 465
79 485
180 247
163 345
79 77
65 18
369 206
135 212
486 432
149 20
321 44
103 176
276 250
49 412
184 217
183 386
482 353
195 334
128 489
89 350
430 4
411 184
350 452
432 488
427 406
123 325
264 371
17 80
290 487
339 6
91 466
92 131
129 341
290 387
13 346
406 465
314 142
128 335
234 429
442 82
401 290
431 169
332 266
364 32
483 370
300 101
251 272
479 203
99 158
310 327
405 388
205 402
408 421
380 3
26 28
477 494
461 311
79 254
124 487
31 16
111 404
357 55
456 80
61 217
366 232
397 430
465 88
121 204
167 356
302 170
94 427
407 52
216 247
342 352
293 67
236 295
160 482
60 107
0 225
28 371
488 1
117 215
308 135
151 52
215 82
359 373
475 256
475 161
300 261
147 217
137 112
140 201
0 441
135 495
440 76
126 293
171 269
443 352
425 217
394 78
278 323
129 476
60 210
190 44
79 440
461 478
223 409
274 367
210 355
162 124
233 100
235 172
193 369
48 122
332 331
382 379
36 274
173 112
291 346
428 448
466 215
241 46
311 57
0 41
204 340
271 167
30 346
62 66
266 25
179 343
168 393
421 407
257 56
134 47
407 224
137 76
31 44
365 385
369 451
384 107
248 315
374 38
170 124
100 107
30 374
389 400
57 82
112 429
445 95
393 432
132 440
323 233
172 59
361 271
270 314
224 428
365 181
396 87
260 126
481 98
76 256
416 255
54 11
69 91
313 358
15 269
264 1
335 101
267 201
256 176
380 439
284 236
150 194
244 309
318 82
134 482
372 29
221 131
308 396
406 404
383 306
234 450
19 4
403 33
153 400
344 226
308 67
139 195
281 498
104 415
238 34
443 379
250 141
131 147
14 55
427 250
491 333
295 480
467 230
336 148
35 368
230 374
10 59
16 79
78 273
28 242
66 359
27 318
478 140
175 0
122 495
82 173
494 13
491 449
155 264
255 330
71 420
87 46
22 208
352 312
359 286
321 482
242 329
277 116
86 225
22 7
18 437
268 239
420 300
339 222
323 408
216 76
122 240
110 51
251 175
358 462
249 293
293 183
63 129
270 90
246 398
319 66
496 422
242 235
248 179
84 179
109 375
294 184
490 297
45 433
357 351
277 433
471 49
110 112
159 299
35 44
95 287
352 227
6 389
418 410
254 485
287 73
35 67
48 69
424 240
86 401
27 66
235 151
476 287
362 352
298 116
54 171
14 16
342 318
424 260
170 207
73 217
222 344
353 265
50 370
189 482
11 232
405 142
458 454
275 25
14 227
431 388
261 19
448 26
16 210
206 100
174 143
350 453
491 392
152 200
160 462
28 410
451 98
61 52
445 10
17 65
129 55
211 40
68 387
74 84
165 6
264 386
440 90
229 347
487 61
494 310
151 237
246 397
214 140
23 459
312 384
134 319
95 186
78 282
22 383
324 271
483 464
456 349
261 154
355 313
78 415
50 5
114 20
120 35
161 247
115 70
73 35
301 89
215 271
75 330
326 90
366 320
25 382
296 118
334 294
189 268
47 234
39 378
398 119
97 106
168 93
335 25
247 474
327 82
385 124
300 405
366 443
94 187
124 106
206 114
473 54
71 173
475 396
233 138
235 283
345 209
106 110
117 467
246 120
316 336
186 200
496 371
304 398
180 94
4 404
157 98
435 133
218 482
227 176
412 116
294 39
316 259
43 369
274 430
101 58
495 121
471 324
106 208
283 401
350 233
288 414
27 259
135 78
52 410
289 169
63 371
209 241
392 202
88 419
469 358
443 452
106 286
138 2
273 163
366 176
276 259
41 222
443 349
444 96
158 295
52 275
374 447
63 346
58 69
164 384
282 481
128 305
217 67
349 199
460 400
170 50
210 441
337 19
216 146
96 225
377 115
325 310
149 250
54 206
3 335
21 459
341 6
117 221
169 122
386 460
357 1
147 437
353 44
39 171
368 400
397 57
53 148
26 214
76 378
148 290
418 140
306 348
299 412
256 253
476 341
414 271
446 437
91 249
87 188
451 7
96 271
356 447
248 361
102 463
147 225
242 440
339 355
468 388
353 21
473 60
497 276
239 172
176 186
186 223
208 396
156 59
463 94
427 203
41 372
139 266
270 101
200 2
81 230
419 361
352 458
13 24
491 57
10 397
61 144
248 498
400 40
298 317
247 482
416 389
467 407
318 27
305 176
123 84
266 17
41 95
109 492
100 497
365 217
359 25
496 394
114 141
224 1
268 287
238 394
416 207
461 123
50 30
154 99
102 288
69 153
11 57
497 67
184 252
350 206
83 80
17 203
323 159
481 258
340 173
433 246
106 92
272 66
161 441
443 459
200 471
399 341
103 16
20 24
289 290
449 98
261 169
62 65
341 353
413 419
120 219
395 453
116 465
324 485
247 479
466 24
318 491
490 47
260 473
42 391
114 377
51 149
290 297
434 73
150 232
111 310
245 10
86 348
221 162
148 476
265 260
6 64
7 435
212 9
347 369
60 98
417 157
153 258
149 148
303 360
341 115
346 358
62 288
18 332
38 86
409 262
83 216
12 345
317 128
391 178
395 352
4 385
426 268
281 334
293 41
186 70
385 98
417 476
237 306
39 288
116 485
128 406
355 369
210 395
202 194
219 77
403 361
163 427
248 124
311 164
230 424
365 33
271 241
12 389
141 302
256 77
152 214
139 178
312 307
338 90
358 317
137 113
70 462
402 97
99 111
284 176
181 167
354 87
343 144
421 496
219 132
30 10
495 67
463 270
325 399
69 403
319 187
179 352
217 208
386 168
47 499
6 221
487 396
153 229
96 406
52 37
219 15
41 153
189 319
14 158
114 107
427 430
173 374
185 403
230 451
365 352
391 242
463 150
186 143
160 199
314 466
123 78
382 449
341 95
430 254
233 240
71 394
395 400
413 354
288 367
414 270
376 361
177 420
377 345
403 36
234 206
317 485
403 478
232 104
428 72
69 484
25 374
251 167
363 39
131 451
354 283
76 438
117 209
75 498
202 141
480 396
450 77
164 214
22 27
225 25
258 455
89 443
396 57
9 81
37 205
297 128
446 338
289 210
473 103
465 104
208 464
175 491
138 55
183 297
145 306
19 255
305 333
432 494
452 333
389 468
231 140
217 464
479 369
203 41
302 111
122 73
357 164
345 185
275 320
68 196
37 223
414 293
469 293
182 317
199 386
486 272
313 382
309 274
251 0
356 94
282 374
373 19
426 263
86 234
395 356
48 170
445 91
308 314
299 213
36 64
63 286
359 201
330 268
261 172
349 202
479 434
24 45
108 450
265 80
176 315
144 210
137 15
172 495
128 459
428 471
481 82
364 132
423 237
298 456
64 75
327 347
167 45
339 243
365 303
466 61
7 132
223 127
149 135
455 342
272 170
53 410
493 430
136 52
245 314
317 261
292 297
81 104
480 288
44 161
500 297
59 270
112 64
18 100
357 33
102 449
258 164
66 371
187 289
55 279
326 116
19 288
496 127
463 235
120 464
148 63
249 239
201 435
319 341
102 265
150 265
327 494
207 136
67 146
190 123
200 43
169 49
414 24
272 421
170 19
275 266
131 20
493 228
365 148
405 331
372 148
247 241
370 101
422 185
326 238
352 317
402 60
281 68
200 206
239 63
484 112
470 398
305 485
344 207
21 284
302 243
254 403
351 58
96 396
106 112
116 112
98 131
355 148
53 340
139 85
60 186
475 386
144 234
74 386
343 131
404 87
470 144
129 374
421 370
416 362
218 82
405 458
358 404
432 283
374 255
98 36
389 311
366 445
83 81
383 168
331 162
115 96
295 379
162 18
270 160
180 267
295 384
212 32
88 230
279 261
478 128
488 202
100 25
175 223
94 496
21 77
273 50
232 190
91 374
232 446
200 29
54 298
363 56
209 192
222 52
323 277
124 455
254 14
462 397
369 55
344 81
391 476
183 343
318 110
408 419
30 395
99 355
487 345
473 194
144 479
25 477
263 220
157 143
144 202
445 392
393 276
469 191
486 464
489 244
281 42
46 211
281 468
373 497
374 14
306 266
382 275
222 377
379 471
372 86
53 23
224 393
117 247
352 208
147 49
41 432
188 87
327 256
460 172
133 223
41 221
66 490
131 193
385 328
374 340
375 353
435 244
89 45
277 105
7 352
29 13
295 194
5 185
59 445
355 186
240 275
498 252
294 367
373 485
75 441
375 55
487 265
463 176
15 5
290 373
234 225
492 334
212 258
88 307
43 16
257 63
97 446
220 295
297 221
472 456
124 465
432 106
145 480
124 156
344 6
44 56
6 397
394 378
320 66
371 398
376 282
472 474
143 312
117 392
479 156
189 120
93 166
92 378
171 152
218 493
186 308
101 160
259 256
289 44
161 355
431 200
337 46
120 51
305 191
451 38
220 23
383 343
366 479
407 270
209 362
55 375
402 282
372 219
25 196
62 406
355 326
497 44
170 328
45 195
67 495
470 482
264 6
16 361
231 221
334 110
123 258
467 67
495 398
67 341
401 451
307 21
355 372
391 432
348 136
321 28
43 76
482 137
106 285
392 255
401 434
367 57
434 145
232 69
57 349
75 484
145 131
372 82
495 116
163 115
12 204
84 362
262 96
75 391
417 198
4 330
492 272
315 258
164 130
255 173
487 462
386 89
124 222
266 334
237 279
198 251
186 423
38 231
164 335
363 442
110 50
262 302
213 211
348 215
184 213
456 287
283 328
473 268
300 63
440 402
108 306
148 472
191 429
402 365
321 77
342 137
72 27
134 342
419 123
79 353
470 303
398 218
337 62
388 158
22 195
104 363
56 495
277 304
351 203
329 421
138 106
394 442
364 96
299 473
217 73
194 20
443 106
257 417
401 81
435 146
232 489
45 169
373 186
293 180
234 105
178 302
385 360
266 283
2 378
252 249
289 233
146 224
131 417
494 219
296 267
367 422
203 89
480 450
20 406
330 436
48 38
399 335
271 72
422 110
37 96
200 299
93 58
412 457
20 335
102 440
120 147
77 377
436 107
160 34
51 6
248 48
201 36
266 230
405 288
278 178
46 68
428 431
6 152
463 274
319 11
368 479
456 223
40 119
443 247
314 100
209 478
303 270
18 10
301 33
393 50
76 95
340 444
186 154
131 366
436 142
76 125
70 142
391 439
109 470
87 314
315 470
376 350
293 237
443 315
118 305
443 275
1 202
182 467
71 48
80 177
425 378
412 131
79 403
138 13
369 354
315 353
201 43
217 395
267 421
312 352
310 11
62 254
30 388
26 150
479 211
42 425
311 443
333 454
199 445
169 221
448 157
445 419
154 22
81 496
394 257
351 72
397 288
484 384
229 363
161 442
35 94
82 74
310 248
479 168
92 83
284 296
274 304
454 412
22 188
170 383
144 2
190 386
140 154
405 71
348 12
201 213
488 114
117 48
180 404
143 313
369 65
3 103
392 292
409 346
253 343
461 277
261 443
323 94
45 222
127 103
26 407
138 82
481 377
178 223
428 445
108 363
190 24
143 500
352 430
360 92
422 351
292 488
80 209
66 87
24 216
288 367
296 205
254 403
323 444
27 431
132 273
211 113
376 184
472 244
431 344
277 460
123 341
332 415
478 462
297 68
446 114
343 201
308 124
497 88
434 329
273 168
156 485
244 186
246 478
89 456
351 411
40 313
471 239
338 361
235 129
334 443
51 80
181 164
0 174
242 179
443 354
296 252
245 110
137 425
99 72
382 287
119 100
12 385
105 392
206 363
449 255
376 24
391 63
369 71
223 210
36 344
422 395
227 237
484 116
344 289
108 439
296 28
22 156
346 475
73 200
371 348
316 99
396 67
200 471
151 358
60 355
361 41
295 362
158 99
173 331
96 211
485 360
35 475
271 498
124 269
332 429
226 373
234 126
425 221
293 176
356 119
309 326
209 138
310 99
13 289
214 370
102 386
428 128
247 254
181 145
55 488
365 320
415 270
324 405
174 175
5 201
227 240
20 159
232 467
144 12
386 36
138 98
34 162
108 258
314 108
238 395
100 220
84 390
52 162
271 26
296 182
5 288
370 88
352 182
274 127
416 96
131 491
1 364
342 55
419 262
204 381
49 23
238 162
374 133
290 356
164 206
60 171
86 13
75 247
216 478
344 243
489 341
446 377
156 79
132 363
437 175
313 471
340 470
467 87
53 246
351 360
35 24
288 218
91 100
377 115
331 242
409 47
251 124
181 3
137 78
368 470
463 370
399 245
188 119
176 371
146 224
162 149
169 356
395 99
238 84
440 36
47 426
97 396
361 287
264 320
384 404
113 194
224 401
221 449
283 130
194 48
75 21
257 139
329 287
143 64
445 78
497 174
241 499
171 292
3 346
239 54
153 201
402 61
235 215
157 151
8 175
300 211
175 261
35 407
75 283
166 350
463 414
246 289
298 171
173 52
2 310
365 6
446 372
5 398
88 486
59 478
410 340
445 110
427 288
184 490
20 191
196 335
292 409
342 279
459 184
215 397
359 406
365 232
494 293
497 315
98 387
13 244
130 178
441 19
32 19
336 440
402 345
226 207
10 480
81 114
270 188
186 89
158 284
337 261
196 305
363 150
468 380
113 204
87 341
483 278
222 490
40 312
336 437
327 461
451 66
227 246
428 430
77 453
496 168
267 186
220 421
59 211
236 194
27 334
411 349
392 234
269 349
76 7
353 36
133 256
109 84
370 423
18 346
256 193
452 49
1 43
71 219
211 260
341 488
131 70
402 388
457 116
191 110
252 33
175 124
390 413
233 169
105 331
491 330
485 413
100 463
174 300
365 86
22 234
144 240
444 285
95 40
231 427
256 311
388 56
321 401
369 85
402 259
438 372
298 51
148 169
262 330
338 173
326 272
44 54
151 467
251 423
283 11
481 355
400 337
241 485
195 387
382 60
188 125
192 102
481 139
436 388
257 369
173 104
480 101
243 238
319 9
267 83
54 344
449 122
484 450
472 490
281 288
82 138
228 199
461 340
29 246
482 495
164 419
24 82
278 175
331 134
266 305
332 428
264 323
318 148
332 89
461 392
59 160
300 451
191 153
60 38
59 447
323 50
302 492
145 483
219 494
318 199
68 410
242 250
384 280
3 179
406 123
14 490
40 108
136 124
406 247
364 126
322 114
110 272
398 158
189 116
250 394
367 443
483 444
430 476
48 90
436 252
488 124
306 171
195 125
463 469
108 80
41 389
147 359
25 322
306 19
390 467
420 270
118 100
285 248
369 117
220 376
25 252
154 225
275 134
300 148
4 110
241 184
55 362
280 348
223 118
219 52
183 65
264 305
296 89
123 196
286 277
223 192
122 455
391 99
196 70
419 318
94 132
497 210
60 286
36 198
338 35
295 384
106 488
269 284
270 399
158 139
86 291
63 362
214 289
433 395
130 454
379 316
279 362
211 376
387 348
490 442
46 289
471 81
128 29
59 189
305 166
190 144
339 8
95 461
204 341
17 246
20 441
220 350
496 390
23 258
195 341
90 197
78 265
220 358
406 182
61 279
109 320
35 247
58 352
468 475
263 242
317 141
386 129
142 7
193 195
203 345
416 262
493 243
178 450
281 33
401 210
124 167
138 338
145 112
193 186
231 424
286 402
271 226
45 318
79 421
351 103
298 101
132 491
375 345
331 180
241 431
20 472
165 78
390 54
240 243
413 71
133 354
485 492
478 311
364 398
262 315
197 266
284 248
369 100
133 100
393 63
317 313
412 262
136 209
294 128
187 99
424 492
386 329
214 4
390 120
171 376
34 477
242 410
20 201
138 174
246 71
167 190
488 403
469 66
215 47
175 203
111 249
495 171
379 292
426 499
489 63
74 205
243 448
495 99
115 65
471 18
173 24
278 61
329 139
33 458
59 163
452 332
102 494
392 493
346 447
149 298
151 34
129 432
474 256
53 459
156 354
232 335
307 273
14 414
430 188
495 213
386 230
135 11
483 126
426 498
359 222
104 200
282 81
498 117
437 146
294 60
445 407
340 443
428 114
13 275
500 49
227 291
447 462
330 221
192 455
332 79
234 492
338 68
428 171
371 282
140 316
26 314
113 277
207 32
428 366
346 445
201 407
493 205
124 62
343 188
52 115
430 171
308 468
189 288
453 149
190 253
210 186
144 97
156 13
445 300
252 119
204 410
256 390
224 272
335 392
450 298
89 351
199 121
114 423
261 445
270 383
163 353
493 28
306 234
66 60
451 394
428 95
33 38
375 457
277 55
499 44
68 393
42 146
277 305
355 457
281 198
498 488
43 499
357 435
339 91
156 364
299 270
182 181
341 80
357 499
341 204
267 327
54 315
307 434
333 27
88 453
185 40
426 318
89 130
475 96
101 426
460 368
364 477
443 385
341 49
173 190
336 105
278 352
409 343
96 484
91 78
238 2
194 347
239 181
295 451
347 387
355 390
25 68
365 248
153 149
178 284
77 154
143 117
38 101
25 336
135 451
83 329
185 494
96 369
471 123
50 451
192 261
181 453
196 153
49 324
24 161
9 67
130 65
305 434
61 394
131 451
256 246
101 284
12 114
420 146
126 378
427 180
257 100
389 305
190 120
56 115
270 5
239 415
85 284
198 438
70 500
257 488
128 453
481 260
474 119
355 28
11 477
58 62
383 427
428 253
472 493
469 57
355 256
486 195
414 230
497 276
179 136
314 151
208 4
357 426
55 389
479 486
369 108
194 186
29 462
82 346
188 371
497 410
344 473
485 2
308 185
98 160
23 96
360 121
448 432
442 110
466 352
51 359
23 139
413 458
160 11
285 377
451 315
267 195
479 395
270 310
320 220
320 110
498 244
464 72
181 211
302 107
490 13
380 307
91 11
360 174
159 24
405 420
96 75
414 449
95 251
124 27
426 33
4 257
188 463
238 59
255 98
46 31
90 179
256 463
125 490
222 418
298 193
415 416
102 97
474 151
203 39
133 80
349 199
379 163
442 70
51 25
132 156
125 387
308 285
400 338
238 116
453 246
134 110
245 259
319 294
146 482
395 235
31 287
401 291
449 364
108 257
146 286
229 338
431 34
308 54
143 465
198 213
455 456
340 128
233 492
341 229
309 388
366 372
194 421
195 310
368 14
388 437
139 435
101 417
55 327
499 148
94 424
71 206
15 70
34 156
379 266
456 431
496 17
221 217
437 390
488 94
483 45
460 254
54 239
88 102
87 95
245 101
425 483
500 183
406 312
416 225
221 198
109 182
99 307
333 156
445 136
81 218
491 64
176 493
490 406
493 71
89 474
422 438
290 436
217 474
444 28
110 264
427 30
214 185
288 421
261 317
404 460
111 315
44 373
166 303
496 304
335 431
14 52
115 424
184 261
305 480
429 72
362 387
495 399
115 61
141 310
90 116
467 344
341 271
3 50
395 448
491 410
273 363
49 97
143 78
135 313
98 286
357 409
5 467
101 266
168 218
276 435
257 371
237 480
432 153
45 454
444 66
52 320
35 305
473 459
320 363
102 240
470 135
190 14
36 301
361 464
34 420
311 77
221 219
448 369
403 476
48 458
446 101
353 166
353 192
150 447
377 144
38 111
362 348
352 447
251 302
458 314
298 275
171 19
76 90
154 183
296 16
450 393
80 277
244 211
478 186
430 226
177 303
431 19
178 133
400 133
160 428
418 44
246 457
445 39
218 193
216 143
308 415
45 28
149 259
326 2
389 138
267 161
144 166
50 128
188 247
135 299
272 405
227 233
290 381
345 83
23 242
178 374
437 116
159 93
30 411
321 326
170 171
376 258
334 87
89 233
216 396
196 203
311 290
355 206
97 294
234 279
207 261
168 215
325 342
419 349
410 173
257 30
156 301
113 308
477 138
3 253
278 433
226 24
22 32
189 151
495 180
305 500
115 384
243 461
335 480
61 97
394 494
240 496
365 280
78 133
6 466
126 31
479 462
254 450
481 75
428 72
281 497
298 326
239 77
243 480
77 261
412 449
480 281
431 139
143 170
485 318
205 87
283 420
472 457
415 238
5 315
28 496
474 222
102 56
433 201
176 465
249 360
397 399
30 447
483 145
37 481
244 208
197 65
287 242
385 316
53 393
308 413
329 348
246 48
315 457
8 378
365 21
198 312
210 176
416 159
57 113
375 408
199 306
173 88
23 102
49 247
422 262
32 53
392 423
185 227
179 26
421 370
60 416
123 474
332 318
459 75
170 374
173 14
122 147
240 386
2 369
499 388
322 368
109 186
145 57
449 478
16 125
351 170
149 361
33 365
9 465
125 459
497 349
144 143
446 283
143 399
200 225
481 251
240 455
456 463
203 344
389 447
158 486
340 395
3 324
237 351
250 404
310 441
335 36
391 410
110 191
413 127
10 400
14 303
75 59
400 371
233 165
248 207
293 133
238 3
180 266
55 463
373 65
267 473
206 158
387 405
55 245
426 224
406 202
30 270
5 194
327 40
101 330
450 257
158 320
193 252
40 392
202 359
55 9
366 74
105 156
128 450
299 26
118 60
456 488
67 470
147 7
462 346
98 315
366 354
185 190
446 464
191 250
153 118
5 473
63 36
277 201
344 90
472 298
329 497
430 323
147 298
323 370
422 418
58 405
106 166
62 6
297 227
372 239
130 136
422 161
423 492
387 247
184 363
238 346
69 50
497 197
439 414
305 434
186 348
243 140
13 429
438 462
391 115
284 479
210 159
72 270
367 403
485 94
489 244
330 411
90 339
231 203
101 467
114 422
192 332
24 233
192 117
336 9
143 16
232 476
80 224
31 293
87 351
248 113
483 10
179 243
296 146
102 321
172 479
393 33
367 413
62 497
109 6
314 42
483 438
465 320
345 109
196 169
138 35
275 43
361 488
112 396
204 33
83 102
349 287
247 236
59 150
281 130
45 412
313 86
457 463
397 149
65 275
107 84
324 168
430 114
492 123
324 44
396 283
500 229
50 206
462 61
170 280
101 255
26 444
264 209
404 453
74 437
435 162
421 116
59 489
346 82
101 481
400 157
14 164
20 273
477 453
299 16
22 447
3 350
371 493
339 132
5 197
209 345
403 189
339 1
326 315
158 424
13 4
25 281
295 119
431 163
478 71
294 358
448 388
93 252
89 482
158 190
72 460
417 3
121 39
325 383
141 418
341 270
269 226
142 374
67 467
301 288
199 169
415 141
68 307
282 245
280 445
495 419
134 188
139 133
276 400
168 440
234 198
258 97
30 64
132 493
197 55
429 213
171 5
75 123
234 499
403 252
404 477
454 453
46 468
312 236
132 473
283 308
111 110
471 395
132 135
273 20
279 268
86 155
192 113
254 150
338 318
484 202
429 259
375 79
380 495
251 2
431 135
428 169
283 133
353 341
302 373
439 183
452 1
252 83
158 33
123 77
161 322
383 229
32 451
464 97
223 491
158 331
188 101
406 264
206 151
108 452
271 58
231 301
333 484
347 35
138 67
315 417
144 135
400 489
431 8
157 427
417 301
237 4
432 231
272 261
487 389
466 162
406 486
499 170
118 429
81 11
132 493
130 392
285 184
211 309
137 201
26 234
340 417
17 318
49 498
154 254
137 466
284 500
320 454
126 493
303 243
157 21
183 273
175 119
428 466
484 23
13 418
185 244
309 295
353 209
122 337
382 250
217 417
140 140
178 404
75 140
17 218
70 481
88 79
344 410
65 210
256 172
202 127
421 414
64 485
370 338
448 33
329 104
294 375
451 15
447 411
223 438
226 170
377 197
77 327
136 432
57 51
458 54
308 292
59 50
416 355
196 36
198 288
238 481
211 435
179 487
298 341
491 36
311 296
44 2
345 341
268 183
141 429
415 250
167 329
19 461
211 97
296 170
83 363
359 123
478 278
365 233
31 31
434 374
58 463
344 322
311 241
157 342
16 101
378 364
495 198
53 433
134 293
41 399
496 447
334 416
291 20
401 464
101 409
344 230
266 168
422 443
119 259
204 292
22 189
148 18
72 135
436 146
200 328
414 5
367 390
51 256
97 107
59 26
59 381
280 332
237 281
96 17
348 170
413 122
234 480
4 350
132 248
419 256
320 264
144 468
130 466
250 8
402 103
159 489
79 98
240 50
449 332
80 18
137 146
361 87
421 118
499 251
132 425
144 329
483 60
266 416
224 375
144 423
133 122
482 321
395 240
311 263
285 255
442 145
213 356
219 484
49 20
79 353
227 395
185 161
498 52
245 384
250 95
483 188
33 9
43 84
199 412
92 191
154 7
440 69
406 151
326 95
39 114
324 45
237 244
57 283
255 199
220 163
0 273
286 360
56 463
121 306
130 403
74 450
334 224
481 14
295 212
116 323
369 136
265 273
139 471
115 74
484 477
7 481
373 411
454 406
101 250
88 84
155 85
225 138
449 492
46 230
482 243
379 398
180 149
85 111
15 29
161 422
87 339
155 323
479 396
63 393
156 328
172 41
252 419
447 373
211 315
220 410
198 471
174 297
13 355
155 184
77 473
251 359
332 455
225 310
159 426
43 189
334 9
55 473
2 433
48 310
366 402
473 292
188 7
263 451
270 92
309 266
496 29
100 413
237 290
425 409
307 11
357 304
192 378
465 254
241 192
417 389
499 165
49 295
374 371
1 100
411 17
68 74
199 437
445 214
424 63
468 217
341 263
400 342
18 261
198 211
322 257
417 378
470 16
93 250
28 479
468 131
298 120
282 223
10 294
110 65
39 307
269 61
496 345
328 353
106 170
353 40
112 379
274 455
407 78
36 355
220 328
187 198
487 482
137 251
94 80
445 456
418 125
474 171
41 65
213 209
263 52
115 337
397 145
7 46
397 304
140 109
482 383
236 456
293 317
227 158
24 139
354 39
263 71
31 146
310 209
218 207
96 363
350 49
452 363
6 159
38 386
436 188
321 61
9 108
259 133
17 247
137 290
52 479
451 390
241 98
454 266
301 415
65 431
347 249
441 152
177 461
483 46
2 143
225 496
384 456
322 332
54 269
359 27
85 168
213 92
312 14
377 7
98 199
254 359
320 81
165 88
124 410
237 208
228 227
384 343
393 219
212 250
117 412
158 300
40 55
58 363
385 217
154 202
120 177
18 150
245 393
291 336
166 55
426 449
124 114
38 184
17 259
361 6
340 35
251 449
26 203
238 182
268 143
10 94
157 373
17 37
264 491
447 334
303 149
247 332
392 495
165 9
390 289
293 454
207 330
193 408
179 432
297 66
123 429
67 59
23 205
409 315
283 145
208 294
275 297
280 457
63 203
337 413
455 269
429 235
168 254
321 425
401 228
260 41
303 247
273 76
48 57
223 167
152 154
475 317
6 259
92 145
419 467
459 293
313 212
493 15
353 376
95 394
420 220
403 141
375 315
444 362
22 450
397 227
318 428
363 177
497 77
316 382
301 12
361 330
359 240
101 419
419 250
166 265
414 31
76 29
337 354
237 283
137 32
389 108
105 418
16 347
48 191
235 73
60 485
95 361
7 232
273 306
153 122
214 420
305 232
69 463
60 253
43 235
309 388
16 40
348 469
359 8
363 306
474 227
218 390
171 181
253 442
496 129
272 133
323 15
164 116
76 237
472 157
346 267
163 129
456 312
69 480
239 47
57 308
50 38
381 228
11 261
419 87
33 162
402 396
255 46
172 350
317 92
355 190
279 416
275 457
37 81
82 226
429 389
353 433
124 433
290 446
343 489
417 157
28 163
466 238
101 86
469 209
34 320
283 68
88 328
360 107
283 430
448 344
196 83
489 337
442 409
140 147
73 108
36 74
490 400
323 479
417 24
445 337
69 348
86 276
76 426
138 382
455 450
94 372
442 428
74 82
66 194
191 167
314 119
102 364
387 158
449 435
420 500
268 161
440 366
407 202
345 140
213 439
161 215
322 70
37 451
98 439
237 402
394 114
228 121
97 481
473 140
431 136
330 208
151 107
255 348
129 137
494 78
387 73
242 196
198 188
78 361
436 84
150 495
88 215
277 0
119 266
2 108
258 47
292 484
308 238
175 327
414 161
94 45
313 14
246 257
326 455
23 342
33 79
478 486
450 268
150 412
53 203
204 347
392 383
366 66
373 425
498 384
83 193
392 132
85 407
474 452
379 498
473 226
282 369
354 288
107 218
96 462
498 147
397 309
413 297
498 334
244 479
58 498
145 183
141 414
245 75
62 365
113 194
42 75
493 224
321 38
247 220
32 216
324 59
322 483
219 459
459 67
356 142
483 49
192 371
491 374
430 218
199 16
120 159
394 288
229 271
480 209
343 439
457 477
282 396
30 71
24 408
150 168
304 188
480 3
498 164
143 348
167 153
385 182
362 286
81 375
146 183
44 344
295 470
11 428
496 371
32 215
279 69
63 11
356 204
254 444
481 245
106 248
302 157
195 403
194 154
289 326
317 6
187 120
431 134
407 67
479 128
493 341
174 383
464 92
443 374
490 84
62 127
383 201
388 320
195 277
315 132
498 456
132 328
7 114
62 468
251 67
174 243
104 295
498 35
6 57
35 121
127 422
15 349
34 192
190 167
245 313
165 242
46 494
26 108
297 304
69 476
0 125
357 499
453 256
431 62
93 97
207 479
227 314
1 446
482 494
457 188
117 420
232 137
252 148
8 196
40 461
23 289
297 53
469 375
91 164
89 300
162 426
312 24
0 486
214 132
78 90
495 144
204 321
278 454
19 439
116 299
491 499
189 171
262 432
76 426
422 425
434 245
366 319
358 416
295 497
106 324
241 40
359 136
302 439
132 403
137 494
183 355
427 485
121 69
390 460
263 303
101 17
478 169
381 293
327 33
388 36
243 176
476 127
269 398
132 428
355 50
482 375
111 262
346 41
219 170
9 208
272 119
300 293
36 369
482 61
366 57
337 322
209 356
29 490
318 221
383 423
341 371
90 404
417 0
349 132
355 122
361 387
305 441
79 100
486 43
55 295
42 14
484 107
354 67
233 201
294 201
114 72
391 384
368 256
492 256
101 473
409 405
393 86
236 481
261 109
148 314
121 434
125 448
440 58
162 87
69 245
387 41
265 367
37 431
87 34
467 238
70 263
155 355
271 425
297 333
488 156
94 271
368 316
107 229
429 235
437 228
249 86
362 500
314 303
244 107
311 347
323 5
62 217
245 431
495 374
83 471
167 377
231 16
344 349
417 233
377 95
9 398
488 449
142 355
78 427
63 337
127 264
477 456
347 281
380 172
319 289
448 85
330 253
366 180
12 354
142 230
451 280
180 337
289 231
173 272
469 76
12 476
266 349
104 376
330 155
317 52
428 284
60 437
492 278
301 165
366 209
426 327
427 437
84 271
80 269
15 337
414 148
410 209
488 354
383 230
474 217
223 262
77 419
40 293
166 364
4 156
202 455
89 14
389 79
29 447
222 480
163 468
195 212
422 113
191 488
491 402
111 254
86 494
350 407
170 157
120 251
167 368
263 422
335 155
223 355
66 388
262 266
266 316
38 110
363 169
13 205
337 115
444 331
491 494
258 263
330 321
169 30
242 85
166 125
177 307
443 339
480 80
337 254
94 305
275 483
276 264
373 465
110 276
354 292
453 335
29 10
480 329
73 250
252 0
224 7
106 41
144 130
124 196
236 83
267 458
201 3
411 361
145 133
206 143
42 320
492 78
428 95
140 25
434 446
348 495
231 443
252 253
420 127
262 311
218 454
268 180
244 201
12 153
72 171
147 313
288 201
421 158
260 143
449 284
71 37
267 107
487 291
265 448
463 314
369 209
37 425
234 222
210 193
491 27
233 484
332 422
498 81
322 162
389 7
284 335
246 485
185 286
36 136
497 401
166 82
445 488
138 293
392 498
294 455
303 336
496 388
102 499
323 217
395 182
450 285
263 349
78 210
272 168
47 70
181 333
256 164
61 491
321 365
291 203
466 109
494 51
159 295
384 497
25 480
59 368
88 6
289 345
441 111
110 47
177 469
49 286
416 147
200 123
384 241
40 125
499 472
264 414
465 344
405 202
325 27
14 138
191 221
490 289
97 494
211 224
21 420
174 300
51 369
14 436
114 292
478 457
207 188
313 114
114 324
181 98
191 135
100 368
45 460
457 470
140 24
409 319
157 235
389 311
105 321
282 211
16 0
194 65
208 65
181 20
345 92
426 190
189 115
8 62
427 239
334 332
414 7
466 143
160 311
139 180
282 183
77 385
298 281
248 219
439 94
90 331
83 365
237 89
418 170
314 257
141 418
221 25
459 437
419 87
481 222
34 287
180 89
154 89
148 149
264 98
293 86
22 305
345 249
275 477
456 428
457 145
281 414
52 448
294 98
402 379
426 47
407 216
406 89
491 313
124 41
448 259
334 340
45 145
445 482
222 213
499 291
427 234
172 245
328 63
251 86
302 67
315 457
300 137
108 337
378 282
493 483
324 334
8 6
363 460
239 113
291 129
156 249
89 480
442 132
80 242
247 155
362 108
429 162
188 38
37 220
82 190
383 166
182 275
317 130
332 446
183 180
173 357
157 30
107 103
123 95
114 124
342 242
186 289
145 349
272 99
372 153
447 482
62 163
413 64
178 98
66 495
480 265
100 294
286 41
381 216
83 24
186 111
203 137
189 32
446 463
218 13
35 302
68 482
91 315
455 192
239 197
481 385
178 475
17 7
392 400
389 211
203 117
318 216
240 182
103 229
449 494
252 40
418 54
497 154
303 392
125 443
493 38
217 274
238 199
20 151
11 209
489 141
28 316
223 4
135 128
339 337
244 216
42 222
172 205
123 408
38 312
247 383
77 340
90 172
111 51
252 302
416 370
434 93
250 451
391 247
242 104
495 186
208 123
372 346
218 44
59 268
122 303
161 282
119 347
332 99
191 191
303 15
273 410
423 38
121 402
223 138
143 49
437 199
308 356
435 95
334 19
72 111
423 274
209 424
281 36
153 254
35 427
475 478
408 122
82 80
270 481
204 272
359 356
12 309
65 109
385 234
412 295
471 429
9 265
104 98
211 225
413 165
455 293
84 119
278 176
206 468
319 109
244 403
96 161
64 112
351 161
440 428
139 363
352 1
147 403
103 123
208 207
341 349
391 44
67 22
318 429
475 149
289 57
368 432
70 356
479 25
490 9
55 278
74 338
310 94
176 388
316 133
105 13
134 444
106 166
259 265
349 18
442 168
73 22
164 24
395 66
131 224
287 15
348 375
287 225
347 182
248 311
440 289
431 155
199 333
148 76
101 327
301 19
421 250
30 165
13 396
69 353
86 487
326 195
260 39
384 405
356 476
190 350
366 140
487 117
105 231
310 83
97 347
208 195
145 403
420 330
434 489
436 341
491 300
112 46
54 459
95 289
272 20
229 55
235 342
71 252
232 206
59 410
3 300
330 216
307 293
209 251
335 407
112 303
206 487
110 5
481 328
145 182
36 384
280 216
250 189
322 60
399 149
56 12
401 215
363 364
255 200
160 379
0 328
209 295
301 411
286 66
185 353
190 52
301 206
73 115
264 234
392 143
48 248
230 48
277 444
261 456
217 197
20 383
246 192
108 102
179 295
210 278
347 417
462 4
276 51
107 245
352 337
69 487
415 270
249 66
307 374
94 327
409 479
63 467
185 78
473 356
185 1
263 71
488 29
96 26
258 310
256 492
428 226
315 89
81 165
29 55
372 192
474 327
62 417
174 147
465 279
271 456
108 465
145 62
176 361
117 425
35 193
371 240
292 200
192 255
325 471
219 130
74 179
148 135
197 192
445 279
228 21
233 361
274 15
116 351
18 14
235 246
458 400
192 369
476 226
288 472
135 1
324 168
22 419
243 51
264 138
467 343
440 169
69 334
248 254
209 70
294 248
152 393
464 56
3 125
207 97
209 175
410 270
441 309
388 499
445 470
179 225
124 183
466 226
50 190
407 187
319 309
365 16
332 322
293 433
492 478
263 23
113 384
168 411
33 116
223 56
416 412
141 279
496 397
136 232
354 243
31 80
371 435
54 308
335 105
499 35
226 336
221 218
418 78
37 410
497 459
144 168
469 494
394 217
220 459
482 133
15 255
408 456
139 70
31 350
253 69
256 312
23 296
227 171
66 326
429 98
294 452
499 57
6 79
78 403
305 471
245 77
334 372
143 163
187 481
494 72
333 206
402 134
191 248
86 296
314 401
362 257
448 275
392 212
380 434
355 8
441 439
189 444
269 221
173 326
6 386
433 187
423 294
167 378
364 371
43 162
480 310
163 145
498 481
190 345
241 3
207 165
329 417
155 261
272 365
235 188
86 473
37 19
55 220
178 429
500 331
221 241
216 297
73 253
307 55
330 428
249 455
355 123
482 378
357 23
327 149
280 342
317 143
42 480
123 154
46 466
50 498
31 50
116 405
385 19
455 143
283 337
372 179
299 305
377 326
436 229
95 232
153 188
158 239
167 301
364 435
396 152
198 431
170 411
272 176
137 310
452 319
212 390
25 327
471 42
135 498
36 433
30 147
280 133
101 353
39 260
475 435
267 148
39 127
477 215
84 290
499 414
394 286
147 263
237 416
493 122
312 128
323 69
296 492
331 39
7 455
436 227
145 486
355 422
68 119
155 265
151 417
314 333
105 131
46 340
44 354
383 291
192 357
8 157
327 35
212 396
476 109
285 245
30 347
272 87
283 121
348 310
391 110
252 419
386 113
340 61
68 290
137 133
493 120
135 3
36 233
77 326
198 469
318 293
486 294
422 341
300 317
151 258
461 30
200 443
412 273
175 353
77 346
476 408
416 303
201 48
227 181
406 334
250 176
472 346
245 281
478 33
281 448
325 208
242 438
91 425
477 454
200 198
389 381
430 389
417 337
149 241
294 48
344 335
23 236
127 102
204 429
357 140
258 264
81 42
289 270
59 161
386 48
360 479
123 111
179 178
77 62
384 180
279 164
445 327
193 329
251 146
462 491
242 287
412 377
457 322
256 103
333 116
130 94
258 114
13 442
372 130
234 482
282 55
156 104
175 353
226 173
21 335
449 85
238 441
358 177
400 237
475 372
291 202
245 172
0 353
38 95
370 23
491 144
407 490
218 458
86 307
270 136
275 120
208 19
364 5
242 491
113 340
63 66
142 72
469 385
358 172
240 114
495 32
247 128
311 342
386 83
433 105
64 318
28 55
497 389
55 34
447 498
218 118
28 336
391 338
129 215
458 152
199 12
34 495
316 413
415 323
466 266
204 475
187 35
215 201
137 233
23 57
102 96
66 154
470 465
190 201
383 120
232 340
48 343
256 194
142 451
313 389
91 208
217 359
197 304
255 408
255 133
208 186
169 40
278 90
467 182
497 87
318 326
86 281
73 41
500 479
281 460
81 199
345 112
169 10
378 227
221 406
490 34
90 104
66 108
337 408
322 406
193 250
373 217
247 379
268 120
326 453
423 496
384 288
32 341
305 70
107 108
484 387
356 150
232 62
73 339
326 109
173 263
365 261
49 266
56 220
139 402
170 397
228 382
388 199
93 16
95 53
133 135
24 109
418 116
471 348
418 407
251 431
409 3
76 41
457 287
463 443
406 185
231 297
6 67
39 332
319 474
396 21
360 9
130 20
467 33
35 169
196 143
119 9
365 213
218 428
135 63
7 431
55 207
461 131
213 151
484 52
232 152
364 148
402 0
283 29
330 321
368 109
47 169
91 2
117 228
272 264
480 485
74 399
217 30
268 94
176 4
241 67
220 129
445 237
296 27
257 378
154 289
383 18
466 356
243 406
240 315
221 476
66 264
85 422
415 300
196 118
453 266
404 432
51 206
211 383
227 297
305 475
0 114
379 370
80 211
433 167
132 429
31 252
324 11
274 96
128 157
99 443
238 142
419 319
83 476
486 392
483 141
83 75
487 350
418 416
97 260
190 246
168 108
432 428
45 471
112 60
420 389
142 192
379 416
260 339
214 56
311 294
276 300
497 107
367 128
234 230
401 432
342 494
251 350
188 37
55 104
484 416
389 83
329 317
301 406
205 187
225 241
23 81
187 72
234 227
218 228
227 42
163 344
103 32
107 204
288 14
378 329
163 251
351 84
5 335
80 254
212 163
426 360
170 203
320 365
81 116
102 461
152 167
406 206
357 391
47 331
471 317
438 388
312 86
246 124
463 15
103 405
13 148
83 466
50 483
138 142
428 412
2 232
160 150
148 313
219 76
62 291
77 469
480 1
208 477
197 58
85 403
138 455
305 43
135 311
20 76
44 476
362 128
310 325
17 442
128 407
193 44
211 106
4 236
374 319
221 197
148 196
349 96
482 96
318 124
350 375
117 0
217 439
199 370
198 2
428 289
2 294
81 342
65 269
417 412
323 200
346 173
21 77
367 481
181 447
429 116
177 211
158 417
11 88
21 106
300 5
331 407
255 270
334 401
185 372
202 2
392 289
115 390
51 27
186 208
201 420
281 28
379 500
40 399
92 346
3 374
107 95
152 184
63 379
403 470
132 410
16 470
397 203
295 340
257 322
17 320
93 204
389 88
371 128
217 84
221 218
275 475
291 45
450 25
174 78
155 189
254 476
417 235
12 64
88 417
181 93
462 485
141 363
344 329
457 171
192 38
287 485
280 42
211 105
145 407
72 72
329 56
158 292
187 78
327 383
216 315
68 403
409 192
349 64
98 289
55 259
366 365
398 82
450 47
370 291
494 107
36 226
326 390
261 429
321 455
331 371
258 281
214 390
358 5
16 432
305 470
138 407
55 415
21 420
278 256
311 4
314 475
145 124
325 421
3 424
427 249
341 469
188 498
363 112
5 406
241 125
17 101
235 325
156 354
334 322
343 122
123 40
274 358
119 0
291 360
70 225
355 213
363 428
313 220
85 26
139 209
394 317
474 312
202 298
337 181
223 253
114 41
257 64
443 433
131 431
156 278
68 119
499 177
336 53
104 221
156 378
432 347
413 209
422 293
72 289
467 163
448 75
227 495
314 149
234 415
4 217
137 82
426 333
255 422
131 171
125 234
34 481
297 108
339 234
469 80
344 378
87 490
214 224
188 75
187 12
142 171
58 435
156 137
289 23
387 400
318 73
379 425
497 94
391 124
292 237
175 39
389 188
498 278
290 353
367 138
373 458
333 197
132 163
206 486
308 257
402 7
196 351
261 295
229 223
338 473
484 216
332 163
217 305
352 181
447 486
500 278
487 145
23 176
116 296
419 26
308 320
60 340
349 293
484 218
170 377
284 377
461 210
101 95
482 33
495 186
442 400
186 110
287 151
381 442
37 380
386 466
237 390
353 475
346 450
217 344
490 417
133 228
89 483
393 238
473 500
493 432
325 331
463 313
251 35
262 100
399 107
39 127
158 358
411 153
444 198
361 52
10 119
82 53
423 282
181 128
248 240
440 359
185 254
108 220
454 42
354 341
1 312
69 175
93 470
55 216
333 265
428 271
309 477
118 80
421 291
388 58
279 74
474 498
388 414
302 189
294 112
58 225
305 352
354 101
496 23
404 331
98 263
35 430
315 494
138 107
332 189
327 404
389 188
442 422
114 8
494 41
209 404
481 78
232 493
153 329
476 325
418 148
368 288
458 93
2 399
388 433
265 225
406 240
309 156
458 397
288 5
461 365
492 415
13 477
213 179
147 303
71 407
15 411
356 292
350 34
103 219
428 191
413 164
176 463
196 436
331 99
21 337
86 124
155 442
320 113
222 118
261 399
351 476
116 452
432 186
265 40
474 364
366 153
217 211
155 459
243 130
104 1
369 62
17 13
203 220
13 16
29 129
114 212
309 68
491 299
456 0
157 11
72 450
445 485
379 259
244 114
431 86
291 479
36 35
143 111
111 322
404 442
10 243
28 352
49 56
442 229
433 497
301 312
317 160
161 293
114 35
315 198
152 57
68 460
192 49
304 427
80 0
499 277
499 445
453 409
358 351
257 470
311 253
378 316
416 364
291 79
405 46
72 389
428 228
54 477
408 151
475 71
0 213
330 55
434 67
375 151
86 451
25 392
433 41
182 490
46 238
130 197
269 489
360 177
355 154
329 312
450 61
83 54
415 315
313 260
332 26
327 130
469 189
138 379
7 16
223 267
50 391
329 204
130 437
17 387
276 9
189 320
279 360
242 403
347 150
153 294
169 181
418 363
260 330
248 184
180 459
389 191
126 146
162 156
383 493
409 413
274 19
427 129
279 475
77 50
25 240
155 195
146 150
143 341
107 91
253 240
250 174
236 174
47 91
383 53
51 84
69 93
85 58
193 311
213 463
53 367
474 125
331 192
219 497
64 382
338 112
30 76
209 174
241 498
269 183
211 89
459 225
238 18
317 36
229 339
251 6
213 245
90 288
271 266
337 299
364 283
468 126
301 189
101 464
78 209
497 337
382 271
163 318
476 331
185 328
492 291
127 459
50 22
380 457
426 242
117 6
252 119
200 15
357 393
230 197
144 348
98 495
134 365
128 43
307 353
108 498
140 228
239 154
149 478
72 30
166 445
251 439
8 130
496 178
196 475
249 323
337 100
394 457
241 460
349 476
375 138
151 221
193 9
74 158
45 377
84 491
240 252
420 210
308 302
130 95
24 475
207 308
36 435
165 243
59 415
478 227
294 416
22 498
348 70
490 228
250 40
500 128
421 494
336 400
5 435
195 31
471 36
180 399
458 261
377 5
455 468
269 196
141 242
68 105
498 337
109 126
458 428
316 356
98 383
98 283
459 146
328 430
413 7
76 156
12 162
118 22
483 380
486 309
90 138
451 63
219 150
262 324
371 56
368 143
173 99
294 374
22 291
234 468
20 369
133 354
356 201
379 67
223 394
125 491
161 1
221 420
477 427
68 367
399 83
23 204
380 8
123 279
236 148
409 456
18 1
464 450
171 290
387 277
138 427
391 383
403 276
183 469
302 26
211 181
128 481
72 71
390 341
230 471
340 403
370 148
167 176
152 49
219 30
412 402
469 50
290 306
278 41
380 86
410 219
296 408
217 478
475 366
32 320
297 308
175 490
482 47
253 123
73 157
417 136
177 285
442 434
308 91
394 349
263 425
99 354
324 461
64 362
409 486
91 414
112 396
467 50
64 431
308 173
247 27
57 424
75 486
287 118
213 60
12 345
78 39
259 13
91 275
71 32
4 165
209 75
199 12
281 100
270 1
164 378
441 40
472 273
68 394
76 246
493 425
246 336
269 105
345 290
206 125
208 232
132 275
120 248
106 278
179 459
62 463
39 39
452 435
98 479
83 394
186 2
185 334
192 261
107 439
336 413
168 13
294 216
218 234
161 88
499 496
183 181
389 339
294 25
42 95
426 117
205 11
11 464
168 340
286 193
475 96
274 372
186 372
375 44
83 244
439 221
31 175
284 213
178 395
309 182
258 322
262 53
274 238
197 398
117 426
55 2
304 247
43 350
227 362
301 373
302 130
288 331
383 480
180 396
352 119
114 424
0 172
362 275
417 398
223 220
451 225
193 282
403 208
338 183
216 51
113 144
49 45
488 165
500 428
60 438
272 168
301 333
389 442
496 478
2 251
102 75
310 27
54 18
384 299
496 123
225 355
442 452
402 25
31 106
481 313
238 355
238 133
455 224
387 228
17 402
193 181
373 390
131 432
151 49
103 129
202 178
149 245
173 112
233 160
364 360
466 317
255 374
260 231
197 81
30 149
147 95
234 328
427 385
238 64
304 211
153 71
208 20
165 368
80 262
206 368
242 428
376 160
131 85
31 356
44 440
480 56
195 130
489 368
155 483
465 360
186 54
0 288
325 46
239 244
73 55
357 490
407 401
463 60
7 345
470 42
391 138
265 6
13 312
123 112
337 263
411 324
140 45
224 441
294 171
13 410
338 54
451 62
88 352
113 2
387 68
286 249
221 459
193 415
219 498
79 30
111 234
400 159
419 240
307 232
249 304
460 441
273 366
36 338
79 476
126 360
21 120
473 26
298 70
177 122
414 212
173 383
497 223
128 497
445 261
220 195
239 266
405 361
445 413
242 458
333 432
239 115
14 414
49 44
214 277
151 489
118 418
11 136
270 136
198 406
113 33
115 378
209 186
465 103
367 304
396 322
218 309
19 354
10 170
485 30
342 22
415 79
294 113
343 210
424 88
453 149
499 23
195 35
72 19
275 265
147 36
484 51
341 489
372 456
330 280
98 199
274 470
261 85
383 141
262 307
119 119
60 64
435 174
128 349
132 128
339 341
344 164
294 373
84 37
450 225
146 23
57 396
415 273
338 257
383 194
151 136
119 343
118 177
233 401
243 62
382 357
175 176
413 495
371 247
252 255
495 356
317 328
182 19
376 255
486 409
315 80
372 183
15 433
476 81
68 459
315 276
353 188
136 453
158 303
73 109
248 109
484 135
384 492
486 75
316 270
70 412
52 17
146 225
390 138
235 244
255 402
394 128
156 453
274 405
227 391
393 128
241 241
172 342
153 491
31 44
284 416
169 456
58 126
149 447
408 464
296 89
315 360
269 184
460 174
264 68
0 109
226 474
391 120
40 287
280 336
357 145
83 43
349 382
313 439
294 379
432 391
104 200
72 395
143 470
82 393
478 409
30 431
139 48
159 132
452 491
349 29
406 283
357 41
187 194
479 111
11 414
144 182
489 152
93 130
429 368
87 7
154 239
80 460
154 286
134 239
451 259
228 202
492 313
86 266
470 34
303 449
360 260
471 267
53 223
338 55
7 388
173 143
376 249
412 373
316 342
408 260
347 360
388 332
214 67
315 164
392 276
38 126
337 138
370 273
259 18
89 227
99 223
330 296
389 278
77 424
259 291
463 94
256 101
258 431
154 59
420 106
52 413
327 300
478 203
245 163
103 440
416 431
161 177
342 297
485 29
115 287
64 122
245 199
325 144
361 232
237 66
111 237
233 300
181 81
477 424
224 396
217 219
204 387
75 337
204 160
326 392
143 65
208 385
203 380
186 135
8 139
37 344
287 450
411 179
50 323
110 212
178 10
220 314
473 440
61 161
78 486
238 201
19 64
249 477
361 262
405 463
345 292
448 303
90 500
138 201
12 211
84 118
120 310
1 166
460 466
164 330
74 102
247 45
470 234
45 247
340 75
410 408
267 375
493 419
352 27
44 59
453 354
251 14
195 345
44 393
128 178
274 388
14 65
100 237
435 480
227 416
388 190
128 97
476 394
16 424
311 221
271 80
324 75
216 237
236 263
305 443
418 318
270 135
372 95
114 72
3 42
161 122
309 139
438 178
420 28
70 299
14 415
391 271
141 393
265 342
251 34
216 255
290 420
122 448
230 199
426 381
189 236
424 85
325 152
161 262
452 170
475 3
229 241
438 246
419 211
207 11
333 173
50 38
233 75
263 168
4 308
155 469
458 488
404 19
172 272
362 118
252 15
22 472
26 470
271 39
438 302
443 382
310 485
12 11
252 49
393 445
33 325
285 374
341 30
465 194
154 8
54 76
423 398
72 303
54 99
404 355
430 445
23 459
251 296
82 144
208 302
32 151
196 469
112 137
13 385
479 329
269 267
40 452
134 490
492 114
278 429
221 210
120 319
312 356
425 125
446 167
313 321
292 26
175 358
126 119
406 174
192 122
395 112
190 153
398 41
223 239
380 77
89 291
444 54
451 103
198 107
66 320
437 276
97 240
201 146
347 468
413 161
455 368
181 162
482 478
492 193
427 464
48 213
274 287
437 395
432 235
318 379
413 60
247 128
461 100
424 25
370 386
211 121
146 308
250 265
302 236
56 313
358 126
367 250
217 127
411 117
377 145
484 132
46 413
338 316
172 244
190 461
394 41
335 341
326 193
63 32
335 311
431 406
332 14
75 83
184 10
368 341
244 49
215 494
6 70
104 147
388 193
74 58
438 488
18 169
413 287
480 474
49 283
454 351
186 315
478 28
89 216
145 10
210 12
385 320
169 2
27 99
27 426
133 299
271 143
345 242
119 227
371 146
213 423
427 280
430 180
26 213
426 464
265 48
493 125
354 39
33 249
500 191
167 163
198 407
111 458
74 318
407 187
314 281
427 185
205 72
152 404
301 500
31 203
366 130
226 438
164 29
195 452
117 98
178 290
84 465
420 490
328 213
456 315
97 283
380 269
493 432
290 35
122 286
200 377
334 95
398 16
212 141
18 80
447 9
489 379
489 219
275 192
349 173
121 403
340 327
258 263
4 110
399 201
237 176
313 425
381 213
321 236
63 353
406 329
80 61
282 385
30 28
325 116
20 97
308 193
251 180
91 487
286 122
248 346
68 490
404 417
242 156
125 24
225 442
265 232
50 254
218 32
463 458
177 461
457 168
171 102
182 66
212 42
156 355
428 327
17 309
270 355
122 169
244 421
477 246
100 112
128 227
166 260
285 494
310 8
326 108
381 326
259 204
432 335
280 319
217 473
28 414
16 141
251 286
48 106
328 149
272 186
7 14
425 371
468 403
91 221
84 433
47 254
4 422
22 458
257 45
163 180
239 23
407 90
40 308
23 457
198 26
17 489
135 343
393 28
16 131
354 178
262 262
275 157
37 62
170 103
124 494
496 274
75 69
352 204
296 159
458 226
187 151
177 47
223 62
317 199
243 449
465 96
32 464
480 56
78 8
396 298
257 307
131 51
129 374
32 100
301 95
203 253
430 128
80 261
88 259
190 355
349 452
463 290
324 453
320 368
124 71
144 148
292 180
267 422
403 212
96 412
239 358
200 193
365 137
97 458
375 91
9 102
154 269
186 250
445 137
283 462
54 225
114 340
107 314
239 104
259 240
325 374
162 281
79 69
73 472
50 409
385 478
420 432
111 405
207 324
221 14
450 122
149 427
269 262
376 444
376 270
84 189
338 413
42 72
289 120
60 225
419 485
64 180
328 378
378 136
22 467
464 130
187 392
146 119
92 77
115 433
488 51
312 174
211 32
213 450
173 163
480 111
59 153
407 201
298 246
45 274
379 313
208 312
23 148
262 230
173 298
390 460
422 216
440 442
16 439
312 256
205 426
386 374
349 292
39 128
372 153
289 70
201 184
82 126
363 158
493 146
65 228
223 108
274 273
84 349
392 86
183 170
478 52
380 73
358 396
395 121
359 77
383 377
103 410
69 146
356 33
407 207
333 253
107 93
105 79
66 458
349 22
153 466
452 19
398 457
419 26
203 26
32 275
440 55
341 306
307 77
62 312
0 277
351 116
332 471
290 27
113 468
61 181
156 139
344 254
292 336
70 66
152 299
54 290
445 83
49 196
491 65
104 149
14 396
428 484
106 9
55 93
174 406
46 189
463 236
489 441
41 346
399 173
157 440
193 269
235 423
251 283
77 227
441 28
23 405
422 437
480 338
170 485
58 309
226 368
65 20
152 498
127 453
199 251
380 40
78 420
112 177
248 287
282 453
325 320
47 498
8 254
18 224
308 41
178 94
342 46
122 386
404 108
286 21
98 492
424 486
268 473
261 256
176 126
298 351
390 171
112 151
444 470
82 181
44 342
239 447
416 440
444 389
102 286
215 308
421 477
425 271
445 250
494 273
404 65
339 321
285 263
35 323
281 90
337 474
315 406
478 243
105 131
362 168
419 165
207 342
176 155
457 69
279 132
453 161
451 444
398 179
135 142
115 9
58 474
439 26
211 428
46 185
465 176
139 331
482 378
86 225
326 489
153 257
271 183
7 328
149 404
76 493
60 469
437 50
109 144
337 94
296 289
380 5
361 165
213 388
258 194
276 172
252 8
372 476
46 31
211 79
250 156
22 255
222 9
93 288
303 113
295 335
432 247
487 307
239 457
172 163
46 441
320 309
435 235
393 83
345 290
454 452
277 89
410 258
414 114
409 331
485 493
462 458
128 40
138 47
15 52
419 284
220 338
129 500
434 352
0 450
352 406
491 67
325 387
126 96
265 276
417 105
63 411
107 452
480 439
270 402
406 202
276 478
404 458
170 192
41 58
247 67
287 497
457 64
212 306
223 214
261 90
470 37
205 324
54 458
175 431
455 436
427 32
430 226
162 209
390 2
46 19
498 252
250 447
480 192
189 483
117 49
254 336
467 410
303 48
252 282
127 423
319 91
55 273
13 9
162 304
78 432
100 90
41 164
340 85
455 58
102 110
219 244
120 211
277 278
159 36
271 144
410 111
417 356
224 314
53 337
103 33
356 318
276 158
380 350
167 341
494 124
402 150
337 48
118 59
216 490
71 136
493 270
18 422
402 207
49 348
418 8
42 166
380 420
102 425
119 292
300 487
496 492
220 200
38 223
440 0
381 125
217 214
459 127
445 338
353 10
227 473
270 142
398 0
172 192
338 192
67 151
45 280
62 27
85 414
137 450
190 185
458 381
10 121
169 176
112 367
472 264
193 31
396 308
6 75
387 16
446 376
441 358
42 367
479 34
491 358
384 153
109 471
300 8
275 19
314 427
436 442
299 360
91 26
13 474
462 163
164 479
274 279
205 151
470 272
61 85
5 229
213 406
15 89
435 47
363 171
15 161
179 86
156 264
480 162
479 116
244 79
173 193
365 75
286 246
203 59
424 44
133 147
499 59
419 101
312 101
344 362
162 237
48 471
219 306
316 149
403 256
181 454
251 329
454 361
302 423
445 73
183 303
198 159
390 358
170 9
345 101
387 412
213 8
26 210
335 302
320 94
293 43
31 230
87 482
344 63
125 407
426 452
83 479
492 310
110 2
373 449
46 244
383 59
424 118
408 4
485 150
329 182
68 322
476 304
86 188
51 97
170 313
7 91
76 402
342 294
283 272
266 308
70 163
391 318
59 269
21 440
27 496
381 378
274 199
248 114
418 462
329 357
133 466
476 474
103 363
36 459
360 365
372 25
442 247
132 117
95 48
333 388
71 379
192 174
143 388
56 443
90 106
132 430
178 118
222 463
73 443
103 265
276 434
109 129
181 457
138 39
231 264
319 271
82 51
164 193
352 211
480 225
442 382
20 125
303 457
279 359
208 361
77 124
42 74
22 425
351 232
185 113
362 290
1 382
295 30
275 190
119 67
139 403
1 154
148 3
271 303
69 263
225 439
484 370
327 198
318 431
473 392
410 264
51 288
57 106
467 166
36 482
67 350
15 216
90 155
107 455
138 37
478 41
267 315
462 249
265 429
398 107
67 89
320 237
72 380
350 83
149 313
7 428
63 477
131 439
368 305
93 123
141 232
162 103
219 227
91 379
65 236
99 241
451 155
213 32
172 420
398 224
355 4
189 132
365 367
58 435
26 409
468 141
418 354
332 81
236 448
237 166
50 32
15 151
45 20
147 182
387 80
43 492
169 414
208 96
139 357
48 66
68 204
415 369
71 473
259 206
255 136
200 482
74 270
373 326
186 414
417 495
123 404
458 177
45 338
471 313
223 176
347 229
228 359
186 134
33 419
206 302
253 390
35 357
301 359
170 419
40 30
109 41
362 408
352 133
56 444
363 187
304 111
449 447
53 392
240 258
401 159
199 239
72 138
375 174
211 178
63 202
270 122
120 171
338 116
293 417
291 363
167 230
136 434
235 231
97 366
154 167
102 454
16 257
183 143
46 364
63 411
70 450
378 241
357 22
120 359
368 108
449 343
366 172
426 470
61 321
345 250
315 70
448 26
211 80
327 190
185 452
432 304
410 425
328 248
311 201
6 314
187 138
47 459
308 495
486 317
309 382
217 325
155 434
57 411
218 172
264 331
257 245
94 136
77 410
49 419
500 20
268 342
231 36
32 370
493 203
41 16
359 241
115 58
495 464
49 333
197 54
118 243
251 311
302 380
137 229
7 444
475 406
331 298
257 85
227 266
354 236
53 459
436 303
464 471
208 323
53 148
404 266
361 463
381 365
350 1
203 281
207 323
172 297
327 354
73 94
84 309
468 21
488 420
421 410
103 189
472 227
130 478
412 274
259 158
153 80
90 463
342 214
491 282
279 381
45 217
21 151
497 419
12 76
190 422
448 193
98 481
141 445
134 442
424 482
84 110
313 480
25 276
189 195
213 53
178 286
163 318
311 393
421 254
97 324
400 293
346 469
235 418
9 275
326 441
432 182
379 64
50 31
53 318
409 19
121 495
155 30
481 77
362 208
429 265
224 450
279 267
172 136
48 128
436 344
406 131
382 142
410 454
289 248
477 135
148 62
161 228
224 453
497 368
432 156
218 500
194 387
41 30
440 465
155 295
6 23
153 243
149 295
328 344
408 152
371 21
370 359
109 207
104 192
197 185
187 470
66 219
435 430
156 453
413 479
111 182
312 204
184 286
373 462
410 244
102 90
109 206
444 489
217 235
204 158
233 158
298 241
83 432
17 237
436 370
270 169
231 226
97 342
84 46
137 500
194 337
415 18
495 86
363 415
186 324
91 223
70 106
380 393
360 466
467 31
288 244
494 242
90 278
43 244
217 331
493 446
290 382
243 441
168 471
260 407
188 208
349 54
95 254
396 193
379 458
42 397
167 393
20 49
226 253
56 159
451 375
346 102
112 228
304 223
396 452
105 474
35 246
329 12
351 59
168 30
313 65
40 341
484 473
134 477
407 360
44 40
194 0
456 202
452 115
91 415
276 377
221 47
352 456
162 122
86 248
258 61
444 14
356 101
63 391
477 319
440 167
359 203
359 348
456 429
136 31
297 112
175 472
459 346
27 10
337 436
350 314
302 429
44 140
253 45
18 440
212 367
21 472
161 225
324 309
206 250
443 0
149 500
72 395
219 47
440 383
322 336
419 339
465 268
134 497
242 225
88 86
143 231
270 48
94 77
133 218
47 398
107 438
84 5
4 144
124 225
419 85
371 32
426 353
245 243
308 170
69 145
61 468
179 224
476 10
173 2
316 71
165 283
291 253
296 204
150 15
430 279
154 84
248 331
455 451
345 293
465 185
231 91
239 111
133 234
70 421
321 286
118 6
171 312
387 462
318 205
342 411
392 295
347 445
136 234
452 188
472 348
116 6
231 346
431 147
419 452
161 184
494 22
414 97
379 286
61 211
82 62
157 465
9 107
398 240
165 319
52 260
386 392
41 0
445 147
103 87
0 437
317 371
309 83
452 190
300 122
340 45
225 218
276 194
277 137
79 273
165 291
120 356
125 83
178 177
282 147
231 35
460 410
27 160
50 371
61 410
499 23
185 106
214 473
443 36
298 183
369 225
53 139
83 230
9 408
300 179
128 337
427 405
490 229
90 423
342 165
331 168
190 418
493 361
179 374
21 89
303 183
489 26
464 36
146 178
258 71
418 191
347 176
222 327
17 224
365 308
408 115
328 406
457 73
352 225
478 81
205 215
212 282
479 422
30 83
73 189
392 185
7 136
315 102
13 77
310 448
41 477
113 412
424 219
473 53
309 254
412 217
118 135
102 318
233 386
186 201
152 424
209 281
221 451
114 489
379 306
457 70
281 363
174 76
373 190
105 196
108 47
146 209
455 203
491 387
75 330
269 159
120 111
71 269
497 53
263 344
300 0
11 105
386 396
184 458
307 307
251 411
135 178
102 97
177 39
261 350
409 9
86 485
406 101
97 96
199 148
72 52
25 416
176 196
88 251
338 396
289 448
166 389
22 309
228 1
171 244
126 436
381 498
118 104
249 326
84 213
472 61
289 240
28 9
113 399
409 248
140 182
154 66
178 120
317 344
268 488
264 99
157 319
59 119
415 65
217 272
14 427
300 335
8 333
132 218
281 224
217 163
493 83
454 126
290 439
171 460
323 268
350 386
271 194
475 344
299 378
372 399
119 76
87 166
196 188
169 245
389 125
431 126
421 496
311 417
125 128
43 355
155 383
483 38
155 100
365 417
309 155
53 157
83 494
286 342
139 436
470 70
366 233
8 229
213 116
484 420
266 365
26 199
215 356
398 387
283 428
161 45
14 489
406 261
314 333
351 295
254 318
69 189
495 179
328 251
101 325
165 242
300 369
245 461
40 385
346 456
283 328
278 293
244 414
191 112
124 159
353 91
314 413
417 218
470 258
252 111
440 73
450 258
192 275
56 66
235 386
340 315
109 119
220 162
9 352
126 22
475 157
230 174
84 64
162 229
12 249
457 129
399 439
428 47
64 294
359 492
346 365
14 144
70 238
108 220
136 394
400 46
143 416
374 452
450 358
70 120
473 267
274 336
126 387
165 299
465 91
171 393
208 288
167 372
319 80
346 449
189 137
369 323
132 196
67 3
233 101
415 68
479 375
467 499
44 257
465 256
125 86
257 278
240 327
101 62
226 105
206 167
148 100
221 136
165 151
206 87
83 125
134 379
189 392
180 230
269 360
276 257
204 228
6 106
201 395
436 106
102 327
89 133
397 159
225 1
181 34
240 23
398 15
296 68
445 264
467 280
343 53
200 64
309 134
279 232
339 93
33 78
80 204
365 279
477 276
433 27
107 443
101 251
349 114
236 282
220 157
108 486
48 243
397 113
203 289
377 394
443 265
233 51
267 73
237 269
296 205
462 377
50 67
418 77
52 278
247 486
475 325
437 47
387 376
406 129
240 224
290 179
371 374
90 380
459 152
104 350
406 483
28 285
49 478
96 2
161 58
152 309
169 460
26 30
343 0
403 353
448 347
251 38
233 420
331 226
433 395
153 316
135 481
305 64
379 381
180 410
401 237
434 40
153 228
151 96
389 492
15 456
132 154
264 386
423 33
87 58
32 436
188 310
325 93
289 70
319 232
15 225
391 467
291 92
252 407
114 483
26 375
4 173
335 302
279 218
103 49
298 433
303 420
312 299
445 324
220 172
461 323
27 88
152 210
277 26
349 124
226 414
287 315
406 370
389 265
338 443
210 222
58 133
337 439
480 354
49 346
224 125
13 438
368 158
209 295
106 172
325 130
185 201
470 143
77 76
350 298
211 176
102 477
350 424
222 222
213 355
221 387
164 390
299 204
51 383
222 44
215 176
61 466
121 271
405 428
298 359
50 90
423 194
315 152
231 102
455 458
288 234
334 469
288 343
358 316
357 96
258 62
330 102
370 284
158 144
280 66
214 396
288 439
355 202
67 457
10 135
124 101
189 473
466 443
25 405
463 289
337 315
315 351
111 434
216 173
195 199
274 7
50 67
139 189
41 96
481 61
482 138
215 186
421 159
438 456
100 113
318 212
52 5
406 194
154 62
322 260
254 427
129 3
321 334
403 124
338 500
452 57
177 125
24 27
201 304
465 310
458 172
371 293
335 480
181 26
423 488
199 232
39 449
171 321
406 373
234 254
48 338
441 172
99 55
125 357
420 430
157 366
450 432
153 457
28 238
289 394
258 386
47 405
327 437
295 346
360 443
459 155
447 20
363 388
56 227
187 178
207 408
454 241
7 242
109 444
221 351
53 334
138 356
202 367
273 476
167 272
319 302
260 104
309 14
328 452
440 272
239 364
50 390
102 62
444 159
105 304
41 194
209 230
226 455
0 258
126 196
22 236
486 398
37 383
401 164
453 450
444 84
488 478
314 409
123 480
267 497
428 444
341 243
197 153
149 248
187 302
446 432
283 321
24 255
299 307
288 41
463 279
231 52
356 252
9 14
286 33
130 471
2 356
215 222
250 398
59 291
209 69
181 18
29 268
267 139
309 130
343 393
425 398
134 67
95 45
425 150
328 20
387 451
334 457
131 38
356 53
268 416
55 337
193 291
382 357
110 55
109 119
352 275
309 481
488 220
328 220
86 367
72 318
196 491
111 460
58 250
294 383
489 374
356 325
6 7
178 179
157 195
202 38
434 222
500 369
209 97
464 110
489 456
292 244
357 358
422 267
153 384
326 481
0 157
332 69
387 393
418 129
290 372
32 259
484 308
410 96
207 348
438 440
142 448
175 196
351 57
470 357
98 481
370 391
197 356
181 354
121 56
340 425
68 86
289 196
110 398
212 201
147 93
134 123
217 300
316 420
140 359
259 258
477 280
399 436
158 221
458 234
253 204
102 44
94 109
461 331
103 40
94 219
7 412
17 24
399 428
324 366
328 424
239 236
36 428
432 372
456 90
338 174
332 157
327 497
249 470
443 363
198 439
253 117
411 369
188 246
346 282
348 40
245 232
238 33
239 298
46 95
31 337
398 6
455 208
66 86
352 134
8 33
212 257
5 238
36 266
235 319
377 267
6 389
146 435
15 151
351 215
472 259
153 156
196 346
315 339
200 294
204 358
492 360
91 461
292 25
438 120
362 336
441 54
371 407
148 173
8 171
455 154
302 495
390 74
19 384
144 199
194 474
451 125
447 250
455 336
457 249
323 2
254 62
490 279
187 288
234 276
225 141
68 53
60 334
8 34
145 72
30 388
467 20
363 483
209 386
351 433
81 34
371 464
210 435
463 489
44 220
192 461
97 293
106 456
57 500
92 266
242 328
20 38
388 318
26 459
309 451
292 246
339 392
301 10
48 138
262 98
167 371
74 30
206 104
162 432
498 460
280 483
334 122
81 106
332 483
446 192
126 14
379 277
8 21
487 286
23 350
221 153
17 471
42 122
412 463
313 86
41 336
12 256
336 90
124 166
116 132
130 11
90 281
181 9
402 32
373 20
8 192
444 471
307 170
394 299
131 152
193 254
490 361
250 55
397 239
379 341
291 453
16 102
500 139
216 247
371 239
392 376
304 347
451 246
174 282
34 227
386 366
397 305
112 253
51 173
41 365
194 472
267 157
291 126
269 351
496 174
337 385
403 349
459 369
401 483
157 385
82 210
177 238
437 72
9 145
13 26
47 114
145 491
466 355
118 429
384 364
418 307
103 256
307 82
139 486
200 133
134 455
19 265
56 22
282 349
402 91
264 13
419 92
323 469
194 116
478 448
242 467
323 151
213 318
419 277
132 479
241 234
472 287
276 411
16 171
85 70
87 444
68 445
24 222
29 24
338 220
390 449
53 278
264 4
271 158
359 338
227 289
492 268
486 241
428 456
327 409
171 112
462 37
116 475
302 195
289 26
194 353
34 215
31 293
363 470
444 252
199 344
374 317
71 353
375 38
194 377
305 108
275 18
366 428
58 493
476 247
78 383
222 496
264 422
290 60
330 174
421 238
375 188
37 70
240 345
287 350
124 265
487 409
163 410
489 332
164 286
24 100
427 165
220 282
386 85
220 186
95 454
87 388
301 201
465 125
95 487
215 330
183 379
449 304
353 443
461 378
108 366
208 223
408 423
389 185
499 490
454 353
17 430
445 61
347 372
217 177
233 471
24 278
267 182
226 192
31 100
454 272
123 190
22 284
372 440
58 397
109 157
267 274
154 119
133 177
154 33
394 348
64 271
336 109
14 325
254 380
325 488
144 162
181 107
500 408
247 271
65 228
5 408
459 104
7 434
488 269
186 169
373 1
450 76
328 22
480 339
186 415
480 255
225 64
267 360
309 261
90 365
371 56
175 117
410 387
298 458
307 158
212 96
247 239
443 458
256 472
139 70
63 173
181 9
96 211
136 107
52 269
97 262
461 297
277 466
122 282
443 453
440 494
69 222
232 370
367 168
388 96
52 125
404 25
493 205
492 478
85 475
231 291
105 71
495 455
447 162
468 104
50 483
398 45
113 7
92 212
466 448
173 134
53 493
434 23
115 397
296 281
232 466
248 335
76 89
11 495
495 470
12 190
481 231
101 322
491 319
31 173
179 230
65 244
314 500
16 94
84 435
295 338
280 100
339 20
412 2
383 442
450 335
390 382
451 477
224 25
11 63
273 16
13 331
16 289
298 340
108 334
434 105
407 133
123 351
465 391
67 335
305 304
383 476
38 12
114 222
288 69
440 161
80 385
132 187
389 238
475 249
110 111
284 102
464 340
250 7
220 382
270 117
315 266
320 180
26 176
340 217
189 127
12 120
253 384
495 412
179 12
336 85
273 78
117 287
460 72
202 218
112 494
350 199
369 42
339 249
241 430
143 339
112 205
263 303
5 457
349 499
97 47
453 375
399 284
328 475
366 253
458 220
163 14
470 418
417 172
340 367
398 109
265 24
161 333
413 22
438 239
116 20
286 372
484 367
295 329
316 132
268 230
208 16
266 138
230 347
443 419
252 39
69 48
165 327
356 5
41 83
432 338
320 354
139 179
434 67
343 344
53 119
88 271
343 184
393 95
362 469
158 142
419 238
218 487
87 454
310 246
292 77
283 300
54 30
232 325
106 66
455 294
435 113
39 95
320 151
450 484
172 246
248 169
118 223
162 75
491 81
287 320
140 134
441 200
19 414
7 368
405 181
358 60
206 376
268 216
226 271
3 353
414 383
394 33
34 68
389 188
468 279
468 406
145 168
15 494
134 71
223 421
170 363
393 229
166 337
311 124
48 239
27 459
157 427
380 482
297 280
222 165
59 156
271 370
284 44
226 163
95 420
124 64
59 395
55 483
136 177
249 79
455 92
157 87
65 221
438 35
479 59
143 111
377 1
135 119
388 241
372 329
359 295
121 296
236 487
186 108
172 211
89 166
331 288
108 418
67 457
241 127
221 268
447 42
22 90
124 399
164 474
195 315
435 409
322 255
137 11
359 28
214 119
456 351
480 447
309 171
71 91
56 111
235 473
2 354
362 447
244 112
306 493
66 481
91 485
24 471
403 486
225 202
231 450
449 276
268 339
362 150
172 22
88 420
322 361
253 379
97 356
82 71
247 271
314 387
229 339
90 183
163 17
232 339
358 168
330 324
39 455
115 269
93 414
327 143
124 4
115 48
204 30
471 418
176 400
65 236
464 50
301 225
344 5
249 44
471 389
419 246
193 338
363 28
206 174
159 247
74 229
134 286
131 398
151 482
98 415
368 169
153 213
323 162
453 273
387 344
210 301
198 423
37 102
434 26
164 15
8 32
56 400
50 44
338 488
442 441
88 305
231 355
218 290
69 108
250 148
75 50
127 21
44 413
421 474
173 489
187 193
322 451
140 425
109 39
329 403
336 35
186 144
220 335
23 212
352 489
442 101
11 33
393 363
288 426
472 49
316 207
50 58
367 113
337 124
63 3
409 408
141 318
354 393
416 308
352 44
149 436
446 45
76 482
426 407
136 28
32 236
75 284
215 290
305 398
191 336
105 308
459 60
486 303
192 333
81 134
93 320
40 58
445 428
7 243
288 233
254 279
400 440
484 280
341 117
86 338
369 468
177 31
391 397
428 267
206 331
482 384
450 144
151 412
415 212
6 32
108 240
289 235
143 270
394 475
33 79
34 67
32 207
221 87
112 257
369 2
148 406
87 300
89 447
219 475
338 463
386 253
28 83
219 64
91 274
338 92
76 248
174 388
233 332
223 265
339 19
157 50
321 200
73 254
28 3
186 53
239 214
171 345
424 407
323 215
241 491
144 129
63 349
183 51
424 58
233 156
27 487
202 217
276 500
37 72
496 45
420 88
389 226
403 305
159 130
4 32
88 116
469 36
407 87
261 408
139 255
83 224
52 315
440 327
148 422
494 460
465 348
475 185
445 89
113 470
5 356
274 408
305 42
152 82
115 381
282 67
256 220
335 314
408 354
188 273
486 256
475 255
235 65
60 210
28 480
314 219
9 391
274 203
493 181
176 309
279 315
177 16
412 65
420 56
83 346
453 500
367 436
409 386
428 159
368 496
307 366
440 195
341 154
347 439
165 281
383 139
164 429
214 388
331 404
33 107
429 272
351 491
486 91
374 415
79 128
66 436
354 4
180 220
52 183
251 294
257 129
16 390
470 102
190 369
321 243
249 284
330 103
493 93
156 367
184 207
415 182
39 147
25 98
278 213
56 137
123 98
490 74
99 304
383 166
236 2
484 153
81 269
394 181
178 321
40 305
343 40
259 440
289 256
385 50
497 334
380 123
24 453
241 128
309 376
140 442
9 235
174 169
288 340
171 416
240 447
10 363
354 14
185 302
230 48
107 312
28 303
97 204
434 302
195 102
335 368
362 147
314 246
429 318
119 193
401 492
216 45
391 437
201 213
13 206
13 100
392 498
417 480
285 409
135 398
479 486
175 185
284 142
345 234
228 28
99 178
13 219
469 73
111 376
325 443
486 7
316 282
312 380
349 313
179 276
179 445
208 45
438 293
393 18
402 185
119 153
123 190
452 363
150 187
437 27
221 485
459 180
227 102
208 315
17 388
396 207
496 87
109 174
53 436
294 44
93 146
20 309
416 431
351 318
488 409
368 360
476 415
322 470
306 254
275 210
164 272
99 159
97 252
444 499
40 413
183 104
269 484
371 70
83 103
56 257
425 477
333 217
358 442
374 356
8 247
369 244
80 377
294 356
37 70
441 131
65 445
296 178
102 320
265 47
172 329
367 389
412 193
44 43
497 50
209 92
18 187
286 197
328 205
449 462
38 390
2 131
240 144
171 223
424 56
156 137
357 11
16 451
266 52
475 148
15 326
330 390
10 303
168 30
187 166
262 221
68 452
483 152
200 335
285 174
36 378
405 322
315 423
107 287
119 68
261 128
117 86
118 34
0 253
151 34
173 173
37 231
289 361
119 472
118 96
189 354
486 59
325 331
381 77
339 211
268 155
475 66
366 21
86 66
371 395
27 319
354 361
487 468
197 179
281 498
24 343
102 353
137 207
45 309
148 306
486 406
451 197
30 365
155 308
154 354
266 396
128 339
146 390
182 245
98 495
198 165
255 90
330 430
146 436
62 13
209 442
280 344
482 275
429 259
423 129
342 267
250 202
491 325
356 292
380 74
161 297
24 106
142 318
169 477
31 445
173 378
7 421
337 6
490 182
399 331
6 175
108 273
162 398
260 317
70 385
417 424
17 77
80 73
331 324
26 382
158 100
339 235
266 258
339 74
393 207
72 24
127 486
69 34
112 89
58 232
177 79
212 9
294 266
433 4
353 107
441 67
484 22
278 346
59 77
455 401
356 195
420 107
229 384
341 391
393 276
173 476
393 353
317 164
379 180
385 314
447 221
386 354
433 189
166 48
444 319
165 172
343 8
378 99
145 52
461 19
196 385
215 113
210 320
417 181
403 295
292 207
98 214
396 495
223 405
396 394
262 191
374 104
111 450
146 414
95 35
299 9
255 126
384 334
473 436
473 418
465 348
206 148
152 301
130 110
278 396
147 498
324 349
470 19
266 188
464 271
29 152
133 423
347 486
354 276
488 119
118 357
64 431
332 416
119 379
457 233
227 272
9 4
111 253
33 63
482 174
310 308
288 211
380 89
12 306
57 218
192 175
324 438
226 499
81 255
9 380
18 44
460 276
47 405
481 122
498 283
435 92
228 260
125 319
414 138
218 331
299 88
410 462
28 49
135 141
175 138
168 127
497 498
309 231
419 249
57 315
247 8
154 122
13 306
414 168
123 145
47 49
233 297
317 401
73 54
395 222
343 468
5 121
106 428
260 394
345 26
340 172
480 213
43 376
91 231
388 168
128 57
423 258
473 369
394 175
483 26
275 29
163 163
112 403
275 145
138 476
38 349
499 479
232 302
276 233
102 265
252 238
474 46
249 375
133 319
443 305
138 308
378 386
217 96
165 282
327 360
359 358
378 64
94 478
426 78
391 9
34 309
54 36
50 307
78 381
121 278
252 93
136 78
321 59
237 158
149 7
357 434
475 448
126 355
50 54
93 133
97 355
357 442
32 447
393 376
302 478
271 484
205 166
60 39
405 397
187 480
135 77
267 180
177 76
80 299
141 55
234 78
47 153
76 10
431 45
195 426
81 343
335 55
461 494
229 388
216 490
485 334
388 369
248 205
324 231
241 398
286 321
490 352
456 61
346 128
38 328
37 218
426 101
426 170
338 276
264 128
409 32
293 353
363 183
334 53
139 134
68 124
445 55
159 304
0 408
210 284
146 57
489 411
164 432
250 20
129 145
308 430
454 138
316 114
13 425
269 393
3 453
400 5
70 375
331 473
288 415
366 308
35 358
230 320
123 72
154 209
432 115
482 136
159 64
453 93
451 397
288 166
275 322
4 335
419 167
381 364
20 239
122 103
368 432
157 144
281 487
283 175
328 473
145 445
339 216
138 340
420 450
10 356
23 316
267 442
123 362
282 450
68 58
77 225
382 121
308 201
119 99
147 247
182 42
362 336
274 193
150 57
85 195
63 467
155 81
335 214
485 21
112 124
360 255
339 249
65 383
185 133
175 168
137 228
133 322
161 54
135 219
333 38
6 416
377 6
100 236
106 61
69 233
113 499
55 355
306 265
132 308
28 401
36 294
159 449
87 369
491 301
398 50
96 7
134 315
3 268
330 81
361 133
298 111
357 352
230 23
58 94
466 338
496 398
231 451
65 421
400 446
296 326
291 179
128 188
475 327
472 90
457 203
77 484
68 131
452 165
16 451
256 263
108 398
472 216
407 416
331 191
337 81
63 369
3 225
357 86
403 75
13 401
242 477
462 205
204 392
231 370
91 94
233 210
266 150
97 30
31 217
78 86
111 230
483 255
9 215
295 262
71 38
412 354
411 441
247 372
3 299
58 211
15 499
76 330
162 215
442 411
213 443
37 19
173 371
398 118
283 52
310 152
461 395
346 226
53 142
136 229
120 253
423 48
3 55
357 236
303 372
345 163
252 245
98 15
487 153
141 402
441 77
218 315
346 165
499 496
95 275
319 294
40 365
2 245
278 253
483 394
100 77
225 122
51 401
90 57
395 124
13 229
399 488
12 125
270 239
151 131
302 194
301 371
281 224
459 364
309 54
406 353
445 379
172 307
256 366
382 112
143 84
63 456
330 68
443 406
235 34
314 479
158 100
92 133
435 430
38 344
419 282
146 80
41 27
317 429
265 232
48 149
229 243
313 261
269 156
401 445
500 173
445 120
468 354
423 238
19 234
261 52
378 480
295 373
80 443
163 140
223 106
32 427
408 144
453 277
1 492
302 324
155 481
458 277
86 461
153 475
410 137
309 98
398 53
225 149
81 28
194 326
82 57
401 500
210 154
453 451
72 100
28 362
334 281
411 185
381 39
83 324
215 383
438 465
48 225
316 253
475 294
400 16
473 322
118 457
302 359
498 446
350 164
343 500
226 329
479 477
349 97
235 323
387 340
28 441
107 335
135 432
382 343
97 298
348 345
297 110
73 47
482 359
237 3
271 256
446 96
111 416
114 344
326 28
243 91
399 260
417 50
9 144
179 500
329 152
433 443
184 229
201 40
56 457
108 193
463 230
142 96
296 7
312 450
132 375
241 485
371 90
131 258
203 276
41 276
457 471
142 377
91 305
315 147
140 454
271 277
326 226
449 146
119 439
201 405
157 366
478 99
401 196
192 460
388 127
321 59
335 303
389 22
329 361
129 347
347 317
311 393
198 32
158 67
446 268
346 470
90 441
197 134
408 481
182 39
403 188
59 154
11 261
292 457
65 39
391 373
218 154
278 60
219 201
303 401
51 487
168 22
321 425
272 373
72 260
250 7
377 455
239 327
2 182
283 393
325 259
407 95
494 313
176 235
120 340
244 288
94 198
352 254
166 196
442 148
354 336
358 210
347 435
280 319
287 135
169 116
443 110
406 42
280 292
206 52
37 330
147 181
402 140
12 199
219 319
398 238
180 390
252 29
117 336
21 475
31 302
259 493
420 269
101 339
151 58
387 37
266 473
175 105
451 37
390 131
373 259
74 200
237 11
156 486
398 492
143 483
149 392
94 70
480 97
113 132
427 455
329 256
157 370
117 210
11 422
4 109
474 10
306 447
213 368
454 110
277 58
478 13
15 465
91 138
425 216
353 20
146 24
171 321
222 450
116 60
500 294
115 88
258 485
261 37
62 200
490 371
368 86
57 421
467 268
396 405
82 339
283 41
306 113
70 414
32 19
74 192
112 0
447 431
35 89
75 174
117 384
457 390
455 427
483 392
148 262
423 245
477 207
455 399
315 193
452 188
80 186
237 124
162 173
482 497
339 466
66 308
196 86
499 48
279 142
235 288
426 233
333 336
306 310
156 263
41 141
203 0
411 105
314 415
180 339
217 219
183 6
465 424
457 328
255 355
106 382
447 404
376 358
401 304
202 121
351 90
275 153
319 477
75 355
53 107
367 46
271 397
107 369
282 465
408 281
373 102
294 341
107 65
499 266
107 486
408 457
12 95
140 169
483 102
195 173
401 382
13 493
370 25
446 444
494 289
239 329
436 67
37 21
432 88
95 457
60 94
30 361
147 311
217 287
422 311
379 139
86 2
178 495
401 373
255 80
207 153
146 108
402 273
457 151
116 402
495 207
28 210
99 486
245 280
416 68
75 295
225 357
179 466
411 267
307 86
98 301
141 381
368 409
302 392
146 340
33 471
309 165
383 438
41 375
17 340
414 18
485 348
246 480
483 146
252 479
242 275
353 302
19 79
422 175
46 123
184 11
380 480
231 348
317 115
100 37
345 386
371 446
118 391
235 97
138 476
225 435
75 120
81 203
455 235
72 220
16 301
183 425
105 0
405 491
391 469
377 349
203 438
457 319
377 174
335 194
283 7
334 276
476 194
239 440
440 142
205 378
78 54
461 165
149 213
200 295
230 78
329 45
1 134
228 238
157 151
301 482
32 167
184 260
360 153
343 53
303 103
405 437
144 49
47 135
380 342
109 93
105 474
35 289
495 414
298 17
454 109
263 31
51 177
474 213
262 57
389 194
104 419
413 492
360 152
7 7
475 227
350 344
495 71
471 142
73 155
84 312
334 60
398 144
296 341
155 283
240 239
175 298
381 407
233 434
79 47
325 134
349 425
210 171
169 339
459 413
452 413
4 54
444 201
52 44
64 496
355 409
182 435
378 433
480 190
274 235
170 387
409 326
457 2
142 171
478 204
151 228
233 61
102 0
435 247
356 361
368 356
498 137
455 139
460 182
341 344
326 187
247 202
366 27
164 225
427 212
368 272
331 233
178 82
446 126
438 162
59 398
500 268
249 346
449 314
308 325
232 18
477 166
11 208
138 274
115 340
442 211
301 103
284 168
395 186
375 28
372 125
343 378
42 269
341 396
134 478
324 239
482 359
212 90
471 122
382 177
465 370
319 460
60 260
208 113
194 14
167 307
168 219
427 435
139 62
465 354
104 442
19 195
208 274
385 492
377 265
290 129
493 497
294 81
208 242
256 243
181 91
233 245
158 354
60 497
207 197
304 443
55 397
154 120
370 262
124 95
473 147
333 394
164 401
317 405
150 54
374 356
50 190
439 392
222 122
417 127
219 417
230 39
201 275
126 288
367 450
498 462
454 304
476 31
124 363
417 156
360 110
73 76
390 362
483 415
451 17
263 230
138 489
48 140
118 370
472 439
121 151
221 116
327 122
378 243
139 24
118 309
268 410
200 176
120 433
93 415
197 490
304 115
60 330
226 32
128 317
338 125
374 76
221 100
222 97
103 209
66 103
92 96
242 367
439 197
365 38
234 215
295 374
450 88
26 14
159 288
411 422
491 81
104 357
371 156
255 29
354 323
174 251
357 22
135 47
255 362
434 463
83 227
265 131
191 55
67 149
496 401
417 15
359 204
290 440
114 284
417 273
333 86
163 414
422 362
73 410
485 216
404 386
251 202
311 232
341 395
278 104
382 397
5 102
116 182
477 87
485 82
475 359
382 222
189 203
485 16
131 206
303 284
175 103
407 147
340 443
316 499
335 135
452 460
17 116
201 456
44 130
360 330
18 311
118 282
188 90
200 423
370 498
131 223
446 173
193 55
459 476
146 116
183 346
47 331
192 235
472 223
191 446
453 26
487 0
462 136
406 70
204 499
111 433
465 8
117 271
43 307
432 453
410 108
284 107
288 316
57 32
111 447
303 454
66 295
1 267
322 323
142 397
332 42
490 315
497 494
292 310
497 63
42 200
377 75
440 369
125 54
13 10
385 226
445 359
88 148
199 10
435 383
311 27
407 481
373 314
284 431
177 2
419 219
367 378
380 426
311 460
433 372
428 37
252 457
86 195
37 309
157 394
171 226
99 491
80 263
392 192
19 302
383 393
129 269
398 457
115 483
75 343
488 372
216 456
412 219
271 497
215 500
93 54
436 243
120 68
167 441
281 323
98 326
445 171
117 34
273 338
449 327
152 221
472 400
252 228
123 332
30 494
19 51
128 235
88 259
201 267
169 444
436 44
166 134
137 310
327 321
197 398
341 52
153 248
461 433
337 269
494 352
371 464
82 383
111 275
337 413
401 184
75 296
414 132
253 484
464 317
92 499
99 279
24 360
391 431
359 77
455 464
352 437
481 7
269 278
295 106
385 312
357 360
271 198
117 286
480 73
415 118
44 151
327 105
369 329
69 153
79 431
462 244
317 230
173 295
352 279
431 116
41 326
372 499
341 402
411 321
52 434
303 109
389 389
338 369
290 317
130 151
174 439
218 419
60 142
302 283
165 390
29 144
311 3
319 278
145 373
273 130
88 67
273 83
474 196
32 64
11 292
452 238
128 273
161 154
9 2
279 170
474 84
81 456
386 90
266 188
192 114
15 15
288 63
234 257
227 448
282 241
322 249
347 334
330 77
176 487
429 166
168 354
426 74
37 393
226 15
118 273
72 122
280 489
429 500
46 208
91 53
127 275
378 462
451 154
491 420
141 149
476 434
445 177
476 70
284 420
484 171
338 18
349 150
377 181
293 262
283 83
33 196
163 457
187 481
295 191
79 47
486 385
437 127
368 386
64 319
121 398
467 184
208 375
449 404
382 413
424 421
182 289
452 148
274 61
290 293
345 55
93 255
50 359
276 72
112 246
213 377
254 174
112 103
108 45
465 3
156 374
171 68
35 447
124 49
204 365
77 154
72 202
43 286
259 412
472 406
237 251
256 47
194 405
116 188
466 248
227 105
466 305
21 426
299 216
292 51
240 292
89 452
297 175
438 274
20 478
136 443
409 364
229 161
254 356
482 486
40 10
425 40
136 352
134 27
407 187
319 290
66 244
150 249
116 52
404 427
480 23
199 227
141 430
326 419
40 286
76 258
297 445
384 231
458 319
66 323
433 125
386 299
242 222
286 52
128 102
165 197
430 97
351 388
313 378
368 239
85 71
38 168
378 315
145 482
175 171
298 436
84 300
473 28
307 489
374 252
417 436
102 490
2 491
17 139
289 451
378 418
300 54
253 415
450 310
458 195
404 499
238 171
279 312
268 295
355 350
20 427
406 484
66 448
16 135
411 208
220 77
39 114
311 288
120 354
170 331
153 125
474 489
269 124
278 341
397 305
83 159
29 103
360 489
86 450
299 39
384 478
78 42
384 145
398 36
3 82
394 491
299 69
150 262
119 195
413 147
490 401
173 278
390 17
95 490
244 97
49 371
32 414
397 298
343 448
369 70
99 154
403 16
404 326
273 403
497 466
43 235
264 8
174 228
358 160
277 65
211 92
161 23
40 368
80 431
34 320
278 460
404 28
86 45
28 249
224 292
182 143
459 120
196 127
277 195
206 152
80 73
29 359
375 47
260 301
289 210
300 12
66 348
418 341
463 99
33 109
43 297
151 135
117 442
89 50
156 338
178 125
16 303
397 312
154 167
214 395
307 211
245 348
316 490
242 282
123 327
105 381
213 284
265 436
179 397
201 256
372 87
335 481
465 470
145 68
486 257
439 287
128 409
309 184
183 48
228 42
388 317
90 279
47 329
415 259
485 494
498 304
283 388
236 348
436 393
113 300
316 357
337 331
403 421
147 372
272 344
181 496
21 180
19 187
439 192
167 370
474 112
440 219
267 473
279 440
340 272
456 486
366 28
91 366
44 74
357 225
39 231
483 261
459 449
160 193
371 444
2 277
81 304
451 358
349 121
473 363
47 181
382 163
51 220
292 482
144 394
105 72
498 274
196 178
13 267
20 89
432 73
472 24
103 93
376 260
261 14
402 233
361 56
351 10
344 87
158 60
415 396
113 296
136 200
208 175
225 256
434 346
145 330
455 210
277 151
75 328
405 168
132 378
499 304
243 107
404 327
457 324
57 163
451 5
203 306
162 41
448 480
423 79
258 256
304 21
458 274
365 371
252 194
217 128
322 29
102 476
62 47
242 115
96 75
257 267
248 85
366 87
459 80
68 244
287 239
111 348
189 255
60 360
120 483
13 151
79 392
380 220
37 277
126 195
493 151
19 22
115 488
355 448
442 238
333 57
373 477
205 20
394 384
154 104
497 249
159 213
252 155
488 35
103 281
468 291
360 328
481 431
67 122
37 184
278 114
226 262
373 118
129 82
157 71
347 91
429 230
231 432
466 432
5 180
470 370
428 84
123 9
83 11
245 322
296 162
154 439
236 0
97 253
173 346
43 412
498 261
345 324
157 173
5 149
463 68
320 76
108 158
113 63
493 2
455 119
440 267
280 200
304 250
199 98
398 205
427 193
450 426
254 89
128 97
63 361
14 354
301 142
183 27
418 198
383 241
462 313
361 158
324 405
360 118
199 300
267 115
475 368
372 403
456 258
318 349
271 393
225 14
8 245
1 279
386 11
47 499
189 19
225 274
118 51
214 450
330 325
5 488
329 276
77 185
296 262
182 405
15 406
322 435
57 424
330 317
87 250
404 299
223 434
404 30
67 41
239 391
0 444
159 317
85 87
403 20
6 281
195 221
352 244
393 344
172 28
272 465
26 179
252 15
138 282
391 79
433 150
350 188
38 149
466 259
176 280
352 354
256 46
270 216
423 132
21 367
167 374
47 306
334 265
100 29
360 73
463 2
0 348
108 95
34 482
190 451
284 252
444 344
241 297
425 166
165 206
307 138
93 4
325 419
113 48
87 379
236 207
480 69
145 436
122 247
119 408
342 496
410 141
331 207
233 140
222 190
212 228
500 228
390 416
175 35
268 428
254 377
7 146
112 352
116 141
71 143
341 397
378 112
442 460
159 424
332 174
433 399
457 409
472 364
324 208
67 209
345 453
107 134
328 391
468 187
475 209
9 241
397 306
413 93
436 22
385 99
364 155
339 140
290 340
302 345
104 45
5 169
137 20
301 456
291 55
212 280
206 21
228 276
466 368
394 183
433 13
419 351
35 472
18 340
282 270
388 103
223 0
498 239
257 298
6 216
36 26
215 83
79 267
287 497
394 10
156 221
25 127
200 367
98 221
377 171
335 442
291 29
425 111
429 92
92 9
220 278
6 266
164 396
204 246
132 356
454 94
448 317
417 348
286 210
433 376
152 296
136 392
349 383
353 169
87 329
443 292
64 500
318 42
340 148
88 299
327 327
486 288
483 430
298 109
275 16
391 149
430 195
394 96
113 385
28 248
45 7
375 479
379 49
196 413
287 305
481 40
272 483
498 186
231 160
10 158
346 266
330 174
27 130
179 12
259 464
114 257
251 151
453 407
126 187
306 252
103 95
397 123
128 332
5 479
178 422
200 75
273 133
483 498
241 115
291 87
238 183
88 272
449 319
174 263
220 9
31 458
307 370
422 232
235 470
488 357
381 148
320 19
187 388
414 123
486 330
206 103
492 480
306 145
373 407
376 338
343 464
454 166
295 8
294 271
373 297
139 69
467 368
57 29
340 69
166 193
417 432
184 170
167 91
70 200
451 344
309 214
168 239
387 63
317 350
421 5
23 365
7 342
99 200
286 45
259 387
319 113
74 149
210 327
349 452
238 274
487 78
150 471
196 253
93 413
59 78
364 356
35 174
477 171
471 229
142 442
22 317
433 473
257 283
335 494
263 263
279 176
241 100
239 30
242 269
462 228
477 144
96 9
337 456
498 143
66 489
376 191
201 110
362 244
467 45
288 319
460 213
375 459
428 321
192 324
446 9
370 197
383 439
489 402
106 231
428 335
486 498
294 119
129 221
324 114
11 339
481 350
250 404
246 258
131 500
445 393
79 46
202 348
375 462
231 72
482 264
150 310
490 399
58 225
95 164
456 153
112 253
455 81
236 173
489 261
269 375
288 414
290 17
273 55
431 77
42 37
242 3
29 153
92 397
74 189
121 279
203 171
75 159
429 132
296 49
424 247
410 364
467 197
315 40
207 346
43 297
272 455
143 386
73 423
150 378
398 31
61 73
60 344
69 419
389 21
490 212
290 494
84 338
378 236
308 447
400 112
147 436
70 151
246 474
69 356
369 453
203 2
402 267
40 327
346 123
433 25
361 390
17 414
443 460
161 352
434 4
117 205
264 148
403 499
352 411
490 300
72 162
138 36
335 140
442 37
290 230
414 485
158 382
54 122
484 416
417 388
354 319
92 287
44 17
386 332
486 264
323 315
278 349
353 198
71 36
69 384
323 2
318 249
59 177
270 266
319 448
450 440
102 481
470 449
202 126
13 116
56 268
179 384
171 397
56 444
122 7
451 248
384 428
47 146
483 3
55 252
162 232
383 186
145 490
1 73
262 167
12 362
388 296
341 326
155 154
227 210
100 152
241 155
122 164
185 366
78 465
40 133
429 128
166 4
272 468
58 85
140 15
434 490
490 13
384 217
384 407
485 204
101 360
109 28
187 135
493 89
286 401
385 283
425 497
371 21
15 9
375 173
446 331
102 280
116 179
417 127
357 404
370 156
204 76
272 408
79 351
211 283
318 32
399 481
284 136
251 396
207 14
56 177
450 320
257 38
243 390
204 424
279 93
355 344
82 280
66 290
275 210
258 111
453 386
65 493
360 53
312 301
67 424
23 305
113 132
364 183
19 204
41 338
351 144
340 370
403 36
127 130
63 308
66 221
266 282
136 157
237 200
408 307
388 453
308 31
148 28
317 57
91 73
228 123
342 496
248 39
75 152
447 293
22 320
93 109
499 301
133 184
446 127
169 228
299 205
497 422
108 288
61 48
169 10
274 227
492 75
271 343
155 7
22 447
336 449
292 227
447 83
373 106
11 101
82 404
176 44
39 457
57 476
283 1
247 145
206 204
47 470
165 244
320 184
406 254
261 435
234 396
221 273
272 465
423 246
256 28
443 419
155 280
236 165
92 206
255 365
219 182
222 351
347 372
482 32
409 61
196 391
260 411
398 65
342 199
182 168
280 218
164 84
98 142
58 249
126 15
123 488
393 486
79 81
177 118
275 272
236 168
188 468
487 13
14 473
416 242
401 408
148 411
77 238
271 295
491 451
25 90
116 182
84 68
64 170
451 31
491 440
329 267
26 111
90 483
290 249
276 253
200 332
266 378
457 151
173 119
363 420
90 227
364 194
415 263
436 63
370 320
253 237
252 239
61 344
301 188
200 161
279 227
419 261
345 429
439 120
224 489
54 299
496 322
174 471
299 93
79 119
75 68
317 322
46 377
229 441
357 151
381 166
474 286
14 61
407 133
380 489
296 162
435 275
464 339
227 425
343 389
341 81
65 392
434 148
287 259
342 125
227 399
426 361
60 110
34 157
443 113
346 428
291 341
445 22
193 147
152 212
229 497
101 147
341 136
466 7
281 22
116 195
148 289
394 391
293 466
411 396
334 389
451 74
201 4
77 480
27 20
106 322
132 492
142 135
191 373
192 24
118 89
139 292
78 122
81 150
313 315
123 343
301 150
79 186
125 361
430 117
487 337
23 49
46 97
441 181
304 293
257 463
254 118
304 145
383 234
305 13
173 62
205 212
167 276
149 500
301 295
234 257
470 250
424 464
121 306
341 212
103 235
302 66
486 418
277 339
154 125
452 322
60 446
33 155
122 191
448 289
302 320
162 189
243 293
176 221
116 490
437 175
14 276
431 175
153 106
261 209
441 354
159 182
171 496
108 397
176 149
65 470
138 260
9 442
313 0
384 352
336 110
490 21
298 86
124 35
294 499
476 80
485 34
277 17
378 299
304 153
456 412
13 32
101 100
256 360
482 180
134 18
31 311
279 495
47 453
484 115
446 285
405 471
63 88
86 146
230 63
176 172
495 239
340 241
159 488
216 360
497 201
96 452
209 240
51 277
40 36
71 365
277 307
462 456
288 328
17 288
477 211
435 244
180 32
240 254
313 424
50 243
178 1
464 323
288 291
109 411
450 107
50 281
384 186
379 175
197 6
348 228
256 209
73 288
157 173
285 382
437 381
126 237
65 304
15 306
32 96
4 319
239 279
27 5
442 289
259 467
106 100
165 441
448 418
161 77
272 395
342 123
92 146
445 478
327 385
19 241
103 411
64 308
479 443
147 105
441 125
118 323
223 138
141 89
73 197
216 437
369 114
278 20
159 314
307 102
185 238
120 253
190 284
358 443
445 440
102 161
203 17
50 180
336 420
500 15
343 18
8 336
144 278
32 80
443 120
101 229
257 93
93 215
181 110
499 226
198 48
365 244
475 411
316 32
198 297
381 468
400 155
302 76
119 226
149 182
47 447
475 456
3 1
34 25
382 151
204 383
281 393
417 265
270 291
106 394
369 182
372 160
484 480
476 145
437 499
369 346
474 2
145 278
364 77
167 59
500 219
43 197
169 7
476 483
80 226
493 96
368 90
418 303
36 417
154 37
486 154
408 208
282 180
241 95
14 321
102 1
252 238
285 419
111 101
486 183
65 445
355 291
81 148
371 3
116 388
53 214
108 310
499 493
424 133
22 343
74 79
428 447
109 315
283 325
220 55
330 39
450 124
479 421
375 395
232 196
45 428
3 427
91 367
124 375
124 29
465 255
393 383
235 463
322 291
358 216
387 163
283 48
199 158
236 330
347 419
466 337
176 33
36 475
21 494
107 344
167 1
319 252
126 108
456 123
485 65
300 229
303 144
95 90
482 298
447 399
461 5
394 11
99 29
499 379
176 394
336 281
186 383
414 223
292 370
280 18
331 112
6 217
114 485
184 225
140 302
381 217
175 486
381 219
419 387
159 401
284 192
475 265
364 405
495 148
427 218
181 196
348 485
498 25
130 389
492 147
395 253
26 280
80 396
145 312
434 64
301 202
199 498
17 364
470 119
48 304
85 341
100 312
431 296
272 461
144 248
472 174
311 11
127 491
12 350
152 417
13 294
187 202
357 381
454 144
361 400
261 464
74 227
79 291
13 28
174 213
477 420
84 100
421 356
61 392
176 105
357 280
477 469
112 119
388 495
302 22
212 143
277 401
469 400
32 286
459 72
68 206
94 49
63 45
173 377
499 51
31 133
87 41
186 416
10 286
237 411
232 376
389 166
319 124
496 181
311 483
336 5
106 138
17 123
35 301
137 424
222 36
369 453
61 390
370 317
22 151
336 353
464 311
178 278
445 182
145 88
296 153
293 255
195 343
189 238
493 406
176 116
381 50
400 110
387 166
108 168
460 0
76 359
278 227
395 68
208 475
453 221
359 421
446 60
218 484
363 349
241 459
53 443
472 245
189 251
335 81
264 221
257 143
349 179
164 426
43 383
176 416
283 376
321 38
245 268
477 400
107 311
165 365
420 423
471 479
376 237
41 415
139 327
435 216
121 43
119 91
440 391
273 44
466 475
0 301
411 98
142 42
107 114
154 133
203 183
151 29
271 42
486 279
102 160
61 376
137 193
74 65
145 160
309 433
68 369
401 263
5 491
45 59
106 337
307 327
229 309
375 32
23 274
290 234
160 276
119 365
33 291
317 473
59 8
344 191
53 364
187 163
89 372
68 375
145 15
83 114
48 306
97 324
406 280
61 232
60 119
415 365
347 480
482 425
125 142
340 500
199 245
48 123
266 389
434 299
339 204
454 291
6 189
375 304
364 273
286 441
316 327
438 262
202 258
86 160
131 27
26 296
89 60
294 20
42 244
22 228
87 430
303 89
252 130
161 289
383 490
318 145
187 88
314 343
338 21
258 285
306 359
132 265
258 171
199 313
392 57
459 144
27 391
402 307
195 353
327 482
428 143
406 298
6 500
276 442
32 437
153 492
213 465
47 92
410 454
277 150
307 466
475 153
255 360
317 440
169 400
410 417
83 480
332 354
49 382
326 500
163 40
63 279
460 462
208 119
406 2
405 119
161 121
386 193
437 52
489 496
192 282
12 321
336 452
144 156
259 143
147 261
135 86
449 2
213 138
413 181
147 248
484 421
145 140
75 266
184 462
52 215
338 440
42 42
89 48
157 366
396 400
17 462
330 386
8 42
340 73
183 105
368 445
42 101
326 490
274 219
194 451
258 256
155 164
67 294
440 176
75 38
319 429
177 126
420 303
197 394
388 107
306 384
254 56
280 366
315 342
327 71
478 262
178 314
15 137
336 229
369 126
40 469
375 405
30 89
36 281
224 137
129 235
326 388
140 151
84 164
339 466
344 71
372 119
205 204
117 454
451 360
81 84
108 317
239 366
6 346
162 180
266 151
372 455
230 462
483 214
162 481
183 451
432 377
160 85
186 241
262 340
350 141
32 448
383 299
115 68
254 30
279 4
337 254
467 59
357 42
443 219
193 317
352 197
193 172
59 259
214 261
170 230
400 70
81 305
412 80
173 296
140 83
206 387
151 364
204 91
178 431
97 224
400 426
416 339
275 140
477 214
316 458
68 166
460 356
271 196
73 435
183 1
72 406
120 105
489 185
269 500
279 440
75 186
155 309
296 204
244 132
195 300
445 372
477 206
149 172
45 86
107 220
420 284
118 270
82 449
175 339
436 367
132 75
156 83
19 250
179 40
199 165
27 300
353 157
90 143
407 28
500 322
70 462
104 202
259 153
30 62
48 252
383 496
91 178
306 351
130 336
374 430
70 222
415 235
320 377
262 169
262 102
287 96
417 120
61 10
266 237
225 169
440 316
241 381
244 491
485 69
292 217
106 233
113 426
73 136
197 356
445 244
101 269
14 437
376 40
376 352
433 91
405 166
296 8
299 342
1 402
79 232
470 495
179 102
254 119
43 28
20 475
72 290
436 307
16 167
168 326
330 436
34 172
335 8
440 93
336 333
408 52
25 37
464 180
277 373
306 468
116 347
67 159
234 479
251 428
116 69
125 337
386 265
461 86
474 154
180 399
186 305
262 283
405 355
272 206
343 187
395 307
492 170
122 421
59 132
455 405
48 452
395 356
191 70
253 220
130 270
345 301
472 493
295 415
69 394
170 461
97 387
483 247
367 209
206 492
376 40
374 430
315 159
427 210
346 491
114 396
489 76
201 199
119 437
232 449
119 129
457 81
221 436
446 442
119 120
63 106
33 77
98 12
55 443
449 342
184 129
189 473
255 391
295 172
21 216
137 382
33 99
199 290
123 115
429 271
249 73
337 193
200 188
110 352
290 285
254 488
384 165
310 306
398 354
400 306
97 226
17 165
112 88
170 482
324 144
107 32
384 312
258 407
56 234
367 305
9 400
490 416
73 13
426 477
223 486
455 191
69 35
213 344
175 173
131 251
279 163
395 352
40 160
21 181
193 16
225 235
467 476
376 339
206 500
147 450
138 26
138 109
443 56
10 210
432 104
147 320
89 387
141 448
97 213
384 245
198 338
445 373
402 235
402 446
267 130
444 419
310 366
316 403
132 187
478 90
235 184
254 443
374 433
448 154
28 486
258 207
54 337
24 283
78 454
257 317
126 27
250 275
348 479
211 197
231 166
15 263
34 402
88 122
33 108
147 253
70 377
469 469
127 39
10 257
165 79
457 127
441 188
79 142
21 273
245 248
382 395
256 458
289 385
193 193
437 105
28 306
215 389
449 129
429 491
275 80
483 229
425 329
13 262
48 277
247 433
189 92
439 189
453 385
490 258
260 71
111 205
35 161
244 332
184 344
33 181
77 290
420 355
6 180
73 251
45 143
483 97
47 64
179 418
392 312
46 346
61 196
30 487
463 442
359 80
366 140
169 215
65 245
42 29
343 450
487 115
288 151
88 164
356 82
472 210
364 140
253 317
248 234
210 373
430 122
224 500
148 382
136 23
193 480
47 289
46 241
440 493
81 155
239 62
487 14
206 14
481 44
85 165
468 55
310 249
133 169
429 197
332 84
29 265
446 447
466 410
165 211
449 138
492 269
127 161
210 40
285 198
362 369
111 131
196 343
86 496
192 228
193 438
51 108
245 290
180 288
5 450
122 366
82 32
247 44
104 185
490 70
482 274
301 178
45 440
298 451
430 483
209 150
7 369
224 313
292 97
112 45
120 75
19 2
355 232
93 136
349 276
462 351
140 89
22 214
165 268
238 369
414 0
382 12
176 225
7 88
492 30
149 1
493 243
451 43
124 463
280 227
153 254
60 135
135 313
476 19
241 464
479 364
6 328
268 453
412 171
421 189
482 188
158 362
283 145
131 79
240 38
115 58
179 69
356 337
254 378
415 171
160 74
361 381
413 200
310 324
102 46
223 115
119 415
38 415
153 285
381 157
491 43
373 467
390 421
287 85
465 439
19 321
451 389
9 257
160 292
151 456
83 297
397 444
279 496
308 481
329 453
468 489
388 466
152 220
197 297
439 296
91 430
208 103
144 462
405 167
304 92
325 495
263 323
498 104
142 140
21 31
425 342
117 159
247 205
294 79
214 293
464 25
370 482
336 500
347 95
203 369
0 204
149 11
239 1
55 302
154 476
212 104
152 74
242 352
274 444
193 140
263 124
351 77
146 11
55 382
356 464
274 479
71 490
453 314
96 68
45 179
250 26
355 254
377 132
211 385
321 11
337 151
405 312
162 282
90 177
161 397
225 203
154 201
370 337
406 259
13 406
92 314
181 446
401 123
332 379
294 211
355 367
478 263
61 163
255 202
416 208
210 407
297 171
181 64
322 121
495 70
410 76
484 428
182 251
458 125
4 472
42 146
247 397
455 38
286 182
348 219
191 259
142 122
143 51
452 215
277 181
41 469
142 495
210 157
176 463
339 73
196 23
6 54
332 131
263 174
496 103
191 217
367 16
54 213
82 36
355 348
413 239
127 449
418 137
445 153
1 13
315 432
416 369
26 73
340 411
497 108
458 61
95 378
429 178
436 448
13 418
326 88
216 437
202 143
73 323
116 54
409 302
15 257
311 413
172 96
355 422
132 93
17 177
198 437
440 390
446 157
477 398
174 255
89 403
347 130
286 286
386 170
375 22
313 273
485 243
500 103
66 298
43 363
49 435
284 137
8 290
7 261
440 415
475 253
51 373
311 19
389 320
249 53
390 366
427 18
280 269
185 186
69 321
156 429
184 191
356 345
48 411
277 472
76 432
325 400
440 142
294 301
252 3
113 136
45 217
73 314
101 416
369 425
233 0
69 99
99 151
160 475
197 211
107 238
466 215
50 327
104 172
319 308
382 153
179 315
41 83
197 230
2 71
170 441
158 40
322 156
195 79
351 488
58 146
251 121
480 160
266 497
151 271
45 274
430 387
119 168
394 114
456 13
371 491
310 496
496 160
96 222
114 222
393 130
57 301
160 283
204 472
400 202
391 411
408 275
430 237
103 382
89 5
200 131
60 42
445 282
497 328
92 398
222 4
233 249
271 256
151 351
182 153
27 91
125 10
307 439
264 272
102 415
129 301
29 144
130 471
362 369
120 255
387 48
138 329
283 332
309 223
364 45
132 250
437 254
301 131
307 97
91 159
83 11
329 406
54 42
213 44
260 119
133 270
232 226
295 48
457 384
219 400
193 128
276 467
257 153
262 470
408 376
5 186
321 491
61 451
127 229
498 242
18 375
1 171
284 323
168 403
275 360
169 372
497 373
329 275
228 418
337 280
284 437
382 262
257 155
327 240
37 100
64 115
245 350
137 185
290 282
147 20
340 219
336 344
479 430
412 428
446 268
262 110
427 147
408 417
18 489
160 106
77 201
98 217
72 370
474 28
378 235
53 322
375 271
73 443
386 226
379 428
136 451
1 383
361 461
31 77
106 360
424 489
343 446
324 32
317 451
388 129
271 336
397 463
450 391
100 26
129 287
427 143
201 470
262 493
14 112
485 433
324 69
212 460
464 496
119 173
484 81
421 193
381 55
116 112
116 286
283 150
252 123
333 171
9 67
381 277
138 346
260 460
157 75
398 1
33 157
76 261
409 369
33 71
209 108
297 29
211 51
235 222
108 249
216 375
245 465
397 44
22 123
365 319
165 184
313 496
286 99
384 47
412 217
147 292
364 299
33 98
189 490
312 183
174 460
471 71
24 481
194 377
64 197
202 491
476 151
110 247
189 19
88 38
415 395
397 26
187 441
309 319
263 331
189 231
180 478
476 289
128 457
173 29
317 254
377 421
428 80
113 451
311 230
12 10
138 440
304 489
135 60
201 385
266 24
487 443
314 336
104 360
169 463
99 272
298 277
349 336
169 75
442 437
417 494
29 218
256 348
173 386
494 173
343 264
456 361
244 200
437 480
355 109
126 198
239 426
401 368
275 213
87 250
163 349
56 60
313 322
351 411
145 233
479 342
368 496
203 37
15 65
458 408
94 463
91 278
120 269
365 58
168 132
413 302
401 387
350 271
10 58
299 57
334 444
268 139
228 25
14 410
451 187
32 208
54 324
216 500
355 369
492 484
343 82
284 383
313 17
43 262
316 81
415 450
47 373
186 346
170 480
122 10
391 221
64 289
307 183
457 471
271 471
20 83
434 94
196 273
49 418
269 470
492 431
401 303
386 445
24 357
381 2
326 495
40 428
105 143
277 349
203 393
106 24
500 376
223 129
115 431
351 277
171 109
72 452
310 300
101 363
409 18
76 306
173 42
140 359
210 271
215 62
301 184
95 287
365 358
176 235
431 263
232 391
364 332
388 126
191 373
379 122
173 473
308 357
452 221
274 251
96 39
48 434
128 425
416 261
230 96
232 81
496 399
279 436
398 383
361 119
478 419
285 236
93 340
127 384
167 149
7 175
122 111
102 257
269 456
290 385
279 50
77 228
493 79
146 88
158 193
340 85
264 26
361 139
49 497
250 81
67 57
80 324
437 490
477 38
500 45
47 25
197 472
79 15
100 97
26 130
309 113
163 30
158 343
341 48
457 379
258 127
132 357
362 102
416 461
26 170
253 4
108 19
283 450
313 427
403 157
47 261
391 283
85 85
491 458
82 35
299 82
275 382
397 198
135 87
352 443
489 208
108 327
85 206
87 199
493 54
184 369
291 43
8 385
134 165
395 439
155 239
458 153
162 235
11 289
194 55
21 232
320 95
99 19
0 424
193 494
470 214
104 67
110 203
88 411
294 373
377 274
326 371
332 499
76 302
376 12
35 375
61 63
124 103
488 370
440 410
268 401
235 262
129 469
40 177
461 113
495 330
375 202
282 113
303 60
128 441
198 455
255 43
299 450
232 71
176 359
80 167
355 390
357 459
152 500
11 170
489 407
246 0
426 328
154 155
479 470
5 263
318 109
104 411
95 61
155 321
199 341
224 323
325 319
12 441
192 474
206 88
0 263
409 123
98 348
465 107
494 95
382 384
120 234
390 87
374 432
327 260
335 50
322 133
479 452
236 344
4 494
115 454
420 260
465 264
43 173
8 178
17 399
13 460
128 352
431 268
339 278
493 408
446 382
52 242
215 363
267 71
0 229
423 316
315 58
483 156
27 383
467 451
194 341
297 90
400 84
357 486
273 13
323 373
226 310
93 476
83 495
447 282
84 92
4 312
66 307
206 414
424 4
111 16
181 266
170 264
262 296
23 128
282 316
493 239
368 179
439 218
184 306
50 370
322 102
206 95
405 356
378 137
324 36
364 467
285 241
267 91
216 177
361 255
275 97
249 213
41 450
329 224
98 154
234 134
460 91
326 274
103 109
437 151
325 119
236 315
24 363
422 39
436 337
187 0
466 184
437 145
200 41
74 446
163 166
477 407
35 228
315 287
349 314
255 495
483 367
42 349
23 172
33 308
401 31
343 335
410 36
451 142
193 30
494 472
216 359
400 415
74 460
173 142
247 4
395 428
25 430
248 457
196 421
30 48
3 203
139 49
48 337
1 271
252 475
218 289
184 287
67 296
311 261
395 469
374 271
494 184
244 382
265 206
269 64
313 241
216 165
108 312
364 485
100 94
298 219
386 235
163 283
478 367
236 176
241 302
214 112
186 184
437 46
158 111
178 465
18 124
66 485
404 272
379 10
320 2
468 373
329 189
57 462
296 110
56 406
2 154
446 215
99 45
310 208
432 68
58 422
366 359
221 86
11 3
439 448
363 11
133 143
484 146
237 89
14 439
380 125
20 373
488 45
394 62
124 315
73 143
322 386
5 24
471 333
436 249
30 262
395 43
431 268
403 45
288 271
333 286
417 111
493 31
152 327
23 245
253 197
213 167
394 249
169 417
192 259
14 499
263 398
277 225
433 448
338 284
398 351
382 286
460 115
475 375
261 373
344 371
440 118
42 47
494 276
346 169
31 405
340 470
262 445
414 417
19 108
458 278
60 427
175 383
455 233
442 340
220 260
221 132
180 284
372 362
270 266
159 101
184 270
29 95
322 214
475 84
359 128
81 424
75 301
432 237
219 204
146 260
376 311
274 330
33 439
160 387
15 96
469 402
424 75
310 75
80 360
453 107
413 83
272 207
324 58
272 24
38 25
325 214
384 169
87 32
8 29
175 16
498 224
387 191
418 220
458 110
333 30
164 411
456 390
421 204
22 95
81 406
143 122
315 340
63 234
122 19
131 427
10 378
400 102
326 460
10 269
335 12
16 240
18 22
210 414
474 252
207 423
476 159
58 408
212 337
468 33
493 417
288 448
308 209
39 426
155 266
274 299
34 166
346 173
134 228
72 77
146 173
316 146
380 118
16 373
125 96
469 193
469 25
94 269
131 117
381 183
468 304
323 353
67 491
127 287
452 423
204 136
72 28
80 33
447 436
403 381
126 227
245 196
272 204
488 187
263 277
364 231
468 239
5 328
301 426
498 411
212 257
341 10
126 293
152 292
20 92
197 88
308 18
148 143
336 204
5 260
148 495
422 343
223 58
471 56
70 493
496 448
221 376
48 26
215 290
380 18
55 447
199 67
232 486
6 34
280 191
134 496
155 347
439 262
244 83
161 396
367 68
499 393
425 150
92 198
173 15
135 134
245 424
373 350
463 486
93 88
155 432
68 99
153 193
300 123
79 59
344 329
53 464
328 203
278 61
359 134
181 431
12 203
267 8
196 174
360 201
396 223
103 291
411 252
412 459
383 65
201 159
263 367
441 59
361 68
222 279
76 19
31 446
269 434
463 120
426 93
284 57
244 487
236 191
418 86
316 165
361 263
152 162
210 311
149 1
129 115
325 172
423 306
451 304
276 100
416 352
459 9
390 270
314 258
49 2
348 299
252 32
455 297
240 265
496 195
331 121
37 78
432 283
147 131
452 26
328 269
453 127
161 47
425 217
36 317
141 325
120 228
173 373
150 72
263 419
172 132
302 26
369 293
209 420
175 37
290 41
19 249
368 431
195 277
207 51
147 36
433 425
415 99
490 456
481 235
346 488
32 146
29 293
221 245
477 195
460 238
478 375
372 419
53 182
162 159
477 446
484 359
26 362
485 429
358 431
104 253
438 445
494 394
114 474
416 351
445 167
146 25
22 248
476 335
410 222
57 118
135 239
65 248
479 24
358 445
15 76
44 293
435 254
272 72
26 455
4 478
183 177
63 360
23 15
375 465
336 260
369 259
500 374
457 90
489 197
388 294
436 118
245 93
481 52
500 116
50 456
94 203
283 389
235 293
39 202
226 25
123 137
18 235
467 198
71 473
416 289
75 217
371 118
34 32
36 21
129 257
6 15
86 314
468 493
46 408
320 421
472 132
148 388
292 440
215 148
209 454
279 170
383 125
258 182
100 304
236 209
188 139
324 499
477 170
381 456
111 147
386 54
223 320
184 412
45 143
360 391
190 213
174 455
466 90
42 220
149 168
74 211
19 290
377 426
359 9
433 349
448 302
115 192
7 191
102 405
187 283
320 407
155 126
493 380
369 223
260 286
497 266
314 326
436 312
392 24
443 488
415 408
17 331
197 337
61 128
124 469
61 151
228 253
1 69
74 429
147 396
417 326
178 277
58 277
47 276
250 317
398 56
62 139
153 437
129 376
217 49
470 406
136 172
79 495
470 359
398 471
177 42
51 474
357 384
346 181
114 108
147 258
233 308
461 492
441 190
22 70
488 209
60 262
283 316
234 236
343 323
167 36
435 427
23 419
421 397
17 469
419 157
489 279
102 205
223 6
373 297
324 459
37 58
85 422
498 454
374 187
245 241
325 205
366 179
212 306
331 266
470 378
410 366
325 424
144 244
366 64
203 145
481 313
32 356
226 500
147 400
14 388
336 334
131 418
27 164
421 246
273 49
95 232
330 225
64 371
385 239
437 342
489 359
158 162
102 251
471 223
450 226
339 439
169 99
15 64
276 354
113 386
349 370
206 26
260 95
152 409
497 485
451 403
261 224
207 390
16 338
411 380
370 409
176 221
316 371
487 298
405 4
424 24
411 491
314 286
433 53
437 146
472 0
375 105
427 311
65 61
355 278
150 261
115 404
352 291
99 251
396 172
365 426
405 67
62 420
303 425
227 218
207 161
160 392
467 424
400 196
365 144
489 459
388 212
424 400
99 300
225 322
71 153
286 339
405 255
500 390
452 277
171 32
242 148
448 290
244 485
394 231
436 96
189 497
134 412
491 141
60 64
432 188
383 347
14 269
13 271
484 492
271 254
339 461
12 368
148 406
199 377
381 10
236 85
127 337
491 242
455 142
262 446
369 233
206 286
15 293
85 63
154 94
7 411
41 269
392 389
424 285
161 485
126 247
351 2
280 305
321 78
483 98
79 467
4 218
262 387
453 297
367 225
478 212
458 450
132 83
463 45
6 82
132 451
35 288
356 28
89 134
398 491
284 67
427 67
325 71
313 453
55 92
419 228
500 282
160 18
82 173
216 172
428 387
237 351
329 461
433 435
228 396
24 151
355 132
217 264
175 194
63 456
83 489
20 73
124 164
69 182
47 8
357 136
79 453
375 383
435 44
91 492
168 243
425 94
195 138
138 496
348 149
460 333
210 280
218 298
102 429
262 470
292 7
38 465
201 444
42 155
84 132
147 42
324 434
152 377
472 183
222 301
280 59
23 388
29 141
143 465
356 269
98 94
236 93
170 428
112 283
413 491
354 252
284 339
274 140
134 5
349 273
361 412
249 432
65 390
302 457
269 59
3 53
248 1
281 379
187 457
332 122
277 256
481 137
368 332
95 296
440 104
273 202
346 20
460 10
162 176
181 407
428 15
485 312
267 468
306 117
382 329
291 318
39 215
455 59
468 344
368 406
59 385
428 31
88 256
473 458
180 42
83 441
175 168
438 207
154 494
322 364
258 242
39 46
67 459
377 87
9 118
365 376
292 318
335 237
333 482
407 391
434 252
319 471
427 229
217 131
275 464
267 159
440 307
337 455
162 468
408 178
148 404
324 396
112 16
417 472
347 473
99 320
116 141
37 465
275 274
349 357
13 64
402 26
475 329
187 9
169 307
338 152
301 76
362 67
422 263
191 88
396 486
480 340
380 146
31 434
124 10
468 186
417 110
121 212
497 32
41 126
361 459
2 419
172 444
325 128
416 224
242 87
451 243
170 257
175 277
266 45
454 283
133 9
264 43
227 124
282 380
338 404
371 62
323 289
116 212
243 312
351 394
316 272
93 229
441 95
38 375
201 13
275 140
426 113
318 235
53 116
140 241
500 239
41 15
305 439
284 50
205 496
153 202
75 354
255 464
438 152
134 97
453 393
77 423
436 24
224 384
435 216
310 152
322 296
398 119
110 301
70 400
335 348
95 377
280 164
237 122
452 270
353 39
64 304
154 262
62 454
61 161
211 285
83 385
354 397
108 309
446 196
231 141
85 203
184 244
261 58
403 329
307 460
283 301
355 75
173 207
430 490
86 158
242 368
98 150
20 254
210 375
209 473
264 286
418 389
358 140
342 201
338 1
313 441
217 198
317 435
270 185
48 96
254 184
472 474
200 16
213 111
42 267
64 235
475 440
476 314
420 112
334 26
473 293
200 393
469 221
387 412
35 158
426 206
94 165
189 4
252 365
120 192
189 339
229 471
283 91
41 25
420 20
493 59
158 176
261 236
60 500
51 273
225 439
209 493
437 275
39 136
209 480
198 7
113 212
42 289
178 279
42 354
189 155
376 266
323 270
145 46
152 495
481 42
45 457
294 74
282 257
20 271
351 255
427 74
110 79
259 344
159 173
140 43
500 458
205 476
387 100
425 467
451 278
25 19
16 121
288 265
221 169
257 94
345 358
268 19
64 35
350 450
453 178
367 224
352 46
428 101
64 272
470 172
257 481
169 93
443 498
157 183
43 189
256 208
267 197
354 77
278 425
358 248
22 332
35 482
172 137
375 263
284 161
200 66
261 386
37 300
444 126
273 273
306 452
198 276
46 392
161 19
146 46
437 436
233 469
347 433
226 453
368 458
247 338
88 109
201 19
113 465
12 25
161 163
390 476
62 337
23 268
212 483
201 183
207 255
287 167
38 373
123 374
447 191
331 441
326 227
364 430
105 373
224 71
158 386
402 50
90 270
215 393
37 138
455 14
2 252
300 489
101 267
409 138
423 104
162 213
399 439
457 280
11 77
1 20
42 292
225 133
261 18
82 153
395 193
338 446
494 113
0 319
236 336
496 20
334 250
276 429
202 364
468 282
353 490
411 418
444 288
236 384
316 178
243 196
66 467
169 52
220 469
156 303
310 60
458 117
424 303
435 172
56 121
155 423
72 204
375 378
323 178
154 293
253 234
45 467
30 294
139 151
431 106
132 422
249 147
260 258
363 317
21 26
244 133
2 353
59 466
182 414
217 204
471 307
329 4
448 228
346 201
210 147
248 9
381 336
325 429
46 71
137 267
301 374
178 226
97 495
300 419
47 386
485 38
485 143
357 51
391 326
436 176
354 319
77 274
496 126
102 53
360 186
5 191
90 222
72 302
446 429
233 131
182 377
201 146
0 323
392 100
84 491
230 308
90 456
6 95
220 161
91 414
9 271
462 448
227 100
330 454
404 236
192 291
423 389
313 463
386 71
231 129
335 416
207 167
289 245
161 186
470 39
358 424
495 465
296 416
391 35
416 497
100 227
14 420
221 327
163 145
224 56
51 108
214 175
94 384
45 271
95 419
37 239
148 163
401 318
249 100
231 129
426 387
487 360
463 276
102 451
417 364
43 59
95 265
431 132
128 330
235 434
45 121
360 284
437 145
40 361
69 23
150 178
178 143
368 429
97 425
99 142
327 136
132 258
229 334
262 133
337 116
254 474
174 492
99 199
319 235
293 456
42 164
490 98
416 475
4 101
318 20
311 234
72 199
103 148
476 60
158 466
348 90
224 293
90 84
386 267
332 157
28 256
36 231
315 225
302 349
487 217
374 314
308 270
198 66
34 161
492 32
451 6
73 428
268 495
466 215
50 499
440 12
500 366
169 455
292 176
147 315
260 72
345 70
152 191
65 80
423 235
208 360
374 100
202 267
190 183
26 245
69 396
399 495
246 97
283 124
311 209
153 132
253 476
388 341
274 435
123 438
147 332
81 61
492 425
458 52
315 460
140 37
279 323
242 217
18 500
414 151
331 421
156 419
156 192
246 289
485 127
254 336
216 9
246 83
186 227
224 167
378 495
294 42
69 95
357 268
134 370
141 391
237 315
413 39
100 458
475 67
202 87
349 234
495 425
363 398
55 35
119 404
350 79
367 172
376 214
131 350
429 281
289 40
445 111
47 352
373 115
366 207
350 198
115 452
476 241
394 446
384 464
387 73
397 286
487 370
385 48
65 176
200 108
363 167
201 246
46 396
281 358
199 179
316 488
160 340
400 98
116 438
139 72
3 404
259 412
373 49
474 321
1 187
328 162
366 170
100 46
394 426
61 424
450 315
25 21
468 418
251 180
91 355
468 399
383 399
372 253
128 167
18 45
441 312
204 378
95 466
446 499
394 420
295 156
4 28
187 262
477 309
360 418
356 4
117 318
255 270
420 298
376 392
55 191
278 127
142 446
78 424
316 106
441 485
43 444
336 458
130 83
431 393
426 32
332 244
30 101
149 98
36 146
301 22
442 115
73 366
442 247
111 334
392 80
148 206
428 329
233 383
466 251
180 399
49 235
108 36
474 33
268 234
421 262
465 394
269 187
325 191
60 427
92 190
252 113
265 423
436 335
406 283
316 134
193 84
434 440
440 167
60 476
99 150
184 15
364 45
392 473
183 478
430 198
210 343
495 223
428 173
219 354
497 243
309 381
325 86
496 307
359 307
4 89
492 367
172 58
487 353
440 306
456 28
164 490
165 231
273 373
161 89
162 260
277 284
429 131
118 373
321 370
88 177
116 468
128 197
413 323
83 66
431 388
393 344
129 216
189 366
376 295
472 456
168 361
477 27
493 406
46 206
293 240
471 164
473 341
21 148
30 461
424 254
108 369
187 24
91 33
437 141
19 11
385 472
384 59
319 15
89 79
260 126
494 366
217 179
404 443
187 183
370 361
73 141
424 315
453 438
282 463
257 47
117 462
280 134
224 434
144 351
328 302
251 500
12 26
320 376
382 471
289 202
334 309
296 51
198 334
351 405
8 298
488 404
322 417
134 77
70 354
223 121
155 68
347 148
441 367
322 326
201 470
46 346
381 454
443 158
269 338
40 349
375 458
344 10
479 180
38 425
351 20
302 33
390 364
321 419
205 353
352 263
8 24
27 449
377 245
440 476
462 16
153 447
441 375
75 483
22 162
242 18
432 114
486 30
5 316
181 366
1 447
437 11
39 25
101 57
213 494
20 16
180 220
15 138
424 376
22 196
207 139
133 244
261 147
307 421
108 103
131 244
259 121
181 432
72 329
431 372
9 174
343 487
78 162
498 12
123 103
413 37
420 59
487 213
253 126
481 333
297 110
130 298
39 255
53 86
312 251
425 355
490 431
407 332
310 337
473 431
385 4
92 158
440 44
170 301
447 399
284 175
444 278
121 54
260 463
306 389
328 243
458 435
163 105
432 9
19 99
196 380
64 408
404 269
482 405
387 395
87 383
40 288
370 28
253 70
498 213
123 397
2 156
239 122
375 387
162 326
191 259
21 436
283 54
62 396
440 317
195 90
450 397
112 462
282 396
263 215
137 199
43 25
12 49
329 416
469 186
299 217
181 226
0 449
226 184
281 500
336 222
104 41
36 500
372 333
371 2
40 345
221 157
182 190
171 100
114 441
221 197
384 41
165 23
184 263
398 381
446 319
451 114
390 386
355 356
189 268
212 192
292 486
359 18
345 94
219 338
302 115
422 364
57 304
316 390
315 214
314 158
374 395
428 275
232 38
61 163
371 443
210 249
168 249
440 467
367 152
124 450
131 5
175 24
51 252
413 275
3 452
231 201
91 380
480 266
483 494
153 287
140 377
452 310
298 50
105 34
164 7
169 245
19 282
271 440
348 455
218 1
54 373
229 442
277 180
492 188
136 284
466 426
276 409
202 168
359 500
72 25
150 411
155 277
429 190
75 425
114 171
366 441
13 324
73 430
162 311
286 21
35 73
300 70
300 427
377 189
374 490
152 297
494 39
346 275
83 81
380 491
489 373
234 71
482 278
173 321
330 269
147 78
210 273
425 174
378 358
412 108
385 310
20 109
5 151
351 108
170 143
424 268
399 401
456 149
109 209
429 494
448 408
373 431
74 1
321 328
149 232
15 225
76 50
309 304
289 265
49 91
328 432
77 328
286 92
138 208
148 69
480 343
185 269
57 208
444 82
197 25
275 448
40 211
273 115
117 255
98 195
52 349
151 438
52 421
466 406
118 100
142 422
275 452
292 217
468 356
95 57
434 339
117 32
41 94
373 427
167 238
107 433
279 349
45 471
395 23
417 387
146 63
79 218
121 481
80 120
47 299
163 49
2 347
258 37
111 482
388 13
290 255
179 478
182 458
60 163
349 291
425 123
85 12
210 157
158 185
44 135
86 26
29 39
168 169
418 227
436 433
492 287
336 254
244 320
353 411
473 149
204 403
10 101
287 136
265 227
228 142
59 50
403 38
359 226
293 48
211 77
218 52
131 232
467 90
124 4
171 92
396 212
345 495
243 222
402 476
196 55
384 229
92 179
207 325
53 97
85 482
485 8
479 202
63 487
346 288
172 157
428 60
456 308
270 15
189 117
158 306
395 372
402 47
439 127
470 339
461 153
334 17
46 234
41 60
326 117
65 227
310 465
159 489
292 183
94 205
291 270
10 189
355 314
403 206
100 406
41 17
237 174
458 324
232 309
119 64
395 94
61 171
213 380
313 329
301 192
56 268
399 8
453 204
2 475
92 88
114 80
339 394
369 479
338 330
394 417
64 408
200 94
16 469
397 451
281 451
327 150
275 467
348 477
179 162
322 467
367 460
87 192
328 0
98 224
177 431
125 240
0 209
219 456
380 428
3 132
147 9
192 84
460 134
451 421
224 153
483 365
438 438
235 462
3 137
423 266
281 252
168 193
246 459
325 131
422 352
309 225
219 108
470 301
459 68
198 24
481 399
415 5
106 177
184 52
259 436
237 275
251 65
176 399
245 485
206 280
491 353
177 231
164 65
78 287
318 466
224 273
259 94
331 188
190 362
216 336
489 427
258 150
327 230
346 406
215 10
319 472
404 313
202 251
240 133
459 152
103 163
279 181
199 186
244 328
193 383
41 439
120 312
274 168
86 297
156 350
408 14
80 500
150 129
223 372
367 172
248 165
450 385
253 280
223 245
47 268
471 253
358 77
142 161
304 281
219 296
97 219
187 485
421 68
137 105
190 267
360 186
299 53
117 15
275 328
475 265
457 393
124 280
400 461
485 295
452 102
282 6
151 199
308 96
87 238
81 56
455 86
96 207
227 230
376 484
183 393
246 484
304 8
36 436
284 155
481 201
375 77
111 211
220 500
320 192
443 119
48 64
395 216
89 252
481 101
238 264
405 291
60 330
46 344
175 493
383 436
305 118
406 316
0 457
216 482
339 377
390 136
225 33
413 272
216 434
364 192
344 431
7 348
109 406
334 377
223 420
381 486
2 305
323 371
296 108
186 443
81 431
77 124
83 152
249 130
160 363
275 70
415 462
139 182
480 48
461 338
146 233
458 385
109 187
321 173
364 9
122 258
36 343
179 47
335 288
254 226
192 108
306 429
216 106
182 34
433 179
293 404
70 237
479 288
144 292
474 443
417 460
358 123
415 17
178 230
133 67
337 188
254 273
8 370
371 203
469 114
316 349
171 421
61 107
149 474
329 381
1 456
239 127
62 282
315 377
492 198
290 56
465 436
125 490
435 127
384 319
276 496
93 150
134 37
432 266
441 496
156 64
220 313
400 391
339 251
180 1
183 99
278 276
446 29
272 100
439 312
408 361
60 73
253 57
86 244
201 312
450 325
192 61
227 155
441 432
88 323
135 110
312 196
315 414
309 194
163 121
464 360
161 193
253 500
438 106
22 372
42 54
84 451
279 497
365 161
309 401
480 3
228 90
59 372
453 471
470 444
287 276
145 305
497 55
488 151
489 159
273 499
469 478
285 209
200 87
254 369
336 249
130 228
181 79
469 144
189 103
329 148
313 394
209 192
235 239
166 37
262 407
421 278
484 416
226 493
102 404
356 126
306 392
367 187
377 473
487 421
295 248
324 63
13 165
171 416
64 304
275 79
297 32
424 378
140 363
125 210
196 260
92 464
38 53
165 118
95 161
34 183
68 103
149 108
11 368
103 311
233 19
291 41
99 174
444 225
265 54
159 127
170 94
64 207
209 385
303 271
465 124
489 438
212 6
418 174
28 4
268 446
20 65
370 490
44 20
15 414
348 192
222 145
326 240
348 445
20 343
386 445
295 252
7 153
192 315
222 489
195 119
181 144
124 95
126 206
288 23
272 377
34 204
442 274
430 25
316 264
425 463
310 374
496 362
8 376
37 2
329 104
213 372
379 281
129 433
473 400
101 299
338 354
311 474
343 48
302 140
494 95
216 69
408 56
453 348
498 470
47 249
183 271
224 318
396 488
209 142
168 368
189 432
186 383
230 356
109 77
436 125
401 483
468 152
463 196
421 205
377 442
178 494
350 343
193 449
231 392
88 468
37 117
108 174
108 63
456 164
368 436
193 436
275 172
306 331
379 456
448 393
377 280
149 271
115 436
330 356
101 384
173 186
412 245
16 212
474 33
436 74
197 355
111 198
252 26
0 58
197 449
44 262
375 380
415 133
354 347
158 379
483 134
9 168
99 329
238 267
288 449
99 127
307 1
121 468
238 169
201 339
366 0
86 324
214 36
335 233
194 306
288 471
64 441
453 19
257 327
429 173
428 68
95 223
448 137
446 290
451 59
343 212
131 323
224 142
177 234
233 313
177 221
2 56
104 312
69 160
268 294
190 382
422 85
171 336
135 14
212 239
133 316
311 243
412 328
241 210
408 135
319 265
327 54
122 444
175 196
51 20
276 477
325 467
286 136
478 419
403 343
110 483
371 432
101 286
95 333
312 74
203 379
459 347
500 301
483 249
371 258
4 120
490 94
427 388
92 69
362 482
344 98
167 108
293 232
427 78
8 73
358 229
216 415
133 302
29 204
327 270
159 328
122 229
350 381
270 123
372 375
262 253
401 358
418 323
99 380
409 493
485 409
386 296
257 35
428 144
376 280
362 457
272 29
11 47
239 55
372 96
468 377
160 489
2 397
51 225
150 93
11 163
221 488
68 117
8 500
210 32
261 45
498 130
241 225
100 208
328 461
435 233
371 188
342 56
143 129
136 55
6 159
126 444
150 274
484 84
256 280
308 382
183 129
436 99
96 287
289 236
85 364
458 111
65 336
368 384
209 441
251 71
424 104
240 226
356 370
264 209
344 478
112 459
335 86
155 97
199 106
244 52
191 89
364 7
353 347
134 1
213 158
380 409
396 154
404 188
54 304
498 382
236 228
12 264
442 9
338 173
232 377
363 475
246 31
129 64
205 2
299 84
268 198
240 423
427 75
295 327
15 45
417 181
386 73
446 260
439 236
124 486
305 321
424 60
419 336
244 289
265 301
216 326
153 71
331 364
145 323
280 385
12 422
0 222
447 232
297 167
390 404
471 96
95 293
189 324
228 290
202 262
224 162
115 241
456 238
228 489
372 244
170 329
263 120
298 488
294 326
55 160
353 294
486 226
112 16
451 4
431 246
425 429
457 270
491 348
103 317
359 44
78 266
177 38
334 63
466 126
269 72
487 178
176 30
213 466
434 400
68 483
214 51
349 42
187 215
358 245
415 110
437 150
467 290
411 26
220 396
114 128
44 130
99 195
129 395
450 221
4 56
347 258
66 47
475 142
198 409
439 102
209 299
207 42
257 232
8 4
455 465
401 113
75 91
221 151
479 339
103 251
383 343
393 238
108 221
121 302
127 53
35 410
222 234
302 465
185 453
254 112
361 219
287 116
287 323
352 38
6 332
287 371
14 442
246 283
475 437
230 116
7 274
201 427
25 453
297 238
120 227
366 349
124 128
248 492
13 214
22 364
375 395
92 68
254 234
234 477
431 212
446 334
277 374
373 500
420 288
393 119
328 169
7 393
222 240
428 393
290 374
328 268
207 100
365 210
496 7
487 291
124 361
495 310
366 429
393 4
380 77
303 495
3 376
176 458
315 211
159 1
470 411
489 468
18 252
424 50
123 415
77 168
66 215
8 56
67 263
465 31
63 233
129 255
273 139
353 215
125 164
330 48
356 383
135 437
152 444
441 300
465 251
35 17
286 407
68 348
362 25
290 29
116 91
341 114
404 265
236 271
351 139
218 16
349 378
318 334
423 425
337 377
396 268
421 236
60 273
375 336
415 351
213 455
353 192
46 181
445 482
33 147
276 327
161 250
119 412
379 16
45 184
229 185
319 54
416 426
77 292
297 213
356 465
64 147
475 193
135 126
42 412
285 316
46 356
142 405
205 19
180 352
469 408
284 78
92 270
328 250
408 75
265 386
161 13
402 238
497 227
181 409
51 268
383 184
184 359
138 105
35 265
426 24
171 131
436 184
135 367
269 182
490 11
293 274
469 22
338 338
424 104
431 416
388 490
385 168
118 194
349 39
416 53
156 390
276 160
155 261
367 250
182 52
27 410
327 323
486 114
192 366
46 85
310 322
127 112
325 186
300 168
476 81
462 471
222 432
414 307
3 250
84 212
132 22
339 172
254 368
438 435
306 313
195 417
260 21
0 326
340 18
334 212
292 389
98 475
142 72
345 92
46 186
407 71
63 423
149 347
52 303
140 458
282 324
200 295
416 128
147 165
158 33
402 493
314 282
101 251
117 179
375 80
80 432
239 58
166 451
246 417
488 12
161 377
107 285
474 16
451 414
255 257
220 82
104 193
151 18
30 455
364 186
26 290
399 311
394 472
498 439
386 240
382 247
62 145
305 105
165 198
359 115
340 395
103 38
402 429
415 230
303 500
263 5
283 483
313 185
143 116
431 448
119 180
240 60
243 482
23 363
451 404
410 73
287 308
464 119
81 363
46 414
394 307
11 269
314 149
172 179
164 170
419 460
382 193
64 288
425 373
113 13
498 117
197 46
145 128
4 88
487 151
215 445
295 340
357 19
273 405
350 432
258 68
242 251
50 120
288 300
274 216
50 432
303 343
372 255
500 459
123 144
132 430
256 72
349 362
277 338
444 187
254 397
67 447
124 407
387 313
109 224
80 480
425 486
410 362
438 168
243 133
440 76
166 104
412 228
265 5
189 57
360 355
149 178
215 264
67 114
88 333
475 332
392 126
236 338
285 465
381 412
153 365
58 483
58 358
27 279
125 97
443 249
487 407
415 341
97 235
274 120
435 409
425 58
456 91
494 387
23 124
296 161
234 322
418 113
278 307
313 492
292 293
368 361
274 138
200 399
301 107
53 81
14 66
149 251
71 154
327 334
306 173
331 430
449 148
496 399
75 43
177 256
51 366
412 7
435 306
207 220
337 500
49 154
120 52
255 77
211 192
8 58
103 68
202 103
97 18
329 388
287 103
367 470
264 263
189 438
198 179
193 321
61 292
460 198
445 230
13 387
404 383
130 436
338 218
322 333
19 434
204 416
446 169
161 222
254 137
263 386
176 359
99 90
431 290
308 293
326 239
86 270
309 372
497 139
79 98
152 224
53 491
100 242
187 302
390 231
216 369
197 98
209 183
131 349
105 23
386 323
493 258
341 213
226 482
262 83
145 17
356 113
470 476
228 108
299 438
68 51
160 473
494 173
96 369
177 74
463 69
191 455
174 172
465 420
334 203
462 33
204 104
10 184
292 236
299 197
329 315
264 298
254 3
357 53
220 374
145 372
26 23
348 290
230 13
257 417
110 483
13 13
344 448
210 124
474 81
18 313
241 125
59 7
21 66
214 363
173 23
18 104
267 187
0 482
289 212
212 442
289 497
312 447
323 18
135 141
411 416
188 38
85 314
479 178
86 293
422 131
481 252
473 225
41 137
205 287
193 152
500 42
350 454
380 143
457 149
151 97
251 90
80 269
344 420
109 313
258 73
410 87
476 64
57 436
47 188
294 326
478 269
371 46
442 65
42 347
323 428
109 234
188 132
161 20
194 230
53 119
202 238
4 482
240 470
37 106
500 317
0 390
80 487
381 463
297 11
483 250
9 310
492 271
330 244
273 496
482 4
248 97
397 113
113 238
288 258
10 251
331 405
328 110
189 429
497 67
180 48
248 481
272 196
159 364
384 376
274 452
381 158
45 358
155 138
290 14
21 316
44 425
166 490
377 273
479 48
442 102
97 253
142 341
146 437
352 288
433 30
262 423
409 244
344 292
428 292
336 453
455 151
181 291
378 310
92 164
220 264
238 90
70 377
297 162
276 155
353 454
490 222
22 19
164 439
438 302
122 414
372 199
439 458
375 401
309 144
92 379
233 164
122 185
468 10
303 489
226 494
461 266
169 30
423 103
162 338
258 284
472 11
3 141
240 266
226 238
295 193
262 459
210 129
144 387
64 93
449 124
53 364
91 173
412 381
460 265
129 302
36 177
484 147
241 300
228 330
485 271
360 148
74 257
357 497
266 67
339 174
453 301
422 6
223 159
189 204
346 374
433 17
182 67
93 250
396 204
164 128
319 194
115 345
186 394
324 451
192 363
489 492
74 90
384 384
17 147
475 396
206 461
109 182
131 146
331 24
55 47
464 291
182 457
41 435
435 495
404 95
47 460
443 116
39 304
38 145
447 79
0 59
129 385
372 91
475 122
499 66
428 472
38 60
28 194
459 172
29 111
216 5
272 31
449 360
7 121
66 350
146 35
312 464
454 97
229 129
98 357
352 424
216 402
419 172
478 117
232 336
440 58
432 466
236 352
421 407
131 385
496 154
5 32
111 67
64 216
421 110
431 193
35 159
306 102
182 421
466 76
330 68
67 381
29 108
216 347
232 362
4 297
365 374
267 326
356 17
330 168
32 153
84 389
187 93
155 175
332 24
270 80
136 392
383 173
119 250
468 369
0 462
72 402
419 188
126 339
193 133
8 158
275 43
247 121
378 180
476 495
172 444
402 447
326 228
182 345
255 296
414 429
149 200
433 392
396 116
444 198
0 13
158 36
132 196
251 180
459 440
388 336
205 357
430 18
367 249
166 116
148 352
60 227
341 47
7 82
449 385
251 284
319 251
80 31
244 364
180 48
199 434
124 481
359 463
1 411
72 95
465 431
413 285
11 35
388 432
239 390
26 5
11 54
56 170
457 429
442 395
148 102
351 384
421 364
375 95
418 278
179 414
357 9
89 269
177 459
460 162
69 388
439 58
382 225
426 280
318 388
338 195
69 25
299 320
144 197
352 32
158 447
8 320
164 79
117 499
477 425
262 332
317 285
383 372
311 382
347 79
22 154
262 409
132 425
289 260
204 15
230 160
299 74
171 195
135 272
113 319
318 2
172 223
226 432
27 232
34 256
400 86
78 175
120 401
95 247
430 487
218 180
177 51
131 97
168 156
209 283
303 235
375 461
288 479
67 180
67 419
293 334
244 302
13 283
117 270
356 37
285 248
323 279
417 88
321 452
446 303
434 91
153 398
490 187
432 479
199 28
33 234
220 96
180 411
392 433
413 424
215 58
255 2
292 325
163 56
172 385
144 259
321 215
115 168
343 278
440 141
360 455
410 218
318 281
254 130
485 190
142 200
161 482
203 240
220 93
169 462
391 343
257 378
31 301
481 465
406 23
143 313
130 185
401 425
481 114
153 317
428 87
117 385
490 471
139 404
391 386
472 419
21 93
320 477
287 52
367 473
166 75
364 124
288 236
7 270
322 233
464 199
223 353
253 16
33 397
151 499
59 275
2 419
5 422
417 449
457 460
335 159
494 472
269 367
273 65
355 16
213 338
50 99
436 437
186 170
493 223
63 431
187 365
55 306
340 241
78 123
90 272
102 204
69 405
41 256
284 0
236 240
331 28
220 370
359 211
207 500
229 191
275 286
121 260
112 455
482 296
384 457
70 442
162 245
174 446
159 235
278 285
360 346
398 477
345 103
145 143
397 123
344 434
147 203
465 271
263 348
55 101
483 199
177 122
455 316
308 466
109 147
127 397
184 267
338 308
71 441
81 250
50 132
379 489
173 271
103 184
479 83
456 304
287 167
31 104
239 433
463 296
357 58
8 164
361 308
323 475
138 64
279 467
422 296
162 178
136 246
246 263
307 7
49 272
6 258
388 6
450 276
207 300
166 374
128 274
393 175
240 109
48 478
205 89
448 363
189 433
400 437
310 35
258 154
279 485
163 119
246 399
18 255
417 126
134 459
328 35
225 285
329 23
325 101
294 233
198 138
291 26
47 169
383 356
302 456
28 254
105 410
168 344
305 243
197 442
266 177
333 482
473 332
378 143
251 21
304 427
275 448
65 445
102 192
174 119
258 177
496 162
327 158
8 306
365 119
186 215
416 82
175 93
15 393
23 11
328 136
476 260
436 18
402 400
294 20
399 413
445 462
188 207
175 4
135 198
221 121
206 118
410 434
366 86
11 200
217 304
46 305
426 292
186 322
261 0
387 35
436 48
154 270
130 123
61 189
188 384
159 45
353 453
197 376
482 367
318 474
115 454
376 489
150 88
44 347
260 375
295 102
298 409
411 493
193 1
57 35
405 350
182 317
99 187
90 174
428 42
13 466
29 452
461 33
443 167
298 307
262 371
86 483
246 323
219 6
336 97
140 378
241 145
261 435
184 116
412 244
318 281
131 394
369 340
453 192
468 381
414 147
75 82
86 337
427 84
129 369
119 399
229 401
455 152
271 78
121 483
209 396
482 360
260 89
396 33
4 47
171 318
315 428
82 41
412 463
428 399
413 42
333 99
453 422
76 173
27 489
497 500
415 11
491 498
424 84
265 88
454 480
495 246
176 462
123 176
218 292
231 34
278 215
378 74
52 343
24 237
344 318
191 481
169 9
247 80
493 444
156 294
341 321
61 345
347 497
381 498
93 465
166 478
376 240
176 74
28 196
284 465
408 452
298 157
99 174
106 378
458 137
198 263
418 496
376 122
415 334
83 490
300 100
60 126
160 202
243 468
190 437
212 383
353 397
353 422
179 27
480 201
470 473
118 415
200 428
371 413
42 468
131 415
241 100
401 88
211 442
73 164
0 431
441 66
481 10
282 202
472 289
393 445
394 374
203 469
58 349
487 259
312 62
196 403
462 174
238 30
255 305
56 450
167 347
496 497
462 382
452 177
500 211
168 279
58 25
486 267
62 292
7 143
100 167
9 495
242 349
414 277
45 78
402 300
308 109
180 319
157 271
195 439
217 259
267 252
233 76
284 431
39 312
142 291
68 246
108 147
139 453
426 364
73 408
406 7
182 295
132 249
134 439
125 393
176 59
373 193
477 198
76 374
335 419
204 402
482 177
480 450
60 294
240 166
16 175
361 54
98 495
46 250
377 397
183 233
226 403
278 453
401 98
464 206
294 380
132 64
333 330
495 314
268 69
285 239
489 356
97 166
332 302
449 361
324 270
344 287
473 291
342 372
332 375
143 428
448 260
374 474
379 282
351 426
141 409
459 441
330 66
163 74
109 415
459 448
250 284
92 152
173 322
9 205
261 437
474 479
475 60
500 329
299 327
258 247
485 255
207 490
131 37
175 266
336 375
268 14
28 405
280 457
171 410
126 308
263 91
189 350
473 490
167 487
262 396
90 52
192 8
154 222
334 28
140 500
340 231
444 308
387 209
456 366
99 286
53 62
414 344
355 297
187 34
438 10
208 415
76 216
141 23
322 256
110 144
61 47
284 159
93 215
268 106
405 287
352 187
16 69
97 214
193 29
112 2
52 453
36 234
14 322
493 4
317 278
108 170
480 426
136 63
61 117
182 412
280 60
23 275
473 309
349 9
423 357
401 103
479 44
423 206
321 332
90 191
23 359
460 82
222 498
117 294
89 102
399 412
12 465
15 95
153 225
495 379
65 260
444 407
177 33
393 87
178 115
284 158
329 310
83 318
398 421
26 167
456 108
66 102
392 320
431 360
496 164
325 63
74 268
127 405
204 48
167 473
160 131
377 272
139 144
173 342
87 318
11 269
234 341
11 273
25 12
75 420
422 291
105 349
279 245
361 309
416 293
81 267
33 6
13 200
96 421
38 166
177 142
243 480
235 443
121 135
434 90
499 127
349 188
331 13
76 339
346 313
166 395
52 490
244 259
46 189
39 476
151 410
418 221
241 487
416 5
223 167
423 111
284 282
448 249
212 366
108 267
438 165
362 348
98 175
250 407
426 439
208 285
282 165
101 126
307 84
492 255
364 98
215 421
299 146
137 380
452 117
400 158
175 188
208 488
60 381
260 148
100 164
164 499
103 330
406 495
472 145
233 212
340 20
53 52
167 313
35 291
476 305
58 357
261 349
153 380
178 348
227 190
340 129
327 489
240 79
486 224
13 145
220 453
402 65
358 224
409 330
414 41
94 125
236 490
141 32
98 457
298 138
361 427
412 313
491 8
324 45
310 69
106 245
279 438
160 199
436 200
294 233
139 257
173 236
351 315
358 91
200 470
262 294
133 60
141 26
311 433
149 462
35 484
392 23
461 289
275 384
91 422
169 391
41 190
131 435
201 334
382 62
138 145
330 437
190 89
3 224
346 79
318 319
488 76
495 119
257 387
308 451
167 3
410 236
288 183
368 413
81 473
89 119
41 111
205 201
291 71
370 483
52 20
220 436
136 284
437 135
13 123
339 376
226 242
293 184
215 91
425 320
43 163
176 194
388 335
179 346
485 369
337 101
407 78
272 320
36 468
80 58
228 367
1 25
120 407
408 128
332 291
233 215
444 303
411 202
60 440
496 433
96 222
306 314
242 371
414 24
452 343
276 384
219 338
272 245
381 47
201 355
407 22
264 316
428 312
198 340
388 287
376 389
253 251
225 144
264 475
474 375
451 440
104 414
124 304
413 368
198 334
323 365
243 284
494 198
193 49
96 443
335 44
139 345
68 1
53 192
285 80
412 219
303 31
349 56
58 139
216 317
383 263
241 150
471 180
31 226
407 78
46 283
343 258
186 120
284 186
259 227
63 488
293 59
170 65
85 159
238 95
145 322
179 107
473 185
120 359
49 220
112 204
133 132
59 105
334 42
399 21
2 25
486 260
248 456
94 135
365 288
27 106
58 145
226 104
108 124
337 477
263 165
314 199
435 323
182 20
19 452
459 220
118 63
36 284
8 280
404 81
191 79
232 155
435 429
344 2
333 312
10 194
42 182
211 147
21 391
239 356
143 80
429 85
376 169
151 430
334 135
127 104
282 405
317 299
487 158
164 27
325 357
224 206
294 4
82 212
398 297
330 340
118 215
450 481
86 479
240 180
298 311
46 50
306 177
463 301
370 228
445 142
330 358
376 52
3 394
443 57
127 412
393 296
220 63
461 124
422 157
430 168
262 85
447 57
301 260
211 334
40 389
188 344
46 307
61 75
52 292
20 499
93 368
411 38
440 268
442 209
323 441
72 461
271 165
345 296
481 421
261 321
24 135
234 187
140 237
225 55
226 146
107 238
53 111
453 63
379 270
293 257
251 86
381 16
136 457
194 61
217 425
128 454
173 309
256 221
195 232
389 380
381 72
80 286
140 117
381 407
363 161
163 205
58 8
212 183
389 349
314 266
248 462
10 436
232 222
21 266
229 348
252 396
144 320
26 29
153 175
377 317
186 16
313 408
91 109
263 335
444 112
295 480
192 190
287 304
480 421
354 238
297 149
318 253
426 71
199 391
79 113
176 141
272 106
308 36
205 31
394 78
331 362
107 122
294 346
68 484
195 110
414 150
255 218
96 152
7 164
376 220
490 73
246 312
148 459
230 427
441 424
354 35
160 223
472 414
86 96
413 158
448 483
248 82
135 13
388 72
76 239
458 74
500 196
344 178
64 167
435 336
383 179
409 196
195 207
319 429
29 71
88 481
334 411
17 263
202 35
262 353
490 177
186 273
397 225
397 163
219 401
61 101
16 488
57 305
307 482
371 444
192 18
93 479
5 115
284 254
310 249
151 172
226 88
302 365
411 225
87 426
287 52
108 381
423 371
459 30
475 216
310 164
305 229
371 216
21 328
388 486
499 343
70 272
476 245
454 422
402 107
243 133
87 253
123 429
64 33
279 488
497 53
105 46
371 389
154 275
319 235
29 7
306 352
8 355
360 386
324 335
451 84
499 61
77 347
280 241
270 176
282 205
381 216
285 345
266 92
412 339
225 175
209 477
255 71
138 361
251 130
332 13
493 94
320 196
427 167
362 91
196 234
169 358
375 358
100 113
149 270
309 126
14 428
350 21
462 328
322 151
303 423
72 427
288 144
495 440
179 415
218 210
488 88
349 484
328 81
67 41
380 402
449 325
25 29
131 52
327 291
388 401
189 358
500 189
191 410
217 495
495 237
111 341
240 239
451 18
56 475
18 368
231 260
172 70
301 285
326 248
391 184
153 412
199 157
328 44
10 80
449 481
379 422
487 318
107 436
268 394
432 254
326 107
275 84
234 70
377 467
120 494
403 312
156 213
241 384
7 227
389 450
294 2
369 343
391 227
63 257
427 123
179 452
479 295
58 406
248 137
131 446
132 18
403 55
51 134
115 119
14 397
255 433
366 40
446 391
20 144
260 8
267 304
260 358
363 243
101 91
86 482
499 238
208 118
480 96
315 145
241 280
52 465
0 99
33 298
32 325
218 139
200 432
344 259
413 441
445 485
453 461
249 97
107 324
283 377
98 280
300 247
195 9
321 388
345 444
176 140
360 483
233 300
95 489
149 254
424 319
358 259
455 213
195 254
257 373
59 361
81 467
247 155
127 121
232 92
336 447
383 128
320 499
369 294
483 153
438 472
352 80
433 326
343 370
99 28
146 291
491 327
252 59
324 414
386 414
147 54
22 118
199 142
402 316
129 25
56 212
315 84
20 33
137 429
274 193
375 10
17 477
231 484
69 1
299 263
264 173
13 412
496 118
87 71
310 370
41 197
258 247
110 413
259 311
382 291
424 206
177 9
54 427
275 107
38 298
25 498
422 326
39 130
218 376
318 121
239 206
137 411
419 291
159 326
300 232
393 357
165 493
34 278
364 324
493 493
86 250
4 464
107 378
299 127
382 461
298 109
11 105
486 243
229 204
144 121
141 255
152 122
99 7
100 402
368 197
208 174
188 352
4 256
440 450
487 500
138 255
309 93
12 86
39 14
425 285
434 396
390 17
162 25
329 205
315 296
184 263
332 255
189 112
437 276
333 302
62 331
430 251
242 193
157 87
146 289
396 495
303 489
92 29
186 180
496 413
433 215
424 463
329 446
470 491
80 179
123 437
365 200
90 223
184 349
47 96
32 241
101 215
362 45
192 219
334 63
391 184
324 157
125 489
427 200
4 113
283 199
387 339
245 124
198 183
154 339
73 307
211 415
3 109
314 9
27 73
455 294
88 484
369 177
86 392
401 36
134 249
185 469
102 272
438 33
102 132
77 9
277 294
434 406
268 483
91 219
490 103
152 305
140 387
213 79
301 161
308 349
4 182
212 348
365 477
140 397
286 129
448 311
306 14
273 346
37 1
428 99
270 208
14 408
83 395
66 15
393 54
81 179
37 127
314 452
293 500
497 76
127 320
345 347
273 299
398 218
479 189
302 490
209 331
67 95
327 422
337 424
328 486
206 116
154 347
234 95
277 174
124 181
349 69
315 390
365 378
405 0
227 84
204 52
478 441
70 377
230 208
466 99
469 99
465 473
445 331
130 241
240 357
6 167
55 244
179 315
311 421
450 173
288 83
17 44
386 458
278 248
132 209
188 191
326 440
396 404
476 373
292 143
336 378
132 315
287 377
75 344
375 312
209 392
365 96
368 439
116 467
115 378
272 297
276 262
360 174
322 233
201 458
293 170
107 221
67 240
300 421
444 162
170 134
121 177
52 447
188 276
146 116
322 312
395 489
356 402
68 232
310 98
112 298
170 232
359 431
392 99
400 440
126 132
151 176
405 112
110 390
309 226
34 55
133 323
190 498
111 317
476 206
299 336
492 398
250 196
276 65
26 412
480 110
208 434
124 280
197 21
231 14
62 410
318 205
235 263
288 471
75 189
418 177
318 254
40 302
94 405
237 188
281 483
291 26
112 200
422 440
197 25
415 251
399 267
393 210
3 381
426 304
218 0
53 326
343 184
16 62
130 4
389 32
439 483
415 160
259 387
402 324
323 167
155 85
152 253
430 281
111 128
78 228
70 399
366 163
31 23
208 232
313 341
264 275
287 279
314 231
354 22
362 421
129 84
323 459
283 26
484 483
6 164
206 33
52 292
5 453
59 476
6 382
38 130
160 38
184 305
34 273
233 475
269 33
387 207
140 364
221 374
85 159
377 205
268 287
84 359
122 311
499 103
150 469
317 129
464 364
491 73
52 400
318 307
22 296
349 296
497 389
248 74
175 440
413 197
260 279
125 498
316 343
141 464
296 458
376 7
216 317
297 317
414 475
109 1
198 286
277 356
290 225
420 58
114 286
430 471
436 90
29 153
497 137
203 2
397 320
197 484
212 25
320 453
27 270
209 104
293 92
76 21
104 386
448 45
271 386
316 185
256 398
210 393
427 374
246 326
98 177
464 1
170 169
411 337
403 485
220 27
154 51
314 423
19 202
447 405
414 468
492 2
11 479
205 117
106 118
429 485
389 92
406 99
165 271
194 428
87 31
151 496
216 277
268 268
343 481
411 341
452 449
179 192
474 401
330 161
357 151
431 350
335 275
202 461
3 28
353 200
237 92
178 186
163 227
281 188
389 143
256 109
35 142
68 180
233 139
379 52
199 110
433 152
427 56
53 266
476 494
304 488
244 165
78 29
112 411
320 270
134 398
410 205
117 384
483 425
408 431
193 6
452 239
372 353
344 62
459 198
93 43
221 400
480 391
86 315
458 434
420 441
139 425
409 218
202 70
344 444
261 404
145 465
133 34
365 131
132 99
153 409
394 326
5 375
96 120
268 109
320 374
446 495
217 387
158 218
351 304
61 149
226 110
251 264
478 108
48 122
488 111
133 210
241 184
385 143
321 19
463 323
271 247
203 124
447 234
66 486
78 41
293 496
37 297
312 383
311 396
447 401
249 6
419 324
355 125
327 236
82 313
360 141
163 145
389 469
498 397
438 419
287 272
284 202
352 103
8 499
381 198
142 98
158 463
154 378
387 185
248 322
481 328
320 177
34 67
80 127
119 68
104 336
251 456
204 371
104 389
274 142
200 270
182 67
403 96
3 189
272 185
230 237
485 306
394 283
335 446
152 103
318 402
181 262
337 399
395 181
339 315
446 159
367 13
434 107
417 204
137 302
475 386
142 108
23 119
69 367
281 478
75 155
363 397
341 99
408 411
30 171
268 17
61 81
132 404
272 271
228 172
208 300
456 287
310 136
252 50
4 152
451 7
138 263
102 321
185 424
238 429
67 426
340 415
17 153
119 343
334 485
457 75
411 388
330 246
176 106
78 248
44 462
417 404
23 300
281 297
105 202
123 103
102 148
113 131
51 322
37 20
378 65
408 267
206 108
488 368
244 294
488 317
494 475
125 372
232 52
378 159
430 127
66 201
414 409
297 351
473 33
17 198
231 398
219 19
290 325
34 218
480 496
289 129
491 99
252 95
48 161
341 210
499 285
491 432
150 203
402 215
55 199
480 433
325 498
334 73
372 63
227 321
60 499
401 82
476 365
207 171
172 359
345 473
320 323
121 210
268 386
86 353
409 308
88 244
46 4
425 349
147 145
429 107
69 494
36 145
264 63
262 296
472 302
139 270
352 141
98 469
338 479
436 276
408 185
185 357
338 126
215 62
50 170
208 163
72 392
86 233
78 93
4 303
3 388
84 435
267 76
125 490
191 437
292 493
34 87
329 127
187 210
3 13
153 297
80 437
399 168
440 307
121 195
289 281
467 386
432 77
4 105
192 208
498 229
236 194
395 490
42 368
221 130
387 21
305 20
125 142
398 69
119 76
111 226
303 89
133 28
427 344
448 116
93 215
371 290
49 135
366 88
315 381
344 247
460 76
360 177
130 102
479 207
422 451
474 430
337 322
376 71
313 130
305 234
215 421
83 115
138 391
68 195
219 14
78 346
470 496
177 114
143 160
211 132
17 154
420 162
109 19
463 287
279 309
376 226
449 401
13 407
455 34
148 107
337 200
311 261
220 270
351 434
51 162
342 300
19 252
353 362
141 174
46 153
455 337
423 435
252 265
496 386
338 91
482 126
291 340
193 408
169 330
290 51
265 367
110 433
45 445
471 354
414 455
219 59
423 338
177 320
161 446
245 318
99 98
174 28
331 227
144 290
273 227
49 340
415 399
148 352
93 359
153 164
131 490
54 100
149 486
253 119
193 144
51 456
277 400
199 12
207 134
123 167
105 198
441 308
311 135
150 57
76 5
162 475
347 323
436 219
157 476
122 355
210 72
13 153
409 366
110 446
80 269
316 92
276 313
306 351
383 36
281 217
324 62
113 98
219 421
166 207
344 168
256 30
59 96
128 397
340 159
281 461
448 406
236 363
185 406
491 258
127 498
33 496
24 135
3 282
456 412
63 188
456 273
467 207
491 142
451 484
49 114
212 16
53 102
339 424
346 278
227 4
201 163
399 333
137 435
102 417
238 471
426 268
253 394
306 274
145 77
68 0
10 298
339 134
217 420
82 247
300 408
295 372
9 5
443 94
201 416
307 214
100 238
421 184
141 184
264 84
37 366
106 135
346 317
275 73
293 125
362 25
162 377
451 474
216 458
330 283
318 366
474 53
435 92
127 443
190 228
234 147
127 309
405 488
188 342
355 153
470 202
240 354
128 206
258 21
166 139
169 269
123 97
183 123
426 406
70 247
496 229
378 255
252 359
219 30
223 407
125 203
36 474
198 320
179 419
212 91
95 70
188 481
353 364
400 238
179 134
33 446
160 479
373 325
78 191
202 215
249 271
412 308
451 287
248 424
62 47
347 497
170 463
359 236
88 288
424 68
213 485
435 383
361 146
182 424
449 103
257 283
53 231
453 326
26 346
361 175
116 430
497 118
242 90
171 131
180 219
383 374
266 258
145 483
173 100
148 203
392 460
106 369
145 377
47 94
93 313
203 492
339 363
486 184
473 177
209 266
240 316
1 63
96 313
303 470
122 117
115 378
27 104
29 445
465 209
4 33
477 194
278 366
382 36
200 372
121 129
113 0
440 366
319 64
185 9
264 188
448 293
18 329
269 71
198 0
62 61
61 289
130 362
173 63
271 74
304 443
149 379
81 60
272 372
159 134
37 264
41 323
468 261
317 78
78 406
242 279
48 325
2 56
178 203
166 238
375 229
368 92
50 251
67 409
468 113
82 486
134 125
148 17
226 57
276 343
284 272
18 310
138 71
323 368
457 237
434 468
478 4
468 48
172 347
48 362
77 145
293 350
223 362
455 460
70 143
339 423
38 32
435 181
483 318
370 385
412 391
304 334
22 370
20 156
450 364
466 8
311 446
459 69
105 323
383 40
369 291
46 383
446 273
215 365
437 474
439 143
113 191
365 450
281 19
91 498
9 108
67 244
459 458
40 370
291 132
310 407
290 491
444 210
100 490
389 19
162 181
498 185
254 354
267 454
427 56
355 98
254 109
481 497
395 308
16 459
87 391
371 210
129 75
16 39
466 5
462 371
283 196
166 352
205 267
360 283
419 116
72 176
483 367
75 282
172 391
62 207
401 196
0 310
392 355
41 44
285 51
78 336
404 480
60 149
401 285
36 450
386 90
423 105
78 410
5 79
257 281
257 103
195 493
10 179
495 148
58 498
54 365
25 23
477 265
440 244
438 258
286 296
0 166
151 203
14 19
108 153
116 489
487 391
30 397
103 461
316 261
116 27
494 158
244 358
222 308
355 417
326 85
222 291
253 237
387 175
129 17
249 380
265 338
202 89
127 488
56 344
256 246
491 176
72 77
463 283
294 236
67 362
488 408
153 37
213 148
267 344
43 359
336 81
266 201
206 482
270 259
244 360
296 394
428 463
481 146
431 50
88 451
320 273
414 356
281 355
364 293
338 77
28 98
247 403
357 419
71 447
417 401
108 156
53 59
411 42
419 221
434 430
261 203
257 165
321 457
75 344
404 51
345 239
3 481
135 155
33 311
269 240
31 456
340 498
201 378
174 197
193 345
463 495
245 245
386 444
458 490
175 249
122 165
339 495
193 46
12 90
107 293
38 281
244 117
255 462
415 463
255 224
416 11
458 5
148 68
432 441
221 130
299 395
67 198
442 75
351 486
457 438
200 82
69 215
174 423
376 266
326 111
59 104
200 59
397 242
65 494
217 23
74 445
486 58
189 174
262 307
124 409
226 432
421 257
476 352
338 38
481 220
472 52
55 498
381 325
26 79
421 19
54 45
197 455
15 114
475 466
88 356
453 498
110 461
92 46
320 66
441 420
443 225
245 88
455 463
272 355
391 235
30 418
92 386
248 388
396 434
438 38
421 474
487 59
66 489
483 467
482 263
234 471
51 145
294 326
112 281
238 197
451 466
11 112
193 173
247 290
32 208
490 328
339 249
155 465
137 129
471 450
484 64
354 21
362 252
183 297
339 30
351 251
428 463
66 342
203 206
49 67
265 39
282 78
135 231
256 11
366 167
16 263
179 130
61 238
250 29
326 125
18 477
123 142
318 117
21 109
160 146
114 19
119 288
421 362
372 435
419 396
123 338
424 52
362 104
283 333
477 336
179 210
19 90
203 446
176 364
132 496
61 73
459 409
478 21
465 180
128 242
320 145
36 311
444 59
151 393
210 13
424 291
417 209
253 205
241 312
472 258
50 20
318 21
371 454
211 269
345 2
68 425
240 60
348 117
160 297
500 436
361 427
461 45
60 184
275 57
324 110
99 166
200 441
245 450
356 34
236 33
228 79
394 259
288 474
91 19
361 465
231 350
486 259
498 436
304 169
311 174
173 146
431 487
303 248
194 336
16 28
202 313
319 301
409 480
468 324
484 288
340 496
4 227
410 453
341 348
291 68
347 10
273 279
63 342
123 116
463 301
280 387
173 286
169 24
404 94
49 156
197 321
32 72
171 266
431 413
426 472
30 265
184 336
316 64
463 26
29 467
159 147
338 71
391 414
420 391
104 0
443 175
72 19
120 7
136 84
116 458
276 279
194 294
25 189
140 144
447 224
169 2
77 392
200 12
3 167
234 103
266 171
86 332
198 478
122 390
468 163
359 278
446 44
310 362
288 50
327 156
91 108
120 293
102 413
26 63
112 432
349 32
141 125
420 449
182 386
369 292
330 189
252 465
271 434
342 287
272 426
495 132
93 447
446 369
185 336
391 378
402 482
239 485
42 321
177 154
427 255
154 319
168 267
132 106
264 292
347 428
438 472
294 200
291 136
31 309
443 277
337 385
163 282
490 106
408 113
59 419
134 215
365 5
455 437
437 168
96 89
397 36
334 480
262 37
26 192
256 437
284 231
403 462
359 471
245 39
23 165
243 280
294 150
302 96
165 422
255 387
291 131
277 47
200 238
348 29
328 411
388 212
277 41
5 330
443 255
11 452
110 274
498 442
400 22
198 468
186 246
374 379
353 191
418 317
75 116
441 48
93 423
145 60
314 411
235 25
149 165
446 422
385 330
76 485
24 209
390 73
211 441
388 427
251 100
70 499
493 279
457 139
186 44
224 298
342 289
65 99
468 24
30 121
42 476
266 292
481 388
65 155
252 217
185 334
69 354
71 470
393 293
433 298
445 311
135 73
276 257
291 341
460 57
122 78
466 408
371 243
374 130
279 102
70 480
243 464
250 201
82 219
34 89
27 217
273 0
394 232
124 363
370 247
209 158
369 91
298 189
242 143
352 431
339 453
455 260
206 119
205 87
28 351
196 244
208 461
143 387
220 80
394 427
499 480
380 475
174 331
443 383
442 288
464 335
356 379
244 174
41 206
401 1
168 92
298 379
213 425
467 86
158 489
159 352
142 8
99 72
445 361
460 408
124 401
165 422
367 387
109 187
148 61
253 320
258 445
281 66
440 402
433 8
160 55
193 282
347 265
22 370
473 87
111 285
8 198
199 271
389 204
76 76
59 272
147 266
280 251
16 53
358 483
359 7
140 382
425 50
294 20
46 438
256 350
89 489
186 163
490 477
61 480
134 432
481 325
11 269
70 312
300 466
335 67
31 125
296 449
135 379
284 176
253 127
0 324
44 248
133 96
161 242
103 334
37 112
220 148
101 267
89 32
20 381
420 45
211 282
352 292
38 423
405 13
321 203
290 14
191 436
277 140
97 387
60 346
315 469
203 15
423 167
341 219
243 416
410 241
66 349
66 478
380 357
123 316
322 329
340 464
252 333
483 231
368 95
479 195
228 276
173 384
443 297
295 487
383 127
276 293
339 341
196 234
236 61
378 465
308 261
184 325
499 179
267 382
355 218
307 474
114 130
340 468
159 499
23 392
368 340
45 189
22 269
454 390
257 165
145 358
128 500
443 319
28 190
262 114
167 412
97 290
14 125
482 463
479 406
286 445
93 219
328 231
338 5
359 266
88 292
451 179
210 381
46 1
2 435
120 131
99 437
358 308
316 1
337 115
17 432
201 462
97 19
125 111
30 291
367 346
403 395
37 463
54 324
111 425
284 143
76 5
451 233
325 459
253 445
152 328
500 347
367 326
248 170
74 74
357 72
177 159
108 322
212 131
71 73
303 212
250 381
3 145
434 74
488 67
98 403
364 32
432 123
408 199
288 188
50 84
57 461
28 278
316 400
50 29
381 346
399 426
28 96
350 296
444 23
407 208
259 107
385 176
230 32
253 349
263 384
102 269
290 84
26 465
32 121
83 378
436 13
80 60
205 95
220 417
497 29
276 389
458 303
393 85
257 62
463 211
194 259
14 453
149 244
234 194
282 200
238 65
95 435
388 232
310 270
439 137
39 228
413 362
243 368
144 239
194 428
31 344
370 388
194 439
293 294
146 303
325 374
211 350
425 27
234 336
220 193
494 395
391 126
58 61
184 105
17 198
227 220
297 125
257 444
324 402
358 370
459 90
106 392
474 456
106 490
23 264
485 134
214 118
257 92
24 237
410 193
212 120
221 89
397 283
50 427
416 425
410 331
456 82
170 285
4 43
208 27
176 255
265 116
472 421
59 379
274 256
470 356
49 498
54 450
367 159
363 476
42 143
295 127
261 24
423 281
170 186
270 87
404 253
443 106
59 364
322 104
3 274
115 352
311 385
28 333
158 181
457 104
283 312
12 45
137 186
431 175
16 372
486 171
319 346
38 184
300 209
465 156
171 278
442 133
265 210
109 328
223 151
213 323
189 187
275 394
125 63
95 427
419 212
368 310
447 361
190 46
31 229
353 113
158 302
147 26
470 6
258 421
260 13
323 98
32 481
262 447
16 7
343 38
100 168
161 164
455 7
269 249
329 123
296 489
334 460
480 238
55 238
80 411
299 27
163 158
236 253
202 422
482 441
298 266
122 144
477 135
381 382
243 357
227 72
378 450
174 486
458 19
240 336
438 37
261 355
102 498
419 91
238 334
394 30
321 449
445 449
419 98
403 216
222 371
96 145
326 360
483 416
118 440
71 222
136 377
376 249
363 243
23 61
191 256
306 288
47 393
109 220
8 470
458 347
79 387
16 342
119 47
11 301
366 282
198 497
462 392
475 158
158 168
364 60
45 310
87 194
406 42
366 114
396 280
256 454
459 356
461 284
339 23
269 279
56 92
487 108
29 16
192 353
17 367
184 43
489 79
446 498
374 310
429 410
142 125
170 8
218 448
122 392
39 184
236 292
76 428
90 208
445 120
40 46
25 484
212 131
272 272
217 109
22 247
299 359
479 89
367 84
61 402
206 377
363 442
187 470
25 333
20 269
109 139
367 94
90 274
406 10
32 118
26 371
371 278
179 481
301 262
45 99
283 448
421 306
450 338
28 488
459 191
229 322
103 458
113 473
222 35
112 403
327 273
400 369
203 172
274 199
429 262
487 187
269 79
237 424
487 395
421 467
437 14
12 491
459 261
36 461
180 431
367 181
178 480
3 57
368 409
109 80
10 7
431 262
315 125
213 306
264 288
48 232
472 303
23 319
344 354
202 433
119 284
490 136
196 104
286 156
38 214
486 405
200 356
316 434
198 76
340 289
268 99
1 370
237 425
66 493
405 99
5 490
265 364
222 114
167 424
116 6
39 156
82 311
415 388
460 95
374 111
219 234
280 440
329 62
480 150
236 57
254 236
441 490
494 203
441 235
441 49
213 248
250 437
18 327
349 199
136 280
26 239
153 366
334 336
436 489
241 98
11 300
357 179
379 63
110 491
88 390
174 328
88 403
376 269
311 80
420 338
214 291
19 334
125 355
9 24
62 348
450 379
25 109
237 278
366 359
494 453
443 195
394 319
319 29
184 415
31 124
52 431
317 417
302 357
182 15
198 160
40 390
361 184
100 72
7 368
94 13
414 441
220 455
181 160
420 451
278 262
317 217
194 266
321 325
242 472
437 82
208 161
229 73
478 363
12 164
37 29
311 24
462 179
383 185
251 315
265 103
103 341
254 81
93 103
30 215
61 463
287 173
230 235
313 160
155 329
481 197
486 420
40 472
44 364
174 351
361 385
256 13
9 184
363 383
153 475
214 302
6 1
118 157
382 12
209 34
123 188
113 328
436 350
246 253
366 315
446 162
38 7
323 256
360 419
334 135
201 38
335 144
69 26
36 350
129 424
377 103
477 181
300 27
154 11
331 186
486 102
122 344
36 360
396 350
500 465
287 422
133 416
333 266
348 4
323 29
360 475
459 358
50 421
274 378
63 38
351 420
483 250
13 473
245 421
365 45
150 499
245 216
488 496
248 36
450 377
284 340
263 269
443 480
337 291
451 136
269 276
440 387
216 396
100 311
146 436
453 425
309 21
484 70
54 113
313 185
283 43
488 314
332 187
52 479
31 66
209 286
485 295
270 476
145 355
47 168
33 81
493 213
172 486
348 75
180 3
344 449
280 54
116 298
130 368
500 392
376 496
444 456
374 323
6 8
212 384
396 89
103 64
124 323
147 104
358 320
33 364
89 325
414 43
227 112
425 81
250 319
500 241
371 207
217 398
156 168
21 37
281 227
146 288
334 61
75 138
184 398
67 284
319 154
408 305
208 88
34 479
476 429
68 410
172 145
252 99
173 488
304 499
165 349
450 199
289 428
210 418
326 302
498 102
88 236
331 26
410 245
389 376
465 101
434 180
20 321
384 158
414 82
286 80
191 44
266 216
395 253
457 199
245 362
288 150
321 177
469 435
440 394
197 483
406 463
411 337
468 251
448 253
83 326
283 388
455 493
348 330
74 66
168 34
309 141
434 3
486 108
326 407
447 496
461 376
362 103
451 223
266 424
221 224
462 376
2 288
112 283
43 392
365 437
416 320
77 235
37 488
393 227
292 231
262 485
359 485
318 114
242 302
193 402
315 444
239 22
458 216
224 403
22 170
292 52
400 409
245 385
69 140
312 158
424 339
244 62
329 490
193 92
447 420
43 233
394 386
273 342
274 487
66 383
41 141
422 45
135 249
169 399
98 132
23 320
313 110
286 101
134 332
392 175
381 363
199 310
438 393
242 439
272 143
262 134
39 460
370 165
277 270
232 94
361 230
382 416
16 496
259 346
308 173
366 18
10 468
168 300
328 125
153 90
13 209
347 287
119 55
176 237
257 305
1 16
356 194
53 425
105 400
119 125
240 133
189 56
143 456
433 31
185 141
328 178
288 311
250 346
271 90
495 212
21 337
446 43
67 298
112 215
223 256
80 24
446 493
230 207
172 494
495 378
270 407
401 348
129 452
58 158
121 274
98 55
358 42
189 16
53 170
66 15
95 265
333 205
87 241
331 369
84 163
48 7
72 433
303 482
423 10
283 358
174 385
15 187
427 31
470 175
289 41
168 449
281 51
133 282
61 359
113 254
162 316
81 415
233 272
219 146
245 257
76 447
132 48
135 392
63 151
146 254
88 26
298 46
442 447
83 362
333 228
206 103
212 17
313 220
0 459
344 299
200 150
18 74
353 67
222 295
196 265
461 382
170 343
151 399
136 126
131 265
120 20
197 216
430 457
273 335
246 1
347 279
417 417
471 156
216 459
270 373
195 437
171 370
256 374
74 63
13 134
149 66
269 68
206 209
3 390
70 385
163 282
70 70
363 409
409 37
438 168
152 468
225 37
433 2
147 353
46 207
49 97
500 342
73 233
176 155
156 454
41 250
427 365
396 225
317 202
320 420
106 239
126 268
186 376
268 261
495 95
29 149
308 439
73 83
231 488
163 71
31 57
23 353
403 75
323 95
408 444
217 497
278 177
75 428
358 194
376 144
481 33
444 283
345 398
111 409
118 147
30 335
417 162
196 342
443 307
240 497
184 18
331 397
37 203
91 35
267 393
292 8
72 180
381 454
376 214
295 226
260 266
114 72
483 273
183 311
254 404
38 77
317 373
50 5
258 261
100 459
207 254
439 47
185 128
77 185
363 464
454 6
463 12
439 85
414 198
486 170
368 451
462 24
69 108
102 2
392 78
81 447
307 13
488 294
142 371
316 176
146 110
24 477
291 338
212 313
461 245
345 104
464 178
188 192
405 200
472 67
491 323
180 321
187 472
179 325
444 314
366 214
249 80
360 328
465 428
58 451
93 472
234 255
433 392
117 141
147 496
65 166
220 137
394 318
198 461
48 170
103 92
273 200
110 434
225 156
238 414
84 59
446 294
309 9
174 139
129 175
209 120
452 55
247 161
153 112
399 213
48 260
444 381
101 345
377 336
294 281
401 60
437 248
259 197
435 338
255 268
392 412
24 18
138 491
346 214
11 372
262 262
367 101
209 61
272 28
386 274
473 250
272 146
401 450
149 272
6 233
356 151
441 102
469 482
187 182
153 390
192 74
196 408
1 28
78 67
153 480
486 216
369 105
313 285
143 368
138 357
260 226
314 408
481 80
391 56
347 261
302 181
71 487
196 32
74 60
485 66
27 439
370 447
295 194
325 131
179 318
341 388
86 411
357 25
32 20
289 79
176 36
64 444
381 227
91 479
101 196
12 10
143 164
226 120
321 124
310 320
31 306
238 361
132 98
121 358
430 363
481 64
95 226
65 148
382 312
422 84
310 273
312 41
43 442
460 193
26 289
110 308
465 111
97 363
210 262
303 287
243 488
443 154
82 474
372 12
424 488
454 375
212 62
148 396
221 41
412 341
485 401
16 218
369 204
361 269
387 51
195 394
289 344
51 471
428 99
332 207
436 117
444 334
194 246
83 355
63 105
125 205
32 121
291 83
261 312
131 173
330 122
213 229
114 311
462 370
23 108
128 179
114 269
106 497
19 87
47 76
12 154
217 403
462 146
23 446
311 498
42 261
238 322
30 197
363 82
184 22
399 247
100 202
22 346
260 49
179 271
420 272
340 0
121 477
286 45
425 332
130 107
173 237
219 253
256 480
140 107
242 250
386 155
395 422
205 292
457 460
147 308
283 266
331 80
401 103
167 107
469 41
71 464
481 274
496 450
101 111
368 272
99 130
454 137
250 351
179 66
170 14
360 268
261 110
350 333
361 238
102 171
356 235
330 187
424 409
214 463
462 19
500 348
174 495
454 471
191 182
373 432
487 247
341 381
308 377
500 368
175 481
86 392
57 489
475 194
136 418
43 138
411 2
30 330
288 238
349 102
154 489
400 249
115 420
423 1
319 407
461 434
491 307
91 1
14 54
431 17
303 340
16 24
486 126
195 175
115 168
430 199
350 366
22 251
71 24
351 48
300 350
43 373
286 227
444 365
448 449
109 323
137 49
264 210
452 211
270 83
322 369
49 103
75 203
465 37
420 417
40 423
497 14
233 451
370 280
408 263
77 119
269 423
22 460
108 241
429 61
410 402
179 497
294 81
155 418
454 76
415 190
158 18
287 339
432 192
215 43
333 348
46 163
183 462
326 292
13 1
22 410
482 260
92 357
323 418
243 336
425 288
401 305
9 411
457 84
464 265
27 18
330 252
334 356
8 194
408 109
299 242
208 491
294 454
387 392
281 257
100 13
81 115
423 291
242 84
220 23
354 216
51 264
93 441
472 281
195 289
223 45
171 452
228 125
202 460
49 487
287 388
270 70
92 487
83 12
259 117
54 341
396 22
248 73
158 394
234 95
139 148
33 415
476 87
271 43
61 167
80 296
346 432
452 369
467 272
425 425
482 261
414 127
291 148
283 491
30 43
456 332
235 446
203 66
74 261
312 158
286 352
29 412
38 152
86 238
12 380
310 136
97 164
435 195
20 288
110 151
480 21
372 213
441 264
355 419
460 363
291 23
380 419
362 398
327 80
175 486
39 97
87 425
380 490
284 348
80 73
269 221
114 121
201 375
287 324
499 203
27 298
311 225
214 255
410 49
326 166
84 205
323 294
350 374
296 132
379 182
77 139
48 419
314 276
210 438
56 374
439 500
175 13
484 445
234 256
34 116
328 34
377 235
277 326
150 72
156 384
320 89
301 65
264 30
206 123
274 109
209 472
167 65
398 248
378 320
461 239
68 377
64 106
369 234
132 478
457 487
103 473
438 463
391 447
189 244
322 219
63 354
463 290
154 391
241 414
218 429
132 60
126 233
105 381
413 402
456 471
17 380
460 325
98 319
396 95
78 452
35 25
474 307
218 236
212 130
342 353
434 490
39 421
186 77
382 139
140 487
204 207
312 158
433 361
68 127
497 134
285 364
264 455
256 354
189 43
420 234
290 175
105 14
28 6
323 217
18 364
309 157
368 446
243 11
183 128
328 275
265 121
75 92
198 444
30 50
275 313
110 121
42 311
379 392
311 46
342 367
112 474
244 499
3 184
363 365
376 213
286 458
433 190
408 396
131 211
324 498
443 188
27 465
107 81
172 343
281 141
106 91
101 448
326 57
90 155
349 163
118 357
102 307
341 95
73 212
148 73
157 91
34 113
195 378
481 56
48 493
68 332
174 197
36 445
65 274
205 266
196 449
387 406
448 162
14 173
411 406
479 357
172 425
281 141
259 331
438 338
452 258
230 500
169 374
431 476
25 383
327 278
265 67
287 118
320 278
240 154
18 74
3 235
234 254
185 494
1 3
454 463
137 140
358 331
275 375
198 255
195 388
147 45
71 317
145 299
7 469
324 384
243 143
334 97
200 309
474 313
467 302
13 77
335 20
38 486
131 31
150 71
325 122
14 213
305 259
354 54
457 458
18 65
265 362
482 160
372 233
415 77
61 500
241 405
76 171
101 266
68 65
371 428
492 391
0 220
407 339
255 329
473 495
69 403
224 95
208 55
183 352
328 146
288 384
317 302
330 8
171 229
499 421
409 82
45 471
195 142
12 499
33 419
175 296
41 17
134 119
96 305
385 131
38 115
363 381
248 66
339 426
283 125
121 389
431 215
495 324
1 397
101 283
145 445
283 461
370 179
0 4
275 456
183 382
37 208
45 413
57 66
59 500
455 58
268 445
389 375
322 381
404 240
70 125
46 37
282 117
387 51
82 391
452 26
291 241
372 167
128 199
49 456
449 77
95 29
120 485
329 270
54 327
68 105
36 377
171 234
360 427
441 80
86 135
159 304
243 309
65 397
467 75
455 19
450 224
318 329
475 27
96 194
486 202
63 70
499 200
429 123
432 59
416 387
439 217
160 297
182 492
193 449
208 14
454 394
136 72
26 91
76 199
471 429
204 66
71 123
414 373
169 258
88 314
304 36
20 48
474 342
306 354
88 272
294 87
135 439
404 350
132 166
430 386
424 265
320 372
69 357
57 269
51 313
350 195
229 100
287 144
433 375
447 285
9 286
379 195
101 147
110 68
302 462
84 316
14 444
263 79
45 461
53 40
219 75
414 88
38 352
164 80
27 490
224 109
233 284
73 352
489 117
34 201
255 42
187 322
90 12
125 361
395 104
51 476
138 374
329 339
481 99
375 482
355 149
216 212
496 86
29 402
499 256
43 194
445 361
7 216
447 496
15 356
422 357
329 78
10 90
51 431
192 341
59 457
199 190
246 375
488 277
408 494
78 144
18 387
462 141
403 373
362 299
459 271
95 153
1 58
473 32
112 165
396 270
132 199
375 488
373 219
61 17
306 77
340 402
143 74
179 455
391 322
301 7
131 253
284 190
191 304
323 471
103 220
111 264
313 333
328 277
323 47
342 477
206 140
200 355
311 247
245 141
409 279
435 459
439 73
235 316
478 281
305 413
32 184
442 203
146 68
254 106
240 242
321 70
123 40
436 198
82 30
202 24
331 180
499 153
366 326
249 70
92 227
460 16
180 116
183 321
3 352
48 424
435 127
458 383
438 122
415 220
112 468
262 256
258 22
126 317
460 283
335 249
402 148
274 220
159 402
435 332
436 145
486 120
322 441
339 146
130 243
360 3
463 371
3 465
217 391
227 292
36 439
169 218
20 68
370 386
55 109
134 187
367 192
113 39
421 490
167 222
153 470
449 92
103 347
179 183
144 295
240 321
249 83
198 179
441 420
88 56
423 486
212 325
419 162
344 316
125 352
132 329
171 339
202 416
440 209
330 2
421 320
150 97
180 466
151 170
52 280
210 95
498 183
201 288
435 126
231 249
283 121
232 404
313 85
136 62
1 175
174 355
31 277
360 452
394 67
423 470
3 91
480 240
36 407
305 490
5 256
312 199
229 429
492 373
4 448
314 158
222 475
343 288
187 319
96 180
241 168
499 83
241 21
294 50
389 222
410 229
193 120
376 199
404 106
112 474
2 186
476 246
26 232
198 409
244 462
447 13
314 96
476 488
258 472
191 354
183 418
291 246
145 19
369 414
183 268
111 192
483 338
284 298
221 401
442 304
396 438
124 273
211 205
472 302
61 401
392 272
214 76
46 435
407 424
98 102
421 253
5 491
462 487
227 52
404 294
120 334
122 214
381 104
225 443
212 400
53 288
75 443
156 94
47 282
96 166
207 424
142 88
45 54
420 282
10 35
401 111
451 98
94 104
154 103
409 124
132 115
11 360
235 97
140 467
334 306
247 252
35 14
342 397
78 354
443 152
478 364
66 464
137 20
211 96
198 275
23 467
355 438
89 342
402 277
133 24
368 329
99 295
210 453
40 145
217 113
326 65
228 167
392 129
276 33
183 361
298 71
288 353
49 477
380 462
24 420
264 135
389 161
493 366
363 182
365 382
356 54
470 100
458 442
356 391
273 431
258 456
237 171
436 202
144 486
209 35
355 365
435 195
486 279
242 267
120 272
165 282
238 184
108 15
76 234
211 388
154 12
420 89
177 307
201 314
405 198
191 401
93 149
111 244
8 11
260 355
93 244
217 293
208 421
74 249
315 8
197 222
123 350
228 329
8 82
299 3
212 104
417 130
123 7
373 468
163 497
263 394
427 420
484 488
443 377
51 464
2 480
253 173
446 372
95 243
355 272
107 1
444 394
434 297
330 244
283 114
284 191
491 26
391 162
485 351
420 196
41 441
405 107
68 298
30 323
142 198
10 206
33 477
280 47
50 437
80 420
360 201
311 434
432 41
260 388
99 471
457 145
26 405
471 269
327 195
5 437
216 290
185 198
289 469
354 142
58 213
328 331
469 457
257 196
478 463
365 232
122 307
316 214
81 249
85 445
270 285
296 333
455 27
160 133
385 458
475 373
134 53
11 39
304 465
308 500
254 380
125 118
399 453
475 48
162 26
282 70
44 213
187 249
199 265
141 62
206 441
112 364
286 473
38 367
225 37
44 324
248 487
6 282
261 262
60 65
441 70
406 346
189 418
6 351
246 77
292 65
392 497
320 403
207 499
474 416
124 264
409 469
356 339
25 210
5 415
61 371
476 84
113 499
194 311
254 85
374 485
151 58
211 231
332 319
73 146
292 37
240 11
311 438
301 26
200 250
299 178
203 21
232 492
128 170
245 497
18 358
35 457
79 182
66 208
215 471
221 457
239 404
270 294
340 463
21 243
153 93
348 419
255 191
473 192
403 235
468 180
474 2
409 119
135 389
138 481
465 427
328 386
241 68
262 92
358 351
165 151
80 59
444 45
121 15
124 229
368 362
463 387
128 120
24 128
342 95
281 93
216 442
192 218
91 73
228 399
103 311
336 208
23 314
353 243
230 186
449 49
393 66
213 140
318 106
306 90
147 157
380 135
368 278
125 135
113 464
113 475
207 376
448 269
358 12
384 212
133 39
5 492
290 277
378 73
125 481
246 472
405 73
480 53
318 160
273 90
279 483
411 301
475 320
267 183
256 175
449 160
27 200
137 280
77 290
185 387
78 198
295 98
257 88
486 415
6 28
411 192
197 472
188 105
198 53
34 429
317 140
437 466
264 133
294 374
491 356
372 482
161 461
246 204
88 150
217 157
428 487
35 265
440 416
55 65
488 405
288 354
193 28
180 115
134 327
111 338
24 102
168 77
72 303
369 320
332 443
396 257
406 276
160 81
350 107
268 50
349 23
139 2
19 381
112 441
218 126
83 104
364 69
247 241
103 342
430 429
71 55
275 63
421 423
343 460
205 379
323 346
224 216
340 124
147 43
42 497
150 216
123 155
122 367
462 375
162 125
20 20
225 379
454 239
238 181
170 213
448 156
93 33
124 294
403 118
43 209
468 320
212 361
317 25
443 52
240 477
460 228
79 454
383 12
46 118
306 46
405 227
26 56
141 454
351 140
430 253
95 398
86 407
200 312
339 247
407 422
96 132
283 209
487 393
437 128
355 218
20 27
162 310
465 271
370 66
321 473
230 293
358 301
248 17
491 27
406 271
368 489
372 261
259 384
10 112
374 333
259 379
474 366
306 178
220 354
46 151
302 117
227 257
158 322
359 372
228 291
490 172
250 320
352 142
83 310
386 96
76 296
7 344
252 364
136 79
229 6
32 65
447 85
257 101
170 189
321 377
409 60
378 145
448 211
414 223
490 377
47 182
380 421
73 406
45 3
194 122
234 437
54 149
79 219
106 4
128 95
67 245
296 407
279 73
412 96
55 102
155 352
144 60
246 113
212 164
68 500
257 53
266 321
235 415
176 34
345 9
19 380
469 133
215 60
161 169
166 286
106 300
349 91
11 395
255 325
458 64
16 303
409 396
225 310
483 265
384 184
91 332
207 355
278 160
171 188
103 253
300 475
120 385
406 148
388 83
124 125
27 313
100 486
272 130
48 97
389 164
252 466
396 28
69 366
280 348
3 289
375 22
416 205
455 384
269 84
205 257
241 492
146 29
303 81
334 288
97 231
175 301
310 424
454 23
326 439
114 389
230 293
151 289
108 7
91 156
374 196
408 94
464 151
126 4
159 263
22 186
435 358
181 459
499 47
415 267
276 64
190 31
409 113
407 170
20 250
478 307
226 482
277 365
67 69
434 254
329 459
270 421
224 277
293 52
328 159
36 458
202 322
226 218
433 462
246 62
495 250
210 98
491 54
401 29
83 444
417 373
219 78
352 456
282 7
121 221
53 28
120 351
212 29
199 396
316 16
38 20
301 227
244 119
60 135
60 160
10 300
161 222
403 417
266 229
200 246
141 469
61 378
81 178
162 268
93 242
426 307
363 389
244 52
287 91
88 20
135 323
363 199
45 353
463 170
394 16
213 41
498 403
370 244
342 210
126 242
362 71
464 288
477 176
243 67
477 424
268 112
202 101
55 417
252 240
0 354
407 489
402 277
368 378
483 95
283 382
376 94
142 342
252 463
218 484
237 406
461 14
271 343
146 167
53 415
308 43
469 132
225 83
368 481
285 354
417 305
200 155
119 7
428 136
120 69
162 11
396 325
438 333
392 64
231 212
264 78
332 417
120 75
426 292
133 387
445 277
39 469
264 144
440 374
3 375
341 220
185 301
323 37
462 249
403 222
342 236
133 76
186 148
34 294
437 212
458 188
420 10
446 276
274 469
300 229
213 47
167 399
199 350
287 332
58 236
19 448
106 258
342 86
154 243
45 408
168 232
49 59
414 351
381 24
452 313
207 251
202 13
362 383
89 115
336 307
0 406
482 8
369 474
281 312
288 388
364 417
336 478
343 59
76 166
253 316
404 211
52 401
164 221
34 466
286 149
55 135
86 482
93 380
375 148
29 323
444 103
447 119
229 447
417 200
318 405
198 485
193 402
158 421
381 429
431 257
230 268
18 34
500 155
160 367
265 315
224 221
34 86
134 393
158 343
181 255
231 398
420 239
178 302
22 289
438 364
416 333
339 113
449 270
265 206
483 462
16 109
500 278
323 207
14 41
74 304
248 431
491 400
349 334
440 484
432 433
90 152
462 67
396 86
179 108
1 238
468 461
360 315
95 468
75 42
145 332
427 332
485 45
21 284
59 274
152 77
65 181
474 476
50 351
147 453
423 282
289 317
37 34
294 363
245 140
213 388
467 363
182 133
127 426
293 266
477 476
388 248
94 281
469 61
104 387
152 217
250 223
329 264
348 252
11 264
457 324
403 293
285 365
302 395
264 281
108 459
294 245
420 28
461 182
389 362
118 44
131 91
71 452
275 460
160 100
336 269
163 183
75 1
100 346
399 335
440 135
481 431
306 136
247 378
266 265
493 445
484 23
205 107
205 186
376 74
43 11
140 164
41 85
213 317
381 310
230 477
208 59
457 401
19 247
225 318
316 308
232 118
441 394
42 488
450 179
127 75
275 321
172 402
72 426
142 456
149 46
300 308
403 138
57 433
306 353
492 67
149 167
400 148
94 110
247 334
81 221
216 41
16 78
208 353
174 422
486 244
262 238
103 232
322 199
324 329
89 441
317 460
117 435
62 139
72 385
381 336
22 433
307 183
337 18
210 408
139 57
238 346
118 18
375 185
89 260
296 88
121 301
113 80
126 386
158 126
179 433
428 498
1 303
461 232
419 313
488 275
411 243
335 220
198 136
336 244
65 165
235 404
261 277
159 72
201 391
476 441
416 162
414 367
78 357
285 410
483 201
189 492
86 243
438 470
98 301
487 11
478 27
146 426
499 285
165 176
419 376
216 317
301 237
360 125
453 47
135 63
4 128
55 15
297 438
433 103
383 190
304 444
105 449
366 297
274 194
194 419
461 427
114 416
30 35
353 329
361 154
91 218
304 289
78 260
270 136
317 259
96 409
487 146
224 95
436 139
23 500
500 379
117 288
441 423
191 409
163 153
445 500
166 10
154 233
278 193
412 271
82 490
490 435
434 239
89 47
127 279
221 117
220 378
296 83
249 337
369 400
386 90
8 386
375 350
475 23
491 366
296 394
278 330
26 314
229 378
26 172
47 293
166 149
123 162
190 186
56 305
152 195
345 426
203 105
409 305
445 102
165 420
208 467
133 109
372 358
124 444
465 142
206 487
21 3
178 377
468 390
483 96
62 70
319 355
408 400
2 55
192 340
447 458
397 49
461 60
404 148
311 433
330 395
69 402
459 302
38 340
285 38
92 484
390 407
64 55
166 156
241 383
19 390
44 433
3 328
66 300
216 378
43 5
424 396
43 417
161 92
128 387
394 37
115 337
478 100
138 444
313 94
430 370
463 311
225 341
263 232
213 21
158 244
199 259
472 184
77 12
295 215
231 111
299 85
380 17
9 393
246 308
417 454
58 134
221 283
485 336
382 379
413 357
163 106
378 218
137 286
176 444
256 113
42 430
381 209
123 319
130 136
447 263
307 422
282 206
262 391
20 22
230 486
454 184
210 80
311 450
288 175
476 467
114 352
173 110
386 215
352 396
208 167
180 350
436 398
23 490
267 118
62 15
491 153
415 45
479 2
115 430
266 165
393 206
275 259
424 296
123 365
99 336
191 57
366 271
25 278
171 150
392 70
442 284
354 16
322 450
352 425
149 491
341 481
243 31
449 101
300 237
108 135
381 159
261 302
275 217
342 75
425 458
315 78
22 15
365 319
313 135
140 417
189 339
499 386
44 59
33 47
1 439
46 358
47 142
357 299
50 0
10 397
186 58
256 198
297 484
455 443
309 437
490 330
430 283
67 322
141 65
36 240
401 266
403 25
453 52
322 353
257 47
168 151
115 255
161 318
21 123
180 0
57 246
306 278
206 493
325 64
268 125
268 462
302 202
61 454
88 174
487 469
161 337
188 210
329 436
266 143
232 191
87 463
292 440
390 472
30 76
296 18
465 31
201 359
373 113
193 494
26 295
147 152
439 491
144 23
189 125
68 383
390 22
340 10
251 258
467 252
75 340
452 145
117 183
37 315
111 401
84 428
322 411
74 269
332 273
175 325
483 453
495 479
53 123
228 7
242 108
453 242
276 198
279 157
483 257
161 119
195 319
288 78
311 213
463 33
379 92
198 458
459 152
57 263
439 467
320 496
307 330
226 460
388 90
55 451
365 456
255 246
335 488
423 64
136 35
76 185
28 220
162 347
153 207
172 373
167 115
19 389
327 303
213 167
290 237
268 36
300 274
205 50
203 314
85 234
468 334
380 178
431 202
331 3
493 83
500 486
145 451
166 167
143 265
130 162
383 176
15 144
478 89
338 182
9 413
128 376
441 136
172 286
409 173
86 254
202 492
373 143
273 367
146 302
111 265
373 242
3 148
454 365
411 263
340 349
53 151
66 416
97 177
321 445
362 151
1 126
45 391
37 492
112 36
188 366
421 290
14 340
10 323
14 271
180 391
229 251
235 398
113 110
226 471
53 313
85 71
209 33
137 71
398 158
350 234
382 131
323 117
104 433
95 118
170 280
283 162
182 338
198 296
216 398
483 293
154 84
374 254
496 4
445 150
13 166
471 204
250 458
163 145
342 290
150 407
275 52
357 104
241 77
278 439
384 132
461 368
368 247
145 369
316 18
174 203
27 50
271 108
121 55
146 260
85 424
120 457
35 244
344 291
383 406
23 138
107 154
252 173
228 71
188 419
33 391
250 394
4 398
258 126
210 216
311 225
89 343
72 72
270 312
428 449
475 434
471 170
112 93
343 153
497 292
256 276
79 96
276 224
370 492
215 468
440 97
251 9
381 221
176 170
362 13
310 467
313 455
333 115
53 32
341 22
182 264
47 199
10 462
436 373
495 453
110 500
190 185
163 347
494 20
166 319
99 94
465 49
280 398
139 486
22 492
349 172
289 8
123 78
109 182
105 200
355 316
292 248
152 12
382 296
134 292
339 343
147 205
210 306
307 183
8 82
151 244
21 3
138 459
496 395
491 71
411 60
336 52
165 377
24 269
467 309
360 85
351 148
343 282
21 460
381 412
297 33
379 410
0 209
408 144
37 161
8 224
91 2
491 242
311 299
266 313
162 19
271 239
266 147
44 348
121 76
207 96
286 247
334 133
243 300
396 369
193 220
123 376
440 39
347 282
421 122
201 464
445 304
72 183
260 12
469 61
255 450
244 271
88 398
476 95
104 199
328 488
282 302
303 88
209 388
54 420
114 136
363 4
457 307
134 175
289 121
451 461
261 341
391 284
155 44
284 253
344 6
310 111
153 391
190 76
65 5
266 320
362 192
385 174
421 282
123 170
8 463
83 198
196 399
270 138
89 113
316 322
254 486
194 102
385 462
247 23
154 74
433 56
129 239
33 227
204 155
424 52
453 473
347 235
265 174
248 82
149 321
260 91
69 317
447 321
122 45
25 463
88 98
419 90
244 20
399 132
139 273
464 212
220 170
98 299
221 481
150 310
130 55
191 174
242 458
2 102
25 26
201 409
461 239
250 238
171 268
237 37
226 461
472 292
238 469
125 32
152 74
75 492
386 88
295 51
168 331
260 447
370 481
467 435
71 494
143 461
109 430
251 60
258 414
329 72
146 105
122 439
274 298
257 492
14 438
91 77
466 225
242 116
479 491
113 82
58 315
111 438
67 266
217 482
311 179
226 147
361 248
37 90
80 354
463 339
270 47
343 57
142 149
242 227
186 255
364 228
193 183
426 231
351 73
14 378
254 203
123 245
495 105
427 164
275 353
143 359
410 9
102 456
161 432
471 352
452 282
8 353
128 90
209 152
457 409
486 63
82 268
371 436
348 173
112 205
78 40
297 246
277 205
371 393
243 5
43 402
0 208
242 57
223 327
149 77
262 31
283 50
347 392
356 277
202 489
316 331
255 75
43 351
468 14
369 228
359 37
336 288
232 78
459 461
119 37
212 175
333 265
221 257
363 175
415 485
455 169
272 320
468 402
153 223
330 98
19 149
395 308
453 277
419 348
227 179
117 385
415 227
431 98
362 324
448 250
152 54
231 249
189 108
1 454
379 344
212 300
434 340
286 12
362 439
330 153
480 242
430 117
433 144
122 291
312 176
394 479
43 385
175 282
454 454
73 281
73 61
435 247
321 326
250 182
170 276
351 86
132 495
240 43
482 358
415 308
397 111
209 208
75 314
53 10
184 468
198 404
470 418
116 291
287 161
353 290
396 148
100 7
42 398
65 497
102 343
319 493
205 233
423 486
499 410
19 382
336 321
448 181
366 311
271 91
399 344
339 32
321 91
242 434
448 277
448 104
192 8
288 268
263 229
288 273
277 113
179 145
316 306
247 36
254 407
137 312
168 46
136 172
301 8
360 373
343 28
85 125
321 359
16 359
481 361
490 456
135 496
50 257
350 162
264 417
29 169
91 288
98 203
56 444
446 232
172 288
385 270
136 221
328 238
437 320
495 56
263 246
489 389
114 94
78 335
380 157
252 196
498 190
161 270
69 462
225 121
408 405
199 286
443 176
182 83
195 288
81 92
283 132
142 320
358 154
64 436
96 15
140 212
360 154
120 174
156 83
395 234
401 423
227 367
33 440
367 138
147 174
13 311
335 478
485 31
87 333
484 457
163 479
118 481
357 260
215 157
24 335
200 231
434 57
419 380
209 231
54 215
27 236
367 334
410 67
170 312
39 96
19 368
19 487
468 295
243 270
26 362
56 317
336 491
130 109
449 90
236 384
481 136
309 24
246 344
291 249
368 201
475 87
235 433
105 411
122 324
426 445
10 394
212 28
471 135
336 338
495 218
487 274
11 490
193 24
322 288
117 112
1 221
84 7
382 70
84 410
302 362
428 351
330 192
286 469
231 400
274 78
293 65
378 179
262 360
406 331
136 397
27 77
202 238
241 329
176 332
486 269
403 287
184 448
391 150
356 131
248 168
108 248
430 356
494 17
472 328
275 226
28 417
267 227
41 454
242 440
137 22
231 436
357 241
273 344
198 303
426 326
429 140
134 218
309 435
97 271
378 346
401 171
74 411
247 160
242 434
292 285
280 299
145 453
217 166
187 317
422 316
443 308
201 278
377 12
220 393
405 376
27 423
360 70
92 0
188 27
255 209
330 273
443 133
89 44
467 135
212 474
369 93
236 325
161 149
276 53
222 302
151 126
416 447
58 255
369 55
485 420
449 453
405 298
86 430
221 251
291 431
137 424
43 333
193 171
328 327
223 339
123 271
373 41
130 252
116 292
302 94
205 76
93 271
258 194
387 139
205 298
223 136
146 71
290 264
15 382
476 30
151 337
437 56
67 213
111 275
126 400
6 499
331 59
238 160
257 240
80 52
386 452
252 166
51 406
176 143
322 346
421 209
24 383
142 376
405 179
288 454
213 348
494 144
152 332
100 20
184 331
324 59
440 200
338 168
371 414
331 114
314 347
166 338
202 129
71 215
447 299
82 475
468 89
98 155
396 376
142 368
97 275
415 241
23 79
430 236
324 402
59 48
299 114
175 383
326 459
138 497
212 99
474 107
425 177
44 9
480 400
97 314
33 361
183 302
334 229
72 270
420 426
55 317
133 328
436 417
473 69
442 106
367 34
6 16
71 5
305 156
0 381
346 173
0 131
104 316
259 202
497 91
498 374
7 68
317 146
190 400
0 35
205 21
251 460
408 220
190 60
451 201
99 343
336 448
331 212
88 43
25 98
484 435
97 109
492 46
483 109
469 100
467 368
3 333
2 399
37 488
294 214
71 188
144 295
38 497
429 88
402 436
63 46
114 210
310 430
33 65
430 305
487 27
108 485
146 491
433 9
259 145
120 39
354 375
131 447
235 210
481 140
444 235
411 266
74 153
228 367
99 349
470 469
94 385
469 149
494 94
475 140
108 473
86 99
406 113
374 255
247 197
211 60
46 76
48 303
206 170
24 198
339 146
271 269
395 218
302 420
229 186
467 329
449 233
49 145
495 8
49 455
224 298
183 342
337 212
248 275
433 268
143 230
337 418
28 212
450 324
421 197
485 256
86 89
218 83
79 122
34 310
360 385
180 27
285 28
500 178
411 91
297 124
81 314
52 104
462 331
188 41
326 414
131 348
437 167
478 189
393 44
426 247
308 271
483 159
454 197
342 60
142 478
364 477
78 239
210 269
59 172
228 275
255 398
103 348
251 156
78 356
212 189
338 6
200 136
152 159
75 164
51 288
284 461
379 287
293 25
336 106
176 432
480 203
372 81
21 397
112 430
145 342
393 118
124 116
13 6
74 472
390 484
287 236
102 108
395 355
11 151
84 15
266 23
220 361
225 58
399 494
354 174
327 158
393 230
408 476
320 299
439 360
105 150
55 252
455 359
464 249
317 220
142 43
407 233
318 257
191 131
181 493
440 14
195 384
396 315
478 122
148 426
360 106
397 37
303 32
196 401
126 284
225 33
104 381
312 68
161 321
69 412
355 174
346 490
208 60
244 338
483 400
215 57
284 160
352 336
203 138
264 222
346 148
199 412
478 46
489 269
268 490
14 455
112 53
184 430
337 469
70 441
429 366
386 393
64 268
156 381
143 73
257 327
488 145
253 219
323 460
445 194
75 139
388 84
220 263
316 190
292 66
47 348
419 482
71 376
453 442
261 445
431 448
457 258
264 465
361 24
91 244
58 129
346 83
339 386
414 286
234 339
13 207
309 57
58 62
493 378
206 374
215 279
461 118
191 174
477 71
39 165
202 57
41 126
305 236
446 226
48 499
28 202
237 301
273 314
270 473
237 151
207 202
262 491
67 72
474 235
311 102
212 19
180 223
351 356
242 364
445 117
12 341
108 478
260 210
348 362
472 199
496 430
4 369
126 120
268 299
72 465
396 49
457 152
390 124
193 107
277 49
464 43
234 23
433 382
113 483
233 386
258 168
149 457
460 270
67 23
118 56
406 317
402 97
109 138
422 37
168 245
186 323
172 497
272 225
76 286
345 444
499 79
247 241
50 199
4 361
394 295
193 289
362 416
219 372
285 253
88 323
337 74
56 148
255 465
154 10
327 50
262 428
414 303
312 161
157 86
433 372
74 302
294 388
128 280
184 73
128 353
167 249
442 288
201 267
177 216
362 447
491 447
182 257
253 242
233 192
443 13
464 90
289 348
70 461
0 226
177 364
424 2
337 451
244 102
219 344
164 457
353 93
162 124
344 339
374 413
428 59
32 262
298 4
488 254
479 210
256 34
434 190
221 457
104 439
481 137
80 209
72 323
390 188
352 477
473 445
445 219
476 297
375 60
243 224
423 218
183 37
485 273
307 191
338 477
63 357
13 29
254 93
330 497
216 490
430 386
134 310
386 89
491 133
92 114
417 251
67 218
228 189
469 367
444 134
181 321
16 227
301 15
487 126
378 222
206 397
354 269
438 250
172 220
210 267
74 222
313 283
22 261
384 319
244 70
10 91
5 69
383 255
233 114
471 70
17 21
85 272
438 368
303 241
488 488
188 209
252 32
461 230
215 402
307 210
312 21
291 25
407 168
3 491
122 346
272 134
386 132
178 120
284 456
75 310
265 339
209 5
203 250
433 446
4 204
465 229
34 69
419 188
201 165
353 84
393 16
395 397
419 10
115 317
28 481
34 216
251 5
438 308
228 46
39 157
306 453
11 260
448 186
413 313
476 86
17 193
39 127
356 405
259 326
183 442
250 115
188 367
40 452
308 165
78 37
58 324
17 180
168 43
52 220
305 57
235 316
250 445
151 214
330 454
429 373
413 457
145 126
74 100
460 7
21 355
185 389
311 70
141 26
207 70
230 311
162 378
80 300
137 272
346 245
159 455
245 349
69 460
330 27
157 295
416 220
488 134
296 138
493 14
485 256
276 499
312 292
3 239
463 24
482 434
57 177
3 152
265 405
476 66
387 259
346 228
329 297
175 221
209 363
374 2
197 458
64 350
449 491
29 270
184 330
89 472
383 447
45 427
305 444
478 16
26 36
98 478
110 341
296 33
34 63
148 19
238 401
195 349
137 375
210 197
269 259
244 350
112 147
282 255
30 456
434 342
88 91
55 491
425 102
489 355
360 368
432 88
207 210
258 189
380 277
266 22
63 159
232 274
320 343
117 130
408 7
87 293
210 333
446 253
466 400
404 6
207 418
311 155
393 6
29 204
416 259
373 470
149 253
322 123
349 177
412 157
439 433
418 131
91 424
454 111
139 310
65 339
365 415
453 330
325 416
202 259
318 362
251 439
82 177
387 299
356 39
472 377
42 467
338 204
212 330
259 23
261 444
11 1
53 459
32 437
215 469
458 391
394 451
212 176
190 416
39 31
105 269
352 225
339 445
252 213
438 285
217 153
128 173
426 361
187 374
137 284
383 422
248 441
83 276
321 136
335 39
316 492
23 321
194 499
253 201
479 279
250 139
422 331
382 400
323 231
293 364
179 392
267 404
363 108
19 74
149 436
432 171
98 249
466 56
120 308
376 174
305 337
8 395
411 108
96 243
453 364
338 256
118 482
419 13
483 57
288 490
27 485
500 28
5 427
236 121
186 335
2 131
392 323
33 213
109 130
206 295
500 64
356 266
362 120
297 436
232 160
279 430
404 40
125 280
12 475
421 354
116 301
277 280
322 201
140 395
61 170
83 497
199 373
430 361
203 246
331 193
436 492
357 62
449 50
425 146
264 359
302 375
321 276
11 130
295 372
245 494
292 4
318 261
65 300
340 311
94 202
209 328
164 239
134 329
181 108
355 17
331 346
413 166
374 460
182 130
88 249
168 201
180 217
490 487
236 373
416 327
234 240
451 245
88 446
470 369
235 55
420 292
469 49
70 263
389 132
287 343
250 42
348 310
107 332
296 34
180 89
216 280
185 217
443 495
483 228
352 369
179 421
167 226
258 114
351 296
401 62
305 474
385 71
443 209
55 282
156 331
358 294
271 269
215 83
108 56
303 94
369 19
374 308
462 64
480 218
365 229
128 31
213 18
144 60
43 102
52 138
141 87
196 166
54 145
471 76
246 70
108 217
159 199
496 57
430 131
196 43
195 450
186 104
88 274
38 319
212 101
370 205
49 370
413 59
495 458
243 194
61 5
73 115
270 256
158 354
495 395
27 305
40 218
463 106
32 173
182 205
51 497
58 381
244 107
210 263
301 496
145 484
19 300
233 432
232 65
399 14
324 452
140 275
253 208
32 305
88 348
302 50
5 327
202 245
415 64
291 409
189 382
349 99
395 220
58 50
100 359
158 74
276 61
234 312
84 12
50 180
265 292
69 339
129 59
61 199
76 16
195 239
208 88
257 166
342 76
327 13
184 288
381 243
146 313
265 402
163 264
309 12
22 103
287 402
491 322
352 421
387 165
255 134
478 19
207 238
40 28
211 281
290 290
352 65
349 310
329 427
71 271
121 138
489 306
275 483
239 370
466 220
419 492
298 101
436 493
112 397
424 15
174 10
109 170
237 142
13 90
219 42
176 112
217 460
426 422
107 365
7 76
310 205
78 61
41 260
93 13
19 148
427 380
77 213
136 270
456 405
309 221
135 63
406 477
470 42
98 355
407 430
261 386
42 390
326 92
16 215
182 242
176 347
225 259
32 244
456 2
253 113
31 352
23 497
28 427
40 393
479 315
259 374
196 252
180 13
437 277
370 20
412 318
367 74
241 396
109 141
304 440
428 150
84 391
92 190
334 308
275 355
45 127
157 13
337 392
469 274
11 414
313 274
271 422
340 315
20 14
473 34
423 217
342 201
361 189
461 244
494 365
188 107
214 229
220 117
298 64
13 362
133 429
335 138
186 18
393 138
263 171
478 239
416 253
203 36
492 258
0 225
266 498
477 423
237 252
240 482
408 463
283 158
87 267
295 443
314 335
251 210
154 112
74 317
104 45
264 440
187 259
52 346
17 457
150 458
333 18
428 41
300 489
199 173
229 337
19 13
412 86
364 36
206 292
79 448
376 288
465 197
121 22
164 112
396 40
238 357
173 436
481 92
382 371
17 375
28 119
383 149
199 6
271 80
441 128
187 445
29 296
193 178
412 140
48 346
27 319
179 159
57 105
206 69
14 152
309 91
375 483
445 372
341 220
366 61
411 218
371 20
209 142
404 438
314 167
167 449
216 276
209 27
251 284
428 254
316 295
280 52
351 11
3 474
441 1
260 500
161 69
264 409
247 374
111 463
417 249
15 347
225 41
297 147
395 425
277 51
187 143
365 374
125 343
182 133
393 260
140 117
49 372
52 443
246 74
443 283
293 322
256 359
277 204
220 89
186 454
342 371
77 411
209 172
103 215
54 46
302 353
330 437
156 390
461 243
124 313
303 356
305 71
351 0
279 265
75 420
490 429
320 445
483 143
366 175
149 213
399 21
165 72
245 17
69 41
494 409
13 27
279 310
222 148
366 447
245 114
124 99
488 134
360 413
2 437
475 337
124 212
255 467
78 92
179 45
248 8
465 16
68 217
221 102
450 370
298 35
359 142
209 66
156 303
266 378
57 257
167 412
279 215
220 17
121 367
329 199
33 40
468 79
54 331
41 433
343 100
400 406
495 280
469 262
494 78
73 230
298 239
252 474
405 303
202 461
285 238
96 112
280 352
147 56
11 475
391 320
470 102
390 228
43 361
309 86
261 210
455 36
61 265
225 327
406 298
426 401
29 93
218 66
5 369
1 286
155 393
156 226
273 499
41 294
350 123
150 136
187 163
341 87
361 44
101 55
451 85
89 7
372 333
384 454
214 29
445 284
56 63
163 117
436 370
132 390
466 155
437 140
149 118
102 227
212 117
103 132
250 394
79 40
203 482
189 254
467 189
414 168
366 152
175 224
407 265
194 311
69 59
200 282
94 352
78 226
205 448
110 126
326 391
148 254
23 76
42 360
275 186
140 305
193 60
346 320
4 190
395 374
355 174
401 216
429 391
296 101
254 13
347 425
28 373
284 213
240 370
273 20
309 91
242 223
336 118
63 103
1 49
90 71
216 296
80 224
213 7
52 452
473 158
184 429
429 131
228 265
286 369
458 139
159 236
122 7
136 291
177 219
169 358
157 27
151 235
459 264
28 130
178 85
272 102
419 319
446 386
366 118
231 342
67 233
175 452
197 366
319 442
473 471
211 141
218 419
332 288
40 394
413 326
346 142
301 341
135 209
29 78
343 20
233 416
289 162
432 212
457 416
363 59
246 305
80 494
25 489
303 121
81 348
190 247
111 364
65 117
208 310
59 229
182 35
218 391
116 234
214 429
121 461
348 105
244 157
116 108
76 382
171 48
137 97
324 276
391 383
323 195
42 283
369 397
41 248
451 46
86 205
64 277
33 115
372 157
82 360
286 444
228 342
260 343
79 364
401 240
130 403
251 408
309 352
55 31
10 188
429 272
459 255
394 491
99 338
192 111
440 23
89 300
123 423
11 325
322 456
422 250
401 377
172 267
309 355
456 404
220 9
27 65
405 241
414 481
236 56
90 269
335 323
425 152
231 434
329 144
445 359
169 63
212 320
262 295
325 340
460 353
4 203
213 354
199 333
209 111
480 87
124 396
184 349
83 77
332 406
470 478
227 48
25 476
396 84
55 21
137 166
82 29
217 291
249 217
230 269
219 177
378 144
288 321
147 397
22 161
378 465
227 450
235 225
24 397
282 172
422 19
274 413
270 288
94 334
471 28
270 340
212 228
362 460
278 412
263 323
322 69
57 24
77 187
58 370
51 244
10 104
432 389
367 189
351 96
179 80
450 404
256 432
126 28
57 25
260 365
121 354
231 174
280 319
241 361
482 274
302 415
131 199
265 296
34 335
331 350
51 305
353 374
103 47
365 284
323 488
43 193
355 286
371 309
66 325
369 282
449 380
398 120
41 397
287 102
449 106
350 492
72 166
443 499
409 416
429 154
301 465
186 36
468 463
288 463
134 467
224 199
342 248
203 272
285 284
30 22
430 387
179 306
15 182
200 9
119 210
363 257
1 374
205 128
191 159
200 185
121 351
256 399
147 285
28 78
431 255
243 201
259 165
112 467
36 469
436 209
147 37
440 109
355 319
121 76
236 329
113 48
248 69
314 120
179 418
265 484
488 200
128 56
67 490
478 192
169 471
179 464
320 70
280 126
463 36
433 77
59 314
196 66
451 467
473 477
439 181
255 1
184 202
328 114
188 111
468 51
76 122
42 292
341 388
473 32
277 327
472 60
7 496
415 414
487 156
245 283
403 67
9 322
327 396
221 379
468 67
319 153
152 336
26 448
55 450
27 247
294 186
70 469
159 389
280 237
327 133
0 59
100 105
320 332
163 64
336 317
210 109
328 482
260 6
448 152
150 208
471 280
217 240
231 392
178 426
106 185
278 445
147 380
442 375
240 384
455 303
270 297
408 161
382 326
137 474
71 309
267 342
60 77
477 315
387 321
413 175
369 298
126 202
360 186
108 482
9 209
342 124
250 351
11 319
266 158
209 171
108 112
143 468
119 140
31 451
53 94
491 408
354 31
189 53
363 490
134 76
137 289
79 56
58 51
193 139
464 111
122 401
121 411
250 492
26 500
74 53
472 253
80 380
1 17
140 307
440 155
402 311
51 327
9 459
228 293
391 475
296 416
160 73
88 162
171 413
224 246
488 288
457 481
187 279
167 62
13 393
355 280
413 497
166 387
382 249
102 351
353 242
427 310
238 169
82 62
110 76
485 5
10 369
15 438
449 127
268 266
430 234
395 118
328 443
309 265
144 387
203 139
370 305
81 243
180 436
174 202
66 112
192 404
457 81
361 252
479 117
138 416
271 458
251 480
36 40
330 17
314 28
87 163
306 323
205 394
2 254
431 377
276 443
46 407
484 347
194 289
331 23
219 213
26 441
111 372
215 167
118 382
456 359
226 394
175 31
338 337
335 337
342 113
221 70
185 141
321 371
387 485
33 121
379 398
259 375
270 44
34 315
270 468
269 441
332 372
49 487
62 376
251 389
6 461
420 150
360 485
352 363
296 191
438 428
94 231
478 16
259 57
226 344
56 12
406 343
149 354
148 315
3 406
177 112
385 27
210 322
108 346
180 36
282 25
483 115
344 295
200 398
222 14
58 85
81 323
148 101
130 318
269 305
352 297
96 226
322 442
342 400
120 283
382 26
315 240
99 13
139 182
146 378
244 189
236 493
24 164
78 222
70 478
61 50
11 244
94 344
390 331
96 193
418 405
440 219
259 331
298 403
48 52
467 465
267 484
482 21
398 126
465 288
430 27
466 372
251 204
75 337
27 94
368 423
274 50
115 88
477 381
130 400
346 191
148 386
408 293
407 103
318 189
215 194
265 176
307 127
296 237
188 376
89 147
390 412
171 28
444 343
287 197
177 35
258 30
475 421
238 489
111 83
138 73
75 223
410 396
274 52
380 221
383 144
77 263
356 434
424 77
77 307
40 379
9 457
425 260
106 106
397 135
422 361
77 140
482 94
377 257
469 250
14 262
160 18
140 489
326 301
73 463
334 396
456 454
244 21
342 393
381 207
413 17
291 134
206 250
437 99
354 394
346 401
333 146
48 74
38 468
252 35
269 244
144 454
193 177
205 106
443 378
496 372
251 344
164 89
252 389
231 396
3 29
16 312
20 161
422 205
35 488
130 404
320 474
36 439
227 467
130 477
493 390
348 411
364 224
189 405
54 325
117 19
224 235
469 269
189 248
171 363
437 482
454 115
23 263
77 163
414 228
395 6
152 240
463 477
110 316
121 470
338 344
464 319
207 176
458 359
98 97
95 216
433 421
329 26
150 48
48 282
206 355
84 145
331 378
33 224
474 203
31 223
149 108
179 39
70 229
22 223
299 205
408 12
465 398
460 470
90 20
477 220
259 278
111 222
150 115
475 366
481 186
275 330
316 72
261 181
440 323
459 252
158 413
376 67
20 439
7 146
120 326
361 215
497 482
379 217
1 193
387 363
185 328
277 209
438 475
76 258
465 340
3 289
250 8
128 362
399 324
402 96
175 268
303 36
30 371
270 336
415 293
307 196
353 281
437 200
161 65
470 136
499 374
410 157
318 271
408 254
188 246
373 47
285 369
394 253
419 456
36 174
250 278
35 386
126 333
210 348
368 258
151 58
54 160
298 499
138 102
150 235
154 100
350 408
189 87
325 342
246 377
73 127
488 328
28 18
362 422
485 309
437 304
218 46
155 499
162 252
329 352
144 180
243 111
15 238
349 431
341 190
58 133
297 250
234 187
284 240
322 217
184 398
364 418
156 370
145 404
364 105
411 42
306 286
234 432
103 309
371 414
76 334
102 83
242 205
154 196
255 293
82 184
72 426
398 14
318 342
398 168
265 432
211 278
88 170
84 476
498 298
175 41
304 298
348 67
15 319
211 248
257 31
7 396
10 85
129 394
283 355
470 438
366 71
85 277
22 500
131 488
195 86
37 239
53 91
461 479
71 34
121 123
46 136
248 471
482 9
417 336
267 313
226 244
136 15
327 177
463 273
44 269
84 103
207 157
207 147
108 176
19 339
403 206
78 204
103 364
150 304
37 147
254 287
152 113
142 127
276 55
201 464
462 127
486 284
284 175
53 463
102 398
38 54
46 183
11 310
20 218
296 317
40 182
444 23
219 366
245 355
34 345
383 301
246 60
84 394
136 130
11 444
395 401
243 105
379 118
190 28
260 447
83 445
394 406
155 464
159 374
115 86
238 224
485 18
33 315
183 63
198 115
70 147
263 247
205 130
242 403
3 333
146 243
280 208
46 199
410 400
364 373
136 205
354 483
29 475
442 326
9 43
444 189
146 419
481 152
131 397
190 350
334 287
284 322
303 414
302 117
232 46
139 468
52 57
69 6
256 286
15 365
397 497
302 0
368 167
15 355
30 113
496 110
14 203
366 164
387 118
419 117
360 89
178 119
247 139
178 80
35 362
296 125
307 438
260 219
160 88
431 97
432 319
471 72
272 256
352 395
394 369
7 322
165 217
336 446
409 315
296 294
31 287
66 152
231 372
32 11
31 354
200 226
465 27
462 139
106 271
466 65
147 68
115 483
469 355
296 154
53 193
224 445
432 447
413 86
483 318
327 500
447 434
227 310
304 364
472 86
29 107
345 177
75 123
55 349
51 17
464 386
176 371
196 387
205 337
413 372
263 118
215 233
332 10
321 179
41 76
17 410
55 94
174 130
486 463
209 135
105 227
295 425
380 163
148 178
234 218
103 98
198 372
357 74
392 88
379 216
348 423
300 413
40 211
471 141
211 382
53 80
415 392
94 373
367 220
60 167
10 166
75 377
196 156
30 200
486 345
190 142
10 184
74 207
30 332
178 457
285 284
490 475
493 148
291 131
246 357
435 0
402 353
336 351
157 164
323 386
320 4
44 385
333 305
121 220
247 294
128 37
212 417
232 112
196 66
55 288
331 93
447 16
154 22
441 416
83 354
249 379
322 343
330 430
152 449
13 201
295 384
412 492
188 24
162 180
465 361
392 23
84 252
114 34
53 323
111 383
210 43
459 5
276 168
144 124
18 88
72 334
384 309
441 490
46 285
390 189
152 476
174 463
61 277
442 210
308 103
394 212
494 163
326 132
393 16
490 480
350 187
353 299
35 274
219 329
315 205
326 197
355 9
234 382
187 384
359 372
82 493
374 378
411 101
410 138
197 424
396 291
43 116
25 159
37 332
375 252
36 46
331 35
320 154
210 256
133 422
58 181
417 229
298 215
430 202
129 383
275 383
479 152
243 492
484 269
480 244
364 171
281 140
114 196
334 497
117 303
473 130
305 495
93 252
325 195
123 496
374 396
147 268
438 165
498 170
168 387
487 448
188 388
43 258
111 357
115 50
72 15
410 337
143 98
305 247
320 383
374 334
246 12
8 439
430 95
423 266
345 109
166 444
69 417
288 359
256 193
226 138
150 412
158 52
320 18
450 482
328 182
336 6
19 188
314 421
364 219
300 71
75 227
357 484
57 360
388 189
329 124
151 384
47 146
51 66
94 393
441 272
56 339
287 218
134 498
351 334
435 335
358 290
29 492
54 221
117 175
436 243
258 238
331 177
158 489
210 151
448 2
483 106
238 115
44 106
354 465
348 488
160 188
35 263
82 29
132 484
452 82
287 280
352 161
92 401
169 146
46 78
352 410
89 139
329 104
13 227
456 354
257 95
412 455
408 153
487 347
144 188
19 399
104 13
322 58
204 133
295 41
248 213
82 44
355 138
352 274
109 426
256 242
109 374
127 120
338 178
332 213
467 128
12 203
426 393
278 306
133 280
63 165
111 174
353 160
299 79
152 283
415 437
237 433
98 484
180 227
128 348
500 384
91 327
155 12
467 338
119 445
155 316
202 376
13 256
204 94
448 112
46 356
96 266
448 396
97 410
28 82
427 165
210 434
232 265
117 103
106 45
400 76
239 173
133 312
309 417
50 475
110 353
46 428
419 429
206 327
457 373
154 370
231 453
61 390
228 210
282 117
178 434
140 96
218 248
286 196
307 404
421 17
306 313
356 163
219 111
73 19
169 479
132 399
230 83
488 203
353 444
283 89
145 159
463 162
406 95
354 232
394 316
24 110
363 490
287 413
371 18
349 236
409 416
43 206
28 140
245 382
203 358
476 57
193 360
381 111
312 224
96 301
412 144
291 3
306 395
336 157
18 110
474 390
59 278
412 220
421 299
34 97
20 115
278 263
408 17
80 458
220 363
449 373
251 206
107 184
103 52
120 348
479 309
13 270
72 241
27 363
4 419
498 383
234 165
59 402
72 57
72 91
51 91
145 153
286 410
463 51
174 358
95 17
199 79
326 28
151 310
395 292
37 380
141 356
238 97
310 19
490 383
138 375
265 136
288 37
384 471
397 14
483 468
414 19
185 400
182 247
483 302
245 306
343 60
331 91
453 131
355 341
453 247
419 81
61 176
462 239
404 50
269 476
304 394
376 490
238 404
124 170
373 245
27 296
329 483
85 3
2 19
12 190
22 127
226 480
162 208
34 480
312 302
144 119
38 172
223 468
254 119
304 360
295 257
263 442
54 407
338 327
60 83
192 328
175 81
431 363
224 491
402 89
302 149
140 411
310 426
296 148
343 90
198 309
432 442
111 294
74 353
201 471
377 366
30 208
68 462
289 323
108 237
458 135
21 341
168 335
368 158
3 116
90 0
422 275
311 460
61 146
265 392
196 1
360 348
467 98
141 91
314 327
254 126
402 401
127 142
98 178
436 90
294 129
21 467
164 54
82 430
19 384
92 316
2 72
324 473
167 221
82 241
282 491
207 112
267 362
324 341
126 370
243 351
481 211
213 234
401 379
349 251
369 229
483 441
19 204
105 41
471 4
328 380
337 279
154 359
28 215
45 487
475 369
500 364
267 323
467 334
148 230
51 289
153 271
93 380
173 368
202 332
89 405
241 224
283 130
429 159
474 333
91 135
286 239
222 33
62 158
245 128
483 474
119 187
310 82
112 310
143 473
205 12
15 408
40 368
46 282
101 228
383 214
234 219
455 136
354 493
429 219
242 449
221 169
454 277
69 285
468 260
173 152
154 328
60 361
331 192
151 11
246 262
78 214
165 65
21 204
349 475
87 397
158 161
453 123
486 173
398 145
305 301
174 75
470 431
263 143
422 495
259 494
361 167
381 193
313 352
88 26
113 496
153 150
266 183
92 101
132 71
27 256
110 455
239 93
70 93
384 358
1 255
9 486
125 323
201 111
262 88
13 53
340 281
143 275
15 294
39 265
160 475
233 419
297 341
328 360
293 107
124 45
348 471
457 210
151 247
138 126
430 175
349 47
287 73
304 413
369 211
496 236
43 101
257 195
364 437
205 428
299 161
415 290
374 440
407 444
6 229
115 487
336 223
254 0
147 48
193 237
95 178
26 415
77 343
141 248
362 118
199 220
487 404
298 378
338 328
289 56
10 198
145 180
263 56
340 108
256 83
320 413
450 349
186 24
290 121
231 131
309 178
133 342
336 165
398 328
409 253
147 147
196 119
369 223
358 107
287 176
330 86
180 439
455 226
180 325
171 439
231 103
412 24
240 457
380 302
196 432
336 132
487 394
480 99
42 310
123 440
279 446
499 125
322 93
190 364
56 283
390 193
324 442
465 104
292 32
47 315
23 260
164 235
178 132
216 242
242 233
477 315
359 436
267 446
167 209
42 299
389 410
215 221
91 128
74 51
56 436
496 19
356 360
116 174
436 493
326 126
164 252
79 144
149 127
216 210
248 393
293 109
167 365
293 367
262 363
411 288
33 162
489 377
104 118
347 298
486 302
179 198
339 434
235 471
386 211
151 401
161 91
37 102
455 65
414 41
8 276
395 19
329 300
423 170
408 439
6 155
454 110
168 362
90 324
322 340
255 378
274 181
73 220
206 301
372 156
152 241
264 121
379 167
7 331
79 125
347 345
1 133
293 130
423 329
0 132
332 50
298 87
419 413
454 411
453 328
332 163
212 144
77 159
55 97
462 115
464 232
351 371
419 415
370 45
155 461
103 419
131 348
475 150
176 424
210 387
339 62
386 173
479 481
137 204
187 68
316 99
468 147
472 450
377 280
134 334
93 22
394 297
140 114
230 307
272 289
474 16
157 247
217 373
183 223
46 253
434 173
192 434
31 335
214 109
345 128
88 113
207 113
213 306
196 400
266 202
500 487
83 266
232 441
312 234
430 425
344 403
30 473
332 219
59 186
258 0
230 327
366 257
193 80
101 126
6 192
202 123
373 219
140 342
387 409
234 255
87 83
491 175
243 282
246 297
48 452
433 434
401 269
224 402
400 439
103 492
177 149
351 400
492 423
462 472
385 151
21 458
35 228
282 98
399 310
75 411
72 489
283 50
488 493
387 255
289 402
434 388
211 352
328 457
206 309
368 481
40 444
201 47
106 473
410 327
144 46
221 432
461 137
215 43
245 157
55 140
39 217
390 381
121 473
121 466
448 330
446 29
303 192
397 256
2 132
243 121
29 18
294 33
296 454
302 419
154 373
102 224
402 419
438 162
378 249
134 122
359 294
184 32
189 376
417 245
299 408
13 415
364 152
60 63
406 170
332 16
400 466
293 419
18 10
343 243
237 167
109 481
371 272
305 182
463 148
430 184
176 348
292 56
117 293
287 24
219 300
59 18
37 153
247 129
124 309
345 485
462 188
388 188
362 355
185 326
136 139
426 70
302 176
77 141
194 301
276 213
172 203
498 230
300 429
459 417
342 219
149 13
182 150
294 278
149 378
473 31
393 367
278 149
65 478
430 259
67 436
464 296
4 112
38 329
134 237
224 376
107 319
228 133
298 235
117 402
227 265
115 234
172 305
144 77
156 353
357 125
311 179
460 306
51 453
156 346
116 194
300 29
40 356
137 129
70 175
444 434
429 377
177 308
291 333
466 138
55 239
205 54
381 251
419 329
336 397
179 149
367 272
330 436
30 464
364 239
405 14
403 421
314 315
228 180
217 126
19 387
184 132
226 235
23 141
274 139
476 296
484 77
115 182
44 250
383 224
203 154
97 276
80 312
203 243
356 128
52 88
408 51
379 478
201 76
173 448
95 496
394 158
152 12
45 126
21 168
304 55
19 440
456 43
426 400
424 291
456 280
30 123
66 365
137 460
20 484
174 358
136 125
426 62
38 218
37 445
411 180
404 160
96 326
374 432
287 347
354 264
447 89
257 319
467 500
87 189
489 55
444 224
478 153
52 236
289 205
158 259
71 235
105 107
407 170
273 290
401 179
163 209
254 463
487 304
249 274
371 223
435 115
85 252
242 140
297 63
488 408
336 266
264 67
298 196
382 125
341 407
191 441
40 264
371 301
55 419
361 124
263 99
286 497
325 237
147 202
378 494
452 367
364 123
147 78
10 125
2 102
143 117
10 298
320 211
257 245
90 351
477 205
252 420
439 237
100 351
420 119
179 383
62 209
428 300
174 119
353 199
317 242
219 348
249 452
154 62
327 416
230 89
273 23
188 130
406 135
263 286
463 288
223 331
364 78
375 157
423 257
394 190
408 93
87 156
205 153
406 271
307 401
396 274
169 429
305 199
474 244
75 128
45 345
145 398
116 301
240 137
229 348
437 326
19 121
128 144
373 328
265 377
183 246
259 422
468 349
124 151
135 415
438 493
273 241
53 189
500 341
78 405
306 159
142 218
287 54
148 55
58 213
170 201
205 395
405 180
100 365
388 63
32 153
199 132
376 214
454 499
162 245
23 445
148 403
317 87
207 293
97 77
117 419
397 189
252 348
485 247
139 294
475 325
425 419
378 184
492 405
72 481
52 2
328 498
114 22
46 390
189 268
444 408
86 330
78 411
54 278
46 256
357 171
309 90
218 210
79 137
354 25
250 418
67 378
109 483
491 175
218 3
337 390
153 298
450 281
107 490
136 192
276 168
257 13
435 296
497 328
116 499
54 334
169 109
349 172
395 259
500 39
475 457
460 77
129 147
261 78
41 78
51 339
425 301
44 425
500 414
376 223
234 328
113 396
307 179
109 350
424 138
255 90
319 13
217 224
234 388
483 444
486 92
260 489
83 473
266 431
173 297
120 243
24 170
116 15
378 275
213 446
417 156
469 70
252 116
330 403
198 350
363 200
485 384
439 412
432 37
367 207
34 346
311 188
381 71
212 15
22 499
252 184
72 192
447 470
430 174
346 384
304 483
130 15
476 305
55 486
236 390
241 86
65 221
262 2
207 451
212 185
280 260
486 35
354 102
472 236
241 406
249 214
441 334
78 151
434 62
364 22
282 202
79 21
389 301
499 72
246 203
201 347
477 157
325 22
390 378
439 342
325 398
146 201
196 122
117 338
387 98
28 241
68 124
185 160
376 66
70 349
278 246
170 423
454 323
103 23
37 51
212 143
220 194
152 153
276 336
483 383
423 299
261 7
458 434
77 250
458 58
482 490
87 402
463 61
40 434
192 339
372 145
279 485
459 193
6 498
411 91
134 244
425 341
260 124
138 32
437 332
458 333
203 328
79 458
71 419
402 488
8 367
125 25
219 280
330 315
411 29
61 232
243 304
454 399
16 429
411 271
422 87
407 205
139 34
83 127
98 338
280 63
492 474
232 256
121 116
203 203
195 459
79 479
83 472
127 266
137 494
213 151
79 289
243 220
425 365
125 317
32 374
287 339
418 245
374 27
50 221
19 500
129 96
478 231
416 425
367 97
450 394
207 89
432 348
404 291
2 231
105 408
371 243
405 34
215 47
233 399
300 57
414 321
448 248
108 200
348 124
399 253
145 447
131 348
237 92
22 444
356 315
215 50
404 454
236 167
117 334
374 56
306 20
74 292
468 158
296 481
184 331
340 405
310 134
96 424
78 61
439 434
106 496
440 364
46 149
101 256
221 194
50 454
363 436
207 80
367 427
76 389
42 128
452 398
331 459
419 96
349 95
374 148
311 422
420 357
265 388
156 224
282 32
366 264
258 128
495 179
321 422
253 499
68 84
399 98
133 260
117 444
487 67
4 317
496 217
33 141
62 275
13 492
233 291
247 379
283 115
150 129
95 365
82 396
317 65
491 482
399 10
46 477
220 192
292 180
133 13
463 24
289 262
75 145
329 172
138 28
471 63
321 302
223 184
87 229
465 462
444 366
70 360
130 9
10 42
488 306
153 388
366 437
41 246
180 473
28 184
348 53
255 177
163 417
53 261
41 8
453 479
49 429
258 39
182 149
86 157
469 269
427 134
164 445
4 135
280 251
500 441
253 91
32 478
362 382
150 270
74 357
319 191
305 493
291 402
182 191
466 35
351 440
470 70
18 218
395 441
391 450
297 240
74 15
203 6
72 144
76 380
224 66
247 264
383 308
6 275
123 422
363 413
95 332
127 189
263 456
286 6
143 36
266 134
250 221
233 366
168 236
140 339
349 396
475 239
54 136
492 211
334 235
104 420
134 189
216 303
111 264
216 396
351 96
9 226
241 180
135 303
360 444
470 77
199 70
480 474
157 429
259 256
287 82
407 64
131 345
285 494
74 414
86 24
133 269
179 53
308 436
235 278
365 282
157 382
21 387
486 130
106 294
87 456
479 374
134 268
459 95
47 475
358 411
251 248
20 265
215 333
446 308
27 434
267 430
284 495
85 337
332 61
154 438
283 96
16 128
97 446
23 291
323 267
274 487
465 256
366 238
17 74
59 194
317 19
208 70
173 205
39 290
258 464
32 187
26 177
114 470
462 159
228 465
21 153
95 414
173 113
385 263
431 309
27 482
198 357
68 106
106 118
61 306
187 69
231 248
215 405
456 72
46 222
48 290
235 385
386 333
140 343
123 32
54 109
53 27
393 77
184 167
156 21
407 153
381 426
153 305
345 269
398 169
413 396
73 17
91 111
106 351
395 177
434 303
340 356
318 383
174 257
454 115
341 474
181 137
175 3
192 202
284 80
170 321
144 176
202 469
42 310
413 397
174 236
268 326
109 411
93 43
388 259
199 225
85 35
33 384
418 312
262 360
154 124
71 100
292 453
152 148
389 272
16 272
303 143
495 308
290 263
51 469
166 34
413 354
452 450
222 70
215 122
287 483
328 163
359 244
367 146
284 247
128 177
183 400
27 427
178 199
122 152
171 488
59 288
471 239
25 407
41 457
255 478
227 165
274 114
234 207
83 455
334 311
238 217
344 98
103 470
387 0
225 349
39 138
54 41
397 183
468 17
225 436
476 445
225 376
12 155
461 146
240 441
364 374
35 219
202 231
129 55
148 321
437 344
28 331
41 304
377 191
217 482
486 325
97 139
180 432
379 400
82 309
157 383
57 385
416 375
199 345
230 491
225 299
177 499
317 311
26 228
261 328
489 322
211 107
476 480
174 486
193 219
461 197
382 345
90 153
336 451
287 459
257 231
56 179
259 498
146 442
369 487
423 20
19 48
73 141
407 426
390 285
124 51
441 110
262 297
166 265
95 157
497 84
252 422
258 490
300 412
295 328
476 124
312 252
258 464
428 406
413 405
460 168
92 242
44 10
305 121
265 417
51 339
333 255
46 320
279 300
420 185
309 301
105 405
317 11
132 401
489 291
284 211
81 470
17 411
20 281
229 276
77 67
462 162
250 197
465 332
194 309
273 320
115 41
355 243
219 300
266 250
155 224
69 70
202 398
312 41
414 493
326 295
221 97
429 428
283 205
184 105
11 470
185 205
496 207
316 164
38 20
354 195
383 114
327 13
167 10
282 350
274 280
66 281
342 43
3 53
251 256
418 201
413 471
245 308
279 135
294 449
163 491
419 260
4 267
413 354
343 164
179 135
337 360
244 55
129 379
433 483
33 125
362 192
4 345
1 452
368 229
223 430
467 166
363 111
123 457
60 363
145 237
226 371
349 78
281 386
395 490
476 4
21 311
360 26
138 304
339 54
49 292
272 423
296 412
275 360
166 51
334 6
169 490
425 333
135 190
119 189
138 212
375 142
395 126
109 378
497 408
370 44
393 152
298 208
57 213
384 428
234 358
35 500
91 324
20 93
355 19
182 440
261 478
129 404
500 103
343 290
62 264
60 165
121 118
249 137
418 166
264 499
337 30
354 357
282 194
383 113
161 15
289 282
110 451
230 239
426 180
49 215
52 107
437 59
490 158
243 221
46 473
279 443
421 454
277 27
440 266
393 193
4 344
270 266
291 5
160 166
378 330
226 313
71 261
91 459
335 289
322 104
251 60
42 94
475 78
201 233
458 464
127 203
497 378
173 483
273 275
370 281
436 272
322 236
63 137
107 418
85 15
427 237
483 144
324 313
31 88
181 375
200 136
4 467
230 89
78 135
99 379
15 174
66 231
225 449
340 182
39 409
180 228
140 97
332 242
492 182
103 37
250 305
439 337
243 386
141 454
382 415
489 442
12 231
40 363
354 368
320 344
439 352
444 489
391 102
446 340
138 443
302 121
135 151
243 110
245 448
79 364
132 103
399 213
375 213
466 450
162 214
225 183
362 475
203 289
193 315
369 242
494 422
446 269
29 124
5 104
196 406
180 20
96 103
281 344
192 225
100 140
297 377
352 411
135 488
499 403
222 52
271 138
364 68
48 261
381 89
241 80
32 382
352 135
282 133
422 287
198 439
356 109
121 293
390 302
456 157
85 167
217 215
308 138
212 256
430 433
157 227
361 389
204 100
1 119
65 10
57 326
171 287
484 22
190 392
436 280
226 459
321 164
125 68
381 23
206 500
26 440
466 251
385 457
444 123
1 397
268 163
75 258
122 13
32 364
28 171
185 367
291 249
382 263
224 74
157 433
24 201
245 454
347 453
196 486
367 99
491 417
404 248
61 138
104 142
206 10
58 124
101 432
449 354
4 383
319 10
433 163
406 231
79 46
56 305
141 326
137 257
308 321
496 336
453 70
357 102
459 361
266 125
90 79
111 489
108 165
28 223
492 319
406 480
42 121
143 327
350 37
357 332
212 119
313 381
65 6
227 366
243 363
196 388
4 273
60 111
10 336
13 182
111 456
228 233
389 101
273 11
336 240
147 11
78 468
279 438
205 425
397 86
16 1
135 400
241 43
399 373
449 129
124 318
218 381
122 366
383 142
81 69
300 384
277 372
59 71
73 325
88 191
411 120
436 408
194 274
10 168
360 133
318 193
311 354
323 382
94 119
111 310
282 105
298 151
479 95
36 275
169 227
283 194
153 170
237 428
9 303
197 265
432 148
467 419
213 171
296 163
326 262
241 303
317 42
437 26
189 445
18 162
224 22
77 380
272 393
396 101
166 431
296 394
132 471
33 28
258 142
299 480
320 241
213 11
423 486
74 121
106 308
201 224
358 62
294 229
25 422
11 221
188 141
144 27
104 433
8 100
463 34
218 77
297 104
379 415
253 324
223 392
135 270
497 282
428 279
126 394
482 277
473 83
398 456
53 199
131 313
75 88
178 6
311 123
363 434
32 496
208 493
39 229
139 354
324 241
477 248
56 145
201 143
393 154
323 284
77 388
182 471
239 363
385 278
98 134
236 28
189 89
117 130
131 375
353 302
237 176
472 185
382 402
481 308
296 139
50 143
380 446
215 199
288 219
255 437
206 274
413 67
121 218
68 120
90 133
72 240
7 118
106 214
71 98
133 187
359 390
104 380
348 497
175 85
188 257
483 415
219 461
430 3
469 498
161 76
356 8
8 22
242 446
338 231
298 380
10 68
64 182
323 122
141 135
121 68
423 383
58 36
46 418
340 382
425 484
357 498
85 136
261 77
441 157
12 226
18 119
138 120
131 18
144 220
179 38
379 404
281 197
445 51
326 440
416 463
105 330
145 40
64 240
360 321
344 329
139 141
395 32
495 108
276 358
361 219
227 52
463 169
383 162
167 151
471 355
76 54
37 243
399 182
37 170
258 446
393 422
273 58
234 243
415 392
190 70
57 119
341 287
208 222
366 29
383 441
118 130
449 134
489 230
275 168
357 227
374 200
494 116
306 400
114 172
179 379
470 8
13 459
127 17
256 315
132 385
475 308
66 46
55 24
234 244
464 262
192 8
259 95
440 224
387 177
105 128
487 28
38 83
376 319
106 396
214 271
347 441
80 294
168 28
429 20
145 422
215 446
350 295
14 73
288 260
107 246
319 83
8 401
366 147
215 12
481 172
380 496
100 473
457 284
440 274
435 39
153 412
392 117
366 121
345 316
44 60
394 199
165 291
259 1
48 100
438 445
112 421
481 459
128 340
114 136
124 310
237 62
6 361
382 500
250 434
425 322
210 435
399 276
143 301
36 482
127 312
266 37
429 123
499 30
0 489
132 329
188 276
29 146
3 395
469 459
494 15
349 461
59 251
34 207
331 307
473 29
379 309
267 469
174 26
414 335
142 172
492 438
306 303
126 364
102 51
154 111
157 467
278 214
466 338
274 330
239 87
21 476
244 103
436 58
251 244
64 133
285 198
98 232
8 77
139 284
263 436
386 169
73 452
289 177
409 379
460 404
251 478
244 41
312 202
126 347
424 277
368 379
173 114
332 413
290 364
436 298
313 86
36 240
362 18
156 428
376 380
332 202
130 16
67 279
55 12
116 71
478 319
316 73
295 46
141 492
221 20
363 78
212 450
405 239
478 448
90 240
443 9
400 254
114 157
222 315
201 212
408 341
375 304
253 332
424 442
8 173
489 93
12 118
360 183
260 37
397 200
211 304
367 104
281 41
86 304
493 477
163 135
221 25
428 442
21 152
105 470
157 252
346 405
71 391
216 297
93 352
23 235
398 11
459 464
366 238
74 441
194 257
23 52
132 131
289 154
181 357
489 199
395 377
208 209
361 60
471 232
463 69
496 46
228 21
271 256
132 205
377 339
119 74
431 297
279 12
436 460
152 59
210 216
206 52
52 219
444 261
6 429
21 29
2 269
349 243
357 359
279 451
313 155
201 491
319 474
58 301
432 364
368 481
342 421
247 307
160 139
493 211
325 433
236 83
57 261
1 163
110 451
185 184
111 167
51 194
452 212
83 313
435 96
23 104
355 190
290 313
1 489
84 45
132 4
431 103
334 164
315 467
389 494
282 188
318 97
389 412
260 369
31 144
417 104
109 98
79 120
426 284
414 393
299 460
294 180
275 243
439 439
12 477
367 353
386 67
96 344
319 460
156 63
194 393
214 464
264 118
92 198
71 6
456 347
486 319
436 323
69 192
380 239
222 92
236 177
17 44
403 421
260 80
74 140
217 358
6 357
489 429
399 312
299 110
462 84
402 441
56 83
467 328
472 194
155 350
61 131
137 224
253 158
460 402
402 313
274 174
201 492
254 334
87 148
334 488
65 463
314 425
285 445
140 162
44 346
286 429
417 370
56 244
327 71
119 369
389 45
62 379
441 420
115 367
145 327
386 72
208 292
17 130
184 468
32 74
151 309
457 500
166 409
257 413
58 294
55 104
490 360
364 429
463 396
290 153
375 25
226 63
75 91
479 275
378 65
275 335
273 163
334 68
330 436
313 491
394 194
132 125
375 239
333 2
109 428
200 106
140 260
436 207
463 499
28 173
10 358
43 269
376 361
40 383
198 53
185 303
171 173
16 34
330 184
72 426
258 12
353 229
332 95
433 282
499 46
50 456
148 34
437 454
70 139
12 74
350 338
492 200
93 496
82 1
284 209
354 361
463 421
277 247
266 485
465 452
257 436
135 151
411 160
40 217
459 44
98 497
453 311
432 138
163 483
227 243
371 384
192 67
474 110
82 391
107 52
474 312
280 151
5 109
499 495
47 192
154 356
34 479
366 260
246 209
121 75
384 192
62 335
26 130
456 378
415 303
127 281
47 221
12 452
208 131
159 270
70 404
407 133
352 258
403 426
481 136
14 246
382 102
7 179
40 360
344 137
427 125
382 426
113 301
436 339
231 323
31 176
415 167
494 253
216 257
197 366
301 277
342 303
407 45
141 226
326 269
361 105
246 400
244 437
54 207
125 99
403 286
304 53
140 210
420 55
102 218
360 460
414 369
289 362
358 189
200 263
370 302
337 254
341 122
52 397
124 113
304 272
64 172
254 13
366 154
409 255
411 85
394 122
123 258
126 129
226 443
310 314
355 86
65 341
312 293
323 103
360 352
200 408
327 173
299 304
235 367
192 237
448 132
166 81
400 415
272 277
209 403
425 438
21 227
416 150
198 128
416 44
177 236
263 166
277 259
227 122
253 341
115 489
120 168
463 493
80 407
442 170
46 41
178 96
315 328
77 50
8 134
26 454
51 86
90 211
112 234
399 144
496 435
302 314
352 77
104 92
209 418
385 477
490 226
261 111
229 39
172 88
346 425
272 411
409 398
202 401
107 271
204 249
402 362
395 227
7 143
271 313
387 393
104 418
103 410
16 30
332 273
245 389
200 84
404 23
500 115
149 157
70 90
406 397
273 171
374 268
449 319
357 258
68 402
493 438
408 165
21 82
227 421
332 96
79 288
449 209
384 10
383 364
14 307
313 348
483 343
47 461
380 146
76 120
46 130
147 139
439 124
80 365
162 493
55 217
50 145
2 147
278 160
261 76
499 476
196 36
214 49
213 74
146 158
148 412
285 396
97 392
491 88
440 242
43 421
281 1
209 77
278 244
258 337
476 169
188 137
237 196
230 133
495 246
462 484
173 138
6 127
250 113
392 315
27 89
489 390
140 80
236 457
378 480
482 497
22 72
293 324
433 202
256 106
432 415
128 119
399 437
77 208
176 430
298 329
297 286
313 336
312 334
288 210
128 472
17 429
257 302
135 353
233 371
223 343
103 261
205 226
386 253
271 169
434 414
33 144
417 88
40 411
296 392
164 245
317 185
96 245
92 164
328 199
308 438
271 374
53 418
367 270
427 226
283 345
297 490
74 34
27 479
275 105
317 408
281 293
465 139
186 440
498 440
390 94
190 167
159 286
20 182
64 228
419 257
147 155
443 241
121 221
482 41
192 316
67 328
69 73
186 137
207 233
158 149
132 369
419 416
416 282
469 249
271 231
88 94
211 169
85 302
427 372
268 376
288 451
318 22
393 358
158 292
60 27
179 377
187 101
477 478
302 349
125 115
177 29
249 434
254 191
344 484
282 427
213 82
144 200
453 286
114 216
39 241
332 288
472 431
180 340
482 190
426 338
460 92
128 358
225 128
200 58
303 80
160 216
292 6
359 150
386 228
483 377
377 384
171 183
380 119
140 212
137 81
366 479
347 462
370 275
271 109
23 264
80 229
74 414
429 292
116 82
74 471
234 76
128 462
179 81
304 454
42 331
48 73
43 275
257 104
479 134
466 369
376 228
160 395
374 341
214 10
161 236
353 148
388 93
221 32
261 475
297 473
69 84
395 80
484 381
204 46
177 137
251 261
461 221
252 471
187 366
493 430
123 352
19 306
207 290
7 328
363 155
54 288
465 159
304 261
111 225
480 302
271 203
62 492
357 25
80 298
477 58
247 491
63 54
13 15
118 172
263 343
341 393
432 15
364 436
243 75
301 215
355 86
13 481
321 269
442 140
411 81
379 125
390 410
377 484
439 399
425 220
32 76
228 388
110 427
157 113
385 7
405 109
88 500
494 367
459 252
255 180
333 7
315 116
469 0
29 336
181 57
46 459
463 472
489 15
141 185
349 399
447 33
22 278
315 56
61 2
354 182
109 403
100 372
178 185
353 78
126 27
81 389
345 109
101 113
208 260
61 163
339 189
91 440
340 84
280 445
491 301
208 438
387 497
184 273
498 458
145 37
215 431
15 66
373 482
233 133
204 157
403 171
263 215
71 443
292 380
177 466
151 311
465 159
347 154
95 207
157 242
321 285
267 41
215 274
19 299
175 207
254 279
213 2
196 492
360 265
179 17
301 13
187 462
473 227
108 145
294 280
254 428
152 468
398 3
151 240
248 490
385 23
38 377
180 103
355 487
414 461
347 349
269 278
347 315
60 298
238 456
209 192
356 487
199 308
9 185
227 110
314 439
415 246
230 236
298 390
78 137
437 253
9 132
434 445
214 310
279 7
302 448
179 436
357 140
170 308
483 328
67 495
292 124
418 415
103 465
482 154
463 457
216 436
29 29
136 437
352 392
203 147
427 230
151 271
150 439
497 85
390 481
393 18
292 451
485 321
331 53
339 416
204 364
111 343
260 308
407 265
283 319
196 121
471 54
257 28
264 65
288 260
257 170
114 395
377 115
66 41
152 356
238 168
153 95
346 41
445 443
314 73
99 167
480 17
215 345
204 201
467 151
434 86
45 442
161 249
434 45
284 34
480 28
392 404
144 449
368 88
201 38
346 86
98 277
14 166
449 335
240 408
209 372
341 66
248 33
22 221
45 268
199 467
254 287
304 84
135 154
15 80
145 452
485 63
200 233
359 91
315 132
226 210
205 240
391 284
429 418
117 435
479 498
271 386
77 421
45 397
432 370
309 265
344 363
58 62
208 374
173 303
95 214
222 60
143 40
248 177
384 55
211 44
80 131
151 386
296 456
105 262
425 21
431 212
488 3
314 387
134 137
310 132
277 263
124 31
31 275
387 362
177 367
438 481
468 144
441 265
246 156
144 245
46 361
296 229
395 67
75 284
420 105
157 301
341 203
239 422
313 86
239 174
223 465
452 64
323 446
490 430
218 138
443 473
466 292
416 42
9 416
19 498
291 61
368 59
355 368
372 430
267 352
291 497
372 74
58 254
95 455
422 308
498 304
403 305
276 102
272 362
175 343
180 96
223 419
322 441
434 405
178 360
20 164
303 265
373 351
445 417
364 320
5 135
154 290
27 295
118 301
122 77
92 251
388 345
490 313
383 341
364 432
241 1
275 73
333 263
97 286
217 337
288 487
495 447
407 383
340 16
489 47
123 72
383 430
382 485
21 432
429 305
486 476
61 250
102 264
350 191
481 13
177 349
156 70
102 218
483 475
458 315
353 39
267 254
10 93
279 323
236 440
193 76
324 468
349 267
120 356
83 400
50 174
53 17
329 102
264 439
44 234
415 465
248 304
188 114
497 300
415 160
10 71
260 20
76 222
71 305
448 414
348 371
229 253
309 33
359 415
372 172
319 485
254 237
115 152
445 56
272 4
228 294
427 18
23 420
189 81
292 14
11 475
296 379
240 158
290 362
348 349
496 345
9 216
490 449
381 45
24 421
476 36
122 105
78 401
407 12
91 470
225 210
290 91
3 394
73 10
391 68
278 343
338 353
294 234
148 293
144 408
231 47
304 453
222 33
158 295
43 16
4 430
121 402
426 321
102 278
249 232
163 375
72 67
275 259
158 144
293 435
257 182
165 466
45 360
119 209
44 266
378 153
451 345
36 57
236 14
305 27
81 353
245 474
447 15
133 20
211 308
478 389
275 403
307 340
144 67
18 324
374 207
248 44
389 245
451 333
159 109
460 308
53 11
150 203
162 282
293 180
457 103
260 425
72 461
12 344
238 402
265 248
140 237
477 276
194 105
101 272
349 382
325 158
460 164
370 227
21 253
113 46
120 77
104 321
404 369
466 393
443 117
314 393
187 467
70 3
321 70
339 220
427 385
36 460
306 401
158 345
465 265
232 324
368 39
252 57
456 462
147 90
5 372
132 325
479 272
254 132
13 300
456 261
37 397
368 479
300 105
110 103
166 163
394 213
192 92
413 11
133 11
332 363
355 145
286 24
177 105
4 414
19 69
385 413
347 400
431 232
290 128
467 461
75 203
21 348
50 34
268 121
497 64
276 41
203 65
54 107
8 341
372 421
320 95
195 360
293 172
103 87
124 448
348 309
376 256
79 305
246 117
206 144
58 133
205 405
32 22
254 491
453 267
447 342
90 291
437 235
495 117
76 500
359 94
345 356
279 360
391 409
293 214
167 292
131 35
403 338
336 91
400 133
155 128
475 344
4 256
430 289
278 20
395 46
245 416
64 322
156 219
339 385
174 306
23 214
186 233
21 429
283 28
82 400
446 52
256 38
295 40
322 225
173 38
70 471
398 226
122 298
325 127
2 153
393 484
79 76
423 179
312 405
11 92
129 364
346 32
136 461
176 128
79 97
443 332
424 386
458 376
188 127
100 120
485 97
30 379
237 418
357 218
255 31
58 4
426 140
123 74
422 78
79 248
380 346
120 494
467 351
397 97
187 206
320 328
321 450
93 275
370 47
379 191
51 70
444 323
141 110
312 311
127 304
407 252
232 155
433 66
430 238
477 327
329 147
458 201
132 198
477 474
460 241
255 431
301 121
422 65
47 204
345 309
20 118
375 58
350 292
463 225
155 49
232 23
60 241
192 267
202 36
157 467
310 438
29 387
261 373
205 228
312 421
252 66
264 171
234 215
116 453
142 237
484 308
54 146
177 428
332 460
383 75
270 177
289 415
218 347
199 107
411 212
219 197
373 337
213 281
248 356
174 438
426 419
105 483
121 323
347 237
39 269
226 464
129 430
186 370
337 152
454 366
273 401
486 43
5 415
29 290
336 312
204 60
252 423
449 221
129 97
288 347
113 297
319 433
27 35
23 161
449 231
220 137
319 147
469 290
174 497
217 269
112 347
371 173
281 156
419 20
316 461
394 417
43 240
111 158
415 136
100 471
159 492
453 408
46 466
182 263
210 13
129 461
269 16
478 379
361 365
398 439
84 0
321 142
421 108
323 473
370 175
291 158
95 294
227 414
469 251
418 492
304 29
110 237
184 127
160 344
203 350
249 485
20 468
412 375
354 219
94 282
153 57
17 478
487 225
346 14
292 243
29 40
137 81
37 142
306 117
81 338
474 491
173 474
96 162
176 7
229 22
243 5
118 265
328 125
182 486
291 433
373 55
408 428
338 474
92 207
167 72
478 327
132 493
225 353
96 292
438 259
96 265
85 128
20 425
207 265
149 74
260 117
323 323
333 179
62 427
152 109
303 133
341 55
441 189
484 450
44 437
475 206
306 254
472 462
189 100
360 431
408 62
471 465
115 367
456 346
321 310
319 169
337 180
264 43
484 371
7 76
378 270
257 220
84 12
50 306
101 170
198 482
421 377
406 304
91 206
382 376
325 215
415 107
155 59
436 174
439 306
97 268
217 51
95 140
46 404
485 33
315 50
421 295
265 463
308 107
344 249
372 75
61 428
440 245
123 209
423 470
398 368
58 210
483 186
453 354
203 37
23 427
190 208
120 44
148 132
437 436
414 128
89 446
278 287
212 378
230 74
169 71
476 367
272 338
314 442
416 304
253 75
492 71
415 438
336 24
490 236
192 60
365 181
417 17
232 337
76 276
482 166
207 74
378 68
252 131
382 35
342 326
394 27
129 13
376 492
278 167
440 330
197 368
249 321
336 383
440 243
396 148
421 430
167 173
10 213
2 93
87 235
177 89
326 320
275 185
149 454
432 282
186 30
110 262
64 98
183 392
373 123
78 226
429 8
395 210
284 6
97 269
307 385
431 74
133 437
496 288
354 188
496 364
258 185
69 63
322 481
411 402
385 242
312 316
177 251
177 102
201 374
53 207
442 468
466 376
29 342
393 158
197 106
153 131
165 31
34 231
8 411
103 275
122 497
122 349
333 293
435 287
377 420
55 287
118 471
447 3
81 388
76 372
123 176
308 224
232 129
393 438
365 187
220 154
336 467
247 213
321 271
163 100
30 252
61 406
490 34
9 237
254 210
408 68
324 84
140 326
69 229
188 456
447 120
401 235
155 15
138 331
426 95
306 263
36 83
183 82
86 49
427 201
124 435
301 350
349 446
240 95
359 129
409 103
229 177
2 350
192 299
98 118
72 24
447 373
201 266
432 430
108 418
71 167
192 131
112 393
409 39
113 11
376 114
145 289
313 457
221 212
303 293
456 303
118 159
499 401
427 54
265 186
465 107
330 28
111 193
303 484
495 437
40 253
486 345
364 134
88 173
90 496
151 12
87 477
247 396
203 67
121 388
405 9
286 360
388 211
302 19
78 81
186 436
313 424
115 310
470 451
439 234
399 323
300 184
205 323
365 90
402 117
359 68
412 167
425 176
450 3
411 16
161 90
412 472
70 441
342 341
42 333
280 129
478 125
62 168
432 292
125 269
400 497
182 215
8 146
464 223
432 193
35 492
318 326
459 270
19 103
41 32
297 276
193 38
300 101
84 16
198 18
205 91
237 392
17 382
79 66
329 110
429 79
481 330
296 212
430 226
34 3
230 459
494 255
127 482
133 91
181 192
346 103
187 161
453 293
164 393
162 469
100 224
349 290
200 322
251 266
345 317
319 324
397 29
435 185
326 4
345 460
447 330
90 469
230 161
81 192
234 247
44 181
9 406
85 371
90 316
31 268
489 482
430 2
429 481
192 397
451 254
241 241
377 186
81 278
252 473
17 393
160 129
489 26
449 217
1 84
346 66
134 110
327 97
38 447
308 499
74 424
367 451
352 322
495 16
209 266
130 344
10 293
274 225
164 240
111 344
374 499
411 18
223 386
225 2
111 173
276 209
24 450
325 455
209 389
116 83
59 463
277 421
239 417
235 353
433 84
419 218
194 199
229 247
375 213
198 361
121 480
405 228
362 294
222 262
457 378
461 155
336 490
15 25
97 387
6 28
159 22
50 122
248 4
169 80
300 403
15 312
336 395
487 260
13 456
286 117
159 406
398 128
455 160
16 280
268 361
333 58
383 382
204 147
133 153
462 70
1 127
176 407
176 247
14 13
131 14
95 150
293 125
375 219
427 399
397 253
290 93
404 394
430 1
419 205
240 348
273 410
163 438
414 489
111 344
269 82
41 380
135 36
5 142
113 253
210 151
131 395
74 466
259 349
153 38
14 232
360 475
424 427
17 390
479 131
138 402
280 60
146 316
238 77
434 465
70 264
375 228
312 273
433 0
95 106
16 216
238 69
492 94
277 376
47 450
200 169
196 245
90 139
488 243
14 317
185 169
257 254
272 420
138 255
409 309
479 101
85 330
427 290
376 340
372 23
206 312
238 351
185 435
359 358
237 428
119 308
294 218
285 107
485 188
272 458
260 162
11 440
262 232
179 414
8 428
470 130
467 156
164 300
206 234
360 287
41 362
409 45
348 135
420 173
395 251
381 483
127 6
149 302
355 164
3 308
426 96
8 304
171 132
492 25
303 491
49 305
14 406
499 311
499 7
323 398
277 77
496 277
351 467
381 365
142 111
170 5
476 448
453 239
329 230
2 79
302 258
336 43
358 456
319 177
202 427
472 34
167 51
258 324
189 226
408 16
52 240
210 434
138 492
80 464
33 477
289 379
68 182
302 75
265 161
234 179
81 188
363 373
164 263
271 447
123 367
481 53
367 179
5 69
415 392
436 226
373 74
183 261
425 261
498 239
248 334
272 266
103 239
447 63
418 165
251 223
226 320
80 96
16 382
167 447
27 330
188 232
446 482
57 455
31 32
446 414
311 98
177 263
359 449
193 283
207 307
498 343
50 175
91 48
94 86
99 438
300 448
262 200
284 239
82 297
247 5
54 305
93 137
82 93
269 399
26 181
261 172
166 10
445 224
384 89
63 415
230 260
376 360
252 147
414 266
359 500
45 313
344 205
133 109
446 468
492 210
276 182
497 292
423 62
109 309
176 412
193 237
243 245
21 118
271 89
42 136
248 127
264 56
367 98
128 144
127 131
319 364
352 311
216 492
380 14
226 90
279 74
230 329
109 479
299 159
358 357
13 482
82 421
203 41
244 32
164 162
428 259
457 330
324 50
327 63
214 303
96 76
229 256
73 285
481 390
336 315
211 134
390 383
251 144
277 187
449 47
460 57
241 112
378 476
467 164
497 148
57 491
163 332
296 58
324 183
92 103
176 476
18 54
61 461
93 352
209 79
466 58
458 216
106 484
178 65
378 230
292 145
28 390
38 207
204 227
334 21
61 450
116 81
331 413
284 197
394 87
344 274
161 274
109 348
301 460
129 75
2 442
169 93
128 108
337 30
175 4
227 418
82 142
459 326
494 483
38 88
233 19
300 77
81 444
408 403
76 421
69 205
291 394
332 32
303 2
95 128
45 93
429 475
110 219
398 210
452 326
409 118
327 324
306 324
372 112
164 88
415 74
326 192
147 147
124 149
449 397
141 109
184 307
203 134
484 71
344 160
221 206
115 449
35 281
440 334
426 484
10 273
332 430
311 231
18 259
144 282
21 375
230 312
408 269
111 151
87 320
212 272
46 453
489 201
0 358
46 394
296 200
332 85
65 80
482 444
408 5
308 238
10 119
349 414
456 224
307 322
39 298
474 379
33 268
352 288
99 265
322 201
172 489
185 376
19 20
9 391
358 488
1 140
392 471
122 120
468 272
316 76
65 232
495 259
153 148
68 410
379 62
194 40
211 157
274 263
93 210
72 16
123 79
89 365
197 170
360 215
4 43
198 221
437 231
46 153
383 414
465 59
398 304
84 250
32 200
112 283
172 6
358 84
37 102
372 173
295 5
296 45
4 439
133 258
333 92
10 464
187 185
54 60
211 67
0 237
230 105
483 458
402 187
363 172
13 449
431 427
215 70
496 10
110 494
401 437
250 409
183 127
48 96
177 151
266 389
463 365
1 142
110 434
288 233
287 349
245 349
61 78
342 397
195 491
347 134
399 347
460 417
341 5
471 93
85 440
65 263
334 455
134 12
178 11
252 476
314 203
41 142
312 267
149 238
338 489
420 441
161 30
167 326
226 170
115 200
323 310
367 70
61 367
316 196
314 130
326 113
299 371
468 251
21 474
451 93
403 186
237 218
386 172
99 218
412 221
256 88
354 304
237 190
373 372
433 89
41 73
234 156
491 409
9 294
25 81
132 96
222 65
480 54
111 150
43 316
380 374
168 192
247 193
357 129
470 194
197 88
312 292
229 326
268 44
215 107
226 310
383 79
390 385
68 216
464 258
60 430
415 417
161 382
115 479
41 451
119 131
405 0
378 358
272 73
132 261
289 95
189 444
482 470
167 498
144 209
167 173
89 423
409 100
154 238
322 209
131 252
167 477
199 77
219 304
413 52
479 442
101 159
100 83
78 350
141 348
302 169
272 400
94 18
80 268
385 432
132 236
34 233
216 463
175 161
108 263
450 310
190 112
124 476
395 3
110 54
389 47
401 451
390 46
55 30
232 43
305 311
375 281
24 358
180 145
245 248
386 156
333 99
182 90
107 475
247 315
406 482
283 114
69 403
251 186
349 390
9 131
331 415
241 80
143 230
34 14
336 4
334 381
475 364
97 15
280 413
391 224
327 201
109 166
94 44
26 242
388 421
487 89
207 458
35 200
487 277
2 149
231 347
83 360
93 393
493 140
74 66
38 202
411 235
211 239
291 370
220 384
169 29
418 399
104 494
117 5
56 384
201 354
377 0
21 117
146 5
130 152
192 129
453 43
438 189
338 443
364 394
369 164
481 237
235 296
332 323
317 116
345 123
31 302
14 194
155 98
82 409
351 37
164 131
9 174
197 444
466 283
135 116
471 455
415 42
246 49
47 315
56 338
450 404
364 352
37 107
283 99
81 490
185 148
170 291
319 484
248 135
279 399
271 398
0 145
138 384
72 351
138 394
17 134
283 148
38 357
335 274
262 258
50 482
20 488
318 101
122 115
388 14
334 381
109 9
11 48
362 307
19 362
224 358
463 297
65 409
97 396
283 402
282 24
431 24
241 156
65 375
150 421
87 262
154 52
85 96
295 480
181 342
337 429
165 218
96 394
36 50
77 407
145 450
32 373
101 261
203 2
305 256
371 269
449 52
192 131
435 253
117 334
141 434
429 364
87 440
164 172
143 208
30 295
192 87
457 56
136 414
177 133
159 185
72 429
38 295
80 21
187 70
8 301
402 339
160 391
279 463
22 405
129 365
129 414
329 355
154 214
374 395
492 384
187 429
279 293
310 403
439 165
447 142
194 323
495 280
228 113
351 126
500 144
190 19
30 307
323 315
192 93
59 196
495 17
346 409
200 305
61 404
133 493
248 219
66 135
125 450
393 163
414 215
59 40
89 40
146 270
486 110
231 383
433 65
87 188
95 202
309 134
330 442
146 345
101 126
144 377
139 228
430 228
146 111
88 306
47 73
186 62
214 7
106 133
60 258
88 98
191 298
108 295
372 427
345 109
251 102
45 92
93 30
435 187
430 343
222 450
233 241
30 10
109 77
76 314
70 499
39 427
38 238
487 140
445 256
10 88
326 14
317 20
296 165
56 482
30 87
198 183
306 310
327 18
450 218
187 434
381 136
354 306
283 318
93 89
166 74
183 398
265 360
411 135
249 465
479 41
409 433
261 304
490 210
101 318
177 416
5 44
322 366
43 205
274 458
460 397
0 96
71 16
387 187
359 368
153 362
150 358
64 352
231 120
305 314
206 390
394 192
305 423
350 464
204 491
196 320
173 47
412 336
495 374
190 81
454 211
58 147
50 376
314 265
153 92
231 446
334 239
105 169
296 420
16 75
83 397
282 30
440 441
138 406
447 266
310 128
246 421
226 150
195 333
185 326
42 32
470 270
374 379
1 181
302 194
385 148
231 177
31 130
272 499
28 37
265 492
400 254
262 416
345 420
349 329
384 311
5 151
400 118
485 276
198 97
210 167
268 196
263 134
194 136
73 230
11 442
58 96
279 469
165 431
452 236
35 404
227 398
19 246
451 46
101 121
374 95
26 196
19 108
481 134
74 130
474 76
208 116
215 427
49 57
14 249
148 123
120 40
462 30
103 438
318 166
480 350
168 79
49 122
360 279
376 137
5 231
34 92
296 402
292 382
270 95
487 135
110 200
27 8
75 319
178 152
44 89
185 37
159 423
278 441
415 358
498 248
469 331
381 270
274 138
145 262
224 492
201 37
181 151
454 381
217 50
15 10
174 263
212 183
33 28
435 185
415 435
237 25
109 296
492 120
171 490
250 358
335 63
262 209
260 473
471 361
287 470
66 44
136 83
219 331
188 299
484 244
192 71
293 499
314 149
15 111
13 259
419 492
216 59
136 390
221 49
417 93
420 239
171 345
21 293
161 408
404 346
395 108
262 363
377 142
145 187
61 405
465 65
435 451
69 445
310 369
47 340
101 116
486 153
347 464
153 388
226 105
21 196
26 348
375 104
210 424
456 21
5 431
358 381
319 123
17 81
145 330
408 493
138 18
498 62
90 271
37 415
7 109
38 329
383 454
201 166
361 344
281 313
476 0
369 58
330 188
243 168
384 290
414 496
433 458
365 322
438 50
25 58
255 309
136 172
90 246
429 474
296 130
7 231
254 468
149 96
203 238
67 240
360 146
200 44
111 458
120 76
409 111
183 454
0 325
382 456
230 192
167 244
47 494
364 127
484 364
488 244
332 52
54 110
150 263
119 454
213 151
65 255
2 405
348 175
84 63
374 164
301 89
333 207
322 97
8 417
356 55
161 280
48 476
269 448
331 334
77 246
111 287
446 90
36 130
236 401
417 498
466 30
37 31
186 2
124 198
340 449
332 236
359 16
18 19
51 335
25 378
317 218
127 372
316 266
414 158
440 188
13 431
386 449
303 280
66 15
413 373
74 146
108 365
440 53
231 239
279 24
275 396
160 331
403 273
289 481
41 209
23 200
33 429
337 431
484 357
165 76
487 444
224 54
229 248
493 108
240 65
489 458
487 127
100 265
180 76
427 487
367 265
489 286
302 322
87 169
393 145
148 417
450 46
23 421
128 120
269 362
342 64
81 199
433 52
481 109
74 351
87 324
342 467
350 274
32 408
391 283
299 359
200 329
255 321
487 225
291 349
283 353
73 72
20 115
225 266
41 224
419 341
255 425
141 460
39 138
160 24
42 293
364 179
220 499
150 370
353 121
74 269
429 63
286 181
303 252
124 58
448 17
48 38
184 271
404 276
446 205
123 183
14 481
360 325
174 63
485 106
43 159
465 89
36 26
338 328
306 234
353 277
453 217
53 81
468 199
311 128
146 345
430 386
92 148
303 338
405 23
65 276
231 423
440 143
115 420
425 82
485 195
119 202
115 456
184 153
184 307
133 142
412 217
161 141
459 13
379 73
182 218
110 300
267 496
350 47
382 318
43 222
225 152
441 255
372 10
365 498
265 426
163 217
408 499
182 306
157 458
324 449
55 349
490 393
495 365
316 139
349 217
487 193
25 240
103 398
404 211
482 432
200 224
114 301
6 123
75 103
311 231
152 463
243 161
322 21
153 20
233 99
101 54
290 73
26 51
233 6
415 84
180 205
409 69
362 433
147 193
232 350
430 466
140 264
193 354
325 32
396 242
178 476
282 275
432 206
185 93
185 241
65 129
218 58
255 58
339 442
311 240
495 238
342 71
62 9
80 23
113 133
389 372
490 57
378 300
107 429
32 407
426 65
499 64
261 224
60 52
50 392
254 88
420 417
71 417
177 54
475 212
55 244
369 40
335 232
240 277
327 174
473 23
320 260
320 295
93 193
145 358
319 339
364 82
159 393
429 228
95 413
464 255
138 370
436 28
133 19
162 343
204 3
497 272
99 213
45 315
311 255
71 289
409 134
204 188
106 80
110 396
337 411
480 149
447 4
106 154
79 437
314 256
403 99
13 133
108 420
94 375
79 396
319 151
64 331
279 208
270 111
315 392
99 14
366 66
329 108
161 85
176 55
28 348
91 248
388 467
43 259
95 87
198 89
97 273
111 38
111 191
120 0
334 314
308 136
418 206
199 38
293 210
288 450
325 76
477 366
433 44
165 174
232 269
489 67
2 39
286 99
434 225
21 174
290 155
248 254
390 335
30 407
321 269
373 177
250 368
159 106
486 43
171 261
307 325
129 176
388 132
160 427
300 192
449 487
64 105
434 438
256 71
477 308
346 86
315 201
440 321
396 48
39 141
76 222
360 173
93 142
36 368
309 92
495 80
81 391
223 197
94 273
40 229
54 477
312 110
106 455
433 178
110 113
218 253
295 473
394 245
29 186
329 81
106 99
157 172
282 357
226 422
148 217
415 253
264 150
259 72
451 466
214 210
26 139
57 83
105 384
398 186
304 333
131 234
326 155
263 172
52 362
127 389
9 21
43 298
437 427
268 484
75 438
410 442
387 263
489 171
391 456
335 278
188 152
275 437
98 413
392 89
216 472
363 39
408 290
135 314
179 468
260 347
111 435
498 209
28 456
197 322
27 338
397 212
54 275
17 161
278 453
141 41
255 46
261 300
344 86
116 124
417 298
49 209
246 110
5 244
392 101
371 230
444 144
310 333
440 213
249 223
314 338
415 443
316 111
377 351
128 337
388 347
331 297
44 164
273 164
316 358
78 351
34 375
179 321
140 359
52 252
349 361
37 3
175 55
472 271
90 72
35 79
178 215
479 345
83 293
59 172
91 69
210 193
344 452
367 357
30 130
294 177
163 484
378 75
251 251
275 226
227 278
108 314
116 353
382 447
364 399
385 390
497 497
143 129
5 339
62 202
143 185
80 312
496 447
68 242
424 165
450 121
301 86
388 465
358 354
283 477
469 112
83 225
183 221
33 42
82 492
19 389
50 283
315 188
366 113
17 317
493 274
440 196
489 241
113 473
427 175
168 275
391 383
76 9
381 168
173 168
278 333
0 421
69 268
383 265
380 281
231 198
429 298
400 82
294 330
330 383
111 321
57 110
237 219
326 317
170 94
268 91
450 208
457 324
281 90
331 77
108 179
48 305
193 495
50 272
94 447
52 96
299 34
275 138
391 210
319 274
486 237
260 375
70 102
368 114
62 119
463 356
166 255
5 312
484 37
168 48
424 238
195 344
130 135
369 248
60 73
241 472
68 266
350 197
253 154
257 12
329 315
456 236
200 359
459 281
109 230
90 23
181 216
246 420
469 332
500 299
136 395
453 305
365 232
205 149
118 145
37 201
415 48
74 241
405 204
91 191
209 20
26 320
403 104
153 108
10 222
223 20
471 471
164 30
446 99
38 61
394 405
216 383
11 111
228 212
168 304
148 132
110 460
144 143
253 405
247 257
458 164
205 19
398 143
233 100
304 469
488 347
389 429
450 287
101 270
20 71
73 274
412 362
95 15
170 145
163 178
358 249
36 212
436 134
411 292
45 121
343 274
89 486
276 203
85 339
15 431
473 304
101 378
307 187
271 21
444 186
172 162
108 196
481 25
311 163
406 185
6 421
469 166
115 268
29 17
129 88
500 166
206 185
36 18
44 437
200 473
108 324
428 304
312 180
32 154
372 284
445 369
36 66
200 430
423 277
299 299
464 302
201 109
151 377
459 392
396 478
124 229
392 313
456 307
105 51
443 496
430 107
375 189
318 129
419 122
341 52
236 281
121 266
58 267
143 393
223 446
454 434
377 3
267 414
38 419
110 455
401 63
481 152
259 295
235 299
8 399
204 388
499 388
371 323
163 296
344 316
137 128
443 320
462 327
162 485
499 232
240 122
428 335
290 212
251 259
82 201
425 35
135 391
317 375
405 103
88 448
177 69
72 65
422 275
137 186
453 5
475 313
381 199
30 234
244 411
109 242
126 282
337 407
28 147
446 198
197 440
307 190
253 159
197 230
454 462
82 264
103 269
134 197
67 395
357 357
74 435
161 139
42 84
431 277
274 135
36 453
67 105
41 10
453 466
432 488
176 206
95 455
8 495
276 462
308 204
347 237
329 233
411 7
220 60
163 190
81 133
191 229
155 145
341 486
253 191
350 492
342 161
274 294
303 379
400 10
140 438
348 43
415 101
485 297
30 322
279 472
392 18
471 377
351 215
123 99
178 76
339 57
73 448
245 494
482 326
461 271
361 153
13 58
381 343
230 49
95 106
335 134
174 473
496 107
409 454
58 226
255 132
98 387
228 83
113 337
302 61
301 51
5 419
127 266
466 500
171 210
368 384
377 67
190 7
473 248
341 184
436 280
280 207
349 399
1 328
377 165
121 405
249 233
288 173
482 301
355 235
174 251
416 163
422 400
158 22
170 380
7 5
228 111
345 382
498 374
104 394
182 337
216 368
497 51
298 61
12 86
152 473
259 484
24 36
144 238
0 373
161 168
187 149
403 462
264 289
18 106
183 6
276 456
64 307
115 137
17 73
113 162
127 155
176 266
329 448
71 176
290 407
203 469
129 200
358 294
323 382
381 331
453 314
392 339
406 176
180 487
245 133
469 294
14 310
176 262
220 445
164 84
234 49
72 229
347 56
223 434
256 240
238 319
341 108
312 26
74 191
6 112
337 496
491 41
287 129
122 404
146 229
422 67
418 369
357 18
389 47
454 368
231 402
247 173
156 455
462 276
424 427
488 292
389 458
230 321
318 95
143 489
394 466
128 322
187 120
429 442
197 107
491 375
83 88
376 278
450 45
79 353
1 100
364 290
331 143
218 291
110 404
179 493
474 246
327 405
379 35
277 170
71 362
51 20
12 345
473 220
100 294
443 380
361 123
275 441
87 448
87 107
144 350
466 120
331 100
21 105
451 395
377 242
487 239
428 42
455 53
223 407
348 205
492 125
429 345
396 164
47 371
286 401
111 319
461 318
377 309
260 45
3 423
427 396
177 135
163 170
262 234
59 192
54 345
135 317
60 231
466 168
278 406
472 194
36 188
182 411
27 70
414 265
427 33
105 108
131 55
25 491
316 405
326 328
363 138
337 406
406 91
164 365
397 499
305 63
299 383
389 282
60 182
430 172
106 323
369 497
397 24
421 98
226 480
172 80
411 214
195 115
160 378
156 42
73 403
198 417
86 424
192 154
62 155
159 400
28 364
258 454
34 389
116 433
366 65
327 247
275 382
208 422
204 430
285 231
139 161
163 303
133 410
219 339
18 212
347 408
448 458
0 289
317 27
422 329
369 297
455 371
145 406
259 225
348 388
443 235
69 176
212 129
147 213
464 74
70 19
87 9
481 364
192 494
317 55
353 255
34 432
60 4
496 482
127 162
307 190
134 235
359 166
428 402
425 355
254 229
352 378
238 372
458 103
40 324
365 224
320 213
445 338
169 123
499 236
170 126
161 36
49 1
246 82
407 30
245 405
302 36
386 3
176 419
372 97
131 36
288 429
303 415
44 81
396 91
201 211
481 185
76 344
179 190
414 282
347 297
421 304
255 188
369 126
123 15
256 349
8 266
363 274
65 164
213 325
53 14
165 167
209 488
242 19
376 413
3 483
102 158
348 138
410 331
79 63
422 152
95 71
278 277
93 407
284 348
254 427
496 273
427 186
424 212
327 497
36 184
316 198
477 398
254 25
128 189
195 6
213 90
353 241
303 75
386 22
500 262
259 450
369 52
49 397
166 425
406 464
130 24
363 461
273 461
360 273
215 355
280 187
310 191
299 234
392 276
193 290
468 32
329 254
485 18
39 359
62 11
279 96
307 128
283 461
208 171
69 146
369 79
35 353
352 152
111 258
237 71
394 359
353 463
439 161
52 6
451 265
39 67
65 452
219 345
46 455
0 101
116 188
442 460
201 382
351 229
319 345
401 227
51 120
409 184
494 364
252 244
288 265
476 452
259 307
366 443
87 225
286 123
23 319
3 429
234 122
44 403
368 365
165 396
334 189
79 333
497 13
313 52
442 241
284 249
262 418
263 435
2 255
157 375
322 159
288 424
372 413
291 208
84 352
224 101
340 90
354 499
147 47
194 349
383 3
131 207
92 165
298 481
210 130
334 230
188 489
240 313
46 475
487 165
169 200
30 371
218 429
232 142
97 267
259 167
132 266
374 121
80 426
486 464
491 24
97 229
163 189
110 310
159 435
312 186
270 227
185 115
161 147
140 351
405 102
361 497
108 114
232 22
90 417
481 139
405 169
130 491
24 386
180 226
485 440
192 129
110 28
156 198
205 417
455 144
162 371
327 35
89 348
300 356
394 296
451 208
108 8
293 53
301 5
295 244
318 362
346 413
283 410
478 154
445 118
126 207
186 172
387 471
9 318
60 56
242 468
284 70
116 53
2 474
349 35
293 204
175 77
246 170
38 218
342 434
467 41
156 491
343 371
386 128
267 80
24 414
74 116
369 175
365 106
414 62
368 413
278 114
71 69
40 294
424 401
342 499
424 498
385 308
260 194
183 335
425 213
240 345
351 30
96 423
496 154
404 411
466 209
96 291
309 412
447 177
450 96
195 283
439 410
148 238
312 322
50 306
80 112
362 177
486 235
358 285
124 192
185 414
363 149
21 164
381 444
150 149
466 368
382 18
22 337
499 302
235 480
215 396
420 145
434 347
122 374
7 144
260 331
121 404
500 294
125 457
280 481
138 437
424 455
97 157
300 61
223 328
108 77
175 441
86 285
463 291
429 157
204 54
213 35
228 412
273 366
196 177
110 311
388 146
352 97
322 188
223 235
216 169
402 432
165 379
425 452
500 175
116 77
298 218
281 15
125 91
389 218
282 17
443 133
322 346
217 200
349 192
78 74
222 225
113 478
383 363
354 42
422 368
52 90
98 379
47 8
208 394
392 216
83 212
180 409
381 374
355 427
370 160
289 174
395 87
183 426
207 388
286 169
232 126
484 206
35 96
42 356
8 157
38 193
158 408
199 36
204 177
41 280
187 5
81 309
124 456
176 2
11 450
20 222
403 423
189 261
217 40
113 165
85 162
437 467
380 455
213 32
267 119
90 432
189 112
47 457
164 391
316 182
31 247
302 495
71 281
304 0
97 460
400 465
407 108
140 194
241 360
209 332
398 53
323 433
492 68
454 183
187 189
408 126
113 116
346 429
89 118
405 383
84 214
180 166
359 327
322 13
186 124
164 244
155 226
156 322
496 370
255 382
11 27
376 283
243 360
262 180
34 49
117 48
375 97
146 345
466 494
332 322
205 229
479 446
351 98
35 396
27 217
62 306
364 138
245 67
153 231
455 198
147 231
149 335
262 186
466 245
356 51
378 148
494 162
244 115
11 60
324 403
223 132
217 268
99 34
214 454
36 294
283 33
457 20
102 141
400 29
343 63
296 400
132 228
223 212
469 451
88 403
233 200
39 208
291 260
283 458
339 324
486 300
103 107
315 206
0 194
178 56
26 347
140 9
446 483
319 268
492 156
84 353
476 370
400 8
239 190
84 87
296 301
441 279
1 300
160 57
9 450
143 52
268 14
478 454
50 280
435 425
33 307
320 232
33 489
144 410
347 115
136 420
438 460
345 322
208 76
429 186
36 354
9 476
361 340
485 404
324 280
355 204
291 65
29 318
232 360
21 267
489 92
61 485
247 195
80 220
3 211
408 334
429 52
428 183
319 239
468 491
408 439
13 190
228 477
26 152
486 482
94 143
422 254
360 88
467 136
133 64
324 316
292 139
75 20
13 62
437 369
471 237
394 329
238 439
125 247
359 473
244 250
1 50
463 314
239 260
221 181
81 115
336 0
17 187
357 475
416 329
21 89
104 86
483 299
131 22
133 398
321 191
496 153
167 314
105 244
30 126
499 219
238 133
94 327
86 25
248 170
288 289
26 48
72 191
57 159
286 469
43 341
457 370
394 395
448 337
302 278
325 300
469 180
304 52
349 216
203 492
16 78
383 436
60 468
449 263
240 246
382 488
497 102
258 386
238 208
274 105
125 185
394 205
412 6
384 118
330 421
177 52
290 123
61 227
317 22
132 364
234 437
391 380
411 446
139 132
366 79
195 475
133 101
472 372
345 224
358 265
107 86
480 64
291 224
290 172
190 358
195 257
481 186
466 20
404 500
36 58
364 483
321 340
103 193
105 87
462 139
244 291
207 302
186 498
89 69
98 340
144 85
378 244
498 316
242 464
466 431
336 446
340 265
162 54
79 68
469 52
213 429
7 139
397 224
187 168
345 493
151 42
45 290
406 248
469 375
270 84
472 235
425 276
204 335
242 221
171 120
200 287
266 499
131 336
313 500
233 490
241 474
148 192
490 39
22 4
394 402
164 321
178 431
470 376
160 141
125 422
135 163
234 13
381 298
298 293
315 314
211 222
36 198
152 438
495 110
419 320
327 288
173 292
394 126
328 292
93 28
364 425
129 220
233 275
344 242
413 267
190 49
56 239
97 315
340 121
274 407
379 22
76 477
298 400
93 169
143 456
222 25
416 351
170 157
22 369
229 169
490 500
458 308
456 460
492 464
270 327
69 81
122 372
48 406
214 57
239 140
196 365
453 93
34 97
16 338
310 204
287 1
416 74
201 469
374 135
361 341
335 419
363 261
322 185
90 33
216 158
352 272
372 27
30 454
327 81
55 146
295 211
140 139
29 354
371 414
345 231
277 448
492 123
118 410
2 139
411 333
165 420
246 282
458 164
63 93
153 418
383 23
22 480
42 346
447 389
104 453
255 230
257 351
204 401
137 243
342 72
337 245
92 334
4 196
484 394
97 89
268 427
108 416
360 61
185 390
159 172
213 448
247 450
339 483
127 317
182 295
355 486
83 55
298 344
160 452
79 172
408 38
356 265
9 361
472 62
484 383
5 31
46 102
479 303
230 34
246 40
74 441
475 426
108 93
149 433
448 355
151 169
490 223
496 452
206 290
463 128
458 9
328 73
5 215
460 173
239 272
402 7
44 336
63 233
447 97
352 384
413 500
29 350
465 361
27 203
424 163
159 281
449 205
78 72
31 129
426 190
486 229
446 325
351 35
313 248
198 133
352 320
178 358
430 392
485 88
193 101
427 373
323 322
308 60
378 376
352 160
378 475
372 240
444 147
402 368
96 425
89 95
270 347
309 121
25 342
295 147
17 255
326 368
482 344
479 229
263 415
140 158
79 223
216 172
204 229
202 13
267 343
109 443
341 451
160 297
433 46
251 500
244 489
482 391
168 349
7 256
253 394
487 316
283 106
2 424
82 253
491 151
464 355
391 494
412 192
161 12
8 464
432 494
23 119
144 170
168 259
288 318
142 253
117 465
115 485
240 345
205 118
411 7
403 124
408 142
408 230
89 62
474 117
386 70
313 4
352 104
262 470
242 274
112 57
29 465
452 312
321 353
227 289
261 424
177 336
478 481
334 376
191 235
490 334
289 165
199 299
108 202
257 346
258 491
380 171
490 130
205 435
33 409
231 273
170 245
95 426
199 66
285 203
44 157
129 134
278 332
249 326
72 350
435 74
302 320
319 236
423 322
386 64
69 337
236 344
478 317
423 73
112 133
244 155
484 184
272 170
103 83
284 199
48 414
254 17
62 454
222 206
11 486
39 151
453 240
64 471
7 402
82 294
438 191
246 283
383 184
0 169
361 293
352 490
121 174
2 170
188 426
83 201
353 232
325 278
397 393
2 491
367 454
322 355
468 59
315 85
431 379
408 300
439 388
418 394
473 32
420 473
249 433
147 471
225 443
181 403
194 325
150 445
247 252
255 120
266 304
254 395
86 31
33 240
304 455
300 353
315 151
224 309
446 62
47 432
441 442
195 32
153 184
374 432
45 132
474 480
151 156
273 30
284 398
378 114
50 80
31 459
310 69
500 6
27 185
485 134
279 79
186 295
343 337
330 490
171 487
89 67
441 435
432 24
222 465
53 322
105 378
493 6
347 436
165 15
225 181
429 442
347 191
283 184
178 353
246 314
169 191
198 83
374 211
456 445
142 223
449 246
47 356
264 55
239 49
32 471
20 104
278 193
399 34
63 105
448 445
291 392
6 382
198 5
115 157
322 403
79 470
248 286
324 296
483 142
306 188
439 52
392 304
466 425
458 423
294 21
170 236
152 415
202 353
317 491
240 353
13 458
142 403
151 354
375 399
91 419
353 50
278 424
98 278
95 85
466 124
123 373
399 254
1 430
399 497
445 206
199 485
391 166
58 95
233 425
96 321
478 2
290 340
73 282
161 10
147 498
362 107
126 286
171 6
61 299
390 155
243 48
325 330
22 386
155 307
20 42
74 56
114 36
63 197
244 137
133 441
392 77
109 258
431 54
375 213
226 14
337 190
156 93
250 29
417 33
485 366
244 349
3 477
12 333
303 379
357 0
184 237
447 283
147 175
476 269
411 414
381 128
275 208
133 370
88 131
424 427
193 113
355 303
310 482
64 470
158 455
370 72
339 385
161 104
13 12
5 417
334 354
269 26
96 61
22 150
363 283
397 55
52 285
416 150
447 423
446 53
84 77
284 33
374 169
234 475
186 30
243 241
36 195
72 371
391 244
131 345
313 417
459 329
364 365
219 171
123 124
191 231
389 481
178 131
151 468
27 275
133 451
489 248
326 48
161 207
333 461
171 336
351 434
25 342
187 398
360 215
389 185
340 137
338 101
478 52
376 44
156 459
461 465
256 156
190 423
311 214
226 59
461 391
26 23
480 480
0 355
322 334
86 404
1 442
324 477
453 139
383 6
21 185
206 449
395 0
113 306
145 160
53 451
65 208
92 441
286 419
90 194
301 76
28 362
25 431
103 462
372 495
277 172
115 482
416 65
236 367
368 112
375 6
32 321
195 381
94 92
480 471
294 469
278 416
457 437
90 65
163 74
478 88
266 55
146 119
93 216
129 360
339 361
131 443
176 494
337 285
423 312
89 184
269 147
391 38
197 323
215 199
285 47
187 308
140 314
91 482
239 98
194 301
434 370
136 385
197 6
129 471
228 31
461 474
182 377
322 429
322 40
455 215
154 66
87 241
316 291
242 313
220 254
23 293
472 276
5 385
246 41
331 378
155 341
176 115
61 318
141 175
374 321
446 68
430 286
291 190
187 343
11 489
324 129
262 261
73 340
345 258
406 474
420 246
99 410
442 140
221 70
461 227
158 1
213 43
154 454
134 328
316 76
462 252
451 130
488 130
11 179
119 403
419 402
319 225
452 333
371 454
355 463
443 24
33 393
245 467
74 177
395 310
82 296
273 252
236 46
281 228
377 370
281 53
186 178
3 386
178 428
186 283
427 107
365 263
405 374
62 136
118 220
489 253
463 356
39 466
199 494
187 156
156 189
476 236
365 199
231 473
160 77
219 353
283 468
378 168
247 42
375 350
109 357
246 240
136 454
197 416
407 290
325 391
441 57
368 141
440 363
330 314
447 274
314 317
258 139
2 285
233 383
265 389
315 439
457 301
418 264
253 268
152 204
6 51
278 158
148 82
116 85
183 496
402 57
269 194
433 107
216 324
421 446
175 301
211 469
323 31
33 242
148 247
390 78
341 289
65 27
168 319
464 406
439 473
244 240
53 431
272 138
422 379
264 18
145 421
397 146
457 214
137 453
97 344
100 460
22 261
24 488
214 444
302 481
462 296
143 118
356 17
40 128
213 53
183 434
93 105
91 87
79 331
172 275
44 266
326 446
13 48
365 482
314 400
330 490
466 212
124 160
3 332
324 258
59 457
327 483
32 117
471 441
165 442
151 78
125 304
353 223
443 332
390 215
342 237
131 84
313 327
408 313
387 383
277 340
176 381
106 262
203 92
190 82
371 283
371 286
287 189
365 412
265 3
6 238
381 42
448 204
86 179
196 18
216 129
370 277
486 443
291 261
149 152
444 456
259 477
465 114
418 209
268 465
118 234
221 420
416 29
23 160
62 84
430 255
162 417
287 111
425 29
158 143
488 226
19 68
273 181
120 186
330 1
31 432
170 358
107 419
236 126
164 19
475 258
233 105
360 323
441 145
193 71
238 45
372 427
142 254
223 466
192 219
14 260
318 157
298 444
213 143
47 20
457 315
212 78
384 335
189 327
195 480
395 205
181 495
498 331
309 279
270 193
114 286
117 349
345 422
489 430
174 413
371 492
136 393
374 247
211 57
303 258
172 492
209 324
158 140
376 38
476 179
381 191
410 260
326 114
5 18
269 223
1 299
306 194
28 495
106 330
90 311
83 483
135 116
37 323
478 154
221 192
35 147
443 419
269 116
467 341
159 448
391 292
315 126
105 72
252 224
60 301
170 29
498 248
9 101
287 288
452 421
240 87
102 211
24 290
438 152
27 219
71 298
319 176
10 322
208 216
130 487
148 388
468 33
78 293
387 26
75 406
326 73
205 87
368 324
110 437
396 490
261 387
86 461
6 43
394 304
83 410
233 285
335 375
324 154
100 53
457 113
30 37
317 375
389 302
329 54
395 52
467 482
414 118
176 253
42 287
45 354
349 301
89 436
152 181
400 175
412 212
188 396
128 452
296 209
233 265
459 430
101 385
38 388
292 6
227 175
100 141
5 284
424 364
428 172
236 229
411 48
275 392
118 305
177 15
184 407
422 82
34 246
448 496
369 35
51 408
389 321
147 446
115 193
91 465
169 303
248 237
458 114
111 230
261 74
464 320
41 106
21 311
427 263
134 36
383 44
29 52
477 34
296 90
345 300
248 456
86 72
59 442
412 159
489 332
322 301
396 11
487 461
292 211
172 433
364 82
108 463
173 470
429 500
426 316
361 41
485 445
300 335
273 158
366 325
154 69
379 46
188 238
457 269
179 101
347 69
477 294
325 21
203 392
453 192
157 221
481 153
480 418
475 165
353 447
413 245
153 334
279 288
45 432
411 262
2 9
449 256
159 61
332 367
320 253
110 160
292 399
141 145
240 466
13 336
295 410
252 442
84 273
460 213
306 388
293 397
255 104
253 11
419 224
330 42
252 440
332 137
426 355
191 15
61 283
26 164
3 129
72 176
297 317
358 440
494 50
349 210
70 446
211 14
21 165
463 158
421 452
487 403
459 310
386 3
406 431
67 4
196 340
383 278
302 487
297 86
429 368
374 155
379 162
239 465
2 411
271 300
129 91
415 455
171 383
254 31
103 276
361 33
369 0
189 441
178 253
445 157
106 164
497 488
46 63
157 488
106 282
366 391
43 71
310 405
29 140
325 257
446 433
277 427
171 265
34 160
342 64
417 192
446 81
105 271
456 274
323 78
208 413
167 476
74 78
305 244
192 215
338 211
53 280
179 63
74 361
496 220
94 362
402 344
50 327
461 500
181 341
171 19
32 196
213 500
155 231
86 469
129 51
97 172
497 64
174 72
294 429
410 88
298 488
45 152
266 269
352 326
66 487
85 269
307 370
195 77
459 364
431 95
424 139
314 466
4 179
294 429
10 499
335 254
226 364
65 220
302 196
443 102
384 61
329 292
407 488
188 261
312 287
111 391
297 282
116 433
359 202
77 425
440 372
358 30
79 365
42 47
74 55
218 117
347 45
35 156
154 178
499 375
442 261
492 384
91 301
28 323
85 197
432 338
260 336
424 110
237 392
411 307
65 25
13 481
201 25
372 310
392 10
498 355
303 387
157 229
174 437
327 381
302 358
382 463
336 198
374 6
181 25
391 58
275 231
489 3
87 51
224 461
78 157
72 433
361 26
479 370
49 459
239 317
270 282
426 376
241 402
71 324
47 403
108 34
474 203
281 370
335 113
163 354
412 3
438 209
137 53
494 225
331 189
224 147
365 138
295 334
34 101
353 12
288 214
61 286
380 86
236 87
488 491
213 434
440 191
451 62
110 354
297 260
92 3
2 462
457 389
160 475
254 307
66 332
150 242
186 164
447 284
330 264
209 311
187 114
302 398
264 85
76 216
403 428
319 425
229 178
396 369
325 30
307 475
75 484
255 405
407 353
380 274
423 252
149 438
11 425
151 432
351 55
109 185
319 342
196 110
406 352
435 119
106 173
146 435
220 479
114 372
68 34
263 125
433 113
463 365
431 28
38 84
217 55
483 190
100 197
3 249
417 386
198 218
242 68
365 225
385 358
27 157
95 420
247 413
394 128
437 244
263 291
266 131
236 393
437 297
111 209
204 410
486 218
387 275
215 25
102 497
296 472
451 491
127 408
411 459
270 35
32 79
299 193
94 291
198 446
392 107
166 378
381 432
493 48
408 35
123 272
470 440
354 415
461 127
264 264
109 372
146 158
465 394
177 104
410 251
12 384
97 112
395 467
492 326
223 305
430 118
283 271
128 333
156 327
103 376
320 122
456 480
282 135
484 312
329 91
133 199
302 347
294 406
166 166
416 440
452 298
79 270
334 440
139 113
127 109
403 374
481 414
369 446
472 214
389 262
301 60
2 266
240 128
90 132
393 70
410 56
49 329
10 58
379 98
126 135
4 171
482 304
76 136
467 425
180 232
64 345
147 22
169 412
295 142
64 159
341 137
411 84
250 445
255 180
79 98
69 207
327 392
396 158
275 424
10 361
311 482
123 411
180 484
181 65
434 117
398 34
21 193
499 383
317 255
381 112
368 48
287 215
129 74
93 390
2 76
15 78
498 83
371 127
132 261
309 488
250 239
218 406
108 34
350 188
259 93
295 242
371 141
197 244
294 109
108 475
280 140
416 28
52 494
298 370
364 482
76 358
312 144
46 121
276 13
39 141
116 499
405 318
343 173
434 411
220 309
451 336
49 304
355 256
247 90
204 183
222 439
330 250
219 299
383 302
263 260
352 268
190 463
194 390
142 3
89 353
437 195
64 199
397 493
273 278
485 293
311 311
483 475
104 241
440 109
42 415
169 91
117 303
464 296
291 306
345 69
262 31
161 357
171 96
339 319
7 487
92 115
190 79
255 23
460 488
149 462
330 167
203 233
17 319
427 228
66 62
107 162
136 145
104 399
396 67
230 109
133 141
56 449
176 203
6 151
173 483
107 44
366 61
404 404
64 95
101 15
404 357
407 320
472 401
33 411
180 492
298 153
154 69
388 454
227 140
17 103
263 137
220 410
38 81
497 128
114 224
367 334
424 7
423 217
370 296
5 177
19 331
493 35
25 429
202 144
425 474
83 387
97 476
401 256
465 154
307 390
475 111
140 248
335 472
170 222
476 109
454 499
289 52
267 348
313 8
109 110
298 399
2 493
417 130
138 470
312 499
492 360
200 174
238 269
344 202
372 58
227 188
295 56
86 349
250 345
272 397
289 490
247 433
192 18
160 99
301 452
276 403
295 301
218 402
165 40
203 269
1 319
21 368
440 459
462 420
408 229
350 163
145 72
182 24
51 197
313 208
134 451
128 313
104 409
53 302
174 141
266 383
375 352
24 266
36 88
485 187
200 246
297 226
119 134
201 481
380 463
294 495
2 160
24 94
165 365
341 145
269 133
92 96
292 281
305 327
30 324
204 76
342 322
427 317
189 103
457 322
28 267
294 50
48 89
149 218
196 440
118 189
296 385
466 202
447 462
43 177
318 334
162 117
229 421
475 451
112 472
251 211
100 90
396 227
107 296
498 236
225 22
396 160
53 132
229 487
466 229
465 111
43 73
321 218
258 378
268 30
469 183
387 498
82 54
406 177
324 303
364 151
184 480
132 42
143 26
61 179
205 195
8 317
401 434
149 157
366 397
27 345
82 280
268 61
222 364
464 418
11 488
401 155
338 21
274 312
245 384
114 201
88 98
394 288
413 18
481 424
327 71
248 284
31 425
258 72
453 309
68 81
252 448
312 189
150 368
406 164
118 279
372 223
144 183
80 268
81 165
254 335
461 105
279 259
266 358
249 197
13 167
96 81
386 50
23 437
426 471
309 76
230 81
150 426
227 172
115 134
172 484
444 342
182 251
38 54
494 270
496 227
473 347
487 261
86 471
248 136
28 345
178 154
256 296
165 217
344 56
250 445
112 92
330 495
125 465
254 284
361 492
477 23
183 68
341 304
47 475
183 247
304 232
138 302
308 72
254 463
324 224
411 55
284 454
276 167
53 179
387 391
371 356
218 340
60 232
351 5
156 371
134 166
333 85
45 124
138 140
264 250
305 279
454 468
31 165
432 112
152 253
26 343
265 252
200 94
97 164
194 61
232 62
392 36
364 234
244 40
299 456
123 432
20 23
44 282
311 128
30 292
179 485
21 52
18 20
416 125
207 93
446 316
76 417
202 453
439 242
431 216
338 335
121 64
266 376
206 409
96 398
170 443
466 398
392 168
264 227
21 82
483 294
445 259
120 36
428 34
288 276
331 73
411 171
482 9
476 346
125 256
486 245
479 222
357 421
194 125
11 169
473 156
255 356
497 435
484 118
381 185
8 328
120 381
178 14
162 400
88 331
138 383
324 436
95 247
193 271
320 254
338 329
453 228
437 129
335 154
375 227
195 430
484 483
4 500
237 322
214 265
100 242
218 315
311 266
111 57
129 198
421 122
425 360
337 7
30 158
381 225
422 347
91 6
318 190
116 123
306 364
133 223
500 292
335 253
442 226
353 105
396 182
70 211
433 14
479 51
39 32
477 189
277 307
452 105
443 388
320 409
195 323
117 32
100 417
143 63
343 329
350 93
216 34
209 44
345 279
460 81
336 309
209 202
14 176
71 244
145 101
270 367
301 360
49 474
230 382
294 491
302 325
135 143
440 410
37 454
144 221
85 237
40 328
120 9
71 42
176 288
104 23
283 234
417 150
478 229
133 261
343 70
301 47
337 293
393 117
278 53
124 70
369 264
326 499
196 422
322 409
17 171
113 426
384 453
328 72
477 0
126 359
249 432
348 376
479 216
30 448
297 287
173 482
59 318
239 397
87 469
299 496
254 31
333 377
358 260
290 394
281 255
362 82
72 347
423 220
402 231
89 92
223 244
47 335
109 420
352 321
255 441
136 142
491 21
342 293
356 130
440 156
348 420
235 47
444 16
296 441
90 137
231 122
497 92
446 163
364 353
1 139
445 444
101 436
250 286
324 242
240 191
172 489
473 188
328 218
371 79
438 367
307 255
200 410
53 446
370 240
49 496
302 493
249 399
13 220
387 375
69 98
118 392
67 224
428 29
183 394
445 133
177 358
310 162
379 75
478 33
178 460
472 158
84 191
196 160
54 436
305 102
263 481
467 356
166 306
420 138
484 313
223 122
208 207
78 64
189 354
257 149
148 248
194 45
171 443
183 128
381 217
146 323
369 14
369 313
228 7
275 94
59 74
283 54
22 178
154 202
84 20
86 301
129 465
81 74
280 1
241 147
306 429
385 39
155 468
440 164
172 12
427 6
124 153
352 474
398 262
197 460
398 385
362 495
369 344
498 155
357 156
252 270
197 83
14 270
168 440
318 438
386 111
357 108
52 161
493 388
338 368
118 226
331 392
4 354
175 0
224 37
201 321
465 281
169 203
397 315
354 392
9 334
461 478
232 316
106 59
377 402
404 217
136 321
73 8
103 31
64 384
230 74
359 238
370 157
442 130
159 231
137 157
79 17
317 498
4 433
84 406
493 27
401 387
28 21
392 214
364 454
146 252
244 259
227 498
63 420
371 330
122 2
195 347
91 105
64 156
69 424
459 286
219 246
496 240
344 311
288 67
313 468
412 410
452 459
257 136
237 367
7 271
297 226
345 218
97 123
376 140
109 172
181 65
311 395
4 24
128 11
198 4
130 329
474 336
428 69
469 472
489 18
31 249
71 84
482 82
65 285
473 103
408 285
48 387
473 181
403 464
133 28
10 9
159 399
173 405
249 131
446 21
36 448
402 406
456 108
160 370
293 1
131 493
42 456
369 170
125 66
124 413
434 193
273 421
397 306
244 90
363 199
473 418
305 209
251 108
363 58
468 12
244 210
7 425
26 468
488 135
55 336
402 121
290 404
205 491
61 365
469 382
264 200
158 386
50 204
114 412
30 91
18 244
339 11
314 428
393 77
219 381
249 265
394 84
262 29
214 357
298 143
471 405
68 309
210 72
43 96
214 153
13 93
198 133
81 441
8 451
136 19
6 188
70 464
112 297
412 395
301 18
139 33
60 389
21 75
376 152
452 31
289 234
187 60
167 360
94 499
71 392
111 447
254 112
127 371
172 49
404 364
239 466
468 380
20 309
193 13
429 292
55 46
192 304
336 351
340 163
447 56
202 335
167 498
84 479
419 354
4 401
72 193
355 68
349 420
299 426
259 281
369 192
346 281
194 292
375 93
28 278
47 180
488 214
33 14
5 78
248 54
214 42
101 94
491 443
294 403
332 244
11 258
228 255
483 66
442 452
443 125
244 336
258 249
207 108
451 218
391 394
170 61
458 59
248 178
376 133
471 403
265 213
277 217
303 229
62 470
315 333
292 116
338 333
196 276
161 57
353 185
15 177
361 228
319 235
329 433
395 106
14 80
438 444
203 180
403 483
344 302
195 498
28 213
106 344
462 382
141 3
499 118
450 228
214 60
110 350
451 179
500 282
441 96
381 435
33 462
206 201
86 475
373 313
85 394
213 60
352 170
68 7
310 197
150 199
474 103
83 86
107 293
344 362
206 435
142 52
17 67
474 286
403 109
470 216
220 377
395 291
496 66
217 450
233 381
159 114
423 452
341 306
347 302
140 456
454 91
460 437
462 181
473 387
340 284
237 52
131 362
460 423
204 340
5 14
270 443
372 84
239 194
274 194
466 464
93 396
271 43
188 451
382 153
481 307
12 366
243 95
478 140
136 312
451 407
58 417
271 56
168 313
105 71
177 183
143 468
348 87
116 249
309 210
297 479
420 174
481 346
140 313
411 20
309 367
71 18
170 296
219 127
95 366
415 360
288 69
448 234
331 217
36 298
347 347
243 49
432 450
56 282
361 45
427 125
371 219
129 476
212 5
169 334
499 311
168 142
141 0
446 308
355 412
365 275
169 35
116 325
52 110
267 326
251 223
149 143
169 184
214 346
301 14
489 295
434 111
50 53
378 329
366 52
0 185
346 346
359 427
398 353
500 84
83 146
240 15
376 332
49 65
47 156
133 68
299 158
491 27
345 78
59 275
478 12
214 34
85 82
384 255
298 174
412 294
423 435
23 356
481 94
450 321
340 459
461 468
211 21
381 88
377 53
386 40
221 281
180 197
499 305
362 400
271 333
451 414
201 180
420 234
317 215
391 477
407 265
78 156
227 1
102 79
11 194
307 328
8 80
292 277
390 162
145 399
386 337
365 128
88 136
476 236
258 162
39 87
341 291
400 111
321 13
20 351
195 376
77 369
161 39
332 396
43 101
411 336
271 90
456 67
371 394
239 230
371 44
97 486
449 471
209 48
295 473
386 452
29 370
284 284
497 243
380 381
13 366
242 333
347 273
391 231
241 404
89 51
188 19
53 272
25 461
293 297
456 251
225 263
469 453
119 439
492 287
491 464
307 319
428 56
167 498
221 199
198 365
49 378
428 83
151 299
254 75
396 449
381 433
281 272
161 307
328 315
286 201
364 406
165 457
481 175
104 208
361 375
409 162
159 90
459 411
142 99
228 22
493 242
28 128
69 259
277 208
114 345
490 388
436 62
471 243
163 156
330 2
169 373
493 500
70 122
211 215
333 305
0 401
476 303
291 186
310 307
169 398
181 498
463 359
32 348
107 7
263 255
161 399
342 9
87 485
87 458
487 177
232 87
222 399
459 178
87 116
270 88
221 47
74 287
485 225
437 369
352 304
400 218
18 245
442 489
111 223
116 338
139 408
405 183
459 431
335 117
378 16
461 498
496 428
411 221
313 13
294 317
55 425
279 139
63 116
140 500
185 443
169 345
100 347
135 144
47 297
197 51
393 202
439 24
157 362
8 130
63 291
440 117
423 98
209 210
276 385
401 178
199 324
186 330
434 293
413 53
169 418
66 157
474 320
120 75
170 47
26 34
187 192
277 105
499 279
39 384
365 139
262 486
46 448
483 191
378 500
22 156
452 89
281 75
334 438
153 115
356 229
435 352
14 3
443 26
314 88
18 240
133 263
308 69
94 464
243 348
98 186
222 195
386 358
90 74
254 171
376 99
34 430
172 219
275 307
430 297
362 55
425 176
399 174
27 465
64 183
21 200
395 153
125 129
52 353
272 19
360 472
262 267
149 43
448 77
142 138
223 112
350 170
385 279
112 82
218 448
368 56
172 472
430 469
181 351
143 242
156 137
140 12
180 148
490 291
330 299
98 483
143 133
20 461
124 159
330 59
281 222
279 150
466 357
420 115
25 35
431 231
384 378
421 438
64 456
151 161
433 187
180 488
374 40
469 88
139 482
408 150
268 423
396 307
275 328
142 189
181 5
62 212
472 62
461 24
82 164
395 354
106 115
189 490
211 466
489 290
290 133
33 251
211 55
409 91
315 359
125 254
143 101
301 263
61 402
238 189
451 225
261 296
242 317
386 360
174 167
413 89
118 201
148 12
308 166
0 412
305 163
299 269
275 125
113 410
347 264
422 487
314 224
103 397
358 99
336 107
361 441
349 367
109 295
357 231
301 41
206 466
283 306
416 125
139 79
94 450
406 427
347 248
102 436
364 101
373 131
363 357
270 500
299 388
62 398
28 255
292 213
483 285
413 455
425 369
434 374
51 209
8 135
200 374
19 95
422 346
372 29
462 294
72 54
360 59
165 144
99 90
212 351
164 95
60 31
286 25
400 341
34 404
440 260
311 461
213 382
132 193
148 367
341 1
439 36
288 277
325 269
183 54
86 146
482 184
258 409
413 63
428 355
462 163
110 34
424 250
494 240
242 336
164 239
223 474
356 64
341 438
141 265
45 312
260 293
139 245
197 369
82 161
83 72
312 242
296 34
162 72
226 78
75 375
278 302
67 151
88 22
432 478
461 227
43 284
425 60
243 132
213 71
201 446
61 177
91 326
473 114
41 383
185 128
285 43
262 17
374 438
390 487
233 478
237 183
362 489
39 252
3 250
259 487
260 384
448 101
194 477
38 320
484 155
230 264
431 225
432 398
279 219
440 85
388 346
179 499
372 8
245 365
277 23
207 125
283 49
79 382
19 116
225 443
483 176
237 411
464 228
160 343
316 469
238 71
450 273
404 164
110 494
90 453
246 73
443 256
481 273
358 497
445 351
184 270
219 78
418 217
259 297
391 94
238 326
80 93
202 282
426 106
83 500
344 423
207 307
324 141
328 107
359 299
466 25
459 86
228 70
142 371
474 358
275 107
69 227
439 304
83 9
302 117
344 315
478 185
341 96
401 225
230 138
106 61
6 18
468 160
35 406
300 204
91 200
162 16
149 130
167 96
382 71
412 422
115 280
396 5
153 342
122 362
146 249
51 194
34 431
285 209
61 120
447 292
198 252
454 223
2 232
130 405
243 435
86 30
360 118
298 379
129 466
269 79
72 132
386 13
62 57
351 456
368 140
354 37
494 490
302 288
150 349
261 257
290 245
210 476
42 471
9 428
172 69
402 67
91 140
163 237
388 389
286 153
460 247
479 476
382 391
452 288
184 413
272 493
281 48
113 457
93 37
354 12
302 201
180 100
496 228
493 243
106 251
190 77
49 260
165 472
148 168
222 87
295 442
457 2
200 308
203 223
490 389
371 321
208 310
104 379
146 444
120 136
149 61
468 337
446 228
379 416
269 477
364 329
209 10
164 248
24 495
18 71
254 30
242 283
387 410
314 169
377 290
251 76
28 297
163 339
59 230
14 291
18 400
283 173
336 458
421 414
129 375
352 399
443 376
219 434
463 50
150 478
423 376
15 372
196 476
194 398
319 395
310 153
257 25
150 343
379 367
231 32
461 197
474 204
270 307
339 12
181 468
53 173
242 250
417 457
430 30
405 281
304 170
260 336
192 355
110 83
124 24
208 129
87 171
25 54
88 381
374 391
474 373
287 311
12 459
187 248
209 366
346 446
173 238
468 111
131 235
203 391
237 193
288 407
0 265
469 265
141 199
330 150
409 429
119 195
386 320
402 111
89 176
19 122
408 136
365 252
19 287
99 268
399 113
384 376
471 416
23 449
76 273
390 301
398 214
208 461
403 220
450 362
375 302
499 372
356 498
442 341
467 307
496 87
375 479
279 334
442 490
288 379
16 45
278 373
261 482
270 321
369 104
125 267
180 423
212 436
187 353
447 146
284 260
32 113
489 270
256 423
487 360
444 469
174 441
213 195
71 452
370 158
213 139
361 134
433 354
27 51
75 218
17 439
20 462
378 390
316 315
183 32
400 445
312 429
250 315
285 493
413 330
35 49
137 72
346 359
308 323
496 352
165 430
470 223
25 49
485 311
214 424
158 248
265 1
122 162
286 475
153 366
185 222
43 29
275 497
145 89
342 421
353 411
459 471
494 436
73 422
201 186
197 218
135 292
18 33
0 264
335 203
401 197
292 79
83 469
88 489
149 442
75 429
317 101
102 163
121 417
123 424
71 54
126 168
450 392
190 7
205 48
340 277
169 484
142 88
55 461
469 256
68 336
183 288
105 426
470 50
262 256
340 375
265 412
233 269
159 210
89 456
91 365
82 51
363 114
325 248
105 161
31 267
126 109
337 43
36 74
196 184
446 320
371 347
259 484
429 125
74 62
124 195
205 332
19 437
1 278
185 274
111 311
408 118
148 402
360 231
340 7
110 178
458 262
128 185
117 488
98 481
336 337
321 203
18 436
235 269
222 360
246 491
392 327
139 426
313 231
120 362
216 488
46 262
491 495
70 493
438 275
93 218
479 144
269 13
27 44
389 424
336 78
105 76
271 50
245 338
143 287
352 399
125 87
66 311
434 246
102 7
80 58
179 466
371 135
306 342
498 176
394 70
171 353
163 220
42 4
316 80
367 492
12 169
248 149
129 16
8 373
285 18
393 41
39 247
56 114
462 162
298 446
284 162
386 212
143 140
455 273
137 322
203 499
39 324
315 359
203 285
448 209
371 323
67 118
52 423
18 453
171 115
93 118
369 321
112 15
386 437
225 164
325 57
387 471
13 205
135 75
447 450
490 207
476 136
17 296
70 219
407 449
397 126
128 316
73 242
279 166
122 236
292 341
320 288
193 498
303 212
241 197
105 387
247 372
312 451
150 190
485 354
268 70
249 22
76 483
475 391
253 363
293 431
145 192
4 76
5 495
384 92
427 478
58 397
339 6
497 321
111 18
78 370
445 77
16 260
97 225
91 429
276 58
12 58
395 137
463 274
401 94
255 184
79 233
80 386
39 103
112 304
408 364
423 478
145 129
461 243
267 380
92 212
299 473
448 212
166 179
153 484
148 136
203 353
148 7
185 189
263 309
268 436
66 352
268 260
47 59
492 44
339 299
427 388
319 27
465 183
406 423
147 479
257 203
26 322
371 307
172 163
148 237
252 480
408 280
139 399
152 65
266 359
451 256
324 60
342 338
50 100
470 306
236 107
171 342
489 403
246 337
153 22
319 438
171 454
188 194
260 81
95 316
445 227
445 30
412 155
19 334
319 85
179 346
141 423
418 500
416 218
260 130
194 52
360 460
423 319
209 166
212 132
482 70
242 174
219 140
109 88
423 345
153 141
62 498
308 166
488 317
101 7
89 22
2 3
181 242
480 196
329 452
165 18
281 170
437 161
113 455
231 425
490 207
368 236
103 71
292 165
341 186
95 76
415 305
139 499
304 489
207 176
449 421
220 420
388 0
495 61
305 387
408 107
49 377
269 317
353 96
313 337
401 322
261 208
490 178
70 433
343 4
440 365
458 191
302 121
52 39
388 216
170 330
11 185
63 468
82 340
105 120
178 332
48 450
49 216
266 167
311 100
314 153
444 272
117 14
66 421
46 499
372 360
465 389
9 222
144 198
182 4
169 133
268 101
167 171
24 56
290 217
485 13
251 326
236 40
314 156
192 302
331 265
154 137
157 12
449 324
59 17
173 271
474 42
134 161
231 289
321 152
427 122
350 128
186 388
163 479
95 409
358 91
318 146
168 387
358 44
319 261
53 181
404 123
10 406
451 479
38 481
114 188
370 397
396 402
226 223
292 90
334 27
331 22
357 229
205 456
222 259
474 207
433 244
223 1
337 342
73 283
141 100
303 462
300 203
101 484
403 432
49 206
27 222
282 51
487 183
309 75
301 414
60 244
43 193
299 480
27 494
140 23
83 294
470 11
95 333
99 278
468 154
81 458
256 206
59 268
424 100
307 36
160 314
275 405
349 262
252 462
2 476
395 499
334 206
154 446
432 298
378 407
158 266
303 156
378 224
126 470
264 388
331 125
261 392
404 241
111 366
441 142
150 277
412 285
104 97
53 79
388 398
486 179
204 302
259 129
471 454
499 222
338 296
429 21
405 190
499 460
459 428
216 84
478 479
315 264
321 163
53 134
15 226
223 352
500 162
277 484
243 492
480 24
7 145
248 4
278 478
63 185
182 349
455 235
449 270
234 133
291 455
238 384
104 456
452 257
109 129
76 38
493 44
112 415
213 152
227 388
160 94
380 476
449 206
230 137
299 273
303 124
271 317
49 37
402 133
166 432
113 345
363 232
211 194
57 448
265 121
149 7
48 136
102 241
231 27
427 478
131 250
26 353
161 119
297 459
412 106
48 147
254 435
301 442
191 360
499 212
26 407
228 327
311 482
302 18
201 466
331 424
230 414
303 256
403 333
321 187
141 290
235 168
316 410
199 330
314 13
29 172
273 119
94 82
445 477
306 260
315 153
156 49
215 20
413 160
470 199
415 266
334 265
257 99
199 57
319 291
82 125
343 288
138 384
326 107
278 102
54 130
227 167
142 426
199 297
100 176
298 257
373 453
61 122
44 211
321 75
371 35
248 421
473 262
425 430
357 335
102 39
41 230
70 447
236 172
59 323
160 108
221 207
457 69
308 452
320 198
233 405
417 244
70 329
496 238
459 287
140 193
5 5
261 355
492 203
9 495
484 223
70 286
353 237
39 214
175 444
273 390
139 292
101 197
5 276
445 216
144 33
344 148
273 67
67 371
16 180
370 145
287 467
262 377
314 137
21 182
193 188
383 204
75 85
341 253
123 499
474 479
11 240
255 33
303 174
149 371
376 432
246 129
470 346
401 20
107 369
10 259
81 230
78 139
96 4
488 151
303 418
43 169
427 216
401 421
19 4
8 486
348 218
47 499
467 201
370 470
183 280
255 171
347 152
415 9
407 147
430 86
141 379
328 390
469 66
391 145
294 449
374 439
123 79
104 110
292 298
328 236
65 231
147 194
253 319
223 108
149 456
450 211
3 286
15 247
289 63
429 72
218 339
495 368
149 413
399 20
420 86
56 407
14 401
152 404
174 151
213 310
499 378
7 253
91 84
301 292
436 428
373 211
223 106
124 445
379 395
20 275
89 133
488 411
210 404
438 258
318 300
202 309
237 296
364 162
306 18
246 258
210 499
308 294
230 83
49 122
364 329
186 258
64 430
350 179
311 5
171 138
137 357
257 133
432 254
58 474
147 397
174 9
431 167
67 301
98 481
435 415
447 318
160 107
69 38
419 257
290 89
372 363
408 207
409 171
331 404
251 217
40 79
116 443
272 90
200 27
267 225
321 52
213 425
478 333
307 121
458 57
397 214
20 111
417 193
128 199
343 405
369 401
429 70
402 164
331 345
45 157
348 467
423 324
196 330
44 416
374 210
272 91
445 481
217 175
296 423
442 290
398 368
444 246
366 75
41 338
75 441
187 477
421 358
377 338
223 257
376 7
41 243
185 367
144 166
193 377
347 284
500 228
450 258
411 157
192 236
59 163
55 475
324 481
186 43
487 258
84 32
402 191
101 228
368 114
128 82
402 268
499 15
146 225
55 464
72 219
340 466
102 28
201 290
41 421
310 166
175 472
367 77
130 409
60 164
360 137
271 63
404 213
312 68
296 475
126 194
496 198
236 406
489 269
65 383
131 418
250 433
388 481
480 322
295 203
114 388
126 39
458 365
247 117
88 393
39 101
353 257
141 451
42 136
462 174
239 423
217 462
163 245
60 158
189 417
62 48
72 278
314 244
289 224
228 152
458 421
394 61
358 117
371 12
226 181
9 286
443 478
226 398
269 427
199 148
436 424
260 348
2 206
183 316
226 237
326 327
353 454
254 77
291 265
460 323
328 490
150 298
343 332
270 312
60 112
204 44
252 293
449 457
440 48
383 326
88 259
26 179
195 66
429 294
332 235
420 329
386 159
389 162
293 271
429 450
140 263
471 107
406 472
251 171
12 398
78 83
65 59
56 289
404 262
170 50
331 260
229 407
244 341
23 54
474 65
284 94
452 353
61 212
471 56
479 148
31 268
316 140
302 117
333 6
120 343
364 106
412 169
183 58
21 337
213 473
216 164
387 21
55 275
159 101
438 55
239 417
320 132
397 369
61 496
305 59
449 371
207 314
167 97
485 301
206 233
200 113
17 188
309 76
494 415
330 125
183 295
202 8
328 168
95 251
264 238
152 0
448 479
500 319
386 332
115 408
82 377
117 200
109 415
13 254
229 282
209 441
132 95
307 382
81 225
470 284
457 347
60 146
182 350
339 457
380 360
436 305
375 43
238 439
353 191
187 251
152 395
51 384
260 288
136 110
193 58
208 140
254 157
188 446
20 128
175 157
406 22
113 261
303 370
116 47
432 66
468 395
77 146
191 56
273 451
142 414
356 132
115 490
30 292
83 343
132 127
335 22
399 481
476 64
284 390
360 252
397 197
329 416
1 452
257 213
50 445
455 86
472 208
277 60
37 451
323 363
386 344
324 337
420 52
219 146
446 186
365 93
109 215
434 157
320 69
267 133
383 407
111 289
285 227
443 356
290 20
252 204
242 80
379 424
1 67
140 214
376 399
75 272
39 213
262 414
296 189
7 240
199 293
401 388
401 175
30 310
24 362
263 85
165 329
334 128
29 80
392 419
371 499
286 41
134 88
325 153
494 319
325 321
252 481
33 82
55 481
228 52
306 131
0 348
363 453
114 372
13 479
29 454
434 438
180 495
166 128
447 351
257 480
118 283
447 42
4 259
356 43
31 323
335 211
196 273
458 271
484 93
347 14
189 478
20 169
242 382
228 287
416 248
5 483
257 288
145 97
216 267
126 213
215 155
239 465
152 65
444 385
431 227
10 92
494 258
73 88
337 204
288 457
233 337
417 65
322 350
305 365
34 196
450 396
456 461
88 45
369 21
131 390
70 171
297 118
375 281
499 443
476 458
131 426
185 372
376 449
309 440
149 451
455 354
1 496
73 216
420 39
18 347
40 469
122 312
318 484
208 108
400 485
131 107
87 385
130 306
316 146
282 9
240 122
42 399
457 64
224 330
100 247
149 144
449 120
89 244
426 20
65 3
169 87
9 196
60 323
438 174
409 399
318 174
70 404
376 429
322 283
174 204
92 397
302 94
183 299
180 352
93 444
156 472
341 278
24 138
390 7
53 204
44 350
111 114
76 443
384 54
107 300
203 287
191 478
14 481
257 425
264 168
75 213
322 40
25 117
295 39
225 453
288 172
438 1
164 449
448 198
52 454
208 384
222 229
492 210
57 454
293 144
145 284
215 11
444 484
246 124
118 33
474 216
486 405
102 465
398 421
443 207
405 13
167 5
155 89
60 24
239 202
412 200
177 406
376 261
208 362
99 163
216 43
120 269
262 413
58 222
176 480
263 154
200 359
471 201
26 161
289 349
402 490
184 17
220 74
280 455
82 321
182 157
251 409
291 335
9 89
22 450
138 85
177 384
300 93
499 339
221 75
411 98
430 377
217 24
380 213
121 409
103 314
345 337
465 251
79 125
327 456
306 232
34 126
131 49
128 106
85 272
450 377
122 188
496 143
488 252
427 87
151 412
477 376
482 403
228 462
42 77
371 242
90 482
174 370
281 57
257 413
402 351
453 122
25 499
399 454
318 7
236 42
48 380
169 473
11 14
117 497
439 238
402 315
296 351
87 244
184 434
290 375
26 279
60 215
412 297
332 9
170 183
333 219
163 52
368 203
77 352
65 58
358 34
441 244
3 106
99 163
287 93
130 133
131 324
440 29
470 61
480 453
363 187
324 404
412 331
358 73
305 174
446 76
64 137
254 1
281 402
445 203
0 317
443 111
494 124
190 188
144 213
6 382
279 114
274 121
318 484
220 437
234 328
459 365
284 125
207 236
473 353
266 264
213 395
254 482
74 138
296 409
243 290
310 402
208 378
42 499
159 191
23 378
495 271
461 341
145 449
377 330
363 147
218 69
323 123
230 322
221 186
30 383
401 40
144 106
146 241
115 62
112 34
213 486
94 332
431 495
13 67
415 337
233 147
445 71
241 416
256 28
295 176
84 473
89 106
258 56
107 137
368 130
340 167
339 256
448 309
173 243
214 333
437 89
329 347
4 283
414 457
154 122
361 334
183 359
187 197
161 193
466 463
357 85
146 156
92 207
364 358
18 211
42 431
232 351
327 92
345 97
411 245
48 0
351 374
188 377
344 183
54 18
15 365
315 293
451 413
423 172
373 27
472 37
465 264
386 459
185 91
53 291
400 202
393 101
30 439
183 134
395 194
486 102
367 452
377 496
423 57
186 429
70 215
367 305
76 160
32 49
472 21
105 376
7 168
336 12
330 173
35 104
176 194
455 21
168 351
429 86
409 62
123 203
64 122
462 278
91 375
416 393
112 360
186 187
103 159
373 60
34 214
379 482
178 311
206 88
259 317
195 304
423 85
15 253
372 82
421 284
417 452
362 474
219 191
68 107
386 89
347 129
395 466
23 409
491 122
323 354
232 85
217 128
248 85
142 311
174 47
175 39
490 42
129 227
446 137
163 255
171 83
350 282
202 162
425 395
390 299
30 209
345 51
257 366
382 452
184 307
42 320
422 221
288 36
359 340
96 1
46 255
387 376
377 237
284 255
194 487
364 434
196 111
125 187
410 454
23 412
314 25
117 71
463 302
289 12
21 280
447 91
397 165
435 285
338 396
425 63
208 410
298 187
292 104
445 318
299 80
377 345
477 9
69 52
276 164
271 331
339 130
199 22
407 312
410 17
373 371
68 282
467 161
487 248
130 254
465 84
172 321
297 421
1 319
496 360
448 16
199 56
285 0
249 346
83 72
479 113
255 326
373 295
314 385
352 154
175 338
383 84
253 467
43 247
120 153
258 413
13 269
322 143
373 456
146 71
189 44
54 66
99 204
191 380
372 257
462 381
298 458
165 156
196 387
32 493
233 261
415 154
379 17
65 126
407 250
298 204
308 103
85 4
35 61
382 180
323 276
116 197
486 156
425 340
229 326
421 145
153 7
50 112
137 240
298 303
235 486
345 489
330 307
461 222
282 358
476 481
155 70
383 292
357 54
278 251
340 75
169 45
365 438
253 400
199 188
94 85
352 298
444 338
480 397
122 247
438 395
452 99
230 220
81 443
74 476
85 104
409 78
485 137
164 442
190 439
248 195
197 470
235 382
346 469
291 268
325 97
275 157
348 102
498 10
176 55
173 388
445 398
419 158
304 488
14 67
426 333
333 95
17 162
420 154
98 446
376 253
18 39
306 406
310 265
151 12
194 488
244 354
306 407
164 75
133 44
169 229
155 81
289 104
420 396
197 138
389 346
4 122
72 143
265 450
293 161
53 104
162 262
488 143
449 369
83 43
146 363
166 185
66 258
342 481
64 306
50 14
360 256
68 234
398 258
450 466
166 250
350 380
448 259
417 116
175 96
305 407
380 34
224 409
228 265
383 37
8 251
72 3
55 430
443 102
208 23
425 217
476 22
142 469
22 473
13 453
40 314
316 314
324 468
169 367
468 121
309 43
155 483
257 433
29 206
281 74
63 13
77 330
168 173
220 121
486 445
162 159
350 340
437 456
255 238
238 420
204 434
152 294
139 354
96 60
404 400
251 474
309 198
456 325
173 327
331 45
98 275
201 239
89 86
379 488
298 48
337 186
329 175
431 145
206 60
180 469
252 413
51 390
259 258
231 455
257 490
432 395
56 303
10 440
53 191
308 294
158 385
424 375
314 288
319 482
248 15
405 354
186 416
469 56
144 450
305 358
346 499
482 270
313 149
236 202
157 86
114 415
88 284
428 463
232 37
442 131
284 346
255 316
261 291
105 341
411 404
171 27
177 407
312 251
130 188
87 327
457 413
488 476
103 489
473 273
125 61
364 457
143 261
127 298
183 23
165 29
114 131
341 68
276 456
371 443
418 396
336 449
426 171
154 323
141 8
273 404
69 95
318 398
71 100
76 100
350 468
311 163
164 497
173 282
48 220
323 108
77 171
442 118
244 221
219 227
46 140
462 211
229 108
469 144
492 226
359 136
144 496
403 105
446 467
224 289
110 222
253 94
163 280
183 150
460 17
143 229
344 77
190 366
472 457
86 118
37 474
124 368
146 454
470 30
179 197
161 357
62 363
99 418
245 92
208 372
394 56
108 54
387 145
68 451
156 430
381 436
114 406
110 402
89 83
183 306
384 307
344 201
496 408
442 188
195 454
104 109
427 224
16 474
154 161
149 382
87 64
4 356
482 255
451 143
323 395
372 218
152 110
439 407
109 299
287 392
174 110
184 460
401 358
462 442
26 434
304 462
355 346
389 174
393 57
83 415
490 124
397 177
455 140
80 279
128 181
60 415
207 200
313 104
100 311
447 29
79 273
224 3
500 38
452 41
73 451
464 142
347 94
246 458
178 241
195 142
304 199
83 66
429 37
209 41
442 300
117 451
290 493
181 311
203 172
387 242
97 312
168 371
408 393
410 319
240 29
7 59
379 273
409 128
309 126
267 286
32 299
267 446
294 100
323 31
221 18
310 57
297 243
112 384
242 315
369 247
370 19
8 447
6 91
218 403
348 492
225 350
464 340
391 297
255 85
215 252
389 358
416 238
465 171
305 331
299 388
414 20
339 170
182 427
115 378
192 125
387 429
381 85
416 147
287 364
236 426
344 104
361 151
417 153
306 463
426 179
191 480
310 278
481 162
310 393
179 134
101 194
129 274
189 46
268 318
314 496
175 380
315 81
148 293
295 52
130 372
52 147
195 34
2 243
206 257
338 3
236 292
0 24
275 247
54 333
347 383
468 499
110 343
82 190
450 300
235 438
331 375
39 266
154 381
346 383
175 481
82 122
297 263
90 244
4 113
350 215
385 103
26 105
214 97
102 347
499 404
198 214
11 160
319 371
455 362
492 453
69 446
64 99
103 233
379 101
304 332
269 306
495 346
123 393
309 257
127 360
117 52
134 187
185 78
169 445
352 53
443 109
434 395
206 37
479 56
103 229
6 33
121 366
435 284
472 285
231 82
399 476
30 430
315 230
365 44
104 235
208 316
277 249
27 324
124 409
43 0
412 89
117 356
95 303
102 204
68 431
61 77
441 497
324 177
357 124
47 35
99 293
257 29
271 474
482 64
226 194
104 37
16 193
258 73
311 215
470 454
429 122
84 25
493 336
303 335
224 97
261 114
8 164
43 69
488 430
485 445
268 481
276 364
66 106
431 196
469 135
464 266
379 379
106 383
298 281
56 311
74 379
448 174
441 177
354 155
241 438
148 307
324 460
47 101
477 5
212 411
296 220
266 287
447 266
177 258
348 147
351 141
303 229
110 92
34 153
316 448
193 10
52 323
166 444
314 427
99 446
327 47
271 276
226 475
309 32
46 371
462 85
101 125
408 449
76 306
439 276
167 156
389 258
234 394
285 168
298 485
289 347
215 103
84 257
350 166
179 235
152 220
489 449
327 382
182 230
13 73
317 137
0 388
158 58
212 67
211 461
311 212
361 87
4 278
19 335
134 181
188 9
226 491
329 272
390 374
297 225
124 182
496 493
471 392
325 492
454 474
165 368
464 130
319 301
267 271
168 44
206 466
485 269
148 140
60 321
239 365
462 44
244 268
433 176
327 450
166 441
287 264
140 458
333 39
190 220
186 66
470 165
286 347
452 7
221 82
170 130
355 36
73 438
496 252
208 142
434 481
480 334
355 102
16 230
368 355
440 148
95 21
143 274
96 241
317 173
193 402
141 294
187 238
111 356
35 404
486 80
373 229
377 358
140 21
90 442
409 195
261 4
383 143
223 481
464 479
234 60
24 32
363 483
158 409
383 143
444 258
359 260
288 153
306 486
380 422
10 468
353 294
452 380
175 185
413 186
60 54
311 78
199 12
347 124
335 150
476 256
144 353
370 305
43 290
319 154
385 426
131 439
358 206
388 48
149 168
289 383
500 397
233 194
323 343
93 129
180 375
101 265
381 363
495 85
159 462
232 277
14 255
458 239
142 30
230 113
143 427
339 122
382 298
475 443
6 121
358 358
43 280
86 4
122 401
269 81
358 181
309 132
62 411
419 64
84 173
466 91
160 415
346 145
8 494
478 143
443 448
453 365
13 213
395 349
364 273
285 208
235 447
301 84
223 200
453 488
134 45
420 178
293 494
78 372
127 367
171 378
261 484
363 96
294 14
348 200
351 145
484 342
281 307
394 92
495 411
448 306
98 19
288 369
484 433
104 177
227 220
382 7
392 328
401 459
363 283
194 345
335 214
458 52
143 175
429 311
435 63
246 188
8 257
373 239
443 244
464 304
141 95
428 444
180 403
220 74
219 210
421 370
337 73
26 51
343 221
152 268
184 271
436 259
88 202
13 57
220 458
374 76
125 465
50 408
135 380
162 376
180 346
300 279
241 260
115 367
9 410
66 163
225 408
272 174
359 286
458 481
296 64
163 354
88 24
201 387
100 89
20 175
171 169
79 422
239 179
237 300
376 35
7 483
465 193
177 447
153 68
401 429
307 335
41 151
220 461
119 366
482 464
419 493
380 248
204 299
488 67
460 2
86 356
387 328
111 301
310 489
57 459
322 281
282 235
279 470
447 250
151 359
260 4
189 211
500 136
373 463
195 239
196 328
210 361
113 112
121 256
262 210
40 322
384 378
147 429
113 86
463 211
218 283
410 247
217 237
96 327
386 139
311 385
271 37
24 341
114 313
52 490
285 493
348 97
219 398
113 160
160 158
310 252
55 5
181 245
200 462
176 385
54 394
93 274
143 255
84 119
325 347
249 148
187 173
229 209
461 177
3 360
419 206
167 465
375 489
484 122
443 276
119 263
455 62
168 426
257 370
70 425
35 330
157 188
455 41
67 157
194 397
225 233
129 4
92 325
144 443
455 169
433 489
319 155
128 239
224 426
55 302
341 283
42 381
142 102
209 169
68 210
217 128
117 152
294 498
499 84
331 157
405 166
275 446
463 485
153 55
297 422
6 213
95 180
480 220
316 34
361 480
484 72
94 285
256 436
469 57
408 299
477 160
132 330
83 417
152 235
195 191
107 189
378 118
330 364
342 5
330 306
429 472
207 248
218 101
255 297
455 330
259 34
414 268
382 127
219 365
381 454
278 146
463 205
14 347
448 377
360 170
374 337
11 377
199 133
151 222
319 480
415 88
400 219
33 241
405 279
173 343
451 434
59 296
133 459
493 481
134 371
27 210
460 157
184 61
354 265
106 317
97 315
174 476
387 26
387 363
42 437
460 482
444 79
261 480
279 355
279 171
479 229
368 270
71 59
367 190
393 103
96 329
162 61
9 121
482 329
223 221
235 183
36 249
398 328
316 410
204 182
84 232
100 17
345 185
464 349
319 490
37 16
485 365
83 399
99 344
490 438
494 69
254 356
88 153
324 135
415 474
424 490
280 447
291 158
129 45
160 211
396 197
437 102
89 136
244 279
285 239
355 167
182 232
238 469
295 197
352 386
48 238
465 231
27 281
184 407
3 461
247 478
27 306
340 412
424 20
261 194
239 295
224 427
361 341
70 483
142 74
256 473
236 224
318 259
299 147
136 351
244 257
49 158
397 368
85 298
333 298
449 29
5 228
118 483
309 402
447 147
402 324
459 63
65 491
389 422
118 228
336 209
26 440
97 314
237 458
161 415
49 129
266 152
92 110
111 45
440 139
50 249
491 399
281 440
77 265
160 447
112 2
243 167
18 188
320 235
366 461
295 303
395 349
44 466
401 494
393 388
391 225
74 287
76 303
279 1
393 218
96 346
168 14
247 345
1 190
63 464
376 93
279 289
215 477
266 297
217 345
15 391
128 452
332 330
73 180
66 351
367 471
368 405
63 167
215 232
462 340
8 290
129 407
76 174
74 480
438 289
410 301
372 441
150 349
129 244
360 181
164 231
45 64
7 491
340 438
5 112
348 385
153 477
43 328
476 356
309 175
450 302
315 486
63 203
74 428
361 433
323 428
152 470
374 442
276 461
280 403
370 209
168 370
71 318
33 471
126 191
9 184
186 149
462 410
488 216
330 26
306 108
345 454
164 225
487 118
309 59
57 446
454 195
53 225
2 215
286 142
162 84
359 231
426 158
400 420
75 405
295 331
301 170
419 407
495 52
185 74
144 201
84 340
72 114
149 322
77 269
31 414
42 308
48 182
177 449
496 409
192 31
252 422
188 489
126 421
193 436
342 314
27 87
129 312
401 226
95 7
169 496
231 284
444 39
78 494
344 47
91 115
309 310
80 434
500 493
338 201
273 310
380 150
398 9
466 357
48 488
249 362
399 114
281 360
440 101
107 472
247 136
328 142
292 68
368 102
183 15
493 221
467 206
327 190
256 206
240 251
118 447
96 202
149 434
154 487
362 249
154 290
156 207
149 462
141 354
412 119
110 299
394 482
397 307
147 70
312 98
276 316
104 207
496 294
50 370
63 386
92 415
175 175
278 47
234 137
398 24
253 324
433 426
304 432
27 208
239 378
380 189
402 408
333 17
273 116
351 24
31 278
336 117
363 219
9 271
443 55
83 125
262 141
365 154
247 492
296 14
192 226
87 472
181 493
27 136
421 491
351 13
224 447
350 474
57 85
294 171
22 151
260 34
81 294
378 264
360 331
187 498
60 481
92 146
147 111
357 478
129 58
56 214
384 222
488 337
215 247
473 255
467 230
242 402
177 4
110 3
297 161
28 392
289 187
415 444
141 443
455 96
329 499
83 322
8 412
61 413
155 353
483 339
402 225
457 183
378 249
464 347
291 478
245 164
351 218
344 445
468 121
194 181
213 117
415 415
95 124
231 149
131 348
64 143
371 137
295 178
450 394
423 19
355 255
420 291
33 152
182 4
476 211
162 401
64 73
178 271
286 120
477 25
209 228
460 334
346 268
182 5
380 427
318 252
331 30
239 129
39 304
309 471
320 50
146 168
165 397
131 328
434 266
29 281
124 384
163 222
321 424
69 470
214 241
150 190
149 16
231 440
216 296
215 77
486 163
313 319
428 165
100 179
385 444
368 275
388 392
497 19
394 45
366 308
5 419
333 0
494 195
222 144
358 122
357 190
427 373
255 116
375 170
362 17
402 372
65 187
190 398
14 91
247 487
287 490
496 143
453 422
55 342
342 351
462 190
166 450
290 73
226 283
227 35
330 450
465 334
459 464
402 94
186 27
399 83
138 110
35 402
48 480
225 492
41 73
432 494
180 241
247 484
155 242
220 122
0 113
306 79
380 344
170 144
158 372
47 24
475 30
365 102
355 45
14 471
7 323
207 254
204 346
246 321
419 17
207 395
403 328
369 346
47 168
185 193
421 328
286 213
493 38
354 150
74 146
183 431
66 80
159 444
317 89
245 69
416 12
93 471
63 359
222 194
267 153
402 95
335 9
198 463
116 447
113 409
4 186
167 474
373 415
106 44
313 362
62 370
159 235
356 134
105 485
194 411
195 321
68 267
149 18
135 322
13 455
293 74
494 264
11 354
103 139
84 74
278 73
494 345
109 263
453 371
285 234
393 449
229 450
232 125
168 349
385 484
205 484
7 184
145 179
344 405
259 181
10 482
208 190
500 446
453 373
123 334
181 102
209 106
196 207
360 199
138 493
324 178
135 478
429 304
117 311
463 285
470 59
349 216
100 438
208 302
256 5
76 398
451 295
199 361
7 62
113 448
205 119
437 199
331 215
104 159
359 298
390 166
144 237
455 447
500 437
46 405
153 85
300 39
132 141
460 245
173 189
55 292
153 384
310 264
252 469
383 458
77 386
32 161
220 329
446 176
340 389
268 163
328 151
155 364
452 446
368 489
301 435
413 303
42 417
119 280
84 324
97 327
32 40
125 441
361 393
397 87
265 379
183 310
83 432
172 170
174 390
278 479
70 127
491 177
488 202
207 209
220 148
141 360
28 112
318 142
37 215
269 223
34 76
271 206
281 171
169 204
31 191
393 424
345 108
187 47
275 344
148 351
375 167
441 84
84 123
394 219
447 153
333 171
38 165
372 459
143 459
173 358
161 401
59 45
28 190
396 223
376 258
118 203
356 263
12 153
48 486
483 108
348 67
142 43
349 226
165 363
221 482
226 297
440 338
82 282
345 77
135 332
189 244
495 92
380 48
397 416
342 43
284 471
472 207
141 299
352 457
445 151
164 455
223 96
208 108
343 269
348 101
269 454
60 20
314 208
407 463
17 122
245 168
245 183
486 126
303 423
230 179
383 308
205 452
356 0
375 68
135 375
442 384
29 466
402 87
221 116
214 410
258 225
340 73
487 82
393 110
225 366
331 112
192 93
343 448
331 159
140 40
63 419
185 327
307 78
490 454
268 327
468 58
21 402
205 411
44 382
165 412
48 332
54 208
233 415
150 378
434 119
491 147
259 491
55 491
17 403
88 79
159 144
491 448
259 396
53 363
82 429
0 302
101 330
85 410
320 184
402 59
79 450
260 97
361 55
462 395
164 450
201 57
370 339
162 470
205 76
332 4
297 109
4 434
204 68
283 285
487 389
219 386
351 428
267 382
18 409
201 350
230 409
33 234
228 295
395 154
408 179
41 374
69 145
242 299
44 319
5 218
444 79
56 412
422 258
320 214
320 106
178 470
264 205
335 391
360 74
222 163
490 46
132 267
135 342
468 215
219 92
38 369
447 166
153 10
80 496
213 206
258 267
92 317
10 137
75 66
235 257
422 489
129 150
252 340
355 457
339 376
377 332
154 496
117 496
386 343
366 492
104 158
282 451
83 370
436 15
305 426
369 473
114 243
493 313
127 100
21 464
342 11
94 280
498 368
143 65
33 299
356 9
304 469
477 368
363 437
255 187
293 64
477 433
60 156
146 409
487 368
359 257
431 500
140 296
104 445
351 66
457 411
470 256
47 16
296 480
175 91
142 158
192 247
301 401
276 497
52 93
108 234
165 163
10 294
280 48
346 77
16 258
426 94
155 431
175 133
301 9
418 135
358 267
393 72
89 1
483 16
195 41
271 425
180 286
32 438
146 8
309 24
405 83
186 308
449 169
102 464
260 315
348 368
344 195
425 440
220 482
374 245
317 230
470 324
449 72
394 414
71 49
14 480
490 72
187 82
268 320
488 338
182 267
13 21
315 279
343 442
84 16
487 289
356 72
331 132
387 350
403 244
342 42
228 381
293 273
9 83
273 342
295 428
399 275
258 159
399 158
201 133
440 485
322 90
142 146
163 456
59 280
247 263
377 85
283 140
367 258
481 25
54 388
306 381
269 92
487 434
103 355
430 353
433 493
207 64
211 268
120 364
298 47
87 167
486 464
367 360
261 323
2 274
391 68
163 391
330 359
311 354
205 180
20 343
23 418
10 277
53 239
496 472
344 151
117 21
42 85
10 115
79 15
431 384
387 53
238 145
112 104
341 449
420 290
439 451
394 268
1 439
384 17
303 451
200 126
201 198
294 460
461 332
160 159
262 89
430 279
308 224
432 291
72 49
307 53
166 477
249 470
459 162
262 110
451 283
150 484
129 154
32 476
168 125
370 186
355 141
499 125
341 179
341 215
382 359
76 443
47 65
484 392
84 207
66 94
168 338
40 95
110 380
344 288
448 135
414 298
121 168
397 408
355 293
138 400
142 446
320 114
64 448
394 217
273 360
25 322
431 76
210 493
462 145
185 180
249 153
397 482
86 412
108 259
410 278
467 474
41 317
256 96
338 221
392 442
123 199
222 181
205 316
274 120
32 268
177 500
452 176
124 132
367 363
480 127
282 427
135 284
175 299
10 489
316 58
157 306
412 150
479 253
192 393
120 220
69 39
244 236
242 51
408 330
225 355
79 415
260 349
241 194
287 211
452 285
101 287
367 30
444 96
217 257
185 417
236 417
0 105
155 285
39 160
423 295
432 484
205 456
29 201
189 114
398 393
330 476
120 481
44 425
232 101
242 470
346 2
463 63
245 491
356 34
353 238
14 468
351 455
183 495
401 177
259 46
420 348
52 301
351 259
90 198
445 407
344 451
82 356
150 317
116 231
337 300
43 391
305 151
16 410
133 2
184 333
238 163
456 25
193 68
397 43
3 140
364 71
283 296
393 161
384 214
139 104
71 133
347 30
298 183
57 400
499 154
302 186
133 59
453 379
230 198
414 208
307 323
20 200
38 420
59 152
204 421
74 462
164 255
428 83
407 228
24 399
91 467
267 450
22 178
44 79
319 377
107 365
241 243
245 56
68 109
166 473
486 443
264 363
167 434
182 391
5 277
338 347
44 60
302 464
325 442
169 303
94 497
270 446
20 267
495 377
332 408
38 71
26 195
345 478
79 128
172 373
446 297
352 455
82 301
222 62
230 78
193 425
180 149
295 344
22 485
446 313
84 213
36 107
128 289
12 139
364 254
389 50
402 85
126 327
188 402
407 118
160 331
332 465
56 145
35 314
171 228
357 232
277 270
280 322
75 107
176 51
164 81
178 463
394 424
441 338
206 486
73 472
13 241
150 42
423 220
358 306
367 340
22 298
137 122
34 45
368 118
51 81
67 432
350 307
139 470
431 56
215 260
397 22
402 361
4 151
254 384
420 225
487 145
113 323
58 252
434 138
438 326
297 129
418 155
174 55
483 8
395 140
332 443
167 313
465 27
75 5
120 224
39 436
40 378
144 260
92 394
266 346
306 79
458 436
408 161
336 105
361 260
216 343
76 499
337 497
364 500
12 221
353 50
240 100
244 441
108 240
22 129
460 15
59 188
172 349
488 289
439 154
331 283
2 118
324 218
219 249
487 355
51 191
484 372
53 95
285 215
69 403
464 106
112 82
436 424
418 274
72 265
446 140
465 330
405 106
301 212
328 266
416 33
243 434
113 383
349 241
191 7
483 99
197 310
103 160
261 167
252 167
292 461
7 161
208 230
186 124
280 62
294 57
391 41
110 367
284 296
98 44
20 194
357 256
470 264
289 19
200 40
86 188
169 100
128 446
140 205
432 307
25 466
389 329
122 97
230 261
475 485
494 154
96 253
11 250
23 33
345 222
372 467
437 229
104 383
43 391
265 233
299 369
425 91
275 36
271 282
44 168
309 421
166 245
263 73
194 36
6 324
137 324
388 373
381 286
97 354
167 88
72 303
81 329
325 408
219 49
452 334
440 19
494 196
427 196
208 252
492 142
447 470
340 82
195 235
52 376
265 483
324 287
176 294
251 201
38 310
454 481
423 397
9 397
271 351
149 140
343 41
51 243
406 173
245 416
166 9
183 297
342 143
381 273
398 335
252 193
410 365
160 207
234 248
492 112
390 424
32 186
102 484
380 268
136 258
449 320
472 284
202 66
329 195
468 124
414 421
417 28
471 292
333 137
440 7
14 14
434 323
448 437
87 391
138 326
358 411
187 72
69 150
222 446
200 124
17 356
165 433
151 361
119 392
437 487
199 36
257 398
19 143
258 189
116 120
339 340
36 36
431 479
73 93
417 199
42 469
10 442
469 444
256 199
469 28
480 291
283 241
195 333
87 338
166 401
352 145
301 83
408 98
113 225
83 334
432 441
123 235
494 296
26 427
44 373
390 381
265 248
63 22
390 216
27 100
97 461
79 381
49 381
247 111
309 11
161 119
446 64
87 375
290 218
133 134
209 396
217 371
383 230
70 256
436 305
116 60
142 72
28 59
80 40
457 112
386 14
333 499
101 223
459 259
168 154
463 40
399 371
364 493
126 246
17 401
273 9
308 284
491 167
311 482
309 240
40 417
388 33
203 350
432 68
358 20
496 199
433 258
416 209
320 63
179 490
37 349
44 203
9 311
148 498
66 213
461 99
338 194
492 439
284 317
450 235
188 134
154 329
159 168
403 455
17 187
89 273
298 415
22 266
258 80
430 497
117 138
381 443
174 483
242 486
195 490
203 49
480 291
48 151
484 370
321 288
469 437
38 296
296 163
232 148
434 489
496 460
389 370
441 218
318 90
269 22
313 378
128 33
298 482
319 459
123 191
241 337
126 265
366 343
377 295
238 371
264 463
56 23
172 244
129 224
62 74
67 339
38 11
318 264
378 488
175 351
87 42
439 158
106 496
418 16
440 324
274 255
165 269
129 197
377 465
22 350
360 30
98 89
418 81
64 458
153 409
47 433
289 168
171 277
76 468
435 449
22 65
11 111
33 372
305 316
341 315
171 352
119 433
359 402
237 120
99 319
115 356
149 149
8 357
228 376
399 177
17 269
98 404
482 468
9 111
278 91
170 84
45 393
461 28
369 198
71 34
309 463
166 274
291 419
22 36
300 428
261 227
2 75
473 74
396 79
382 50
463 276
214 164
320 474
149 428
204 321
122 146
486 201
376 367
45 318
175 311
403 224
263 188
413 63
80 50
197 151
236 205
253 231
41 95
231 149
396 372
416 443
292 24
107 160
280 336
157 430
313 444
112 406
258 357
121 487
274 260
394 339
448 339
22 181
63 157
364 284
33 40
358 437
276 493
268 100
415 3
196 21
47 479
439 358
381 356
454 130
262 370
8 459
139 302
446 10
279 222
141 269
367 74
197 177
256 288
155 261
259 177
185 218
33 310
95 133
270 353
73 382
414 384
382 136
127 377
444 376
494 383
462 401
361 485
408 475
61 344
40 161
179 357
3 488
153 287
468 199
426 170
251 436
265 388
331 64
119 343
140 276
78 262
449 286
183 195
246 45
369 495
325 55
24 150
320 209
149 466
289 308
109 393
414 249
130 159
357 82
307 193
0 262
382 104
8 172
333 125
480 320
31 384
410 291
492 67
466 485
6 139
228 243
167 54
385 290
423 293
192 79
459 225
277 373
499 37
58 481
86 123
489 468
222 357
450 78
303 214
201 80
285 338
258 285
201 364
254 121
458 64
8 338
254 254
33 115
280 237
218 108
12 245
341 326
168 65
273 317
247 104
385 42
157 473
59 346
347 269
437 301
391 357
196 395
210 473
31 410
257 87
209 126
36 183
443 67
112 103
150 315
247 137
486 132
474 370
10 482
468 221
408 56
435 123
30 111
23 302
269 50
43 220
48 372
250 325
429 500
289 302
358 117
295 403
72 172
156 222
415 195
272 323
214 205
485 139
241 500
382 112
399 379
398 74
91 53
106 114
235 369
253 100
461 241
39 417
76 160
226 111
199 231
493 377
164 167
479 273
160 468
356 103
267 299
407 376
424 9
22 249
419 330
332 489
246 245
390 139
308 436
161 453
3 35
123 13
472 199
389 474
475 218
376 396
389 89
409 3
35 482
339 226
48 2
40 365
86 378
459 66
426 407
315 333
231 80
310 45
257 134
433 34
118 296
14 411
366 319
75 137
86 166
474 430
377 106
140 95
3 33
419 442
303 154
179 328
156 151
137 175
102 70
315 259
68 304
464 193
446 48
236 298
254 249
118 117
459 423
389 87
287 435
190 412
455 94
444 446
251 378
270 101
116 26
116 336
264 381
185 446
364 153
11 11
255 337
0 310
131 8
244 356
496 359
211 374
113 431
450 63
342 162
17 288
58 165
17 336
418 342
311 468
500 457
163 124
478 491
15 62
203 170
345 477
347 229
284 493
362 153
107 316
445 364
420 73
192 159
443 377
204 225
213 82
441 201
364 105
147 225
476 125
270 18
413 352
441 451
34 140
29 142
104 194
175 390
425 459
352 243
19 185
139 489
90 426
254 243
431 333
163 177
57 421
368 327
152 499
278 248
22 437
477 217
75 234
446 361
134 345
385 342
328 161
42 241
468 182
238 239
4 102
161 425
286 249
25 360
449 130
6 425
101 424
28 359
473 438
417 392
433 373
223 416
444 314
468 71
324 302
154 380
215 295
443 111
237 473
144 424
462 204
304 151
337 200
436 201
75 123
290 425
143 482
295 258
55 379
480 405
62 54
484 207
227 451
162 29
309 171
0 88
464 344
70 467
299 33
334 494
92 482
295 448
123 77
298 433
329 284
172 39
217 102
448 37
39 76
138 326
171 320
455 404
32 187
403 250
249 152
376 339
116 436
193 339
286 411
164 473
448 256
451 318
275 165
18 81
178 364
126 262
126 301
269 121
373 391
141 243
88 358
271 399
102 315
46 60
268 354
153 267
400 270
351 265
351 157
133 445
426 96
457 340
164 46
260 268
400 226
306 271
68 486
228 498
420 131
96 171
75 155
2 207
176 268
139 338
312 311
280 253
9 199
499 186
433 474
467 294
45 335
293 168
344 144
352 298
479 197
496 342
235 450
174 470
325 305
429 253
41 78
219 64
454 96
175 347
236 193
91 315
434 91
410 121
327 444
383 479
475 99
340 46
463 51
470 294
354 36
134 330
161 267
400 166
37 32
242 324
434 13
296 428
319 185
252 263
61 386
204 274
300 499
369 337
9 282
6 349
424 91
500 131
16 248
194 433
306 294
49 303
204 388
141 315
63 274
236 275
65 218
317 64
365 41
84 474
79 320
450 125
496 458
444 263
205 318
288 413
178 191
468 72
244 129
300 248
327 474
426 426
351 6
174 62
236 365
15 173
246 52
105 477
485 470
451 460
174 319
263 366
131 153
451 109
12 379
202 270
133 426
2 303
328 162
305 105
392 384
427 397
109 35
317 354
272 313
266 245
46 414
360 363
464 458
93 235
283 419
147 82
376 90
308 59
355 124
169 34
434 269
164 342
451 368
422 489
269 229
166 187
36 325
377 89
345 220
243 274
340 338
116 281
11 195
368 253
276 364
49 97
497 466
270 258
358 173
399 11
329 318
437 161
126 466
283 332
451 179
490 169
316 225
256 238
396 176
254 54
225 77
128 251
300 80
360 169
190 323
1 67
279 324
256 201
315 402
17 165
407 424
409 499
329 451
424 106
151 301
492 294
227 237
193 34
144 296
257 150
142 478
61 100
231 111
258 223
313 362
498 487
492 63
287 287
99 146
108 169
327 471
454 277
46 205
285 376
465 76
443 215
275 490
67 160
377 104
191 155
404 380
443 330
456 204
273 391
107 25
130 165
287 296
27 164
384 168
308 60
55 427
119 209
22 356
81 156
25 38
373 30
37 429
126 343
213 379
395 121
488 41
89 189
8 273
488 81
409 191
300 496
79 414
182 493
178 113
266 248
376 475
259 32
329 77
392 3
66 261
298 470
364 310
382 226
487 472
113 425
11 115
32 374
262 418
108 82
418 104
408 72
214 259
491 87
150 275
41 278
355 228
183 483
11 452
84 160
433 177
421 214
216 177
181 400
38 470
337 180
481 442
267 174
374 135
64 30
489 386
93 160
68 408
37 329
388 266
98 112
465 257
269 22
28 298
500 95
350 305
176 381
7 342
420 303
119 130
71 146
477 45
109 326
417 496
234 491
436 2
117 321
143 79
115 66
167 283
393 221
243 174
183 56
3 341
443 264
4 282
113 246
457 161
436 227
348 7
455 427
355 259
488 482
305 484
228 166
137 252
326 355
143 347
258 462
33 243
429 194
183 52
346 278
414 41
111 469
497 72
76 304
373 85
106 183
89 9
278 425
182 442
298 66
221 155
384 20
480 248
455 228
302 423
348 285
123 378
98 148
396 122
454 447
47 179
312 300
228 99
185 443
48 242
13 167
467 392
442 149
269 140
266 200
395 269
145 170
304 152
169 398
108 0
172 33
422 290
393 272
138 237
163 268
14 37
249 293
213 416
32 253
135 64
308 223
484 24
22 204
159 392
258 111
118 419
3 221
198 429
88 246
100 450
150 399
241 221
416 194
355 475
160 142
413 393
243 302
9 274
74 60
7 395
297 420
161 38
99 148
147 454
25 171
312 93
498 480
413 28
443 368
500 446
308 35
2 428
391 219
103 163
13 306
231 463
213 375
283 283
324 252
317 328
258 333
430 496
160 160
326 336
321 124
222 273
356 441
192 432
453 159
405 163
269 68
43 260
363 286
153 240
175 443
227 171
115 48
2 237
194 160
305 62
260 388
37 2
7 427
461 261
364 380
72 81
232 283
429 209
283 454
265 332
2 24
51 292
15 267
133 484
432 164
490 500
499 307
399 182
450 397
395 329
386 23
328 65
321 242
432 472
381 176
449 253
471 188
238 8
325 149
46 227
321 477
265 222
364 120
448 117
46 337
78 173
297 467
365 283
442 257
354 288
26 54
148 483
492 424
233 80
52 358
393 297
305 104
212 491
179 160
272 39
446 314
314 66
474 347
304 23
208 43
423 307
261 488
198 404
113 95
425 447
474 461
278 349
367 275
357 497
276 8
432 14
230 33
88 152
145 242
362 253
331 394
243 233
65 51
293 288
277 3
30 464
408 381
257 142
176 470
451 238
316 88
430 333
349 260
65 412
117 242
449 137
5 203
233 394
24 171
400 318
165 381
143 267
355 361
106 182
483 18
496 401
316 58
51 397
275 324
451 296
88 348
205 179
311 171
427 424
477 50
70 149
108 188
466 151
384 94
156 441
273 205
267 16
86 23
66 351
470 186
20 462
437 231
488 235
391 312
77 483
104 91
456 458
299 250
380 76
357 126
81 181
207 90
98 355
424 173
191 468
54 435
499 214
32 282
378 444
17 17
229 139
231 136
178 188
89 366
431 109
313 186
6 416
347 302
108 328
163 340
485 48
445 109
294 62
142 64
12 105
336 110
50 225
310 481
269 145
489 223
190 41
104 165
449 194
293 124
263 408
386 463
316 388
282 176
109 325
418 420
333 279
456 227
58 468
166 78
204 232
36 158
306 496
138 264
207 473
389 225
65 196
235 43
193 272
472 286
454 320
141 462
364 43
143 226
38 265
185 60
421 296
458 368
230 225
303 328
60 250
364 255
296 4
324 429
331 58
370 151
359 383
343 346
430 37
29 405
172 390
500 481
380 355
242 245
449 5
252 330
345 190
28 191
320 338
348 188
316 367
155 235
296 23
382 452
212 107
381 331
165 344
336 415
12 167
16 123
382 405
177 400
127 45
129 82
24 380
271 66
473 300
314 273
361 93
73 334
498 79
225 365
139 354
217 157
331 266
115 320
278 174
93 423
388 207
272 154
84 383
317 345
62 254
227 128
326 374
389 253
419 242
143 159
40 268
139 436
302 306
391 225
383 433
421 459
197 136
134 118
70 31
87 161
315 479
245 240
343 440
201 223
215 442
271 303
362 72
376 178
275 409
273 215
76 445
20 296
145 485
31 183
311 294
329 362
496 52
204 480
190 321
478 246
132 127
37 490
6 168
122 115
213 353
460 116
219 161
490 440
319 29
305 335
247 219
436 69
422 439
356 140
82 249
215 480
491 446
183 102
210 72
39 484
271 354
87 65
304 313
465 484
136 174
310 155
161 412
50 207
129 80
189 142
443 350
445 261
336 250
496 89
472 407
84 39
187 329
95 76
324 497
266 147
286 10
3 309
491 227
38 307
100 117
480 166
41 75
286 74
166 205
130 142
203 241
176 45
387 146
243 348
201 190
84 221
376 416
202 361
376 228
331 32
336 99
484 84
443 53
111 7
352 18
391 495
288 79
385 387
338 26
91 101
296 184
89 48
235 363
191 315
11 276
216 253
306 208
4 224
121 410
134 75
259 247
10 317
157 493
214 321
208 215
222 356
147 244
128 378
369 434
98 314
19 0
218 293
78 484
264 253
15 129
74 247
487 186
192 203
202 258
243 162
46 296
327 387
466 235
500 318
488 434
482 127
108 153
315 10
137 294
472 369
441 218
1 128
334 313
101 381
25 139
401 137
284 476
406 126
39 81
392 298
359 282
303 230
140 321
74 112
104 490
8 42
230 197
47 214
322 169
493 86
76 256
260 416
130 195
457 264
175 450
127 315
18 110
482 366
14 341
439 143
374 82
495 51
217 253
268 323
285 276
428 335
206 120
453 235
110 269
285 225
223 456
196 243
484 488
346 338
47 78
492 107
188 150
425 406
422 312
424 103
80 498
34 381
10 110
473 370
481 112
401 39
357 256
301 343
156 84
402 20
34 250
213 160
415 19
436 153
337 460
426 421
179 54
392 284
311 9
432 374
49 169
274 58
16 178
139 216
273 471
191 409
296 246
273 346
487 1
304 23
316 240
387 21
329 200
360 107
209 60
473 86
319 481
195 161
320 480
466 16
492 466
205 55
364 359
252 41
461 133
283 307
116 384
1 331
276 271
15 155
403 263
267 132
367 332
120 2
258 157
92 45
479 287
340 451
123 108
145 68
360 167
449 67
133 352
265 13
266 178
427 362
60 286
305 120
104 127
213 403
387 42
67 241
170 104
483 145
146 460
424 126
153 79
183 159
3 15
308 85
9 32
383 164
238 181
178 42
373 422
99 249
385 161
114 412
160 453
417 74
131 138
252 494
71 126
220 355
390 290
40 496
233 52
74 141
426 117
435 4
363 271
363 471
88 228
198 498
414 470
25 270
40 430
443 404
460 353
381 192
307 223
209 464
154 325
146 367
488 293
425 25
27 16
161 26
234 375
23 384
465 256
376 329
449 302
16 481
54 89
354 498
433 499
206 391
485 285
437 385
401 343
417 281
346 78
119 320
132 405
224 185
361 345
55 24
138 352
354 218
367 449
391 58
69 213
137 369
187 235
256 54
139 77
461 169
242 88
299 216
161 117
415 373
466 334
167 479
261 285
147 102
55 90
343 413
293 11
416 426
206 489
295 390
169 267
430 372
143 264
497 408
487 380
291 452
99 139
26 177
158 236
205 175
219 149
354 197
239 318
404 263
162 465
133 133
81 183
417 420
331 484
104 28
168 397
334 164
404 347
176 77
218 167
22 141
360 247
355 282
98 357
480 406
342 123
98 123
442 54
419 110
339 323
484 352
134 153
405 62
344 404
419 367
14 247
336 159
153 450
139 428
447 348
221 182
203 69
7 243
251 354
494 418
479 220
386 426
28 373
167 296
122 363
38 127
163 137
74 321
392 93
353 203
393 354
76 366
487 316
418 452
453 43
19 58
355 80
144 340
190 116
249 241
217 133
381 488
291 148
357 366
406 80
153 159
89 378
416 305
307 299
165 332
278 482
80 199
342 417
285 386
154 378
222 447
39 442
121 443
387 230
465 316
148 359
194 132
28 466
210 436
304 385
468 126
42 441
110 235
104 130
97 269
157 56
450 367
337 60
302 391
27 114
116 369
361 233
244 103
163 310
449 123
189 490
401 49
252 275
395 86
186 357
398 209
404 470
156 219
144 484
492 7
445 451
92 140
255 476
155 412
151 334
5 483
353 71
396 321
94 165
125 429
405 73
132 295
362 132
44 337
92 303
356 71
205 92
145 289
125 491
82 171
417 249
375 372
42 89
302 320
470 101
256 226
167 426
284 251
240 215
448 295
433 315
345 464
240 459
111 168
359 94
16 54
76 399
155 200
95 60
414 12
98 421
492 333
488 346
449 242
300 107
301 348
482 372
441 424
410 283
100 239
258 191
251 26
63 283
93 351
151 128
277 311
153 213
264 306
346 425
162 477
175 305
74 5
297 95
35 453
471 77
191 288
269 321
17 474
297 378
481 201
335 163
264 476
246 351
407 119
368 398
460 226
302 164
206 209
95 231
356 457
450 342
42 223
115 214
32 296
133 206
341 89
365 101
20 470
443 136
130 398
308 174
191 138
472 309
400 216
302 152
76 421
81 148
463 345
205 477
127 363
5 250
106 83
493 138
380 424
19 427
330 18
431 35
348 161
498 74
232 57
456 309
348 228
299 397
170 291
150 217
13 399
234 400
374 177
53 182
307 349
179 409
348 496
197 177
31 110
215 470
88 271
411 212
92 334
130 283
186 428
217 262
361 176
121 26
73 423
329 372
114 457
53 57
340 50
488 267
275 429
170 407
392 329
62 84
172 395
135 438
336 197
443 128
361 365
378 241
307 419
51 93
25 398
8 133
227 160
485 336
211 162
421 247
193 99
206 76
363 136
406 203
97 20
251 226
336 192
299 375
322 83
329 26
180 57
95 126
247 491
350 301
437 274
371 476
389 177
60 302
399 320
179 372
370 359
255 214
279 415
98 3
406 138
194 451
202 230
239 342
200 193
458 106
377 421
280 55
257 52
70 270
98 303
47 252
289 285
467 329
132 236
219 325
265 66
0 205
54 453
56 420
366 472
401 351
13 42
406 434
277 421
376 5
211 465
9 61
315 225
203 205
106 22
242 335
26 362
327 220
315 247
216 47
460 32
333 335
277 216
326 275
115 188
237 138
300 162
352 464
194 386
194 264
147 367
326 196
304 295
217 198
125 480
217 245
412 243
57 297
274 226
305 445
320 401
70 166
149 135
404 387
381 248
427 427
392 491
427 71
346 136
35 312
171 463
132 251
239 190
58 259
80 216
52 60
470 108
219 254
211 60
379 102
345 492
101 181
379 288
16 311
149 271
106 433
5 178
25 325
462 63
237 373
239 17
324 183
34 80
182 360
227 482
52 390
297 460
247 232
472 278
64 26
441 268
99 381
233 483
263 154
246 237
336 102
157 404
499 389
318 217
44 289
422 431
82 75
214 58
274 242
499 283
169 494
234 81
36 323
178 329
352 155
196 38
204 105
317 84
376 495
423 397
302 297
373 334
483 102
194 300
374 419
40 465
107 404
7 388
461 443
108 267
419 481
376 417
207 328
352 5
44 416
313 25
258 99
110 268
459 402
119 61
256 87
156 288
160 261
230 167
2 466
295 238
229 114
355 37
380 83
419 403
71 15
129 86
365 426
258 436
424 168
465 302
146 338
332 15
442 281
222 361
32 22
330 288
173 420
275 398
464 159
321 342
111 340
89 90
500 39
56 432
422 498
108 100
498 488
217 157
442 154
312 67
419 42
105 310
182 129
382 162
436 174
87 36
272 12
485 404
20 307
128 207
490 86
330 434
30 372
22 101
313 195
150 298
356 332
265 198
33 57
279 137
421 400
424 184
374 362
21 94
385 170
395 8
433 473
282 80
311 413
370 384
40 240
128 169
167 289
440 413
33 11
7 209
495 260
161 75
453 426
318 156
184 9
143 328
389 247
424 302
123 293
348 95
140 371
177 421
68 26
158 240
205 361
100 456
140 488
20 78
258 68
443 166
265 303
340 62
359 22
65 223
360 478
344 489
321 24
433 139
52 33
178 204
339 236
332 266
500 80
128 303
467 389
256 70
174 269
11 9
112 170
320 25
162 202
229 347
444 37
231 174
274 320
121 380
358 243
460 77
98 423
392 365
304 209
455 109
156 168
153 457
311 267
427 297
340 332
124 209
345 67
437 484
399 391
97 52
499 276
277 116
392 54
432 94
460 321
251 117
176 256
165 486
212 461
304 271
62 277
92 438
448 188
109 67
265 107
381 45
430 359
43 453
115 398
185 220
357 91
371 77
204 119
140 25
439 308
219 361
281 161
295 191
351 303
82 377
269 42
469 399
178 309
447 384
377 461
52 164
458 368
277 221
226 274
184 191
437 2
102 119
287 206
324 140
404 111
114 475
351 475
192 199
231 350
17 91
33 372
421 366
397 228
209 140
291 440
202 335
391 50
343 487
208 327
452 277
319 181
393 44
119 74
303 404
307 492
20 214
88 280
20 323
338 140
37 426
238 84
78 499
118 111
4 64
366 315
278 459
155 65
80 274
425 159
222 263
151 170
85 253
383 346
201 33
273 418
207 367
196 20
318 377
451 14
269 31
83 358
121 91
37 49
121 376
244 189
470 288
124 299
258 76
468 325
408 33
144 204
35 91
6 155
267 145
120 477
53 262
444 43
380 270
73 161
6 414
243 20
278 222
234 204
13 8
58 152
481 201
400 431
172 487
470 136
352 297
394 319
228 377
372 85
484 89
413 137
396 102
156 157
405 124
437 283
26 400
321 156
317 65
156 313
365 113
255 288
289 227
486 418
383 59
248 397
450 318
345 311
206 315
387 309
99 463
242 199
424 269
273 454
175 217
360 185
179 197
40 374
175 232
366 352
148 120
239 333
335 467
32 143
89 311
405 246
474 226
254 325
29 328
162 495
168 119
129 421
27 461
119 41
67 327
35 163
80 426
296 202
51 335
266 411
203 257
12 13
40 387
150 479
97 311
160 227
255 85
194 329
322 376
13 53
477 135
481 186
157 373
57 59
433 442
199 61
150 100
232 257
245 249
51 302
126 248
273 481
198 369
106 29
108 436
307 84
483 451
339 429
164 436
143 179
367 229
415 379
127 455
396 380
390 58
119 56
377 24
447 385
464 18
426 355
328 334
469 402
494 254
323 349
9 11
439 45
193 312
368 430
0 455
333 259
262 410
432 315
459 411
100 149
457 245
425 32
30 291
251 193
124 317
260 294
420 118
34 376
49 334
481 87
400 14
44 266
218 100
285 372
5 374
147 450
423 496
145 161
397 254
316 408
180 309
483 399
260 480
392 217
402 115
285 441
77 19
126 381
338 343
181 195
363 96
484 190
183 179
180 299
304 275
273 474
499 419
261 479
294 312
182 21
26 122
254 483
157 327
201 266
370 245
216 158
143 137
376 40
426 51
95 370
196 116
96 239
219 390
308 484
215 416
199 210
366 458
211 58
44 275
457 486
121 493
85 354
367 92
247 472
191 159
449 320
434 362
156 303
222 322
461 252
468 479
470 422
303 391
313 482
150 367
391 245
494 396
341 463
15 183
429 167
74 79
491 125
282 257
272 378
327 54
161 284
376 449
30 4
132 28
365 0
37 497
202 378
264 377
413 325
386 61
111 377
458 252
405 228
376 493
182 428
14 423
232 249
500 152
177 57
4 178
477 233
321 160
283 486
116 461
381 116
384 324
23 157
202 120
490 396
262 122
450 262
146 493
364 276
119 276
50 52
263 482
107 419
394 228
380 33
115 199
188 412
443 129
344 33
415 372
412 166
451 185
434 16
350 424
200 485
173 455
102 267
71 118
229 238
292 448
353 402
64 449
453 171
249 64
101 366
491 146
380 162
91 34
252 288
395 175
33 365
231 206
11 401
437 391
434 93
108 2
279 193
179 406
312 258
75 226
311 368
270 321
360 342
474 428
346 406
487 212
393 88
361 109
201 393
152 74
357 469
447 225
139 248
342 359
265 170
326 286
195 92
227 223
251 492
430 268
172 474
367 482
325 28
210 497
54 356
8 3
354 491
164 210
221 486
367 164
413 380
227 174
13 76
446 379
249 391
422 376
279 50
288 424
169 463
205 277
81 35
218 371
196 476
28 214
353 168
269 128
320 181
151 223
236 387
284 186
299 137
261 57
28 275
257 194
208 254
475 254
373 109
68 307
423 133
308 401
108 334
45 453
131 353
471 177
115 33
243 394
268 279
105 494
391 151
296 409
379 276
63 215
108 484
307 299
167 465
26 282
448 300
305 126
345 348
98 438
252 490
416 40
389 445
281 496
102 491
136 114
313 250
196 402
161 131
211 92
80 91
129 93
90 317
345 75
356 31
393 409
336 208
16 364
234 292
269 497
400 47
173 61
262 251
128 95
153 389
11 440
306 200
120 45
371 500
280 167
460 372
197 30
260 253
422 45
274 472
499 144
482 440
308 470
53 112
100 366
386 135
446 283
360 360
8 288
395 106
238 323
488 39
182 189
460 84
62 128
270 209
130 428
400 198
372 482
132 230
320 419
355 335
500 193
120 23
478 123
0 147
46 223
112 80
244 351
98 147
371 150
120 87
373 78
76 403
216 76
237 354
368 323
308 193
208 408
272 160
142 9
102 331
114 311
305 434
497 238
114 27
269 395
52 132
33 440
308 382
16 158
166 197
262 497
390 90
206 203
97 485
189 461
314 11
362 17
445 249
101 189
35 222
488 326
366 449
240 193
193 482
185 208
396 228
228 262
394 496
71 323
202 352
415 474
428 481
293 353
322 228
86 213
119 110
202 280
313 21
297 19
464 431
386 18
269 348
82 413
196 42
419 442
462 491
239 366
359 454
421 208
2 4
369 388
364 470
418 276
279 475
314 189
393 392
54 483
144 433
459 140
80 208
35 174
106 455
115 34
425 422
432 160
219 460
385 92
414 311
153 352
36 455
20 248
126 135
425 26
385 236
23 24
321 99
51 470
192 313
114 441
225 399
337 105
181 436
453 218
109 277
265 137
366 21
230 334
257 314
62 153
29 1
215 211
134 192
191 271
241 240
318 422
6 357
243 368
400 143
418 208
62 137
314 177
436 194
437 406
286 215
139 399
417 155
450 37
195 379
422 412
170 43
358 497
295 31
55 464
20 64
246 19
202 196
129 56
261 266
267 382
166 161
42 278
141 396
261 205
363 184
197 467
308 128
33 52
118 237
210 350
463 183
393 221
226 453
87 413
482 60
115 21
110 437
183 77
215 378
269 272
442 422
33 29
276 196
17 465
283 54
449 81
235 342
420 161
65 373
487 408
20 240
70 155
444 337
218 272
388 297
431 484
98 446
158 467
124 83
10 6
98 470
398 290
121 28
495 56
446 389
241 101
492 170
474 297
26 443
44 202
142 163
165 436
32 4
317 224
111 373
120 293
438 70
439 305
53 171
164 298
134 348
29 179
253 142
68 140
323 384
383 443
395 243
284 178
202 19
14 215
330 350
497 197
106 471
249 395
221 160
486 273
496 98
324 470
96 350
15 481
97 185
466 50
218 207
210 37
115 292
409 354
182 275
394 201
421 40
113 316
227 415
140 451
53 291
124 24
454 315
300 32
418 438
41 222
412 0
18 303
290 329
264 399
128 232
390 386
400 5
498 279
163 141
111 344
497 41
308 352
75 305
396 80
60 354
466 6
244 23
218 257
417 83
387 334
383 176
378 323
414 220
31 389
241 67
390 414
235 427
309 413
157 155
116 489
348 418
388 6
397 266
52 329
346 133
155 45
494 419
90 409
314 488
428 458
195 143
262 243
429 290
406 158
360 457
328 399
337 18
367 447
262 304
235 430
179 340
499 113
424 486
429 387
197 274
10 416
277 470
228 441
380 414
191 142
312 381
80 8
397 103
119 433
79 105
392 353
252 139
23 340
21 65
360 47
262 72
45 396
406 41
122 359
86 246
133 34
276 276
300 283
418 384
451 183
15 274
360 341
67 118
76 237
21 433
142 452
343 398
51 324
195 256
319 276
442 112
353 393
86 144
369 395
53 268
465 251
134 390
326 444
266 106
483 185
11 477
195 161
303 129
349 252
313 418
163 381
205 33
224 99
3 10
337 326
32 163
344 192
119 159
426 267
486 54
136 339
22 115
85 49
257 264
442 246
214 323
85 68
225 447
115 390
287 310
400 306
459 394
357 410
262 391
410 167
406 253
185 341
465 386
69 78
147 246
54 441
112 52
267 197
436 316
62 220
381 44
67 298
154 427
149 140
311 64
430 370
376 185
37 181
321 163
102 304
168 139
457 219
390 22
496 254
153 8
335 272
307 370
457 85
271 454
230 482
116 120
23 28
420 147
14 448
173 194
102 289
493 303
60 465
46 177
378 384
484 37
211 353
241 181
220 305
130 423
252 65
384 128
299 273
354 171
95 61
470 195
392 32
47 309
484 400
17 315
265 353
90 386
308 484
409 480
439 483
3 404
153 213
291 318
147 470
29 374
223 139
141 353
238 253
360 490
306 146
241 315
6 230
288 73
160 196
176 218
459 343
362 45
473 402
383 81
174 297
366 24
132 202
424 253
296 340
204 183
426 290
428 218
305 393
23 204
43 193
325 28
474 257
360 235
11 465
455 224
444 69
225 422
467 432
219 198
500 142
127 274
427 106
16 265
494 293
51 83
470 450
402 154
397 143
26 498
417 462
203 302
215 115
100 425
494 398
315 416
4 328
51 32
21 254
233 413
64 237
44 262
320 310
199 49
24 133
477 197
267 291
224 119
343 450
252 217
226 326
133 400
213 233
74 256
189 406
126 369
249 316
235 176
225 278
71 43
172 490
99 24
426 232
260 17
109 117
121 74
327 301
116 335
155 90
111 278
450 377
302 473
182 137
109 453
330 396
183 301
421 57
221 54
169 245
452 116
205 105
86 402
133 85
455 449
331 60
102 161
74 260
47 144
61 318
33 147
240 288
176 248
241 467
427 255
387 415
486 397
453 27
28 374
413 280
443 462
219 6
482 132
411 153
389 289
262 127
384 308
414 128
302 66
89 217
460 411
125 490
401 33
29 369
46 22
293 98
321 159
446 197
239 327
425 216
288 259
43 482
24 476
39 145
173 322
412 356
487 207
158 378
297 498
52 382
234 452
469 60
298 56
311 72
306 48
87 332
351 484
145 252
248 2
312 111
74 483
8 288
131 163
111 155
386 220
224 322
268 61
325 260
397 128
269 131
235 416
421 378
240 354
28 113
156 276
248 179
390 180
408 457
443 249
68 48
67 92
78 268
300 85
98 340
12 496
407 292
4 99
34 2
325 467
181 479
497 379
245 218
469 346
482 428
316 206
85 420
246 74
170 261
140 109
182 159
206 135
117 50
269 485
232 412
216 491
475 19
47 468
250 288
131 476
244 58
433 35
178 206
235 72
256 185
49 144
332 424
108 408
113 434
28 104
350 351
420 401
463 7
108 313
75 64
115 7
358 477
360 224
315 33
318 189
333 353
187 344
440 454
321 440
294 475
271 48
21 175
341 181
416 396
72 471
9 110
5 220
347 144
160 88
180 346
201 254
14 127
405 139
248 282
132 195
163 162
194 421
121 320
474 349
155 61
368 342
76 378
26 486
441 497
178 130
122 178
404 454
201 336
428 36
90 379
26 337
190 59
3 196
434 119
308 438
479 483
349 137
219 130
8 430
237 340
200 195
197 359
443 44
386 339
102 98
346 182
40 75
60 405
38 395
366 287
311 174
61 496
195 220
111 405
463 37
139 481
455 36
335 104
497 42
357 493
464 75
325 237
257 357
95 446
302 360
312 485
251 109
293 130
45 338
309 289
5 264
184 254
61 446
107 62
68 75
491 45
211 142
260 124
428 392
132 344
84 383
424 133
427 64
277 150
77 261
362 209
190 469
211 278
115 222
90 396
482 336
375 384
142 146
252 462
218 2
120 375
11 76
495 315
268 77
392 58
120 492
60 154
336 460
270 407
297 185
63 498
405 382
114 174
496 92
244 241
270 486
408 60
195 387
50 375
326 294
430 389
127 99
19 273
132 260
380 230
131 71
449 80
141 375
404 241
455 216
176 155
447 390
433 131
420 211
319 60
396 329
147 160
377 239
34 112
384 331
65 124
238 246
383 376
465 251
454 135
151 220
436 361
150 239
279 154
329 212
111 47
484 438
387 381
145 205
221 308
64 40
177 459
433 432
231 480
208 213
260 384
290 0
150 262
156 305
44 340
396 431
99 10
211 158
101 109
444 415
241 367
21 372
271 393
374 179
464 403
430 42
280 206
232 405
162 395
450 334
444 60
384 422
4 30
212 461
393 450
415 471
32 90
219 145
348 188
178 430
90 441
475 386
239 46
499 19
201 251
138 71
466 256
213 124
167 384
484 458
329 277
67 31
375 376
308 367
192 231
237 492
74 265
265 365
392 225
242 66
140 120
320 243
423 55
191 299
24 5
283 128
225 66
307 205
381 440
437 156
49 56
131 395
392 476
6 120
298 196
234 47
351 86
154 204
214 440
434 256
449 355
459 53
23 331
311 49
15 378
93 408
70 194
264 500
344 156
269 241
132 165
6 424
420 234
373 257
286 103
465 27
442 272
64 311
418 223
20 333
208 482
112 55
436 1
186 317
467 300
62 300
352 273
262 248
159 492
72 127
154 41
17 12
117 352
241 415
249 206
60 7
120 465
113 263
449 79
38 441
234 333
375 108
9 376
155 306
414 79
438 361
206 16
162 402
91 142
51 103
4 154
215 150
290 88
162 381
256 224
361 463
367 143
84 349
138 241
380 159
411 361
105 481
360 82
124 368
119 18
137 165
120 420
268 242
424 32
489 477
426 115
365 132
68 315
44 208
146 121
47 297
343 310
308 174
148 432
191 39
301 106
330 312
477 11
286 326
318 52
247 369
171 481
354 200
99 362
147 160
37 378
463 204
348 321
223 106
136 213
428 208
20 144
43 100
407 263
2 321
461 144
433 147
53 354
160 39
282 211
333 287
495 254
25 494
347 210
439 140
95 139
402 97
27 257
220 385
427 369
499 53
374 460
253 212
148 60
350 50
478 470
267 487
64 28
475 100
442 399
462 1
232 345
225 295
264 210
412 209
35 30
478 252
194 97
296 152
314 31
202 14
13 233
393 372
122 366
350 23
257 291
98 123
375 192
61 71
274 190
116 266
401 242
255 275
248 5
447 137
209 61
472 273
11 57
25 4
308 258
30 366
230 207
492 117
157 407
464 184
263 68
71 243
291 463
294 442
392 335
267 423
448 47
102 292
292 480
462 46
441 291
198 180
363 138
99 69
322 337
436 255
232 181
287 485
165 50
277 115
453 473
58 165
253 8
355 258
272 226
4 7
492 423
391 486
342 388
130 68
244 276
473 473
490 127
394 221
397 385
54 434
321 395
289 100
302 379
221 120
499 305
492 484
494 80
393 100
333 388
336 155
456 251
161 48
478 178
284 305
34 363
49 184
296 299
273 55
463 257
215 141
435 443
260 27
356 31
182 330
221 316
305 497
445 298
69 271
12 62
357 470
243 498
84 99
464 211
197 328
170 419
165 485
97 22
410 143
274 286
290 410
106 290
97 272
246 194
282 420
151 239
177 251
279 133
23 199
298 489
443 154
296 277
56 291
308 407
281 245
217 474
244 196
443 415
255 162
190 214
133 102
6 14
445 333
275 143
368 255
67 207
135 129
500 417
153 446
179 448
366 0
349 143
150 440
2 187
431 171
56 389
383 294
57 142
104 239
44 429
422 145
377 377
256 350
103 302
477 143
256 199
47 0
494 381
482 91
129 296
447 482
388 312
76 499
243 403
431 74
19 129
491 291
128 280
22 158
494 429
352 140
406 331
1 218
37 155
3 106
316 362
284 87
374 271
188 409
494 12
275 452
202 57
376 276
90 455
280 406
7 434
224 372
378 257
209 174
338 423
253 466
28 172
385 207
62 141
22 56
267 326
95 408
400 154
398 344
77 81
163 418
229 170
141 128
29 200
454 71
177 254
208 464
166 124
368 159
122 360
454 497
226 299
231 8
467 187
295 116
160 233
188 382
148 331
479 41
483 304
440 185
33 403
455 318
144 339
431 419
118 440
490 446
424 356
317 193
197 304
364 349
170 284
108 102
154 308
259 183
382 406
200 10
370 209
40 83
64 116
345 255
395 223
321 472
334 409
67 491
139 212
255 197
168 64
146 74
367 390
272 482
135 191
309 447
221 392
241 59
455 382
358 189
98 17
121 202
453 338
371 40
418 4
256 198
177 286
360 423
167 116
192 245
200 52
247 55
6 7
3 121
451 499
362 355
73 77
383 177
446 359
172 161
120 465
307 97
373 366
376 57
259 198
33 150
306 432
423 16
407 284
304 469
10 339
8 309
362 276
142 106
359 379
102 41
181 407
389 184
134 388
106 232
268 191
136 440
177 396
364 306
499 83
106 352
461 37
15 92
97 472
64 262
188 276
195 492
58 240
302 6
451 69
311 104
286 429
424 341
311 134
9 156
370 384
163 94
224 279
290 343
224 402
500 437
63 131
65 455
204 402
472 290
432 101
385 91
353 173
371 44
48 389
207 59
152 56
19 415
342 43
435 41
30 314
305 336
251 147
456 218
94 113
324 328
401 298
367 417
147 185
177 233
150 466
310 424
157 371
274 437
161 248
235 0
344 37
46 283
272 151
53 65
492 217
283 63
88 199
312 34
130 44
254 22
137 244
215 29
125 94
157 229
189 397
272 341
50 403
21 7
454 205
494 144
424 387
102 401
422 95
82 496
261 445
214 288
100 414
155 92
7 438
348 224
482 77
276 390
339 396
248 225
357 483
492 469
323 112
245 415
341 13
11 201
464 293
394 82
195 434
417 363
273 262
52 432
289 259
58 285
451 325
367 1
221 465
376 121
473 253
97 100
29 56
380 496
126 341
298 205
176 359
309 333
208 419
500 483
8 82
499 6
245 97
485 382
64 54
162 156
360 83
92 388
154 346
74 85
445 0
428 367
382 240
84 353
4 31
403 219
173 164
182 47
78 473
453 64
397 267
493 67
106 415
491 124
465 375
258 210
408 100
441 54
81 178
43 278
167 24
340 229
220 206
291 22
22 152
176 236
197 426
275 319
162 28
360 290
308 316
331 67
258 103
404 26
459 15
375 79
253 0
377 114
474 229
85 340
397 358
379 364
40 192
464 360
260 219
389 107
57 46
187 500
97 470
325 322
18 362
424 168
220 406
368 429
449 172
258 257
464 201
472 495
391 48
324 130
425 180
374 30
24 162
492 131
309 237
464 28
134 21
301 263
45 29
411 156
315 102
41 118
264 172
424 168
488 495
183 271
54 364
443 96
93 357
227 66
60 254
447 421
91 393
145 357
97 82
291 182
274 113
314 206
50 402
41 436
53 136
492 162
20 160
209 28
16 23
248 251
300 243
303 148
403 396
394 184
52 175
46 113
170 26
118 98
122 499
75 203
373 396
152 246
413 156
428 334
175 456
282 459
102 465
137 463
113 40
154 333
388 375
462 79
382 322
172 133
410 494
478 37
272 82
69 207
459 177
354 370
278 481
243 427
32 59
300 143
284 22
152 41
492 324
13 366
367 420
395 235
176 136
188 114
185 33
64 445
410 183
439 392
240 72
462 308
228 354
488 234
476 34
7 50
258 165
393 69
395 166
189 280
280 1
275 146
303 236
129 151
477 477
176 446
88 189
179 208
51 273
66 47
330 106
302 106
78 47
10 167
309 6
428 208
135 401
164 229
363 120
282 15
107 434
313 236
6 214
42 336
33 67
131 108
468 315
264 399
80 446
418 154
388 432
135 20
397 121
74 374
258 283
496 340
281 216
0 298
135 280
404 356
496 478
291 100
54 156
339 389
97 432
129 461
136 480
82 132
177 489
495 458
230 390
34 29
482 296
281 496
232 186
340 473
38 135
184 483
245 461
491 242
332 271
154 446
153 50
316 181
304 21
122 266
171 98
219 405
276 431
20 324
168 440
29 156
345 456
65 114
348 386
68 65
434 397
118 312
58 150
479 208
120 71
197 339
11 460
64 305
410 16
206 263
16 21
364 255
249 383
26 403
73 269
53 423
452 117
378 332
112 97
474 19
237 78
453 408
148 317
52 33
390 15
385 253
330 138
401 356
225 398
318 168
169 119
291 425
348 332
379 479
245 311
319 431
311 56
211 419
278 156
64 113
453 465
378 239
49 368
353 368
402 417
389 173
65 60
213 68
62 413
123 364
53 56
286 88
189 342
196 285
236 196
312 166
142 290
105 33
210 487
499 217
397 441
486 139
450 300
71 232
38 89
24 452
139 500
170 451
182 395
221 443
419 308
338 6
371 163
249 290
438 182
26 494
208 173
483 120
2 458
52 387
266 23
227 99
185 305
488 319
139 37
46 256
320 212
123 491
336 191
261 411
385 181
423 397
380 36
64 423
363 250
49 345
331 261
295 288
14 17
237 132
224 32
367 479
14 259
65 18
81 347
262 11
444 158
97 352
269 393
324 206
354 315
18 203
113 111
60 76
77 220
44 404
273 17
386 416
336 446
341 393
28 378
454 77
467 305
124 184
72 88
6 365
375 374
6 258
129 158
30 448
361 459
47 399
313 235
134 476
484 395
256 265
179 37
430 200
393 341
237 252
50 110
484 9
148 182
370 482
187 170
134 459
276 488
198 388
494 96
213 166
353 180
184 470
480 188
282 398
206 193
429 303
359 462
468 390
287 216
93 212
433 357
144 352
315 76
349 133
180 208
43 415
500 479
260 300
65 449
374 237
89 198
109 316
452 449
116 443
451 151
26 228
68 369
489 411
326 226
215 460
409 278
416 340
228 202
145 137
395 95
259 240
261 186
354 62
31 484
128 164
170 123
440 84
387 246
465 218
323 392
226 446
446 48
283 451
90 449
443 199
263 184
411 419
25 59
281 311
287 452
92 258
194 4
123 364
241 486
243 299
77 252
187 51
376 339
82 434
124 141
251 239
283 447
294 393
300 397
278 8
321 475
457 362
382 438
492 435
230 335
208 296
402 438
303 353
241 418
13 223
191 101
393 305
42 37
401 45
289 422
192 386
282 5
161 311
270 335
89 73
46 17
246 135
447 102
242 474
133 266
282 268
472 67
349 170
76 197
455 217
282 232
39 196
64 32
206 60
428 325
191 130
257 91
378 353
417 294
350 15
495 241
467 38
393 344
47 198
77 89
461 41
40 344
423 114
405 101
340 6
299 387
9 452
252 422
2 173
460 87
220 6
488 436
105 462
68 282
320 218
479 229
454 43
498 320
154 143
383 8
256 136
451 71
418 416
231 457
287 307
122 110
419 341
393 389
161 494
412 474
83 410
452 87
350 477
172 68
94 488
469 318
100 324
179 304
344 290
431 446
73 226
359 410
20 23
188 333
247 119
242 52
131 171
420 22
440 217
172 434
422 262
174 202
476 46
372 116
381 22
492 98
239 439
427 278
199 74
346 432
8 189
206 86
26 184
247 135
311 407
215 260
332 483
359 4
300 294
429 146
398 409
302 191
320 268
411 462
476 262
498 152
267 295
496 204
261 389
362 467
26 138
43 481
117 411
184 7
82 149
175 348
51 31
364 369
63 249
451 334
311 216
172 217
324 489
361 181
381 229
345 340
352 295
120 430
235 357
323 348
301 494
416 295
256 20
124 161
47 316
264 467
291 397
128 396
186 372
33 229
325 424
371 87
182 147
359 487
114 174
19 13
363 471
53 185
473 358
220 484
127 390
119 365
148 350
333 396
121 339
63 297
490 435
100 55
139 272
387 443
142 24
495 21
466 172
166 226
171 18
484 290
247 273
148 171
313 381
176 399
309 84
337 51
158 345
370 380
403 224
471 127
29 99
382 413
141 304
49 472
376 394
274 29
317 74
3 8
78 289
14 436
6 400
408 86
459 197
377 232
145 486
393 74
280 417
400 292
309 204
379 10
147 313
71 24
342 159
155 9
45 403
185 336
262 242
277 189
214 361
81 219
2 469
490 259
109 83
60 162
426 462
145 446
217 184
223 236
437 176
294 54
332 188
376 382
269 377
101 174
433 221
395 188
431 98
181 488
471 304
69 25
49 436
210 308
196 114
117 483
298 393
385 420
8 317
413 243
111 291
419 168
120 124
22 444
175 134
226 374
490 270
13 440
174 395
446 101
253 269
153 166
49 368
2 99
273 318
49 477
37 356
116 25
200 201
500 205
457 229
47 139
83 475
418 278
433 380
185 345
63 100
290 123
156 1
199 239
250 414
192 215
35 25
349 273
135 350
217 267
32 23
477 309
81 430
131 307
156 265
152 380
28 354
90 135
1 55
13 40
9 416
49 20
62 302
455 205
411 302
4 230
118 281
378 390
101 231
164 93
179 307
321 235
402 486
194 168
196 202
283 168
97 32
173 357
320 4
400 486
298 356
402 83
195 154
52 312
341 361
179 339
208 4
452 143
386 46
76 383
355 143
105 346
485 482
197 192
264 377
120 136
340 60
488 103
113 115
403 314
458 3
497 330
420 327
221 184
116 316
74 300
278 96
327 65
474 454
500 228
14 222
478 153
327 491
362 272
196 208
232 252
151 372
327 16
436 70
494 447
117 109
460 478
168 333
251 61
398 264
192 481
348 185
199 83
315 232
202 344
336 406
465 71
107 193
453 391
295 73
296 443
459 344
299 401
48 276
104 270
275 274
83 220
62 153
475 318
84 316
198 45
306 142
17 333
176 438
396 297
252 336
483 76
166 160
308 159
193 166
416 103
27 60
50 308
353 97
260 111
321 150
11 117
18 307
85 324
470 374
188 282
230 446
497 298
419 147
396 91
375 323
382 166
62 84
164 50
44 336
452 266
30 486
444 267
364 287
457 466
183 6
143 393
158 74
484 213
423 85
61 259
450 272
415 192
495 242
422 43
500 424
165 162
314 437
166 191
76 250
302 46
402 91
297 101
212 152
59 49
466 127
235 384
135 486
60 10
101 446
99 119
376 241
466 264
161 215
168 110
168 363
488 454
100 269
430 50
277 461
295 264
323 158
224 179
214 258
135 234
144 28
247 220
182 460
417 229
141 133
380 164
304 55
427 464
350 367
88 115
206 101
45 1
417 78
308 151
207 426
190 21
264 79
265 309
74 86
432 121
215 38
367 439
447 247
470 38
112 468
234 199
100 344
456 215
335 286
352 34
133 464
130 275
398 445
147 165
327 230
359 20
285 66
498 43
217 441
98 62
365 2
433 314
68 399
346 382
280 243
197 69
500 152
398 52
429 17
444 362
70 292
120 164
305 253
329 113
216 73
171 12
480 328
76 343
431 491
474 19
132 362
387 336
39 395
411 414
30 304
350 335
338 238
73 261
9 253
281 67
477 334
396 108
8 287
495 201
48 191
495 338
77 28
81 96
145 351
226 145
46 321
293 491
392 347
329 444
274 122
122 225
23 91
183 469
362 181
255 494
182 288
386 268
296 127
197 290
24 281
269 145
367 469
59 378
185 64
409 7
327 347
250 111
171 452
439 58
42 321
329 55
254 126
245 427
264 249
357 56
479 65
246 453
418 487
225 122
299 76
374 203
486 427
295 189
172 80
409 485
77 300
409 458
294 262
305 349
277 178
54 468
191 182
292 111
396 402
186 140
338 241
173 305
78 275
361 78
227 5
43 12
452 455
459 188
92 118
18 44
93 26
408 148
164 462
392 56
128 262
152 177
382 143
241 453
59 418
477 429
445 432
63 241
273 266
273 241
486 89
265 299
269 49
357 494
231 225
370 269
135 380
366 495
30 70
445 25
210 427
381 264
384 465
206 271
468 233
163 207
432 356
279 477
441 183
227 155
14 186
59 386
10 325
237 408
108 291
216 481
399 398
270 452
138 405
39 412
198 317
155 366
23 122
395 323
302 389
114 408
239 33
499 36
155 331
73 10
477 210
49 66
405 398
239 146
101 354
86 397
450 305
335 84
384 271
322 417
293 357
66 231
393 358
178 250
344 82
313 35
488 201
342 420
251 93
496 372
363 228
203 133
320 231
352 285
165 436
136 400
39 363
441 428
46 245
364 21
234 257
199 226
58 472
376 474
7 167
427 93
230 150
161 168
395 134
224 378
141 19
481 222
273 172
233 478
81 423
478 350
434 162
294 369
346 80
207 337
338 388
210 402
350 353
23 465
440 340
27 478
161 84
198 130
37 141
446 489
81 391
98 498
133 297
468 255
204 7
208 17
346 123
63 248
221 376
291 489
486 465
406 99
266 88
90 85
81 440
413 31
65 353
278 358
497 481
500 168
50 104
148 304
113 13
263 162
478 265
438 283
470 379
8 350
434 279
196 81
393 291
219 191
29 271
232 72
453 349
177 109
40 447
262 445
234 437
162 240
7 373
314 297
336 453
154 438
166 112
485 243
187 353
84 164
72 367
271 477
160 335
491 140
175 259
305 319
395 116
149 179
235 459
302 230
445 249
103 162
209 275
278 495
483 20
409 107
26 148
290 290
216 325
381 472
344 26
442 140
213 174
136 462
9 411
7 330
371 484
125 69
327 460
430 207
35 171
106 195
243 413
344 494
192 419
222 19
261 254
352 253
218 489
26 387
16 300
491 15
191 212
183 498
28 35
486 301
431 69
375 247
325 75
318 272
186 289
433 468
353 396
138 393
62 222
84 311
72 456
228 465
422 5
349 301
248 102
415 264
292 250
448 187
491 111
59 398
385 402
155 97
161 250
306 361
168 337
61 381
432 228
142 143
172 171
101 348
78 262
105 419
101 341
83 212
481 176
253 84
24 39
490 475
422 174
415 135
371 198
94 196
474 23
54 489
22 241
126 318
388 108
20 117
277 226
284 291
311 47
362 18
169 338
293 483
77 458
380 97
108 438
224 385
154 194
339 136
169 224
248 165
37 307
241 18
130 16
161 492
225 138
171 86
3 447
197 370
327 330
494 235
329 421
33 90
399 267
148 326
289 296
194 15
294 421
229 172
210 3
399 342
321 188
209 345
281 199
463 272
372 98
38 414
261 258
258 451
380 437
118 180
259 423
351 247
7 289
192 37
430 475
256 97
363 233
158 212
309 286
142 424
230 300
399 111
169 221
444 359
405 275
30 90
258 401
42 204
481 44
492 313
392 18
412 303
46 223
460 410
123 397
73 69
53 51
251 7
157 388
314 143
495 111
29 53
296 244
0 19
138 339
375 292
128 278
118 497
14 39
464 228
448 148
323 479
468 482
78 405
140 304
306 276
431 347
256 51
440 179
141 77
211 80
329 407
190 463
492 288
108 297
334 70
9 172
434 363
210 58
453 198
250 70
94 442
14 410
296 404
15 364
44 239
335 495
83 67
182 174
337 236
149 139
405 43
275 183
255 26
199 273
109 249
391 104
14 341
439 498
410 475
130 214
166 372
356 436
362 15
152 83
292 440
167 222
427 398
441 466
73 419
455 44
424 251
248 367
278 214
261 62
222 397
435 129
248 391
78 6
398 17
357 295
15 80
131 72
78 494
5 38
148 51
76 55
432 468
218 249
401 77
287 397
304 358
442 180
65 12
32 439
442 274
46 297
281 434
147 414
201 273
186 499
439 437
388 161
244 204
36 264
224 300
270 480
146 418
101 190
421 491
171 473
446 97
105 134
393 357
475 103
291 422
82 256
93 159
428 421
299 369
167 251
301 495
180 102
0 354
48 171
251 408
253 302
354 93
306 333
92 252
191 220
256 495
117 245
360 87
292 284
47 448
379 392
142 335
243 445
5 327
466 164
326 357
429 270
41 187
249 64
349 163
263 279
422 302
52 46
423 446
320 329
172 2
481 441
451 136
206 493
495 8
89 18
250 319
354 336
89 218
236 81
246 117
262 12
272 226
243 312
268 218
337 456
229 155
380 456
341 474
314 498
227 269
297 454
100 198
249 129
176 407
100 322
330 97
380 413
71 218
179 348
134 55
480 379
349 381
444 363
51 330
193 297
80 187
368 244
149 421
456 96
319 77
25 160
355 183
212 435
142 111
420 23
31 111
150 292
133 333
34 394
429 369
158 28
165 311
209 109
86 327
47 202
385 427
341 238
93 412
132 434
102 62
431 134
30 172
277 208
356 46
346 62
278 259
382 207
266 132
31 91
360 281
448 478
345 421
284 419
334 86
125 326
90 52
477 61
129 458
291 329
431 379
213 294
234 457
112 440
257 338
415 129
78 415
198 466
377 164
439 472
154 99
446 423
267 371
375 274
381 53
98 369
313 76
147 352
377 345
403 180
283 244
376 455
409 54
68 195
196 483
144 395
207 429
72 90
288 122
277 362
56 137
154 480
76 165
359 69
353 365
425 261
327 466
32 180
316 106
464 5
82 143
17 108
232 302
160 218
95 253
361 476
242 241
331 242
358 492
46 191
494 133
235 174
340 319
477 308
493 292
360 484
345 25
257 244
151 298
170 105
296 29
65 123
203 220
45 303
336 432
490 182
127 243
57 268
185 237
486 292
220 28
4 465
171 238
382 448
397 420
89 472
298 157
69 499
369 67
376 491
257 469
497 24
225 142
419 212
269 254
468 313
487 445
468 364
361 314
333 187
490 235
59 214
265 89
490 329
150 165
352 268
191 167
304 433
40 226
456 109
294 113
491 461
127 249
67 25
124 197
122 329
18 188
419 66
138 38
377 20
356 440
127 128
442 178
188 189
216 187
96 85
140 100
348 370
498 219
167 221
394 239
389 337
226 455
29 439
219 331
194 244
270 3
410 86
449 76
101 193
266 92
383 134
166 159
396 396
145 73
201 285
8 438
75 388
133 162
459 221
242 295
163 220
164 491
115 69
192 317
482 87
160 406
233 262
247 16
0 103
34 15
318 183
68 167
405 482
87 100
26 178
429 371
173 82
96 339
108 391
453 279
401 282
171 158
473 77
371 465
56 83
151 123
276 19
394 118
42 382
33 306
259 303
466 275
356 427
248 424
296 338
2 28
467 342
475 428
236 204
245 396
226 444
123 17
390 184
429 384
346 11
65 441
43 486
63 22
312 163
404 157
339 276
69 164
138 229
307 13
141 138
193 40
256 68
231 337
288 105
493 134
219 364
296 362
233 255
477 122
285 192
180 150
31 434
262 45
39 32
33 409
445 491
462 314
423 269
222 322
223 86
99 164
222 215
50 162
134 194
105 452
212 462
27 27
415 163
300 106
338 258
262 148
56 60
222 374
371 367
1 327
441 102
53 358
102 425
358 7
18 160
483 84
472 143
301 244
324 345
388 116
13 180
214 36
93 476
96 99
189 98
141 51
419 318
202 178
177 403
192 237
466 315
76 198
311 27
152 305
407 408
429 461
133 160
363 178
349 253
226 1
243 259
56 440
92 70
230 456
171 335
98 449
339 248
252 304
352 130
203 285
332 224
340 224
408 345
95 500
124 27
172 136
418 209
24 484
312 302
389 21
25 292
305 59
310 217
372 173
396 3
56 181
196 222
476 350
134 314
240 212
477 42
232 100
287 136
173 228
327 298
61 207
120 371
149 349
149 355
189 317
369 301
114 110
6 281
258 125
310 325
11 392
211 305
182 185
468 305
160 131
370 491
55 158
0 404
206 426
494 158
434 226
270 299
191 212
189 269
327 336
273 317
458 240
240 395
73 40
378 22
477 113
35 216
173 174
58 209
197 269
306 44
116 37
98 268
148 497
19 194
396 436
492 68
406 433
276 496
192 52
6 192
493 433
329 409
336 43
42 483
44 459
0 360
286 489
377 124
382 5
139 302
423 244
81 38
420 407
209 318
345 489
303 275
50 338
310 374
60 148
141 141
335 68
379 248
354 114
149 211
250 444
137 98
459 243
499 241
250 396
334 65
426 18
28 338
239 49
336 55
232 125
200 251
350 221
0 69
36 397
382 375
425 227
263 307
164 318
69 315
472 147
151 173
94 168
317 378
271 292
36 225
81 304
486 406
322 189
82 193
174 19
488 472
290 252
142 203
152 376
135 92
257 420
201 114
81 248
277 92
24 199
181 329
260 447
159 206
315 347
188 496
131 220
334 171
45 93
416 275
278 289
484 115
295 491
311 45
321 170
386 428
126 142
310 251
124 487
448 469
293 326
264 359
213 3
479 238
114 183
104 263
240 136
156 14
200 470
255 16
281 336
233 214
365 21
460 228
335 4
259 424
211 243
160 13
189 214
131 450
396 457
38 396
228 363
74 144
285 417
309 353
273 147
129 145
412 466
186 365
356 239
401 180
415 139
147 19
2 89
420 384
24 189
23 127
201 200
495 190
359 74
262 104
238 338
83 241
279 359
295 309
404 45
156 347
35 2
123 296
101 442
314 297
328 261
215 472
306 282
5 446
220 51
106 89
330 185
150 251
234 7
203 407
249 307
396 20
409 310
361 471
129 109
45 197
288 386
424 367
104 225
416 450
63 320
370 496
21 383
473 345
57 497
123 332
469 154
464 106
363 394
201 234
24 416
19 280
24 46
95 276
318 361
409 8
439 173
242 261
462 222
468 442
477 22
70 266
120 240
287 13
228 336
74 45
384 391
476 397
257 355
288 183
8 57
150 79
471 55
484 461
439 72
212 178
487 422
7 195
248 235
400 42
245 212
279 34
119 79
259 430
444 395
460 498
352 212
362 398
239 263
279 209
443 483
127 400
456 229
229 121
121 389
444 372
31 265
442 76
46 71
117 285
44 414
105 428
333 9
159 371
109 8
38 218
81 354
412 495
274 83
351 402
255 438
336 141
103 124
485 146
159 40
177 277
385 499
352 83
237 252
472 341
267 112
128 283
331 272
150 208
231 484
73 34
328 328
149 323
299 367
152 60
326 237
193 371
333 369
113 158
123 195
191 365
482 403
293 324
39 240
420 420
259 242
351 427
151 380
454 150
315 475
304 59
156 461
258 143
257 92
428 78
86 8
296 305
473 208
13 234
463 327
210 195
312 417
223 417
253 395
45 321
97 290
473 288
32 396
478 317
321 204
411 473
433 297
447 448
39 106
176 381
252 348
157 384
119 32
429 90
50 190
140 49
250 116
391 278
276 471
112 251
9 327
29 49
32 193
349 380
279 273
428 345
134 97
451 427
297 432
275 185
114 273
471 500
160 469
432 30
211 403
281 307
205 126
264 241
210 461
96 214
77 269
339 396
131 105
102 23
368 232
442 494
244 192
473 410
272 408
123 328
454 445
34 64
471 388
9 158
215 126
130 139
84 489
99 318
71 35
184 315
44 170
252 339
266 336
266 497
252 319
302 179
443 467
414 475
65 307
468 316
21 31
7 82
181 332
52 172
477 232
259 435
407 90
33 20
71 325
328 183
151 132
55 95
175 5
391 298
443 452
59 144
265 10
473 304
497 450
107 470
451 139
226 470
104 210
467 464
206 376
269 73
98 400
184 26
218 86
125 163
356 91
382 251
356 246
145 320
144 97
167 353
319 65
110 239
494 27
42 7
189 289
166 499
301 488
376 300
243 130
168 194
272 278
8 74
99 377
347 408
23 52
27 221
478 266
401 255
311 123
46 267
415 488
96 64
84 427
459 448
356 197
26 464
59 483
384 140
100 225
386 175
327 241
339 338
37 422
150 18
374 468
460 217
45 279
347 426
309 43
377 208
394 459
257 103
386 301
12 88
61 69
127 397
250 84
448 43
39 127
388 41
387 155
351 411
347 157
52 58
341 108
498 2
207 114
242 47
248 183
43 362
346 222
375 319
18 478
266 106
260 438
22 26
440 246
290 264
135 150
132 193
374 500
280 42
456 417
313 145
375 6
353 12
347 255
427 50
150 459
33 180
237 110
391 457
93 396
242 119
147 332
108 193
86 231
45 187
311 164
212 314
409 50
466 7
41 329
59 75
352 454
40 369
249 79
231 123
463 437
375 479
273 223
135 192
345 390
51 111
61 94
36 320
487 456
304 394
472 83
238 165
173 372
421 356
94 444
325 490
263 206
171 216
285 247
481 56
372 430
416 17
476 61
59 406
55 372
227 38
219 150
442 291
28 447
226 261
359 317
330 39
466 282
241 193
237 497
38 337
122 17
29 380
246 243
239 18
329 175
274 121
215 396
189 368
125 230
284 457
455 407
98 266
265 305
425 134
62 206
4 415
203 122
418 126
154 62
121 238
473 196
330 123
61 34
244 285
292 366
100 487
473 216
35 490
63 171
484 41
2 453
4 303
52 432
237 131
495 241
38 474
122 79
3 78
306 395
446 496
416 358
8 10
162 49
480 147
58 498
76 339
235 44
496 448
187 396
315 113
314 164
57 449
197 297
42 134
15 69
424 229
392 413
398 101
71 157
37 222
96 139
147 11
445 173
144 252
249 444
291 196
173 416
161 332
227 473
119 493
364 286
73 339
370 208
316 385
132 35
306 283
118 21
233 344
437 413
355 140
271 480
468 277
444 87
114 227
52 61
71 387
116 157
449 141
354 393
109 73
76 210
179 290
476 369
148 81
480 52
477 204
65 243
255 176
263 375
394 132
84 229
458 468
371 102
49 21
251 482
109 392
208 295
5 178
111 257
160 129
42 18
481 356
477 469
379 371
263 463
209 399
490 346
128 340
458 329
454 244
136 474
430 244
467 435
127 281
226 5
215 133
9 388
475 281
71 124
485 306
473 94
467 138
200 11
254 7
458 219
472 283
192 430
412 449
307 311
385 267
196 171
404 317
138 150
491 142
9 486
268 338
440 376
430 245
478 464
462 112
21 167
219 188
409 390
395 441
336 368
77 395
158 425
190 411
328 107
307 445
91 149
272 491
116 455
43 20
116 218
415 497
139 49
453 450
287 90
186 349
256 177
2 23
185 237
481 91
273 196
473 465
74 187
313 258
484 318
71 74
279 80
116 446
197 424
289 162
403 63
310 202
413 478
499 440
330 140
477 99
364 154
172 382
395 285
260 268
210 7
343 308
124 0
275 471
442 201
312 339
339 87
239 168
67 457
441 417
214 296
344 477
156 105
218 471
60 185
330 369
252 494
216 327
219 253
124 334
8 27
463 135
472 391
405 81
316 392
235 354
145 206
154 93
281 17
248 228
156 147
292 226
105 493
273 152
73 435
54 374
429 489
197 269
112 95
21 167
443 40
164 259
311 66
29 456
202 61
376 78
498 383
495 60
437 375
125 3
432 191
494 138
437 283
411 208
141 339
264 334
214 142
207 439
416 464
484 52
363 101
376 327
207 138
80 57
453 307
69 319
195 400
123 472
258 205
161 261
162 427
357 250
466 345
318 237
161 126
303 210
334 94
362 153
150 366
439 249
263 224
369 327
454 366
315 383
469 157
461 380
139 144
490 377
52 217
129 134
193 150
197 481
118 327
13 94
124 270
241 279
305 459
161 203
276 133
252 9
438 182
205 261
473 366
432 423
211 332
259 187
110 297
399 455
455 243
439 154
436 350
454 358
487 222
423 247
45 99
275 481
16 33
238 6
233 78
318 58
386 295
466 93
86 266
416 107
221 454
197 235
385 416
310 135
227 9
437 320
486 235
328 363
316 161
339 468
315 19
289 54
412 31
449 130
422 478
333 43
183 42
119 358
428 345
241 226
499 47
329 22
77 260
126 200
88 463
419 38
103 74
390 204
262 25
390 140
75 71
330 303
138 247
258 400
346 313
337 24
496 382
225 130
275 404
192 5
131 203
302 489
487 496
313 176
448 233
147 464
66 182
492 392
185 125
378 342
307 100
144 315
470 87
329 141
6 443
65 47
306 24
300 117
29 321
197 364
124 359
279 373
147 299
188 143
268 238
25 41
133 193
127 105
167 24
76 201
343 350
114 69
402 211
103 474
395 123
261 262
157 440
462 460
341 313
379 346
481 60
112 385
376 6
163 464
36 116
318 131
213 253
225 40
150 196
425 66
353 89
118 33
279 189
224 85
333 418
493 250
94 446
13 337
243 213
92 121
0 322
71 261
269 71
340 452
468 92
349 369
234 121
43 489
454 122
99 32
465 487
233 250
255 82
199 282
121 117
451 393
333 360
75 216
172 285
120 85
77 301
348 189
44 393
131 40
197 460
81 458
49 255
423 342
325 9
149 283
409 212
307 421
194 423
345 142
490 75
239 419
463 486
321 102
189 376
55 283
399 122
59 473
80 346
97 10
296 301
499 415
32 141
319 391
459 179
259 347
206 352
480 100
451 113
471 129
26 446
183 250
439 294
380 268
322 383
52 166
144 486
101 130
171 395
228 289
442 244
338 155
467 421
281 314
386 187
177 270
439 402
336 286
97 240
57 174
457 330
85 79
367 349
411 30
208 48
202 381
73 323
259 308
369 314
212 2
210 209
120 85
420 4
473 482
367 315
53 246
246 226
256 99
310 35
46 354
394 76
443 353
207 321
57 123
264 489
489 412
211 407
232 217
385 236
415 479
233 174
444 102
140 497
334 68
228 436
301 353
427 65
63 465
383 37
24 91
110 367
317 153
465 115
417 413
491 271
81 265
438 373
43 266
413 44
269 242
63 59
207 312
436 161
52 118
226 449
321 355
323 394
131 349
363 135
29 280
295 115
381 274
288 188
376 174
164 89
78 495
30 218
258 244
401 50
176 383
375 484
322 377
19 136
70 453
158 114
188 337
320 486
67 252
462 335
255 97
336 331
312 467
220 326
359 279
165 450
244 50
127 373
406 23
425 166
36 345
154 464
420 67
216 382
151 128
25 104
403 229
70 395
63 373
423 338
236 425
383 126
327 331
426 309
463 101
146 70
111 386
343 69
118 105
160 385
258 176
138 381
8 429
16 402
443 456
98 241
69 180
487 16
216 418
129 261
266 415
390 73
330 401
11 225
306 408
430 465
380 159
474 229
49 324
90 196
392 141
309 327
181 19
54 456
141 484
491 130
489 8
465 286
158 393
347 83
194 442
292 374
227 403
406 26
166 37
185 1
423 223
207 383
152 197
490 388
122 258
398 195
107 190
13 444
339 148
448 96
403 465
431 131
121 55
223 48
388 324
395 250
291 290
120 379
239 382
280 262
421 101
340 221
471 215
447 2
75 193
99 269
431 126
399 480
16 475
340 346
446 12
217 353
50 353
458 107
429 467
350 201
217 36
472 15
175 23
497 446
19 193
278 430
244 271
118 57
252 76
362 91
157 84
385 412
87 238
380 152
399 28
290 416
216 218
350 28
373 352
298 381
20 238
112 290
464 419
72 13
493 335
165 276
250 320
221 144
213 3
365 463
371 275
429 202
429 227
125 494
224 434
486 231
138 477
10 285
453 14
54 361
7 247
403 458
30 15
336 151
288 459
486 162
256 480
5 483
0 483
419 278
220 95
58 402
102 171
339 438
328 184
13 226
98 265
445 251
240 414
390 234
108 316
197 17
33 454
15 212
290 38
160 254
444 468
136 133
133 120
447 465
238 426
197 453
167 274
304 302
342 475
349 375
402 47
235 123
461 116
373 38
259 315
485 236
50 418
231 279
221 310
280 416
334 368
360 406
390 379
394 428
301 299
131 337
282 10
165 154
485 42
47 452
68 434
86 494
347 235
90 374
443 22
345 401
43 297
221 51
372 245
277 475
284 168
389 471
82 100
10 247
55 404
229 374
46 423
85 167
248 491
263 262
68 309
109 139
218 125
388 271
298 422
449 346
272 119
319 74
219 297
50 119
309 174
288 181
232 386
164 131
29 11
302 496
201 74
413 203
131 98
5 190
247 32
21 205
320 195
144 220
492 454
91 435
370 391
354 133
300 119
279 140
75 458
228 483
451 55
145 459
178 249
440 254
428 382
493 119
91 17
148 204
265 79
44 11
490 374
66 164
452 18
403 74
311 302
144 19
440 401
208 199
485 225
60 152
342 232
87 460
479 188
268 314
236 75
384 420
481 228
410 309
35 143
321 10
175 206
43 18
220 234
260 246
487 53
226 420
246 262
147 107
394 173
431 318
225 277
0 236
115 321
440 159
318 393
203 235
492 275
354 126
288 321
496 4
76 268
82 317
393 135
439 291
252 314
200 87
190 400
299 399
23 184
368 49
458 268
272 350
333 405
146 303
307 27
112 68
171 11
397 149
323 431
89 64
345 259
46 25
17 82
214 272
215 265
352 51
401 70
377 204
241 398
420 342
323 218
54 252
487 287
54 388
467 286
93 277
291 370
22 135
427 121
74 473
148 24
19 286
334 271
336 273
296 278
462 481
477 177
187 78
120 328
290 211
461 444
343 100
206 416
84 78
203 389
494 56
446 99
154 444
51 109
453 202
249 280
6 425
82 131
381 368
344 132
268 349
233 353
102 113
109 447
36 104
390 98
383 264
480 354
436 486
338 338
190 317
176 66
376 461
3 75
224 452
112 19
491 385
98 342
288 364
19 54
126 137
15 146
42 412
111 231
174 294
27 439
86 176
149 225
456 252
377 437
446 462
229 55
440 50
198 353
140 5
278 119
13 411
488 175
290 325
384 248
365 128
72 332
360 183
416 117
311 183
22 58
388 182
99 395
214 494
187 265
380 223
45 78
458 62
417 176
270 25
91 243
41 255
313 447
485 249
220 187
147 198
488 319
374 323
76 195
488 398
39 424
480 446
331 355
458 23
346 59
315 225
320 394
54 444
245 72
249 376
275 313
84 41
367 426
180 45
443 334
200 396
355 197
447 393
376 270
14 440
265 41
6 125
433 223
463 418
20 248
342 432
435 154
149 214
178 27
460 490
336 467
407 83
336 96
37 368
242 303
96 197
160 380
465 77
403 6
393 323
194 267
100 248
355 139
183 225
44 238
413 450
175 156
213 273
437 479
439 133
177 306
80 9
494 422
245 481
68 45
336 110
203 217
121 331
353 79
499 176
212 399
17 209
52 134
80 319
296 243
135 307
391 482
0 195
406 346
81 137
81 101
344 214
47 485
119 416
30 378
171 475
202 214
258 208
448 450
130 345
234 379
448 441
398 316
111 279
231 218
50 339
365 499
169 211
436 229
433 191
72 432
469 184
352 151
413 201
250 96
13 306
462 238
105 456
410 21
112 477
43 374
17 88
393 395
119 373
178 346
214 471
296 265
291 218
317 208
78 402
158 381
178 233
366 154
77 176
170 145
452 478
17 3
48 273
336 55
124 166
190 98
319 171
481 178
192 136
123 115
260 207
353 337
328 267
442 426
294 32
399 232
235 494
28 88
132 204
471 267
355 406
51 300
125 6
120 87
374 33
314 91
455 413
94 252
188 133
92 442
366 70
13 259
89 195
48 314
496 302
417 431
175 479
452 64
36 236
74 313
287 357
110 61
412 113
332 249
175 439
459 417
60 370
96 372
34 479
243 281
272 409
414 443
73 8
283 336
196 462
476 472
197 416
434 116
379 498
209 323
490 193
403 379
381 43
206 238
458 444
339 299
290 134
334 388
77 338
356 451
42 331
439 333
470 89
31 116
382 289
252 172
182 413
238 309
178 378
120 257
413 132
154 80
407 214
407 65
239 230
361 86
40 20
185 425
172 394
459 411
129 398
62 203
365 65
171 196
168 142
426 323
7 410
384 198
186 300
236 24
405 54
346 432
21 80
490 321
368 334
379 124
170 482
142 390
341 402
489 407
16 412
464 180
495 453
284 13
176 135
388 101
4 166
353 474
222 114
437 89
376 468
90 179
11 174
431 4
34 170
498 395
113 249
366 199
227 485
100 8
150 424
434 53
406 382
497 364
403 217
289 32
164 288
34 154
425 55
30 27
94 351
496 90
251 258
168 346
132 245
491 242
475 127
76 321
295 95
272 353
82 487
280 168
27 226
420 326
182 423
399 172
274 61
361 165
31 151
128 49
410 321
50 253
150 36
159 449
408 48
436 190
465 152
428 499
174 190
403 434
97 454
393 464
238 394
341 20
490 491
34 163
253 35
305 126
238 27
76 349
498 94
436 231
210 13
194 30
208 393
59 14
488 451
228 229
443 220
204 150
285 134
106 264
201 130
462 206
433 128
365 144
451 96
320 204
85 339
240 229
356 56
128 134
294 399
315 258
256 443
143 36
163 129
209 368
471 256
170 103
389 307
37 42
77 479
95 444
66 127
392 360
296 279
79 178
398 283
124 264
22 374
356 390
448 29
275 374
262 196
477 60
140 260
243 184
397 128
320 187
377 35
373 463
1 372
493 456
475 130
40 111
434 212
415 415
446 394
151 340
107 454
186 482
357 76
314 271
48 128
91 366
9 6
421 228
262 314
411 430
423 483
312 233
97 2
151 430
319 77
290 203
195 201
312 418
63 279
51 332
385 249
275 411
135 177
117 136
275 203
488 95
218 323
272 19
257 344
438 401
9 39
20 375
99 156
10 147
268 37
234 250
139 7
493 448
313 402
227 265
281 329
254 95
403 349
221 451
160 179
423 373
67 241
20 71
417 20
478 487
102 155
346 25
321 398
19 348
113 280
370 467
254 229
180 384
148 184
174 10
422 197
257 415
405 313
336 41
351 110
74 158
330 365
263 463
233 404
400 190
405 476
310 304
372 112
477 347
439 232
428 300
343 264
263 430
397 276
292 114
11 232
224 352
481 405
456 372
369 301
325 419
207 492
263 390
381 441
479 28
240 488
223 468
100 149
44 162
285 112
412 328
367 203
343 28
185 336
106 280
500 43
265 419
173 398
493 309
182 125
485 416
324 425
149 423
397 238
230 153
459 92
464 39
421 420
180 210
398 161
449 293
422 279
162 496
97 484
65 17
78 97
441 251
320 246
23 316
36 225
466 106
473 450
473 344
83 343
328 229
222 363
483 139
166 384
351 404
274 330
11 27
217 408
169 288
197 483
290 250
390 182
79 46
7 117
95 91
230 64
297 370
441 169
298 179
181 388
71 104
479 423
164 17
109 270
129 453
139 210
445 268
500 472
358 215
341 225
447 44
473 238
263 236
11 423
368 145
368 5
70 353
360 495
79 279
332 159
424 341
276 446
118 190
318 403
40 327
79 23
357 310
111 209
494 161
9 15
221 344
237 36
21 52
389 201
207 272
80 197
35 71
459 148
241 253
176 422
128 269
374 335
77 106
3 250
105 343
438 369
464 480
248 108
321 38
437 291
199 401
185 129
159 268
455 462
92 150
223 79
140 411
229 289
27 32
280 146
493 256
282 121
148 353
477 12
152 278
351 165
66 279
474 482
173 197
64 253
238 376
392 45
372 95
253 121
238 290
374 63
58 302
68 149
461 108
114 34
327 284
266 375
298 460
317 29
39 269
416 486
278 28
471 138
137 414
226 496
429 300
223 219
164 332
319 375
194 271
315 79
468 123
279 49
412 84
128 223
354 17
24 15
162 345
238 382
254 288
206 460
141 310
381 117
180 349
407 31
338 330
373 99
410 494
271 5
28 198
131 211
181 52
401 288
90 466
69 263
356 447
493 426
199 151
462 280
159 465
223 462
292 49
91 64
236 158
231 365
191 283
480 72
175 473
410 210
477 481
247 468
372 216
498 319
32 279
423 345
416 8
219 111
68 160
189 258
458 293
329 439
326 378
465 213
96 37
23 445
60 454
387 369
314 147
11 257
216 27
394 472
208 16
461 205
174 77
335 60
13 487
319 338
245 252
361 49
151 74
170 482
234 165
364 371
451 460
153 301
370 330
303 5
385 141
322 27
325 427
125 290
71 250
373 296
321 107
458 105
21 500
462 432
262 205
160 211
390 313
367 240
464 494
427 329
346 440
62 193
37 94
139 32
341 102
204 192
266 235
354 227
118 483
250 21
181 221
319 122
13 74
339 47
223 464
197 162
20 291
170 105
358 467
29 146
429 165
346 333
159 418
155 184
427 470
271 288
173 215
444 34
358 89
197 332
354 41
27 73
96 14
135 30
117 88
277 58
226 163
76 451
493 200
375 373
440 375
355 301
27 483
68 270
373 332
417 112
136 457
108 392
381 261
278 312
20 137
400 137
175 6
144 277
415 318
174 415
192 337
153 293
174 220
426 131
418 117
24 37
194 407
55 37
11 251
297 91
428 274
58 365
146 399
110 316
400 280
241 328
293 222
477 304
372 423
99 333
466 88
3 49
359 339
243 89
327 23
196 324
461 308
244 246
244 263
18 150
196 465
201 260
66 4
149 292
45 412
171 244
215 425
181 306
70 139
479 166
183 145
259 93
65 241
40 176
198 425
419 285
406 453
209 21
214 392
489 366
429 291
69 292
122 68
269 452
45 213
17 108
54 441
29 91
153 371
394 135
442 256
459 439
284 488
305 59
383 196
188 217
419 414
219 369
436 290
336 480
324 496
4 58
161 24
173 84
337 191
395 338
461 134
37 368
415 33
455 421
330 489
464 166
205 103
323 179
73 42
29 410
55 37
155 463
317 440
172 429
231 303
433 419
111 448
25 223
259 86
181 10
191 74
405 377
391 418
99 280
295 123
114 436
384 306
459 368
98 24
159 370
290 117
196 123
434 380
240 454
139 66
3 380
414 457
226 301
203 443
79 154
341 267
23 221
399 15
368 323
194 51
426 2
474 482
69 351
423 443
208 105
173 444
113 355
124 287
32 156
25 401
188 329
136 402
205 422
412 276
322 129
59 276
160 189
227 4
117 382
348 116
17 210
228 213
69 201
406 54
120 256
255 312
353 409
277 235
70 257
328 11
155 46
216 334
10 483
30 283
383 20
117 423
420 102
410 114
333 198
191 116
442 480
388 260
304 131
483 331
474 420
223 6
312 361
0 170
123 111
238 431
399 351
357 359
36 311
4 60
121 484
471 325
156 251
310 35
414 122
383 248
129 291
478 58
94 391
261 441
493 222
142 291
494 319
84 394
460 456
4 269
291 196
112 482
426 310
73 473
350 86
387 300
81 177
125 371
34 388
209 385
455 492
98 119
236 157
321 469
90 71
476 281
226 247
143 435
100 374
414 245
405 30
56 110
483 44
294 164
328 490
403 401
419 206
488 240
121 128
233 340
409 372
215 230
145 164
179 354
174 6
53 376
449 180
80 25
454 499
56 490
160 465
475 38
124 55
380 376
210 366
368 321
85 387
247 427
475 247
126 241
195 62
69 233
25 299
142 240
445 307
463 326
435 454
384 210
365 291
244 92
223 129
431 99
83 492
266 409
363 152
76 260
113 350
284 458
4 244
1 247
172 144
157 106
477 185
131 196
179 35
366 491
384 483
303 44
352 193
184 440
422 373
291 270
456 290
60 31
392 113
239 489
74 48
18 122
149 291
461 70
453 200
197 340
471 60
451 493
382 201
455 70
77 66
456 103
206 394
176 363
280 217
358 316
331 465
321 339
57 185
243 442
393 291
173 449
202 468
199 110
78 424
305 207
151 7
109 344
393 442
380 253
319 427
189 50
138 475
255 328
449 351
150 297
91 47
51 34
158 441
160 282
344 121
456 455
410 92
99 104
199 263
247 256
278 226
249 388
421 255
207 218
49 393
128 477
165 314
377 24
130 379
168 186
250 17
292 230
278 209
471 92
93 455
371 258
394 428
499 130
371 76
413 108
133 39
152 266
52 185
27 162
97 342
145 146
180 189
210 187
9 299
434 197
220 185
160 491
171 201
106 302
378 350
431 494
133 497
199 12
428 253
356 468
383 450
275 258
115 101
61 223
127 439
492 188
174 201
440 408
489 75
154 328
30 491
128 378
208 294
294 369
326 383
439 285
134 40
38 113
119 223
363 317
21 113
375 251
390 135
314 283
210 158
80 123
38 135
74 279
428 25
189 132
321 222
110 339
237 95
201 312
366 351
295 282
79 154
294 107
193 260
278 489
340 483
18 127
488 18
281 107
392 323
393 179
409 115
193 146
472 41
30 351
185 267
197 145
100 448
402 198
27 130
26 302
486 42
378 192
314 93
46 362
409 350
139 382
151 337
409 72
201 338
436 174
416 181
419 63
323 330
336 461
299 457
265 3
266 238
218 252
21 413
330 154
401 210
82 251
286 172
255 412
409 449
346 294
242 274
208 292
260 461
105 267
15 288
1 377
479 46
344 101
23 99
158 129
145 425
312 38
28 14
8 359
28 467
183 173
125 475
55 218
390 78
52 469
173 374
396 313
69 4
35 279
477 75
38 234
381 417
269 82
5 394
112 23
262 303
243 154
47 320
111 379
409 388
179 250
254 357
227 181
290 239
470 147
137 436
400 404
477 86
360 81
332 255
44 39
207 39
92 59
76 353
492 415
308 109
433 303
265 190
420 266
123 252
455 233
297 130
194 228
99 429
284 438
293 208
49 299
302 67
333 268
24 175
389 354
11 397
488 3
387 1
226 11
167 133
124 261
209 112
219 447
183 372
414 470
238 386
22 263
434 372
11 371
327 138
390 178
36 30
294 192
119 323
144 459
50 310
5 214
294 486
105 271
394 60
60 360
101 500
208 294
184 43
290 308
326 41
26 320
468 301
27 390
291 213
214 390
108 412
99 162
450 352
454 103
72 53
434 119
399 487
150 170
402 226
386 252
447 327
276 76
456 194
15 242
337 315
110 51
316 96
302 335
304 417
162 471
258 134
293 283
107 427
261 155
423 275
238 99
124 82
184 226
11 266
107 139
103 64
483 58
346 77
426 490
116 429
62 88
467 50
222 1
194 471
204 487
282 98
332 159
205 297
109 238
338 472
340 234
401 246
356 143
16 107
136 14
371 310
143 83
405 83
10 63
244 117
116 346
306 7
439 324
32 304
355 342
487 189
342 354
68 158
122 225
365 38
330 134
189 112
406 11
351 95
334 411
424 301
292 463
367 453
67 323
165 251
118 490
44 377
17 263
373 413
401 122
310 244
191 54
166 320
8 23
372 82
398 353
12 21
67 240
19 57
205 114
298 158
275 221
163 147
102 297
56 166
88 339
457 325
35 420
122 469
114 292
130 408
211 291
470 452
356 74
249 407
239 220
11 123
326 361
25 182
264 284
258 173
429 255
55 405
81 268
203 413
143 69
49 225
471 78
166 200
113 94
446 239
208 429
156 499
64 234
179 405
87 440
407 467
250 319
205 117
86 36
21 67
420 39
184 102
379 201
129 264
419 33
386 459
282 294
443 445
488 177
9 407
146 35
68 23
322 308
233 486
417 67
366 225
358 165
351 472
341 440
388 318
17 158
234 217
24 212
438 357
131 418
494 176
410 221
326 190
106 477
278 287
371 3
251 320
249 401
428 355
141 388
299 399
489 183
232 81
446 252
387 99
356 163
105 73
249 100
290 243
204 372
486 241
260 316
439 301
395 293
318 405
51 29
30 151
329 435
365 253
323 185
329 287
477 16
42 85
198 139
305 76
412 411
200 188
223 131
183 11
344 500
103 53
105 82
185 275
227 83
94 38
461 428
414 166
442 372
130 47
129 182
472 131
445 378
364 4
178 459
357 136
267 372
57 70
42 444
479 242
145 493
129 84
445 427
193 439
71 174
461 422
135 230
13 119
351 167
418 399
164 274
429 380
112 83
128 254
82 86
249 112
67 458
50 190
124 83
372 46
472 161
249 88
145 270
128 280
69 476
239 92
475 98
295 85
248 348
249 67
197 485
202 264
206 257
223 116
163 228
249 7
302 333
60 373
319 181
36 488
392 442
376 251
152 448
47 153
6 275
149 313
60 138
127 272
419 457
389 106
152 220
411 330
373 297
224 271
190 322
486 317
403 20
321 243
375 213
332 319
78 205
345 473
253 400
229 88
164 403
283 46
10 124
277 398
228 90
214 398
479 223
388 331
370 53
492 464
433 178
213 473
327 495
321 158
244 458
115 44
131 339
391 92
109 280
208 368
192 167
404 259
277 91
451 332
282 121
245 381
325 121
217 390
19 128
288 51
353 439
77 122
232 69
414 400
189 132
292 140
404 70
168 166
300 453
274 15
77 115
420 451
45 405
473 384
78 243
378 295
406 150
456 217
69 60
206 137
219 499
100 315
382 383
207 430
66 203
329 49
290 47
443 36
31 298
360 50
451 100
131 12
477 387
305 81
302 109
271 34
436 263
254 449
394 459
310 375
93 453
278 435
478 101
321 96
232 44
351 137
126 65
82 439
10 261
215 351
491 404
15 24
129 468
478 300
239 369
392 330
445 153
169 24
98 448
284 98
366 293
47 466
488 292
231 492
60 278
403 196
453 382
118 309
48 218
84 255
70 457
236 6
18 478
122 184
370 301
450 495
449 112
483 42
294 68
200 156
374 166
476 10
24 325
7 134
192 483
126 295
267 290
319 45
456 388
450 473
140 93
195 460
234 146
302 306
411 484
466 27
302 302
137 31
160 34
365 477
162 262
129 443
409 236
478 397
480 415
101 288
491 332
338 180
38 294
93 369
465 122
224 432
351 68
454 54
119 473
23 344
280 43
43 438
300 163
185 417
409 241
272 188
458 70
260 355
113 264
243 315
72 129
27 339
469 177
69 485
90 373
414 267
415 273
66 149
195 289
205 44
376 25
114 396
334 407
246 180
132 449
95 287
304 492
211 376
199 325
23 235
411 333
217 58
341 135
332 233
51 179
112 259
23 387
122 221
371 352
491 112
187 70
7 74
226 461
432 120
400 80
332 120
419 404
430 430
200 451
184 17
334 224
385 361
406 212
194 467
345 164
421 45
67 474
302 162
268 446
63 41
489 460
149 189
352 52
136 402
178 233
147 190
333 57
85 25
272 301
378 278
69 236
217 425
28 359
202 474
148 0
97 72
236 162
221 262
294 147
151 75
254 322
271 314
211 459
24 219
462 272
146 343
425 303
204 464
25 43
110 312
381 298
225 326
470 5
11 298
73 301
358 284
199 231
469 76
381 2
153 177
242 48
409 332
414 377
158 108
164 467
319 77
112 104
405 443
217 45
431 171
199 373
443 290
64 283
270 495
33 69
273 429
352 56
120 136
326 239
340 234
322 301
235 69
123 404
161 496
182 237
404 108
492 110
10 328
156 252
10 388
92 252
325 198
390 268
477 183
238 299
403 258
9 190
447 215
456 114
487 429
169 481
366 41
118 160
230 315
433 433
29 350
391 236
396 407
324 422
360 390
187 208
311 103
203 295
369 259
284 87
235 204
106 369
11 484
172 74
287 429
164 74
201 160
355 94
245 329
240 239
400 140
438 133
347 456
264 138
449 319
497 329
382 198
78 385
271 486
137 441
135 68
182 39
424 479
497 122
390 392
402 463
445 191
49 464
305 450
113 47
153 270
84 411
455 296
383 455
0 385
117 308
312 195
479 225
161 127
487 3
38 245
420 118
41 356
123 22
415 407
222 165
180 184
488 451
45 318
70 203
123 376
243 161
141 345
282 254
430 72
234 200
175 433
421 242
268 278
486 54
180 327
99 332
429 200
148 356
273 258
135 261
34 83
242 111
13 398
96 450
166 210
201 352
254 410
438 164
156 9
448 19
246 193
296 170
88 76
5 211
493 273
81 73
144 174
423 447
27 125
120 354
168 281
309 124
291 320
279 26
268 266
467 236
79 51
125 319
301 260
356 342
192 336
0 36
67 308
155 481
318 451
140 70
55 70
173 300
379 110
14 160
177 153
111 427
365 324
380 352
182 213
296 237
147 271
356 266
316 185
490 291
395 480
297 299
265 184
127 195
108 415
362 212
298 492
345 308
177 258
419 244
430 332
219 441
326 12
194 287
83 29
210 454
349 8
424 286
47 403
276 486
55 21
93 168
420 60
5 247
445 38
339 112
195 205
274 242
293 217
80 459
497 358
312 184
146 464
155 294
310 121
177 420
339 264
155 186
164 498
82 275
304 166
19 333
381 398
100 80
59 43
257 431
102 364
172 128
145 11
60 273
414 254
398 436
485 78
128 495
198 242
464 114
85 409
223 257
33 106
312 428
363 12
35 32
21 94
333 225
329 348
406 408
103 5
187 395
189 74
467 256
64 342
203 437
495 392
77 467
113 284
151 420
447 377
424 95
0 174
129 453
310 15
439 459
220 33
280 228
259 77
129 20
283 310
254 490
265 3
486 45
369 181
428 57
240 197
157 67
371 121
435 0
435 49
57 144
192 249
426 393
2 38
294 455
336 141
367 379
452 122
430 68
277 469
489 448
347 237
40 30
402 146
104 83
366 461
261 493
378 101
286 47
316 133
480 447
240 127
263 224
231 409
56 168
414 170
398 197
330 9
107 175
293 224
408 236
395 467
223 281
177 289
252 415
462 289
406 304
33 28
6 53
186 288
349 440
9 487
95 66
476 399
124 122
123 458
308 266
16 22
66 414
413 134
4 133
447 500
238 50
116 267
262 433
78 430
383 286
395 145
223 189
122 24
176 389
98 186
181 448
440 424
156 77
251 225
17 392
469 33
160 80
212 1
310 345
66 333
484 430
161 15
36 435
147 497
456 425
141 262
295 320
200 111
475 309
428 218
452 466
183 0
133 379
100 194
50 94
130 149
403 43
427 245
371 398
492 254
367 69
405 53
349 310
87 314
175 13
260 171
250 154
404 280
407 64
363 28
110 54
194 423
141 151
388 446
462 20
451 402
168 370
279 470
244 45
25 426
111 443
246 0
293 323
74 29
227 343
194 461
191 148
26 396
174 317
250 208
205 134
83 266
407 59
440 352
28 365
164 291
325 188
365 376
219 123
174 476
232 499
278 202
183 445
6 244
32 460
184 198
67 143
270 468
472 376
183 35
127 235
399 470
162 314
432 15
283 297
443 290
117 34
68 364
112 403
347 253
37 312
174 237
246 308
200 61
173 291
224 116
15 72
99 277
342 306
203 342
250 253
459 19
5 477
477 228
155 253
93 474
465 384
294 89
256 204
202 436
157 73
33 111
437 59
51 451
451 65
269 172
451 473
13 285
289 193
474 169
39 302
90 125
252 338
213 220
71 329
374 233
345 160
245 44
12 94
30 321
299 185
20 439
460 370
291 310
238 335
404 414
428 380
18 376
208 495
69 167
302 395
277 53
392 496
380 85
202 294
28 217
167 200
175 185
227 174
417 187
111 451
223 434
84 361
173 98
133 120
35 33
445 258
328 183
69 111
233 366
309 410
147 320
158 267
97 104
151 277
163 206
255 174
263 50
495 127
74 244
293 57
125 394
268 175
363 166
493 488
66 54
246 416
458 430
162 259
356 110
375 97
254 75
386 399
5 336
60 68
293 211
482 258
340 106
357 314
316 480
400 441
232 9
411 203
15 330
461 123
187 453
32 478
444 55
17 135
283 362
250 51
296 157
300 222
231 412
46 465
318 420
298 420
265 168
112 4
245 42
321 208
113 57
179 12
175 76
73 410
244 243
27 352
75 18
11 248
26 460
240 48
157 422
353 253
475 391
8 126
315 82
460 149
479 395
471 38
217 174
199 213
425 235
242 7
440 279
70 453
315 219
383 203
411 31
405 159
37 90
1 464
118 434
96 321
202 195
435 461
335 13
42 208
22 414
229 321
66 334
36 7
349 54
453 353
197 434
485 406
305 455
487 350
65 365
387 495
494 482
281 65
483 24
367 339
446 486
227 99
148 397
389 449
213 142
488 278
132 127
219 10
22 409
30 446
37 158
473 194
149 229
373 497
182 372
114 187
356 25
403 327
359 205
185 392
202 452
188 439
246 210
418 332
188 357
410 463
26 389
432 113
373 244
104 194
474 17
282 422
308 21
345 295
284 37
494 269
445 415
211 221
403 151
498 280
115 85
13 58
162 181
165 8
362 8
61 476
363 488
433 266
445 7
394 139
407 147
336 203
437 200
301 388
82 17
483 469
124 72
33 132
342 413
268 477
202 200
228 242
271 110
194 435
45 318
76 263
296 348
374 211
44 41
187 408
128 281
173 301
374 478
177 377
138 338
281 154
493 319
357 299
142 294
277 283
498 57
249 3
82 297
474 268
270 17
169 57
410 426
403 454
100 488
20 476
306 330
69 270
43 273
335 468
110 259
378 246
10 171
240 133
212 122
89 134
497 437
320 393
403 152
472 226
6 11
448 475
110 398
274 15
243 289
323 326
85 207
155 353
296 366
200 223
39 433
418 119
228 346
202 220
36 371
85 212
229 332
254 181
97 379
500 205
367 459
356 310
130 455
200 307
105 62
252 251
253 129
406 379
305 315
185 306
387 63
395 435
464 402
14 60
25 125
491 482
126 253
490 389
46 277
296 282
137 430
207 170
13 475
102 319
382 152
56 439
68 167
214 14
488 314
369 330
290 320
320 273
371 159
426 246
104 483
218 402
102 129
276 317
126 32
279 82
106 100
66 415
298 493
368 8
367 72
100 101
40 8
272 458
126 74
2 258
345 53
224 281
24 166
451 344
447 281
99 407
426 11
397 351
423 34
355 54
251 148
98 481
277 115
241 225
377 286
253 266
390 7
477 456
410 106
360 6
14 40
22 324
476 261
1 153
268 181
168 330
392 350
342 398
152 73
217 1
419 52
283 181
381 229
215 162
380 383
277 305
50 464
287 298
358 359
51 288
343 281
0 343
360 389
149 89
241 485
190 40
413 38
311 306
152 141
170 424
329 99
369 94
71 457
87 497
212 441
341 127
42 412
139 179
283 314
162 419
298 471
41 500
152 173
235 379
455 20
316 352
446 180
232 195
0 342
237 173
277 101
362 160
402 163
406 85
127 19
244 295
155 178
90 67
68 177
453 36
373 140
75 193
266 40
34 0
6 171
190 362
1 120
360 111
500 175
15 57
449 487
499 263
423 36
55 212
116 372
373 252
345 498
222 103
489 194
478 83
282 423
442 337
52 294
86 212
394 369
194 310
144 393
380 142
236 198
104 307
386 48
135 322
171 229
265 72
18 425
486 494
451 430
299 491
323 117
452 441
274 464
157 73
306 250
107 447
70 152
403 105
335 147
231 52
171 443
426 252
9 294
8 18
4 23
82 282
187 69
76 346
181 437
276 106
102 334
423 113
419 385
474 337
407 285
52 479
88 378
82 390
157 55
151 58
450 47
227 120
185 194
343 182
418 258
472 226
57 228
308 325
424 467
497 230
212 104
247 271
269 104
154 349
324 342
58 20
32 12
426 39
76 57
233 260
436 482
486 476
160 175
173 244
353 428
9 2
7 500
324 420
170 33
369 175
273 406
263 83
281 261
475 147
285 266
214 112
316 320
438 177
261 448
200 412
150 180
473 378
419 211
263 16
280 89
275 193
205 25
196 139
430 401
69 43
309 89
134 106
486 175
433 176
156 492
0 344
499 199
423 406
222 135
290 291
20 479
489 481
153 293
395 489
14 151
30 470
492 482
110 468
476 14
97 7
233 422
499 233
472 342
296 454
156 283
73 21
371 138
66 195
424 343
442 359
279 114
149 440
322 87
156 178
498 332
352 498
246 147
227 261
93 430
304 407
277 123
36 195
397 473
88 410
50 132
348 465
352 21
335 234
60 443
341 298
430 420
115 349
444 370
447 336
266 56
125 484
76 64
254 331
76 120
128 114
338 272
120 361
242 174
15 118
109 324
162 4
255 431
79 437
241 159
114 1
290 241
89 94
455 47
109 419
416 418
275 487
123 8
469 4
349 427
443 133
306 136
324 151
185 450
66 384
68 151
265 197
400 270
108 155
238 329
393 7
164 253
49 185
168 385
211 382
14 291
2 86
343 184
228 159
297 259
356 1
86 370
166 398
407 118
391 22
285 354
311 264
162 474
38 421
47 484
356 11
357 281
272 398
346 436
152 266
96 422
282 145
125 353
301 227
116 262
213 357
113 129
65 271
143 438
203 417
151 402
200 333
44 3
496 305
40 84
103 461
29 382
376 450
399 22
377 304
306 403
226 15
180 399
314 219
252 314
400 174
377 137
307 154
22 63
434 188
172 392
269 435
248 165
383 56
239 228
337 468
281 263
485 343
102 112
53 332
364 181
142 360
499 440
104 466
121 241
322 186
351 258
444 155
66 208
60 73
124 145
34 389
82 141
159 10
320 54
142 141
191 287
410 44
464 345
13 39
340 231
296 94
201 140
101 135
470 350
176 222
347 97
400 294
317 85
429 145
19 198
467 341
148 339
419 198
201 37
183 353
238 118
386 173
355 490
2 290
351 98
227 439
262 20
219 252
401 324
44 360
377 68
387 48
206 456
427 67
134 179
212 269
198 497
406 451
70 315
404 349
321 421
132 252
219 469
459 75
146 231
245 378
3 329
179 285
320 435
141 51
230 179
417 480
67 353
267 482
96 209
19 186
216 415
300 359
445 35
168 175
124 204
322 200
361 176
89 253
142 25
436 63
418 92
218 176
224 287
15 222
79 309
276 421
424 156
23 58
172 47
280 323
112 171
161 25
436 233
231 383
86 26
352 69
25 48
352 412
322 218
175 152
383 466
91 309
244 140
492 92
231 151
137 164
114 57
436 163
440 23
219 318
443 397
324 56
254 167
59 369
73 449
433 362
330 370
89 40
490 358
32 258
6 297
486 396
69 268
471 94
226 267
37 324
336 106
201 165
475 188
229 378
396 398
225 158
67 98
317 58
239 470
150 167
331 183
90 325
33 86
319 432
413 139
75 366
225 107
387 293
360 15
110 77
80 178
371 415
277 282
275 137
63 49
358 12
484 209
237 406
162 88
230 231
304 118
220 68
107 372
312 487
430 408
166 401
490 66
376 472
123 290
55 407
327 120
297 253
348 318
72 200
257 257
254 442
478 126
79 62
136 154
285 238
340 181
259 65
449 331
7 204
194 342
13 301
323 443
325 390
447 127
204 491
146 465
273 1
58 267
305 122
160 343
314 288
383 129
240 316
219 73
203 411
450 263
59 92
243 424
318 183
403 125
57 217
40 189
437 205
312 343
370 29
393 466
407 243
426 450
254 36
31 324
346 484
169 296
427 386
423 268
53 143
107 426
242 254
371 363
494 68
314 309
429 41
354 386
83 309
440 349
266 249
398 57
177 9
193 397
255 99
186 240
487 396
244 302
463 308
111 243
35 377
384 390
75 261
9 0
416 77
365 271
126 119
166 153
246 287
171 430
187 439
393 148
127 363
416 136
51 310
428 237
465 337
30 189
223 343
70 454
469 258
103 43
126 255
36 263
460 132
73 134
21 121
357 468
98 91
358 80
390 497
283 339
182 346
401 364
54 44
322 320
391 257
127 420
360 229
479 268
338 207
456 354
94 149
494 316
193 394
458 319
272 412
417 25
94 463
113 304
363 202
448 315
157 1
278 486
120 410
112 306
61 408
463 64
416 288
122 309
311 371
351 480
9 89
396 159
251 432
19 334
485 474
60 175
255 1
213 325
435 359
153 218
387 264
280 126
65 378
202 311
327 316
455 475
216 400
287 142
85 0
124 191
477 135
238 89
123 427
234 106
143 237
407 371
50 175
140 436
51 435
486 425
433 84
194 388
59 225
143 482
446 192
76 496
99 451
164 220
46 200
489 225
26 133
367 136
430 214
31 387
432 15
373 150
355 174
344 195
112 107
473 159
395 247
359 317
498 385
429 221
162 197
367 270
499 174
86 139
26 208
500 453
232 30
211 204
378 43
471 232
222 472
492 203
176 11
330 273
278 334
299 470
175 438
28 184
106 482
269 339
427 12
402 462
112 81
348 77
105 290
393 190
212 89
126 476
319 114
113 408
359 457
329 473
95 281
397 86
231 10
498 431
248 410
273 431
467 121
276 118
112 209
7 234
83 378
349 182
54 391
192 271
195 163
166 500
434 347
92 337
298 458
77 408
270 469
224 34
296 130
96 119
185 2
198 355
104 35
191 198
254 97
110 125
439 351
259 17
203 429
396 337
362 495
38 429
116 55
16 321
108 494
330 298
56 194
476 101
499 467
121 24
16 282
462 406
1 320
108 336
399 114
55 235
478 71
434 91
332 194
44 418
256 43
94 173
307 379
122 115
200 468
441 151
403 179
14 243
22 479
259 10
467 415
377 412
308 125
239 467
221 258
30 7
114 162
389 425
201 259
458 397
195 492
217 457
73 183
129 24
427 32
455 5
53 160
477 119
44 255
157 478
473 234
457 32
57 30
106 267
257 86
219 352
215 83
3 164
296 328
116 482
328 460
373 281
147 421
425 448
199 160
127 134
170 42
49 390
56 337
28 60
445 458
302 68
81 488
380 399
295 443
274 387
114 270
148 357
496 252
402 397
79 499
107 257
349 4
243 71
462 175
271 11
232 463
420 66
70 151
70 188
295 251
260 378
104 270
341 243
444 304
288 467
464 310
324 496
164 253
454 187
152 162
79 247
348 437
265 458
475 458
449 313
392 468
493 199
186 449
130 398
88 313
478 361
172 207
140 255
45 223
52 356
124 463
113 382
323 23
249 80
387 381
20 146
42 135
492 190
458 414
335 182
60 365
223 133
473 258
90 337
472 268
311 328
150 482
40 253
203 72
60 141
62 468
169 241
140 218
98 288
51 418
391 475
139 80
48 130
102 276
444 24
155 329
86 391
277 33
393 488
231 264
222 98
141 253
138 110
313 44
374 420
477 474
409 291
66 491
336 493
364 386
162 428
198 59
280 482
137 263
78 73
325 360
96 439
240 475
188 454
226 345
166 96
190 13
163 487
436 479
81 318
86 498
413 260
23 279
318 430
273 403
114 386
163 10
393 8
241 406
483 211
474 298
3 440
45 440
216 55
436 47
266 179
199 303
247 409
23 377
5 30
192 363
48 78
295 233
400 326
250 116
32 453
482 415
56 472
431 86
431 65
68 82
455 297
89 399
378 460
32 55
242 63
0 367
438 230
221 434
269 360
246 429
475 245
341 93
367 239
10 178
35 443
448 193
409 184
75 409
5 493
228 406
335 357
217 24
486 286
184 449
220 165
166 66
248 128
76 10
116 96
216 113
415 424
158 152
403 152
445 2
500 412
344 458
249 151
336 232
25 136
108 5
205 488
365 145
291 186
103 93
193 149
217 406
166 200
291 349
457 25
156 2
326 228
412 330
444 293
396 391
180 263
28 276
404 94
477 465
88 310
180 20
52 132
52 114
95 245
264 314
126 329
388 354
486 283
362 16
347 271
474 241
240 33
302 98
13 211
173 395
344 411
181 424
275 427
305 293
465 102
21 240
315 216
301 131
360 242
197 465
18 345
423 188
182 155
335 6
178 353
98 42
478 440
79 348
358 204
174 397
364 114
110 155
152 159
212 421
318 304
47 117
218 4
464 310
347 13
190 320
495 404
120 196
495 34
177 255
318 246
444 246
406 93
445 88
386 393
110 136
257 298
420 427
19 133
3 75
63 42
333 326
20 44
96 41
355 352
444 21
487 378
1 398
279 55
104 37
411 34
221 225
422 194
162 70
386 348
26 235
119 37
212 1
258 421
431 444
27 204
438 72
418 25
64 211
399 416
222 115
229 400
55 197
494 379
489 336
295 325
462 448
437 85
354 2
293 496
90 474
113 431
17 190
93 47
353 234
143 156
368 78
143 241
392 241
25 415
351 473
43 148
35 60
131 5
91 415
291 477
61 410
99 78
427 104
74 150
412 30
259 391
128 192
58 115
339 1
191 189
474 8
98 37
37 158
159 228
296 233
445 375
257 157
225 323
465 281
65 430
195 440
21 360
104 176
165 264
375 403
29 235
445 243
438 462
459 422
98 320
346 110
337 227
350 230
313 314
287 395
467 88
376 370
425 121
254 445
340 188
322 41
484 103
445 308
263 114
105 424
249 476
397 416
249 403
348 192
112 347
247 110
399 296
276 13
42 262
373 98
153 413
219 380
459 138
12 33
353 415
11 294
460 72
90 46
471 289
360 79
120 150
156 56
98 164
437 380
121 53
213 494
146 15
497 219
80 168
333 455
144 115
145 456
237 487
394 27
225 66
240 211
481 464
405 184
67 96
330 336
319 76
335 227
160 167
321 498
315 258
63 220
31 19
179 271
216 416
263 113
390 104
425 144
213 61
24 157
24 55
473 314
0 452
338 218
258 119
55 330
27 226
134 43
137 221
301 50
338 39
485 230
63 177
497 223
47 153
345 440
129 317
497 252
220 24
422 440
164 68
79 381
1 493
142 279
411 219
452 115
298 329
77 417
275 202
449 40
467 359
330 315
465 14
467 405
83 239
113 352
467 111
264 298
248 128
144 242
308 47
76 233
116 27
435 184
482 17
172 229
232 342
72 454
102 41
15 86
338 74
94 2
407 222
386 88
437 405
133 252
20 140
143 333
100 378
280 289
264 402
154 223
227 191
157 297
233 138
149 403
443 446
172 147
118 281
37 242
267 466
52 304
178 118
254 424
365 17
19 29
391 429
149 23
34 98
305 244
312 255
362 320
364 371
475 212
76 207
164 286
141 471
419 71
124 132
106 114
379 361
152 203
280 17
123 227
32 322
22 7
393 324
97 43
54 19
498 47
444 72
262 71
481 249
212 224
109 104
23 69
222 97
369 298
473 8
5 110
295 401
86 268
387 163
25 316
85 137
28 413
338 16
369 371
434 413
305 87
6 97
188 188
400 254
243 34
360 38
479 55
116 370
275 329
215 477
143 71
295 314
242 233
215 128
124 465
259 143
208 460
289 243
302 215
146 221
138 331
422 360
344 107
257 128
427 339
143 201
430 302
3 258
357 29
241 83
458 134
30 135
89 66
379 338
73 309
474 131
412 144
380 492
466 142
317 378
486 153
305 391
329 43
158 357
271 227
408 22
48 0
53 470
456 110
336 166
476 343
357 84
239 466
382 213
163 33
86 390
320 133
282 144
364 121
139 118
182 400
153 437
167 486
148 10
80 7
394 7
85 384
152 138
256 7
40 177
99 306
199 340
156 177
315 396
123 209
399 404
198 391
360 92
283 212
249 274
420 492
267 81
382 363
454 170
83 395
185 229
484 177
169 225
3 240
368 131
487 9
223 438
106 406
121 229
223 229
16 346
122 140
360 181
482 395
32 227
418 98
428 403
29 492
282 123
283 469
141 336
344 10
377 496
417 327
188 474
94 71
477 355
312 362
0 398
455 360
371 444
40 407
144 224
109 144
329 450
205 44
402 322
331 474
82 345
185 314
83 187
33 12
88 305
278 441
348 484
74 230
269 140
401 479
432 130
383 112
485 268
96 451
121 52
168 469
361 184
432 268
394 130
48 108
338 184
421 500
500 298
132 490
370 187
126 162
461 43
241 393
164 26
309 456
21 345
220 381
489 222
89 241
246 265
462 304
475 166
46 481
286 274
99 500
144 195
220 191
77 14
205 453
365 437
97 158
446 219
264 339
230 417
402 27
103 348
193 141
213 416
440 20
245 268
77 407
118 453
86 56
119 50
289 430
89 99
322 378
206 231
25 88
85 390
159 243
281 23
475 497
433 51
306 455
89 223
38 405
359 158
65 283
63 267
140 387
397 55
385 367
433 265
430 424
54 410
178 238
407 252
154 497
284 352
100 78
460 172
497 188
131 25
489 238
176 478
483 292
324 360
433 324
153 485
166 416
481 407
6 311
498 58
490 80
307 327
243 263
281 132
180 294
420 125
274 46
478 493
211 124
463 385
438 182
74 18
181 452
84 221
467 61
408 307
223 180
139 361
396 225
494 45
443 353
192 370
233 412
303 213
431 397
401 153
124 68
43 312
2 400
377 317
349 408
88 265
473 178
244 59
276 200
11 418
221 198
159 398
324 18
383 436
442 19
434 185
436 487
20 93
85 320
79 439
41 367
449 343
469 437
299 165
399 140
465 268
212 358
351 223
386 49
156 161
6 445
297 135
214 346
333 147
411 455
461 87
34 10
347 109
192 419
434 139
7 76
243 457
467 145
105 486
314 97
15 81
436 176
399 17
471 266
450 20
304 181
11 350
431 122
102 248
61 329
381 373
343 201
95 459
234 190
310 429
268 185
377 369
247 44
462 281
382 379
302 172
174 443
381 266
141 234
434 212
444 115
475 87
19 181
448 186
62 450
142 158
344 126
296 454
297 360
393 176
331 311
21 344
197 100
0 218
220 337
208 145
313 160
280 83
467 258
244 426
500 500
397 21
182 300
435 37
55 262
251 211
343 451
215 476
296 404
99 202
57 189
240 460
214 181
230 15
123 293
326 427
416 49
360 294
166 260
322 484
500 76
78 388
302 422
1 342
203 167
455 122
48 414
423 140
295 459
206 121
368 67
7 383
458 282
253 476
455 347
431 91
215 438
303 222
421 187
378 342
475 325
63 258
261 239
478 312
92 117
225 330
391 223
352 469
192 3
454 135
58 5
214 128
58 395
175 166
116 308
249 155
29 432
338 81
273 500
366 59
109 493
250 94
159 139
108 157
364 246
48 305
498 138
68 214
270 490
333 219
240 300
382 0
51 441
352 153
153 291
209 64
33 349
119 145
284 190
415 242
163 332
156 331
287 189
334 306
310 62
445 376
283 140
238 140
303 10
22 168
472 453
411 299
93 102
346 446
107 413
107 151
163 203
304 356
326 218
363 493
309 326
107 115
67 12
390 45
268 375
499 17
330 72
156 469
447 28
243 265
153 489
92 163
304 361
130 226
455 374
354 167
73 355
298 79
132 317
458 215
110 497
415 470
284 353
41 167
234 445
408 261
149 373
13 66
435 188
0 243
465 228
180 393
121 303
38 234
117 309
55 278
234 424
458 252
99 126
399 469
345 407
276 358
166 426
281 23
350 292
60 439
382 154
95 440
156 9
212 401
385 218
184 361
134 377
139 198
125 78
119 191
397 198
241 428
412 486
402 287
153 50
314 32
56 44
163 356
469 212
3 482
292 494
118 300
451 382
100 453
465 436
192 337
217 34
32 158
79 130
179 67
296 23
245 147
339 222
284 241
307 36
54 458
362 458
417 338
375 495
94 460
224 316
406 480
293 46
34 262
463 283
473 17
58 160
179 326
491 306
82 204
485 414
376 280
371 456
412 139
425 285
67 362
332 55
80 152
283 288
409 255
416 498
49 319
400 456
173 149
436 52
235 9
93 100
123 151
222 53
83 251
170 272
205 45
21 29
87 373
303 26
122 260
93 39
370 254
59 98
420 498
387 232
280 426
356 407
120 113
344 245
211 89
479 14
254 397
84 47
420 221
331 207
442 60
245 395
409 248
276 325
445 87
409 457
95 128
26 336
227 92
343 67
433 19
30 195
92 308
64 467
126 51
43 416
443 286
274 334
253 220
326 434
350 207
27 308
382 293
495 371
327 482
204 468
456 72
151 243
179 407
38 438
48 299
346 260
282 123
54 456
436 47
15 400
29 394
327 22
53 423
109 336
299 275
153 317
159 275
214 108
342 364
58 70
348 339
286 293
175 248
399 60
448 477
258 92
103 286
228 220
303 218
164 371
154 456
58 426
126 102
38 22
227 345
447 80
297 55
4 427
470 407
245 349
185 111
39 311
492 237
301 60
81 363
439 356
17 491
283 162
331 242
285 339
201 318
58 93
143 139
463 14
65 392
34 114
206 433
45 328
30 405
388 66
284 275
50 83
266 307
259 469
258 136
71 249
55 271
400 194
382 59
344 261
406 314
157 376
36 196
106 79
154 221
50 246
215 340
31 386
292 417
358 165
133 246
499 138
382 150
250 90
226 37
473 53
452 122
469 34
22 407
230 385
357 404
225 155
348 13
37 40
103 290
370 479
137 418
142 22
36 377
394 394
193 72
265 10
352 152
58 41
43 113
63 187
263 51
168 186
149 261
391 317
101 294
33 303
302 367
372 82
349 15
40 234
161 349
63 126
128 36
268 101
352 334
79 146
3 455
196 290
499 190
12 77
375 55
500 211
236 8
340 308
366 428
419 360
173 402
22 57
125 379
51 239
496 201
3 192
126 281
40 195
475 86
467 254
346 378
180 396
267 249
474 247
255 69
235 406
164 470
254 137
340 361
13 202
301 485
316 106
47 376
347 138
241 331
302 149
346 194
335 488
8 383
44 49
24 170
262 444
283 218
12 55
293 277
13 46
436 306
361 263
151 371
386 283
125 281
265 319
399 5
192 409
245 227
211 308
473 195
329 112
29 109
106 120
36 57
272 490
433 227
132 249
385 449
479 122
63 142
456 180
498 255
169 219
190 147
148 6
98 140
336 5
29 96
14 211
372 113
161 260
202 480
498 168
412 359
363 262
145 370
88 150
254 494
85 115
44 494
307 404
110 16
330 86
367 493
463 16
393 297
50 483
100 380
437 142
340 234
60 24
184 459
86 271
143 309
434 98
164 485
139 371
131 311
367 65
212 279
365 306
146 489
118 322
343 128
332 433
8 401
4 211
33 130
156 58
218 324
487 249
5 165
480 186
374 118
125 164
163 34
90 234
140 367
166 122
284 464
479 109
458 280
277 264
234 54
6 463
327 31
54 15
31 263
63 420
136 231
434 105
212 482
489 438
187 155
349 225
448 405
109 169
98 213
12 54
116 346
123 52
284 157
110 82
492 253
278 15
49 311
160 162
24 458
37 141
269 337
37 112
214 307
371 304
102 249
30 463
86 178
319 371
498 29
431 492
442 93
344 323
282 464
330 394
309 211
154 262
440 448
180 323
424 225
431 430
123 349
295 427
62 103
436 286
370 458
470 92
463 461
74 483
335 152
467 324
186 212
178 7
138 258
70 41
156 132
274 278
293 449
283 381
268 152
195 58
392 118
40 161
473 344
378 273
243 183
186 436
221 402
435 254
145 324
309 16
222 234
356 224
29 48
335 458
133 12
147 81
448 308
332 321
139 191
471 447
273 35
48 367
59 324
431 289
21 26
196 326
386 116
26 268
153 483
497 258
299 402
317 361
156 447
131 497
217 145
271 115
443 135
326 98
185 334
487 302
216 35
476 451
465 14
328 494
188 327
482 492
266 364
282 64
256 432
69 86
19 409
89 263
100 492
364 215
55 242
494 72
384 105
59 493
350 225
24 70
88 291
18 451
404 364
295 183
163 406
381 247
67 372
196 2
415 406
120 318
431 197
477 281
52 158
427 125
303 403
96 189
384 323
208 24
127 383
17 369
1 25
461 75
491 413
396 293
1 192
137 46
470 215
61 443
139 401
313 330
176 164
151 17
417 68
484 77
59 394
378 42
126 285
395 101
105 455
101 95
150 394
223 417
426 360
183 153
150 139
123 492
161 6
253 254
209 294
225 38
384 236
240 433
309 377
250 228
414 6
114 248
294 327
457 488
86 473
78 48
109 276
12 222
335 184
151 342
237 323
256 191
18 455
143 391
290 316
199 82
25 411
25 112
273 137
389 72
282 40
79 181
278 309
256 470
146 42
65 254
105 20
39 247
103 129
138 32
298 343
204 138
130 477
246 144
325 11
483 393
269 341
91 195
40 401
216 253
257 117
2 339
358 288
34 428
148 148
12 362
68 17
345 147
298 395
271 451
87 393
293 251
111 239
228 490
73 225
419 404
419 16
430 27
393 446
445 90
345 495
414 367
428 293
54 260
412 172
168 258
105 478
72 341
386 366
63 284
317 342
371 459
458 409
352 249
224 3
452 65
27 128
346 494
175 241
382 83
78 246
437 481
137 462
311 202
456 394
230 194
234 74
397 1
325 14
187 201
77 262
435 6
169 236
223 52
142 84
438 132
188 103
182 21
2 128
57 414
34 21
244 473
79 250
154 125
52 147
75 102
317 141
321 485
176 470
134 467
397 194
139 58
476 254
236 40
256 304
314 164
283 317
415 175
408 156
310 476
33 460
183 211
162 251
384 173
451 95
266 432
103 469
257 359
309 430
377 251
70 334
77 384
130 231
456 277
214 355
222 379
245 255
332 437
263 45
460 323
133 309
176 405
336 351
13 3
215 354
306 276
32 10
80 274
222 346
63 141
84 180
168 314
125 346
186 332
1 200
252 362
460 51
497 144
365 367
341 371
370 500
78 396
68 123
334 223
79 325
305 305
306 40
68 382
194 242
87 455
22 279
195 280
26 341
215 13
332 375
288 110
467 439
362 206
158 373
240 331
165 169
372 156
342 359
487 61
211 434
52 220
63 10
486 400
449 420
317 454
377 287
334 79
419 416
474 297
42 471
91 149
54 437
245 343
419 35
217 201
392 304
370 59
235 328
60 349
72 155
478 500
22 355
70 429
418 92
307 78
409 384
45 124
297 69
445 223
411 258
314 15
226 312
301 417
150 419
213 86
452 96
340 436
372 260
162 466
487 463
237 445
164 27
89 14
484 310
180 313
214 270
392 481
444 45
202 247
266 130
180 16
364 129
349 233
273 391
126 314
117 68
448 173
499 304
465 159
38 157
59 328
111 370
285 243
385 186
195 223
287 497
358 347
392 266
174 163
116 371
355 263
320 146
205 147
412 79
62 278
185 14
35 494
139 46
231 293
321 127
257 469
258 318
109 268
437 379
417 369
80 429
354 178
304 443
180 75
60 3
147 478
169 379
413 486
132 68
283 467
45 56
239 491
371 137
442 1
377 327
433 96
444 203
65 167
303 487
219 141
321 349
376 29
416 20
265 279
268 62
384 264
367 66
460 133
392 222
220 90
122 228
484 285
46 264
471 5
112 307
424 97
155 423
50 405
286 291
317 311
20 171
189 31
75 3
300 282
385 266
166 273
310 120
283 378
198 406
237 155
465 62
453 355
322 456
418 219
81 74
96 386
0 317
464 489
245 438
4 244
485 324
41 451
491 300
184 488
186 63
301 456
7 265
421 37
155 364
469 295
435 481
195 302
88 159
401 37
140 433
224 385
219 251
388 117
318 121
90 401
332 193
134 366
32 112
306 236
126 302
174 295
63 43
115 106
166 258
403 194
369 284
106 82
485 261
66 199
490 475
32 334
157 488
245 85
345 290
141 59
7 487
132 139
106 281
131 56
423 15
375 139
6 110
128 395
112 15
241 108
432 50
402 107
51 319
29 18
435 353
454 189
20 113
188 209
368 223
113 4
215 347
231 88
439 433
365 147
96 157
422 210
479 9
161 418
2 4
28 376
387 338
230 4
276 228
397 152
374 387
299 364
153 205
424 237
342 275
98 221
81 295
159 486
362 272
447 177
271 20
126 306
21 457
146 386
184 136
238 186
296 456
29 128
271 420
370 41
151 237
458 323
71 222
124 202
376 126
14 80
20 81
58 480
235 148
248 12
364 300
77 190
103 202
382 323
485 46
6 341
274 158
215 280
184 320
499 278
329 203
185 2
235 386
27 257
35 395
231 195
110 129
89 415
252 424
133 132
319 478
396 284
15 276
456 18
358 110
245 185
227 456
360 375
267 225
229 169
78 376
189 189
384 460
28 217
157 338
28 355
450 37
171 367
186 83
143 331
366 107
173 189
331 126
259 390
62 486
107 450
193 375
437 469
46 432
470 107
453 153
29 12
239 187
79 284
91 434
167 239
128 295
111 96
130 313
487 181
25 76
34 465
302 354
447 359
420 339
369 372
148 233
374 49
374 326
263 357
60 66
123 416
140 330
369 116
392 103
474 10
235 113
225 288
11 113
139 42
275 146
452 394
462 322
373 365
160 302
298 44
274 219
59 196
142 403
411 257
263 196
489 260
129 22
158 396
279 25
123 199
411 283
59 487
31 421
478 265
316 51
457 437
332 277
326 465
453 379
86 11
67 273
259 24
94 194
497 153
427 213
21 222
399 298
240 125
157 158
484 477
138 247
286 95
430 417
110 361
490 44
498 469
467 80
259 142
67 139
69 132
255 204
137 141
126 476
456 162
444 1
162 295
245 123
145 478
429 296
177 449
123 157
190 128
461 72
345 147
242 471
396 230
25 199
216 293
193 478
362 234
3 389
390 368
283 368
158 364
192 142
281 190
251 63
439 128
160 424
38 146
370 62
286 272
128 432
102 3
347 178
363 296
222 432
308 257
355 173
62 11
17 422
62 115
384 479
475 448
15 289
466 335
415 221
232 351
487 468
280 222
446 137
288 75
46 26
119 357
499 453
199 128
244 442
30 281
39 321
211 448
292 382
449 241
245 370
105 440
7 270
486 149
369 0
198 316
116 314
27 318
483 449
90 276
282 197
472 41
430 423
498 210
83 22
388 288
440 203
25 15
47 296
144 153
202 177
342 25
289 329
235 445
257 197
105 484
86 419
313 413
332 428
31 166
361 155
228 139
278 2
499 377
107 255
182 144
422 77
115 230
121 359
5 223
329 480
378 216
38 277
392 111
361 80
454 336
113 482
16 181
333 362
217 247
303 141
125 198
428 269
4 226
151 414
224 110
244 140
422 5
294 465
482 276
316 473
375 400
13 208
421 271
437 305
164 230
293 372
391 184
240 459
136 11
122 100
367 267
55 8
48 158
436 4
43 339
426 344
71 267
169 126
488 111
495 372
378 126
35 171
373 450
412 137
358 311
119 241
34 176
481 105
319 494
197 407
234 454
158 143
213 26
411 462
391 225
257 173
114 448
334 182
68 70
135 125
221 332
240 467
105 402
392 422
249 231
486 29
89 216
199 38
465 176
96 276
186 232
364 77
201 306
48 276
156 447
201 117
201 342
20 68
81 470
15 93
218 427
168 350
274 78
133 476
200 41
109 62
331 340
79 309
7 223
298 390
462 476
373 81
86 386
480 64
412 2
43 290
277 363
467 211
51 369
334 73
409 244
465 419
237 303
346 272
115 158
64 396
480 278
211 96
319 176
3 146
431 43
393 246
277 101
41 387
138 434
484 39
405 25
93 151
371 488
337 213
391 29
477 171
100 257
146 171
255 252
79 195
374 423
89 481
305 256
27 166
451 447
131 251
237 135
399 427
478 137
31 237
427 100
332 288
277 317
287 136
478 21
6 443
289 122
109 8
275 278
381 425
153 457
301 194
188 219
330 232
348 21
187 230
331 127
188 452
101 283
492 66
480 78
374 403
26 432
133 487
52 319
444 302
423 247
237 447
191 405
457 326
497 256
375 29
213 194
178 382
233 215
138 298
201 195
368 229
243 111
205 304
268 288
96 145
223 170
226 324
395 33
241 239
44 261
263 400
316 3
33 254
45 2
282 197
485 260
498 477
274 414
187 259
191 453
15 233
391 487
142 421
370 205
130 295
138 172
475 316
482 136
447 488
56 455
77 15
169 263
353 341
430 467
7 264
57 381
21 431
298 91
473 1
487 411
293 408
407 115
125 424
182 380
451 357
273 382
271 141
253 142
452 223
122 154
104 412
14 471
402 202
487 87
235 185
31 151
179 425
48 27
308 11
477 174
485 326
138 10
60 42
333 38
413 96
469 395
237 424
62 198
402 397
251 20
416 67
213 359
445 50
499 53
175 427
408 159
114 418
424 51
448 147
215 455
459 98
149 89
98 106
260 2
296 255
301 404
223 171
57 307
356 275
138 18
466 31
158 280
83 118
50 448
210 405
265 181
247 167
139 360
260 437
183 110
52 384
55 323
347 218
159 348
331 171
475 469
438 322
325 225
151 410
141 490
265 295
369 14
453 66
235 153
424 393
213 175
181 426
153 387
332 53
390 192
360 404
216 295
73 240
180 205
372 413
326 153
353 6
367 94
391 104
496 36
135 212
242 23
48 141
192 306
343 388
224 53
386 232
429 132
151 305
133 291
338 311
233 452
79 358
41 472
58 421
212 216
13 87
474 246
144 339
85 147
36 99
172 288
10 347
255 10
148 75
18 206
115 429
271 19
93 141
52 453
194 417
83 50
68 463
328 394
378 76
155 192
361 499
218 472
492 377
37 137
279 262
82 56
362 228
275 364
377 214
21 424
409 54
161 132
155 144
353 421
206 120
43 303
422 207
21 220
280 376
427 421
232 363
383 406
95 115
472 341
52 451
362 280
127 227
205 212
414 81
264 182
471 174
427 246
264 492
253 40
128 269
306 177
374 103
464 311
434 333
47 334
239 193
252 282
296 374
171 438
291 120
411 339
497 378
499 308
492 454
382 388
170 190
62 468
164 13
374 19
10 7
464 14
294 235
140 492
193 469
360 14
332 490
49 352
111 132
411 359
480 475
445 399
372 158
233 373
217 313
335 167
443 183
78 225
173 221
494 265
176 438
421 325
39 210
88 194
350 254
202 175
60 485
220 232
86 390
287 480
272 369
256 367
323 459
239 469
12 401
381 386
85 192
440 416
277 107
498 355
364 7
346 229
380 222
161 147
393 309
65 459
345 295
413 129
406 486
391 227
290 210
439 384
88 101
314 0
265 243
204 412
380 189
278 51
121 91
250 466
3 376
42 385
179 259
380 169
71 169
91 195
299 344
266 157
271 98
238 487
446 323
26 285
385 289
115 371
81 234
30 435
261 167
485 285
400 58
14 295
61 263
273 430
40 26
365 326
434 160
72 146
44 159
123 148
0 49
322 313
482 88
22 93
223 129
216 149
138 329
429 489
4 204
8 341
206 212
101 272
199 260
461 60
170 390
458 227
361 405
115 114
14 434
335 107
270 116
152 381
456 82
101 129
346 92
488 435
21 39
367 158
194 33
393 52
61 427
376 299
311 11
303 253
230 442
105 395
84 371
455 172
366 314
493 393
211 163
102 227
237 300
237 106
486 412
242 111
378 393
192 23
82 493
396 358
414 308
440 226
289 387
469 493
236 196
373 60
103 207
152 341
109 447
280 168
257 42
104 35
362 71
439 440
147 463
493 387
288 392
405 195
60 377
410 192
146 225
203 459
366 378
103 452
1 494
28 203
481 456
131 122
351 448
178 78
484 319
406 270
295 295
258 201
395 68
335 199
128 226
92 331
157 121
10 0
184 481
408 458
163 197
295 56
70 26
423 274
285 46
304 269
488 17
395 310
431 182
58 465
196 238
156 343
482 89
370 27
14 343
153 228
166 414
271 219
468 282
494 138
474 324
111 236
268 388
58 359
322 451
123 402
305 4
352 163
206 410
61 91
198 331
282 31
106 192
427 228
143 67
190 420
156 487
391 213
96 243
279 270
143 395
251 44
222 54
42 239
109 110
241 205
222 254
105 154
81 110
74 32
402 56
303 478
273 159
259 31
409 260
167 432
368 251
204 157
209 472
370 276
393 452
340 341
352 2
171 465
232 156
383 137
157 319
378 109
73 114
353 442
321 4
425 123
434 326
424 423
477 393
86 299
159 121
110 271
2 404
87 100
433 403
47 302
28 234
251 404
126 168
396 377
405 275
373 469
175 427
6 204
476 226
142 194
68 384
145 34
477 156
349 29
113 358
289 322
393 96
105 24
87 31
218 218
484 407
482 132
43 367
186 151
291 153
198 149
496 290
68 272
369 48
191 132
85 378
301 251
133 366
174 269
339 45
117 320
15 455
190 358
500 480
202 250
482 299
46 281
81 270
296 103
432 16
391 288
227 432
476 236
142 439
422 401
214 404
160 358
459 365
252 197
53 176
445 51
52 85
500 175
102 123
19 37
498 208
425 196
138 125
477 228
22 54
482 180
479 271
48 83
393 487
446 211
216 302
369 21
47 463
252 264
395 100
106 187
119 445
88 352
293 128
267 384
300 393
292 162
283 162
15 82
44 16
393 138
151 419
136 139
248 11
381 446
83 280
387 372
246 415
232 286
180 0
101 234
229 231
427 117
139 440
249 250
406 499
415 261
437 356
375 298
333 486
248 69
221 109
390 313
215 333
143 110
409 2
393 193
458 322
352 279
473 423
75 276
163 294
483 390
361 315
286 189
187 228
108 409
483 440
471 341
491 301
152 92
332 243
72 338
19 84
387 287
116 57
188 346
84 276
125 499
350 300
166 131
79 180
410 460
255 89
374 318
158 279
131 88
151 31
310 126
36 269
212 271
113 71
309 480
427 432
458 395
192 2
221 210
202 173
462 279
418 443
402 27
12 288
92 410
282 327
493 76
351 196
426 262
80 3
201 438
123 150
26 266
439 156
202 205
297 89
344 86
15 291
237 269
64 366
90 317
206 386
94 255
272 96
82 399
388 437
482 43
187 451
0 494
446 264
91 26
216 74
224 441
360 337
247 124
79 129
46 251
433 411
455 105
179 258
204 393
444 334
345 123
21 223
425 217
31 2
340 465
380 306
238 357
174 188
126 367
71 346
362 249
18 347
277 331
105 58
61 49
79 348
280 207
272 128
391 166
392 166
161 123
29 244
432 48
416 452
452 156
425 262
91 444
121 105
57 372
386 198
19 239
39 486
393 210
8 1
267 256
324 398
311 428
40 121
70 285
347 19
367 191
468 120
498 100
18 389
214 401
135 308
267 207
40 40
387 126
317 281
105 101
133 71
415 485
64 224
256 439
91 43
428 310
346 475
286 107
321 280
217 328
207 412
445 204
201 364
422 420
366 443
221 261
137 320
71 99
423 382
110 180
459 415
471 52
137 443
474 158
74 89
388 337
81 495
311 424
154 344
297 488
39 117
267 80
125 274
163 116
431 170
155 63
448 204
372 120
279 433
432 477
378 352
485 265
147 192
403 62
85 24
313 445
456 285
105 157
71 270
138 171
295 8
34 228
490 251
263 133
65 158
474 208
70 32
218 386
121 369
123 397
114 449
159 156
90 471
129 250
116 10
51 3
122 376
311 135
374 139
110 311
10 303
437 301
492 207
256 133
24 443
150 324
44 358
451 340
110 116
461 321
445 160
278 150
411 474
368 278
359 387
218 490
163 188
312 90
284 404
446 437
227 8
474 4
369 327
286 33
2 488
352 73
270 203
239 352
72 314
439 34
95 274
393 398
499 23
332 456
443 228
239 114
194 310
492 173
306 72
186 346
418 64
375 460
290 312
452 43
77 284
76 156
330 272
384 277
445 300
240 382
24 425
50 220
299 343
393 221
41 167
226 399
16 493
359 201
295 31
11 380
216 133
1 109
429 500
492 85
35 363
277 332
152 1
385 273
214 342
327 210
109 496
407 493
99 214
214 98
471 141
443 99
100 36
106 316
285 323
109 150
172 116
143 294
254 226
169 10
61 356
499 35
398 53
67 270
257 454
267 322
106 109
100 202
414 322
299 8
136 226
36 397
58 375
162 75
268 185
368 26
187 445
455 223
231 338
43 164
468 467
342 415
495 339
423 467
190 300
213 421
7 10
105 392
196 108
256 154
181 5
196 71
84 335
177 351
487 262
92 257
193 264
137 472
351 87
299 178
230 316
236 138
23 262
271 244
278 7
286 376
338 479
177 30
99 255
213 5
493 255
252 0
56 450
433 327
375 379
99 425
416 177
91 154
250 277
12 58
441 446
3 295
445 335
303 309
62 465
173 45
297 175
408 22
384 324
176 254
75 213
198 116
435 150
23 3
42 323
345 9
312 72
140 450
100 109
461 290
457 72
111 382
404 87
33 246
208 145
259 437
20 259
29 111
349 102
145 108
356 291
87 287
436 223
346 201
239 229
104 171
7 248
227 286
308 452
22 41
203 479
486 137
451 478
289 135
80 333
101 98
182 62
58 443
94 235
150 376
484 277
303 357
468 210
456 323
164 395
497 87
305 354
301 84
298 317
10 484
7 87
165 42
395 214
298 244
467 311
178 92
246 207
193 393
185 468
355 282
403 80
147 33
136 254
52 341
129 499
273 249
277 392
233 498
335 182
401 65
431 79
352 353
475 168
212 202
222 350
399 392
157 374
458 88
9 193
451 251
61 63
348 255
176 119
365 146
441 348
194 428
142 411
160 97
18 216
479 227
69 291
221 228
28 146
119 93
312 442
5 282
345 337
451 359
500 242
373 91
209 407
351 186
458 132
39 404
80 422
167 3
177 7
358 435
6 325
291 395
467 383
244 95
334 204
297 471
171 453
379 254
346 473
353 300
347 357
100 337
390 104
495 396
487 348
361 249
419 25
294 453
39 128
89 449
268 322
303 195
322 220
33 483
384 284
491 427
441 54
454 164
255 473
122 373
156 31
237 198
13 480
216 200
90 176
202 434
390 337
234 227
471 4
416 91
408 499
59 107
441 456
492 147
372 67
412 287
47 194
113 178
80 439
38 455
291 55
294 468
114 402
489 187
423 200
61 449
196 276
106 115
226 496
153 225
368 239
216 94
300 282
491 187
243 374
421 428
104 146
269 220
424 462
86 16
30 302
4 370
411 270
24 420
151 452
19 24
222 48
434 112
113 107
143 375
59 420
346 264
414 79
75 479
165 444
120 199
158 301
444 47
176 475
307 82
41 110
259 380
282 434
29 387
271 10
482 305
322 239
489 451
281 468
448 468
52 95
67 30
106 418
484 21
51 188
5 274
89 367
72 184
32 213
185 297
183 492
216 269
223 39
238 212
155 290
197 31
83 106
61 307
160 492
428 148
149 121
39 107
335 216
89 178
54 172
448 179
185 189
84 420
231 271
167 357
359 401
178 52
451 325
167 39
200 411
491 122
327 22
38 55
23 350
57 0
114 203
106 468
90 482
242 3
10 360
367 127
310 356
357 448
10 25
235 328
120 466
282 211
209 35
434 88
67 314
350 112
265 96
329 298
441 352
15 110
216 483
93 277
81 160
253 84
120 319
371 269
170 117
142 414
318 231
50 255
221 386
58 481
330 331
307 158
105 186
8 415
310 220
484 406
259 468
351 293
331 14
468 297
48 2
220 321
269 41
396 188
293 482
323 298
429 36
415 207
302 269
119 415
33 115
294 227
163 44
500 71
305 221
365 431
22 278
137 114
460 76
60 483
18 175
455 217
282 76
137 258
410 199
387 95
174 185
369 302
428 398
235 455
74 433
339 482
385 499
271 186
257 127
216 14
471 83
486 210
474 306
23 162
180 135
401 477
130 44
248 64
337 236
486 427
88 34
79 23
429 273
385 417
176 133
275 94
388 143
177 146
490 223
368 497
441 64
143 71
235 71
171 231
323 249
286 408
243 431
84 225
284 244
434 47
270 86
73 419
374 132
155 0
385 388
248 325
414 310
479 104
58 268
308 378
375 115
110 133
115 267
300 448
263 222
350 99
463 365
464 299
128 495
143 452
42 283
82 471
109 46
195 444
451 226
168 324
390 345
197 470
231 235
116 81
387 37
118 357
114 159
28 232
396 316
267 83
294 46
296 10
322 202
238 404
337 482
294 150
329 16
386 200
270 442
305 302
373 158
232 90
87 272
337 378
188 1
35 206
276 447
454 401
228 360
101 14
160 217
472 266
130 286
96 194
15 416
26 236
4 93
183 252
42 435
182 95
100 295
139 179
55 246
332 298
276 483
105 247
217 441
459 194
345 203
237 163
431 434
487 159
427 304
124 55
165 67
360 53
67 425
179 404
211 37
73 403
227 255
494 467
480 28
144 373
180 207
475 95
265 360
308 12
197 173
430 1
447 230
376 350
262 46
348 197
334 350
158 444
333 334
287 262
372 295
285 108
304 17
7 114
304 224
379 458
256 243
351 98
166 367
413 160
52 208
493 498
126 255
385 187
181 187
379 159
484 217
379 314
300 487
56 38
468 22
288 53
21 126
54 97
37 372
3 478
217 351
342 317
259 37
196 309
44 27
107 174
57 182
410 6
157 326
4 307
295 209
301 269
96 134
153 35
378 9
249 444
279 339
35 337
244 259
473 171
133 481
236 277
129 458
419 11
154 479
359 376
21 317
406 350
477 280
377 348
399 451
239 298
204 38
394 129
116 354
425 451
254 419
383 106
444 184
16 253
418 415
189 497
159 239
457 202
92 450
265 345
129 451
243 70
19 363
320 175
39 18
405 427
259 21
178 315
371 182
124 115
140 321
377 264
94 178
121 21
300 175
90 478
277 336
240 153
397 448
196 331
416 161
87 212
8 74
305 355
253 266
356 259
478 85
239 287
222 145
48 204
341 291
342 494
402 483
66 368
391 58
453 252
358 165
153 200
50 432
211 169
315 209
5 333
92 189
58 247
266 486
192 321
121 144
223 179
105 179
466 132
155 453
326 46
346 408
171 74
244 166
329 368
188 406
482 186
384 298
198 248
175 410
134 390
19 389
361 155
204 160
341 145
343 255
122 469
336 424
81 241
79 251
192 140
49 485
121 134
438 487
352 431
283 176
147 203
342 65
475 479
345 356
199 163
2 126
165 139
55 396
252 57
468 463
361 161
474 411
478 398
116 15
453 421
68 19
1 319
432 35
116 312
78 468
88 275
346 480
223 285
432 386
387 142
427 189
106 418
364 294
374 225
3 25
70 112
46 378
294 272
250 148
376 160
24 146
134 343
349 185
84 331
410 450
21 443
60 434
335 394
248 292
308 208
257 215
427 433
499 301
402 428
152 352
301 80
117 159
439 145
151 481
172 166
154 497
224 67
50 225
21 339
15 199
428 333
474 109
368 208
412 41
85 45
233 93
21 443
463 452
448 312
230 343
274 124
117 137
352 273
114 401
327 358
181 118
145 67
77 208
219 57
367 152
197 96
43 21
197 268
436 161
124 335
315 230
228 39
261 77
333 168
198 117
425 443
225 320
5 292
389 138
267 454
200 1
161 493
362 496
485 269
357 441
171 298
372 120
115 256
295 329
46 410
176 191
104 245
441 116
105 149
316 49
245 404
30 57
242 451
385 43
370 130
44 363
393 71
468 122
380 108
135 116
166 457
432 156
134 59
260 454
432 251
91 65
442 390
383 26
283 55
148 56
144 166
52 188
67 181
273 474
313 90
64 270
468 410
183 38
230 388
270 461
0 28
21 141
188 267
150 264
48 24
475 113
362 299
78 251
461 159
241 212
368 368
276 5
46 134
421 21
262 286
197 99
402 42
425 193
86 226
172 434
207 488
105 287
453 183
257 418
221 195
267 419
265 36
489 287
128 123
79 492
416 409
214 167
262 190
215 395
223 167
377 212
290 18
150 479
330 345
152 402
381 53
434 95
264 236
81 60
338 5
55 352
113 332
474 369
47 187
97 250
324 142
395 283
207 466
226 12
53 319
445 137
182 359
433 482
456 493
296 24
191 311
314 498
374 430
171 351
372 344
472 207
479 478
121 113
181 457
60 223
294 80
91 275
145 51
394 480
91 408
252 297
104 83
154 396
308 401
244 341
244 311
98 420
488 374
89 184
204 305
352 252
229 405
215 112
222 130
252 354
434 280
402 175
241 276
242 262
36 65
251 178
374 113
208 100
419 201
353 212
315 446
244 165
425 1
189 5
459 351
434 293
451 201
371 421
326 406
464 466
38 170
414 154
182 125
356 273
385 61
266 235
213 36
318 24
44 496
293 39
495 198
440 75
200 382
66 4
209 349
31 171
464 154
282 46
218 406
227 250
419 442
437 231
356 203
99 314
401 246
347 496
484 329
84 151
140 59
198 475
222 180
315 376
101 238
10 21
471 277
443 130
177 202
368 341
304 180
167 207
321 25
302 345
368 197
67 134
16 192
126 304
466 30
349 257
362 37
73 169
208 492
249 448
430 204
297 123
368 35
421 324
307 426
119 51
227 337
258 470
223 102
257 97
302 308
272 261
378 184
477 10
280 23
486 247
225 112
449 253
259 449
150 12
40 458
69 386
312 333
84 271
358 401
35 157
24 322
441 341
212 194
170 400
84 147
500 72
210 239
321 440
62 52
183 260
243 311
427 442
441 212
352 378
389 76
230 279
461 434
154 230
302 344
326 79
117 381
132 471
37 419
433 386
386 254
10 372
450 127
378 484
373 173
265 255
307 415
467 144
196 422
155 196
296 201
421 282
102 170
154 127
222 224
308 137
382 253
385 314
422 165
312 452
103 219
65 178
101 293
272 315
229 196
145 170
452 253
67 17
365 26
66 119
339 428
350 248
184 441
406 215
244 45
475 50
352 222
81 243
320 55
5 60
142 140
190 194
472 373
403 134
417 68
151 440
476 437
254 49
54 493
86 282
324 295
68 244
232 189
28 378
482 113
271 363
24 297
113 41
60 360
241 172
157 133
139 52
337 159
303 183
425 288
274 382
49 280
281 239
419 6
137 465
397 421
268 22
203 283
287 138
360 199
151 2
51 437
283 491
282 235
285 56
380 481
392 376
205 145
174 307
50 91
262 432
371 94
77 316
12 120
40 377
339 157
199 313
297 128
201 191
16 65
429 230
195 91
144 223
116 23
362 254
298 283
312 384
119 377
42 356
408 157
164 286
273 381
200 147
50 197
172 349
253 93
285 195
100 90
470 481
304 422
344 92
492 64
495 206
160 396
430 99
326 442
324 470
225 142
182 333
468 96
202 361
307 376
406 345
245 312
200 152
109 385
231 171
375 303
225 32
97 349
42 382
112 63
157 353
456 317
115 462
385 383
143 299
111 222
74 313
464 3
26 418
177 77
259 123
469 352
487 20
121 51
494 181
8 363
375 67
131 335
6 455
314 481
485 50
491 17
185 62
251 399
365 61
69 468
275 285
336 113
159 204
349 356
414 24
362 399
119 406
499 45
6 462
478 255
207 81
202 355
475 113
379 133
422 497
81 333
103 104
279 92
311 260
427 76
368 175
253 268
90 198
228 243
263 277
326 335
180 433
275 403
160 35
407 359
319 492
3 15
3 207
184 307
91 359
139 409
227 240
25 364
149 74
204 447
349 105
245 185
318 48
408 79
321 186
32 372
354 257
8 449
341 500
400 44
174 239
121 406
4 270
214 475
399 234
312 110
56 129
67 384
123 59
407 40
346 316
471 436
458 200
95 13
56 471
257 336
162 358
289 49
478 263
194 445
480 496
355 10
185 457
159 359
389 382
405 267
147 358
232 64
497 480
33 117
435 359
460 171
148 273
68 344
172 190
407 99
226 169
28 395
120 141
382 47
238 219
17 133
18 276
23 46
433 125
32 482
312 13
236 126
267 133
427 324
165 73
111 123
295 30
445 27
275 481
183 440
19 149
181 422
105 250
446 270
129 348
407 208
123 423
192 304
254 257
356 3
297 137
398 41
61 284
55 459
93 213
296 174
359 351
13 61
217 167
455 473
54 65
394 52
80 253
242 423
279 57
123 204
341 8
441 138
381 429
142 41
272 441
104 155
307 271
329 145
424 188
474 464
184 353
331 401
259 467
94 500
181 56
218 42
29 405
180 406
11 16
408 263
225 395
203 112
442 420
96 458
83 452
485 467
50 400
193 485
278 52
83 152
386 181
52 3
174 362
296 454
396 443
157 475
419 365
2 40
19 230
334 30
473 74
440 62
328 433
237 141
268 438
150 428
52 128
411 452
296 425
92 179
404 279
397 48
256 169
219 233
279 423
363 3
397 212
384 216
397 230
420 266
351 355
146 458
207 378
179 285
461 207
424 148
224 173
233 174
346 20
466 169
157 91
34 103
81 272
105 12
46 374
160 238
66 403
201 260
390 169
466 131
416 301
52 261
112 105
304 298
131 19
269 372
131 267
379 219
162 195
443 347
99 119
164 73
55 414
91 370
87 55
204 428
5 2
443 319
61 437
188 398
46 152
379 147
401 390
269 152
95 425
243 84
255 109
461 64
130 128
197 283
374 407
188 321
387 161
304 77
192 69
139 249
275 22
4 210
490 88
445 413
105 98
265 23
152 122
112 75
238 271
326 407
149 227
51 382
192 406
41 331
136 188
241 315
303 162
241 413
51 228
487 266
0 391
391 325
472 124
166 416
39 383
297 448
66 111
2 387
276 380
36 209
197 494
278 391
218 450
329 224
431 260
305 24
127 151
52 481
478 232
145 346
128 347
318 276
191 346
181 161
436 33
300 68
218 265
277 237
184 377
103 369
163 62
357 418
232 352
264 55
361 132
159 260
280 347
403 466
17 433
447 72
411 257
236 58
178 189
476 96
207 203
264 492
237 344
302 71
438 265
180 3
109 480
429 228
237 35
187 10
455 378
84 76
475 110
253 132
345 497
57 114
151 412
313 28
450 109
33 490
96 470
445 354
124 26
324 31
162 252
96 409
475 24
137 176
393 266
119 493
3 368
164 176
124 461
262 95
444 394
229 121
27 186
77 37
190 66
72 119
427 142
367 96
384 89
403 353
120 113
234 304
340 402
1 121
184 350
295 11
6 35
189 438
395 325
84 352
168 180
380 197
364 262
341 230
419 303
474 73
216 199
228 50
65 97
426 3
104 475
179 181
29 499
307 139
184 130
107 345
497 5
490 162
395 420
229 134
42 121
318 401
218 162
395 416
200 465
424 68
198 212
476 372
131 186
484 443
317 293
173 493
332 317
298 97
196 404
386 42
67 147
99 400
206 153
3 165
428 227
146 324
208 119
32 123
276 147
17 321
389 135
386 338
99 291
405 351
403 177
232 473
146 257
117 498
24 40
28 287
181 14
363 456
227 132
13 287
492 12
206 23
463 201
122 141
276 367
239 324
148 318
81 259
168 342
498 224
48 136
200 306
244 139
283 415
37 391
498 453
114 394
431 474
194 82
202 478
235 269
247 402
426 404
141 226
87 195
458 474
338 154
430 293
324 459
263 427
301 218
355 348
102 125
331 192
177 434
410 138
460 123
154 321
280 479
144 110
186 459
470 498
218 316
229 153
242 425
160 275
332 442
361 311
414 169
164 451
25 473
308 222
372 436
49 293
168 330
201 263
189 223
497 287
163 493
476 377
428 427
224 23
85 277
90 467
129 165
476 78
392 487
183 210
305 157
307 285
280 395
161 428
32 191
277 347
335 299
310 171
27 37
132 267
146 424
22 228
471 275
72 337
326 448
355 207
335 395
107 231
447 159
364 380
459 244
130 236
472 186
496 412
429 382
47 374
22 230
80 343
114 164
487 208
389 304
395 52
125 486
277 486
395 92
76 34
340 27
57 360
196 436
27 62
432 113
369 168
212 88
280 106
424 186
469 209
32 61
238 131
8 176
254 197
396 366
360 448
459 274
464 151
417 312
187 376
344 398
325 319
129 25
132 490
330 307
185 51
151 306
66 309
192 422
464 278
210 56
413 332
176 129
271 414
80 189
1 254
194 257
344 184
309 297
430 426
43 400
481 447
58 39
325 344
25 87
428 350
404 367
283 337
333 77
425 197
282 411
477 9
367 319
40 402
19 91
232 327
301 469
465 166
487 468
450 109
0 491
416 220
158 438
133 142
496 349
118 486
387 154
227 476
118 67
318 240
256 450
322 327
312 204
470 119
320 457
426 481
266 395
190 115
204 485
3 410
121 103
21 213
488 170
282 493
131 140
142 357
217 415
114 341
222 218
179 481
37 84
150 259
324 392
326 261
440 121
144 197
47 481
57 395
242 401
302 15
196 117
292 338
250 3
359 479
83 99
476 425
16 294
127 221
103 327
192 362
27 378
43 397
488 57
29 243
169 385
440 471
481 325
334 358
98 250
342 241
148 433
453 364
401 296
435 356
294 459
264 319
119 497
146 44
413 230
451 496
350 289
350 399
212 480
318 326
193 341
320 139
31 197
297 91
257 262
26 295
278 172
162 405
480 385
254 153
171 239
140 400
342 295
424 5
94 207
461 116
188 340
69 403
111 225
157 295
265 290
459 210
249 314
204 134
390 332
266 104
0 158
405 364
97 129
421 125
169 129
42 153
151 411
66 40
407 132
227 132
440 184
441 408
181 25
398 485
296 32
394 81
220 349
69 485
316 346
167 474
39 220
147 181
131 166
183 455
194 423
182 125
183 87
45 24
20 183
185 7
195 62
352 69
277 445
385 385
322 7
96 178
498 447
132 315
227 102
309 217
22 146
302 80
359 427
292 95
70 83
356 280
184 429
199 305
411 161
304 397
278 262
268 19
198 424
222 278
120 80
378 92
271 219
332 195
189 406
320 43
115 493
415 265
122 424
72 397
173 176
226 263
411 98
403 464
470 69
444 125
221 476
416 261
378 298
63 302
348 360
93 357
257 384
132 436
363 337
422 366
416 354
233 209
227 190
327 320
257 323
261 400
132 306
58 250
134 313
244 173
305 109
275 457
41 196
104 236
165 186
443 245
184 489
452 38
103 409
226 143
266 191
1 363
409 114
134 341
129 301
149 170
236 377
238 55
301 90
399 221
470 33
6 76
140 110
450 48
392 124
90 275
325 124
280 13
392 125
163 143
376 377
183 51
64 429
169 170
147 161
28 445
426 117
444 364
294 388
269 171
377 361
17 455
472 430
245 80
362 184
330 323
492 90
406 77
251 268
441 164
468 106
122 190
310 445
449 12
39 112
482 448
90 179
499 370
268 243
59 375
292 368
391 87
166 41
118 28
221 321
243 85
181 164
454 330
196 97
183 412
59 254
434 324
225 312
458 422
274 135
48 320
60 396
456 256
304 236
68 266
288 60
86 97
363 209
466 278
471 74
323 213
306 342
496 76
430 310
164 270
354 344
300 124
252 497
129 250
85 216
375 46
264 284
427 151
267 90
244 185
213 57
472 260
44 207
437 248
244 53
448 157
124 47
258 24
127 487
85 420
13 173
264 357
104 7
84 55
325 437
404 407
46 335
389 458
454 362
401 210
38 451
263 346
26 431
460 301
135 354
387 191
331 345
386 72
323 236
460 194
237 360
352 202
301 103
261 73
326 163
498 403
0 453
311 61
161 121
116 209
77 159
11 220
181 67
386 33
271 449
383 60
254 158
384 160
149 227
348 48
38 47
439 440
8 60
429 417
262 10
113 66
423 306
288 360
341 140
233 206
312 22
71 352
326 245
316 166
490 167
258 346
42 481
452 87
283 62
211 269
461 122
395 137
277 89
52 164
8 114
73 261
38 403
44 224
354 475
33 318
426 96
240 437
343 24
212 103
362 351
10 319
154 408
259 417
159 403
267 24
410 112
199 131
86 290
150 405
95 0
94 482
123 28
190 455
43 477
411 416
16 292
109 196
104 159
181 388
356 337
47 480
158 460
130 423
151 116
442 87
27 131
445 9
47 150
92 257
478 48
455 376
459 161
164 64
9 128
397 316
118 351
46 250
187 80
389 448
287 280
127 168
228 23
62 438
475 171
320 366
1 116
10 179
183 180
164 405
198 238
426 200
296 65
90 432
67 325
62 205
241 153
477 75
364 459
327 259
490 190
390 206
478 229
393 128
50 158
48 58
154 304
144 250
173 105
361 227
5 219
461 348
236 457
56 263
172 225
334 237
469 489
96 254
139 97
313 474
240 388
210 324
70 22
212 273
221 202
195 50
212 198
288 96
489 16
411 437
65 88
408 363
346 371
333 10
114 95
409 358
279 425
172 200
119 272
120 299
263 441
268 129
113 108
9 16
26 265
233 378
463 221
87 91
497 127
222 183
312 453
80 411
38 37
173 449
200 432
179 370
366 166
250 112
56 465
134 382
266 122
48 474
356 272
118 418
260 178
65 124
438 210
296 128
480 219
5 135
456 418
371 78
102 388
328 112
85 73
172 349
279 391
71 30
11 91
111 136
419 307
406 298
483 262
317 486
58 207
29 436
142 456
159 403
322 402
428 300
489 358
500 362
153 151
164 322
155 358
451 70
299 76
473 235
281 265
99 465
213 455
488 49
48 465
417 174
338 2
297 221
50 500
458 465
326 149
82 312
464 234
50 100
233 336
177 471
240 464
9 253
230 473
331 281
417 294
233 279
444 181
82 234
95 326
214 471
99 458
289 119
411 88
220 347
93 388
366 209
370 169
399 202
76 411
50 68
20 42
442 164
486 27
338 393
358 187
480 71
229 463
319 368
22 87
42 175
131 479
208 39
481 319
339 193
50 433
173 343
452 333
457 136
75 324
489 443
387 250
67 292
351 396
271 364
478 104
451 196
238 93
229 471
393 182
408 98
357 55
291 398
381 15
408 186
22 340
465 363
359 74
275 370
63 237
59 294
162 158
124 326
363 299
200 331
172 64
210 138
132 10
278 238
29 375
389 291
252 383
403 235
485 434
40 257
405 373
434 285
365 82
225 333
124 429
373 442
152 442
71 405
333 137
109 243
268 483
451 284
95 343
85 271
195 195
153 266
89 500
480 149
320 349
84 126
142 405
162 155
321 406
16 363
383 11
222 37
357 432
118 155
357 88
399 81
35 354
76 95
362 491
488 306
107 224
391 187
431 125
461 136
319 402
308 378
344 310
150 42
373 420
23 289
163 257
475 282
213 357
495 410
453 87
0 121
277 202
242 223
500 45
371 188
91 209
119 78
155 7
308 358
296 321
112 258
203 340
130 322
68 204
181 108
475 77
48 221
166 22
280 133
125 475
15 91
381 210
208 466
228 360
212 361
111 183
16 158
47 39
181 497
312 15
192 100
18 288
223 385
419 294
88 209
285 165
128 176
311 218
109 37
470 125
442 114
223 454
117 300
207 490
239 10
476 58
12 83
421 190
245 99
169 402
81 416
459 256
330 24
349 52
403 311
267 467
358 425
77 311
414 325
202 342
307 399
32 125
112 114
22 35
128 402
314 296
315 57
153 463
93 216
71 356
93 143
204 53
245 135
174 291
24 280
233 219
487 44
496 221
67 496
454 438
156 398
108 267
114 340
421 451
343 468
354 44
387 251
307 125
147 342
166 90
440 277
171 143
430 92
427 302
18 426
396 273
147 136
37 110
192 125
340 418
409 391
200 474
287 94
389 245
12 363
114 87
278 108
320 281
192 307
438 209
326 12
67 156
198 365
361 330
88 58
408 31
229 159
159 214
325 144
473 256
317 488
198 283
353 317
88 11
374 468
9 418
260 160
155 460
50 96
452 48
222 360
456 19
62 163
272 224
137 438
16 106
142 62
113 269
476 238
325 121
182 389
154 276
273 337
372 377
5 345
57 63
49 360
337 487
456 111
79 90
294 355
44 116
324 16
245 341
108 291
336 487
121 100
132 39
84 481
340 376
403 74
494 329
480 146
410 428
1 450
155 219
10 260
451 81
82 398
119 200
332 216
80 203
71 446
39 194
417 41
337 114
327 280
387 66
13 328
315 481
94 461
473 254
455 74
431 446
246 187
271 362
426 237
373 189
422 33
452 45
337 419
302 355
59 243
445 30
394 363
51 150
488 192
258 132
140 392
216 72
397 33
489 439
500 275
256 54
14 15
228 192
32 313
17 459
42 56
309 306
384 376
333 68
117 126
115 279
437 116
159 20
493 197
136 458
379 479
147 1
492 316
36 409
239 440
146 464
102 280
417 149
44 111
221 235
144 291
138 165
282 82
154 16
330 54
470 391
144 374
9 253
488 371
427 241
257 364
64 285
204 321
281 447
273 467
363 140
414 3
49 468
340 376
287 95
149 296
482 0
249 93
4 454
466 428
471 90
223 115
499 267
113 366
5 368
463 179
164 440
446 288
448 246
0 192
294 404
211 479
470 387
69 160
457 474
441 111
289 54
284 449
26 396
309 400
137 16
366 294
418 186
162 108
102 329
318 449
487 33
229 21
174 369
371 171
273 357
52 237
229 352
480 264
185 156
324 56
414 194
178 341
461 204
193 89
288 246
495 389
200 79
42 249
293 317
84 488
320 121
60 475
336 171
334 112
111 323
312 28
246 59
122 83
244 276
16 32
84 373
456 18
78 291
327 185
383 375
15 191
402 337
237 81
211 221
213 477
100 175
448 353
159 426
258 273
333 451
198 263
282 271
245 8
75 336
305 388
365 161
109 104
6 55
462 151
345 118
346 467
268 28
234 131
494 461
255 444
274 91
318 37
336 37
310 85
315 361
425 237
266 269
478 361
68 77
486 431
150 307
207 220
181 377
363 116
144 214
292 482
116 28
417 128
357 443
173 85
126 395
461 165
151 45
79 367
438 115
75 393
157 456
115 245
477 305
122 37
253 303
485 278
303 129
276 91
347 318
118 102
130 263
444 418
207 24
259 7
228 126
342 394
290 71
428 81
325 318
170 35
384 321
338 98
415 186
268 78
7 340
285 99
471 324
37 332
122 464
345 321
213 406
292 151
485 28
15 97
195 320
345 179
277 314
225 168
441 322
37 396
370 58
463 180
412 107
211 61
240 83
462 400
306 415
108 154
324 359
197 12
58 135
69 358
109 407
391 50
187 319
386 274
67 75
265 263
332 281
308 114
29 25
439 393
32 76
9 428
325 23
201 427
418 144
25 410
324 236
337 417
101 397
419 406
14 457
193 490
74 317
111 427
185 477
4 452
94 76
277 258
80 229
22 183
405 488
53 393
139 420
111 171
238 148
235 83
247 84
29 176
196 441
396 71
126 448
458 341
249 91
363 290
130 371
9 151
389 323
450 151
12 189
342 13
267 498
303 465
83 477
290 164
454 156
493 399
322 23
290 496
379 374
323 58
342 51
360 171
447 309
108 279
428 404
45 265
204 124
142 157
303 169
113 471
356 390
196 322
147 243
30 428
166 406
342 492
312 472
114 248
459 0
313 37
339 239
380 283
31 150
238 468
331 367
112 228
31 430
89 289
321 253
253 344
266 176
485 336
117 106
432 380
291 430
291 253
317 170
471 150
28 429
4 313
148 212
291 101
258 244
488 458
69 134
210 224
470 274
257 400
212 387
102 238
157 274
129 488
70 479
136 354
443 58
327 470
233 265
399 23
131 358
246 327
389 261
175 188
258 157
343 328
60 62
332 173
158 428
349 410
367 89
161 362
294 369
494 385
18 293
294 351
58 5
156 478
491 398
66 412
281 213
189 458
357 55
440 370
127 484
482 432
283 279
383 104
382 106
311 340
244 137
451 214
493 3
45 250
175 117
409 170
71 126
480 432
109 259
438 322
484 499
85 383
482 36
150 115
292 371
219 65
253 329
336 354
479 243
453 261
281 183
44 440
344 38
14 268
280 109
405 200
106 113
330 85
482 444
58 248
150 441
381 132
337 190
236 446
110 52
426 119
486 135
151 138
272 102
83 108
245 40
61 166
437 325
348 295
36 181
497 274
57 206
388 328
173 431
167 274
473 254
121 171
309 484
178 399
200 260
418 142
237 283
130 240
39 360
369 417
193 204
463 34
230 260
163 294
492 300
99 245
252 291
83 139
173 373
475 121
207 264
53 87
458 210
161 338
70 400
492 257
210 399
417 17
98 55
156 46
47 114
308 201
70 348
379 349
459 19
110 132
370 174
237 183
242 459
332 264
436 70
304 306
351 107
346 25
19 121
35 339
193 451
387 313
60 6
239 221
131 71
331 59
439 7
15 467
447 313
151 236
109 131
302 394
257 290
274 7
404 218
272 45
40 9
66 190
366 206
304 369
455 2
308 319
365 220
51 185
211 191
160 283
57 0
326 144
94 41
272 279
301 181
181 406
35 87
128 167
140 312
404 185
286 354
30 494
403 204
241 374
303 332
171 464
298 218
161 96
471 206
17 283
119 491
335 27
493 110
471 141
133 226
197 99
247 314
253 148
203 48
426 252
267 356
229 89
341 20
309 257
184 279
196 119
58 68
389 382
45 499
467 169
372 250
361 34
324 30
263 365
66 307
179 170
31 137
403 417
14 5
128 487
419 313
152 475
30 165
500 4
172 498
193 303
153 166
448 132
291 172
258 451
445 160
68 379
291 182
290 273
316 208
289 85
36 219
77 111
368 93
305 14
147 150
433 38
270 244
64 188
458 302
435 397
171 371
144 483
275 429
425 173
65 295
315 406
146 476
196 132
96 168
414 260
166 491
401 477
31 323
190 324
204 370
226 403
224 214
377 119
485 309
472 9
419 180
238 62
208 170
54 61
434 28
274 15
132 492
477 110
145 495
276 257
454 167
350 7
444 92
191 447
283 175
103 273
183 26
85 310
47 496
492 11
73 364
300 204
208 15
332 342
79 158
92 499
339 165
16 133
74 55
104 102
265 404
411 312
93 124
324 295
140 433
360 194
104 476
402 364
286 386
108 486
259 386
388 407
18 113
435 9
377 281
431 204
57 63
25 235
333 199
424 135
227 453
481 243
13 51
483 207
56 304
206 212
28 194
444 167
243 136
161 28
277 293
16 194
123 58
27 254
289 244
330 174
373 128
394 332
384 179
209 486
130 208
359 389
238 300
207 21
312 148
9 292
92 123
500 49
70 373
13 465
276 406
414 409
308 268
211 47
267 316
38 480
58 281
96 351
318 172
423 208
29 78
473 393
27 457
350 30
395 135
317 400
210 494
141 294
115 316
470 140
195 18
458 317
190 164
87 468
442 112
206 379
301 209
484 349
358 84
209 458
19 373
472 41
208 294
260 430
266 434
276 5
119 359
428 11
148 3
153 303
209 289
493 154
62 384
16 473
377 363
377 239
103 439
232 120
372 184
478 279
293 263
176 347
201 167
303 99
104 404
337 409
293 307
399 430
184 141
337 311
240 457
262 449
445 440
399 268
259 50
100 151
15 51
109 167
38 143
210 386
173 243
300 77
250 464
82 458
240 294
290 444
117 145
467 315
414 132
442 258
165 215
155 326
89 14
195 140
290 105
63 276
364 190
317 463
456 93
68 409
294 64
94 248
167 460
378 376
435 179
83 342
129 11
102 259
51 75
94 296
464 261
127 186
340 12
65 237
197 486
414 398
249 402
170 405
108 427
442 460
195 355
480 244
161 293
497 192
319 171
248 39
97 267
181 13
78 253
329 216
177 246
114 210
161 155
5 43
150 438
369 78
154 445
165 59
133 434
161 70
483 195
44 69
178 462
380 256
232 204
182 341
58 422
295 31
180 239
29 220
484 460
392 299
261 320
366 9
104 368
164 475
272 41
389 25
102 42
159 479
300 24
305 341
35 357
54 286
94 55
33 155
312 434
86 76
187 141
0 114
272 72
482 281
259 47
136 472
229 117
292 188
373 225
121 393
385 262
119 437
182 424
136 29
240 244
375 380
242 488
315 179
42 100
390 303
440 247
407 316
100 102
346 81
356 377
294 275
313 430
3 289
165 406
422 465
265 1
29 52
116 237
223 211
101 220
384 282
249 187
145 396
200 325
399 420
465 102
399 428
318 55
216 461
47 11
112 423
47 423
327 145
344 49
1 322
296 412
293 394
277 192
373 23
71 274
146 26
147 150
138 324
157 148
114 173
316 323
333 77
41 342
78 447
180 69
245 30
168 449
172 154
227 271
249 424
182 397
223 368
31 336
90 330
422 486
265 465
258 223
133 281
275 273
73 375
294 114
204 377
263 142
235 126
248 161
74 48
250 382
415 155
412 419
213 304
285 297
485 132
368 10
21 483
411 444
240 49
15 325
45 264
297 242
310 466
303 115
353 500
379 135
312 312
162 447
344 87
252 362
465 334
57 397
343 385
326 284
466 456
226 485
65 128
274 432
174 294
191 159
85 285
296 229
171 414
341 302
474 55
45 129
117 191
5 367
384 45
147 192
126 458
367 134
16 217
108 41
332 384
76 137
68 194
369 60
315 335
55 484
436 52
471 202
436 348
420 264
226 65
453 303
60 467
233 163
319 414
148 323
250 329
144 458
397 225
425 223
219 351
383 92
280 40
318 249
422 257
366 353
417 292
401 476
303 315
116 212
273 102
444 29
239 98
15 135
74 126
88 176
105 160
86 443
210 53
54 105
210 283
49 12
392 16
105 270
161 355
110 396
215 169
269 107
291 220
95 206
388 421
312 446
2 130
299 138
371 226
183 255
47 456
420 195
116 17
386 240
497 463
361 155
59 44
178 146
268 482
462 124
110 149
137 485
493 458
311 430
329 270
188 248
103 71
223 179
142 479
96 344
174 415
181 484
271 199
5 82
73 452
257 402
167 20
31 268
6 181
114 153
67 70
178 451
7 15
160 110
125 337
68 385
83 455
241 156
441 27
5 171
189 232
307 135
184 346
107 444
313 232
92 26
441 43
111 321
132 155
118 34
58 282
19 195
168 191
353 314
159 456
43 172
421 295
366 325
490 410
215 16
237 191
217 224
355 275
253 486
462 241
488 317
201 136
104 483
326 47
139 225
270 461
151 354
46 7
260 362
441 275
183 239
415 202
58 464
134 176
351 478
396 240
289 452
118 258
386 15
50 148
217 294
122 67
132 395
235 207
50 30
439 40
148 112
176 402
431 256
84 31
362 230
203 188
352 317
17 403
274 249
7 270
11 291
37 201
478 430
205 159
419 216
66 217
385 216
18 89
121 136
78 191
218 310
5 407
391 161
331 177
140 359
139 329
498 5
308 383
151 229
281 316
89 18
117 73
481 37
276 214
196 56
245 188
481 102
245 85
258 8
145 210
52 279
137 154
423 218
54 47
410 415
3 64
312 55
165 285
127 377
244 154
475 422
78 59
170 471
229 404
454 369
215 301
297 466
215 409
110 228
222 435
352 236
405 282
107 15
384 353
450 247
361 154
237 107
381 318
483 406
257 129
228 395
108 414
77 222
16 303
490 485
115 489
354 120
364 392
401 414
239 441
43 321
409 474
209 226
488 52
190 118
82 288
86 337
221 105
134 45
310 485
394 489
131 136
243 433
202 349
2 474
13 25
407 229
70 46
369 331
284 494
318 123
242 245
356 358
1 265
355 285
71 301
158 449
271 94
444 472
173 294
318 111
117 390
72 328
279 458
51 210
150 290
98 434
255 29
277 157
94 419
361 84
246 61
357 331
35 325
87 39
39 100
421 220
108 116
114 419
79 310
49 30
347 330
345 382
451 342
293 32
498 486
312 49
208 123
421 72
134 44
61 330
442 248
38 428
483 330
291 421
203 155
175 399
413 214
460 381
382 316
171 184
315 337
496 158
466 316
329 369
242 392
322 34
192 13
191 205
335 254
78 389
390 139
198 18
369 379
117 143
24 446
204 340
225 457
439 25
49 352
11 41
337 291
298 185
455 357
116 282
122 303
75 92
74 278
134 350
385 141
168 30
77 248
396 324
461 202
333 280
24 34
414 33
400 184
69 433
254 244
43 399
230 454
225 469
173 253
498 474
385 231
352 253
32 74
302 301
398 341
19 450
444 120
230 93
147 112
288 184
62 500
74 255
76 412
109 27
122 85
166 282
133 101
14 95
455 456
229 150
81 70
71 74
251 422
442 236
36 324
71 283
330 54
240 167
270 71
16 333
276 142
468 302
143 152
175 69
130 412
461 160
55 456
404 137
32 123
202 97
50 363
252 206
150 459
344 313
311 79
240 80
133 234
404 134
450 264
373 487
110 104
336 159
375 466
350 366
440 1
178 445
263 410
60 318
407 395
2 389
168 235
101 339
136 227
254 380
250 40
422 220
213 150
369 75
5 47
284 406
487 88
498 94
485 266
249 74
436 307
46 237
59 296
197 293
31 127
337 193
266 442
267 41
143 199
311 281
194 447
488 31
381 458
442 208
341 80
300 46
263 191
310 150
258 365
300 0
332 11
463 63
139 466
296 464
122 259
8 50
70 121
395 421
500 326
464 422
79 317
462 63
309 415
129 432
297 30
164 298
125 283
139 96
374 343
196 288
244 337
198 80
81 487
12 454
420 369
393 435
396 225
382 12
68 378
195 105
217 193
477 459
394 156
136 365
303 13
357 472
44 491
486 238
10 250
471 73
167 336
67 84
464 157
477 430
315 420
96 327
79 173
465 158
439 344
496 259
281 183
217 490
490 92
1 161
367 246
279 450
46 233
57 367
451 185
466 430
326 62
290 387
128 140
183 87
394 471
361 87
319 167
461 43
142 75
43 313
251 416
67 467
10 440
403 328
210 413
81 494
399 396
41 88
267 84
166 7
156 352
105 112
386 16
95 409
106 394
393 187
184 443
125 248
431 82
93 95
474 26
157 389
174 252
433 394
222 73
441 167
410 25
305 391
493 474
293 500
183 471
247 389
2 184
400 186
425 31
433 498
265 473
19 304
155 2
135 402
22 261
189 191
343 385
161 188
140 298
274 251
83 362
234 191
122 294
222 460
324 466
115 83
19 281
147 333
473 192
479 207
354 74
365 3
330 355
51 129
27 460
176 268
483 0
43 147
261 280
326 252
151 62
324 226
99 399
159 428
454 39
494 142
90 265
16 384
294 385
500 340
196 135
252 53
183 251
135 487
104 277
31 29
235 304
51 334
252 38
304 173
94 475
212 359
161 126
72 452
98 492
165 120
290 53
239 490
231 292
204 237
318 458
111 224
352 173
97 338
241 275
173 458
463 367
200 363
438 258
25 22
234 72
142 83
348 453
331 20
364 468
49 407
432 2
325 79
296 458
73 311
351 236
127 380
127 156
110 370
496 163
145 429
178 442
83 40
145 171
278 287
356 299
85 360
276 399
188 169
11 75
459 352
153 362
68 39
49 120
316 494
138 439
483 445
254 427
291 253
178 441
310 83
160 391
384 230
289 283
258 47
466 156
241 110
346 172
434 395
324 193
323 269
276 467
271 394
296 18
19 221
375 286
248 464
418 317
138 498
78 107
79 378
201 290
294 383
328 349
104 217
95 90
471 256
487 356
167 413
275 349
321 23
99 141
302 378
119 97
444 348
483 372
137 155
458 462
70 52
227 436
303 258
242 58
365 347
410 417
411 181
122 255
37 476
440 276
53 301
167 157
396 296
135 380
440 461
325 493
179 159
270 191
137 190
373 226
432 98
134 317
345 470
257 8
248 468
228 376
301 114
345 322
193 258
71 294
484 453
371 82
371 254
164 79
124 35
491 471
324 244
375 280
367 397
494 364
365 88
253 225
444 455
491 215
71 423
263 157
78 231
337 278
230 192
175 43
137 102
394 77
457 17
213 415
205 407
238 456
1 114
282 21
96 368
34 440
239 248
348 253
435 157
263 290
4 21
427 309
418 445
173 471
131 358
326 190
226 349
366 313
97 203
476 423
272 427
103 16
272 29
329 57
381 341
102 184
460 10
500 109
171 103
393 452
386 89
409 78
151 218
341 399
351 422
357 416
274 325
255 181
98 491
219 391
370 276
12 34
133 470
300 76
119 296
151 251
67 140
73 492
266 296
485 212
117 244
299 382
397 480
35 416
373 485
72 240
363 322
364 320
88 377
185 10
423 497
132 13
405 222
115 282
458 233
378 253
412 323
33 387
181 31
186 34
210 195
86 110
210 48
183 155
194 437
76 50
13 421
343 364
483 152
465 147
379 257
228 106
466 128
450 138
248 128
193 296
292 107
406 54
401 314
241 239
165 299
260 117
228 489
123 344
398 499
208 329
447 153
233 480
270 417
323 211
341 73
251 423
240 108
370 121
379 263
146 267
280 360
74 225
198 384
215 494
84 326
281 333
40 405
436 210
231 479
212 225
347 166
382 307
70 363
345 367
303 365
117 37
108 95
263 256
483 369
490 404
415 462
464 486
293 313
226 391
403 83
160 226
100 39
298 371
207 303
54 247
76 71
290 202
136 352
43 318
353 60
3 401
425 307
465 409
484 371
195 488
491 39
451 12
397 223
468 189
357 56
153 342
231 485
398 390
73 199
112 281
490 237
212 90
218 144
14 461
23 35
116 429
364 214
254 472
498 230
343 405
88 446
164 357
257 446
237 188
323 21
334 71
456 38
145 229
335 252
107 330
253 114
57 5
435 236
101 465
73 97
184 94
33 430
321 225
489 178
48 184
477 228
430 28
82 123
312 329
237 240
384 428
459 385
269 17
193 197
302 356
29 28
140 225
327 484
309 412
260 109
162 126
198 180
106 345
146 53
225 484
22 61
292 60
294 167
283 200
418 216
305 119
24 408
411 91
143 425
420 253
42 204
42 455
69 445
24 126
277 401
75 373
8 160
281 0
443 218
341 404
271 60
433 423
373 335
353 12
254 463
120 166
482 160
339 471
81 333
215 231
108 352
3 227
45 267
149 413
349 363
384 194
367 254
486 171
468 280
13 154
299 407
6 248
63 426
41 14
459 170
426 296
135 86
161 428
135 112
228 6
75 337
152 409
113 157
162 391
112 289
477 319
476 397
71 394
98 407
353 46
390 119
110 201
99 441
327 123
411 216
441 153
291 59
172 421
244 471
205 88
409 241
225 228
389 215
139 377
171 100
345 155
186 102
166 123
60 12
385 129
85 240
297 142
316 354
199 293
448 477
178 310
199 89
222 79
161 447
324 369
363 17
62 408
354 194
28 168
115 296
420 480
123 381
140 71
37 473
113 464
231 373
470 125
276 402
48 203
185 389
126 415
410 361
144 216
65 199
290 61
87 248
74 476
379 139
146 363
431 412
22 362
267 353
157 484
486 328
491 68
61 383
206 334
377 39
186 154
315 167
354 342
393 222
447 256
175 416
312 305
325 129
323 341
93 425
364 161
116 436
245 373
209 350
252 480
239 222
385 397
178 160
447 100
349 73
473 311
52 43
310 295
97 69
346 134
220 279
299 226
123 138
432 372
67 388
228 180
173 256
474 267
100 335
122 16
449 146
175 363
414 383
241 429
291 416
479 239
133 24
67 176
124 69
322 126
285 246
369 159
459 210
264 211
363 153
181 338
46 343
92 490
441 397
78 1
43 2
288 414
47 398
473 95
313 152
274 121
83 222
66 131
179 468
451 26
350 406
203 68
409 321
227 84
196 70
345 386
484 161
416 18
495 249
190 114
304 135
176 446
148 168
417 402
316 333
425 403
487 45
353 294
363 167
108 327
211 314
197 17
407 443
140 281
119 350
71 337
298 444
186 167
113 75
251 56
331 273
451 310
302 433
257 300
47 28
393 293
305 193
149 447
281 206
339 326
393 323
405 136
130 239
461 475
5 397
124 243
497 355
165 154
138 381
132 386
134 250
27 2
485 270
126 67
46 414
26 288
349 281
376 308
175 344
219 431
145 285
179 113
90 480
181 97
105 267
169 98
207 214
91 145
72 111
372 220
39 29
439 197
273 54
98 287
348 331
305 369
297 261
198 72
150 212
325 191
189 362
118 268
347 27
500 86
476 217
185 308
422 355
447 384
78 452
370 46
115 176
135 114
217 80
132 41
326 448
212 108
452 239
459 431
234 186
55 228
113 410
452 389
84 440
177 158
346 249
104 224
70 186
434 440
225 367
428 369
486 189
265 281
153 311
394 94
68 333
416 218
437 419
144 357
181 297
349 422
5 132
348 220
329 8
138 264
159 315
300 372
60 430
282 425
2 388
217 196
433 85
375 201
42 66
183 481
58 0
211 163
110 324
6 192
101 18
123 336
416 41
500 1
295 66
257 331
333 478
163 96
282 77
128 301
225 16
211 407
56 225
202 339
233 387
443 471
262 88
164 36
240 296
222 68
158 320
259 229
456 433
284 171
363 413
18 460
450 23
70 194
31 375
393 263
193 270
5 499
205 80
115 252
42 42
96 368
369 14
174 341
478 309
57 166
20 286
455 107
401 191
295 72
418 21
115 154
125 96
275 499
234 120
120 381
331 426
307 125
385 275
23 175
262 156
499 429
263 276
500 177
331 28
319 46
337 245
190 194
173 326
298 113
269 238
123 178
66 186
57 287
399 442
156 242
470 204
257 220
145 300
108 282
145 362
19 111
275 396
287 56
71 402
165 271
431 160
255 293
397 51
377 202
209 333
21 353
31 452
392 80
405 3
194 232
329 134
404 40
281 279
95 261
32 329
11 244
197 406
304 85
472 305
181 32
442 30
112 45
478 84
117 42
6 343
205 21
445 464
475 338
359 112
298 356
454 345
456 88
284 221
42 122
440 289
469 46
82 347
333 293
358 292
410 236
219 287
249 241
240 304
326 433
52 184
16 375
53 310
347 378
362 332
260 51
313 283
418 451
165 329
235 84
327 216
381 63
378 474
39 259
238 183
377 394
31 397
182 462
22 2
99 224
337 453
328 498
260 443
87 301
21 317
463 462
336 46
85 266
242 207
258 139
152 128
27 272
396 135
106 44
161 490
217 233
286 424
74 158
440 290
335 460
186 329
111 134
230 376
390 94
134 43
312 474
162 127
5 394
52 77
137 125
400 491
205 115
465 273
80 468
330 184
34 173
326 414
268 483
133 93
227 224
109 395
43 113
216 444
260 294
117 497
211 455
341 159
27 129
15 236
435 167
458 156
456 184
405 358
396 237
269 491
49 166
314 335
191 66
103 55
230 396
347 451
372 86
205 145
174 31
171 370
249 200
188 308
419 135
163 498
480 491
145 131
386 59
176 101
28 14
183 430
290 392
239 470
76 170
235 209
41 26
454 385
4 343
12 64
426 68
43 479
165 25
378 116
444 49
104 320
449 207
480 247
441 398
89 107
354 229
388 317
350 227
220 462
258 38
412 364
70 125
104 119
218 267
271 295
339 184
284 244
314 358
56 305
305 130
230 260
339 440
126 386
385 122
471 469
446 335
388 279
174 487
19 362
369 481
82 206
167 15
190 246
414 355
106 314
336 229
297 213
410 447
477 133
200 2
360 347
398 234
234 439
350 164
109 9
317 449
434 122
392 259
69 286
20 252
113 62
120 420
88 113
245 132
183 304
338 432
373 163
259 470
108 422
190 262
326 182
110 26
55 136
303 138
105 350
412 55
57 268
314 25
62 487
376 27
46 68
185 365
109 62
145 481
269 245
310 0
299 391
104 82
45 38
406 67
21 386
187 431
5 126
252 449
115 126
88 240
477 441
328 408
314 294
319 425
117 259
469 375
499 306
417 65
158 64
93 422
378 53
6 296
384 213
439 379
160 350
306 94
344 221
89 53
200 218
401 82
271 489
47 346
131 336
270 367
353 363
436 326
451 426
347 450
248 43
73 455
212 285
360 258
191 364
200 267
120 6
110 86
36 50
198 160
286 320
471 463
129 492
451 463
346 157
416 386
382 44
88 247
127 118
63 276
311 369
470 57
479 355
142 172
421 272
211 38
24 375
446 34
484 365
15 230
303 458
296 317
63 160
242 96
446 203
226 222
418 281
179 104
94 105
199 410
465 355
119 456
348 394
309 60
97 370
381 141
206 402
123 176
469 469
109 188
485 227
241 369
183 413
248 269
440 249
195 335
261 351
31 327
321 271
256 98
327 433
266 122
168 256
265 461
201 63
392 4
184 427
198 120
224 29
284 200
140 277
177 189
35 67
488 82
292 113
241 331
227 368
387 199
391 92
93 76
162 20
307 277
359 401
382 488
237 487
202 286
101 311
373 222
448 203
40 416
187 104
328 22
169 481
308 239
76 38
488 141
420 374
143 203
196 272
175 124
88 126
77 303
73 309
439 123
307 433
454 125
269 56
224 74
445 302
267 320
164 368
183 66
131 68
458 50
495 20
191 189
229 70
200 267
154 375
469 60
30 173
425 471
265 43
398 280
59 326
426 79
335 278
186 119
146 428
336 123
496 56
309 32
40 394
389 140
494 270
158 431
7 392
348 161
466 428
308 16
77 209
418 459
128 0
240 212
35 12
170 38
175 277
439 410
497 144
280 428
131 132
92 228
24 86
414 218
181 385
227 25
291 296
103 458
113 121
47 90
468 374
53 455
397 39
466 384
226 279
90 112
358 61
368 407
408 169
341 111
199 187
195 336
176 283
172 459
496 102
455 304
308 181
329 243
373 47
150 349
229 244
373 141
149 438
122 318
457 43
229 339
15 45
83 473
157 275
481 419
419 153
108 69
271 345
243 199
190 449
282 317
265 339
469 416
456 471
391 25
424 263
386 441
494 48
222 361
164 429
382 207
160 60
383 277
404 149
457 153
145 142
307 88
40 161
468 256
247 144
450 232
412 15
386 253
462 335
129 438
335 273
11 269
227 323
355 206
314 458
266 466
374 44
316 132
161 262
432 161
360 252
453 153
100 67
81 36
362 149
250 332
183 275
40 374
102 435
281 283
410 186
275 215
194 168
96 207
314 125
247 426
379 296
85 254
251 310
347 246
245 418
334 363
15 335
234 311
356 447
172 305
84 150
495 308
120 298
491 481
464 323
343 168
397 355
47 167
15 37
208 497
125 333
122 30
58 375
379 421
168 333
116 426
463 206
161 141
273 249
439 420
122 482
216 126
458 161
287 479
87 272
240 394
491 65
317 324
464 137
477 25
40 90
316 489
193 226
207 427
257 339
230 181
301 211
26 185
243 61
256 234
449 89
58 247
36 190
181 316
306 478
37 346
196 496
285 83
256 29
316 332
83 31
108 321
213 369
119 433
437 62
382 349
28 7
230 275
143 432
25 189
219 97
303 166
269 483
332 143
19 298
482 155
440 279
34 38
197 490
264 488
62 489
254 285
391 211
245 499
151 370
490 62
169 153
169 254
273 280
237 57
88 197
166 199
120 387
440 37
213 490
500 73
419 151
259 282
93 270
7 163
150 258
59 500
332 269
416 183
213 491
427 412
200 416
19 482
150 493
229 70
303 88
448 233
134 176
363 205
48 191
370 256
357 77
489 78
137 242
334 47
140 74
261 122
195 13
433 339
283 175
461 437
41 305
382 307
423 153
189 439
454 404
219 167
234 378
68 22
148 194
490 19
341 183
424 441
51 159
141 224
204 293
493 281
149 393
338 250
235 313
467 149
233 92
249 340
249 149
398 322
393 426
12 262
343 83
138 313
204 474
350 305
451 157
16 77
185 146
58 378
75 269
5 459
296 110
250 54
427 480
475 90
19 288
468 466
192 422
498 449
478 327
371 375
433 363
255 450
133 36
94 27
247 105
73 86
318 128
359 206
192 1
18 164
423 47
183 279
26 122
405 169
278 190
268 198
326 377
237 277
384 317
373 193
56 203
105 268
103 377
149 4
380 51
215 314
299 49
398 489
0 362
68 140
316 113
9 465
114 333
201 301
415 435
240 459
85 411
224 140
479 287
449 342
245 321
361 414
116 204
237 116
109 247
478 359
136 494
179 248
309 89
243 99
424 8
39 366
316 136
86 479
31 306
492 480
2 256
359 258
478 430
109 126
100 151
31 20
295 100
44 365
313 307
342 137
254 27
337 78
240 425
50 93
368 328
136 486
299 0
193 210
52 148
304 75
340 420
450 445
371 155
154 138
487 433
352 172
455 388
489 239
386 217
32 245
36 208
13 89
271 287
37 273
152 500
431 210
76 124
303 229
287 396
120 301
148 114
214 25
185 291
46 380
302 156
330 425
212 260
427 296
157 249
150 229
261 336
350 69
182 124
304 317
45 157
250 91
157 414
375 349
353 235
483 324
246 408
368 159
214 246
243 59
372 465
25 156
110 186
348 68
351 453
219 300
167 305
54 95
222 11
286 313
473 364
19 390
160 100
147 363
99 217
243 120
455 54
210 291
202 216
134 411
133 257
102 213
244 283
52 186
121 351
17 317
480 379
57 224
263 464
13 289
157 41
320 73
324 230
201 330
74 281
296 115
340 340
184 343
215 252
310 243
93 222
298 196
211 424
374 302
360 156
129 344
69 13
20 83
408 169
76 367
495 29
111 46
239 7
379 25
273 163
440 178
278 310
209 282
86 372
204 374
486 24
10 385
75 14
365 391
268 379
291 217
343 395
411 361
26 321
123 252
238 94
289 332
336 203
2 36
38 165
260 499
92 141
206 468
197 212
242 385
424 482
327 397
242 304
344 328
72 410
264 166
40 240
399 249
273 112
17 120
446 417
90 494
268 127
25 293
311 273
1 200
76 242
443 5
47 207
329 218
182 234
138 210
40 59
408 247
409 445
352 311
170 222
133 306
407 338
32 361
320 251
320 259
330 313
393 464
162 499
236 156
299 237
345 25
327 439
461 238
453 222
473 409
223 299
337 488
22 263
243 472
20 271
441 263
60 118
417 167
305 403
268 388
200 363
187 97
197 342
329 241
442 321
497 377
297 304
263 83
356 294
246 411
183 24
305 15
358 276
65 143
122 263
441 312
124 69
229 329
394 75
131 496
390 440
45 48
138 365
25 497
42 396
160 78
357 439
322 131
264 5
143 287
301 132
275 161
116 203
463 180
268 107
477 252
369 165
25 268
372 31
109 253
319 457
345 459
380 459
306 271
252 406
14 126
146 219
175 347
274 391
262 489
228 240
352 464
400 252
202 171
32 78
196 378
121 422
120 6
264 252
453 332
303 169
183 359
428 130
379 389
11 334
419 146
375 361
205 116
81 367
257 80
464 461
161 170
270 47
68 243
495 47
312 368
468 119
475 130
409 156
266 396
444 235
338 222
356 431
253 173
95 105
61 316
350 47
41 465
38 73
432 209
484 284
54 249
456 485
370 69
494 51
400 457
67 175
163 252
280 311
6 94
448 223
328 239
403 370
123 38
83 212
318 284
329 214
199 48
108 407
229 200
22 264
183 190
468 312
53 432
418 289
102 177
326 381
292 324
244 428
190 418
206 70
433 301
301 134
111 406
456 475
445 113
210 457
496 91
459 61
267 91
341 151
120 198
301 112
9 395
407 56
153 105
296 230
263 302
86 98
482 23
74 364
272 64
470 340
273 93
89 384
185 358
416 387
209 133
490 422
327 33
212 118
295 64
454 158
111 4
408 109
309 186
70 422
74 336
486 291
293 197
393 331
312 327
224 381
214 457
160 425
472 331
135 391
469 276
412 29
119 72
339 476
205 311
89 22
3 183
28 346
289 158
477 428
107 270
48 283
297 429
273 42
68 130
490 455
390 93
348 129
456 234
363 162
258 168
68 154
309 47
35 275
233 114
12 369
83 429
243 239
136 171
23 372
317 161
494 231
52 385
179 184
196 314
347 193
330 376
221 380
497 102
59 76
251 95
156 63
41 22
38 404
344 433
494 267
127 74
102 497
328 442
248 325
125 443
80 487
467 44
291 318
98 311
225 111
85 58
454 194
174 424
220 61
397 279
318 91
352 251
83 52
44 324
497 149
185 64
330 344
46 282
53 280
18 263
102 269
429 34
194 338
423 255
26 412
339 131
475 355
104 299
348 89
28 148
353 44
194 245
250 274
114 65
496 164
316 398
115 392
208 425
406 356
2 83
23 54
332 494
210 127
196 231
67 68
30 383
195 78
292 55
199 287
499 467
257 353
352 296
257 454
197 72
220 374
299 52
461 256
177 476
272 185
109 189
348 62
153 339
356 113
284 239
285 487
498 472
273 261
337 95
250 330
276 85
366 335
333 404
292 274
284 2
162 36
349 215
0 51
319 273
73 198
242 83
373 416
466 451
239 266
483 261
269 37
367 147
69 432
388 203
74 367
435 132
298 366
359 337
268 165
11 165
182 356
168 418
87 267
63 44
187 16
196 448
246 11
171 161
33 14
325 124
488 396
440 155
101 42
229 234
313 403
195 448
312 222
25 64
279 296
223 117
88 155
412 179
287 148
32 188
472 86
79 394
66 230
152 415
305 303
188 96
174 367
143 251
323 344
496 316
97 60
171 246
277 403
41 31
28 470
122 270
14 1
5 244
40 108
64 85
476 351
22 34
497 469
445 374
93 491
68 39
477 59
261 27
51 113
142 8
207 41
175 451
422 248
178 174
140 30
280 116
83 103
229 78
419 78
96 257
469 143
115 54
215 42
345 468
358 306
95 99
331 7
365 285
173 376
60 163
127 231
304 317
330 336
129 303
32 225
423 197
135 123
492 351
77 272
240 353
499 144
292 269
488 62
91 67
481 231
173 243
89 257
162 158
89 471
459 283
310 38
397 370
42 311
249 85
238 441
172 196
216 6
19 301
403 382
354 210
430 62
91 97
4 355
386 184
87 469
13 316
322 322
391 177
0 177
237 199
454 156
6 445
53 339
278 90
44 167
15 282
221 112
6 87
497 442
273 48
268 351
478 395
209 428
211 448
51 74
226 154
186 275
89 36
495 183
82 210
399 95
340 108
305 462
163 66
74 199
357 74
86 337
202 414
381 494
368 336
69 484
167 331
212 89
432 431
141 135
152 368
135 4
267 344
272 215
385 455
230 332
261 235
54 485
370 136
147 56
279 393
312 251
111 113
451 238
439 427
480 310
408 224
23 289
248 303
137 224
126 75
472 21
323 459
276 235
189 113
485 347
301 460
265 342
266 38
493 78
231 7
216 411
463 69
115 466
486 350
76 325
98 239
373 235
423 379
496 488
264 230
499 468
341 88
395 103
483 371
397 9
344 28
482 463
172 181
346 206
465 375
323 117
165 70
116 423
317 182
49 87
249 19
264 273
41 435
413 10
215 205
165 279
170 445
292 84
458 393
388 214
284 425
7 361
356 217
464 268
110 414
371 346
149 421
99 305
61 190
318 134
271 108
87 289
341 50
288 330
414 83
488 171
350 345
169 165
415 40
366 317
76 427
72 69
484 257
334 118
243 125
21 98
486 85
207 134
494 448
392 186
29 387
22 106
255 293
314 383
359 415
77 126
294 140
302 153
48 253
318 31
48 15
491 389
102 452
379 130
442 123
245 141
131 406
89 320
173 65
335 271
131 352
24 470
118 300
227 358
410 256
250 422
279 427
188 59
396 172
403 13
30 66
458 208
471 157
427 367
21 291
118 361
92 395
121 59
351 432
130 443
176 482
212 428
410 201
182 392
83 417
289 390
213 147
214 336
43 71
16 278
150 24
431 338
164 263
239 185
42 494
295 301
206 491
243 72
249 351
58 317
309 334
386 11
204 112
406 265
145 401
485 298
32 0
63 403
352 266
405 208
272 27
278 139
364 192
210 326
257 76
294 27
273 401
269 409
374 160
377 488
384 316
307 178
498 316
429 482
361 387
349 52
470 170
431 38
111 279
219 378
210 83
114 399
166 116
35 182
324 43
438 93
78 451
306 394
249 374
413 500
222 187
277 62
392 34
406 170
66 19
34 7
253 32
369 380
32 123
10 257
498 7
61 417
482 75
437 72
374 115
19 410
240 324
481 454
265 309
329 290
117 65
14 184
65 366
227 290
283 456
12 419
72 164
160 83
0 460
435 92
61 215
268 12
148 46
199 41
85 41
426 258
486 118
371 288
114 497
209 104
292 355
185 19
340 405
41 352
215 107
415 242
241 246
206 188
61 403
500 338
143 496
121 368
367 192
203 307
191 474
484 303
288 216
267 78
261 428
133 184
485 262
120 28
17 225
363 37
332 141
181 421
109 273
146 36
128 187
224 215
79 39
213 99
420 457
204 92
195 338
295 209
125 269
433 270
83 119
322 10
22 129
138 340
218 50
254 410
190 54
43 129
316 301
28 175
5 178
10 316
54 36
119 296
425 264
246 109
391 357
252 328
296 262
223 399
46 73
222 492
327 296
149 471
38 320
265 60
282 103
275 266
12 75
79 279
182 485
385 131
27 120
432 312
243 411
17 462
445 493
55 330
113 240
279 201
10 57
236 467
123 37
52 405
446 201
55 354
157 429
44 484
386 14
329 254
416 58
208 62
191 403
156 413
301 311
487 294
443 176
336 301
349 120
360 37
287 182
459 180
34 403
428 437
267 339
296 471
404 289
173 209
498 143
276 250
170 492
254 144
388 423
380 479
101 356
260 462
429 29
69 436
362 54
66 38
158 326
102 151
185 71
228 88
434 331
2 196
80 149
321 96
445 254
373 97
8 415
159 235
61 230
76 112
411 311
156 307
485 389
380 498
115 258
334 86
277 188
205 7
449 205
152 319
487 409
337 139
455 161
339 80
476 384
415 451
80 24
74 248
414 273
370 284
138 464
72 348
48 253
21 138
134 179
26 417
319 145
170 342
7 11
107 373
7 274
310 465
242 390
316 98
361 282
293 337
181 303
451 295
75 20
308 418
199 218
33 396
33 214
339 99
116 33
480 80
325 397
297 449
26 219
214 295
398 480
45 391
414 383
473 328
363 404
230 153
455 245
387 46
88 469
81 351
480 55
238 24
404 11
352 342
384 302
146 496
422 143
76 136
124 276
95 21
432 485
191 14
249 442
322 421
291 451
312 168
144 344
251 346
211 261
404 247
467 372
49 28
53 175
489 404
312 403
468 141
199 33
476 305
64 8
179 393
441 40
75 98
20 433
141 431
88 397
246 493
478 31
406 410
461 162
244 328
169 310
76 498
219 464
457 85
490 68
46 177
270 324
488 165
317 410
178 271
79 211
201 320
263 141
158 300
33 241
26 419
8 124
47 455
262 133
486 31
259 241
115 249
430 23
16 53
97 243
165 101
70 380
314 292
278 269
218 23
64 386
41 272
151 318
342 156
285 232
236 320
445 473
108 343
172 129
37 417
115 420
186 441
331 186
421 252
454 166
472 330
399 363
301 450
267 488
401 200
169 497
164 92
82 52
383 3
367 485
152 376
39 244
139 1
162 191
75 268
312 263
20 409
234 53
96 238
288 415
12 239
102 44
186 185
491 280
33 345
261 190
92 237
382 262
63 222
242 495
346 105
424 444
222 301
399 381
174 274
383 285
384 247
271 303
397 169
127 316
339 208
231 354
283 14
471 161
70 9
181 360
183 163
154 236
284 453
187 15
158 139
85 385
299 189
79 404
139 49
474 379
180 376
395 202
94 152
264 200
189 298
429 92
307 429
312 208
329 58
58 3
186 136
481 417
52 401
68 59
422 428
135 64
298 370
438 464
16 149
37 229
166 8
192 170
321 294
317 207
120 112
418 375
265 339
433 39
177 136
172 324
374 278
345 254
2 213
10 79
318 256
258 377
440 428
296 186
205 238
172 44
470 307
46 114
35 245
76 96
273 396
243 206
120 78
372 13
477 373
213 380
51 73
78 377
34 113
13 282
34 176
257 99
328 162
54 151
348 406
443 231
156 238
298 70
393 323
429 206
178 188
287 444
410 158
304 14
131 38
391 109
65 258
220 152
175 472
404 247
305 441
474 155
37 192
269 476
474 497
167 37
67 237
75 349
93 66
233 195
44 453
393 366
66 147
45 311
105 401
444 411
18 150
209 374
87 48
84 296
347 273
127 223
109 11
104 337
88 178
303 267
115 170
251 487
294 154
9 354
309 153
234 444
130 350
137 86
50 282
370 474
116 68
168 190
492 496
308 363
350 239
147 295
398 336
110 327
39 458
479 366
427 86
484 123
463 394
284 88
235 356
380 376
258 153
478 151
484 466
416 150
145 276
253 210
169 414
2 362
91 487
414 135
301 136
292 64
90 171
22 311
370 440
35 189
245 399
308 370
306 262
469 97
433 371
208 209
390 78
216 436
112 457
110 73
41 252
35 156
399 99
406 226
248 306
435 308
293 190
204 348
132 456
355 97
15 472
432 133
11 318
328 361
202 16
265 471
467 127
94 387
53 275
327 185
210 149
57 471
184 463
296 123
164 489
438 466
455 281
203 339
443 247
9 39
212 38
84 390
203 460
9 408
62 348
84 51
406 115
486 387
142 261
331 429
204 126
222 196
305 368
20 477
488 383
353 261
265 295
379 396
382 384
417 460
449 20
109 119
379 58
435 474
370 366
86 407
142 35
337 390
79 194
155 252
180 42
419 66
116 248
79 493
18 288
404 226
402 87
292 391
234 146
15 2
472 110
211 445
157 181
107 397
247 405
447 408
29 476
325 429
67 405
356 364
30 329
279 110
269 14
70 334
189 410
58 214
29 404
1 453
77 262
57 209
167 338
236 495
84 477
305 496
127 4
28 247
386 58
408 140
496 155
277 81
132 454
396 332
240 366
139 404
464 98
89 42
484 9
130 423
226 4
404 261
95 262
490 254
470 50
253 1
191 134
176 310
231 78
499 463
376 394
267 294
396 442
165 41
163 249
19 76
81 156
24 4
255 399
487 306
88 319
394 242
206 33
48 288
202 382
483 279
32 463
408 329
442 120
105 64
189 388
496 148
137 450
325 74
135 383
162 263
18 361
244 207
28 303
259 277
61 92
431 355
432 354
29 379
5 263
1 6
1 107
365 304
237 109
5 86
269 359
252 92
24 116
498 137
150 400
399 282
114 75
115 443
246 42
103 483
257 182
241 315
152 13
150 499
378 340
366 241
420 455
463 53
263 494
8 49
333 478
225 500
31 38
14 337
448 203
42 357
358 232
438 289
193 449
27 13
432 351
395 471
323 239
162 13
4 167
392 181
493 282
11 284
481 29
371 479
12 297
280 83
194 79
311 300
480 256
183 21
320 179
17 463
17 2
276 121
210 48
29 332
445 482
201 457
456 264
43 140
309 12
406 262
50 382
496 290
89 392
112 94
356 410
67 480
213 77
150 299
54 226
362 96
426 124
424 0
418 434
91 96
378 215
312 311
342 62
381 19
224 408
132 212
64 261
289 164
34 433
310 120
456 105
464 409
155 335
437 52
406 103
375 81
55 413
2 8
190 133
182 196
184 308
151 353
142 306
283 101
200 479
266 234
491 288
122 150
381 433
75 500
0 80
36 192
75 411
120 333
500 451
353 499
325 427
351 31
80 76
220 459
398 340
496 401
293 451
312 486
99 263
306 383
222 326
480 322
119 13
38 49
263 324
499 311
105 164
102 477
376 299
259 333
110 446
273 358
317 198
11 477
329 446
193 130
479 231
26 284
0 394
69 278
178 240
201 350
332 303
5 120
329 456
487 310
377 71
491 455
491 185
171 355
272 51
130 200
192 349
455 187
76 95
87 269
261 89
186 78
297 371
91 260
55 318
117 255
203 471
209 448
488 496
282 84
2 414
252 306
457 488
53 125
133 29
274 29
159 229
143 469
472 201
80 450
455 22
333 66
140 366
257 124
423 409
429 280
329 97
470 78
470 327
43 114
237 422
104 101
236 478
147 285
119 346
247 75
152 94
263 15
96 135
239 56
61 85
384 3
290 315
111 13
399 440
20 147
270 463
442 144
35 303
431 391
1 120
215 25
76 274
69 63
249 215
37 329
49 99
94 399
5 372
167 117
394 219
93 138
216 313
163 107
98 126
384 19
298 460
103 203
485 493
409 349
444 291
389 66
121 478
247 439
417 455
307 165
258 385
50 286
128 414
8 442
177 300
90 32
50 420
338 160
211 260
66 184
386 11
299 370
434 191
164 42
396 476
335 327
105 61
53 147
304 402
72 45
404 336
82 395
422 175
261 60
278 335
315 203
273 493
29 447
155 374
84 286
312 219
354 286
431 374
6 173
389 231
403 260
74 291
129 22
44 381
319 9
480 347
234 496
304 265
96 19
491 165
4 166
334 26
143 360
220 160
7 158
326 333
496 370
279 43
24 95
360 142
46 409
268 233
497 330
284 50
3 63
346 481
148 436
325 18
249 32
99 204
26 224
264 472
233 99
59 445
71 217
40 221
4 8
356 152
200 16
91 452
183 432
379 312
265 233
310 30
282 500
142 375
332 36
212 320
404 33
339 87
71 274
240 498
219 88
263 298
48 160
320 478
333 201
82 261
125 195
374 310
200 382
129 120
429 5
201 118
344 352
18 206
269 146
434 56
463 25
491 174
125 139
261 157
327 348
404 350
385 500
353 56
284 315
100 223
486 84
319 40
482 458
351 29
332 81
128 265
93 19
14 60
1 475
69 63
370 128
198 456
433 416
401 419
49 218
387 439
107 494
299 41
117 240
59 298
208 180
401 481
463 210
413 25
352 232
403 289
274 304
50 103
423 366
38 67
93 320
278 101
169 157
238 208
223 399
52 200
220 178
374 241
498 209
320 439
443 307
130 191
77 384
386 296
385 218
125 413
41 160
94 370
486 317
393 20
323 29
430 225
340 65
234 448
284 456
286 464
466 30
403 41
458 357
417 8
282 155
241 462
28 76
18 350
365 187
121 247
241 106
234 437
124 485
85 28
495 248
344 333
241 101
51 418
130 327
254 210
76 498
444 290
192 445
101 391
312 464
233 3
209 165
416 74
433 288
353 246
302 477
38 234
107 482
228 32
8 463
51 497
195 170
50 417
23 355
274 381
457 263
242 100
56 190
154 43
30 54
234 13
258 125
345 436
51 317
110 73
356 441
317 59
248 225
35 273
186 1
99 416
357 108
169 447
130 368
356 494
467 371
122 399
409 123
428 389
261 174
205 444
257 128
345 76
46 82
424 208
251 337
277 85
429 104
488 235
99 51
260 172
468 216
252 339
340 406
168 158
185 89
450 318
84 78
369 424
414 102
447 350
348 404
261 407
153 98
238 195
36 471
103 318
429 342
388 381
318 32
426 451
436 132
442 149
44 385
464 109
318 462
476 265
72 480
169 180
258 264
466 239
202 247
170 371
397 305
316 405
475 283
26 171
431 44
312 465
25 253
179 116
195 263
112 7
148 151
269 33
157 481
352 305
14 307
219 465
414 324
77 118
369 112
7 131
14 434
399 358
256 11
257 342
34 109
376 419
312 337
96 282
272 345
392 359
398 209
67 254
362 189
285 42
152 22
407 473
133 343
230 467
42 66
38 454
39 17
435 239
246 244
131 336
166 122
129 238
371 378
68 95
352 92
367 210
154 260
307 290
338 440
440 12
212 493
248 226
9 107
220 258
112 344
175 210
86 459
478 6
476 200
24 441
111 54
191 63
467 1
345 229
278 187
375 471
164 201
499 254
171 268
273 293
156 130
215 309
269 323
39 363
98 430
227 225
180 315
107 223
290 486
365 461
93 131
223 200
102 284
242 434
273 261
174 145
189 189
440 221
293 161
26 241
215 59
298 351
187 389
171 15
381 104
329 283
472 226
148 457
399 351
213 157
137 176
48 226
474 441
125 251
350 496
17 317
125 61
150 398
339 295
363 31
54 121
194 474
476 308
353 45
357 344
444 23
304 2
401 406
8 478
446 422
469 303
443 410
299 421
136 317
37 317
433 397
183 112
456 147
308 121
382 193
423 267
385 372
371 446
388 328
151 84
335 463
452 385
416 243
137 141
43 143
379 338
447 42
197 302
81 441
14 128
58 64
369 160
163 356
263 107
86 8
31 436
219 384
452 70
57 142
164 148
194 433
467 247
28 471
14 127
347 10
285 242
14 155
138 2
170 226
159 43
160 295
144 473
116 449
105 205
330 212
236 31
20 390
323 10
478 128
143 334
420 456
128 289
223 456
263 386
20 5
254 347
132 465
3 172
315 60
375 390
71 178
300 368
134 340
334 350
42 258
153 356
15 39
121 62
255 472
414 313
264 74
24 319
130 494
28 103
407 131
453 327
346 452
375 53
203 345
312 476
38 249
348 436
5 497
373 364
184 271
475 312
81 211
80 166
95 114
353 209
400 154
50 87
103 3
462 252
279 334
39 472
156 215
213 456
454 275
123 289
302 487
18 118
169 400
46 141
150 86
10 128
178 276
110 400
260 69
251 309
348 35
448 152
274 238
19 433
186 146
264 108
80 281
370 1
330 314
322 14
409 421
166 122
56 172
443 386
362 412
47 487
365 487
253 91
319 7
110 398
70 326
409 67
27 418
223 442
453 151
237 144
286 261
288 105
295 295
89 420
42 84
330 144
393 478
112 3
79 367
247 264
202 49
170 112
229 363
90 362
469 222
35 426
422 289
12 375
25 470
245 220
112 319
347 400
453 350
78 209
161 9
184 341
257 303
208 114
24 303
430 404
185 359
20 344
239 86
82 412
142 34
224 467
138 87
500 111
215 336
438 288
374 432
209 423
441 318
452 41
167 386
31 344
69 379
42 457
77 257
26 157
485 432
253 487
406 396
398 38
445 24
250 269
3 259
137 263
477 314
436 3
168 377
453 268
27 6
290 420
335 276
255 122
476 328
374 252
320 141
471 371
92 78
170 19
233 77
95 44
188 222
319 71
333 282
105 213
101 299
121 369
152 277
474 475
14 456
372 129
377 3
267 68
257 275
50 228
268 371
238 133
170 434
59 147
50 32
163 64
215 193
222 200
10 345
403 150
124 409
495 330
269 288
322 197
313 490
467 4
77 268
322 84
142 194
277 26
128 332
264 217
242 232
430 265
255 420
310 399
339 400
48 451
485 280
478 70
19 377
401 56
410 161
358 165
420 67
57 7
484 255
61 310
224 93
438 295
306 325
498 176
8 280
37 51
398 189
473 474
409 286
82 75
31 71
221 15
249 363
99 410
40 359
264 145
132 8
158 79
83 245
408 236
424 407
281 20
213 148
241 140
166 421
356 272
386 82
173 292
207 484
11 228
252 77
374 472
403 145
94 427
147 479
61 310
66 48
458 129
360 37
249 3
16 43
460 387
450 225
85 393
133 392
127 123
449 275
347 111
405 291
120 367
109 197
376 191
292 425
299 468
250 105
477 373
170 304
334 126
57 11
37 411
456 332
104 60
318 470
168 237
367 177
492 5
413 404
203 266
53 103
348 493
394 51
256 463
460 290
167 247
411 474
31 453
435 4
402 354
390 39
219 336
64 258
70 249
139 342
216 290
60 83
64 38
386 354
291 154
302 274
48 400
163 111
205 416
374 453
463 218
195 320
492 497
456 250
97 372
105 259
154 157
424 158
119 27
374 285
357 428
498 296
339 485
453 341
384 116
423 360
9 155
478 253
472 491
125 401
6 359
466 368
89 246
58 247
28 460
432 86
330 198
384 183
474 454
168 37
10 351
63 315
390 226
420 385
108 360
166 223
60 274
221 480
239 124
81 491
89 68
390 31
171 24
335 61
477 157
471 418
428 59
16 285
52 235
453 484
264 288
478 252
470 26
426 377
340 117
420 6
348 250
94 343
252 442
435 471
330 411
418 98
404 495
116 188
340 452
101 283
313 307
365 156
88 11
99 236
336 209
182 17
334 298
172 13
27 421
418 496
23 115
248 249
292 44
363 209
35 193
123 151
61 169
107 228
473 431
72 394
187 56
94 238
136 223
90 109
497 11
208 4
370 170
153 5
225 8
488 250
483 51
121 385
49 455
355 99
183 414
212 217
490 479
458 197
340 92
144 218
409 475
380 236
22 470
13 366
317 425
289 246
87 416
104 125
345 151
444 174
361 90
425 73
421 156
117 264
40 331
437 400
272 352
291 54
477 449
485 164
212 286
74 63
141 392
121 392
31 8
89 64
315 197
98 341
48 306
71 276
105 253
177 80
317 161
470 69
190 58
129 468
222 374
82 64
415 22
225 63
43 500
213 77
338 44
86 233
320 448
409 443
491 91
477 120
217 48
492 172
317 259
391 139
53 493
227 175
70 31
61 494
395 29
212 219
90 146
303 424
229 363
23 38
305 182
82 182
133 449
197 399
173 377
327 311
500 476
186 195
397 26
140 288
338 77
141 55
395 178
498 317
178 177
500 322
293 416
415 191
186 296
23 114
70 288
38 320
328 110
40 280
376 419
89 43
193 10
445 490
214 480
245 286
425 237
295 340
486 91
166 481
82 426
285 319
54 235
325 376
293 117
81 455
132 152
289 305
111 470
473 86
97 193
44 285
353 231
337 425
142 211
170 384
216 105
354 236
169 45
23 439
205 104
472 89
180 281
324 379
9 242
176 69
291 458
273 427
60 8
322 110
389 55
3 105
246 252
318 381
492 131
127 406
148 119
32 426
418 282
450 480
154 130
54 349
426 454
43 474
371 333
139 254
308 267
101 351
228 102
155 447
496 126
215 435
482 378
314 54
3 467
252 167
119 175
316 434
432 393
52 209
345 24
37 477
154 368
105 414
234 157
156 381
424 411
149 227
388 312
29 424
201 465
399 154
363 372
377 186
64 82
312 29
43 34
387 394
342 497
158 264
143 353
429 182
186 154
418 13
31 368
261 84
260 330
322 229
122 279
110 322
49 249
212 433
329 423
459 218
473 56
24 402
451 0
88 8
239 77
399 246
6 216
181 133
199 176
405 236
332 499
145 290
28 238
483 83
284 416
362 397
57 431
194 216
189 44
243 128
487 48
219 375
401 323
175 400
425 159
443 355
167 180
41 124
144 387
416 117
217 500
266 45
68 115
200 359
481 168
232 156
36 213
44 373
42 485
490 451
152 473
64 380
433 396
445 71
283 208
202 59
415 410
54 433
7 182
413 219
116 107
431 403
461 229
88 250
215 114
301 163
305 43
430 181
318 319
460 349
2 63
75 151
250 402
158 302
23 204
413 465
100 17
355 389
56 335
356 404
442 21
493 76
183 443
43 121
363 361
244 426
470 493
460 372
304 58
493 166
365 123
44 36
144 471
123 170
417 123
106 102
18 269
129 439
431 354
76 72
167 183
436 32
40 383
136 273
134 21
451 193
130 153
301 137
308 196
290 88
12 250
359 438
387 28
463 129
82 229
385 283
229 381
294 98
439 317
274 30
347 127
430 462
348 327
197 447
158 218
211 330
114 421
457 117
70 45
79 190
84 274
286 440
195 6
22 464
193 177
319 69
475 151
3 212
152 232
105 255
349 151
406 95
374 354
68 169
318 38
360 266
129 406
199 198
203 386
102 5
93 451
304 324
135 96
299 463
113 217
471 139
424 496
26 271
161 334
442 166
133 230
183 461
285 146
407 136
337 307
83 70
418 247
443 456
223 404
377 484
116 325
69 162
318 246
440 289
204 63
1 440
50 330
352 137
443 411
221 294
456 345
60 119
166 38
87 439
77 415
156 71
90 84
381 292
133 362
350 80
469 250
95 464
191 422
189 344
339 432
397 276
468 382
215 89
414 352
46 247
303 143
92 255
250 203
111 281
274 174
51 0
39 444
40 140
165 441
25 243
292 56
408 24
38 50
65 362
14 147
92 489
366 455
453 112
135 328
433 467
498 375
350 464
60 494
458 151
317 83
365 283
353 56
16 247
12 137
478 304
178 84
9 466
89 283
287 348
251 158
49 42
358 143
395 378
181 482
248 37
111 206
157 267
12 243
68 32
334 388
307 291
24 88
496 103
394 165
415 58
283 278
376 396
406 427
235 112
40 201
116 469
224 128
191 146
82 261
233 405
335 116
9 355
494 465
217 155
193 358
12 114
305 433
222 242
160 75
378 302
236 302
500 311
314 93
95 128
383 455
41 482
224 375
341 354
18 97
364 372
367 40
214 413
299 172
145 243
117 407
0 220
225 286
298 297
36 482
100 195
477 291
117 475
182 300
318 63
212 104
165 191
26 18
316 451
313 248
134 80
425 448
20 303
476 301
251 368
296 416
390 381
233 398
56 380
290 356
134 333
73 346
157 348
190 195
320 55
256 206
393 18
93 454
80 224
231 189
213 30
374 263
61 148
352 391
72 289
489 204
468 471
437 103
249 6
111 451
449 101
392 104
5 266
139 46
426 156
475 496
295 262
87 27
237 483
14 143
30 474
340 213
162 405
17 260
233 432
431 381
255 192
396 417
445 340
450 408
480 217
383 159
255 298
286 302
264 52
405 432
22 6
74 290
404 113
384 13
313 359
431 349
92 314
304 284
176 155
156 97
176 408
127 445
107 325
138 113
341 9
406 271
392 78
374 489
319 494
84 86
442 450
32 313
343 113
104 44
61 174
353 207
355 60
72 495
95 450
81 317
297 65
500 80
359 222
40 395
80 67
5 4
24 38
418 18
137 205
65 430
111 359
318 184
228 267
48 15
377 383
394 43
310 42
238 238
390 367
426 289
457 492
7 372
148 274
49 307
214 491
22 65
215 360
65 188
399 453
301 429
51 132
328 99
307 145
264 0
493 41
387 20
425 187
320 435
217 109
248 132
131 106
344 212
88 185
303 455
414 73
473 201
204 75
80 307
295 13
253 274
17 185
189 6
380 214
287 9
334 480
469 115
349 128
25 395
450 402
297 96
430 326
94 271
260 466
259 241
90 98
250 10
446 394
33 269
414 99
185 228
270 466
81 23
281 429
374 359
103 256
481 338
194 106
362 475
379 461
159 249
372 349
27 280
88 304
39 91
143 18
368 367
412 35
451 484
283 5
221 406
40 36
325 22
252 346
222 345
282 396
190 162
126 481
359 317
326 121
465 245
487 198
486 52
351 362
478 155
23 492
122 149
459 318
198 278
220 167
78 266
401 369
126 285
152 495
175 309
394 435
90 406
384 79
322 337
149 201
453 156
425 388
161 206
367 148
425 262
320 17
131 279
240 460
273 128
244 304
63 414
275 353
442 427
492 195
154 122
20 281
154 17
336 208
3 318
104 155
225 210
448 6
191 421
458 182
232 288
413 422
353 402
289 68
352 234
415 12
295 405
73 144
198 268
16 83
352 52
458 389
327 10
135 54
297 211
83 253
302 462
152 169
488 382
300 192
257 72
158 347
413 447
451 297
409 327
108 395
407 100
186 397
79 288
121 416
183 51
372 121
395 36
406 463
424 181
437 231
100 243
178 115
13 176
61 440
498 69
61 178
72 260
42 299
234 335
264 149
484 260
171 253
221 153
25 479
305 42
457 367
455 377
302 177
443 233
469 188
434 205
396 273
312 89
280 390
193 259
191 478
266 428
388 238
474 139
414 12
50 349
94 213
476 232
61 355
294 201
11 306
493 472
258 446
203 13
225 440
83 472
415 102
146 15
82 398
51 249
399 360
103 342
468 177
440 382
281 319
385 291
149 16
97 242
251 454
193 100
389 138
295 483
299 50
33 285
359 241
252 402
393 124
6 230
410 300
303 81
246 124
406 249
316 303
322 244
16 200
15 308
424 171
185 288
423 451
118 234
285 390
181 440
165 414
353 66
370 84
220 454
48 378
380 69
112 472
98 211
145 361
209 114
168 160
171 191
128 252
129 347
96 134
134 448
141 377
166 327
318 238
4 303
371 418
50 428
395 87
451 388
70 306
242 36
309 230
4 163
299 201
34 209
447 351
358 339
150 297
490 94
87 470
183 202
17 165
243 439
30 286
361 362
4 448
362 395
36 366
421 479
202 75
323 397
171 302
73 190
346 55
409 43
312 0
104 411
447 356
258 309
44 412
440 410
296 452
164 70
25 132
172 454
267 206
129 28
447 354
149 233
169 274
240 445
3 489
111 279
242 81
16 57
115 197
214 350
451 454
387 239
186 218
491 327
126 121
271 479
375 357
499 357
146 35
55 456
26 335
40 271
82 260
418 349
81 112
301 385
326 311
299 285
138 182
260 375
407 240
59 149
365 312
397 40
182 112
47 250
322 67
165 128
393 438
275 450
283 49
46 177
272 431
128 230
207 168
19 222
469 65
79 221
200 201
478 412
27 441
276 409
173 381
259 151
316 21
150 320
479 451
206 163
395 483
215 150
453 54
300 420
186 285
411 261
110 300
147 20
11 75
367 407
259 374
32 243
14 361
302 361
7 318
100 150
101 373
3 411
236 341
28 376
206 33
341 60
149 455
308 487
289 438
45 459
414 205
409 434
209 392
454 45
209 116
125 429
485 311
330 392
229 466
137 499
34 419
1 285
185 168
109 10
195 175
31 108
4 355
407 488
37 83
69 118
76 222
312 110
409 256
259 274
415 90
427 359
150 415
60 366
391 457
203 286
209 0
137 196
384 96
100 358
128 256
286 181
289 295
113 343
275 122
132 310
292 357
43 357
422 276
29 392
365 344
414 59
70 494
17 202
351 273
339 225
153 282
29 456
439 315
135 377
213 255
394 145
395 20
210 71
222 147
241 33
169 445
335 1
342 74
279 125
338 490
96 34
235 427
259 484
125 25
165 411
377 202
112 271
311 489
74 67
442 202
381 298
289 155
96 276
265 403
217 263
78 46
46 118
248 279
420 298
398 403
65 95
36 3
53 403
350 7
468 333
90 421
499 114
182 94
81 434
385 365
7 195
155 84
279 148
29 410
3 170
246 12
254 395
415 88
283 85
292 213
160 4
312 56
267 153
153 487
150 128
68 492
182 380
175 288
496 383
309 445
113 496
144 380
15 85
486 196
450 208
491 26
45 299
187 76
439 134
343 391
397 306
498 258
246 111
137 77
228 3
80 308
350 428
409 449
377 225
321 26
450 84
254 27
12 264
296 425
428 328
202 176
93 245
108 474
468 221
496 131
156 449
391 304
476 368
128 306
233 264
484 481
22 204
240 105
371 320
79 349
245 59
186 178
166 237
318 445
14 466
266 297
10 238
429 451
179 498
162 31
219 371
306 194
290 380
109 87
470 301
246 2
12 309
125 278
35 135
266 60
442 383
485 125
80 426
91 280
58 463
297 184
269 119
206 313
140 379
53 129
345 416
4 159
338 477
60 385
366 62
418 198
94 208
263 277
106 245
457 52
135 372
223 205
356 385
203 495
217 32
189 47
241 369
296 86
482 303
448 240
480 406
455 256
55 451
484 95
15 352
288 42
455 432
6 401
33 13
417 146
27 41
255 303
481 192
77 494
368 142
397 231
124 187
226 110
212 319
344 44
268 454
472 399
8 49
487 415
368 311
232 131
487 498
314 376
482 221
444 311
313 189
260 208
242 401
405 293
264 470
65 227
494 233
98 81
46 308
292 428
201 31
64 292
345 325
17 268
189 225
93 235
220 55
148 222
2 156
304 79
36 139
123 75
314 98
83 9
426 420
471 250
103 390
341 348
348 186
205 7
91 120
90 37
227 56
270 419
206 198
215 221
308 55
445 118
405 353
277 154
45 37
150 392
21 56
466 412
216 31
342 353
134 6
433 481
336 215
318 429
286 310
152 215
341 425
432 103
48 337
17 189
17 50
184 130
467 313
435 473
68 257
472 438
476 360
337 309
242 269
214 252
270 244
58 450
110 33
367 358
363 201
438 334
362 410
343 384
477 142
296 293
433 133
298 410
408 170
176 279
150 220
273 93
182 189
437 92
51 315
448 153
298 265
27 454
23 132
489 199
456 360
417 290
410 344
192 43
43 293
128 349
404 197
468 68
453 376
490 420
72 72
149 120
91 129
51 437
367 21
323 12
55 42
240 439
267 338
323 376
389 31
423 142
487 110
78 334
263 477
319 210
285 52
60 174
240 181
348 77
433 121
407 342
221 29
373 74
134 202
146 145
383 356
4 121
274 423
272 10
254 267
218 453
423 436
296 216
300 358
248 286
68 286
44 172
343 128
332 225
58 187
122 461
55 332
162 360
26 230
92 297
83 36
482 279
284 179
334 75
303 466
466 94
259 87
428 318
426 165
404 168
245 454
86 380
412 390
385 476
77 266
385 109
95 324
421 114
160 139
54 176
361 96
355 245
7 45
384 27
411 471
36 456
419 225
35 456
112 36
41 239
306 99
39 208
128 404
203 25
339 77
419 34
216 78
404 305
480 314
273 209
76 294
171 139
243 420
464 211
35 164
106 252
466 107
164 171
97 27
417 457
94 401
80 89
188 97
463 15
179 65
495 184
321 298
101 266
474 134
127 395
115 222
26 322
386 439
453 405
46 465
500 27
225 155
16 44
204 352
51 350
111 468
259 251
283 168
102 280
393 446
213 199
311 459
175 144
186 251
130 264
298 424
294 44
360 148
371 174
387 500
395 95
496 283
401 421
427 123
473 335
336 112
308 390
327 242
494 278
20 4
245 412
387 223
110 352
245 123
33 197
160 410
171 335
428 20
99 229
119 50
292 165
434 191
267 440
199 356
86 278
33 312
199 284
189 147
289 223
454 235
316 64
168 28
351 16
371 104
310 18
83 18
2 130
2 297
213 43
484 1
173 451
106 372
214 128
302 174
54 71
188 209
76 308
4 403
394 60
291 468
387 244
195 500
336 374
410 139
280 472
212 59
326 26
172 161
337 181
198 445
136 30
482 447
489 331
225 1
368 154
102 92
297 224
215 291
310 435
81 295
144 360
111 312
143 126
325 76
307 218
165 208
56 54
453 346
370 376
401 166
149 423
92 7
272 77
230 296
434 51
63 273
63 458
29 33
26 154
200 35
216 90
75 359
431 213
29 235
408 34
126 355
456 84
67 274
155 95
183 122
243 416
467 83
211 46
234 147
379 172
12 45
102 470
86 428
425 444
397 113
53 335
459 460
140 256
275 250
366 66
237 83
225 470
401 499
413 417
239 144
44 488
215 474
166 5
328 179
475 11
137 413
341 24
96 383
266 285
89 56
163 370
198 145
387 325
167 259
52 426
106 172
80 287
326 102
268 454
405 140
141 241
371 65
73 311
404 290
372 61
235 22
213 332
262 286
119 103
69 426
0 372
340 267
215 174
306 448
186 287
385 196
409 52
295 255
104 143
464 254
395 461
150 259
495 41
1 26
25 201
225 217
351 205
258 49
394 193
167 319
441 378
43 274
256 156
151 128
305 84
2 117
62 143
447 140
22 279
352 228
383 47
223 22
113 372
372 480
227 174
392 433
166 319
41 458
240 452
244 464
308 274
365 377
428 223
497 116
56 429
486 107
462 229
22 464
447 303
423 143
463 36
386 400
93 4
308 264
419 229
455 174
120 400
217 299
128 32
326 154
37 199
147 190
102 75
101 191
39 468
55 346
42 472
167 18
341 393
419 484
490 494
277 86
474 211
401 206
223 344
226 228
228 134
500 286
466 149
499 122
205 40
248 480
274 133
291 75
311 219
424 250
326 382
87 164
456 275
463 101
29 53
461 368
350 469
329 98
13 215
267 465
495 275
208 63
450 297
15 60
104 219
37 466
73 184
434 5
28 359
253 345
476 32
378 116
258 7
192 52
175 60
380 384
306 306
407 360
123 467
394 420
474 466
50 24
186 136
85 73
309 303
103 475
419 201
475 200
5 382
430 365
222 263
168 388
95 466
388 70
121 68
214 12
255 414
146 14
218 461
286 360
426 316
255 105
307 140
91 46
369 196
33 423
114 1
285 237
300 189
257 231
327 400
405 4
496 195
496 176
155 325
121 28
353 381
312 240
230 67
474 16
495 223
80 335
78 112
18 195
355 480
499 427
207 91
271 427
264 261
39 326
145 268
457 460
184 108
314 383
236 77
104 308
174 214
375 307
293 474
349 446
147 157
203 131
357 453
444 127
194 292
160 137
124 110
222 155
479 413
37 112
196 193
290 76
218 370
189 0
332 14
26 358
397 8
231 200
363 16
43 297
48 184
500 402
268 188
65 335
129 421
237 89
27 418
468 420
153 158
463 209
64 415
354 202
349 275
377 359
4 495
133 39
302 482
495 135
161 356
104 247
181 88
413 480
370 392
307 253
256 308
264 466
317 109
277 172
477 380
280 491
133 121
469 414
331 110
13 141
386 452
130 85
461 112
105 459
314 133
413 41
369 183
457 339
392 345
308 77
271 293
346 475
300 282
353 48
394 293
57 330
10 468
28 290
474 239
383 437
48 432
228 40
238 268
316 450
261 452
171 490
96 114
345 241
224 358
311 359
44 190
414 49
203 276
74 321
496 472
416 482
427 173
79 87
379 306
193 346
75 500
465 11
0 161
414 185
249 450
428 317
224 362
54 25
195 437
416 38
485 429
317 326
79 484
472 161
162 219
307 223
67 392
373 177
460 220
188 55
386 262
106 36
448 420
31 92
434 93
272 208
122 295
2 478
412 204
70 151
307 131
193 465
137 434
382 214
435 360
380 260
335 19
167 114
494 197
198 41
163 331
203 287
213 294
396 417
42 228
262 484
295 431
498 54
472 462
157 49
311 252
426 77
171 197
351 430
52 145
58 321
429 23
24 392
454 478
131 299
69 256
246 334
491 9
150 106
459 93
148 371
58 353
388 82
225 127
34 158
266 407
337 241
159 39
266 477
281 136
315 177
129 154
439 298
184 398
109 373
468 183
153 475
25 39
330 414
498 380
404 303
449 327
342 172
87 121
172 354
230 409
217 33
332 379
192 128
354 10
441 316
125 95
235 249
116 377
407 60
277 80
398 242
498 100
312 16
118 68
229 462
208 111
135 130
50 208
175 220
380 282
152 280
169 141
79 430
115 100
6 355
159 234
26 141
250 252
156 348
199 164
21 130
178 349
419 104
294 169
301 351
236 123
391 27
161 120
154 449
287 349
496 47
224 445
14 433
332 431
317 375
289 291
336 328
16 152
396 432
280 119
289 458
46 188
351 33
459 294
406 387
3 124
429 395
243 320
324 222
249 231
256 152
0 410
368 307
404 343
106 250
391 492
183 312
149 294
414 246
115 302
298 97
461 456
44 443
474 292
94 449
466 179
59 481
264 122
100 39
416 327
147 433
110 497
236 246
5 387
448 250
171 262
98 221
376 499
413 21
392 381
4 16
220 271
101 486
426 472
182 317
273 156
494 279
351 59
34 301
497 228
297 431
360 475
82 332
123 160
15 426
54 336
60 425
382 294
391 113
314 194
369 426
71 42
422 57
115 341
400 30
175 111
402 201
396 26
425 65
70 172
419 300
393 254
398 48
117 387
130 481
4 298
352 232
72 296
212 15
439 91
373 163
386 66
374 435
74 95
437 322
23 283
395 164
365 59
196 389
114 103
406 500
106 138
469 289
25 68
125 405
377 299
427 132
4 456
139 86
317 66
256 274
215 263
90 63
135 57
285 40
146 252
104 379
157 33
408 340
2 387
417 424
466 483
75 167
83 112
6 48
481 89
301 294
54 92
221 465
35 337
250 3
137 463
442 147
180 393
282 280
382 29
6 424
478 349
164 371
188 392
119 294
356 130
240 157
285 187
238 312
259 281
423 417
324 493
94 320
282 24
430 103
435 0
7 305
313 123
258 418
255 135
61 461
348 140
71 242
92 85
402 63
188 477
386 192
69 85
123 121
65 125
289 439
254 265
328 73
440 298
264 106
49 405
94 374
27 192
205 178
490 456
25 19
26 420
271 171
319 296
272 90
296 311
298 298
433 225
126 324
228 469
443 493
293 243
80 128
65 243
127 197
131 233
327 275
119 187
10 33
379 339
338 239
324 10
198 397
305 458
345 290
348 126
60 378
369 472
177 492
36 112
206 318
334 409
406 90
487 191
216 19
361 369
92 267
55 116
18 239
455 98
476 261
412 130
63 67
59 317
382 10
318 213
350 493
8 445
64 52
445 461
467 202
370 117
59 67
205 117
261 378
276 163
265 45
252 46
417 64
322 324
357 424
234 122
352 253
237 316
174 84
490 366
295 494
163 94
34 326
1 189
207 357
70 273
136 31
435 496
38 422
143 40
243 299
55 463
98 465
68 198
341 41
69 358
323 141
192 372
40 409
231 368
24 26
121 285
452 46
200 129
235 81
59 321
232 330
68 366
34 169
300 430
176 181
132 412
292 151
31 155
117 227
8 350
483 307
145 452
328 191
22 204
113 227
369 213
265 201
357 278
79 423
433 300
464 300
403 106
482 435
223 168
362 286
387 497
356 63
359 178
410 368
25 210
288 153
117 63
106 106
294 437
417 406
82 278
470 172
45 16
253 11
114 176
243 306
5 148
492 247
232 362
138 196
399 68
175 91
112 465
24 16
405 173
256 218
8 344
315 215
483 394
267 413
137 375
249 16
115 25
5 141
67 260
369 161
320 462
322 326
221 234
114 228
453 90
9 45
358 446
358 488
195 250
39 287
496 323
119 457
163 416
5 33
190 22
9 386
68 497
208 48
187 44
122 0
496 188
326 164
287 482
129 66
396 441
192 469
217 297
63 485
384 142
371 209
120 94
492 260
22 20
418 7
246 384
500 319
118 4
345 195
125 70
90 219
152 125
82 320
379 236
347 76
357 283
51 353
59 345
94 190
261 197
481 352
250 52
31 374
319 283
482 203
411 170
400 91
92 190
377 43
394 81
410 316
77 66
46 199
140 228
289 152
160 162
479 205
167 101
478 175
202 333
376 300
178 332
327 140
458 266
467 149
230 6
98 4
439 58
352 203
115 73
300 51
18 118
383 297
155 278
96 116
0 277
471 144
109 29
122 437
43 298
461 448
365 325
467 232
0 214
278 86
245 378
350 446
291 251
295 54
174 166
256 478
204 399
359 461
27 252
443 66
463 497
68 30
257 271
97 440
60 313
157 397
74 397
276 80
474 5
134 285
386 168
409 430
431 106
488 133
213 416
359 374
321 197
15 125
14 276
37 161
119 100
296 60
279 130
57 361
246 26
299 249
312 50
70 370
479 372
265 205
236 195
310 218
30 419
100 282
35 217
179 134
161 320
30 477
463 464
345 214
187 30
216 483
144 470
210 347
39 415
209 490
441 39
208 385
198 126
395 179
77 420
127 96
72 284
225 472
274 198
45 304
367 227
54 371
434 413
493 208
74 453
292 113
73 204
455 101
346 277
434 221
40 380
76 36
247 357
181 449
112 97
288 217
21 448
442 174
23 317
444 244
472 116
438 254
442 487
255 215
156 28
212 3
340 304
20 100
39 305
450 498
24 495
378 442
175 250
266 469
11 180
342 252
262 260
288 223
34 168
164 213
295 149
126 349
325 284
327 381
63 210
398 200
67 187
35 248
476 190
418 227
80 176
499 51
376 198
273 148
19 210
492 125
44 208
149 259
5 439
307 163
147 374
320 117
14 53
458 327
324 495
477 11
267 442
395 304
14 441
357 423
336 416
371 129
277 467
186 461
439 466
263 213
244 319
261 225
90 144
480 20
399 261
333 491
294 101
22 334
123 54
147 323
17 73
184 121
321 366
215 169
208 354
319 461
32 397
180 319
170 450
340 91
107 134
467 458
342 151
18 500
381 125
299 174
488 460
123 75
87 194
134 117
246 333
310 401
325 454
90 394
386 331
440 86
26 145
280 202
123 455
279 64
307 252
242 434
3 111
248 293
486 393
152 303
260 226
131 312
364 230
17 400
316 250
215 227
29 94
326 460
318 492
334 493
13 392
192 159
295 183
70 278
11 29
112 42
312 256
323 61
60 408
440 49
410 39
400 28
477 487
162 151
273 6
345 453
134 244
241 240
488 490
285 23
201 64
223 446
397 78
220 73
430 474
81 114
273 374
314 226
84 254
0 22
399 438
34 355
99 50
195 159
265 26
138 89
104 276
445 463
160 216
282 479
1 115
161 328
266 297
239 402
43 12
204 151
149 387
401 314
18 141
486 432
375 246
372 478
312 46
231 484
323 203
332 148
402 200
336 306
37 414
20 238
327 234
499 28
34 295
198 302
343 55
197 103
304 235
220 228
269 137
97 38
88 468
176 321
346 95
344 176
135 178
473 7
73 287
395 432
92 411
371 500
318 414
433 480
150 154
30 29
69 278
46 417
326 123
430 290
207 387
390 311
435 147
281 422
86 122
325 31
93 146
356 130
27 403
402 244
248 493
475 308
181 1
284 397
230 58
141 15
402 218
239 229
255 75
142 379
85 39
455 121
140 298
184 168
100 474
110 53
457 399
134 74
153 364
43 106
94 355
446 329
239 22
111 82
15 38
394 443
180 496
4 73
425 241
274 177
321 346
290 229
47 28
409 411
84 33
424 253
145 467
228 198
25 350
340 1
31 217
130 391
264 430
125 477
316 216
427 336
273 387
175 249
434 295
332 228
291 442
328 308
133 110
147 107
261 427
486 212
385 419
241 102
493 41
476 301
411 163
245 46
352 211
310 386
152 394
442 246
433 381
188 431
226 190
356 377
352 398
252 236
439 136
250 156
168 46
20 221
414 393
320 157
483 451
158 438
353 13
320 398
88 199
273 188
177 227
127 16
476 169
232 364
142 442
4 286
133 188
154 434
171 272
270 247
6 458
114 440
3 154
451 252
426 162
252 289
96 24
378 478
338 62
4 101
270 31
454 277
133 127
222 97
255 378
495 9
109 335
438 124
444 213
437 258
309 297
486 385
203 1
208 119
423 308
429 360
500 208
371 36
321 39
171 238
22 456
254 161
127 441
74 209
428 109
229 64
90 37
393 142
290 212
476 37
141 287
260 314
375 391
286 236
341 369
341 459
122 319
213 324
97 114
190 317
82 480
460 215
356 220
261 111
244 453
213 193
86 425
240 107
290 463
65 358
177 447
298 103
471 394
235 498
436 20
144 421
478 199
342 429
303 96
138 197
388 419
89 314
209 95
195 103
464 73
307 162
4 41
191 282
227 319
395 249
196 11
235 415
0 84
413 185
86 164
220 291
363 277
77 21
393 476
490 50
270 314
467 115
198 292
84 29
256 221
383 238
271 0
452 216
228 216
149 286
285 175
419 228
328 198
401 222
405 226
395 47
230 238
167 262
393 12
177 392
216 453
270 177
125 268
202 17
105 47
203 237
107 45
365 411
301 6
493 57
385 277
373 461
379 252
300 409
359 372
447 297
276 38
407 230
154 331
3 300
457 186
152 352
351 257
444 485
73 136
261 292
142 270
468 439
144 89
88 53
440 438
50 374
73 397
251 323
57 167
429 72
250 325
314 454
137 493
483 492
406 450
395 197
432 145
307 419
303 254
235 4
499 62
447 58
129 404
41 86
314 129
280 243
103 406
425 221
471 124
390 132
429 283
253 159
91 323
354 386
401 50
222 284
341 6
495 34
371 24
143 89
426 91
4 205
47 45
3 227
74 89
257 133
188 362
236 235
228 36
16 161
293 31
136 104
372 389
376 213
436 81
461 455
298 299
111 272
298 396
421 204
178 33
484 389
70 301
476 283
169 258
258 110
454 464
386 165
219 417
389 116
319 157
337 484
133 219
16 369
493 116
7 129
19 105
415 269
396 422
318 412
441 131
167 193
171 195
229 483
443 280
217 205
69 362
36 94
311 423
408 429
478 367
69 376
84 295
24 345
283 232
387 320
148 265
111 131
296 3
208 234
116 223
169 262
290 497
152 449
20 191
68 259
82 378
498 392
436 472
113 121
101 87
134 71
250 262
434 487
287 430
114 301
220 62
180 9
130 416
333 61
15 224
99 97
212 4
283 63
293 4
391 308
384 363
149 273
36 142
0 258
22 248
285 306
271 356
333 316
24 138
281 149
301 73
442 105
425 50
59 160
260 213
286 342
94 327
407 436
2 342
478 277
26 414
396 254
289 268
44 313
155 75
283 456
462 187
232 339
395 220
117 308
495 17
136 115
189 240
23 199
224 459
428 153
389 247
22 39
18 481
218 11
220 43
471 52
161 66
171 202
396 390
331 276
499 405
2 294
297 191
159 281
434 224
147 428
239 367
353 286
268 216
311 297
491 184
470 125
140 382
306 415
294 248
40 444
236 155
482 373
26 482
421 30
222 66
387 334
462 73
294 282
431 376
287 186
114 141
162 342
341 97
294 53
210 370
76 201
208 496
66 180
469 360
22 19
421 164
459 280
173 173
305 323
142 271
275 464
65 77
210 369
271 93
235 381
354 100
253 343
395 250
411 346
45 57
77 117
310 63
340 61
395 197
451 46
198 77
200 258
467 53
99 274
86 400
357 340
308 243
296 454
276 413
161 348
262 244
329 288
291 434
385 362
28 173
158 441
93 191
117 353
152 383
420 92
307 342
402 137
40 459
22 16
157 189
424 145
325 215
45 60
498 191
238 76
287 427
300 399
426 286
351 412
30 482
369 495
9 71
36 242
405 125
302 242
494 162
468 97
239 56
46 499
169 108
84 202
489 39
0 413
372 139
123 432
78 128
436 366
308 403
442 228
309 32
65 234
43 289
57 10
76 219
259 245
279 405
122 190
186 450
428 111
340 468
434 316
370 384
208 283
330 441
25 44
439 338
463 69
138 314
47 372
176 375
81 28
82 194
107 152
454 426
295 429
108 375
398 376
474 24
392 424
338 73
410 225
373 2
9 304
4 406
438 290
2 36
246 81
372 139
22 224
229 247
148 410
205 418
139 298
84 60
16 351
121 155
15 145
428 111
244 221
402 145
214 491
270 315
44 105
486 83
187 192
99 193
67 304
44 96
454 334
405 374
122 248
243 89
464 448
128 166
327 222
382 43
380 69
294 274
366 98
150 317
447 423
65 151
447 174
220 411
141 436
165 477
192 232
77 318
325 43
379 268
195 25
357 7
36 123
153 393
266 199
28 472
186 472
269 212
256 450
185 24
138 170
411 91
339 496
406 118
302 295
181 319
449 296
53 226
126 494
158 236
88 154
445 274
16 346
450 84
433 206
101 391
294 95
190 0
46 415
399 464
301 207
237 100
56 11
53 179
189 166
390 22
197 413
473 341
265 257
436 440
381 136
471 45
162 288
209 385
187 41
22 490
270 385
117 178
226 115
82 361
263 156
426 426
391 417
353 147
326 45
132 66
184 126
53 343
62 401
435 269
220 98
215 296
103 57
244 425
141 123
163 198
41 360
120 453
277 394
37 488
175 397
145 454
103 358
123 190
304 34
489 442
387 106
156 100
35 459
126 339
330 436
383 69
354 317
316 24
307 152
451 293
146 26
338 490
9 365
347 247
361 482
439 465
224 104
282 305
60 78
149 457
136 43
469 416
463 488
457 276
471 338
51 368
397 306
262 438
171 425
82 62
48 344
312 227
48 494
354 164
41 3
75 131
305 239
236 14
139 410
203 450
206 442
94 375
159 47
31 398
467 24
430 111
196 253
43 350
209 375
373 288
42 367
458 351
163 69
47 375
312 301
227 487
189 104
265 242
387 126
428 145
482 114
279 485
275 80
312 309
265 231
92 333
380 141
490 245
423 269
256 427
57 473
128 398
420 464
22 406
112 260
120 114
213 402
451 181
184 125
11 406
228 125
327 350
36 443
487 134
266 498
318 463
102 50
367 142
485 365
124 247
193 274
160 497
378 411
382 204
189 147
55 310
423 434
222 97
61 492
457 241
274 207
166 347
375 44
357 77
456 161
36 374
355 265
289 414
144 360
118 181
500 428
108 459
18 432
365 25
248 132
64 169
120 157
26 101
164 352
284 146
329 379
234 177
214 100
359 100
63 459
173 144
129 258
36 43
124 347
280 118
34 386
246 217
394 290
256 381
475 403
72 4
329 10
424 93
228 493
416 248
470 251
484 308
332 49
416 367
310 418
322 126
264 52
31 467
344 119
225 500
491 309
417 95
397 5
118 124
299 263
38 346
44 166
451 25
319 438
445 447
103 339
77 403
15 455
43 469
95 208
249 73
290 396
447 138
422 427
360 449
83 119
497 109
362 456
260 160
90 387
270 118
151 11
257 276
289 174
195 267
24 246
473 160
53 260
326 103
374 143
455 131
481 444
366 31
37 99
500 120
135 436
411 357
206 256
298 165
326 436
92 156
16 381
307 384
316 118
462 5
389 375
232 30
57 466
5 109
23 415
72 119
64 38
163 335
314 199
240 98
274 366
48 118
328 82
58 468
164 173
172 88
370 12
388 285
232 325
168 151
250 451
125 223
226 337
293 120
214 243
280 268
285 311
466 342
201 66
498 268
177 248
453 150
364 24
256 143
438 263
49 497
71 151
367 294
44 489
380 493
343 67
349 464
44 496
345 138
386 3
115 149
88 367
36 330
431 368
13 171
8 3
395 456
358 38
279 213
113 205
396 304
321 280
0 155
98 15
183 285
191 298
195 336
395 71
268 440
132 234
301 159
88 287
426 2
260 322
369 381
17 360
235 183
205 282
491 51
305 472
20 418
303 419
357 417
486 7
435 442
465 329
60 209
281 209
4 264
229 92
70 163
325 422
153 337
169 136
336 198
385 462
330 434
183 173
254 156
291 418
300 386
25 182
208 255
359 312
53 423
300 25
318 273
279 453
140 249
208 219
36 161
324 321
401 59
73 327
204 439
416 331
172 104
476 269
358 107
20 425
236 0
443 244
122 438
444 404
218 366
390 201
78 11
23 500
262 314
278 297
73 292
358 381
186 28
134 333
414 161
479 143
340 297
459 489
104 29
79 363
246 254
83 214
60 14
68 120
288 395
463 2
79 430
234 362
164 227
372 106
323 433
6 486
278 419
29 306
121 426
216 71
252 298
128 214
164 452
133 323
287 321
416 13
408 418
113 240
181 62
124 468
175 166
382 89
129 315
277 18
114 378
482 66
179 429
316 439
304 402
259 165
305 382
491 108
445 240
414 342
462 494
211 488
479 271
298 300
94 55
274 196
457 457
460 276
404 359
143 447
9 492
208 218
102 304
107 461
309 484
214 97
35 162
438 415
0 43
49 69
282 420
57 44
476 372
15 14
12 323
197 30
52 107
391 444
163 273
37 226
432 227
277 96
302 406
200 107
38 16
99 226
225 226
493 184
117 204
336 385
291 67
360 199
30 348
372 442
350 266
63 207
381 233
90 177
208 425
22 15
67 206
0 149
121 156
338 366
42 356
438 311
249 335
34 475
356 275
221 83
246 399
228 160
267 349
323 181
490 150
321 99
277 69
60 230
423 367
317 471
385 25
302 279
102 371
233 475
161 338
446 60
369 387
262 153
344 206
141 128
225 424
333 354
370 333
221 54
228 462
150 10
98 266
17 343
327 331
204 330
300 210
53 132
211 338
397 423
110 458
459 234
75 124
132 394
473 24
328 214
299 86
222 480
365 359
75 124
240 197
175 59
229 224
130 77
120 186
283 200
354 273
373 46
112 378
429 400
271 190
65 133
402 262
486 470
51 91
230 484
345 187
142 309
247 52
52 285
283 29
354 242
170 7
65 63
187 221
496 231
129 125
448 4
289 161
409 494
287 318
31 444
46 429
91 267
251 32
69 367
440 130
126 8
113 2
366 141
448 421
172 299
384 131
339 35
331 238
168 215
107 362
31 383
18 62
239 301
362 141
327 163
93 100
271 294
24 306
422 40
423 319
226 92
262 382
25 461
17 59
417 287
104 149
164 271
159 76
3 356
442 210
63 38
27 293
351 386
212 324
21 131
352 87
112 366
115 232
35 272
329 287
111 15
364 39
384 371
259 116
495 69
80 153
0 355
460 410
42 427
219 209
492 161
439 108
44 76
67 36
402 344
135 479
352 64
477 169
456 430
333 154
178 332
340 100
363 238
409 66
235 20
269 344
170 3
287 242
462 298
48 43
76 281
22 172
77 285
36 70
475 29
57 216
113 250
394 266
481 13
326 458
108 270
136 143
346 162
201 131
154 402
227 485
172 347
261 433
362 277
227 163
460 406
30 380
446 421
226 323
149 246
416 335
432 212
315 221
350 445
232 182
139 178
374 39
352 26
223 223
457 368
488 250
109 163
7 479
27 390
179 263
344 340
473 116
97 444
417 51
33 259
380 375
308 34
482 171
145 26
351 381
334 454
13 422
445 438
139 324
11 422
24 262
303 418
81 137
104 462
4 90
92 325
309 208
202 270
335 127
489 430
259 286
265 453
313 122
203 377
301 373
219 301
29 460
184 254
75 274
310 437
210 29
214 27
271 382
38 227
437 57
337 281
400 71
100 228
118 432
432 307
281 141
107 300
287 270
313 417
124 125
384 283
358 207
386 369
199 169
108 248
358 249
414 139
89 479
474 484
242 443
461 349
266 354
37 443
174 375
218 496
391 111
31 340
302 193
74 5
312 231
63 318
351 488
22 467
93 385
492 408
187 58
323 98
143 430
229 149
125 125
286 424
223 268
342 120
185 309
49 256
214 462
335 446
320 115
159 342
90 12
30 241
413 154
473 299
435 355
391 403
379 186
3 353
416 96
434 329
141 6
14 20
227 392
327 302
401 487
412 432
353 397
86 412
203 65
460 377
318 455
491 135
24 495
65 205
362 490
294 298
393 325
482 264
422 143
352 338
193 290
493 243
180 140
190 274
226 192
433 377
191 133
94 276
276 271
191 470
379 259
37 208
324 84
84 43
268 351
57 266
422 444
249 390
225 452
431 413
350 291
480 345
11 316
175 298
292 200
492 389
447 353
86 13
275 26
407 495
9 374
305 248
415 146
107 302
319 170
192 397
10 336
414 75
204 167
442 172
320 48
350 273
268 111
79 499
87 133
400 86
392 406
231 294
211 226
444 459
405 438
274 288
225 95
128 396
428 213
376 16
431 462
318 415
246 313
354 378
109 341
481 366
440 476
386 173
246 222
280 433
64 298
355 35
210 477
288 195
173 161
188 93
287 219
147 242
216 206
198 343
146 338
226 406
204 208
406 296
160 87
0 169
433 462
420 306
390 198
349 413
490 270
126 81
56 112
198 313
312 49
379 100
204 292
247 285
77 82
168 198
40 199
302 243
102 296
160 350
6 127
346 34
92 494
488 418
137 76
363 445
330 358
52 473
257 429
468 27
77 245
53 23
291 243
210 486
95 23
192 399
322 255
193 402
330 353
459 226
337 196
193 60
221 34
186 344
212 477
268 411
223 378
374 430
191 494
201 47
129 276
114 367
69 466
397 372
6 178
17 408
141 199
100 348
73 288
163 289
286 357
424 339
459 351
277 209
497 416
275 485
142 453
163 176
229 454
4 186
108 141
28 351
444 234
174 177
355 368
465 140
202 495
221 101
69 210
60 121
315 493
230 24
353 36
486 13
394 346
367 33
152 118
415 340
124 411
277 128
219 20
132 231
181 474
184 9
411 458
481 208
452 209
209 291
319 364
52 358
410 328
233 448
414 7
177 214
263 432
270 85
347 174
198 260
228 466
485 307
362 38
381 165
485 341
218 496
417 271
407 483
39 383
424 115
33 127
374 328
428 215
22 425
366 153
238 314
43 270
135 300
190 195
297 127
211 431
228 22
412 321
256 60
478 289
74 139
386 370
484 367
73 441
311 44
167 165
95 498
59 94
433 481
174 261
103 450
54 60
266 391
96 466
212 289
57 188
31 288
303 421
287 417
145 208
178 137
475 391
439 32
206 388
462 494
135 203
496 269
238 57
5 58
261 408
173 485
232 95
23 23
315 58
36 409
261 173
173 447
479 433
210 331
409 201
316 346
435 46
179 490
160 273
130 198
336 80
471 439
483 138
415 443
457 376
182 308
245 426
347 277
126 90
71 250
130 390
483 341
152 89
355 15
499 21
71 367
203 200
203 276
258 269
87 500
500 302
394 496
35 275
276 473
283 494
238 375
45 245
246 248
346 158
9 495
413 22
408 189
484 56
118 20
356 212
281 444
185 72
399 382
201 401
29 345
479 269
90 212
290 441
25 170
275 202
31 147
37 338
370 379
146 298
90 344
282 32
16 340
219 118
66 79
340 37
63 401
391 176
22 283
149 454
92 231
444 195
393 417
446 166
175 362
310 262
226 62
30 88
382 93
468 318
123 452
57 46
16 384
303 248
458 485
50 253
395 335
445 78
199 476
93 244
65 214
172 403
500 454
392 103
299 5
374 368
355 322
8 329
283 59
269 246
48 273
394 266
379 278
169 355
429 219
308 411
60 436
187 423
54 203
478 128
143 192
294 382
13 80
438 388
83 264
326 81
428 126
91 347
155 60
436 492
45 310
298 161
215 466
495 223
33 185
257 16
314 142
127 227
75 369
68 460
131 411
309 156
102 395
308 425
369 208
367 45
2 315
167 104
268 418
320 208
43 30
52 420
316 276
164 239
289 496
277 188
344 151
351 203
144 11
36 390
450 369
5 259
26 467
285 401
304 177
343 96
144 212
34 159
117 368
95 320
344 271
493 479
476 149
283 260
47 495
180 358
284 156
427 106
483 320
409 179
18 422
143 298
421 101
270 33
12 315
162 190
66 202
385 199
352 344
326 444
293 255
322 451
388 239
28 52
371 422
85 221
154 369
2 421
124 221
39 356
222 205
67 35
88 301
200 262
113 40
442 134
225 447
53 4
38 276
467 287
127 378
185 454
327 434
252 232
41 477
204 359
333 211
229 457
496 333
48 6
255 364
269 128
260 271
155 186
355 301
26 206
289 96
233 374
218 438
49 495
194 139
204 422
178 482
129 303
410 19
157 411
12 328
166 217
88 476
27 368
213 361
439 190
190 176
366 484
315 214
31 377
413 367
373 8
238 69
80 483
314 109
454 30
364 194
288 248
27 91
346 486
338 421
312 37
365 434
206 92
125 377
124 102
423 206
317 394
166 81
301 391
221 176
406 258
455 39
133 248
314 388
290 248
107 377
462 442
193 98
341 500
282 51
113 171
58 161
408 495
183 1
391 69
235 399
57 107
417 68
212 212
415 281
486 483
78 248
135 2
23 192
405 242
464 23
387 464
348 339
54 427
329 438
187 25
441 141
486 114
334 50
303 442
182 139
229 129
105 451
140 83
237 394
416 336
47 108
315 477
430 125
98 93
3 298
1 148
35 468
214 45
464 64
115 475
80 276
361 486
81 480
313 300
428 346
350 233
331 389
243 469
213 409
486 355
90 346
39 72
223 327
57 2
357 183
224 188
430 381
442 339
201 182
399 220
337 102
166 259
483 143
127 479
57 113
475 223
256 476
487 74
364 468
370 55
205 18
351 125
453 481
38 397
471 50
359 388
173 55
444 383
199 137
26 1
180 170
50 291
451 360
402 103
38 407
27 173
500 8
179 51
403 74
247 294
207 195
441 389
291 108
269 160
381 269
45 35
335 218
178 95
137 125
496 188
97 481
105 400
251 116
169 179
55 427
65 91
14 286
8 213
50 368
43 48
116 202
231 485
341 148
351 478
7 483
486 80
37 286
148 330
24 196
86 332
134 371
33 121
132 202
264 96
90 170
245 22
202 168
143 398
409 281
233 145
219 66
458 261
302 409
219 369
240 385
112 12
394 96
327 372
6 141
330 451
179 438
65 362
468 176
21 230
19 58
360 479
131 123
243 288
221 486
305 377
375 92
285 67
159 83
442 107
289 37
387 256
62 189
250 380
370 206
91 315
268 325
65 190
218 404
270 458
41 446
120 218
244 106
301 120
375 217
278 266
202 215
161 177
301 167
309 29
73 432
410 343
411 437
418 336
491 21
234 325
47 369
493 58
319 328
198 138
169 95
13 321
299 38
433 66
417 35
257 412
150 146
248 474
222 418
240 56
58 214
32 49
202 211
104 353
197 434
402 470
348 174
89 256
482 442
292 475
202 176
64 272
198 283
21 196
348 494
105 317
215 206
399 143
79 337
462 440
371 118
25 223
90 218
281 300
358 124
329 451
325 88
338 135
222 176
423 30
161 362
188 30
406 5
186 335
311 117
57 4
298 107
0 374
306 114
34 430
405 94
44 300
15 285
237 186
405 235
22 197
149 464
116 2
157 350
88 430
120 289
203 273
282 177
412 86
125 252
35 144
429 218
368 11
272 229
242 239
186 2
225 365
50 487
224 492
139 409
190 17
253 477
234 57
96 151
362 344
109 495
209 453
379 3
42 420
24 301
259 77
409 234
420 42
17 115
345 50
146 353
318 177
74 341
94 141
157 98
494 34
122 195
410 456
111 153
66 297
126 318
368 29
422 384
435 397
24 264
278 66
450 231
492 60
292 24
375 250
46 320
389 268
189 89
411 444
81 466
374 261
464 454
240 387
235 267
312 485
442 252
106 389
415 332
219 183
349 307
26 45
480 258
310 78
178 182
145 89
361 322
472 91
334 409
357 244
316 278
226 59
159 493
363 470
34 385
323 27
188 245
374 408
216 281
357 431
356 88
131 361
230 85
435 381
159 363
279 336
238 50
111 319
335 172
257 180
428 466
366 237
380 315
0 442
227 76
197 172
45 214
28 210
132 473
347 152
435 6
440 128
315 310
219 466
445 141
245 86
439 329
196 394
309 322
154 25
86 202
60 109
104 356
389 422
362 192
30 394
118 454
267 184
148 245
357 262
383 164
102 360
489 32
298 136
367 431
477 269
240 284
6 191
13 16
315 37
333 219
464 374
432 27
29 245
19 268
378 23
129 284
133 424
147 179
24 107
158 327
220 284
122 122
482 377
145 370
277 388
29 251
384 239
456 379
108 329
282 411
147 428
269 451
295 453
1 160
128 223
243 25
41 295
70 339
265 29
356 388
100 246
158 425
128 260
426 380
225 203
210 82
328 184
144 206
246 108
479 422
16 317
342 351
436 402
356 266
186 144
117 469
313 295
15 200
60 240
418 191
430 329
267 75
488 203
500 157
145 357
6 32
278 413
253 277
72 147
443 194
41 366
161 441
210 335
109 100
59 6
269 480
224 338
48 47
401 28
1 32
99 25
59 412
427 185
450 325
142 264
37 352
309 368
344 261
20 25
473 49
113 272
260 119
42 370
210 39
95 59
19 101
87 157
500 421
392 409
438 124
351 108
195 343
453 105
252 393
426 3
66 426
499 26
237 230
363 124
8 373
2 318
421 150
286 35
345 340
242 495
75 167
25 154
276 158
440 430
25 232
99 94
305 314
488 177
380 115
259 441
451 344
225 11
156 249
413 322
248 475
12 122
451 247
312 220
144 27
397 436
63 39
136 96
102 480
393 319
221 133
107 305
68 93
458 111
337 447
446 259
272 426
274 233
381 204
217 207
373 105
157 270
262 33
345 352
383 17
173 28
7 422
219 49
384 149
400 446
19 119
48 241
446 443
420 464
36 226
206 149
314 284
416 462
335 154
489 500
240 194
115 13
318 436
20 212
238 339
277 28
173 267
268 278
204 193
492 439
450 347
38 283
491 68
448 369
24 425
207 107
49 376
406 96
308 334
231 279
439 169
438 306
253 379
322 117
391 164
6 427
184 234
54 64
5 401
449 345
311 452
244 57
136 309
10 366
310 301
320 74
8 449
65 400
359 481
266 38
129 388
405 203
107 183
228 72
485 309
422 60
364 111
108 461
453 457
197 28
173 161
326 138
306 471
74 442
80 300
108 49
181 278
7 420
454 341
287 69
278 325
314 78
251 137
344 295
311 5
140 413
99 61
353 273
135 444
290 344
199 133
357 315
108 388
335 252
436 232
8 181
443 100
154 26
374 220
169 467
155 444
139 228
328 147
279 364
130 8
127 359
454 351
426 185
411 379
149 487
22 472
132 333
462 252
435 407
189 361
259 496
303 305
170 304
219 443
0 349
82 300
136 326
427 471
270 25
65 164
375 224
172 161
141 21
415 12
492 294
9 184
198 427
395 441
317 347
435 188
316 136
283 391
442 44
118 394
208 421
446 363
472 314
442 253
332 425
106 138
475 486
122 241
420 308
383 441
325 274
400 222
413 388
70 366
349 349
267 180
348 109
479 27
333 382
235 375
36 134
81 406
362 240
146 242
74 155
475 30
115 131
111 310
111 224
286 400
455 385
11 152
341 65
61 122
301 309
75 105
439 48
32 217
98 163
175 161
209 210
440 181
243 226
459 282
127 437
241 498
151 181
171 316
131 60
321 208
150 160
62 453
405 145
18 60
479 254
88 368
298 245
180 454
161 35
136 385
314 4
469 289
241 380
174 392
51 343
246 388
209 247
24 89
313 354
473 247
38 290
227 301
300 211
367 432
487 74
70 464
49 14
240 201
99 297
155 229
277 67
384 76
285 125
207 294
58 13
409 167
216 324
186 420
290 52
208 232
473 78
246 391
84 28
266 198
211 342
204 91
297 239
493 456
422 315
344 47
249 479
463 309
451 55
69 190
101 435
423 48
443 0
449 134
149 36
381 476
361 356
316 10
201 470
364 67
379 80
217 362
387 205
404 266
448 374
314 434
243 176
146 99
166 408
351 301
488 358
359 152
219 168
134 163
189 155
465 467
194 475
295 458
161 249
80 450
453 6
289 4
363 490
103 58
333 159
402 11
103 397
76 88
177 319
49 125
494 464
27 273
181 363
276 364
193 459
437 88
295 413
365 0
400 226
17 69
483 361
31 369
315 356
400 108
393 19
113 35
28 375
135 414
90 7
148 216
29 464
430 364
145 446
471 91
243 367
384 393
468 290
107 207
60 413
1 270
394 33
151 467
310 46
124 415
491 334
377 476
390 446
261 328
448 268
204 133
157 220
192 232
42 320
465 172
470 405
243 31
189 294
391 197
233 26
271 55
328 298
211 287
335 317
308 361
104 315
357 243
14 277
378 426
285 49
317 26
15 429
300 104
174 355
340 492
213 442
249 170
18 221
10 148
333 497
128 409
118 327
98 115
471 202
259 452
438 11
304 68
396 312
392 354
241 477
363 260
66 429
256 391
366 296
400 360
93 6
485 366
132 172
260 64
489 419
428 106
444 443
21 457
323 189
480 194
291 137
136 185
54 112
34 155
113 213
476 337
325 471
4 273
293 11
430 363
405 18
409 180
104 422
96 66
156 309
412 472
202 168
333 181
12 143
80 137
424 254
219 8
101 107
271 46
413 147
49 479
171 67
462 136
77 239
441 450
24 337
86 450
284 296
406 204
82 119
198 291
72 23
62 341
383 423
317 153
466 248
98 407
438 345
105 86
304 256
243 480
105 229
237 454
451 495
137 85
435 47
208 223
280 97
98 421
41 91
210 288
418 465
154 44
174 156
84 191
157 411
283 44
251 193
26 101
321 227
469 423
476 216
432 365
120 5
399 326
202 263
405 445
161 121
33 73
369 41
426 79
114 121
440 499
373 321
144 240
136 209
152 296
207 207
133 127
359 121
429 227
414 353
276 130
170 146
95 194
294 321
55 52
19 281
182 448
487 446
142 488
115 116
185 340
38 419
319 70
139 213
116 254
357 191
102 285
347 97
413 251
245 382
390 257
355 302
340 128
240 426
88 155
156 88
24 22
214 304
344 352
401 305
300 58
191 67
294 36
65 239
123 371
356 152
235 28
417 210
394 262
231 210
416 189
134 247
438 443
384 10
310 378
428 36
125 394
318 396
411 371
101 254
334 124
160 156
148 301
358 83
469 140
215 152
123 53
5 338
93 482
99 48
319 498
201 441
136 448
234 75
154 484
392 46
118 432
22 261
186 373
325 253
428 360
64 375
113 440
307 481
430 289
416 123
433 165
242 188
259 454
136 431
470 86
331 219
141 156
125 102
279 76
311 176
171 64
467 478
362 64
388 234
173 140
146 208
30 438
320 253
376 132
20 423
462 428
36 285
158 213
285 261
18 141
241 118
22 237
134 478
57 361
362 120
277 400
274 97
319 490
317 39
341 266
216 458
298 228
67 115
195 416
402 493
305 331
104 219
257 335
480 160
386 200
89 175
74 112
407 438
294 296
216 86
435 140
158 242
435 432
446 418
454 169
312 471
424 323
45 45
393 63
301 485
446 270
177 193
244 269
140 207
425 367
342 355
74 445
394 48
269 68
442 126
226 237
102 12
326 373
138 455
69 310
229 20
128 153
397 452
193 368
481 13
408 382
209 130
61 406
325 24
473 39
254 281
195 320
375 106
427 49
21 10
213 358
2 111
73 152
274 287
276 424
343 462
475 259
363 286
444 341
231 152
415 38
196 389
345 483
258 314
70 374
376 232
127 156
176 351
126 466
297 31
366 332
62 47
223 249
448 488
152 330
172 147
25 204
470 470
317 126
355 374
286 436
330 198
331 282
91 190
487 210
362 348
238 492
491 100
436 181
437 136
183 170
445 177
268 310
373 435
499 81
135 191
341 400
192 437
145 81
342 411
317 138
109 118
21 15
200 73
458 246
297 424
16 107
424 133
461 232
356 357
234 397
444 318
467 255
459 339
151 62
485 8
335 449
427 383
290 194
444 384
320 242
285 367
405 287
99 155
103 215
26 330
340 448
398 490
199 461
108 191
490 77
438 167
324 142
242 118
169 40
275 245
499 394
347 351
343 300
500 356
422 168
263 403
186 13
421 405
391 116
337 337
93 369
15 448
123 334
86 427
164 477
440 0
157 441
59 7
445 125
62 355
168 376
16 239
133 126
47 3
468 375
145 132
115 299
112 410
153 164
385 66
239 302
354 440
440 497
39 179
499 332
469 205
126 426
239 123
113 29
38 117
445 405
355 490
305 3
6 378
66 399
81 57
122 99
110 491
393 354
61 179
383 238
279 95
25 363
437 133
131 27
479 55
313 362
33 369
292 494
115 12
174 494
115 405
97 85
122 313
196 478
494 22
271 438
78 118
300 34
274 224
240 132
15 108
367 205
252 122
251 185
442 106
449 187
79 368
255 324
383 468
240 121
147 305
250 305
245 406
423 83
159 73
53 43
380 29
127 283
333 134
459 72
51 415
184 180
295 498
104 112
268 141
257 63
15 279
210 463
370 465
34 468
256 318
359 8
102 315
22 311
340 347
236 346
34 303
48 458
158 95
11 283
259 234
148 61
53 91
193 138
418 188
230 399
157 77
142 326
340 123
17 278
472 418
489 124
437 219
225 6
6 437
310 60
305 481
441 88
128 149
264 156
80 60
226 101
318 180
435 45
350 320
212 465
248 58
132 393
418 360
312 457
392 24
488 40
139 355
136 436
249 398
436 226
441 35
270 368
126 219
242 176
124 212
173 73
442 482
150 313
213 462
161 334
472 174
359 269
190 55
408 60
328 254
496 238
393 191
60 82
217 20
401 492
389 304
398 237
129 414
318 173
289 162
462 447
7 356
393 276
462 111
117 303
121 443
244 473
291 123
380 204
272 163
34 34
376 360
161 83
465 336
383 459
87 381
360 133
172 12
240 46
298 222
168 27
469 423
108 187
275 72
183 50
412 454
29 166
500 170
476 306
48 28
186 288
124 239
41 3
462 356
40 30
60 50
284 171
308 452
95 303
206 493
112 385
181 451
255 116
116 129
386 320
57 341
321 400
151 288
404 496
447 359
476 190
73 35
444 98
65 343
62 465
390 159
283 99
180 441
448 125
120 90
164 329
25 329
48 324
279 216
92 204
132 283
225 109
430 183
322 233
242 458
146 439
322 100
482 456
284 415
145 16
236 137
193 411
316 30
84 475
308 458
63 331
321 452
118 286
436 395
229 107
41 304
480 448
400 84
85 312
301 79
126 175
485 45
420 308
119 156
333 438
236 331
404 97
228 221
431 141
417 192
273 126
115 67
311 444
276 116
112 278
130 50
205 419
177 174
474 76
251 99
225 127
277 230
244 213
376 149
434 91
232 423
30 191
345 471
161 188
112 367
348 289
115 296
105 143
313 398
161 336
458 57
69 325
332 474
226 357
71 298
97 78
189 151
455 248
83 216
414 331
246 224
234 491
10 449
354 2
446 122
487 451
148 432
298 3
447 461
488 183
434 138
221 139
151 205
205 271
318 487
230 394
207 84
334 408
228 426
145 442
70 410
143 165
439 17
113 446
41 176
384 421
228 236
130 170
131 428
401 167
133 192
75 76
457 290
3 130
32 215
329 314
466 338
495 384
136 93
278 408
307 136
464 99
172 337
33 427
247 184
62 197
489 159
467 179
198 388
322 260
147 86
308 44
344 6
381 141
445 295
363 24
71 452
239 48
466 117
74 449
180 430
76 336
132 148
378 96
405 329
191 472
215 362
466 186
148 137
165 235
71 172
182 397
179 19
106 137
345 384
391 336
409 389
239 21
36 115
72 120
258 108
388 370
167 425
127 330
345 433
298 374
449 404
153 139
286 239
298 479
160 373
477 490
126 437
20 454
141 189
291 385
179 218
282 424
172 259
112 253
182 171
1 63
371 466
317 481
368 332
118 92
148 217
444 149
169 157
418 291
405 390
12 354
11 206
76 275
485 143
355 10
324 79
401 455
442 251
343 386
403 396
267 106
147 101
437 443
418 141
419 380
357 141
330 347
407 334
460 139
323 448
349 218
73 8
161 353
17 44
420 180
53 440
171 346
106 78
468 205
110 416
184 100
416 155
163 395
193 458
46 469
417 257
274 27
368 338
332 402
333 100
375 209
130 336
1 183
70 159
171 456
160 82
336 418
390 151
244 442
196 406
477 14
415 329
150 204
469 77
143 191
360 37
224 259
136 352
89 406
126 307
94 431
410 33
243 103
135 436
404 401
159 110
448 87
335 120
79 377
57 297
252 11
275 248
167 44
49 412
363 376
296 338
66 212
43 488
166 255
224 463
99 242
274 302
144 50
96 329
390 169
52 249
206 79
316 344
29 84
160 42
95 430
240 60
2 84
277 45
120 37
9 149
294 269
445 83
321 135
324 174
273 247
124 430
183 395
75 141
448 209
310 47
184 406
308 399
224 299
228 118
149 400
473 253
160 149
52 280
436 158
345 297
260 219
439 50
492 377
287 309
287 16
305 484
118 281
105 500
434 419
478 111
65 392
281 45
51 273
236 27
293 334
340 170
467 17
14 27
250 243
466 46
33 161
24 315
138 34
17 98
29 108
178 332
496 455
465 430
494 333
210 495
279 29
367 19
316 264
22 343
473 259
457 189
113 491
89 165
180 348
153 366
338 431
485 10
163 398
333 394
123 482
303 440
357 124
472 58
115 473
257 188
279 25
165 139
125 421
391 480
325 133
16 171
42 171
242 348
3 347
354 45
204 295
227 498
11 373
359 225
479 122
103 255
4 39
383 473
487 195
33 249
158 416
497 488
438 352
460 120
435 292
188 491
276 394
88 25
236 193
445 328
353 84
470 368
436 325
147 222
442 64
2 21
475 133
319 364
104 147
258 453
342 159
229 345
453 278
58 320
42 217
408 257
404 461
92 224
190 275
366 240
459 287
304 89
6 442
149 400
435 278
299 469
303 100
412 301
277 62
473 358
323 56
153 230
389 83
410 111
29 177
380 86
110 36
479 232
76 50
39 484
20 24
304 469
118 475
403 153
412 367
196 256
191 73
472 367
478 117
321 452
325 317
288 337
465 329
352 306
226 492
147 479
386 344
432 285
206 323
75 291
205 308
7 180
76 394
472 445
352 15
198 486
396 77
90 135
59 241
326 85
410 137
315 268
192 498
124 175
474 173
423 44
324 66
143 439
76 70
441 101
158 454
477 307
98 482
67 37
156 285
153 144
434 168
256 252
64 37
471 432
312 389
206 337
276 436
191 240
426 122
395 2
466 144
175 365
396 201
265 372
12 116
79 252
141 320
137 101
86 120
41 61
217 323
148 415
466 492
75 140
294 236
202 299
318 495
270 301
250 54
31 491
387 134
478 202
39 350
395 164
145 356
435 123
203 281
220 380
217 310
136 66
150 420
236 380
287 83
295 174
179 10
369 105
79 423
287 28
460 278
76 182
131 164
48 396
181 98
270 179
392 237
42 47
11 108
444 493
301 169
153 108
218 356
418 270
412 421
95 365
56 83
70 371
139 280
110 59
419 277
286 82
267 65
170 210
140 332
317 205
235 201
333 125
293 124
63 219
183 407
131 354
33 270
277 379
389 284
213 17
286 313
374 423
17 155
4 482
359 479
148 447
200 345
163 3
51 396
406 383
425 369
253 214
487 458
325 358
280 259
411 193
189 27
116 217
415 332
51 370
3 265
52 487
343 315
390 405
98 266
120 15
433 101
477 122
354 320
100 498
3 204
337 295
410 426
69 433
9 411
265 91
251 53
210 407
484 232
153 23
364 472
53 468
296 130
222 344
357 304
394 85
100 278
411 252
138 342
201 21
234 222
273 282
423 95
360 493
469 126
464 212
110 213
283 416
150 218
333 143
157 481
392 15
291 103
52 398
216 446
262 490
271 335
340 457
310 312
157 182
188 202
386 148
134 4
400 264
448 210
229 32
367 92
102 24
54 455
112 193
373 354
460 14
439 305
483 224
431 105
118 395
314 111
300 305
323 472
125 452
493 365
270 380
62 172
370 268
354 257
304 153
277 136
412 357
418 374
201 285
30 311
260 453
337 345
424 384
223 343
135 111
16 400
252 55
441 31
471 269
179 66
97 182
50 365
275 17
432 291
299 389
319 331
18 211
163 299
10 396
95 352
430 54
183 294
123 105
115 282
53 219
73 237
24 428
40 34
39 487
155 490
94 307
246 424
381 467
245 343
6 156
486 130
43 65
160 55
78 464
486 481
329 324
218 328
158 411
320 448
86 316
46 406
8 361
444 392
8 493
62 131
344 469
110 140
305 152
134 459
20 167
32 124
276 219
442 320
292 386
359 421
110 314
201 127
321 378
183 97
260 135
38 23
441 314
357 66
83 73
45 102
336 419
192 292
433 260
402 402
232 248
394 464
131 170
227 132
325 237
156 96
252 94
259 304
260 54
54 9
397 496
19 384
216 416
418 76
446 491
419 490
240 423
275 139
164 209
300 51
434 408
61 80
409 206
34 281
75 459
431 413
162 97
91 452
441 187
435 344
49 170
163 249
341 390
235 157
66 428
323 250
144 337
300 62
278 304
237 426
156 6
301 371
84 135
2 95
394 196
387 338
405 9
438 119
426 427
55 308
209 13
448 441
181 259
270 142
426 151
245 323
145 43
434 398
296 191
366 145
1 380
213 70
5 311
207 49
378 477
490 318
279 383
282 109
331 180
478 450
429 177
339 112
307 463
267 472
132 386
436 4
292 497
228 310
200 268
415 485
248 487
117 302
235 161
155 218
168 371
461 357
345 197
412 39
60 372
34 164
404 326
234 133
252 438
377 262
87 190
381 492
73 6
396 209
259 181
470 24
405 154
356 115
131 6
439 165
221 85
367 218
4 277
369 350
229 133
185 218
407 225
381 478
365 289
125 133
205 308
212 60
51 469
241 152
475 180
142 50
471 88
167 90
194 254
137 368
460 188
456 82
458 441
482 141
391 129
182 170
21 154
207 19
301 368
397 59
16 116
313 445
266 297
456 185
474 397
121 480
444 54
87 380
23 381
411 360
434 109
254 73
246 155
41 209
469 296
313 258
117 414
300 303
433 358
176 39
383 151
479 232
473 441
414 483
479 186
206 321
265 44
86 350
85 280
218 210
95 212
463 0
400 140
404 325
117 220
376 235
494 276
306 23
179 267
464 418
391 435
293 330
378 79
107 97
241 17
387 390
128 165
394 145
132 74
75 96
25 261
282 276
117 241
324 278
63 231
122 196
202 278
311 357
82 191
107 229
380 186
257 359
355 251
150 468
89 97
78 472
369 166
416 360
395 256
367 308
408 187
243 167
103 482
167 182
131 126
115 373
358 353
1 264
136 461
207 348
323 337
197 28
94 85
91 452
268 197
431 230
83 278
246 349
95 335
257 315
325 220
73 406
326 321
115 314
239 67
375 401
301 73
490 231
276 193
463 91
183 278
20 459
95 265
477 135
127 66
285 425
120 127
289 447
488 330
485 103
106 362
52 240
14 40
278 177
34 99
222 248
55 475
437 127
63 498
293 247
469 428
269 189
104 284
493 204
44 28
353 57
196 190
273 285
358 360
10 72
410 274
431 126
202 498
431 366
425 65
285 437
266 458
264 126
392 343
411 455
202 375
184 236
246 74
386 278
158 235
447 440
172 358
493 12
53 119
414 357
309 338
472 186
158 157
479 498
281 465
49 130
416 484
16 30
156 266
396 274
178 105
184 390
234 376
248 200
143 246
375 125
47 54
464 362
194 457
356 437
356 200
331 427
127 71
456 168
90 273
312 259
201 399
318 126
167 199
237 377
186 207
482 474
112 296
127 188
33 73
55 65
88 30
284 44
283 14
353 457
333 92
243 339
248 15
125 185
191 102
257 302
218 134
172 204
364 213
468 247
119 139
338 60
409 275
214 486
28 11
47 351
338 404
149 131
400 156
438 470
479 150
245 194
81 342
262 6
373 25
147 31
451 169
49 45
325 160
72 204
33 458
57 376
466 472
11 238
422 387
128 325
18 195
38 382
282 486
143 317
9 170
330 38
326 320
433 109
335 87
67 168
271 149
334 12
129 433
13 496
385 383
121 284
280 263
57 4
202 441
101 278
235 21
444 371
437 487
137 367
77 287
19 439
131 347
237 325
83 202
412 390
294 104
386 95
270 287
252 192
20 344
392 354
32 244
336 224
176 164
281 252
358 26
150 470
10 430
270 227
169 239
257 450
241 99
131 335
121 254
84 408
431 81
277 283
279 27
441 128
393 307
441 44
77 339
111 104
19 271
327 356
119 7
431 227
33 94
219 25
188 360
5 392
136 415
488 57
214 376
264 200
465 437
494 223
19 395
283 9
21 288
98 484
91 70
457 2
415 124
59 176
407 95
28 490
314 235
143 225
356 280
415 450
363 332
224 156
276 407
408 191
139 409
11 491
335 327
277 138
153 327
109 10
350 170
289 187
397 18
18 452
233 181
295 345
2 300
71 493
359 34
401 9
174 360
281 427
277 282
69 133
410 462
233 441
417 33
45 345
332 267
24 95
57 112
430 129
162 152
61 127
476 55
19 365
292 472
267 386
334 127
468 120
481 403
7 416
55 321
244 476
478 294
223 445
273 425
128 499
371 277
139 6
417 53
53 298
271 181
111 296
232 208
483 395
494 11
137 236
468 214
449 68
424 322
406 103
30 426
270 232
98 177
227 357
105 375
177 283
82 157
252 472
175 375
500 411
164 362
114 339
48 26
193 414
201 42
409 225
49 263
89 251
282 68
336 111
33 211
159 331
13 333
143 481
311 202
457 186
242 11
60 450
325 416
496 192
30 429
182 325
112 111
332 405
160 140
82 385
281 231
353 326
369 348
130 216
386 342
240 257
27 280
171 40
449 328
156 146
406 445
340 405
277 350
396 361
62 152
274 20
187 34
38 46
168 419
100 480
49 65
188 435
400 433
225 252
204 478
347 263
214 305
328 348
486 138
262 421
409 476
195 389
192 79
115 405
256 377
141 130
322 158
36 57
287 180
456 69
36 303
317 191
60 201
374 488
481 459
29 106
435 464
257 251
493 50
421 479
97 48
285 362
317 156
313 106
340 104
358 51
302 33
436 144
262 141
11 154
60 422
337 71
488 450
103 315
126 159
486 337
57 173
326 443
24 204
110 9
480 279
189 402
58 160
288 452
29 341
190 7
0 342
282 400
166 59
395 103
356 147
217 288
283 334
101 361
446 123
435 277
64 128
82 486
118 266
46 279
327 458
416 408
190 340
322 237
471 262
422 8
131 303
417 207
222 374
363 358
241 415
166 291
289 4
313 463
344 108
57 167
145 225
224 186
372 284
499 354
425 282
38 377
116 83
144 198
436 208
105 4
201 201
426 184
41 495
273 337
326 237
174 422
341 122
240 354
220 273
157 281
489 94
69 59
385 13
56 88
382 126
152 104
190 78
12 251
110 60
215 430
76 105
263 226
205 17
243 205
268 98
297 314
42 302
236 30
62 371
346 496
275 101
197 190
103 209
73 432
491 451
476 77
102 416
386 302
317 101
386 489
246 259
129 371
118 315
320 178
307 172
256 114
410 228
202 133
422 66
474 370
136 304
342 17
386 189
105 148
16 326
102 436
139 432
370 236
32 116
401 454
224 9
68 173
67 107
393 444
388 91
91 312
443 190
461 267
299 236
287 466
346 365
255 40
425 458
356 263
416 454
171 255
176 409
491 246
455 435
151 190
69 271
253 305
315 173
300 467
225 414
475 272
133 458
278 159
358 137
445 486
40 88
108 422
408 349
120 211
297 138
289 232
21 305
210 79
109 351
85 94
357 225
57 9
121 48
431 237
11 112
218 219
441 294
389 406
410 35
41 232
110 216
238 81
500 285
263 154
149 276
58 196
246 442
4 330
456 421
245 241
373 438
342 223
130 78
210 340
282 306
448 118
317 292
226 203
407 214
104 456
110 7
245 199
498 0
191 317
223 243
170 481
381 491
408 382
478 370
81 7
175 403
470 408
434 458
480 0
18 433
93 436
161 252
19 39
194 191
151 290
214 178
398 60
309 369
429 284
166 203
446 202
180 382
427 403
185 66
196 447
157 338
464 444
106 384
478 34
50 293
169 8
108 108
215 373
164 427
174 332
306 228
487 385
248 498
429 406
22 488
327 387
242 129
44 59
92 111
150 193
117 498
291 132
391 41
355 82
423 438
385 181
227 17
336 44
347 155
55 432
435 273
369 66
153 33
21 369
170 81
460 80
332 107
58 242
47 266
434 230
308 318
455 20
101 5
298 27
436 320
16 468
146 20
253 405
146 176
372 47
320 482
70 418
228 254
58 276
138 255
54 257
151 207
109 404
180 381
417 316
182 9
142 357
80 341
89 456
239 207
246 30
347 124
391 309
9 457
477 409
196 93
395 34
12 469
389 156
199 252
439 279
140 314
335 490
482 378
326 497
300 203
223 58
414 210
255 410
33 391
489 42
379 134
144 43
243 251
133 474
321 408
113 487
46 212
326 489
337 495
389 108
333 51
2 74
396 318
477 17
316 121
296 180
387 214
381 451
124 233
420 279
188 11
58 241
201 393
449 399
191 43
208 368
230 274
464 354
41 483
242 302
47 350
63 134
183 51
195 146
123 230
327 277
485 59
289 198
370 345
194 44
127 130
199 72
14 426
296 343
262 302
357 108
385 127
44 95
104 396
178 357
289 225
262 479
4 291
233 354
21 33
276 54
236 98
73 72
74 157
36 237
92 364
365 47
385 352
435 466
260 31
121 317
427 320
276 267
142 76
397 110
185 368
17 232
408 193
468 357
64 213
286 457
463 190
109 153
399 102
130 29
368 34
448 431
471 232
60 221
342 259
425 197
411 12
93 156
149 204
199 33
330 239
337 313
431 468
290 229
196 133
43 89
148 386
450 105
21 95
116 248
390 262
384 335
186 237
11 251
482 435
31 154
419 48
91 318
187 429
71 451
459 439
196 463
473 375
398 207
182 219
194 441
357 328
101 311
189 167
225 498
184 73
340 111
124 109
128 92
176 309
61 368
88 298
136 118
153 136
176 335
454 74
1 143
350 305
394 405
476 211
373 218
203 494
487 93
77 28
219 35
189 362
239 279
268 281
39 8
393 349
137 303
62 382
2 394
265 459
349 488
260 39
416 431
238 395
397 159
102 107
150 25
194 138
494 440
312 34
299 66
481 476
391 441
350 467
28 401
450 179
239 4
260 402
412 97
107 148
416 313
388 229
83 305
291 373
287 415
406 300
259 233
493 239
317 144
271 407
9 252
15 197
399 415
453 148
151 194
400 239
147 205
295 408
162 150
361 300
227 115
196 314
206 400
117 471
194 377
116 60
481 139
147 80
21 145
138 47
170 107
275 226
131 393
339 112
384 441
120 171
279 68
198 480
219 41
361 170
365 100
133 277
125 289
73 79
350 199
431 409
210 222
181 36
126 322
148 401
273 140
374 495
367 342
44 190
112 18
196 417
233 406
398 91
222 497
61 320
142 362
398 365
410 149
280 196
399 439
281 237
418 266
492 246
255 80
224 227
338 260
205 304
13 72
217 150
279 42
298 40
155 32
76 348
41 234
362 19
205 161
39 84
433 189
435 490
259 415
150 430
21 296
243 132
211 438
426 230
242 183
9 269
489 376
222 423
113 47
445 343
118 142
267 190
174 427
87 485
401 239
124 350
477 373
183 291
407 488
270 426
473 141
308 376
71 11
438 424
385 312
493 139
186 122
105 495
484 495
176 115
3 263
335 38
230 175
465 384
79 192
281 414
242 472
494 15
146 149
11 213
259 249
204 69
105 291
276 193
259 114
186 42
361 437
457 301
397 9
305 22
89 328
402 37
251 310
88 94
181 84
256 257
439 209
151 492
146 261
157 288
313 250
58 397
224 228
73 218
376 349
322 468
267 157
214 475
217 327
440 299
470 129
429 111
423 208
121 213
90 406
153 3
122 61
253 49
191 327
113 66
90 457
86 172
310 497
289 188
500 127
227 356
305 147
6 390
436 31
386 310
119 460
66 425
109 207
150 295
249 45
308 424
271 17
121 293
19 271
264 157
121 336
346 94
439 250
358 426
107 278
108 110
315 57
348 117
225 329
205 155
82 10
56 67
28 472
250 399
116 78
459 371
114 404
153 443
169 187
13 77
45 310
364 219
53 464
389 348
405 409
240 22
491 375
437 139
148 492
51 364
351 15
484 433
415 455
93 104
2 461
410 116
116 290
128 184
421 85
378 476
206 328
377 369
485 103
364 336
221 340
188 48
300 274
483 36
330 190
218 168
167 116
349 32
68 146
473 50
58 138
270 119
255 323
105 328
304 88
421 358
9 442
221 439
332 461
309 458
394 201
182 405
103 187
223 167
31 498
464 203
378 276
235 101
292 127
283 279
117 32
11 463
102 276
130 462
121 250
112 94
180 174
287 321
166 245
18 277
16 438
205 82
167 498
48 31
483 200
212 376
136 309
237 57
192 230
458 100
144 316
394 251
471 491
322 446
471 475
107 340
364 69
65 38
54 338
92 321
90 207
164 43
370 203
466 275
21 90
37 354
470 374
442 146
460 402
428 108
331 362
53 468
189 416
114 313
125 485
163 19
233 284
100 281
344 362
57 104
418 121
274 190
15 489
400 348
191 203
28 174
166 118
476 164
454 324
375 351
414 222
116 15
278 141
215 349
80 68
61 269
181 209
188 96
131 464
415 6
28 412
477 305
145 367
307 226
419 130
143 238
437 229
344 433
301 483
76 250
135 446
460 6
459 394
127 212
346 212
461 333
448 405
260 371
59 343
487 172
286 2
385 249
24 404
228 350
485 474
273 293
498 218
214 154
84 269
229 39
254 112
42 345
454 489
273 74
76 487
290 275
384 457
303 444
450 319
197 266
160 371
364 457
337 31
82 220
0 270
50 440
278 373
204 273
10 158
432 356
252 340
44 83
335 475
174 276
325 30
348 154
236 184
409 27
127 387
392 194
106 4
288 72
334 143
403 152
191 406
182 164
65 59
481 396
395 197
1 466
156 465
176 430
335 484
292 356
322 376
36 145
467 161
48 140
106 216
438 350
201 87
452 88
431 236
438 27
377 383
311 272
216 7
322 278
315 401
265 87
68 288
223 89
193 213
331 51
273 53
231 104
73 420
65 435
303 374
151 375
306 299
151 77
393 271
82 333
398 88
236 74
107 458
9 219
299 49
277 357
132 393
43 366
123 36
266 388
163 462
275 15
249 255
355 235
481 80
226 246
232 202
63 429
184 90
424 154
332 244
471 261
308 40
93 376
258 402
321 37
428 283
218 270
90 113
138 226
208 374
263 293
78 49
107 106
145 278
471 388
163 410
446 476
338 338
87 371
500 171
440 189
484 356
207 380
175 481
204 480
133 479
239 74
389 443
263 6
310 24
281 210
114 115
459 381
93 126
327 128
178 186
419 451
474 273
74 457
196 281
153 223
66 142
327 363
222 283
93 343
103 466
154 362
57 373
359 410
132 152
122 496
141 373
150 330
209 115
76 293
383 169
219 314
318 30
181 324
41 40
188 262
339 449
500 260
152 239
36 381
489 269
369 122
112 287
341 41
163 363
274 103
361 12
447 68
399 339
323 240
287 251
272 171
155 29
38 404
375 4
114 344
57 369
465 177
333 90
110 447
428 312
45 328
214 181
481 377
368 353
118 372
466 132
306 33
47 218
42 318
248 90
336 489
57 62
369 446
298 104
480 149
291 226
375 358
330 174
68 251
16 301
157 17
316 280
177 156
95 366
464 480
100 218
142 84
500 176
301 445
209 433
92 373
192 30
284 380
345 138
51 166
493 218
244 213
216 399
271 345
195 329
203 342
190 469
28 265
493 292
456 43
107 54
451 430
43 282
26 286
133 237
156 292
479 500
93 63
201 239
341 461
128 471
254 329
410 187
404 248
198 270
386 423
119 190
237 493
211 221
64 330
13 432
136 156
344 323
263 50
88 190
149 220
149 144
345 136
149 9
89 443
336 51
172 16
88 10
252 451
393 141
343 250
105 100
23 432
34 11
29 154
199 341
450 274
328 126
31 117
222 108
344 436
277 475
249 110
138 3
221 146
427 358
174 246
170 486
31 33
457 436
272 290
268 311
224 29
108 214
276 333
373 387
46 420
44 343
357 220
145 411
87 306
282 218
82 484
469 309
59 37
236 248
487 122
272 229
461 194
34 351
313 433
373 425
326 366
163 71
99 187
49 187
206 207
270 138
60 221
60 293
341 361
332 194
372 476
436 257
407 459
44 362
166 329
24 285
302 366
457 54
354 271
209 417
56 400
208 484
227 274
148 90
360 340
348 53
124 61
321 36
236 433
210 28
395 73
400 69
168 442
493 72
277 234
45 469
426 325
373 409
490 364
235 303
216 265
173 267
66 335
193 33
70 330
55 217
392 306
335 113
148 427
159 374
152 186
136 373
256 28
17 95
431 440
112 29
118 173
172 168
425 158
189 248
211 51
61 191
180 426
179 374
6 241
19 304
36 421
334 406
364 6
438 97
479 39
25 366
23 183
407 332
121 457
462 35
169 142
493 246
226 105
481 45
444 198
269 384
118 239
332 210
144 365
430 287
392 431
268 261
173 47
358 147
355 343
288 43
34 103
261 83
446 398
282 80
331 457
435 273
358 394
259 497
424 263
111 122
480 400
426 354
282 297
18 295
115 482
456 46
230 204
282 446
364 478
464 470
175 10
69 403
369 339
136 243
170 455
69 10
454 225
130 211
409 196
236 380
477 222
482 54
169 475
494 206
80 145
125 374
82 160
358 476
386 0
203 281
6 119
146 198
340 352
216 366
398 457
140 250
427 383
285 442
456 126
10 350
413 466
2 60
213 284
311 204
205 483
4 29
394 119
11 14
85 400
92 460
130 127
133 108
137 42
304 67
427 246
16 267
493 22
416 132
302 237
344 481
429 298
74 133
236 375
223 127
13 142
95 52
109 462
335 490
377 36
340 239
368 276
110 69
472 254
497 235
467 388
484 365
180 76
358 366
140 163
212 215
340 323
163 396
98 157
192 455
59 106
53 127
20 104
210 366
495 88
451 162
98 232
32 10
288 333
22 346
185 117
324 258
459 201
428 133
218 343
252 286
400 31
451 211
440 491
232 433
457 470
41 489
315 490
92 13
46 251
111 34
201 207
108 69
330 471
94 122
163 459
238 479
408 202
106 364
33 252
167 385
67 182
111 245
313 421
498 319
157 342
292 235
481 380
378 339
382 173
11 153
394 41
486 107
87 278
118 399
384 271
490 454
220 117
498 286
219 494
92 471
180 139
177 232
232 433
153 14
40 56
195 331
57 279
377 465
50 429
99 111
392 36
467 174
67 38
485 493
170 362
294 141
112 432
174 2
496 210
440 438
160 334
453 281
79 211
91 168
325 174
426 271
69 367
172 51
52 84
332 491
171 256
222 211
283 97
364 312
39 277
10 94
170 227
429 202
35 272
235 57
241 51
467 45
58 272
280 326
240 162
392 79
463 311
486 270
7 193
413 165
323 348
431 137
403 461
411 29
126 99
67 67
45 422
213 259
447 124
83 353
163 209
0 293
57 388
458 397
385 88
435 292
448 406
10 424
378 231
33 217
225 5
456 185
275 352
114 7
482 58
61 156
210 0
331 130
188 496
221 373
375 134
204 482
319 471
189 260
383 494
74 186
314 164
493 61
402 350
406 246
350 191
250 96
168 6
157 269
205 239
65 359
312 398
146 456
122 5
241 74
216 302
237 163
121 396
26 275
316 350
454 142
348 447
258 135
84 177
221 184
443 257
120 486
45 144
469 401
230 466
298 205
296 466
127 209
417 452
20 233
473 200
2 468
254 349
309 446
88 243
125 311
276 83
401 283
332 64
323 92
69 412
298 463
268 11
460 319
467 368
353 250
464 25
247 167
54 263
22 290
297 79
318 3
24 37
45 287
288 274
99 216
373 421
217 297
297 220
294 99
4 308
313 413
151 443
166 25
451 191
465 443
320 466
343 216
262 118
258 1
23 9
249 461
216 371
308 307
289 404
353 498
294 259
121 386
231 246
259 397
487 335
200 190
485 277
118 303
110 291
195 176
465 188
48 478
356 324
119 424
427 50
414 115
212 206
124 111
359 214
71 267
91 112
268 224
51 352
21 104
386 182
496 388
297 392
463 331
322 395
104 25
145 224
178 222
340 65
370 126
499 413
436 254
41 209
198 273
403 320
189 325
64 90
113 498
429 141
410 107
426 190
182 397
1 426
340 265
369 64
434 342
374 45
360 489
392 114
405 417
245 277
398 355
389 173
294 295
403 298
203 387
431 420
437 480
82 371
349 118
335 125
452 102
393 428
478 382
38 135
361 238
70 48
282 327
197 29
402 160
406 218
307 397
152 4
433 279
91 4
20 436
211 79
404 75
342 134
118 26
334 164
139 29
238 389
31 290
356 370
300 147
6 213
397 149
19 335
209 182
172 333
47 433
433 252
437 111
408 49
57 69
182 473
326 335
238 371
210 201
342 19
156 84
466 279
380 217
495 212
303 173
255 372
130 92
333 76
101 39
148 75
146 218
3 448
491 339
157 158
134 341
18 278
240 64
236 442
386 191
323 93
167 201
210 384
3 303
43 361
173 476
319 173
340 99
76 248
500 392
59 497
452 292
77 168
251 134
249 87
178 277
262 347
388 42
318 78
351 366
352 176
55 3
258 422
161 420
225 116
272 305
207 102
7 205
234 417
26 294
419 255
47 388
430 433
472 213
221 161
218 361
55 43
194 15
136 226
104 74
458 213
235 16
139 35
18 328
224 205
118 267
466 479
132 210
394 192
65 135
137 184
110 4
312 450
251 165
108 242
113 152
295 414
261 472
3 121
450 329
465 219
326 229
79 117
465 271
141 216
377 266
497 268
425 266
152 176
295 71
172 135
49 498
17 26
262 277
444 280
418 429
462 122
467 441
61 457
484 118
239 468
266 114
491 158
142 146
217 412
291 473
47 417
270 231
458 274
447 23
232 369
231 367
31 239
331 164
223 344
356 33
157 272
477 310
125 147
461 157
245 137
240 37
474 351
61 400
447 471
191 474
491 22
468 169
170 212
349 161
349 130
81 25
224 8
157 24
456 124
426 119
339 462
431 445
410 442
449 351
109 304
411 187
1 140
209 496
248 338
189 411
399 444
474 43
80 180
189 180
342 423
433 284
301 460
327 478
394 282
431 57
293 446
470 336
124 313
197 455
432 479
230 85
254 198
231 271
200 456
150 56
169 29
464 18
464 143
342 403
79 410
359 417
14 431
339 78
394 238
392 220
49 259
68 324
221 409
109 284
400 128
178 58
72 157
266 414
3 96
65 485
36 495
497 265
115 121
217 128
264 187
409 172
338 283
323 339
318 421
326 51
383 387
24 163
378 133
100 225
283 262
239 198
276 225
390 162
107 170
262 160
437 457
123 93
155 17
323 153
293 93
237 110
308 91
212 488
254 366
203 369
154 212
177 131
194 206
213 451
78 155
336 282
460 463
346 54
483 8
468 127
9 167
241 18
44 435
349 421
23 154
91 242
390 257
121 98
61 134
238 216
463 286
357 23
82 141
379 257
284 217
414 41
470 198
253 366
380 253
126 188
388 162
35 280
341 382
427 492
402 307
444 310
274 40
395 302
81 378
135 303
372 330
422 143
460 245
365 364
349 430
277 309
50 264
200 255
248 31
58 30
225 15
364 193
194 447
433 297
100 353
341 78
404 106
29 282
164 369
457 265
422 233
44 232
275 25
195 150
179 175
254 240
378 483
39 357
93 448
406 53
227 412
392 421
10 22
217 155
290 371
388 219
459 169
336 171
204 489
440 115
434 474
373 367
393 18
173 256
109 328
1 279
247 490
436 283
14 174
92 188
27 430
411 92
4 490
225 386
41 156
385 432
346 7
269 159
475 414
38 273
263 19
98 86
265 275
49 326
451 407
71 271
371 470
221 283
110 324
20 358
73 88
323 254
308 455
429 81
431 258
5 92
194 330
194 262
455 5
97 430
420 209
478 322
147 295
311 498
305 262
463 340
165 423
409 211
448 489
217 364
364 205
19 267
113 256
432 79
426 316
255 273
330 412
173 28
37 4
34 132
33 318
132 199
333 126
228 93
201 416
135 345
42 385
493 192
124 380
386 491
445 181
464 175
126 261
444 322
458 332
117 459
118 358
390 169
399 147
475 413
228 74
463 18
51 246
346 45
459 20
237 339
279 369
418 241
62 242
242 229
379 264
245 190
20 364
213 58
280 265
26 380
71 443
430 40
86 331
208 345
73 193
302 179
480 375
67 176
120 224
347 301
389 144
126 434
462 445
349 36
42 454
116 244
389 161
211 36
168 425
448 358
133 496
489 260
454 309
58 436
299 42
276 407
425 365
228 179
102 14
99 491
104 238
20 358
62 218
284 189
277 324
418 447
493 305
339 444
345 348
492 478
287 346
343 335
319 279
80 39
183 291
242 418
52 191
76 157
454 455
46 382
99 16
323 270
440 14
126 110
340 43
164 386
222 344
393 292
355 97
263 122
83 201
53 221
98 67
167 49
246 484
421 178
44 75
398 327
6 259
26 488
276 382
161 462
155 496
52 222
274 130
368 260
97 356
464 58
219 138
180 247
3 223
183 22
473 392
351 394
100 46
469 482
75 48
100 492
280 87
428 88
240 229
173 204
324 149
494 499
126 478
152 37
415 14
134 116
229 364
175 140
3 85
328 410
237 407
276 252
119 195
368 267
439 151
436 174
262 264
376 180
464 409
291 392
375 488
309 232
465 389
89 95
476 428
489 341
199 67
18 244
193 5
444 156
44 215
415 125
333 447
314 307
174 412
211 86
72 361
203 22
244 454
109 40
420 273
130 115
91 151
112 225
436 135
0 389
336 72
185 328
98 466
377 271
268 59
335 376
30 500
98 472
230 264
422 252
142 458
79 177
218 223
233 190
141 326
100 373
431 7
255 169
120 10
433 324
8 463
93 476
93 205
249 107
52 179
153 181
340 180
141 127
262 103
343 415
17 290
480 335
423 319
85 415
346 93
146 7
247 330
492 44
108 28
477 230
251 371
156 184
489 1
232 67
348 330
197 409
482 152
289 230
240 269
203 499
277 75
405 392
282 443
107 326
198 207
250 376
65 44
348 119
71 162
94 153
91 258
187 439
415 390
230 51
4 66
24 219
9 387
281 267
181 13
442 322
239 283
222 467
7 35
283 420
5 430
43 200
239 235
8 44
475 371
479 199
37 267
50 362
443 234
344 376
402 131
485 209
438 147
42 314
380 91
307 493
475 41
194 450
174 295
308 228
83 214
105 108
34 70
477 84
452 135
82 182
149 200
351 292
116 216
302 157
304 173
438 249
302 314
130 6
290 369
32 202
18 128
439 322
403 162
137 431
240 45
458 198
344 106
11 308
68 437
281 313
285 366
187 122
273 372
334 404
500 275
142 157
117 182
135 111
401 418
316 234
198 57
304 460
139 216
481 119
180 474
199 458
387 130
305 133
283 209
365 439
215 130
105 472
162 381
367 135
59 246
66 55
127 441
55 68
399 421
430 361
482 190
413 431
183 205
205 439
496 227
382 60
342 352
334 437
292 162
348 256
92 310
59 215
404 175
414 166
290 371
294 57
300 159
153 95
383 30
396 224
471 169
32 396
348 339
339 316
281 35
69 162
329 428
116 12
265 299
405 13
405 296
408 224
148 470
225 188
328 477
306 445
66 422
466 471
294 406
24 57
186 422
393 205
215 487
200 154
10 342
274 285
293 131
155 365
56 429
397 78
399 154
140 256
150 146
157 469
470 47
404 21
22 178
18 50
131 485
287 268
325 123
105 103
200 184
299 440
286 345
230 324
226 406
44 165
177 38
175 444
429 314
439 351
423 112
45 276
426 5
371 357
268 54
146 172
394 238
141 396
124 451
264 7
192 365
135 490
348 443
169 98
214 419
247 423
338 208
394 74
185 3
233 364
48 98
222 240
39 231
39 398
204 89
247 410
342 347
193 87
251 445
451 447
349 340
496 309
370 312
489 416
274 246
113 216
24 40
5 256
233 58
111 416
489 300
362 37
372 225
427 374
322 119
228 482
84 238
27 424
98 212
228 472
441 107
430 364
300 301
344 498
183 279
345 111
146 401
363 447
424 5
438 2
208 252
160 451
249 459
182 260
55 438
491 11
470 147
253 16
118 285
313 453
288 292
90 162
118 319
197 89
289 356
421 68
221 14
349 112
387 367
155 96
10 63
37 1
157 476
481 40
59 436
38 75
71 338
141 495
307 117
112 479
275 217
249 184
142 44
444 346
303 60
157 134
450 19
249 130
448 304
321 20
392 216
471 213
428 396
130 18
387 108
104 473
393 122
424 122
361 343
362 332
165 140
242 83
326 465
226 387
203 440
171 11
409 324
332 18
447 418
185 103
147 165
270 268
388 289
86 222
218 359
196 12
469 7
444 306
34 258
26 20
330 73
286 107
241 370
14 438
37 487
345 126
179 486
154 125
81 317
33 433
254 81
224 454
462 170
325 461
30 330
183 396
231 173
406 9
304 133
139 230
119 430
11 233
310 204
45 309
87 241
136 267
166 402
483 171
162 142
423 135
301 107
171 317
282 74
349 462
134 487
339 379
278 280
210 215
333 126
328 405
165 182
383 102
186 499
264 103
249 58
286 86
259 390
368 56
466 428
5 359
52 60
23 149
258 53
293 177
144 496
485 491
200 28
382 255
500 247
34 461
489 91
385 15
144 432
321 198
316 56
293 210
240 346
242 357
53 333
434 231
57 179
438 105
259 91
62 484
252 268
422 79
367 158
119 102
100 244
62 157
8 451
82 0
361 308
216 212
488 215
165 112
53 124
12 70
367 211
301 172
371 249
376 499
190 315
296 171
121 342
469 235
70 418
86 93
420 14
155 135
145 449
320 235
250 232
139 337
190 43
274 153
259 499
76 309
455 73
312 322
499 304
56 308
86 471
236 236
74 453
202 245
77 378
291 443
48 114
127 192
294 420
110 222
379 80
62 273
212 151
71 320
28 117
168 300
40 168
229 168
315 201
189 148
347 414
166 139
394 330
67 456
342 405
324 335
441 376
195 100
291 80
94 25
157 415
380 427
340 421
180 293
359 228
355 368
361 486
75 177
203 459
97 392
297 421
46 175
285 429
493 489
421 338
136 259
110 103
457 481
486 260
289 216
392 426
254 95
220 416
350 46
51 106
475 118
109 247
494 377
406 404
455 316
93 110
298 331
408 85
217 445
117 157
85 175
402 496
458 21
116 21
19 244
250 44
429 221
111 294
89 214
493 321
382 103
36 449
11 47
169 449
172 122
314 486
354 160
57 183
421 401
175 319
428 364
75 330
52 299
77 73
466 374
74 229
364 141
348 413
139 433
73 457
227 348
353 187
347 199
71 70
178 154
142 39
18 489
415 312
493 191
41 256
427 261
314 406
281 496
437 364
500 338
205 460
347 284
1 175
468 13
59 496
433 436
12 19
318 169
270 26
461 478
387 331
369 18
333 231
491 3
51 314
380 286
465 388
266 29
314 56
434 189
475 70
293 60
142 171
18 380
228 439
410 148
438 478
236 112
481 18
130 152
131 389
58 263
240 424
416 204
80 78
397 352
327 288
360 292
334 73
311 315
234 28
394 1
201 182
490 250
284 131
393 169
88 415
297 166
107 462
164 390
264 123
336 132
189 251
436 264
202 279
384 472
279 126
364 57
258 331
141 449
149 22
231 74
373 69
158 232
433 121
177 397
312 120
56 490
331 270
182 462
299 365
28 6
85 12
450 45
291 287
388 167
246 55
234 363
17 182
183 40
110 55
201 333
299 460
419 472
2 393
309 96
244 488
477 287
261 89
466 332
214 100
277 137
88 431
130 142
460 296
305 1
187 32
296 396
204 319
457 136
284 37
244 108
337 433
223 476
34 85
267 223
157 296
325 207
203 343
222 135
312 114
426 162
143 435
444 185
278 126
125 337
238 125
428 182
165 146
69 435
282 126
166 20
15 324
278 163
188 158
363 347
343 276
120 465
263 254
197 137
68 310
232 142
372 259
172 461
309 89
187 486
423 355
159 308
55 91
306 487
417 411
421 39
58 13
233 235
192 321
341 98
209 127
384 342
76 436
120 222
80 160
430 69
103 102
143 197
436 88
6 55
9 409
135 109
7 448
388 86
241 178
373 163
435 214
116 349
237 178
108 255
241 179
115 97
98 89
455 370
47 143
358 437
55 238
54 336
73 356
401 375
350 452
202 431
257 265
160 297
261 126
235 138
493 396
119 354
491 496
474 268
234 361
55 270
155 372
438 36
233 421
316 324
39 384
103 15
188 158
211 169
404 192
255 205
139 149
90 51
417 145
253 338
325 125
171 395
251 103
442 134
235 468
273 249
217 249
330 21
49 440
144 272
46 26
306 103
188 351
49 325
80 387
459 338
348 425
448 254
342 274
317 92
328 183
390 436
222 400
107 51
327 427
63 434
406 209
182 335
125 253
463 403
392 284
61 366
11 434
363 107
261 362
182 500
387 382
90 171
498 202
217 498
399 319
88 425
187 464
138 488
456 150
37 56
368 488
0 26
492 333
48 274
241 68
211 59
200 225
182 112
208 265
35 185
10 372
194 36
63 149
198 92
484 476
245 368
82 104
270 47
358 33
296 465
349 330
81 157
347 491
134 10
466 140
67 430
251 230
351 160
374 327
45 215
153 405
189 336
51 6
104 243
209 424
429 294
490 488
322 232
325 397
81 494
413 250
150 231
129 211
290 216
399 29
381 149
142 339
383 353
2 50
272 86
430 50
177 437
48 257
319 110
273 347
491 315
122 137
143 405
286 369
73 173
250 294
465 396
342 467
274 290
238 203
380 13
308 125
477 264
175 68
457 313
83 33
3 220
296 273
466 353
27 47
228 164
362 260
383 56
401 440
445 378
264 265
190 470
132 230
57 461
472 205
207 108
47 360
138 233
166 220
167 48
235 497
439 352
306 487
322 104
28 499
42 305
245 180
265 344
374 97
7 8
318 458
473 0
18 456
237 44
272 106
229 408
130 44
412 433
400 268
187 348
119 254
277 343
376 139
76 499
387 457
368 52
313 144
213 372
155 75
300 390
205 240
144 166
432 67
41 66
173 456
384 190
478 390
415 312
159 226
490 216
406 264
282 179
484 212
112 79
171 249
466 351
215 204
59 217
288 291
309 89
176 173
135 143
114 275
16 7
398 92
327 411
442 481
247 494
335 494
69 47
146 104
50 82
392 347
426 175
306 334
414 111
155 120
165 446
472 137
142 338
447 274
480 387
116 238
146 135
181 175
499 429
290 440
37 304
25 211
139 66
316 282
285 87
307 270
168 489
381 241
423 357
364 395
140 488
48 304
142 218
40 25
227 248
197 161
288 85
120 306
380 127
322 70
339 41
468 378
226 180
103 209
309 215
281 428
66 200
355 400
280 159
473 76
227 213
143 383
350 53
173 440
16 142
59 77
122 474
49 110
441 139
110 254
111 103
235 467
362 50
273 78
393 346
385 450
456 47
289 240
491 266
259 107
424 461
197 341
226 301
312 479
273 231
4 474
226 479
334 140
367 70
37 411
326 391
113 289
205 449
55 66
279 269
406 338
211 483
362 399
339 172
241 114
274 470
417 134
214 184
157 161
319 352
125 487
4 149
262 413
176 494
150 196
119 222
208 17
337 378
499 211
122 251
127 160
479 108
301 69
496 480
87 444
197 247
237 488
264 217
129 432
309 18
121 77
172 257
437 164
331 491
414 451
182 369
438 261
212 244
137 401
26 382
467 270
428 253
494 198
148 265
478 448
17 58
481 342
220 298
360 30
149 212
31 431
219 345
221 328
453 5
28 472
27 133
152 3
48 365
182 134
319 131
37 44
346 93
39 157
486 14
269 280
238 281
169 226
346 12
224 455
258 316
326 460
318 489
380 354
398 170
254 98
31 140
208 198
428 82
119 53
460 43
439 171
331 63
156 304
4 500
73 29
184 292
400 154
415 51
221 447
338 198
391 457
134 116
221 37
154 269
444 97
372 113
141 165
348 363
203 371
390 210
182 123
442 289
97 472
430 249
113 355
346 441
240 309
93 187
114 386
117 421
416 99
109 94
312 5
153 489
376 18
119 275
357 159
12 148
385 473
151 399
314 192
403 229
379 365
297 233
390 85
134 463
201 163
109 221
480 262
277 500
113 210
103 112
350 48
448 71
317 45
476 197
65 489
34 401
104 305
354 83
18 58
183 463
139 114
287 324
369 353
386 357
108 493
56 434
395 178
179 74
224 367
132 320
55 446
42 230
332 287
425 190
12 431
130 249
336 329
72 249
323 182
151 377
402 184
33 22
391 407
35 206
159 200
96 220
323 152
116 439
137 459
11 184
47 197
317 139
467 215
342 425
281 262
275 448
278 37
114 160
25 422
299 147
91 123
350 243
9 3
269 483
91 360
179 73
175 241
27 454
117 179
15 64
102 140
237 277
54 211
414 120
495 376
116 462
432 95
425 481
253 456
432 226
383 109
177 121
371 63
472 218
274 384
240 23
406 484
267 355
68 33
242 32
448 10
221 75
20 50
314 54
346 237
108 363
457 373
284 221
314 330
108 461
54 209
481 51
210 450
319 350
35 314
197 352
27 428
272 394
90 223
262 461
93 41
397 96
419 395
493 158
272 113
229 2
437 153
298 90
333 261
195 423
416 389
425 176
112 59
372 144
272 3
424 302
457 54
90 220
103 464
204 260
140 285
2 173
288 217
453 294
251 327
11 12
175 459
351 192
189 449
462 148
33 29
267 290
184 456
299 199
406 380
75 9
120 176
321 410
156 309
347 392
499 240
415 422
119 236
3 59
421 43
175 39
243 459
194 280
255 149
122 271
76 62
156 308
423 422
325 421
120 122
449 153
256 23
366 166
140 454
218 269
43 275
474 135
356 203
26 236
89 137
63 143
95 328
347 478
296 407
374 318
388 362
218 229
324 320
338 464
440 209
46 57
159 54
275 57
93 422
493 370
201 141
416 468
56 497
320 68
81 155
148 16
325 169
148 397
103 185
263 62
65 247
183 271
281 27
401 237
320 469
231 290
300 335
447 118
22 474
253 448
238 252
304 423
106 195
407 105
104 269
119 484
289 20
93 349
132 261
79 368
298 250
474 116
467 114
438 386
37 1
143 336
164 145
90 413
357 330
57 419
62 413
399 318
389 355
296 485
295 341
4 94
359 17
189 470
374 425
107 436
432 24
480 425
295 66
114 422
25 365
391 30
201 11
324 31
452 439
286 256
113 86
162 55
420 95
183 115
86 53
389 125
87 263
104 382
179 37
206 320
120 148
413 248
363 205
422 120
50 471
429 310
286 337
236 462
444 35
46 262
450 425
222 297
71 109
265 324
263 35
439 47
254 185
146 227
213 142
262 24
280 8
299 281
234 102
185 256
404 179
25 291
338 100
30 218
445 68
198 481
137 77
250 48
253 211
160 488
177 177
322 265
103 217
42 153
79 337
131 188
219 181
421 75
77 17
78 488
80 118
252 264
304 237
394 383
354 170
365 468
139 207
57 350
389 131
438 140
450 269
115 349
42 280
40 234
34 406
474 1
137 60
127 276
276 155
14 43
260 130
79 230
175 393
468 169
91 479
348 461
51 262
351 209
489 278
234 3
24 106
20 370
496 35
280 99
118 99
273 399
181 159
423 148
69 112
384 469
143 467
199 212
85 374
467 332
238 462
59 412
234 422
482 28
403 44
497 134
438 384
313 345
186 248
447 356
226 77
112 458
369 21
74 37
197 81
460 237
58 307
118 418
387 214
6 492
278 296
270 125
230 176
471 93
123 57
492 463
415 309
377 427
184 379
132 319
74 496
241 14
364 52
427 105
153 289
91 489
29 326
136 500
61 87
472 418
380 382
212 25
252 62
497 164
356 497
400 1
211 274
437 87
298 411
491 234
94 52
361 487
47 226
69 304
373 397
426 65
400 256
22 441
155 120
312 113
156 299
327 168
70 189
14 149
296 149
311 93
488 142
87 350
471 354
203 155
174 399
45 129
65 229
54 422
453 427
104 274
345 164
371 289
235 71
161 123
47 229
270 260
481 408
79 361
10 419
180 481
82 74
305 265
432 342
188 394
155 102
2 75
165 104
10 342
363 479
370 439
440 2
312 267
341 118
352 126
395 474
481 29
190 81
158 450
100 481
335 280
25 241
353 31
474 490
463 433
59 234
51 148
193 150
492 141
189 255
433 36
272 202
345 26
155 498
61 274
225 144
314 400
221 3
377 164
63 94
373 158
473 54
164 162
52 399
47 378
325 414
133 421
189 65
298 345
57 335
102 87
18 446
18 128
445 268
143 76
464 323
420 248
281 264
425 481
433 276
498 65
324 313
289 251
193 262
362 202
312 305
361 314
436 472
108 398
191 201
158 244
24 414
321 64
69 223
465 413
274 370
120 418
129 112
71 41
130 15
84 81
474 253
451 449
405 65
376 175
42 92
221 68
121 45
86 336
409 298
318 427
345 11
276 376
41 462
476 205
305 104
86 300
9 245
484 279
351 208
330 264
455 130
466 163
457 298
56 254
478 72
433 200
88 293
200 88
118 262
396 371
54 115
47 100
205 133
383 413
378 217
98 298
329 71
330 412
177 219
161 349
455 374
288 131
427 229
284 200
188 319
413 186
155 44
35 38
314 219
310 63
1 492
122 339
239 148
486 372
330 440
53 286
181 231
146 89
116 270
210 421
359 61
260 210
495 456
176 271
425 288
327 269
437 1
90 142
255 151
213 79
15 340
198 373
264 244
432 267
324 129
326 108
473 332
29 267
165 93
181 489
479 467
478 13
336 377
145 127
70 363
56 430
497 217
23 82
222 149
284 75
468 269
114 181
191 43
332 336
436 470
371 442
197 312
459 26
363 126
312 279
134 52
11 27
15 405
296 154
239 194
178 327
74 324
393 238
292 198
290 39
373 208
306 181
374 344
340 256
121 116
389 1
12 164
336 298
64 407
422 45
500 374
148 232
115 429
17 322
427 216
142 88
243 125
89 74
235 434
12 234
163 221
331 122
191 297
338 301
494 434
122 458
337 163
353 243
452 316
113 99
217 87
235 351
472 141
117 260
93 404
376 491
202 312
324 33
127 55
375 274
319 66
416 275
293 482
177 362
124 193
66 479
431 270
108 406
333 284
479 157
409 151
491 312
220 102
351 143
481 84
366 455
463 79
302 106
161 121
411 484
112 181
414 118
111 451
113 497
119 261
7 383
246 387
303 292
418 343
23 273
23 74
291 476
100 228
312 369
292 170
144 164
102 90
196 291
446 145
19 406
472 88
495 186
300 159
182 376
221 144
103 232
249 262
432 137
298 5
361 1
405 447
358 22
299 252
121 145
302 380
421 300
301 65
46 138
35 178
408 26
283 209
77 5
372 117
60 303
489 404
465 398
135 422
287 175
297 76
320 442
473 3
428 500
362 204
159 40
444 46
346 144
255 335
476 500
57 389
482 444
199 62
378 185
5 223
482 353
48 324
305 93
489 125
17 389
59 281
221 131
257 344
155 108
143 108
43 479
306 335
426 204
39 458
146 317
464 102
332 68
397 308
426 156
58 311
384 438
180 75
166 56
491 228
423 3
373 44
54 39
168 236
356 244
111 9
412 173
289 279
142 4
192 488
306 424
350 340
275 455
390 180
147 324
255 231
433 114
411 430
156 139
331 273
357 139
473 372
236 270
129 448
438 74
288 279
239 111
266 465
165 21
408 47
280 465
55 245
223 47
13 239
372 211
453 408
32 67
344 301
380 44
290 255
56 242
2 192
5 147
50 29
184 406
112 437
310 169
429 409
342 438
35 4
121 143
468 300
169 163
312 70
397 12
218 56
181 305
36 75
175 306
366 476
10 234
319 333
145 384
268 100
454 74
76 383
459 76
358 497
256 234
30 347
280 77
223 285
455 214
304 472
353 86
150 153
198 258
480 74
496 368
406 11
500 434
114 71
368 388
95 313
478 191
184 183
11 116
133 311
144 28
381 404
9 217
146 399
123 339
36 493
151 339
105 8
99 388
34 330
245 232
412 420
338 492
104 78
351 213
318 157
164 294
269 274
494 216
364 466
115 88
380 211
450 235
168 306
197 199
243 365
96 364
45 33
395 5
353 40
194 339
453 266
70 209
281 86
236 198
79 187
222 339
258 103
464 446
193 412
484 213
480 293
54 226
226 451
93 469
225 79
108 414
492 497
268 234
9 226
143 324
216 244
469 168
255 235
435 164
206 288
45 361
346 39
450 331
183 255
344 356
283 415
373 52
372 489
28 436
43 18
377 37
234 368
446 167
432 102
115 73
186 490
170 29
376 59
354 253
231 80
314 144
125 277
426 386
268 241
429 108
456 6
165 297
15 221
63 194
30 40
211 214
59 172
478 190
462 207
432 253
332 82
132 16
376 382
242 499
410 387
97 421
257 4
450 51
300 232
307 463
114 49
207 362
174 174
153 206
278 182
443 77
447 380
432 34
39 246
93 175
311 348
348 222
147 101
131 216
402 222
320 196
438 33
145 240
254 302
314 230
252 307
10 385
349 377
30 475
75 293
151 82
464 430
200 108
238 297
479 498
195 329
28 438
18 295
1 256
97 321
158 9
287 19
119 358
83 380
44 176
311 376
279 498
361 286
132 170
116 80
481 265
446 149
343 476
212 183
89 283
65 146
317 468
401 194
455 379
1 205
149 246
356 83
371 392
189 208
445 273
381 120
55 332
178 299
1 115
181 101
421 242
422 265
327 490
120 353
110 234
460 171
418 2
475 44
401 476
26 253
177 271
495 28
208 475
152 187
74 451
76 459
329 26
3 221
257 92
448 397
332 63
68 328
495 237
343 451
466 37
251 438
372 93
438 28
179 216
460 265
149 484
240 124
381 378
44 488
106 404
130 45
274 318
233 49
269 156
129 353
10 344
205 384
27 451
376 296
481 470
270 13
133 101
269 112
315 275
178 222
82 425
46 480
334 112
114 171
356 150
475 207
4 213
348 132
250 157
374 393
128 447
459 104
367 306
158 461
76 338
279 233
405 442
35 114
475 94
484 464
365 467
368 432
248 303
50 425
176 395
472 73
38 304
447 169
23 233
251 250
203 176
196 57
486 369
357 283
75 217
214 282
143 325
300 144
22 373
321 191
111 405
181 489
191 285
8 27
62 33
459 180
291 454
307 50
261 15
455 198
351 28
202 136
434 270
329 381
431 37
421 160
62 356
266 442
262 330
69 289
136 73
172 18
192 437
337 295
323 247
210 495
431 433
448 342
340 178
77 385
426 123
464 491
63 240
446 139
234 323
454 489
429 202
411 200
324 477
74 18
474 51
371 389
177 203
420 400
346 54
486 192
402 476
5 142
495 34
36 168
19 176
235 99
207 278
363 73
301 52
26 388
297 243
391 126
449 81
197 58
133 60
369 231
468 115
110 308
320 479
105 414
289 267
154 36
269 189
413 165
464 471
38 273
482 37
282 392
327 50
383 50
184 372
402 415
257 19
199 436
113 377
383 140
326 6
2 256
380 294
434 202
465 173
115 259
355 305
299 101
8 56
196 286
477 425
486 153
362 392
210 147
184 354
388 150
299 3
152 72
283 347
28 68
141 424
250 114
470 220
272 322
13 238
63 218
476 65
220 380
172 144
56 259
298 254
99 93
148 446
26 253
416 107
302 435
150 279
21 465
346 317
110 199
352 332
229 155
103 178
296 466
162 0
382 39
277 45
21 292
309 467
402 360
44 177
192 262
109 134
256 71
443 423
375 151
151 80
452 211
125 119
411 102
421 374
420 186
398 146
91 431
59 460
307 41
390 253
92 63
239 280
253 310
406 470
449 226
398 377
80 128
159 194
154 92
218 36
297 222
1 347
97 341
19 193
151 32
100 372
303 458
185 340
338 413
223 226
52 72
485 353
422 154
364 383
131 490
283 245
277 430
199 250
344 51
447 325
151 465
287 265
376 68
488 305
31 7
365 2
66 22
221 263
137 155
257 77
356 327
330 143
453 118
321 119
438 63
480 90
356 468
366 315
278 322
428 389
466 442
209 457
102 143
81 355
453 25
40 443
128 35
128 195
359 36
175 342
197 385
431 241
345 422
480 381
164 47
498 117
374 260
207 31
174 100
128 127
100 416
435 297
248 252
194 190
373 109
387 213
350 308
142 123
303 53
69 171
23 335
68 374
130 324
121 13
374 356
111 311
449 333
486 315
190 387
309 39
294 475
296 146
80 249
71 167
315 101
104 402
27 493
93 115
212 126
121 207
111 448
122 194
367 433
344 57
17 12
306 57
89 102
153 262
323 208
482 267
432 394
194 267
71 451
112 453
339 382
297 497
277 128
144 359
431 338
238 42
86 24
377 137
323 59
189 329
34 45
40 272
38 431
327 147
302 355
266 73
184 50
493 7
2 94
108 288
252 382
207 328
466 237
266 280
280 397
242 139
283 467
410 177
264 223
306 412
10 309
5 25
111 147
99 326
104 357
329 162
128 280
432 222
233 216
131 220
291 347
247 474
151 201
254 259
104 470
332 421
479 42
287 305
147 485
175 495
126 181
63 363
250 119
105 191
216 450
325 85
280 74
335 152
42 106
135 199
302 266
167 332
316 371
388 469
336 265
466 20
166 387
165 392
287 122
22 338
482 206
261 422
140 239
383 465
392 419
52 359
312 240
292 223
285 13
270 156
292 80
62 382
196 56
259 1
357 381
224 457
224 388
191 85
132 277
496 91
116 47
380 120
280 408
415 423
131 65
247 161
473 425
243 456
228 388
125 115
28 449
171 411
442 227
457 117
8 35
129 397
267 87
174 28
270 130
463 184
297 36
140 195
5 60
447 108
381 66
211 273
3 110
29 137
333 351
61 498
173 31
128 157
276 407
375 375
399 375
203 420
401 65
469 346
463 416
264 319
445 194
326 443
124 400
50 175
297 55
128 86
312 93
118 163
347 226
344 48
446 295
250 89
365 206
227 146
400 341
345 119
244 141
89 105
100 464
368 452
196 286
273 127
230 370
207 348
351 379
247 28
291 489
466 490
6 255
256 126
353 284
285 127
33 157
229 123
230 265
129 370
122 486
82 105
305 314
291 369
448 191
343 265
284 117
29 381
149 308
225 434
62 304
468 240
278 478
307 172
141 290
34 13
69 133
334 282
176 442
132 28
269 435
269 176
319 338
285 70
383 38
114 487
214 414
401 37
81 46
418 196
71 432
293 29
249 493
59 462
367 342
322 122
339 262
423 483
396 286
336 293
290 233
471 20
135 436
14 214
385 39
448 291
433 496
75 156
136 167
347 147
424 226
214 200
369 59
431 183
268 124
306 478
402 97
402 219
94 312
48 149
478 154
16 87
173 65
130 227
310 350
340 360
168 428
471 456
310 411
139 120
461 380
497 489
374 276
52 282
261 160
57 307
368 213
165 312
438 294
273 62
58 75
67 390
285 14
75 305
373 22
151 424
167 31
140 250
412 214
340 263
434 422
497 499
241 312
100 67
84 473
386 136
262 24
119 22
312 440
466 85
253 42
434 399
400 298
248 437
101 154
71 5
35 95
5 435
356 296
271 245
262 435
284 205
450 205
361 353
40 3
10 281
202 246
334 490
159 364
145 167
175 100
304 406
172 335
402 352
390 283
172 21
104 39
11 141
247 373
349 202
167 200
115 177
441 368
63 448
245 465
275 467
341 157
325 91
284 396
54 371
128 499
430 373
233 440
225 24
153 23
297 153
429 322
465 59
183 487
263 341
108 464
398 16
3 92
216 201
224 416
54 60
234 346
302 242
42 195
41 141
188 454
462 156
417 33
38 401
132 189
211 4
361 110
2 451
74 100
198 180
359 137
106 334
94 341
453 194
68 77
86 445
342 347
358 107
241 321
56 416
139 137
107 137
201 117
44 79
489 392
256 91
225 85
171 54
116 209
386 189
461 301
158 408
20 290
324 162
194 56
40 160
66 231
334 244
214 288
68 429
257 17
155 383
238 287
269 351
473 231
485 179
118 139
332 459
42 116
389 329
65 471
364 318
493 195
129 117
32 466
6 359
395 493
163 416
176 244
196 404
85 476
277 31
325 28
303 250
469 277
73 276
307 144
189 406
197 104
181 303
197 235
311 234
7 134
197 145
315 248
402 339
124 166
445 446
142 288
442 12
222 385
171 420
469 73
94 1
99 11
424 36
68 288
383 173
158 163
222 419
478 239
217 429
211 231
111 239
202 494
97 22
303 95
421 399
250 9
34 154
52 311
153 204
433 427
339 173
78 30
379 110
459 368
126 460
484 388
429 35
394 312
484 322
59 313
315 295
152 380
223 193
369 426
449 357
326 213
328 112
185 492
251 151
56 374
117 41
288 110
43 430
455 377
162 334
459 378
358 98
189 334
476 308
497 455
429 208
89 475
134 426
407 174
300 444
350 299
275 209
467 69
381 481
314 202
68 24
179 299
184 308
343 433
312 156
276 479
20 97
279 72
286 188
112 330
321 114
292 16
487 316
445 448
182 209
256 206
213 347
399 144
27 347
372 468
420 7
413 118
38 100
287 92
92 85
145 157
143 292
150 53
160 10
337 229
228 321
16 446
351 479
70 280
475 27
15 496
237 6
293 289
318 271
107 202
38 188
312 483
274 399
393 85
278 298
238 235
247 153
344 203
371 450
413 454
477 81
368 471
41 161
142 296
17 38
270 33
107 322
260 473
260 385
144 364
129 325
428 99
102 297
83 86
45 72
387 66
292 87
125 55
27 331
481 103
417 452
296 421
490 24
197 426
249 59
449 138
24 476
22 113
254 343
126 211
124 252
46 172
256 375
93 419
189 240
79 445
386 170
257 116
493 29
71 257
282 115
294 423
178 338
250 497
457 290
121 437
381 486
149 266
32 359
11 168
25 428
449 481
368 60
167 454
108 491
128 61
201 250
73 450
54 106
418 370
407 421
114 190
350 144
212 104
477 429
444 149
23 498
75 254
328 32
240 135
457 455
238 459
117 189
288 200
237 475
48 89
273 188
80 466
441 465
328 211
73 336
165 167
342 398
458 415
74 480
12 209
436 358
210 79
6 213
309 307
176 13
115 218
492 500
133 457
291 337
470 30
170 420
166 465
118 351
224 465
312 169
430 302
376 417
389 38
212 470
376 473
40 174
224 138
133 333
64 129
260 281
464 225
250 163
221 294
280 168
83 63
454 224
301 71
374 498
472 74
495 435
343 469
103 17
134 458
168 403
189 136
368 156
100 171
56 37
95 163
472 243
171 487
439 472
483 251
438 228
131 472
59 433
273 90
43 498
302 285
57 124
335 420
201 352
23 464
295 175
452 205
283 56
25 398
402 293
223 294
478 339
274 411
253 25
497 121
331 394
495 139
80 246
55 128
157 126
141 6
418 290
240 402
121 45
97 328
98 255
369 488
165 393
169 265
95 119
368 226
371 6
334 83
114 108
442 114
171 70
155 83
16 445
370 218
165 147
133 28
177 101
407 368
418 12
259 339
199 110
473 478
196 300
448 249
169 303
62 186
463 323
79 455
313 292
37 322
281 399
81 112
284 176
163 367
31 209
225 458
369 397
94 226
207 26
19 278
493 495
31 34
131 200
63 12
430 218
20 375
287 117
65 34
221 464
216 57
37 37
110 450
379 296
205 415
125 331
444 301
259 140
10 448
219 172
455 394
456 137
346 74
388 397
215 243
197 201
51 28
277 79
15 497
200 203
370 342
421 480
477 468
250 361
48 91
244 306
272 38
209 202
497 231
420 37
93 216
331 404
249 475
188 135
415 205
111 280
379 298
89 248
215 315
205 146
432 291
62 374
278 155
179 407
74 10
157 248
136 305
29 483
11 162
193 383
107 276
290 489
295 477
495 135
354 218
493 307
227 115
431 338
481 139
461 176
107 411
81 217
34 123
483 232
170 475
477 64
454 299
218 361
340 147
156 118
142 47
135 88
273 169
6 8
228 478
363 226
112 224
410 364
342 64
335 374
416 123
293 125
460 349
122 345
322 377
45 325
427 242
36 99
236 290
278 387
255 368
437 356
467 163
3 285
449 24
257 16
154 323
243 126
369 217
335 453
412 365
230 166
326 152
58 60
428 289
279 264
13 392
145 268
40 365
143 385
430 408
311 382
372 240
48 412
11 251
187 496
87 122
10 68
316 107
4 327
491 276
104 432
76 367
58 4
164 252
319 16
471 47
14 55
172 424
122 128
133 494
318 37
336 41
406 427
18 474
66 153
254 390
129 256
97 205
166 427
282 483
331 457
169 15
118 103
297 165
371 272
174 14
243 433
378 57
428 358
368 346
385 27
489 222
280 156
346 425
402 92
386 398
205 183
146 452
433 52
169 190
79 217
378 353
470 296
428 424
112 306
16 228
20 254
23 401
424 376
230 60
404 325
15 66
314 494
395 314
99 15
259 238
129 252
136 302
250 281
163 312
362 315
368 115
293 308
263 363
179 163
41 132
55 142
113 371
309 27
294 447
322 415
305 257
221 444
285 32
353 145
424 422
259 167
471 447
325 197
325 237
498 455
396 185
332 459
229 14
87 233
231 96
270 155
135 162
252 272
206 82
1 325
236 64
158 388
393 67
496 253
426 77
428 221
459 262
267 419
391 411
119 280
197 50
487 61
491 138
432 443
147 239
135 357
128 231
395 5
274 500
405 214
181 333
467 460
146 489
448 122
363 228
245 57
400 114
183 34
87 101
397 22
220 483
188 169
432 290
42 363
259 194
112 313
397 307
89 81
414 390
119 172
21 357
38 340
196 11
108 73
302 238
19 429
446 466
337 62
94 328
9 202
100 410
204 299
374 496
118 433
400 180
84 296
5 215
252 437
486 210
486 1
337 130
217 167
38 253
152 274
67 463
171 303
459 198
406 125
215 454
116 56
259 50
268 498
310 333
179 11
211 279
417 488
350 102
190 141
412 465
138 364
192 32
390 379
19 166
387 426
50 373
109 454
420 454
288 396
133 202
93 482
368 248
442 86
41 25
6 41
137 496
113 436
214 416
350 241
387 206
125 108
184 362
253 428
205 118
441 215
489 65
278 61
101 181
441 399
67 240
176 130
45 304
472 162
393 167
65 88
159 349
236 127
359 430
387 498
91 242
75 264
432 458
40 441
59 234
398 332
421 197
226 479
281 284
412 46
49 326
366 132
151 409
87 232
136 211
364 287
343 294
2 178
19 360
324 48
472 8
103 397
390 478
279 193
228 490
94 442
385 427
275 497
199 175
391 217
337 3
136 176
149 35
209 376
416 267
195 43
404 137
480 10
486 170
120 186
74 243
454 127
425 38
247 300
240 171
189 452
12 156
16 300
400 7
332 248
269 261
465 338
289 447
231 28
228 92
213 310
174 426
229 47
267 121
212 76
459 488
111 83
213 257
478 16
179 472
142 203
237 0
353 420
337 16
85 188
364 199
366 20
173 186
472 375
409 294
310 317
493 235
226 251
260 287
459 84
84 265
478 298
8 59
353 92
329 312
186 103
434 279
463 406
243 29
462 275
389 323
229 303
241 362
487 186
425 139
424 2
210 104
113 352
403 142
187 164
39 469
208 427
361 299
137 465
384 33
31 258
394 255
183 380
156 245
80 400
264 322
400 193
52 238
343 469
490 104
300 312
378 50
423 415
495 7
460 208
73 262
376 367
315 287
455 196
269 121
387 47
264 325
284 223
197 201
266 223
181 431
457 412
222 53
93 261
353 269
55 356
67 235
307 27
295 433
402 207
436 224
344 391
273 349
384 386
3 144
327 40
201 158
430 332
476 271
376 430
347 58
179 432
334 353
320 487
255 122
371 370
139 241
171 109
451 389
245 284
74 328
485 238
425 38
16 1
218 466
31 473
493 124
183 401
118 174
261 427
209 305
189 404
206 216
70 492
36 461
308 394
314 180
313 303
404 60
340 235
490 309
293 119
200 241
15 424
253 460
244 399
427 4
150 13
48 338
371 128
361 19
18 272
165 108
337 260
9 180
336 30
395 405
497 312
459 456
3 14
212 122
290 57
169 434
72 54
6 136
222 33
455 399
388 301
96 500
216 394
361 65
89 75
233 12
287 303
434 483
186 336
172 26
381 317
290 478
480 254
309 421
371 477
141 289
361 490
290 84
28 377
466 470
288 496
293 189
117 182
98 227
186 150
156 456
397 28
337 206
345 418
316 335
83 124
169 205
114 64
239 247
207 255
325 485
361 290
183 314
483 292
167 136
375 140
138 56
289 108
436 471
345 304
281 343
416 489
130 365
180 248
222 427
382 392
361 436
238 162
245 48
444 274
78 157
256 1
391 361
197 390
444 20
97 359
154 479
259 310
289 17
47 54
93 341
487 44
477 415
169 324
417 319
277 215
426 264
130 480
260 428
306 251
398 495
382 193
154 141
124 110
398 216
218 64
157 10
166 467
450 156
357 235
338 187
49 65
233 363
62 26
468 263
471 134
393 354
303 35
439 391
204 72
335 317
302 440
27 268
292 175
469 327
439 266
285 297
172 458
240 256
340 458
190 79
103 85
298 309
37 250
423 37
53 364
423 362
450 445
136 80
154 346
352 385
433 413
473 416
25 199
299 338
221 181
468 77
273 83
132 72
25 156
283 482
266 127
367 93
109 246
471 56
426 311
49 101
25 52
475 141
454 313
309 332
115 348
6 307
101 165
459 2
388 360
480 311
426 52
385 303
383 56
83 197
368 275
309 102
369 413
22 377
198 445
340 274
450 323
84 442
36 91
489 242
329 418
441 228
443 486
381 5
480 349
376 52
176 147
104 395
313 173
362 121
266 216
214 125
217 352
341 434
73 31
208 311
454 364
87 0
99 282
3 422
79 438
131 338
301 152
134 18
80 218
382 214
220 137
444 192
316 292
33 38
458 190
355 219
167 411
347 265
83 217
396 497
306 39
13 15
264 273
410 485
267 183
422 459
105 287
115 327
426 314
344 82
94 324
257 20
356 381
345 336
254 246
414 246
195 231
104 203
277 334
270 367
472 83
310 53
153 357
114 13
348 158
366 457
460 409
497 174
441 290
457 20
173 367
294 119
244 306
326 183
469 483
497 369
334 155
364 83
439 374
235 304
149 167
237 416
475 309
25 481
451 413
18 184
126 448
22 464
405 144
449 301
119 97
85 249
387 291
58 62
484 484
75 191
411 91
253 180
300 65
115 346
48 474
77 216
84 396
242 23
362 53
350 352
205 82
102 239
251 427
24 380
242 106
57 208
12 335
425 220
112 370
206 25
275 73
290 14
104 83
122 261
309 147
251 61
418 101
491 361
142 48
87 42
91 46
389 87
431 11
227 313
322 104
391 63
19 151
445 461
98 361
10 392
187 453
180 176
288 90
197 264
189 343
57 19
184 397
38 271
417 44
12 445
369 395
302 326
447 328
103 376
449 192
182 469
303 150
50 419
52 153
494 138
100 73
225 250
168 19
405 170
104 320
496 144
304 136
133 26
431 398
479 427
405 473
4 450
291 288
93 79
326 172
98 240
252 262
273 301
119 442
295 181
266 392
69 248
10 463
96 27
183 500
4 355
365 56
310 362
433 351
120 32
176 232
307 175
41 102
173 489
373 299
425 40
403 177
39 56
254 155
91 13
112 83
69 463
8 311
330 271
336 487
75 493
101 145
22 436
297 100
281 33
487 205
23 82
336 449
86 467
105 180
329 213
270 475
343 496
59 6
185 7
209 163
396 248
37 318
62 57
279 14
384 238
405 351
73 253
166 418
46 368
91 418
275 347
456 389
421 380
235 401
6 272
391 450
368 494
71 151
12 166
355 152
211 170
312 112
354 166
285 144
121 344
97 460
78 149
275 6
406 359
216 232
230 335
160 329
260 471
173 463
136 271
155 353
115 101
205 62
322 101
114 38
149 381
303 236
232 464
325 331
352 285
3 410
185 407
249 99
93 268
402 299
156 496
146 271
263 69
304 483
265 81
108 358
53 55
393 82
109 369
63 464
200 311
377 104
5 356
24 208
296 388
465 361
29 351
20 234
274 390
363 390
183 119
184 355
216 111
203 449
316 351
279 140
468 20
134 471
384 440
391 73
121 158
40 314
311 218
95 50
171 84
260 169
30 253
193 499
446 265
383 378
42 439
144 171
85 459
420 451
234 129
450 341
447 36
499 182
166 295
58 221
123 168
315 467
308 436
225 121
61 302
448 338
295 232
137 40
130 266
381 131
255 356
417 390
242 288
66 225
204 316
499 422
248 306
39 422
22 120
148 220
481 78
434 121
49 247
322 462
74 393
38 161
177 354
21 78
227 70
311 411
458 455
477 261
381 63
104 129
61 34
30 247
64 100
254 183
115 233
407 300
222 66
258 1
79 369
289 464
246 489
69 171
491 455
284 328
139 99
120 113
422 491
359 79
16 430
394 466
378 70
213 370
403 181
246 240
265 408
291 101
279 433
87 341
232 5
245 399
191 316
265 250
429 295
50 147
472 56
189 327
30 173
230 196
48 494
334 497
363 301
282 9
450 244
109 483
271 270
356 159
85 481
233 379
229 158
444 142
25 99
90 330
379 12
289 386
150 323
368 35
450 55
476 454
339 93
434 31
4 43
41 404
431 261
61 240
312 285
209 144
238 335
112 172
415 4
171 270
70 36
208 61
287 415
41 411
321 232
251 23
140 205
61 29
218 134
467 187
360 297
488 146
120 334
316 468
323 278
304 487
299 187
102 53
267 477
493 480
488 165
86 2
149 211
422 259
2 203
232 459
313 83
286 149
159 341
496 27
451 220
112 128
442 420
443 352
255 447
497 334
311 264
303 392
59 333
99 158
58 292
130 487
417 138
44 99
390 311
70 411
281 23
52 143
51 493
300 103
106 152
176 45
448 196
470 12
193 359
470 156
209 383
88 225
68 32
461 64
350 53
138 226
332 293
462 201
130 232
264 393
46 291
366 71
180 463
181 114
386 38
226 371
79 289
477 70
270 403
259 222
52 444
100 261
474 93
335 117
420 431
24 202
394 428
177 260
304 294
161 97
118 139
242 493
391 5
377 356
479 93
244 250
361 312
7 391
269 475
495 60
382 22
274 388
76 398
137 344
57 416
125 143
138 409
110 408
14 295
261 186
51 114
308 346
231 484
270 323
300 147
402 184
297 487
1 284
27 107
19 141
42 300
312 385
375 423
199 281
138 461
457 360
131 202
133 344
279 495
162 117
288 159
18 367
336 493
481 423
293 92
415 358
283 55
45 322
353 401
261 462
229 27
387 381
61 363
115 95
264 12
138 399
217 497
47 236
28 359
434 366
490 335
361 303
406 249
345 452
50 429
248 97
12 204
484 240
121 204
320 439
433 421
68 484
413 110
189 377
464 317
90 139
476 300
495 325
367 316
145 268
39 482
493 349
40 290
450 444
102 11
26 178
93 228
73 223
155 124
223 76
274 493
203 447
243 268
33 387
396 326
441 290
466 418
100 194
132 84
259 69
194 390
467 416
172 214
351 488
451 457
245 308
285 285
173 446
441 39
306 378
14 153
87 455
204 332
115 85
93 236
391 174
374 39
58 473
137 452
490 184
232 434
152 411
39 38
442 352
368 233
292 422
67 250
235 90
210 390
12 306
7 73
369 140
294 148
369 149
69 204
371 121
197 89
186 134
497 277
294 312
353 47
389 366
138 151
178 467
428 246
449 304
99 202
115 431
472 259
255 398
403 491
224 2
58 67
88 499
101 106
133 350
275 289
346 259
421 459
362 205
4 84
450 50
264 294
272 67
310 427
137 191
355 202
300 83
200 227
341 127
210 261
2 402
472 3
23 344
17 12
197 325
102 188
410 130
476 171
182 472
129 168
486 28
361 21
499 420
50 342
358 85
24 93
463 259
310 500
469 118
452 431
93 497
424 69
115 39
267 20
482 429
444 132
433 164
339 403
230 467
406 39
72 60
153 57
333 482
116 317
346 96
382 127
317 176
416 253
417 36
174 187
330 420
404 308
388 120
198 184
393 312
484 155
467 27
99 166
384 377
349 377
120 3
159 198
88 459
335 312
162 279
412 421
231 133
359 254
385 274
15 388
382 311
486 402
253 141
487 150
253 353
343 14
86 322
68 257
288 189
319 86
259 350
495 221
245 450
24 145
300 317
23 94
469 411
29 355
51 83
222 310
467 250
418 46
480 413
484 421
87 448
257 457
19 130
171 123
124 44
167 458
353 287
417 150
380 47
264 255
53 204
243 22
108 306
374 387
497 156
205 305
323 193
333 126
75 346
264 485
404 125
196 338
16 90
403 273
123 319
341 109
390 477
34 422
128 498
487 439
391 121
207 308
191 311
248 343
345 406
434 349
309 464
355 86
496 193
58 251
276 88
347 164
188 486
411 444
80 22
206 227
63 327
40 38
61 294
309 11
385 372
203 323
468 386
303 15
491 433
150 229
464 246
412 467
31 342
112 99
332 399
403 214
317 321
360 246
133 171
214 490
304 30
174 50
156 419
224 146
441 494
107 319
106 167
329 343
302 293
394 50
159 227
125 241
321 120
482 190
311 350
237 36
78 469
102 19
417 253
168 58
358 159
235 288
36 389
146 166
450 360
257 289
459 355
62 17
206 371
437 13
485 348
49 66
425 418
475 322
320 188
475 165
154 90
16 402
15 212
160 279
450 115
122 371
83 297
497 321
419 76
331 177
388 195
277 118
389 252
48 484
67 134
121 143
12 103
448 471
355 66
94 259
357 483
116 455
393 288
297 429
140 60
486 367
155 359
349 46
330 246
103 244
122 332
30 487
105 351
276 457
240 137
118 133
346 402
165 251
166 469
405 437
29 268
286 497
121 129
73 428
88 139
57 358
492 422
459 134
252 495
74 138
201 21
215 0
369 0
214 46
444 398
146 391
12 52
241 466
182 447
216 138
195 222
296 107
278 78
205 211
317 445
255 270
87 174
384 286
284 373
349 77
62 6
468 50
98 269
185 13
88 309
235 109
209 380
121 51
11 84
201 61
91 259
489 339
183 396
311 42
372 166
147 360
247 46
17 473
404 317
468 226
273 124
202 333
118 323
60 41
283 155
46 163
57 379
98 26
380 476
87 171
388 289
408 314
245 351
66 446
91 120
86 157
85 285
309 374
307 170
32 412
443 353
180 417
48 48
116 426
201 71
158 471
285 42
374 420
71 376
265 242
318 120
477 500
117 31
436 147
66 142
456 13
241 136
293 46
490 326
42 292
326 184
7 78
212 391
204 271
434 286
432 321
489 323
259 17
489 422
81 131
174 174
124 200
266 248
361 41
434 399
405 382
430 282
112 29
51 488
353 468
287 371
186 407
342 132
334 439
164 346
325 429
185 159
286 55
16 236
205 418
462 456
448 127
461 274
36 138
310 19
139 52
273 173
297 42
253 45
468 337
114 467
314 99
65 486
44 311
388 278
88 155
371 177
321 293
169 343
15 265
480 311
242 123
28 335
59 129
59 304
370 277
231 474
119 295
478 453
302 470
151 349
282 278
196 61
445 366
495 213
286 143
24 235
466 471
21 30
100 125
33 284
9 367
104 257
226 0
238 116
117 53
391 182
418 369
62 170
486 348
197 16
118 282
40 381
275 337
375 197
308 211
369 306
62 228
189 15
186 142
164 191
246 255
46 68
420 197
409 221
366 97
135 91
245 281
395 152
119 370
165 478
22 180
360 76
147 428
210 269
131 272
207 439
191 206
430 310
36 445
229 232
461 364
37 357
483 104
160 105
346 304
131 195
206 421
488 449
291 428
202 325
247 224
425 291
153 276
351 333
444 41
15 366
448 215
385 230
216 222
363 139
20 335
405 120
83 344
448 90
61 374
277 412
314 228
225 402
69 372
106 234
245 201
86 97
209 158
218 161
394 355
14 257
329 385
367 277
395 372
35 374
70 209
335 384
84 435
441 55
281 16
396 391
19 382
429 379
113 177
475 201
341 44
90 373
290 234
484 106
447 101
186 407
359 318
201 174
401 164
278 149
341 340
402 357
402 321
47 205
409 375
139 87
255 199
16 284
204 357
315 102
18 496
362 271
14 61
292 362
414 366
483 354
476 6
237 118
110 407
18 115
39 72
331 77
453 453
421 100
100 372
12 423
386 216
10 370
334 423
134 325
345 37
396 98
316 463
468 169
449 327
343 207
427 171
317 303
155 221
26 40
162 216
341 152
34 316
196 215
345 122
427 181
364 170
463 278
376 101
61 423
49 272
73 318
76 234
421 198
496 155
63 4
318 125
267 351
86 353
239 277
375 171
248 475
324 93
441 151
211 352
100 0
356 11
395 382
144 320
33 474
230 435
95 361
356 112
84 143
112 356
202 436
40 20
245 477
463 261
380 341
274 6
493 224
164 422
139 119
494 6
311 313
209 45
351 137
42 126
93 13
359 438
259 62
66 157
102 68
105 468
321 470
216 210
275 452
1 104
67 6
330 349
87 123
13 160
320 327
325 113
287 90
385 438
92 381
338 323
487 160
344 30
276 122
37 173
500 190
471 369
262 356
153 76
98 116
205 459
137 267
350 59
424 392
89 177
208 394
314 358
159 162
368 302
186 332
274 306
207 154
460 301
123 145
200 450
266 142
424 93
121 223
8 68
345 499
91 364
311 200
53 64
487 175
496 119
376 423
476 325
322 184
393 137
61 178
253 85
434 463
431 6
406 188
350 361
489 466
83 40
405 233
259 277
330 199
307 358
294 320
214 31
124 179
397 288
45 181
86 294
249 210
351 179
181 157
233 371
326 231
44 458
5 453
486 445
149 164
470 180
229 120
408 496
200 79
468 156
402 125
342 325
286 43
51 265
294 415
336 311
13 318
233 94
99 280
295 421
135 133
390 394
459 253
148 334
470 482
391 483
210 42
362 270
328 50
359 133
82 48
94 348
467 288
224 162
226 211
413 465
327 437
466 263
452 248
295 150
287 382
394 164
11 210
219 489
171 81
76 222
369 84
333 307
468 75
188 447
221 260
395 192
230 400
144 91
396 434
14 247
197 3
263 440
443 270
228 424
214 274
463 493
38 454
241 120
241 261
118 472
48 281
290 320
200 248
297 65
356 306
68 429
174 316
323 385
171 278
315 416
169 15
417 3
463 84
448 458
286 445
269 199
207 144
473 41
20 457
113 138
260 249
267 87
255 386
221 67
378 206
102 63
347 198
23 280
346 160
216 110
396 354
397 324
270 90
193 332
376 260
15 319
409 429
190 358
356 494
473 67
180 227
432 249
165 26
439 459
132 481
195 175
177 299
179 157
311 340
223 282
255 377
83 66
351 233
168 139
183 486
420 268
350 350
486 411
294 259
364 127
48 396
313 152
256 342
329 191
383 128
188 382
89 74
6 434
395 494
336 242
149 497
312 87
198 20
499 308
244 412
315 325
119 405
487 270
466 192
123 444
386 483
43 174
144 389
140 340
260 25
161 357
411 311
39 236
423 24
457 21
321 210
125 185
54 488
470 257
482 137
213 358
405 280
114 490
488 132
61 251
362 269
429 61
497 250
440 19
424 187
65 152
457 242
157 5
375 377
395 116
240 94
311 88
303 76
86 488
468 495
399 376
76 26
246 499
266 317
98 72
292 397
263 56
438 98
338 273
20 75
376 49
83 424
179 464
193 223
266 106
123 177
475 432
401 494
349 272
296 40
436 184
242 469
379 264
454 101
321 364
165 302
129 384
361 290
153 117
390 199
4 254
238 370
52 158
242 203
109 180
124 103
180 474
423 298
392 21
490 432
373 227
386 211
58 48
47 266
308 346
470 188
67 93
379 493
478 207
328 369
364 437
158 458
217 233
397 251
18 407
476 161
327 24
126 60
184 46
462 460
391 384
124 184
106 463
479 209
201 449
256 259
141 279
171 273
121 275
324 429
325 279
441 294
123 455
430 396
335 429
46 27
419 264
479 484
82 479
387 462
90 392
449 77
31 403
297 166
408 291
281 53
90 463
284 134
120 146
317 242
236 375
146 239
303 132
375 117
421 77
367 419
93 461
52 226
441 10
402 119
295 290
84 436
411 437
248 51
281 421
230 185
282 46
445 346
83 362
476 202
8 218
186 416
248 215
440 290
419 382
76 301
486 294
441 80
139 369
92 299
500 110
251 325
310 402
339 348
423 117
211 69
83 108
370 199
363 35
1 178
85 310
182 81
345 480
18 86
15 305
341 87
405 13
16 291
62 89
255 237
397 89
208 103
98 142
241 262
445 309
196 257
488 109
6 409
130 430
384 231
394 489
164 458
212 8
263 468
466 97
148 84
13 468
245 347
340 164
366 428
33 19
30 110
13 131
373 306
398 65
486 23
206 194
378 33
491 415
147 304
442 241
126 57
67 124
314 395
89 260
71 462
100 3
311 49
13 261
405 408
440 26
330 30
401 62
433 91
193 96
424 217
131 29
76 298
241 400
450 439
436 277
284 57
490 315
412 360
188 171
414 493
269 492
151 31
500 338
84 283
436 299
227 479
215 306
466 99
138 466
296 265
159 363
174 57
123 316
300 339
110 93
252 434
297 450
367 348
54 81
489 125
476 100
442 495
113 445
333 334
360 412
134 130
150 223
19 429
420 398
489 247
446 108
345 431
321 38
219 119
175 340
457 330
452 446
272 409
98 385
400 191
489 104
44 303
55 317
140 239
155 259
353 199
62 232
24 463
11 247
123 179
337 280
121 480
112 467
416 336
205 250
27 26
294 278
209 465
187 105
144 442
441 494
442 497
204 268
317 72
214 444
33 439
26 493
279 175
151 475
18 139
165 97
165 337
468 442
256 298
315 393
440 136
196 84
24 27
299 165
124 456
101 437
66 106
37 94
63 412
413 270
222 40
44 329
134 88
473 374
213 386
309 240
142 452
135 85
258 482
2 339
5 327
464 336
301 411
286 211
62 467
352 463
50 261
427 76
234 120
208 214
449 434
222 457
465 26
269 392
243 278
292 17
209 218
388 188
40 195
179 12
222 175
231 240
457 129
450 98
158 500
481 203
244 78
65 168
159 380
73 131
200 149
337 36
452 104
195 36
74 6
64 150
491 70
181 77
420 192
298 473
489 311
264 17
458 238
149 383
236 451
249 302
226 80
157 27
0 228
162 249
173 417
313 191
398 231
159 11
122 469
318 387
433 38
494 2
79 479
370 134
317 459
217 272
206 208
441 0
120 390
77 264
185 167
457 276
96 461
204 283
435 302
152 82
200 114
126 95
369 49
492 149
263 197
16 202
42 174
476 272
42 111
146 308
175 473
301 457
204 313
169 223
332 68
260 29
120 396
308 460
405 118
23 327
374 151
391 40
421 13
48 324
298 69
208 481
125 238
95 359
350 281
295 466
323 462
290 253
193 27
92 344
340 189
137 147
192 288
51 432
313 242
383 249
336 470
300 317
409 451
450 425
35 463
332 391
324 224
371 195
204 36
95 310
384 84
248 485
395 81
53 392
404 383
204 45
234 480
151 172
340 6
85 484
65 158
334 336
303 194
59 330
363 42
206 429
483 12
243 33
9 209
238 5
312 487
288 470
20 278
15 421
472 289
425 109
341 408
148 258
334 208
77 437
424 142
182 357
255 436
152 158
286 454
209 264
45 283
301 279
365 55
360 39
218 129
364 196
89 62
90 45
426 124
29 374
249 492
188 488
398 370
103 222
396 377
4 376
397 46
53 140
453 202
20 213
487 225
401 48
331 212
372 381
415 467
465 183
135 13
48 211
141 499
124 21
137 279
378 354
431 163
51 198
388 104
119 105
440 115
127 337
384 140
75 463
435 352
230 304
376 151
207 9
373 244
15 427
442 494
232 124
363 68
3 313
226 122
198 170
101 327
140 310
454 339
457 499
374 368
448 150
7 159
265 326
370 70
229 38
448 118
402 405
185 355
265 196
261 360
472 262
105 342
135 408
197 169
426 331
487 328
43 123
124 119
289 350
31 337
202 389
256 32
326 220
226 88
137 435
98 446
240 247
214 63
89 186
436 257
226 93
366 274
469 379
152 397
38 441
423 94
37 180
274 489
346 323
67 479
201 109
212 278
173 186
268 367
211 417
38 251
270 195
132 399
207 469
258 382
94 276
97 64
227 201
239 348
331 101
380 147
99 374
424 176
115 62
324 59
164 376
312 27
100 472
468 112
159 453
222 27
327 59
339 43
307 299
276 428
460 298
68 347
209 456
443 145
93 261
395 63
287 293
36 238
216 430
348 117
165 62
328 68
19 282
494 342
251 217
406 283
430 275
389 219
439 256
112 102
246 110
382 136
311 48
59 274
188 441
214 154
267 98
112 157
358 229
221 437
304 137
172 37
254 100
16 448
132 435
422 348
66 392
25 466
239 10
496 280
372 115
375 182
81 128
32 64
131 338
360 220
257 221
361 148
223 490
439 279
367 312
246 392
427 4
266 238
192 183
443 298
229 277
160 356
233 340
466 200
437 404
281 201
249 38
270 301
249 287
404 216
87 22
451 39
125 305
184 491
227 457
358 459
487 107
217 359
422 500
117 221
223 320
321 459
388 7
455 158
281 198
274 463
91 259
344 22
292 488
453 185
319 355
414 243
231 7
485 111
444 319
169 293
45 352
153 126
49 107
471 367
281 56
26 206
275 321
216 276
342 318
139 107
118 299
225 223
174 240
8 253
136 16
263 464
496 375
499 308
26 207
267 122
250 61
212 415
256 53
143 109
370 146
499 158
392 350
413 188
131 266
442 155
159 310
457 382
467 238
0 69
193 284
319 155
288 135
489 402
356 348
491 45
138 440
408 331
330 117
455 359
495 354
61 142
338 40
287 348
165 185
377 59
249 109
72 396
196 250
479 84
107 29
498 55
107 301
471 460
434 50
105 160
68 344
268 1
184 336
340 325
356 180
178 378
55 384
16 220
281 419
216 93
126 318
248 112
165 280
252 343
179 355
312 291
161 231
279 146
340 208
90 359
206 150
360 1
121 381
337 46
0 18
197 439
448 269
418 406
55 249
203 424
350 320
136 96
458 415
393 346
243 4
43 0
270 353
151 35
404 83
239 269
2 342
162 33
463 4
198 210
377 360
236 325
469 409
123 62
4 427
412 74
275 68
477 289
409 0
131 440
368 196
364 451
295 228
354 163
93 262
370 104
38 500
4 146
354 117
24 366
260 312
32 457
90 379
439 401
124 9
256 352
239 216
358 334
70 445
320 315
278 462
480 213
471 27
32 152
209 300
420 239
293 429
72 430
379 258
211 416
416 276
431 74
478 302
46 394
287 234
52 62
400 461
253 471
444 38
342 418
58 209
478 341
19 5
17 427
67 26
482 205
214 142
318 343
472 335
453 16
446 498
416 343
405 381
14 411
12 114
426 72
21 146
347 169
177 438
133 439
171 41
20 408
473 442
483 323
442 76
167 1
296 52
173 342
287 210
474 414
269 430
83 497
46 156
80 396
19 105
207 37
448 119
64 80
193 74
141 484
26 280
325 467
402 56
12 231
216 1
467 144
179 134
382 385
354 16
154 168
124 274
362 254
466 191
500 462
290 244
400 40
68 221
402 266
11 8
317 383
35 338
21 27
483 48
371 489
135 381
184 26
33 53
405 173
37 492
302 422
488 418
380 140
273 485
357 211
223 13
252 469
442 138
179 449
256 233
413 168
197 49
324 131
295 89
457 148
252 246
203 195
344 330
147 243
477 484
300 366
160 393
427 453
253 276
173 299
169 7
158 137
165 412
412 334
142 167
379 378
184 399
448 320
417 104
379 360
414 276
186 362
399 182
343 477
30 79
441 412
62 66
35 178
66 68
79 30
423 164
308 271
332 233
368 110
365 307
128 82
131 51
409 7
27 449
334 102
448 186
373 468
50 471
366 8
258 168
500 352
457 450
156 16
130 270
200 15
55 276
259 404
167 325
348 464
444 235
3 374
187 260
437 308
123 205
473 127
381 402
242 500
171 440
483 399
60 25
216 347
405 12
252 485
305 307
264 258
369 400
396 63
479 154
424 81
306 447
294 480
469 428
29 462
472 386
411 257
44 342
86 137
126 174
325 241
478 352
58 3
232 464
130 196
89 244
376 410
370 370
100 363
268 334
476 76
8 110
412 484
70 281
201 474
136 302
343 95
496 249
479 275
358 218
33 207
297 68
3 224
13 148
186 115
421 469
466 407
196 215
498 427
305 296
110 15
60 171
282 122
67 354
341 124
378 434
325 325
440 399
464 456
404 10
313 51
64 419
136 428
229 117
128 229
478 386
420 320
94 268
190 285
203 310
87 421
124 341
67 215
30 211
220 306
146 72
341 306
163 216
349 72
102 463
190 468
254 475
494 218
147 5
224 403
407 53
417 168
342 70
326 189
9 302
401 109
252 485
358 415
382 161
284 137
300 114
496 123
56 214
439 153
434 433
30 395
88 155
215 141
440 43
306 256
331 43
63 416
194 334
204 329
110 189
414 365
107 241
389 263
390 285
135 81
103 14
376 231
446 350
20 15
405 41
346 84
15 204
332 474
236 495
219 248
328 281
318 103
459 359
447 385
44 392
167 2
316 422
90 287
460 444
320 378
208 176
172 449
423 168
85 496
161 168
129 51
196 304
174 202
286 192
175 453
368 243
390 174
368 141
440 303
413 381
88 250
309 312
500 0
383 161
76 460
298 115
209 207
4 493
62 150
267 347
435 396
481 355
88 443
438 60
386 440
239 179
241 112
285 252
236 393
30 28
306 276
354 159
457 43
329 479
207 278
176 28
237 60
391 395
271 192
58 493
20 382
303 33
125 227
399 423
8 443
352 282
195 347
66 116
375 170
227 90
221 369
463 347
130 185
453 325
352 56
487 498
268 246
74 184
452 35
135 154
280 8
176 21
136 239
53 387
355 357
198 140
471 291
404 199
252 369
218 134
131 196
198 497
414 394
372 473
279 355
79 433
79 420
68 238
454 367
158 309
68 272
453 361
242 286
328 36
334 213
211 177
99 497
432 40
173 21
457 27
447 39
48 190
198 437
396 116
374 381
120 104
458 468
79 427
412 50
335 271
82 365
177 46
164 27
363 170
29 82
174 229
89 64
190 270
164 219
294 77
483 4
423 58
346 326
26 251
36 164
388 31
170 498
314 7
88 236
19 97
265 348
16 135
201 211
300 331
290 173
462 361
52 309
246 285
413 311
127 97
357 200
188 226
434 48
386 186
23 491
432 185
392 451
168 44
255 394
320 443
120 295
266 353
54 377
223 382
36 166
133 261
259 452
286 182
156 455
116 29
304 2
173 336
302 448
85 31
363 93
95 206
250 405
359 222
461 230
130 49
91 203
409 224
127 27
400 106
125 106
456 233
261 285
330 248
151 316
249 391
35 43
246 269
182 262
322 284
327 17
450 492
428 423
477 195
250 161
305 149
318 426
116 461
365 451
273 449
401 284
416 117
171 175
367 213
453 366
461 308
482 110
496 166
361 406
183 126
478 94
318 227
456 372
332 328
406 297
486 256
188 13
319 242
482 42
126 62
149 429
275 378
451 484
324 4
414 51
473 369
50 232
143 42
107 101
299 411
171 0
392 297
172 412
125 356
205 203
369 491
8 343
184 315
385 50
195 263
420 226
58 249
251 268
199 159
25 79
285 301
74 384
438 456
290 341
291 131
409 120
451 446
436 124
276 446
41 497
349 408
249 500
46 446
199 2
24 456
479 40
378 354
394 180
423 351
248 362
352 121
285 456
40 333
291 280
322 447
6 59
396 490
185 285
243 28
367 382
143 256
380 451
399 70
438 358
494 473
439 209
255 432
356 50
191 455
332 25
498 191
332 331
253 17
490 377
151 150
238 395
301 487
279 85
149 210
65 297
408 234
441 216
208 494
445 308
379 64
40 500
234 382
375 170
474 99
304 52
171 458
3 337
242 389
126 108
274 258
211 114
296 366
114 108
203 133
287 85
23 274
137 307
132 136
461 378
458 450
9 119
409 360
15 293
8 385
251 12
305 41
13 275
327 352
156 408
420 39
331 41
420 240
263 286
235 316
388 223
246 59
493 230
22 219
309 330
223 14
492 96
499 233
384 172
106 365
363 481
439 90
470 227
446 443
188 86
4 141
236 60
484 120
462 70
449 254
69 379
262 126
358 115
248 466
190 334
420 275
100 267
388 112
31 466
256 19
300 179
388 163
218 372
115 86
470 1
35 135
121 98
247 121
383 214
144 93
320 306
87 475
300 274
407 479
60 292
461 460
374 449
447 460
70 27
78 117
59 426
19 440
400 67
4 332
130 36
386 102
214 190
255 282
409 274
35 408
217 460
421 442
173 267
114 12
357 449
389 239
170 167
49 242
200 244
110 224
34 21
150 455
347 8
162 307
33 392
11 14
63 252
235 301
83 389
31 174
181 397
426 59
81 48
103 73
475 365
495 232
467 147
291 295
200 423
334 311
486 283
447 69
327 271
81 177
315 105
50 94
468 97
10 122
2 408
372 351
319 149
155 233
286 265
212 442
165 262
286 392
96 469
479 75
279 286
106 264
438 237
121 273
457 495
455 145
496 389
368 292
329 81
85 447
447 316
136 414
200 203
364 227
78 155
403 240
50 294
477 452
278 424
387 439
434 392
187 402
154 349
213 60
29 425
435 195
121 39
245 254
161 394
477 31
206 88
187 399
109 210
56 425
361 402
156 59
144 357
84 60
469 87
43 358
286 133
248 254
53 84
185 251
47 455
199 390
462 177
191 55
315 403
296 103
475 201
95 8
493 45
332 324
131 415
147 144
26 343
377 463
357 210
144 405
245 5
146 304
158 437
197 270
194 142
145 277
45 223
225 84
329 436
253 287
289 78
195 192
228 411
106 441
273 173
188 251
233 432
262 279
48 155
45 296
179 326
25 253
286 470
394 465
291 202
356 164
454 488
367 394
243 472
493 454
395 270
96 352
292 176
71 347
358 117
185 285
497 359
378 57
262 370
492 376
405 113
102 158
478 271
450 250
176 279
208 291
0 77
427 219
327 451
364 445
362 357
245 162
218 39
421 219
355 91
204 253
416 8
287 458
224 92
12 122
33 211
72 138
318 420
44 486
62 75
169 80
57 261
214 81
440 115
12 473
42 265
164 487
425 346
218 257
241 428
348 180
141 345
276 447
94 495
275 88
160 243
33 439
50 458
331 92
9 422
393 460
46 189
100 288
346 97
239 20
54 287
387 315
256 286
337 131
481 135
320 216
453 147
203 494
154 213
493 205
117 498
251 300
391 149
496 309
21 359
309 482
10 165
407 82
102 229
354 77
487 113
275 51
191 274
10 66
388 135
128 478
26 247
494 468
1 39
98 83
213 18
367 44
400 418
42 127
145 246
284 286
118 383
431 118
79 35
200 266
40 409
370 95
159 41
227 180
170 221
212 138
423 341
430 117
397 86
339 112
417 236
313 160
397 243
88 145
307 122
341 368
26 426
295 79
359 127
276 452
319 408
7 481
326 348
428 23
91 50
476 311
6 360
445 135
253 128
313 130
23 254
309 107
120 140
382 291
62 232
17 320
139 216
20 403
49 25
340 213
399 89
195 291
245 455
100 61
393 215
69 477
335 136
178 208
177 96
42 268
330 253
415 396
406 239
39 397
260 341
220 17
139 125
100 345
399 102
28 286
329 277
258 104
477 119
71 219
195 372
422 240
153 232
247 96
218 14
490 471
110 398
434 493
190 349
489 431
13 94
385 395
184 118
38 462
59 76
256 122
337 48
54 474
159 74
237 86
42 40
310 203
169 72
163 222
369 267
32 151
205 86
264 258
157 365
392 90
233 281
411 117
477 264
392 52
179 63
326 391
332 176
240 345
38 299
463 25
347 307
151 199
364 500
120 53
11 90
152 185
94 309
77 267
262 72
438 74
179 275
489 236
172 42
295 77
99 209
112 67
3 479
40 222
107 400
461 257
416 79
100 60
314 454
484 213
103 423
202 392
83 34
455 355
397 390
487 153
18 112
91 326
462 40
405 282
308 348
470 499
219 109
304 73
192 418
313 419
383 345
40 118
443 303
445 269
300 118
487 178
289 48
373 232
414 202
476 108
283 365
429 311
245 398
332 381
218 328
18 194
1 274
80 451
75 221
197 335
72 381
351 58
126 45
1 31
19 130
103 71
198 177
448 413
470 78
157 469
403 464
488 427
182 105
249 441
297 270
454 438
278 116
283 248
426 449
478 27
380 431
317 90
25 352
134 186
167 141
343 113
55 374
103 347
79 486
23 194
123 153
396 35
392 436
105 153
47 389
333 12
288 441
0 127
267 370
469 487
217 437
272 235
406 72
87 97
294 129
388 55
72 295
477 204
495 326
424 126
98 280
485 101
469 207
401 52
274 391
97 101
11 235
62 87
315 142
338 174
127 495
500 183
420 144
385 34
271 294
116 385
114 276
210 314
251 60
466 308
58 318
5 16
121 341
295 224
115 220
260 215
104 121
226 453
204 3
174 445
266 288
266 162
97 448
265 12
205 114
18 42
95 99
120 322
132 237
116 303
250 241
43 77
234 500
191 223
93 245
31 28
434 236
469 374
293 273
311 434
109 269
459 141
11 377
239 273
373 57
72 91
188 152
194 11
418 152
431 457
401 453
350 146
321 442
322 346
382 166
409 211
104 325
171 287
185 469
260 420
122 437
446 444
136 293
325 192
13 294
164 165
170 400
363 178
303 397
173 474
35 437
15 77
199 241
173 183
99 14
386 455
55 359
76 69
90 429
216 418
214 87
74 420
443 237
397 309
279 196
176 267
14 218
499 105
476 64
235 300
162 429
198 170
96 387
404 99
252 341
337 179
65 51
32 158
71 199
297 106
328 152
167 336
106 216
317 304
9 365
317 328
113 97
197 438
3 345
419 313
308 126
163 412
145 367
148 485
72 305
356 248
83 17
86 165
492 66
188 221
297 260
105 167
374 69
343 437
236 233
113 106
139 187
96 122
448 82
209 119
495 98
236 298
224 433
9 293
350 47
414 53
165 342
236 213
19 495
195 48
258 442
19 201
101 116
88 123
181 342
469 477
175 318
17 389
202 413
230 455
144 144
98 399
183 204
227 259
148 204
275 85
247 217
315 262
94 128
123 232
239 292
92 141
338 221
441 34
130 111
91 199
104 316
486 147
9 290
161 144
131 151
480 473
470 455
333 268
79 9
279 184
470 50
119 176
164 141
29 390
476 223
351 133
148 203
39 174
104 206
440 211
133 343
451 491
362 188
370 137
129 69
368 227
339 102
382 416
292 54
249 14
267 419
283 2
69 303
344 44
363 87
345 141
367 60
202 139
487 19
10 200
179 470
399 272
76 477
209 338
232 124
6 495
63 189
233 69
341 258
127 493
431 107
105 430
24 245
321 363
37 136
40 324
335 134
256 141
357 345
299 97
90 1
432 214
353 68
214 177
176 341
241 244
149 476
498 95
314 333
59 399
299 297
63 273
10 351
271 410
156 448
423 245
138 329
343 471
27 360
452 81
339 109
1 409
299 172
2 260
265 195
312 179
36 145
477 76
373 84
110 7
451 396
282 317
353 129
407 147
57 398
284 426
261 471
380 9
465 200
14 119
28 142
132 97
46 110
442 155
106 31
336 318
191 195
90 21
382 320
109 412
72 312
257 300
316 198
115 92
379 232
406 80
102 78
387 224
29 70
183 390
440 487
60 196
29 431
306 368
317 486
232 160
411 65
122 405
278 305
148 318
448 162
484 284
29 10
271 464
386 209
169 152
321 295
25 307
407 94
14 381
482 472
472 312
282 237
437 72
468 269
289 109
39 95
226 436
165 160
66 208
133 292
151 320
379 370
257 53
376 212
29 480
97 382
216 45
472 412
497 1
27 381
355 97
434 442
353 55
143 72
421 334
484 413
148 475
111 478
61 260
457 384
394 180
101 240
347 380
195 40
473 313
106 41
270 7
349 337
359 130
235 437
72 440
247 357
499 306
483 412
295 161
290 288
405 409
277 357
264 98
443 404
97 86
412 95
388 57
327 197
328 59
380 476
444 324
46 428
21 452
158 81
322 320
68 320
364 295
12 391
249 199
14 468
441 295
352 490
35 4
156 187
331 462
490 346
335 327
120 78
351 9
183 112
231 89
472 76
55 146
168 377
164 89
247 277
15 87
442 3
478 221
461 235
12 177
102 420
263 18
486 8
344 299
104 11
456 334
423 362
31 167
50 380
480 106
67 284
390 471
214 235
392 91
276 453
477 365
221 452
17 335
110 372
404 280
377 284
94 484
12 293
177 477
356 46
301 494
168 10
366 309
154 76
150 476
469 358
107 343
266 10
12 116
45 103
258 313
396 188
208 480
131 479
136 488
369 248
123 245
339 196
63 46
360 475
323 51
59 325
115 56
262 377
410 103
358 339
312 165
481 79
147 259
74 206
41 214
128 397
76 50
399 451
315 248
252 462
294 335
403 360
43 120
386 390
1 437
278 279
353 346
112 6
57 98
238 18
352 275
302 329
341 26
8 72
421 442
91 181
416 355
411 109
445 243
478 151
233 29
338 361
16 354
446 255
404 168
8 1
124 237
444 203
370 355
53 402
445 421
295 36
131 190
439 71
489 247
371 416
87 243
438 459
434 133
417 411
76 298
224 190
169 148
7 282
180 158
116 104
7 10
411 249
463 430
383 326
432 175
127 435
189 164
85 409
474 193
243 198
288 355
64 424
277 460
384 247
90 328
61 55
377 76
287 109
211 116
304 436
130 359
141 286
194 224
212 82
5 126
96 484
112 220
482 407
320 120
87 9
365 105
282 429
2 434
486 63
138 79
420 234
449 478
180 284
63 97
167 407
483 183
34 157
69 491
56 441
469 4
8 407
261 38
488 253
134 44
440 81
317 204
55 211
274 472
260 481
305 495
401 473
118 179
393 355
290 379
451 353
23 272
54 23
26 489
260 160
175 419
123 210
419 79
485 479
61 129
237 17
240 488
388 289
303 276
435 245
314 80
340 85
240 430
266 140
78 85
397 58
143 378
33 378
142 187
321 24
22 448
327 235
496 167
30 224
407 34
320 446
154 418
248 223
118 360
458 269
407 446
333 247
358 13
243 273
391 83
499 379
290 300
424 219
8 113
150 247
120 25
175 247
207 102
466 3
496 139
57 413
405 404
57 23
279 243
23 349
193 395
353 487
96 195
497 30
441 432
27 32
84 436
195 397
382 73
68 93
352 14
370 286
43 367
217 173
87 364
96 378
202 119
392 102
198 272
127 361
97 296
396 50
462 432
314 52
244 402
199 401
160 76
58 342
25 375
56 224
179 223
166 358
464 52
437 208
47 419
265 85
237 445
179 135
282 74
475 333
129 477
192 26
406 328
16 74
6 257
162 349
125 118
319 402
223 189
79 79
143 341
237 274
252 160
195 75
460 113
245 81
120 207
138 267
424 328
335 321
190 417
282 117
436 322
32 186
443 131
205 159
474 192
146 216
207 119
7 15
439 272
281 312
189 44
429 423
466 133
231 398
218 26
352 172
254 113
119 142
448 46
495 115
299 408
295 402
434 368
461 427
107 441
147 142
268 413
455 37
155 366
75 362
110 294
102 146
366 239
96 198
241 402
329 442
423 13
193 148
425 206
219 180
434 151
81 225
80 170
170 403
387 245
218 309
382 52
140 247
317 31
380 354
126 318
375 111
442 498
415 327
389 89
118 133
442 404
283 298
393 436
99 70
321 200
472 195
142 229
55 466
133 38
323 15
177 83
498 200
37 407
316 29
450 302
282 216
134 494
333 62
409 0
498 136
262 284
494 41
305 32
238 402
335 495
178 299
82 237
196 50
290 451
239 61
278 44
352 474
480 77
408 486
329 322
395 166
392 225
251 40
201 46
314 293
283 487
486 485
3 68
213 256
228 64
282 431
389 114
497 152
453 96
345 121
343 135
236 18
325 340
438 498
321 206
67 211
331 184
429 338
157 318
218 180
326 497
340 273
491 491
76 439
465 270
430 428
425 18
20 261
213 493
21 450
57 330
3 232
162 461
357 49
418 133
484 402
93 68
98 455
480 231
304 482
323 281
61 398
272 7
386 372
420 208
290 63
72 144
494 151
310 450
130 43
311 417
348 416
376 136
284 407
15 299
267 289
117 240
113 35
337 268
141 162
463 116
199 48
82 399
389 230
457 235
193 33
29 349
460 164
370 339
122 446
491 116
451 96
90 303
59 451
395 317
195 369
280 178
105 488
413 373
192 177
374 498
492 18
306 490
339 397
124 336
428 84
351 339
203 350
28 64
277 237
101 389
335 273
9 109
327 293
184 111
260 233
262 416
446 207
435 30
213 17
182 14
66 462
280 369
475 383
113 356
403 389
338 337
105 151
15 484
389 99
257 338
445 237
369 60
290 296
300 221
366 272
172 459
375 153
484 448
80 215
291 106
379 409
3 258
160 363
304 488
161 337
424 445
479 195
323 226
240 455
115 164
376 488
458 329
333 386
379 412
134 436
385 44
82 392
243 107
256 27
165 259
292 153
446 189
289 454
210 169
25 130
332 245
430 117
12 252
201 121
176 364
26 290
416 239
469 95
350 491
50 327
77 261
191 401
69 378
14 61
372 260
245 227
158 215
286 82
287 280
278 59
261 139
398 304
177 368
80 234
87 409
102 335
126 311
96 123
197 474
248 408
493 318
260 246
338 411
70 447
65 177
232 107
260 494
431 372
146 133
39 437
407 379
301 43
133 256
207 146
227 3
94 183
225 237
152 124
204 417
223 105
411 312
248 110
442 288
407 136
69 229
473 384
496 186
291 367
175 377
112 415
468 269
79 13
98 11
188 154
368 438
387 136
88 422
192 3
464 59
13 418
196 76
494 452
443 80
328 240
231 476
259 221
95 105
52 73
266 407
5 251
269 125
195 24
404 202
209 154
377 1
293 352
121 351
480 336
498 176
9 291
373 224
79 20
121 367
356 228
194 94
401 368
202 33
245 278
388 426
482 204
426 12
103 340
263 50
301 366
494 119
92 202
403 63
408 167
432 444
300 395
71 335
357 349
259 299
446 73
180 65
229 302
4 125
232 360
327 237
180 273
481 423
354 400
186 471
182 462
10 74
417 21
98 245
370 183
86 256
171 79
90 79
208 267
55 160
474 394
357 212
125 299
52 383
23 352
95 53
158 139
118 69
251 27
356 406
483 13
395 409
80 398
320 345
481 179
45 483
222 416
368 423
278 281
466 334
80 138
99 81
199 284
202 198
304 325
464 325
231 160
76 480
341 33
359 199
235 97
335 401
274 145
388 286
257 52
464 416
56 89
479 0
126 493
109 466
246 386
23 367
420 236
193 428
227 150
426 351
334 331
443 435
400 413
262 319
79 365
349 460
335 31
364 205
295 75
468 448
493 465
337 119
156 267
307 138
141 495
443 160
457 101
127 159
493 281
327 59
59 247
499 408
203 346
237 378
50 275
488 308
478 335
363 413
388 126
44 209
348 174
404 29
381 472
36 149
379 26
498 238
381 410
205 499
381 168
419 32
327 473
486 84
192 412
156 397
2 180
216 65
49 404
253 460
320 476
150 185
137 153
20 247
132 443
61 208
327 350
150 289
465 356
469 42
109 412
276 427
252 43
439 426
140 33
292 466
388 82
61 228
359 265
229 442
114 105
98 34
423 143
297 337
175 459
240 373
256 350
388 273
4 185
139 338
14 180
114 445
323 179
116 362
12 461
206 128
457 137
340 485
158 149
468 389
458 319
122 441
465 388
456 12
211 104
389 225
38 180
434 263
357 13
247 487
203 24
373 391
245 173
255 382
171 91
368 361
219 182
258 57
339 253
358 126
155 442
95 262
486 122
209 294
319 334
30 490
280 4
201 244
83 223
138 92
23 368
7 35
20 224
477 202
78 397
33 427
230 338
410 194
202 50
172 327
219 156
186 429
293 89
125 390
274 196
332 200
499 349
81 5
375 104
313 403
60 396
86 348
78 409
493 8
427 34
308 459
157 258
249 171
305 351
157 340
438 96
405 335
45 62
394 131
278 443
360 137
110 22
147 320
321 98
92 289
406 400
413 127
252 144
121 189
282 498
329 63
273 123
35 248
239 311
157 214
144 1
266 317
65 51
96 117
300 217
472 343
173 483
254 179
129 129
438 350
109 431
427 437
99 75
147 156
385 21
78 334
25 487
291 139
377 493
277 382
452 206
70 219
422 419
283 324
97 348
1 343
235 130
373 239
153 82
494 440
163 471
385 346
185 132
157 315
219 485
65 474
167 3
429 474
228 186
1 159
237 22
367 350
330 82
326 341
385 19
1 327
312 301
332 104
318 324
347 114
57 201
3 15
36 96
356 428
327 40
145 257
462 150
151 60
80 227
108 275
129 108
258 342
103 274
244 459
236 350
294 207
69 186
329 149
175 128
316 155
10 355
357 176
260 354
199 327
348 496
49 283
413 497
416 35
307 144
91 225
134 251
248 265
297 244
432 316
408 279
336 168
260 449
101 267
157 419
459 238
325 495
185 24
451 495
37 234
77 67
324 464
190 117
482 226
91 203
187 350
46 125
70 76
344 72
420 267
470 447
308 57
9 339
103 68
427 60
69 163
227 229
347 46
8 355
214 61
331 378
133 356
1 446
18 301
310 298
74 423
258 483
95 222
299 149
484 378
326 434
282 148
441 187
278 398
477 203
213 419
65 88
88 179
269 248
362 131
108 51
33 74
376 36
67 322
342 289
267 307
34 419
245 356
406 453
428 274
284 148
75 85
204 38
56 238
119 125
402 392
267 7
198 368
155 297
410 443
469 431
36 469
441 275
66 484
352 29
45 432
238 261
106 455
388 162
118 236
180 41
439 141
230 193
397 96
4 457
141 149
441 75
488 436
259 374
156 367
120 90
178 287
370 494
190 105
398 340
72 137
120 297
141 491
353 221
66 104
138 168
316 275
473 125
324 103
485 198
307 12
149 184
239 311
327 442
395 56
181 132
236 146
50 170
176 315
257 98
441 399
246 362
467 216
123 471
202 61
296 65
394 360
202 432
24 252
476 332
391 335
95 387
404 300
65 329
13 469
241 449
257 135
259 434
119 236
146 172
243 420
279 239
451 458
293 467
424 400
174 363
332 282
26 388
459 45
258 383
424 404
247 393
210 351
461 5
283 485
37 70
128 478
99 369
185 210
204 219
227 200
33 236
209 332
131 238
351 193
351 89
233 127
386 41
71 37
305 260
370 14
302 98
374 104
319 55
164 77
494 392
189 78
1 243
274 281
186 344
24 252
138 280
225 83
438 106
417 303
127 427
452 274
326 320
306 298
250 375
417 456
222 349
51 118
481 113
405 413
4 387
382 311
360 254
32 133
105 70
483 252
390 347
155 499
271 370
191 227
349 64
181 362
5 306
23 122
320 326
339 374
499 473
31 187
255 365
128 238
232 200
240 439
459 177
471 144
410 96
256 332
96 303
6 346
112 101
383 277
183 348
170 291
462 33
258 59
10 248
158 299
293 372
308 345
363 406
386 308
489 109
25 388
222 234
250 311
23 107
489 155
237 43
171 386
313 172
422 429
369 91
57 223
195 403
130 229
73 353
409 304
191 163
335 154
454 368
169 10
387 90
41 68
183 463
420 472
58 474
477 320
481 45
254 97
91 170
448 411
449 204
60 360
188 331
209 442
240 290
482 156
339 496
477 309
55 407
208 151
331 245
9 49
334 72
182 415
340 373
240 389
123 16
392 7
404 150
370 162
61 77
190 312
128 17
88 27
95 97
469 189
181 278
214 177
216 406
319 254
450 405
310 448
9 227
380 309
58 21
442 59
260 176
88 380
436 443
293 143
391 143
426 79
36 391
434 66
279 188
230 51
466 266
104 326
271 235
47 255
150 367
429 109
179 0
361 356
320 466
155 436
408 435
310 456
143 468
435 166
36 274
442 310
415 147
155 24
265 394
38 224
14 494
397 358
456 75
395 88
196 268
59 186
238 449
56 18
253 182
367 86
490 238
30 3
95 361
472 175
84 217
126 143
210 333
297 49
314 241
235 15
264 377
216 315
5 21
36 276
308 72
141 426
339 34
49 5
127 353
77 450
325 103
300 450
282 183
158 314
485 226
433 78
230 217
281 324
336 344
154 45
213 33
202 293
59 492
92 50
490 176
248 491
339 453
102 99
94 87
123 323
153 249
500 399
271 437
458 457
498 51
472 181
178 101
130 245
360 100
158 70
344 160
317 280
376 122
371 423
78 358
99 439
362 474
157 181
151 319
374 156
434 167
440 156
442 0
473 491
356 144
298 216
4 238
252 248
254 115
305 495
109 151
180 330
306 289
10 461
342 124
162 401
409 336
440 159
306 483
24 201
73 265
217 235
149 156
478 389
186 68
268 325
362 26
438 121
97 89
267 71
7 362
339 207
84 215
357 335
465 392
300 109
273 327
433 24
129 290
85 0
181 327
254 457
499 122
97 212
113 115
392 19
50 261
441 468
113 362
279 483
106 277
379 50
266 232
276 255
484 268
160 155
96 137
418 108
204 310
308 279
436 306
479 297
469 456
334 462
211 450
30 481
125 292
75 51
232 119
42 426
405 461
468 30
101 38
371 20
155 105
21 435
178 302
371 307
376 262
113 363
305 210
7 369
283 460
114 164
308 320
86 484
197 486
86 63
303 276
378 116
433 234
33 11
200 38
304 167
190 333
276 358
95 189
124 273
185 491
485 387
254 416
267 156
174 257
342 488
313 378
341 248
10 111
213 461
65 254
414 464
281 10
488 231
456 32
421 377
97 249
196 242
103 404
166 76
390 441
320 341
251 4
328 1
60 92
36 328
341 407
311 366
178 486
81 405
276 170
330 278
55 58
101 338
200 408
158 473
283 385
194 242
265 383
143 432
297 371
188 129
104 179
208 106
400 491
313 279
248 247
151 216
456 147
407 500
172 98
220 473
165 218
416 19
310 252
478 93
212 107
418 90
345 116
302 252
8 84
135 347
79 439
344 456
226 348
48 289
202 91
74 466
119 341
0 114
10 499
303 84
232 11
236 341
314 265
391 273
396 354
93 237
353 146
468 429
145 256
193 32
250 192
209 200
304 135
482 389
109 162
489 228
448 209
113 87
120 283
14 13
330 331
132 22
23 443
341 169
172 212
230 266
399 336
296 365
99 144
67 129
8 200
193 276
481 181
336 270
403 207
279 49
290 387
46 239
298 292
10 141
71 498
157 84
155 272
12 428
497 462
369 118
464 430
496 54
61 146
243 262
327 71
208 409
120 83
402 58
260 115
2 367
397 166
424 189
350 232
86 353
355 306
49 75
219 273
50 35
101 229
261 46
477 131
335 338
241 436
81 437
41 323
25 309
364 157
343 217
123 406
160 377
217 369
295 398
235 315
271 436
138 329
76 157
24 119
280 13
309 171
226 222
139 389
429 153
16 363
297 188
268 120
306 100
187 484
344 117
467 171
226 277
194 281
26 492
393 389
359 270
371 340
330 65
47 2
45 393
171 56
39 89
475 78
15 252
108 454
108 410
307 5
356 286
128 461
139 140
490 495
400 22
255 259
246 398
435 315
426 483
120 348
221 12
292 66
67 476
185 53
418 32
492 267
76 333
451 146
344 186
102 180
152 5
188 197
197 358
116 138
408 452
6 263
172 248
48 222
252 412
412 425
154 340
237 235
124 262
130 34
406 318
36 286
39 230
308 474
218 284
309 332
151 318
358 464
263 50
415 374
401 390
258 41
479 10
346 336
71 204
314 10
15 109
458 357
420 343
252 155
432 171
142 369
152 173
70 236
22 131
241 191
158 35
132 482
480 200
269 220
396 171
190 263
293 264
30 113
23 142
257 403
5 275
220 224
194 274
367 400
332 44
409 453
323 155
410 443
188 304
371 164
457 278
92 118
102 307
293 467
33 135
247 354
194 489
35 271
86 417
452 464
491 375
350 225
311 387
35 493
326 358
193 200
105 430
430 355
208 313
197 191
84 249
222 428
237 230
493 69
107 312
192 327
242 356
445 170
263 318
434 239
408 282
184 90
319 365
57 200
283 455
468 196
363 73
194 4
111 469
335 499
121 451
411 47
270 111
172 357
180 65
434 480
185 23
143 115
404 99
294 376
283 292
264 48
58 79
33 310
387 424
452 159
392 99
176 227
87 89
86 443
149 401
478 434
48 488
192 345
483 252
410 473
266 485
447 176
93 437
297 320
51 159
347 70
361 60
48 334
319 355
425 188
59 250
41 485
183 87
134 387
131 302
319 119
398 338
38 388
90 426
222 396
458 157
213 318
453 341
182 312
193 244
234 310
303 72
342 355
158 297
22 216
357 36
238 374
16 440
282 12
219 252
405 323
423 433
32 123
499 104
195 358
113 453
271 452
497 464
495 234
210 475
288 125
66 317
83 266
357 295
276 60
417 212
398 147
372 269
464 27
28 407
419 489
369 277
113 184
356 215
324 458
212 129
417 253
323 48
439 15
171 11
406 99
440 445
42 443
221 244
260 176
128 94
461 458
16 88
426 302
487 331
331 420
24 29
244 244
384 395
260 314
259 487
264 384
26 375
228 114
271 162
27 160
497 26
486 280
422 9
99 123
286 165
145 111
129 296
43 475
209 167
252 475
453 300
105 499
236 143
353 161
209 148
465 211
386 115
102 269
58 471
88 491
364 469
222 134
240 197
417 272
178 93
398 125
339 85
242 475
138 464
100 44
77 45
455 433
44 211
82 388
354 152
117 414
165 142
55 416
300 320
12 369
324 6
471 86
40 384
196 480
197 139
13 47
293 454
47 260
296 30
72 98
95 493
222 302
35 350
71 384
349 307
80 99
126 10
148 354
459 80
114 473
36 138
21 327
297 249
170 159
279 477
53 309
229 12
233 68
361 385
76 392
91 6
53 296
341 457
245 320
381 6
168 236
52 434
194 198
404 122
447 429
328 127
426 380
204 201
485 80
363 322
127 189
298 418
253 482
130 344
396 2
490 297
162 184
5 211
65 389
53 7
485 464
32 440
393 416
10 232
419 83
340 130
456 284
428 178
109 287
447 297
362 65
186 77
309 4
50 189
166 386
51 85
88 25
143 400
414 407
226 25
261 29
230 235
438 163
285 160
182 37
83 428
357 216
465 384
307 50
230 254
8 111
55 9
61 345
171 168
79 41
244 340
1 488
77 373
404 463
9 387
442 494
381 235
78 155
337 23
262 112
105 210
101 232
365 40
317 128
272 389
458 320
453 130
180 244
396 196
472 163
36 112
494 46
282 217
189 21
184 376
478 291
468 108
413 274
436 6
383 7
66 335
3 283
77 33
118 220
498 148
459 159
134 360
415 302
376 86
416 254
403 78
104 74
208 117
273 473
95 273
445 429
190 451
147 301
54 353
348 209
182 445
204 329
58 160
411 334
353 352
498 402
6 204
494 54
395 485
222 401
73 124
333 7
82 42
37 331
247 422
283 66
323 409
415 334
23 88
277 128
238 324
334 394
237 156
426 8
420 436
363 403
299 376
143 407
52 423
410 1
223 267
352 102
227 167
183 397
228 343
177 487
271 293
426 307
83 22
118 345
121 85
423 85
153 240
65 269
256 145
315 169
460 398
207 38
30 41
108 58
70 312
139 352
315 492
208 266
76 173
355 414
457 92
109 121
288 134
415 245
85 331
463 141
284 275
40 390
457 163
63 327
451 287
255 374
8 61
496 237
315 419
326 261
433 171
310 411
144 260
107 316
358 276
78 155
88 442
251 169
151 268
348 385
265 322
306 110
472 45
32 130
106 291
311 478
391 427
123 149
22 343
260 383
454 325
219 484
396 458
269 56
70 220
165 45
341 353
135 255
135 279
268 213
379 257
476 317
376 304
343 253
369 223
288 282
425 97
263 174
492 330
496 252
150 294
29 492
291 6
190 311
23 237
305 78
160 282
210 187
153 135
258 62
392 168
149 148
361 421
196 443
373 19
475 456
83 123
454 97
454 24
149 457
54 316
233 270
358 134
290 8
247 113
451 63
166 146
99 166
401 319
92 423
69 233
213 256
458 144
398 165
383 195
144 344
60 267
290 273
253 281
230 82
349 363
483 486
102 167
309 200
458 352
223 170
56 472
51 358
167 58
87 180
245 143
475 160
127 329
336 93
423 138
157 104
277 199
102 334
423 62
320 14
462 268
47 195
124 100
65 366
331 444
194 442
462 390
288 93
319 359
400 217
333 410
374 365
316 68
266 295
108 168
419 185
303 251
171 418
389 35
142 477
87 17
25 498
148 107
320 94
487 385
446 333
90 469
347 368
129 307
10 232
20 275
252 162
412 347
180 11
358 58
48 102
164 11
183 382
146 77
351 472
302 219
382 417
419 354
359 358
53 347
406 481
24 12
445 14
65 487
298 150
27 483
307 21
347 446
17 437
445 285
68 183
293 313
248 409
352 496
355 489
241 275
13 162
116 457
322 312
147 340
7 29
363 84
449 377
483 421
117 297
331 432
225 313
378 302
24 303
307 490
112 53
284 156
89 262
429 305
176 367
436 240
493 446
279 442
498 174
176 151
303 421
246 139
461 387
368 431
198 434
414 384
77 107
493 276
271 250
204 311
211 431
419 297
324 268
393 487
325 20
106 269
224 342
164 19
402 87
471 118
176 191
178 17
21 175
141 492
336 398
348 397
134 444
144 415
96 208
305 230
172 176
36 296
87 127
347 358
247 394
437 320
305 383
159 357
435 251
228 500
330 441
400 366
41 461
160 207
7 144
445 314
259 265
472 497
312 476
29 149
31 204
333 389
206 199
89 276
202 262
384 460
208 466
435 80
329 197
63 53
421 85
445 481
214 459
164 326
284 446
340 22
240 157
245 144
241 437
492 378
201 0
457 211
137 94
153 275
56 450
205 57
341 76
416 380
446 296
325 0
278 43
205 374
290 357
235 27
42 21
116 94
445 394
235 33
352 481
412 470
428 421
377 160
168 119
84 281
229 66
73 188
159 111
78 182
440 142
20 415
193 287
481 152
147 120
83 208
463 424
372 100
201 127
448 21
498 470
281 478
279 10
325 241
455 307
52 135
384 472
144 38
379 64
288 460
237 270
47 346
5 106
374 487
138 372
456 389
44 147
370 251
116 240
437 113
183 155
399 244
446 500
164 476
47 86
350 168
201 166
375 176
284 116
239 454
71 325
223 282
470 405
381 399
376 455
484 288
248 478
431 0
50 268
199 11
301 74
304 58
48 321
377 282
54 97
247 443
8 330
131 33
13 148
362 318
340 465
38 76
58 387
0 371
273 383
214 112
117 79
73 458
156 341
193 220
276 353
28 69
478 398
9 313
65 222
107 345
409 415
391 352
288 206
136 55
277 121
362 317
400 193
104 159
136 380
237 454
386 436
393 395
148 100
496 384
324 222
248 400
471 181
24 499
263 143
248 176
189 423
121 32
461 22
131 189
166 25
461 212
20 48
344 317
195 383
162 226
304 68
79 355
194 465
477 115
169 367
11 7
478 37
255 68
108 476
300 46
67 9
287 321
78 250
70 129
181 438
431 185
204 443
17 307
340 153
59 179
482 303
232 31
34 6
10 345
404 432
396 333
35 96
236 336
93 74
406 448
249 60
231 285
301 290
96 296
250 77
389 476
79 188
318 42
213 310
454 478
347 215
464 300
155 33
433 232
85 201
113 413
313 443
129 472
54 345
79 393
473 449
309 245
310 52
141 56
210 418
355 66
110 352
82 87
291 63
264 251
308 404
294 271
12 167
430 247
236 151
202 133
290 56
239 26
370 196
289 68
350 378
434 179
32 367
425 297
329 260
466 433
460 357
341 432
137 154
345 486
197 489
4 192
82 438
268 399
315 409
110 411
278 244
468 417
255 201
260 74
445 336
89 29
354 270
42 41
427 350
172 119
110 251
268 406
240 160
47 243
45 114
358 98
225 400
414 246
106 429
407 70
373 269
212 123
372 419
37 51
282 202
19 282
472 174
468 208
130 420
409 38
54 264
357 312
166 140
330 286
216 66
162 86
55 420
43 311
168 29
143 447
329 0
309 244
160 474
415 142
7 295
76 89
354 299
399 178
424 222
297 162
93 234
238 319
200 371
101 446
421 326
473 372
45 388
3 252
159 175
242 47
365 301
403 294
391 48
191 446
387 38
390 469
478 30
28 222
30 78
383 154
59 490
119 474
364 408
67 121
413 227
273 38
195 246
410 12
36 472
405 92
498 389
387 143
347 317
136 169
292 234
312 307
259 123
54 425
129 126
179 171
135 47
474 173
44 465
151 108
163 375
379 114
319 380
137 299
131 337
401 59
455 283
127 417
494 92
429 84
5 166
2 81
259 345
97 490
152 455
327 354
270 117
332 110
182 365
372 446
199 266
437 318
140 463
494 351
176 438
258 93
384 183
123 76
218 385
339 15
216 8
435 428
308 443
28 483
464 68
162 395
99 468
424 237
123 31
470 378
287 8
8 37
413 25
286 198
200 282
434 48
199 208
96 355
252 37
194 158
430 408
150 161
446 442
15 357
238 38
195 29
177 178
430 77
452 176
361 324
17 87
236 462
170 500
144 418
243 277
404 183
352 425
460 132
143 63
186 41
386 474
18 115
26 465
219 198
281 191
248 373
69 290
419 368
197 6
312 17
488 244
315 318
251 58
141 244
306 366
229 214
108 282
84 314
198 89
9 243
353 210
481 145
82 99
369 119
148 378
473 416
429 489
383 254
161 228
138 243
30 419
158 492
201 82
251 23
136 151
471 11
45 36
198 154
28 183
400 318
122 390
302 109
324 2
206 460
83 466
109 54
356 76
278 465
433 394
446 136
432 377
306 263
316 461
500 44
178 386
412 109
209 324
422 412
152 179
206 486
154 75
245 256
412 467
100 42
21 191
230 65
438 149
313 465
4 430
141 293
167 281
166 225
431 275
409 89
62 242
233 479
230 99
326 317
486 338
137 417
280 312
361 55
263 237
137 297
64 119
142 405
396 457
461 90
348 180
205 361
61 380
284 411
36 133
323 97
322 157
304 97
105 495
429 25
143 143
330 422
142 450
211 173
350 172
111 322
373 31
52 467
269 297
254 94
48 59
460 234
292 251
464 498
368 151
352 382
375 285
438 135
254 197
376 421
97 16
482 8
226 349
131 378
252 276
489 438
153 219
345 50
110 163
323 411
71 436
7 484
220 399
330 218
213 38
458 25
256 354
319 220
24 491
340 390
182 232
384 122
166 366
324 270
410 133
363 115
265 20
368 66
342 73
30 319
77 2
243 24
295 489
444 459
489 153
49 385
100 431
498 286
306 156
255 306
337 471
37 198
279 325
468 131
185 328
2 354
282 396
478 11
426 174
321 191
157 459
401 163
104 427
146 229
181 450
297 396
361 444
434 26
222 128
462 114
273 486
273 353
399 186
411 194
448 170
145 266
57 96
481 437
36 301
360 471
42 126
134 471
392 148
117 222
313 203
442 317
134 18
261 13
252 492
68 356
383 405
76 193
345 239
442 408
432 168
199 470
121 68
29 242
277 499
98 280
166 330
224 253
275 347
199 246
349 17
154 370
17 398
116 496
248 490
104 199
218 376
287 468
174 43
341 147
51 118
182 482
67 303
11 255
417 115
92 3
146 90
43 414
15 176
399 344
163 239
60 125
284 315
91 447
261 377
203 248
256 18
311 475
169 58
124 96
114 316
419 145
320 245
442 197
452 204
290 71
468 78
28 124
97 122
216 12
117 269
98 134
25 122
178 63
485 330
236 114
129 393
72 118
494 160
193 234
297 448
25 126
362 300
437 356
403 33
379 123
414 5
389 56
185 146
211 15
19 181
436 376
348 124
294 297
287 390
155 275
370 18
428 77
166 388
50 242
165 398
170 497
231 176
431 40
34 133
255 412
141 140
188 228
90 72
89 104
185 352
471 304
16 11
238 373
307 81
25 375
494 142
342 397
54 461
481 428
407 208
330 460
243 317
40 424
385 57
343 9
405 103
281 16
27 457
50 150
283 291
10 332
293 177
21 136
49 437
314 336
205 227
180 444
224 201
479 11
221 294
492 23
306 235
409 98
30 457
247 140
483 459
189 45
315 289
432 496
421 469
468 437
213 325
459 402
214 250
106 361
413 74
17 36
10 239
105 264
125 71
142 42
244 414
11 56
406 156
137 228
392 411
287 178
15 53
13 432
208 201
409 410
239 186
249 75
491 33
462 326
21 229
159 16
279 15
314 490
233 153
296 143
498 5
161 331
419 348
117 281
43 347
59 166
319 202
12 303
11 219
41 37
319 124
260 477
263 312
181 413
418 127
19 441
326 198
424 316
269 48
492 26
68 220
200 340
439 44
491 39
293 135
95 174
387 162
493 307
62 145
357 179
346 457
139 310
147 448
177 207
82 384
304 357
272 231
281 458
127 166
299 160
125 382
316 408
135 319
370 32
459 338
292 3
400 317
34 197
466 67
401 329
274 237
122 68
58 28
202 25
434 318
225 51
8 399
100 394
190 150
425 62
164 107
119 360
191 464
258 209
440 13
395 253
160 83
398 55
393 452
200 166
307 26
0 184
444 355
188 129
325 482
69 4
219 195
77 408
105 51
443 500
207 426
140 419
246 485
28 244
313 456
344 114
153 117
301 349
452 123
430 76
418 250
9 63
366 463
265 480
224 355
311 317
212 401
335 124
319 195
248 260
401 467
32 259
102 240
146 320
485 54
443 370
488 476
335 151
147 59
65 17
174 492
180 212
408 199
155 294
414 468
16 101
267 275
280 490
171 454
292 14
496 339
358 349
264 171
382 289
279 227
408 384
328 239
372 142
450 434
91 72
225 12
104 25
492 372
341 244
55 143
89 307
26 149
66 233
355 399
17 145
191 186
174 192
297 171
402 247
82 434
442 412
315 168
86 453
351 363
165 174
121 58
100 90
108 82
339 274
290 453
343 226
349 221
304 142
198 404
427 257
166 168
0 157
302 89
335 439
114 253
210 186
231 198
366 291
404 372
91 482
448 200
299 196
495 92
333 376
244 377
441 190
36 320
105 289
17 468
487 48
263 402
99 133
76 289
26 145
366 78
121 222
451 193
311 380
290 253
384 434
69 237
380 422
208 170
200 186
5 99
289 13
499 240
226 469
56 426
111 241
416 332
221 433
316 82
486 110
326 166
132 403
285 274
17 483
361 235
11 199
106 285
82 307
1 290
454 436
417 140
109 10
348 344
98 355
468 220
361 203
376 239
165 28
407 453
390 246
4 38
166 89
23 276
386 265
273 285
301 462
120 415
407 221
285 153
182 146
319 16
434 172
370 429
189 189
304 85
143 145
42 341
491 310
254 44
420 215
301 365
404 196
301 7
284 8
433 298
317 380
154 79
140 147
455 400
205 165
275 421
167 418
40 101
68 171
283 323
238 415
290 361
344 452
377 88
347 268
104 498
214 429
46 228
211 145
27 490
454 143
54 188
70 52
497 193
204 216
490 432
372 275
163 254
30 198
486 499
73 341
339 291
42 19
455 463
267 125
433 166
499 314
2 319
310 359
10 177
334 7
486 393
102 372
474 174
466 376
68 174
267 154
393 198
73 21
210 163
149 19
95 17
398 426
264 35
56 235
445 474
308 16
268 409
236 446
83 494
377 497
243 372
431 229
301 175
403 42
431 115
146 74
312 112
66 245
182 40
216 165
151 484
273 454
27 129
345 27
163 348
202 20
363 88
157 282
172 222
147 243
56 390
406 281
293 221
206 148
497 319
182 267
273 163
11 356
453 406
44 166
168 198
12 436
5 453
413 148
476 432
310 1
174 338
231 30
345 67
245 137
276 181
405 192
204 453
363 39
62 496
47 355
58 178
347 77
0 217
368 301
319 355
267 4
454 28
259 329
412 52
346 424
404 148
402 338
79 380
196 375
435 90
59 79
86 314
265 243
324 139
454 46
292 309
142 420
394 489
229 46
498 273
154 215
22 329
463 50
123 207
278 480
43 6
396 274
141 60
335 302
474 361
201 179
384 73
297 163
302 241
333 157
452 101
205 343
69 258
183 7
500 121
280 358
338 427
462 313
485 119
334 294
153 312
374 450
175 480
384 107
305 228
347 393
51 36
405 184
194 58
75 298
77 302
274 36
260 452
326 307
380 159
485 70
21 23
60 355
178 453
19 269
356 173
447 196
20 41
299 139
29 176
321 23
158 249
87 327
386 246
349 174
314 261
20 439
81 248
183 447
278 239
361 422
464 292
437 464
426 453
205 444
77 36
290 167
117 191
7 79
145 230
62 363
35 121
11 142
46 250
493 500
149 280
6 209
144 332
279 47
464 420
368 361
400 364
104 193
125 150
112 156
184 288
40 379
489 127
270 229
262 140
100 237
132 382
126 166
274 31
311 46
395 420
450 93
22 438
431 259
414 336
473 487
86 441
432 179
26 388
339 5
90 407
66 153
482 315
368 75
49 318
436 468
350 174
402 21
90 431
385 391
75 57
226 86
389 323
98 60
195 273
237 198
183 416
139 197
411 281
424 369
352 458
489 396
152 358
80 25
143 105
209 25
83 232
153 5
98 144
86 473
296 304
244 262
252 447
468 431
135 46
380 50
136 232
54 461
100 187
341 74
148 419
45 396
306 286
422 211
316 379
234 217
156 431
316 14
69 176
376 136
421 285
494 113
175 31
310 463
70 149
127 55
8 411
494 170
240 313
462 419
327 188
259 217
71 449
298 52
19 9
345 251
87 145
114 280
229 432
188 390
108 274
378 129
226 500
152 433
98 197
18 265
190 228
23 117
464 251
300 358
47 252
325 167
498 127
49 221
78 367
255 244
263 64
262 269
43 42
410 170
446 309
423 186
366 450
56 479
237 58
190 500
459 262
181 469
138 277
119 434
492 180
291 3
253 87
62 241
137 242
402 318
27 275
50 280
322 328
90 47
4 400
122 427
245 266
72 125
495 418
98 453
155 242
241 202
355 199
95 97
365 123
436 123
24 245
332 294
213 76
343 181
100 9
293 359
115 106
13 75
152 299
414 36
406 174
211 454
7 288
184 267
362 306
313 22
75 394
51 449
175 492
12 88
17 441
396 283
498 26
488 18
93 431
435 0
195 389
194 255
320 471
299 42
329 308
21 496
429 463
328 95
266 285
304 224
307 424
140 454
24 57
2 407
492 440
176 101
168 312
336 402
478 165
489 474
458 9
157 400
43 128
280 56
445 57
82 367
417 195
6 352
445 94
228 136
179 471
406 186
107 472
156 23
443 14
89 204
16 319
380 202
399 353
54 112
230 372
22 58
402 106
234 108
132 192
424 337
300 352
37 50
60 237
84 68
46 86
276 297
17 76
126 199
181 250
426 57
130 193
338 281
480 365
146 416
256 13
84 263
449 70
466 413
404 195
236 464
35 330
257 105
446 291
44 237
219 86
37 73
457 436
259 62
117 453
400 410
330 409
293 482
70 125
468 69
84 52
96 158
132 68
258 259
281 207
311 213
195 446
112 161
31 162
140 96
251 16
82 388
424 120
438 447
6 438
361 252
84 310
7 469
208 97
365 133
401 492
137 35
152 17
49 84
69 411
166 423
328 429
121 234
387 8
478 472
212 440
372 411
110 367
145 136
240 36
224 165
321 269
479 420
97 13
208 325
113 120
404 446
447 132
49 154
97 405
316 266
275 116
69 137
493 437
4 458
379 489
328 176
45 168
462 428
411 341
0 402
359 204
397 171
475 325
372 140
335 266
224 8
121 256
344 224
163 70
1 192
306 389
402 246
424 37
150 245
276 402
330 270
390 207
54 363
107 183
302 330
434 400
402 430
263 13
213 435
436 211
129 350
168 360
58 453
337 326
443 416
483 166
2 242
234 135
443 150
158 433
29 241
96 59
11 456
232 143
152 242
352 7
53 340
14 119
266 461
371 219
31 56
209 74
203 192
421 319
122 354
404 306
470 393
459 446
160 437
248 363
178 140
309 290
232 410
159 126
216 404
227 198
129 409
102 475
228 471
12 99
229 84
215 32
466 82
496 300
77 67
163 496
436 29
495 222
246 13
125 146
190 263
116 93
116 100
464 357
2 466
375 430
405 160
331 391
259 126
369 207
138 68
207 259
320 164
69 281
447 4
453 202
491 361
139 466
403 392
464 134
278 356
86 138
407 88
428 444
216 474
238 238
328 293
95 99
186 90
241 63
416 494
357 416
340 445
405 201
34 157
277 450
100 20
205 344
66 433
372 194
272 228
115 187
163 18
57 370
452 181
467 10
454 495
398 365
50 215
68 136
134 227
318 92
252 173
368 329
366 192
195 139
229 233
242 301
346 137
155 23
426 204
443 35
205 488
342 152
332 407
225 197
315 152
489 380
355 156
416 203
188 171
463 98
367 52
121 363
425 16
25 421
179 313
165 274
435 102
79 173
375 450
39 328
240 99
305 60
247 493
270 471
345 76
469 343
306 239
422 0
189 390
72 43
275 103
308 473
351 224
243 168
14 416
293 192
61 315
385 389
148 262
378 334
432 237
359 261
142 199
391 489
45 407
303 393
397 486
199 76
315 500
38 490
283 279
66 108
314 130
151 439
348 86
124 461
426 25
164 57
272 133
83 249
255 91
153 392
137 82
182 330
402 152
83 176
121 64
115 114
28 55
235 200
294 134
197 59
395 24
285 47
369 155
443 176
22 436
412 399
291 391
107 374
176 260
441 137
163 317
469 407
272 55
72 384
382 173
363 487
454 38
48 449
385 51
150 206
190 112
32 91
165 231
182 145
127 463
235 444
230 466
117 454
417 23
339 375
454 210
299 379
279 456
217 448
157 83
306 135
376 266
138 218
151 340
234 340
143 40
376 339
358 266
218 404
156 102
360 439
475 485
346 264
77 79
79 166
59 16
449 286
361 495
190 5
389 371
276 251
397 30
128 454
305 152
226 72
357 199
318 38
67 79
176 308
24 108
192 232
183 392
60 419
369 375
361 146
22 294
285 247
378 128
455 384
71 23
169 421
37 357
46 313
487 170
248 330
449 147
25 442
274 190
395 157
420 414
168 249
408 10
297 58
398 132
227 463
372 341
354 20
489 383
130 328
233 156
42 428
352 188
443 204
95 87
166 314
415 472
47 286
78 333
224 13
461 455
38 32
492 210
292 207
469 68
310 156
495 145
41 28
167 229
32 313
68 274
225 322
205 70
410 347
291 62
182 409
359 487
166 76
254 210
260 353
323 219
372 177
482 80
339 296
108 58
417 238
129 438
47 185
252 120
54 378
457 5
92 310
473 191
474 34
48 136
108 190
490 56
245 34
443 307
340 233
73 12
276 211
35 424
33 432
300 207
91 31
253 478
289 342
450 180
437 220
435 317
175 150
479 80
271 374
403 74
207 467
492 169
3 347
218 172
425 395
210 106
51 116
335 11
311 182
116 322
453 286
285 246
2 198
184 403
169 440
233 212
316 437
302 431
20 98
345 476
396 101
120 1
332 260
159 30
222 11
147 208
85 341
145 58
277 248
76 35
262 216
352 116
470 73
337 112
303 258
214 173
135 358
208 82
249 243
256 99
470 302
100 454
157 15
172 420
477 489
155 218
411 315
62 445
282 154
419 189
452 481
25 78
226 473
332 470
187 168
392 495
162 171
34 414
188 246
278 244
346 498
326 209
482 356
35 27
259 249
153 250
216 147
345 219
360 259
423 362
125 374
306 54
60 499
274 269
397 466
82 467
85 14
58 427
234 440
34 393
426 261
371 258
455 426
325 299
380 394
210 320
255 429
110 36
439 239
113 80
354 162
359 31
362 484
154 480
106 265
320 132
205 152
269 14
408 467
253 221
284 2
176 429
230 475
497 157
213 20
210 160
88 233
279 4
35 43
408 169
156 318
468 361
456 429
47 399
79 325
184 245
225 243
407 155
72 337
249 70
146 244
129 243
456 227
67 60
288 263
414 246
476 381
142 374
94 434
413 451
431 52
372 223
133 383
443 475
52 470
482 102
244 284
276 308
94 418
67 127
250 197
232 139
451 356
428 399
326 424
151 211
485 320
148 486
404 14
71 6
173 150
109 204
331 292
14 256
48 433
312 5
275 242
351 399
335 324
215 421
482 481
15 88
124 282
85 184
442 220
44 318
447 162
47 214
351 29
229 64
201 65
377 160
123 144
373 158
80 209
394 238
382 285
270 38
447 484
76 40
103 36
320 419
118 188
186 343
362 255
115 177
378 95
35 105
211 226
292 429
252 93
71 339
438 9
297 432
319 261
435 14
314 340
357 168
105 174
211 446
367 249
492 119
27 42
201 496
498 357
314 366
399 242
173 102
235 237
212 272
325 107
189 228
235 377
215 434
251 241
119 310
173 105
232 348
250 123
48 475
16 120
305 24
66 90
60 96
241 329
494 408
363 14
312 122
437 406
148 27
272 479
4 300
202 133
219 189
329 434
173 99
385 181
392 477
387 220
324 444
402 114
278 253
191 214
29 70
84 285
419 399
343 109
328 487
386 217
251 41
351 354
253 150
131 286
244 84
485 129
49 189
382 119
314 268
47 314
65 356
246 255
366 3
152 357
108 108
467 330
410 422
50 197
485 441
198 346
205 399
274 363
252 406
283 86
312 73
425 320
107 434
43 287
312 410
327 90
161 207
348 364
63 31
93 206
284 27
256 77
239 499
233 131
181 112
2 258
353 408
71 362
412 123
113 322
186 412
142 321
422 184
100 219
3 16
380 111
212 131
441 499
361 146
473 297
23 402
193 387
51 249
462 128
109 365
385 146
441 336
237 126
259 298
276 48
480 0
2 498
69 329
15 499
31 308
119 22
388 305
29 197
414 473
464 391
37 499
118 470
249 10
252 342
371 136
146 367
329 208
173 380
383 22
38 84
286 453
253 401
310 416
58 108
184 40
316 456
488 68
23 86
476 124
428 497
369 69
8 225
402 80
223 155
416 134
229 395
304 0
110 340
157 446
114 101
183 227
130 383
124 33
392 429
343 108
476 198
370 268
396 24
294 396
417 28
393 178
317 268
91 193
425 408
170 47
269 38
10 399
200 170
28 412
137 14
454 378
98 210
102 246
481 485
187 92
424 238
233 241
177 384
180 159
313 172
55 372
240 364
129 387
363 165
260 271
274 473
125 202
239 30
62 40
239 172
90 52
371 193
299 26
456 272
333 387
452 421
182 224
284 277
73 348
419 310
53 200
459 131
326 396
496 171
270 462
128 287
107 137
290 258
180 431
496 260
174 419
231 392
418 271
231 429
107 56
120 104
272 404
113 303
29 148
19 474
390 42
265 484
315 164
224 62
132 260
272 468
378 109
217 133
456 196
490 7
127 119
105 366
161 149
379 226
109 37
170 208
318 299
362 176
393 85
84 371
358 67
329 176
239 65
348 483
242 139
181 320
46 183
451 435
101 369
132 30
458 128
40 48
392 310
427 307
396 38
64 91
381 267
318 239
387 448
480 74
17 486
446 361
230 250
40 479
191 170
377 288
284 367
461 153
450 228
216 414
269 424
428 53
134 479
196 243
268 242
163 274
206 18
377 164
381 414
243 482
210 49
459 236
101 276
243 13
460 62
153 476
335 42
292 372
371 348
159 196
239 451
357 475
281 123
175 243
351 192
10 456
47 107
185 479
114 462
421 360
377 23
421 27
68 317
365 417
274 2
353 439
489 153
298 486
22 301
370 391
343 492
185 359
110 252
489 23
368 304
492 428
456 447
13 248
402 188
453 34
392 169
24 500
237 461
90 370
40 358
100 334
487 377
206 348
499 148
331 357
16 308
168 251
100 423
23 176
222 50
128 192
188 373
229 399
130 400
310 199
31 456
321 291
59 376
206 422
373 176
12 391
1 408
246 151
487 7
400 106
119 305
412 36
86 447
26 15
420 375
228 0
106 291
494 405
476 175
485 182
202 403
47 271
493 404
185 142
261 353
14 255
422 479
382 331
366 279
431 493
492 491
199 272
88 487
273 451
448 201
36 467
98 309
91 185
225 36
389 71
239 394
452 48
98 99
59 363
12 439
405 497
31 282
245 440
430 226
241 253
473 36
81 242
157 357
59 185
281 172
427 389
373 178
235 97
443 155
401 215
62 329
66 144
368 178
429 405
122 451
300 499
18 451
63 180
484 404
144 219
76 284
193 447
14 488
269 130
468 230
237 174
408 114
58 182
377 219
132 163
271 427
473 254
453 375
191 132
99 199
495 314
249 176
404 330
397 314
177 312
34 354
228 472
90 480
51 462
9 495
447 117
448 301
499 445
427 82
57 149
323 156
99 254
149 427
325 114
275 101
443 211
58 276
474 18
424 446
92 157
433 308
282 64
331 308
129 4
144 133
375 22
276 446
276 182
6 396
26 22
397 42
493 436
352 66
31 109
87 292
447 192
317 194
375 205
480 500
227 185
260 57
499 373
206 68
149 16
206 445
445 469
341 171
9 329
53 257
121 373
250 340
266 51
19 85
316 201
440 366
51 54
285 117
87 185
210 212
448 131
206 249
411 61
95 341
231 400
349 414
126 270
157 133
109 383
72 252
29 465
351 29
385 136
204 68
490 0
20 69
77 318
425 179
56 27
105 387
9 311
82 328
319 440
499 357
429 244
449 10
69 8
315 366
75 317
425 271
65 58
107 413
397 166
270 466
172 482
39 248
319 465
91 1
233 475
95 76
323 61
58 74
214 57
483 250
103 397
10 427
224 480
378 367
328 235
476 299
385 282
455 280
246 408
360 256
490 406
157 256
50 474
420 163
165 117
398 104
13 476
30 271
422 140
114 200
323 13
332 128
239 223
83 81
127 273
206 376
335 355
330 334
409 289
15 220
414 7
233 57
127 60
437 73
439 102
289 160
314 0
439 442
420 476
146 116
209 107
480 455
174 412
122 213
32 121
337 403
248 333
439 145
246 166
157 62
279 366
150 66
177 409
226 115
461 158
421 331
190 318
46 476
213 455
93 459
500 237
363 50
156 181
354 127
384 445
5 183
440 193
200 352
306 163
345 225
50 210
89 311
302 474
344 491
426 192
329 405
146 447
108 145
286 114
489 43
480 348
233 160
51 323
117 60
90 441
270 391
431 78
443 402
199 465
399 6
393 397
65 178
401 151
469 185
409 215
462 197
480 350
268 317
5 188
130 398
63 214
146 169
258 225
492 454
189 299
34 380
217 170
237 35
150 328
170 427
114 495
160 66
401 198
165 456
244 234
275 71
393 491
310 50
127 427
182 59
48 315
498 460
10 263
194 344
50 108
292 354
491 165
142 299
53 243
269 477
355 484
462 434
5 289
349 218
420 465
20 385
411 486
39 247
23 244
93 435
239 153
371 293
172 57
167 14
302 109
38 92
147 43
51 326
459 65
405 99
389 2
212 449
320 175
192 384
185 198
320 11
205 271
31 449
25 283
193 473
326 236
145 365
11 22
42 46
292 6
38 390
389 96
115 486
178 239
8 324
309 285
374 321
276 107
112 342
500 121
361 124
470 73
116 360
223 178
286 463
3 154
35 77
424 370
33 109
132 101
408 399
27 144
134 449
39 491
32 359
98 304
263 253
491 83
31 430
25 332
168 494
164 245
196 441
489 264
224 442
355 353
415 362
186 85
223 454
304 431
428 303
261 455
475 424
471 353
114 57
176 94
182 171
411 234
291 160
306 203
381 301
191 225
414 208
150 283
138 483
83 47
48 194
395 384
440 107
126 184
484 86
232 61
468 397
248 451
11 206
450 86
469 333
48 7
29 421
461 410
207 345
114 493
281 4
374 258
38 322
284 455
377 284
26 57
329 357
491 265
144 487
419 127
446 174
6 449
11 104
135 157
137 222
142 378
487 271
394 347
478 45
322 121
199 127
26 101
69 66
215 83
197 310
91 221
241 21
419 123
332 423
349 448
31 474
50 220
356 248
320 327
184 131
287 270
234 378
413 81
362 190
95 201
475 8
9 205
431 477
80 29
480 7
325 310
89 54
264 153
343 131
176 453
54 374
88 395
31 253
448 71
90 389
242 364
52 224
60 308
201 331
404 60
388 122
74 136
384 173
190 405
370 283
315 456
485 225
430 100
398 74
167 286
240 314
11 445
250 333
447 366
142 11
345 248
176 321
446 253
145 98
393 464
378 87
88 181
231 493
462 80
374 126
147 17
314 95
238 495
492 472
183 326
337 140
364 89
414 49
283 404
66 486
296 181
54 361
449 417
393 415
275 321
251 104
265 377
278 299
151 32
76 3
240 407
431 104
111 150
194 372
349 338
234 297
129 366
80 436
48 161
91 246
159 40
426 131
373 266
257 267
440 400
466 484
296 210
46 303
390 190
494 396
298 296
160 138
3 133
396 43
255 382
247 387
488 309
471 219
430 268
315 336
91 459
396 204
255 84
274 345
84 79
158 61
166 230
324 340
168 428
473 65
422 257
152 380
421 160
311 368
310 451
149 409
479 387
165 427
61 236
83 61
186 130
370 9
425 211
114 15
391 327
282 346
485 211
34 207
138 21
329 224
169 192
445 68
385 218
479 155
379 473
279 163
294 500
403 213
37 1
329 492
465 141
261 14
456 472
377 53
78 416
411 477
290 35
342 165
393 135
227 223
164 100
263 84
209 428
488 222
494 345
43 99
188 331
104 355
262 448
328 155
408 375
283 237
115 410
243 338
180 308
127 297
115 427
166 463
293 182
68 214
173 235
96 427
320 56
116 39
399 148
171 480
335 85
427 256
305 238
373 294
282 10
202 269
246 107
467 156
65 188
457 452
253 98
60 215
454 224
389 12
291 265
59 319
161 286
415 43
97 86
35 66
345 311
195 479
364 473
393 341
350 112
474 311
332 374
338 435
456 185
249 471
134 20
466 9
334 441
165 466
299 206
311 249
84 47
453 421
478 384
114 243
120 286
38 418
25 118
34 27
97 186
430 436
411 68
141 193
18 228
301 368
361 426
305 81
189 355
385 477
227 472
54 170
62 495
2 342
475 448
331 117
360 100
58 222
67 38
242 492
395 333
41 372
106 61
482 171
87 125
0 451
115 233
315 440
305 79
274 154
8 258
448 195
201 182
115 188
461 188
424 279
479 460
253 376
346 90
490 217
69 268
221 34
75 69
236 415
85 253
333 87
55 84
197 251
371 327
465 105
422 391
123 449
145 470
47 50
88 157
114 279
345 11
140 236
93 214
358 146
490 161
148 458
163 285
480 249
431 379
438 48
496 175
140 138
322 378
193 346
3 125
147 403
64 369
126 182
75 359
95 362
206 2
67 468
303 415
86 304
118 94
266 487
157 42
163 391
452 67
83 493
406 25
442 94
179 490
34 182
244 264
285 475
13 165
40 253
213 290
20 156
317 80
460 140
6 215
346 377
243 483
192 280
55 415
278 222
337 247
460 236
146 253
118 135
407 204
290 487
218 311
370 142
220 265
321 59
417 433
440 316
101 491
450 209
347 215
394 422
467 132
25 353
305 402
68 46
399 447
43 462
369 300
388 475
391 10
455 94
34 384
412 445
439 293
497 444
434 66
496 302
287 308
74 154
246 176
72 336
38 421
330 246
257 339
68 23
20 441
6 30
286 300
40 26
272 139
429 96
405 324
259 302
230 448
398 349
208 234
275 494
19 244
23 73
493 398
363 31
173 184
141 289
341 228
73 377
154 182
380 405
170 341
341 271
386 178
406 437
194 340
23 163
492 374
386 136
269 436
327 277
165 119
124 80
320 59
6 48
69 143
499 20
224 350
415 256
172 245
104 39
412 139
421 425
204 415
328 315
125 197
60 420
231 483
341 169
294 94
402 30
76 296
38 110
140 412
213 180
290 130
83 404
198 163
157 106
469 482
141 440
174 73
416 35
150 419
184 258
457 318
139 233
12 42
225 479
440 358
316 464
204 381
454 413
119 451
500 274
276 77
34 12
42 63
272 313
174 192
263 182
402 190
206 295
471 371
27 76
265 316
185 395
354 97
306 172
363 454
233 118
172 398
468 404
124 402
60 286
293 385
114 135
50 88
220 112
39 364
308 378
68 394
176 178
211 88
115 182
80 412
335 280
175 135
293 293
379 334
182 462
345 268
282 44
85 20
88 323
420 407
145 107
210 174
10 354
252 473
95 489
31 86
14 39
372 60
139 255
301 59
375 41
414 385
253 261
6 477
27 291
236 2
253 44
337 486
36 191
465 360
146 443
64 415
456 58
371 78
371 32
411 446
368 337
98 397
433 415
390 363
326 127
299 227
209 91
368 121
492 242
216 54
180 477
54 470
21 399
85 331
207 163
167 229
111 67
180 263
279 212
131 39
1 403
423 469
458 171
100 193
390 221
239 442
110 346
355 144
351 11
87 288
440 338
76 66
23 261
126 233
429 42
263 208
284 351
280 360
352 65
124 25
142 484
415 355
389 35
470 78
467 283
415 116
362 427
304 479
426 91
278 347
309 101
156 191
347 331
10 352
226 347
171 314
386 452
219 103
385 115
332 161
447 236
51 475
88 378
422 59
368 341
334 266
436 218
424 121
483 195
43 310
404 456
24 206
413 50
37 141
11 99
411 164
33 244
445 223
28 395
485 229
42 464
71 241
306 8
152 311
324 243
298 86
73 95
219 29
22 39
2 132
49 456
287 443
94 446
439 345
234 448
442 75
440 390
392 384
224 315
337 339
465 214
57 65
105 124
128 463
249 48
32 120
208 340
63 136
468 33
488 53
15 486
152 51
498 314
179 139
429 281
241 343
0 381
249 166
372 302
453 299
424 91
21 498
366 290
291 201
297 266
241 40
358 483
469 207
380 331
14 82
219 160
199 154
225 489
438 303
344 18
120 190
454 496
347 237
425 132
154 402
331 241
183 44
493 213
127 112
179 232
402 27
336 421
14 254
387 10
468 255
225 278
258 161
463 75
257 245
436 11
251 153
467 18
330 473
440 102
232 235
321 254
27 456
395 280
430 378
500 282
352 409
289 468
161 65
333 494
190 75
471 256
292 180
292 391
252 344
277 229
182 486
196 422
400 401
34 248
429 142
234 89
218 336
145 342
312 245
280 366
214 450
444 470
375 383
277 244
193 147
430 477
453 123
173 222
444 329
7 119
385 95
253 144
39 361
245 403
182 94
474 365
29 182
404 206
32 467
158 118
109 498
125 138
267 479
479 409
265 311
214 130
315 25
337 75
403 199
404 320
81 175
92 471
76 466
52 399
326 172
348 459
423 267
107 306
315 378
140 211
449 35
131 305
374 474
189 183
273 466
371 365
356 430
286 274
57 323
206 335
360 126
500 262
340 322
498 448
34 30
398 454
244 150
36 101
245 429
225 121
221 293
175 220
68 139
81 7
342 455
31 483
251 260
266 492
63 224
185 94
151 240
172 159
422 400
486 17
190 32
321 353
69 298
16 160
45 338
313 221
77 139
126 481
146 282
338 101
454 259
427 275
137 177
260 109
475 450
292 379
359 276
480 214
454 472
85 43
91 251
1 469
24 459
245 96
486 57
472 434
237 223
114 499
449 266
204 321
101 281
149 27
286 235
410 345
145 16
251 402
131 385
109 389
380 458
125 74
436 22
387 7
391 135
38 398
120 123
218 113
82 87
121 435
484 56
381 74
343 434
456 161
482 48
120 194
187 160
201 144
318 206
333 349
207 375
189 3
27 73
147 408
262 123
251 121
402 9
80 344
266 394
360 269
487 174
342 194
212 117
171 241
110 60
313 314
184 59
283 27
99 396
446 346
309 40
25 447
251 11
385 458
132 297
397 427
402 267
373 109
63 319
76 16
126 63
151 159
59 460
298 500
361 251
463 320
111 466
152 391
497 209
434 453
332 59
490 330
278 42
278 258
346 123
199 63
33 351
101 435
404 300
73 243
175 245
167 131
347 112
52 300
189 136
345 484
151 437
198 147
13 89
417 396
136 433
207 303
427 327
76 263
161 458
14 139
130 342
173 165
455 391
65 209
220 216
138 432
218 307
152 265
307 441
210 339
63 263
123 112
134 258
295 338
425 427
170 434
109 364
305 243
97 299
239 239
117 401
32 323
141 402
259 341
196 196
406 332
120 414
16 375
222 323
448 291
10 387
135 271
131 1
56 25
147 408
100 494
56 232
268 396
247 138
362 42
469 396
470 488
474 35
118 286
0 414
264 198
375 461
242 101
63 104
147 245
495 177
431 336
178 259
200 336
288 97
54 453
405 105
125 70
318 139
234 281
130 56
75 496
165 36
116 452
127 212
347 414
206 415
137 85
68 477
52 81
139 103
357 121
304 379
131 260
27 37
215 400
138 317
130 75
4 225
312 130
68 215
260 398
383 422
291 80
231 405
97 401
290 8
139 54
307 66
103 191
322 449
198 163
137 448
397 237
310 342
447 460
11 230
230 487
63 203
96 207
296 84
204 213
481 441
304 26
218 192
20 88
340 37
408 97
44 49
32 191
163 494
313 379
235 3
87 303
20 454
490 170
264 400
203 150
338 447
428 24
109 102
458 213
377 267
223 160
8 271
287 460
121 418
274 53
337 456
39 65
187 63
319 71
135 277
393 94
11 120
391 208
243 211
372 258
172 425
401 161
343 430
365 24
433 188
39 194
174 138
329 108
49 351
44 327
367 200
19 373
224 38
497 299
40 97
169 196
151 310
164 319
345 69
301 104
256 159
100 344
167 89
142 219
262 447
389 112
347 164
47 215
338 315
132 423
300 96
399 146
153 217
34 99
267 122
277 155
287 183
397 6
328 405
71 67
464 55
174 466
153 342
481 107
336 27
352 152
499 102
449 12
353 401
121 44
231 365
472 384
215 3
306 189
325 174
398 147
320 431
20 77
275 373
154 374
363 287
433 104
0 370
175 413
326 169
190 347
297 487
299 95
217 113
386 109
157 331
161 387
349 33
110 196
438 262
6 89
478 147
48 7
320 315
189 59
432 30
91 316
98 410
168 197
337 363
275 452
108 89
470 265
188 116
382 452
348 332
333 113
373 255
351 347
71 155
339 449
349 252
43 276
399 382
453 302
259 293
204 80
264 467
216 382
491 271
327 251
371 146
154 0
28 442
324 498
286 111
84 37
167 268
145 129
494 19
257 376
241 160
464 290
430 202
167 396
260 68
474 487
367 273
148 164
272 425
462 466
465 475
437 102
456 197
6 162
119 163
381 89
205 265
177 247
263 5
317 344
49 58
410 25
184 401
241 426
466 248
67 24
67 276
353 152
168 310
179 318
28 368
242 18
43 70
366 464
198 498
343 18
400 458
124 479
160 484
253 367
337 383
246 439
366 203
472 200
176 110
198 455
162 173
362 316
376 310
147 67
498 442
210 302
282 3
441 468
109 426
312 55
220 38
43 123
412 92
291 496
439 143
497 355
187 369
189 124
407 211
184 167
197 85
166 271
54 292
160 117
347 337
159 275
106 159
303 346
380 119
171 316
326 99
418 489
470 111
240 287
168 450
156 334
272 354
82 142
174 122
157 31
379 58
145 160
445 359
355 451
54 201
199 76
230 59
227 425
416 134
72 201
297 445
423 416
170 195
471 356
111 388
166 357
185 465
476 335
44 440
33 155
331 158
357 207
16 34
158 161
278 473
314 359
277 164
73 280
468 86
175 197
111 18
471 161
270 340
437 35
408 185
383 185
479 480
376 318
411 294
145 70
304 410
91 174
325 334
91 159
291 181
468 125
487 252
270 167
200 226
216 207
231 263
131 111
216 73
207 109
401 242
241 221
286 321
92 12
448 362
347 388
57 386
41 300
16 356
213 434
226 254
361 430
413 78
4 389
361 446
10 109
346 442
310 202
472 399
17 399
371 90
115 143
424 189
235 342
318 495
125 8
16 44
83 436
264 270
351 455
146 213
113 140
284 258
261 22
75 111
130 250
252 188
411 427
261 191
167 102
98 30
16 321
359 380
114 109
190 294
6 203
18 262
165 240
378 256
293 452
31 69
379 150
41 138
92 369
234 232
67 110
366 42
66 403
452 153
150 409
280 243
82 192
294 209
390 53
487 197
414 350
476 6
104 46
305 18
182 8
85 38
196 316
393 158
69 490
134 166
220 355
246 173
88 482
274 256
402 212
387 183
102 138
308 497
412 43
339 394
30 428
67 490
188 86
64 38
157 413
187 381
157 193
164 91
26 49
350 16
390 141
312 81
55 382
469 431
8 408
453 414
500 143
356 39
424 489
163 49
303 252
113 365
344 104
431 368
53 365
274 311
440 284
73 279
324 14
466 445
319 302
153 208
261 151
14 299
103 135
428 411
38 235
118 188
403 297
97 29
67 345
284 451
340 108
199 408
164 356
446 174
174 480
184 74
234 234
407 214
0 363
358 220
179 193
241 437
412 211
412 340
370 496
102 487
288 177
460 38
404 0
14 18
461 337
430 262
45 220
396 409
482 448
79 146
230 152
14 129
406 214
116 264
272 227
397 219
294 372
137 63
200 367
220 16
460 17
128 492
468 267
153 324
415 407
60 43
59 20
139 24
301 139
393 87
338 252
204 15
31 444
85 149
212 450
223 453
390 130
162 16
104 70
35 77
188 129
104 203
14 163
461 353
163 115
395 246
28 350
137 454
206 343
410 137
156 147
478 418
335 242
484 26
397 29
329 315
200 388
444 146
178 188
359 349
348 336
184 272
361 250
336 360
318 186
36 262
9 237
341 229
228 330
186 110
252 444
122 258
302 50
433 73
183 268
460 471
92 396
202 38
262 160
360 195
270 492
433 54
109 311
1 276
499 412
364 194
322 347
376 302
475 172
5 13
422 429
63 303
295 97
282 340
147 303
86 195
65 142
443 243
363 474
144 466
351 241
404 352
53 255
447 474
419 275
417 217
15 154
75 14
206 312
343 267
464 376
261 440
185 497
316 232
371 477
238 165
392 51
489 36
270 180
243 407
58 472
213 292
73 482
279 404
434 387
228 442
409 227
231 75
387 199
318 20
103 260
273 57
476 393
130 188
62 399
137 255
289 442
437 242
211 25
7 372
359 167
103 115
130 85
317 452
30 296
473 378
373 415
108 382
118 76
215 388
476 450
358 187
473 418
423 202
213 468
98 3
54 414
354 470
194 379
73 337
463 427
418 401
123 452
311 134
439 347
219 342
53 406
353 193
376 190
300 251
150 467
425 260
449 148
426 194
214 162
333 236
223 115
435 168
461 413
107 259
222 337
89 42
120 252
290 456
257 47
228 345
438 443
108 371
468 275
246 389
242 116
36 400
53 163
53 118
192 461
488 73
322 306
12 236
392 352
216 393
37 63
473 129
434 383
84 134
246 39
143 459
330 359
388 156
360 364
75 421
384 340
345 28
8 471
328 7
439 479
482 144
430 125
291 341
94 161
313 142
401 73
241 321
443 344
50 261
122 356
67 364
487 203
121 461
401 166
132 325
136 209
491 457
23 160
187 500
492 480
23 95
286 448
473 328
28 113
229 99
219 27
468 35
384 203
211 482
281 39
52 14
49 378
253 413
287 102
389 444
466 410
150 338
344 468
121 2
89 202
257 85
432 5
87 428
408 313
320 398
375 94
205 456
490 353
433 352
84 272
434 465
277 209
28 387
235 320
341 111
6 386
380 437
409 0
163 52
463 135
17 133
117 338
55 118
195 424
288 46
370 94
302 412
293 299
470 243
353 454
170 344
265 465
263 207
121 239
138 338
66 4
353 296
234 40
82 485
465 176
116 326
20 254
145 441
459 9
199 102
350 75
430 324
329 165
489 493
437 458
12 394
271 416
115 76
455 218
179 57
329 363
140 311
233 498
198 257
323 398
335 160
17 498
178 195
499 244
417 208
80 493
188 447
468 444
481 60
447 120
0 82
53 473
275 443
189 393
362 230
356 464
381 139
407 200
68 302
354 241
21 215
118 28
473 349
54 394
137 321
272 397
369 234
483 89
381 340
109 468
327 61
440 83
302 182
272 178
233 196
181 461
495 174
304 160
326 211
482 473
219 498
334 323
418 145
497 122
142 95
254 228
89 167
31 479
298 446
123 379
239 74
34 433
369 400
334 255
25 186
345 331
342 232
279 173
62 253
341 302
32 95
271 254
144 353
78 38
397 130
197 280
75 399
412 389
147 110
290 440
113 457
430 2
335 99
258 59
63 486
291 406
391 176
430 74
11 142
196 218
206 439
271 217
228 462
20 6
499 208
98 38
67 179
364 142
417 3
233 23
183 365
413 125
283 240
440 461
463 110
121 283
456 135
446 470
190 103
354 386
185 477
370 366
431 55
389 165
447 80
116 170
328 129
342 142
432 2
375 254
429 479
104 281
262 333
193 417
46 133
24 429
392 10
166 342
9 203
123 128
171 63
163 329
169 194
257 314
235 234
13 170
171 354
442 267
267 56
121 398
332 407
348 14
456 57
385 311
44 301
467 493
17 154
389 78
467 203
129 115
274 408
284 398
193 267
65 407
56 223
368 22
246 434
441 159
17 362
476 318
80 271
156 424
227 283
34 266
352 478
68 30
6 359
150 193
238 157
97 55
0 340
137 2
396 259
139 18
69 232
492 148
414 174
6 156
179 105
173 345
137 357
468 54
470 377
279 22
241 469
460 155
387 313
469 391
467 35
165 410
440 412
111 272
240 324
416 241
292 145
63 338
467 148
354 362
231 12
138 476
82 358
316 197
181 118
88 400
287 290
122 286
342 206
47 209
262 316
78 489
403 491
464 78
103 401
177 201
332 60
352 298
271 482
13 432
127 13
367 469
97 463
487 91
255 293
110 421
362 271
29 33
371 398
26 137
10 160
155 486
483 294
304 330
11 54
482 455
128 354
392 241
474 471
479 308
301 111
298 445
181 207
115 448
51 79
423 49
211 352
393 180
85 14
236 132
450 359
145 38
74 237
102 254
152 289
57 261
469 213
103 74
418 490
202 338
419 19
13 102
117 143
96 318
126 92
241 123
314 193
243 145
482 413
209 453
170 336
275 54
240 466
20 27
311 288
110 351
37 222
455 210
102 152
294 84
250 148
3 167
483 302
52 399
144 446
256 34
365 319
274 466
346 46
196 393
137 275
324 88
456 361
388 132
352 304
156 130
364 191
308 172
479 259
274 425
141 478
375 137
149 165
84 152
270 372
104 208
398 402
488 1
445 495
130 493
359 207
7 180
7 220
485 291
340 137
102 17
34 440
344 357
215 204
281 343
116 269
14 120
295 220
184 353
339 473
493 222
37 305
272 238
466 243
410 33
384 133
307 85
337 96
440 47
267 356
47 388
20 271
231 120
327 209
122 470
285 22
426 88
373 259
153 311
78 175
457 482
249 233
360 290
458 436
38 217
134 381
434 154
96 87
174 432
245 30
462 127
191 378
13 53
422 202
404 415
466 353
294 181
94 307
475 91
120 495
261 366
187 219
195 490
14 445
99 343
110 395
274 138
492 117
304 38
214 449
138 146
429 396
185 450
430 436
53 127
104 438
0 15
146 274
30 380
77 294
260 483
332 179
276 345
117 339
18 463
129 148
276 13
383 19
351 187
177 219
165 452
163 328
475 11
343 150
78 286
195 404
191 215
280 369
125 188
162 386
60 332
360 234
6 116
16 478
371 415
449 331
27 230
13 124
112 97
401 189
36 1
291 130
444 204
248 268
45 53
303 164
309 202
461 126
456 211
480 394
109 61
224 471
99 166
409 12
210 230
207 216
424 37
469 27
226 324
66 129
93 212
457 156
471 117
350 172
53 221
442 211
224 333
341 378
483 29
433 383
364 65
361 17
62 395
241 4
115 2
300 337
81 343
208 183
440 408
446 143
494 83
341 257
486 431
163 298
51 394
279 314
147 133
480 238
308 341
257 454
37 260
204 418
238 273
198 19
358 371
122 57
56 165
316 227
142 138
437 333
336 27
246 176
201 200
232 66
63 236
75 192
141 445
411 28
326 91
106 99
220 276
29 65
200 114
387 483
486 100
199 4
224 330
68 356
384 52
257 426
229 444
495 113
46 458
499 331
189 349
407 15
89 312
159 122
439 257
42 368
117 190
379 389
492 443
248 345
45 257
287 326
20 388
227 419
271 204
478 375
303 380
333 355
8 76
258 385
174 15
309 306
47 263
107 155
217 392
339 247
36 291
436 282
414 469
173 353
417 479
353 341
179 273
232 185
167 186
168 273
151 352
376 318
3 397
231 400
98 384
53 428
323 255
85 274
195 262
162 22
75 301
265 0
319 116
328 70
114 268
290 252
36 149
245 36
153 326
10 77
386 111
69 233
144 49
241 157
335 241
354 137
228 37
172 189
163 273
349 127
108 373
358 12
478 51
434 73
365 78
172 290
186 336
484 435
319 457
144 74
44 460
119 69
105 122
228 491
389 65
412 147
251 38
147 35
187 246
293 500
220 178
396 427
277 325
56 264
123 316
448 312
297 14
325 328
205 179
246 151
20 215
140 25
494 186
161 19
386 340
308 317
498 16
190 107
137 200
372 327
210 346
137 93
391 471
470 1
177 455
363 177
401 326
143 175
271 473
381 53
412 214
225 346
51 133
235 154
230 13
424 16
15 57
219 427
462 233
76 21
222 90
415 331
261 257
130 167
207 316
272 163
369 19
214 222
322 267
138 239
460 302
482 142
475 147
431 362
473 2
220 272
15 122
392 18
226 472
229 375
154 270
77 48
157 71
229 381
272 415
287 490
497 212
74 218
407 302
6 300
410 2
488 181
373 249
285 359
379 469
65 311
124 86
125 177
438 223
315 198
132 397
291 449
300 70
408 61
67 33
277 25
43 32
239 175
148 322
336 458
414 226
138 383
456 365
170 140
87 479
132 121
281 150
471 401
182 432
248 25
77 238
326 319
141 274
446 199
52 251
82 133
60 172
318 242
34 423
48 499
301 466
456 341
72 117
251 1
245 493
262 376
330 272
235 429
343 290
381 371
57 219
389 422
141 38
427 355
299 412
80 30
236 90
130 88
100 4
137 423
205 438
0 477
271 12
284 271
341 27
295 418
140 239
499 200
130 398
118 426
467 159
426 282
250 445
413 177
448 273
479 85
274 448
279 194
443 435
240 416
231 30
490 78
63 154
284 394
497 339
167 253
497 239
401 276
387 332
132 71
401 429
147 494
371 490
267 329
266 140
166 62
405 198
457 430
283 315
150 92
413 197
366 189
63 315
272 20
136 70
434 312
198 412
181 233
193 427
204 187
321 60
65 290
424 48
42 350
494 210
473 435
229 150
189 438
30 461
425 216
108 405
49 374
45 490
426 352
208 292
251 41
300 161
242 58
391 432
121 320
274 387
141 417
250 283
50 159
90 309
212 89
291 174
290 460
358 53
23 372
258 46
36 304
184 405
55 188
410 187
460 223
20 419
391 250
194 401
275 155
172 106
499 314
195 496
81 401
421 186
486 137
48 145
355 128
441 81
213 221
359 395
434 246
294 174
329 12
477 357
273 52
449 330
341 327
316 176
153 143
39 407
99 15
285 461
455 430
262 28
401 3
155 339
181 396
450 144
384 315
500 490
59 476
357 100
326 107
150 318
480 239
314 167
254 229
194 375
336 159
439 0
433 153
200 300
2 418
243 44
55 336
198 159
433 415
63 477
63 363
249 435
435 230
371 157
110 370
487 59
411 443
267 233
455 326
323 185
381 436
438 413
317 284
180 17
437 284
146 396
386 14
12 483
137 155
441 206
115 280
327 330
90 146
226 39
50 212
348 131
52 433
165 456
188 9
371 233
229 245
329 126
467 255
237 358
319 67
346 239
139 326
207 53
387 354
400 362
210 222
448 201
276 114
397 113
223 154
468 188
202 407
254 88
5 396
280 294
204 254
160 193
233 427
440 303
295 10
396 483
30 170
466 86
57 446
42 182
120 136
170 22
428 292
204 189
474 146
137 266
475 316
46 329
458 404
489 173
97 43
43 281
307 117
257 73
436 89
27 112
68 269
437 61
404 73
249 182
164 98
441 372
334 203
360 391
286 356
497 397
256 429
280 10
54 132
200 91
172 79
9 278
243 139
21 198
167 442
34 16
96 410
240 436
308 302
336 138
1 232
414 189
129 41
159 154
130 332
381 99
22 278
219 67
355 2
487 258
402 486
360 340
167 221
101 326
214 282
464 447
385 292
51 10
357 158
297 411
280 166
370 275
324 370
69 200
98 306
2 1
437 153
256 170
382 203
271 429
14 79
484 493
97 281
156 66
297 223
429 58
440 356
197 350
224 120
9 389
25 359
40 12
469 480
116 64
51 395
219 287
210 451
464 2
125 234
429 314
434 19
32 372
460 77
126 456
245 432
486 453
134 459
14 30
361 50
485 478
70 258
379 233
425 44
286 94
343 435
164 404
28 360
290 414
339 75
308 30
290 419
290 375
498 382
262 433
203 209
324 473
185 375
260 288
315 445
455 295
459 383
488 242
418 437
147 359
496 81
311 129
220 25
230 487
399 428
358 354
191 431
150 72
306 149
311 499
261 446
383 123
276 295
199 19
408 208
498 167
314 52
106 446
252 479
321 465
156 30
482 216
384 294
49 414
107 344
400 277
295 156
31 341
86 153
123 369
102 308
133 286
341 353
446 323
237 310
380 411
48 401
385 72
397 11
455 403
34 431
130 246
494 95
454 129
277 40
65 485
498 359
104 208
102 274
192 175
232 147
93 314
147 372
332 412
258 485
43 117
352 66
117 313
200 379
288 148
413 435
156 425
318 98
361 169
352 193
407 467
466 112
123 493
438 214
136 9
95 56
431 100
470 198
349 362
210 81
401 421
59 311
295 236
283 84
19 350
279 273
313 389
128 468
462 86
80 129
417 127
308 79
324 455
298 65
223 373
120 144
139 2
225 432
425 142
132 290
480 71
268 426
156 272
326 155
11 311
209 291
275 84
339 295
254 183
320 40
86 282
345 462
251 143
165 61
432 328
13 430
481 462
88 1
184 265
7 314
433 477
301 246
446 286
461 114
410 454
471 35
53 179
371 180
387 6
389 163
150 319
46 42
12 64
83 466
31 362
254 136
88 377
231 22
432 182
364 151
198 132
490 396
136 192
300 156
381 238
391 345
155 355
142 482
326 405
49 494
97 3
428 299
275 325
124 163
381 394
299 387
402 458
471 198
175 465
310 79
97 341
222 332
135 496
130 320
388 18
55 193
346 346
201 496
445 39
38 3
360 153
113 306
265 268
72 156
246 459
478 285
450 263
35 8
436 71
336 490
255 339
328 390
116 181
161 458
146 56
481 428
293 423
371 260
144 113
347 51
457 95
121 490
472 373
459 23
413 102
228 474
243 169
135 491
124 484
340 497
229 183
334 402
101 456
72 280
408 448
374 303
451 429
44 69
197 140
9 113
258 187
377 301
59 244
453 486
250 149
34 52
245 131
400 264
427 101
500 69
430 121
442 400
108 150
408 360
257 464
178 270
312 287
209 388
370 408
243 459
347 264
247 349
482 498
259 163
111 443
284 379
182 309
263 196
494 397
484 36
335 139
451 269
400 15
445 132
163 449
274 453
242 61
333 451
266 445
486 86
200 326
11 244
493 388
101 468
189 153
233 205
121 230
381 158
498 119
427 153
49 388
231 388
401 313
138 58
366 55
429 461
413 250
459 260
16 186
124 173
211 371
201 479
68 465
242 9
312 245
237 245
410 116
220 417
183 78
239 157
90 402
313 278
481 440
166 49
287 344
361 262
210 37
366 340
170 101
26 286
168 88
193 397
48 121
277 209
305 494
16 493
334 318
181 19
180 491
159 281
447 71
470 115
180 312
53 313
394 348
470 19
122 408
389 37
6 209
430 32
9 286
330 460
212 446
110 182
400 76
460 327
372 40
41 323
196 298
420 328
26 378
86 80
393 480
209 378
64 18
175 234
185 329
55 100
147 426
409 464
116 416
403 30
497 36
329 125
35 26
338 458
466 176
43 309
6 457
221 408
142 59
177 66
269 484
198 311
385 498
213 410
288 318
397 423
432 21
104 491
248 375
493 99
109 443
76 166
109 379
331 337
213 122
352 151
489 34
15 104
109 102
367 286
168 318
436 27
371 418
423 65
221 107
79 49
186 371
306 105
303 320
379 194
180 152
430 118
338 30
219 442
197 393
299 261
213 429
432 62
471 103
54 197
366 257
252 131
1 142
101 442
286 11
459 446
436 329
484 167
456 167
162 498
0 435
267 97
338 77
140 249
318 403
97 215
25 32
410 393
276 57
365 319
130 415
37 109
224 208
171 254
131 62
428 440
87 36
401 153
83 185
181 242
119 363
17 76
67 71
241 81
445 259
349 40
252 497
17 474
202 450
294 150
395 358
384 385
335 113
326 433
306 442
134 88
444 407
337 199
452 336
462 214
349 234
422 183
409 162
155 233
137 269
476 66
394 209
135 434
259 165
438 67
101 440
472 399
25 76
494 462
97 427
63 294
220 364
439 325
442 481
62 104
208 108
416 10
446 7
326 148
280 380
414 394
360 321
107 91
76 262
220 5
235 15
351 243
466 320
18 216
387 258
158 99
31 289
93 219
224 305
67 386
58 41
275 292
309 447
110 360
448 262
426 323
484 467
214 41
52 487
11 496
385 272
386 314
265 103
339 273
109 396
278 311
255 421
84 351
480 41
14 16
78 481
208 377
166 271
217 214
373 499
155 182
417 325
131 306
209 101
476 482
256 348
185 333
461 265
166 328
423 456
77 372
36 230
92 440
497 296
251 250
286 227
162 142
243 276
156 92
53 451
399 418
407 57
96 28
119 387
370 280
169 145
340 147
475 76
71 367
92 413
410 195
149 471
416 223
187 319
100 476
162 361
434 295
401 0
419 255
134 169
326 80
56 298
379 403
159 352
229 282
30 359
295 259
491 161
120 139
245 70
364 212
337 185
410 166
140 325
270 81
154 285
212 320
301 32
149 264
352 338
247 271
83 117
155 486
284 318
194 77
27 11
34 9
218 252
275 25
356 71
467 72
172 74
253 193
281 191
210 371
281 201
235 449
232 402
145 156
452 59
381 76
138 261
457 457
312 87
370 63
456 49
35 334
429 224
199 67
455 420
192 361
75 164
349 255
463 75
84 327
481 358
306 169
200 114
64 49
177 327
448 310
256 31
370 326
334 369
139 466
300 375
205 485
452 440
267 121
180 359
372 187
335 417
450 26
486 406
276 489
17 434
363 154
106 212
463 76
265 171
301 371
445 192
385 100
25 224
361 42
53 279
71 167
243 142
428 162
310 205
360 429
141 322
288 248
216 452
236 348
481 139
287 145
291 146
90 279
490 348
106 402
335 129
155 234
199 466
158 57
50 317
356 157
323 210
55 207
113 53
35 138
279 78
245 257
318 49
301 326
168 274
328 123
407 15
220 464
301 424
400 447
268 423
167 85
310 144
206 215
322 17
212 16
352 142
223 36
78 321
251 83
334 382
390 492
159 498
468 392
352 178
187 258
227 397
259 65
230 181
237 295
495 404
358 150
343 480
152 482
456 232
437 51
244 287
12 146
327 322
111 382
471 433
375 33
343 414
66 394
177 363
108 33
251 459
355 196
368 479
13 487
20 324
292 449
291 150
335 94
294 180
85 130
82 326
496 474
369 84
236 480
77 61
8 311
119 90
306 309
123 26
75 413
73 455
279 411
456 479
377 466
31 122
8 399
84 272
30 123
419 124
132 202
41 428
417 116
143 151
404 353
57 277
83 377
177 415
293 110
124 440
337 204
175 21
108 397
267 3
156 469
165 322
52 371
359 363
77 344
399 205
424 276
121 23
468 369
451 145
297 488
306 39
90 479
165 126
460 248
185 105
463 127
353 282
325 286
42 223
139 235
400 500
439 50
154 441
217 92
234 0
441 494
404 389
456 111
485 311
422 497
294 211
358 248
363 280
23 325
36 151
379 323
374 103
37 371
445 484
155 331
159 24
65 75
114 446
494 111
87 376
24 458
222 14
182 422
476 158
427 185
133 23
205 283
500 221
54 499
212 253
440 95
342 338
163 66
431 315
470 312
282 299
163 387
439 439
422 444
36 359
365 285
401 437
288 357
10 382
41 65
32 491
445 26
24 263
253 420
41 455
213 162
47 321
10 356
247 236
483 425
0 456
407 421
260 255
344 224
402 323
474 88
51 165
407 414
174 92
439 7
239 24
425 96
110 230
478 471
56 105
439 76
268 359
62 468
445 373
206 194
417 85
430 434
252 113
340 367
49 48
205 471
490 365
113 190
104 22
243 106
450 172
174 476
122 34
128 216
68 177
93 254
299 77
254 424
143 75
204 446
32 302
84 316
240 410
227 223
100 346
280 218
389 17
307 45
397 227
170 258
155 440
269 394
436 21
4 498
462 80
125 113
28 248
361 17
162 438
444 210
200 226
468 432
283 405
337 103
405 18
240 398
246 56
261 235
164 422
397 228
422 224
73 359
404 18
329 206
404 373
330 48
368 277
322 41
304 350
137 410
95 339
448 341
186 210
102 160
489 237
271 16
453 479
270 126
11 147
105 142
25 418
415 443
135 134
315 318
285 419
482 407
64 362
255 372
341 343
484 273
100 305
438 435
248 35
347 371
16 343
352 18
43 24
393 405
110 407
399 423
440 330
304 499
499 227
199 315
213 180
125 203
309 105
448 240
340 94
364 277
211 317
190 223
16 6
175 223
125 377
6 314
203 468
109 56
249 233
500 309
30 270
183 160
28 187
390 363
121 486
163 12
186 269
447 57
259 119
254 363
32 104
370 22
221 400
470 346
381 53
318 351
377 228
387 126
61 149
482 87
436 486
383 482
3 171
321 425
385 240
202 169
326 492
165 408
153 262
295 453
410 33
487 403
226 452
123 371
194 24
219 458
436 295
234 239
360 174
414 14
118 264
288 452
40 388
219 380
32 132
331 148
98 148
315 394
84 349
152 207
129 214
65 199
259 409
470 325
484 70
6 148
332 369
441 179
168 146
452 175
461 463
313 354
368 405
455 297
333 428
9 123
118 266
387 233
449 398
77 186
315 95
316 268
9 196
480 268
450 110
487 85
307 22
404 432
151 313
232 284
282 114
148 342
310 9
417 240
213 470
164 150
444 48
125 219
475 196
192 280
188 34
30 412
220 189
388 353
480 97
183 95
122 118
183 465
16 82
129 141
6 406
146 499
485 201
319 182
42 336
144 106
13 243
73 116
137 296
429 255
255 105
304 104
370 319
368 186
411 87
234 454
335 115
128 209
396 412
418 210
40 208
500 135
473 182
64 369
198 498
454 62
405 377
374 265
41 120
406 445
464 259
440 168
49 416
270 433
16 360
404 472
187 455
324 53
247 180
280 185
357 317
95 116
38 328
384 410
440 58
119 491
386 485
99 95
43 104
488 460
201 47
33 489
101 357
351 474
88 256
440 333
73 122
343 96
495 80
129 54
29 388
477 385
442 196
360 342
145 263
102 18
268 77
253 379
22 235
210 220
117 311
118 430
118 120
417 128
239 220
170 112
328 435
12 23
42 28
342 9
209 304
119 179
359 168
488 489
266 88
205 221
30 26
79 246
177 350
366 435
384 461
397 268
457 180
357 177
154 350
468 102
459 82
30 383
398 488
330 326
207 142
389 404
359 82
266 460
186 234
301 277
370 0
187 371
398 126
348 249
112 270
296 228
124 254
188 104
194 144
116 56
24 410
287 480
459 35
435 455
327 18
400 164
300 161
338 346
296 455
207 472
454 160
106 428
191 341
6 360
231 152
359 139
484 93
71 179
109 290
35 211
350 267
52 471
96 15
229 155
119 478
396 368
400 187
228 319
3 436
365 456
390 375
463 17
180 44
270 346
228 88
11 192
476 467
97 271
234 23
489 441
315 235
471 265
72 367
386 101
56 109
62 165
132 492
191 225
75 22
16 220
189 64
60 403
53 298
149 57
327 311
170 263
279 18
369 357
41 195
80 407
482 3
180 192
9 143
180 444
400 293
179 220
214 203
203 135
320 426
188 261
493 327
154 442
297 197
389 31
267 228
154 5
124 61
454 71
131 313
395 408
15 185
412 177
216 265
462 416
236 178
361 324
204 104
22 164
456 69
469 4
496 221
228 261
118 102
241 25
441 296
391 90
337 311
376 500
17 342
483 326
413 48
91 38
298 108
31 18
54 143
89 17
192 413
446 418
419 87
275 100
477 119
246 123
101 206
269 98
399 500
185 338
490 362
121 326
287 352
455 123
356 309
228 193
470 186
19 160
284 157
186 120
409 309
83 33
259 226
242 259
14 492
332 327
177 76
48 168
256 412
90 340
456 387
491 488
83 217
416 353
149 159
63 146
155 20
64 371
6 58
124 328
217 7
356 240
133 125
488 350
11 478
310 461
292 54
452 149
476 115
475 240
396 19
78 432
265 258
225 418
424 385
358 147
137 320
283 182
68 25
410 205
33 50
116 126
228 343
435 484
375 43
95 423
115 485
475 258
126 445
235 21
419 485
374 314
447 268
302 396
88 295
284 282
19 378
171 30
486 275
427 96
237 221
152 459
406 349
398 341
277 487
312 60
432 91
275 392
34 104
33 194
200 334
42 117
114 8
239 80
367 354
370 2
490 498
295 134
168 240
178 15
346 284
334 401
73 407
283 447
492 269
279 341
477 196
314 429
102 85
202 90
295 180
469 203
72 221
403 347
433 237
232 32
123 307
337 147
391 472
120 357
373 17
201 315
151 231
190 28
278 166
157 266
57 363
398 105
320 68
150 120
349 497
167 426
209 213
18 392
400 72
172 277
81 25
268 32
432 474
441 39
437 420
403 475
295 319
138 138
161 494
150 466
413 284
370 450
42 4
330 262
304 209
8 277
487 231
421 283
17 191
179 398
486 358
390 132
144 477
395 418
110 59
399 434
283 450
201 194
177 210
310 168
186 419
170 335
44 392
225 52
438 125
322 108
1 39
389 469
4 334
322 262
208 62
458 384
42 345
350 251
214 43
235 3
264 139
391 125
126 328
8 284
185 442
484 298
440 250
117 169
488 313
195 430
259 276
327 302
127 413
408 315
388 36
192 132
73 429
106 123
329 477
498 485
154 401
127 345
448 287
440 323
396 77
7 324
238 379
281 469
0 302
211 314
223 481
42 150
219 213
146 7
290 53
23 289
232 293
478 304
400 90
141 485
123 260
167 168
427 394
395 492
46 22
139 177
238 500
363 440
8 272
97 263
483 205
387 32
459 249
451 226
93 195
449 47
422 416
136 147
114 444
3 340
58 417
227 463
407 193
390 68
283 65
424 279
484 85
192 398
148 170
457 338
27 480
4 316
381 352
258 171
190 434
290 433
197 113
324 43
327 341
247 238
214 295
442 191
15 415
379 95
280 242
55 149
389 127
432 440
74 356
14 158
34 318
247 32
331 256
436 57
228 43
88 115
324 40
56 153
173 217
119 179
148 392
355 484
467 427
451 373
240 173
215 179
299 256
462 449
410 317
219 447
135 85
128 448
257 314
440 183
7 461
356 442
203 74
316 364
236 273
2 294
345 397
273 312
101 256
482 468
56 138
21 437
500 473
24 329
377 366
24 448
303 22
308 457
281 268
444 247
326 58
260 406
170 122
333 87
447 346
46 114
299 459
192 412
72 0
140 382
140 234
465 165
79 314
43 92
56 476
332 328
427 202
433 425
390 193
254 348
112 86
261 12
497 189
210 255
271 340
418 303
152 154
314 392
170 451
316 130
76 146
323 231
423 236
163 38
455 500
233 273
34 212
162 419
25 358
219 188
467 82
463 456
370 480
196 175
471 66
181 190
478 227
128 201
5 331
456 378
247 156
187 497
157 445
26 171
307 33
259 14
246 336
323 260
457 177
87 105
318 321
292 372
146 148
55 351
424 34
142 266
290 2
265 187
220 333
308 23
3 108
57 444
500 343
407 410
214 312
171 263
447 386
49 98
332 325
215 319
140 84
299 494
105 42
461 387
71 475
92 148
395 422
177 379
365 271
319 179
402 174
3 232
303 72
348 185
155 367
308 311
280 195
95 214
108 440
83 492
286 350
81 363
299 183
277 25
136 93
462 467
78 41
439 460
61 449
408 18
118 361
33 383
23 57
350 244
357 27
489 346
215 388
345 47
226 481
90 234
64 427
258 262
13 313
135 470
203 170
106 417
216 220
121 204
1 198
139 135
145 304
138 343
292 495
283 50
467 327
39 311
19 176
359 305
123 420
428 255
329 473
130 423
457 203
280 466
34 114
488 187
419 33
257 43
487 95
250 270
403 130
43 376
268 248
93 352
35 395
75 378
382 89
202 117
328 313
121 424
312 291
383 443
481 266
146 30
6 298
142 337
264 228
318 184
91 211
288 265
377 403
491 284
1 194
419 4
107 490
14 225
500 69
214 433
135 429
398 64
404 399
153 253
370 365
328 230
342 73
410 317
90 373
458 48
481 412
275 415
129 184
433 194
247 183
118 303
129 150
148 340
353 62
365 494
126 357
50 390
40 159
345 53
294 470
190 116
102 308
167 481
171 117
107 153
120 274
433 475
412 183
400 114
74 285
121 209
297 355
139 79
246 288
217 37
406 167
213 5
208 255
279 263
91 306
108 106
219 272
436 418
38 167
55 92
78 156
265 106
431 296
142 476
243 149
351 104
77 42
478 165
108 487
494 281
483 67
51 195
108 331
386 433
436 357
375 196
273 499
442 261
92 138
134 39
192 222
114 372
303 163
345 361
281 401
25 422
191 73
80 215
430 162
482 34
436 368
341 219
83 95
328 337
419 257
369 398
277 220
393 118
1 56
146 237
171 7
113 487
66 76
234 350
164 18
198 317
332 54
235 102
454 373
221 181
186 435
290 317
40 296
190 489
191 376
30 189
382 80
175 388
281 416
438 257
292 390
115 338
249 98
234 164
397 174
124 473
140 46
372 237
223 93
347 360
313 106
266 286
131 198
20 11
225 294
253 236
256 214
371 438
406 475
197 273
60 268
289 29
182 34
97 12
451 461
8 141
183 224
472 17
345 319
34 334
430 291
19 273
95 70
234 228
156 308
399 95
22 210
92 263
473 290
390 45
485 496
459 80
41 155
341 30
144 131
358 111
493 249
34 327
267 490
130 104
337 303
147 340
385 291
60 259
177 45
7 371
15 184
351 76
236 420
187 423
378 35
247 288
171 341
235 460
257 351
93 164
497 221
163 182
247 275
102 377
244 54
154 10
281 151
231 362
56 306
414 21
407 226
498 419
43 120
193 228
154 216
117 404
18 182
203 143
162 63
201 22
226 347
405 50
394 68
438 427
443 456
419 148
251 379
199 321
347 429
164 79
251 202
37 306
210 203
243 437
185 251
433 100
494 265
309 377
336 165
174 466
133 490
271 38
216 75
82 387
329 456
467 42
222 174
244 266
457 452
46 351
10 43
389 181
334 177
196 69
95 386
1 435
29 372
169 362
152 103
240 174
42 376
42 86
291 480
225 244
266 437
428 377
431 201
14 441
123 332
250 303
282 102
102 302
26 344
74 29
393 158
135 99
385 274
196 297
56 146
70 38
429 490
82 2
448 310
255 280
130 223
382 260
46 184
456 242
473 328
72 408
73 21
372 247
402 36
61 458
50 128
414 139
478 457
278 376
10 37
156 489
47 274
92 167
16 441
265 330
120 439
77 91
357 343
335 341
452 185
103 120
53 123
274 253
142 439
313 19
423 306
107 380
185 369
204 43
75 206
172 367
372 378
175 269
138 129
459 186
154 332
436 335
169 458
407 224
210 60
294 25
478 40
411 381
96 270
178 248
374 120
489 446
117 84
71 210
242 242
486 435
4 31
225 352
270 399
195 385
174 213
5 287
374 325
422 486
320 466
208 183
472 454
337 440
96 155
179 122
255 168
204 215
363 419
411 448
447 157
61 266
51 344
290 55
384 213
1 492
490 498
468 151
246 350
323 82
394 220
23 206
283 269
494 43
399 147
115 77
33 245
147 107
171 255
403 359
462 479
420 490
488 431
121 439
322 101
400 162
43 316
95 106
93 270
203 335
21 456
373 419
32 134
264 67
92 478
110 104
12 245
93 79
146 305
490 366
366 367
403 61
353 323
296 239
31 169
124 100
328 65
291 279
158 275
66 311
162 389
355 302
211 385
437 170
79 411
245 391
380 435
499 428
380 220
369 495
301 130
339 315
270 337
155 16
455 366
217 276
333 229
405 2
368 90
382 59
119 352
32 448
72 181
53 35
77 306
6 69
232 434
442 411
147 163
489 122
140 266
43 4
95 125
130 452
374 335
312 458
362 377
476 410
23 409
357 497
373 117
341 250
87 316
299 31
400 264
227 382
398 309
355 75
310 49
189 320
198 422
220 432
464 426
148 148
316 184
202 483
417 344
25 189
155 292
49 462
111 164
134 151
246 50
110 258
249 273
306 58
200 256
84 411
260 499
402 39
407 192
492 23
371 48
465 216
354 9
420 130
407 479
407 14
203 90
365 12
314 76
449 68
439 273
19 203
116 265
155 205
430 34
201 131
12 341
159 1
294 260
95 103
290 389
142 127
483 206
428 421
210 422
44 310
440 80
29 387
123 493
71 298
222 229
276 68
496 305
387 35
5 177
146 451
373 144
458 410
94 387
433 259
436 271
33 91
14 19
159 199
379 144
76 245
203 190
472 85
224 477
29 359
423 465
418 495
401 403
7 446
380 59
205 417
116 130
278 110
15 100
323 382
56 123
99 474
391 467
230 392
291 489
392 208
187 132
313 282
441 487
420 31
58 427
181 87
87 286
424 287
233 289
259 345
185 236
210 488
432 397
332 74
254 98
133 206
135 237
215 488
58 386
440 433
332 456
296 288
235 278
193 104
320 486
496 97
299 214
46 369
138 37
188 351
228 235
321 191
297 404
457 261
493 386
320 230
347 279
22 118
253 260
431 47
385 72
353 256
494 189
420 361
321 441
125 0
300 481
100 294
461 244
165 376
370 311
484 4
232 238
83 496
470 326
257 376
27 130
16 427
235 55
226 478
229 371
427 496
114 27
29 240
15 239
222 221
474 47
29 264
455 34
448 245
141 229
438 342
111 317
150 38
307 386
343 398
371 68
55 105
32 213
329 203
173 58
275 380
191 461
347 380
342 380
167 364
285 406
98 253
435 431
475 114
403 252
66 298
43 445
339 6
437 242
113 387
71 218
92 243
118 77
4 40
430 114
103 7
155 96
46 63
72 381
36 212
312 187
346 2
255 44
287 254
137 445
156 319
460 381
100 290
1 458
75 106
181 479
202 222
17 221
346 322
17 44
430 47
384 499
76 4
29 44
457 135
124 96
158 178
333 216
299 365
172 122
172 146
269 445
92 458
229 135
244 27
386 358
354 404
185 378
306 94
150 73
77 309
217 111
227 477
237 35
359 490
374 123
101 169
356 116
192 131
54 459
437 347
363 1
225 411
103 148
100 493
129 413
495 130
106 417
310 253
231 273
467 63
463 302
379 207
116 478
385 42
491 414
183 140
395 297
154 256
56 374
297 260
368 43
75 172
340 493
484 52
35 297
192 465
405 33
132 154
387 351
152 49
403 464
164 353
484 160
452 243
383 387
288 118
475 343
299 462
337 371
194 172
373 484
471 11
490 301
266 457
128 227
243 48
46 86
149 168
300 12
337 361
157 128
50 57
345 295
474 177
438 469
351 237
229 324
44 368
167 181
283 138
467 76
415 63
207 415
465 231
355 22
482 464
413 22
425 322
392 4
485 265
426 383
379 348
233 440
58 482
205 27
55 437
185 175
189 22
14 480
145 445
236 329
401 164
417 32
216 234
411 205
183 499
249 188
8 8
322 43
292 335
137 419
484 125
120 298
497 376
89 299
127 257
217 308
417 385
441 384
437 431
30 206
411 91
127 145
237 100
436 95
405 146
267 27
171 254
496 382
86 420
261 498
60 199
438 47
165 148
425 421
496 452
342 268
24 139
39 390
448 454
429 403
58 345
4 65
188 150
163 419
136 271
366 354
255 463
12 256
44 438
477 83
180 206
194 297
292 319
394 188
64 329
490 165
389 481
271 357
298 102
330 40
127 494
446 152
27 467
210 60
53 308
285 90
470 494
389 435
330 81
290 70
355 414
350 417
48 388
80 31
65 193
154 401
71 387
141 322
376 395
213 93
129 367
24 266
365 337
392 73
442 202
8 1
62 88
310 223
330 137
309 297
398 194
225 183
280 185
250 245
13 246
335 174
394 300
241 486
342 237
451 1
77 33
380 391
201 384
215 284
496 273
482 122
158 142
214 301
453 29
102 246
328 95
3 337
192 403
21 478
314 40
253 21
298 133
485 427
357 89
89 210
405 109
254 435
275 170
133 176
459 132
420 405
343 233
192 243
167 423
289 379
282 71
232 13
162 211
399 176
71 8
236 148
224 436
231 186
20 334
213 204
327 108
249 399
392 439
456 271
157 426
485 172
52 433
98 125
68 135
29 352
497 254
252 10
476 381
440 156
267 318
46 332
178 102
28 90
188 5
492 454
130 160
219 154
217 363
42 133
178 271
41 240
16 216
296 128
427 111
150 437
356 215
291 272
134 496
121 426
366 195
416 31
57 156
480 194
171 441
356 215
470 370
122 124
491 226
426 2
373 297
465 146
252 166
86 78
224 391
209 413
496 465
290 45
392 202
248 212
82 43
224 121
385 32
215 378
24 60
454 272
131 217
220 267
364 187
155 302
265 416
29 65
162 478
192 486
115 392
84 351
7 138
31 446
48 219
9 409
475 26
403 130
68 393
66 247
236 57
390 279
223 258
320 487
204 336
477 110
344 454
355 302
93 486
16 214
232 458
86 117
181 402
257 67
26 330
237 208
261 383
224 264
26 190
349 330
202 219
370 9
390 82
420 341
496 146
166 404
360 478
399 344
138 168
359 437
114 207
326 274
263 424
96 494
201 70
307 214
21 233
121 127
128 79
448 34
206 136
446 145
1 60
73 488
203 36
207 387
424 247
270 354
470 278
281 117
275 323
432 106
373 30
478 104
1 267
199 416
137 169
336 396
217 111
429 174
493 439
38 76
9 246
118 41
248 456
155 114
418 30
270 41
109 279
195 463
369 73
447 347
174 324
325 69
375 33
271 301
478 78
327 203
272 268
65 393
36 276
349 335
69 67
103 131
17 7
458 459
120 187
146 183
361 462
15 7
419 426
372 175
422 99
303 192
25 330
223 46
172 117
308 441
359 2
361 374
425 228
128 184
104 24
487 335
29 66
323 128
183 124
291 187
36 221
491 485
304 80
208 327
382 82
196 378
50 205
202 234
473 318
500 125
190 496
480 232
258 212
334 471
23 313
214 107
52 403
311 398
109 282
315 485
8 280
353 247
468 61
363 294
433 426
324 10
327 71
253 147
308 51
334 80
196 454
288 211
312 152
85 365
325 451
332 49
223 12
308 11
466 215
327 272
442 226
497 81
242 331
191 305
94 174
119 29
135 33
14 18
355 300
104 499
25 500
159 495
492 233
367 195
470 90
265 171
197 107
153 240
251 191
104 5
110 48
9 391
210 147
375 3
447 57
469 54
0 350
134 248
374 396
55 333
357 314
229 261
15 360
328 208
264 413
206 40
327 95
248 154
237 137
220 94
230 425
7 425
230 286
20 220
421 336
224 322
303 440
374 168
206 467
439 395
146 444
155 425
53 120
67 438
395 297
311 77
229 216
334 210
246 52
155 106
132 270
461 157
271 470
109 94
435 156
158 342
66 472
91 109
446 93
446 334
208 205
17 81
206 466
412 126
326 346
94 108
44 447
247 291
217 492
199 456
189 144
323 216
401 109
30 144
298 129
238 287
262 272
95 365
300 369
104 403
266 380
340 78
450 492
305 12
177 37
86 209
444 288
308 331
135 446
70 228
0 158
3 426
173 65
179 106
104 244
9 193
325 246
211 379
469 1
479 0
162 32
146 395
82 2
372 468
5 293
130 481
194 53
272 22
137 75
157 267
375 190
294 389
187 463
1 56
500 120
357 286
57 360
262 99
287 487
218 213
186 41
391 37
284 60
309 317
97 135
89 111
275 253
286 313
191 198
125 66
155 399
182 240
406 216
49 391
98 480
411 424
12 496
113 3
190 203
245 42
68 299
449 137
198 173
358 348
167 481
34 394
108 248
471 46
217 245
131 38
213 11
452 203
54 190
297 361
424 77
239 354
91 98
488 188
190 447
368 86
210 53
181 171
114 208
347 363
332 498
259 181
8 170
167 170
249 426
274 279
241 457
267 303
366 282
138 305
249 35
175 413
88 123
436 361
92 301
61 448
339 79
455 498
438 185
250 322
310 257
201 79
496 80
355 436
244 32
27 252
92 38
340 64
141 201
160 282
285 463
421 123
66 254
7 210
148 376
160 311
402 256
182 357
114 81
287 398
93 462
178 244
370 307
428 263
132 116
481 223
261 172
186 162
9 63
23 44
383 174
356 294
330 104
323 414
52 0
260 259
247 388
15 20
57 382
350 257
457 419
288 243
73 23
282 164
42 267
306 145
98 303
450 482
191 70
234 234
434 11
94 188
382 165
53 264
321 107
43 291
74 222
269 204
155 193
38 199
98 134
348 199
195 181
320 85
149 416
104 50
66 132
109 75
119 51
161 358
316 352
62 320
92 394
153 420
228 291
231 199
40 53
344 228
235 12
304 277
412 276
152 455
223 156
298 62
144 275
365 135
225 297
274 26
253 260
209 285
354 425
416 451
182 87
378 217
327 241
265 276
80 431
441 223
250 421
44 348
289 28
53 236
446 493
420 17
153 33
252 495
124 275
270 413
372 391
143 483
413 195
126 93
469 82
223 111
325 86
155 170
322 404
252 228
135 20
356 449
205 463
455 39
199 6
451 99
28 72
368 313
176 473
330 267
57 168
354 146
262 370
404 110
275 144
305 139
490 472
262 44
291 154
81 190
16 342
149 436
113 75
358 96
213 282
66 87
458 308
197 280
225 82
19 329
404 480
104 409
181 363
337 149
472 223
205 500
98 374
38 320
333 369
188 220
10 322
155 48
290 351
413 188
237 328
322 25
149 29
278 410
144 144
461 413
21 234
151 0
266 500
198 359
95 81
238 419
142 31
116 365
133 80
138 312
299 396
252 316
54 74
9 477
33 413
403 372
126 168
80 410
347 87
254 419
302 187
277 423
140 28
302 161
498 287
496 75
466 271
167 145
233 325
202 273
187 179
199 476
13 346
215 218
282 329
1 420
112 235
123 177
100 362
162 415
180 126
8 145
142 229
277 172
224 107
305 162
219 402
392 437
126 254
311 412
73 443
253 68
42 64
368 261
182 297
368 253
191 448
11 468
171 487
332 226
161 480
416 489
326 486
22 437
24 95
360 431
135 300
151 128
182 79
270 9
296 288
237 416
434 426
405 173
101 328
102 426
248 493
147 457
74 154
95 409
60 161
157 441
363 125
434 424
350 498
353 242
285 3
119 434
306 407
209 437
415 337
214 195
315 97
348 294
66 261
181 425
47 263
401 377
6 330
306 473
321 353
296 485
109 75
224 321
448 270
229 166
231 423
68 408
16 456
418 316
353 396
94 332
10 330
225 324
188 15
312 11
449 250
164 363
6 10
68 328
130 12
84 136
147 422
261 490
133 461
465 58
445 261
185 230
76 306
274 289
269 125
453 164
383 266
454 94
279 247
253 96
365 287
180 74
118 261
389 296
499 25
221 312
330 203
147 461
399 364
439 378
17 80
119 389
462 22
68 204
397 78
93 138
351 316
205 378
495 364
262 216
436 207
146 344
210 345
232 41
66 69
437 175
158 173
89 42
371 76
301 490
211 265
146 351
240 297
360 43
138 347
196 435
350 240
390 363
352 218
42 287
299 3
231 225
270 122
242 216
485 162
331 406
390 394
353 295
169 368
86 177
383 198
216 29
69 407
157 124
285 105
45 161
481 410
462 447
310 412
240 221
28 391
29 236
490 11
482 8
96 358
91 157
435 64
450 281
380 440
211 454
59 35
151 500
92 446
393 314
311 431
472 140
401 377
430 438
405 173
299 3
361 121
485 144
286 212
22 38
78 365
401 80
279 66
217 8
373 369
183 203
464 89
161 124
343 311
281 386
485 23
355 470
149 495
102 259
65 424
495 497
117 106
118 375
94 488
196 391
346 142
124 90
285 215
412 376
427 187
455 97
95 197
40 409
188 265
320 231
257 344
129 37
213 2
377 97
120 36
327 217
375 313
225 179
65 26
112 285
341 440
61 154
438 386
500 423
29 14
12 66
271 125
33 326
39 495
136 382
451 47
173 14
153 257
99 198
17 381
289 101
267 394
175 295
171 175
17 211
49 118
493 311
399 250
294 148
273 480
293 58
34 405
20 414
281 148
402 350
238 168
109 443
478 409
152 135
366 228
308 293
361 484
224 346
436 347
93 499
99 63
202 229
358 318
314 420
118 234
209 206
466 69
285 447
318 442
360 293
428 203
54 380
54 390
387 89
97 496
131 475
495 62
12 162
23 54
394 40
440 314
124 411
369 33
355 333
180 315
184 101
315 105
450 364
16 48
139 84
203 62
159 473
430 298
303 27
109 134
295 47
28 234
27 206
138 6
461 306
265 57
411 271
349 381
21 466
21 252
237 30
83 89
346 29
377 492
226 226
324 171
332 389
126 178
271 303
154 51
291 371
191 169
111 24
307 162
401 472
351 249
70 467
25 474
412 92
296 29
234 114
123 358
399 216
328 59
246 12
97 470
351 238
167 268
102 192
128 326
130 277
133 114
298 493
378 39
382 80
471 137
14 18
394 433
315 419
440 467
209 187
72 458
404 431
411 286
342 95
430 319
390 292
122 470
222 223
168 101
250 161
256 419
359 371
35 479
273 112
79 148
7 401
198 181
192 221
397 471
460 129
16 182
108 190
146 33
75 393
242 145
247 370
317 44
140 256
351 183
97 318
134 425
227 190
335 239
415 400
79 370
149 220
433 492
132 286
65 262
54 478
436 1
203 458
87 27
270 44
395 80
323 448
356 107
454 401
120 275
100 465
204 457
443 241
409 165
300 152
497 439
327 326
69 171
136 304
232 231
330 310
54 302
230 107
149 204
179 207
432 434
340 14
384 179
229 439
486 302
209 119
371 227
45 329
437 25
415 45
255 204
21 471
146 223
362 49
116 165
365 103
398 434
329 88
44 24
134 114
495 492
26 253
192 46
341 156
306 31
198 26
213 319
475 333
134 448
159 242
327 361
204 466
143 282
361 12
358 325
355 123
345 244
120 183
282 406
438 403
97 47
259 220
289 427
157 410
248 50
425 330
13 195
372 475
413 156
406 90
353 108
101 310
391 383
292 63
176 97
320 424
455 58
130 73
301 197
270 68
348 235
464 89
440 478
221 230
388 462
107 166
431 465
0 203
204 76
9 382
299 44
490 250
254 317
350 110
110 260
424 162
374 1
289 436
95 98
418 119
87 321
379 190
280 323
348 328
77 188
345 248
212 286
442 75
57 320
446 2
173 313
250 366
127 151
407 9
476 213
327 423
326 441
52 78
200 35
450 245
359 272
457 304
496 28
189 301
188 397
211 244
100 157
442 330
432 356
220 122
470 317
377 41
309 5
242 15
250 37
426 265
203 461
146 127
174 390
43 197
293 424
319 344
76 177
163 190
180 178
462 311
172 79
67 108
37 0
106 149
79 120
17 175
268 311
315 483
376 71
254 298
49 296
272 56
448 36
303 213
374 119
283 309
218 343
368 234
465 383
178 445
413 165
411 277
59 426
369 130
316 263
147 233
120 286
247 171
451 59
32 281
79 420
402 218
25 284
117 378
47 461
304 92
90 269
86 80
243 173
43 455
64 15
70 327
53 6
91 223
193 61
484 388
163 17
437 440
11 85
51 298
294 486
460 254
252 398
354 242
222 259
92 305
270 123
371 122
80 133
146 438
401 257
22 408
431 258
221 371
369 24
358 108
64 220
384 357
267 199
448 99
332 300
115 315
42 7
121 198
409 41
200 423
207 85
230 279
82 217
96 486
215 336
99 256
113 352
370 166
263 498
20 235
417 357
111 203
20 43
432 13
305 428
18 408
191 119
42 340
430 264
201 401
330 15
90 277
323 76
463 479
463 133
259 258
482 187
200 274
265 383
245 77
176 16
187 204
30 458
335 285
425 216
421 439
190 234
437 113
440 314
393 432
204 453
483 303
112 138
258 49
14 43
474 236
14 189
213 407
31 91
114 330
183 310
490 59
414 108
353 110
68 409
288 275
238 135
202 313
58 34
175 112
478 75
158 308
12 354
155 380
179 484
221 390
301 19
269 234
365 207
138 251
71 12
466 276
399 28
69 194
138 16
216 223
348 41
456 102
323 371
449 174
91 81
245 334
386 232
123 17
393 282
29 107
193 153
262 5
473 209
32 461
114 341
114 457
375 238
416 374
56 472
466 263
357 270
25 468
219 373
206 28
440 168
292 250
362 414
269 390
331 215
60 484
401 107
487 237
405 43
6 392
337 335
455 241
301 250
21 63
163 16
384 95
385 361
90 436
24 319
87 70
248 490
332 453
318 307
281 418
321 65
11 43
365 435
337 411
39 159
489 454
74 429
10 438
53 9
148 147
178 256
134 104
214 128
496 206
443 195
339 184
251 285
71 320
437 327
110 259
134 330
365 373
430 494
126 130
176 183
66 102
34 378
322 274
345 20
158 313
430 192
388 311
345 474
483 119
343 41
208 110
215 438
191 283
68 375
396 375
275 45
484 425
284 321
236 394
407 445
31 464
160 153
80 310
453 138
500 435
319 147
387 313
393 495
46 353
273 206
215 185
379 303
173 408
341 459
265 386
180 138
467 339
151 219
469 86
53 314
429 43
348 468
389 52
103 362
54 47
386 293
23 308
279 439
284 481
10 215
338 310
263 197
175 238
101 470
57 18
61 349
422 78
58 266
338 115
294 20
347 497
425 458
474 94
264 223
50 49
341 219
377 142
330 108
313 326
393 287
378 449
388 290
339 450
48 209
72 265
118 431
374 202
225 199
164 408
491 221
297 170
114 462
483 488
492 495
402 53
89 452
22 282
77 207
98 112
373 434
8 315
434 473
65 129
371 371
458 51
160 29
71 356
130 486
37 11
466 158
464 308
76 277
174 443
331 220
48 401
410 101
227 217
293 419
191 200
55 435
59 420
95 154
416 437
425 430
474 408
49 213
278 24
229 49
364 181
408 372
285 422
398 406
82 440
6 211
470 102
270 81
106 215
470 309
272 212
214 266
17 24
486 349
209 139
460 80
385 7
138 50
140 71
382 277
468 231
352 59
79 495
435 241
124 188
209 24
235 257
116 355
368 422
113 393
276 105
192 164
473 80
38 237
497 239
402 34
488 238
369 50
148 393
199 211
152 422
201 272
54 388
438 341
46 355
162 226
457 487
53 279
184 122
191 487
325 247
382 267
116 345
472 185
45 361
12 378
484 350
362 244
189 479
119 387
8 298
313 454
409 406
66 298
208 352
219 268
409 356
375 27
66 422
209 394
137 261
383 231
475 9
278 239
80 338
265 355
446 470
492 18
442 90
191 106
67 386
122 12
184 245
142 126
119 227
67 443
270 100
466 34
254 29
282 276
273 347
0 74
121 473
67 114
289 406
68 227
326 388
291 381
417 90
267 371
7 80
316 381
384 287
225 411
113 79
291 1
137 389
444 256
168 22
480 392
319 55
473 374
187 102
287 217
172 136
140 164
392 251
268 132
61 439
304 76
359 281
242 82
345 5
180 226
251 102
336 454
60 254
13 351
379 427
185 163
469 108
97 256
381 260
225 466
112 491
350 496
101 233
458 426
456 118
156 208
385 285
414 347
35 174
323 209
301 261
140 268
417 309
240 248
436 18
453 384
381 445
255 9
169 477
115 483
77 387
430 391
20 288
435 88
281 442
332 78
57 360
138 96
448 440
213 134
465 82
317 329
109 333
295 67
175 88
351 124
161 184
353 309
107 344
315 374
42 496
42 201
299 301
450 324
175 3
155 55
101 335
382 106
82 310
274 495
250 469
2 280
225 127
154 256
406 216
100 133
126 321
454 214
343 42
52 283
11 104
303 211
469 311
43 168
302 61
134 233
64 353
86 268
86 188
197 227
125 288
108 174
34 368
358 319
353 481
173 66
302 299
64 425
497 348
169 249
48 41
492 177
496 141
422 137
495 423
37 22
133 234
497 102
360 275
197 325
482 102
271 347
311 364
85 239
45 222
271 483
194 79
459 194
253 251
437 123
148 336
367 107
96 424
150 190
60 94
142 124
112 378
490 220
291 344
258 221
338 12
200 150
172 298
132 370
142 485
76 327
40 322
403 312
464 385
273 203
381 267
354 259
407 157
14 223
74 321
308 460
111 408
10 45
383 149
264 283
189 129
326 447
24 145
180 177
495 56
314 236
80 440
456 400
435 67
150 296
240 9
67 169
408 284
486 234
338 305
465 233
365 296
173 362
121 306
166 121
277 425
463 285
140 11
346 100
98 339
189 166
490 277
21 13
30 21
330 52
349 3
139 176
421 180
74 497
157 303
124 461
207 449
332 390
411 431
13 345
196 404
131 387
475 154
471 7
320 189
103 97
333 391
48 203
445 306
303 360
452 346
455 330
325 88
25 344
417 291
385 472
304 1
22 49
145 154
241 75
1 19
485 491
19 183
428 167
196 442
116 122
35 417
153 260
252 398
38 215
30 158
193 398
385 398
15 264
314 462
182 201
187 384
114 8
235 292
111 175
477 407
185 15
483 143
201 462
296 211
402 25
176 76
456 129
153 259
498 142
376 98
455 249
108 364
495 439
394 179
16 287
191 180
354 467
484 362
105 500
292 352
228 169
23 94
483 113
58 27
455 301
243 59
171 405
356 207
84 219
376 426
48 343
37 280
150 424
11 115
45 355
320 144
71 222
322 297
445 122
379 19
206 413
414 367
46 290
100 225
352 404
402 262
7 410
293 473
5 166
73 424
8 475
467 363
243 337
422 444
485 141
350 43
305 338
392 142
228 161
209 484
184 32
34 214
48 464
183 347
318 371
53 95
191 459
92 187
200 32
244 433
374 330
156 451
259 26
108 428
360 31
37 474
435 126
257 453
60 298
85 190
189 243
131 79
205 395
269 44
110 258
74 119
388 160
252 368
290 240
97 415
439 331
476 263
247 75
142 130
338 60
377 364
117 461
51 83
74 473
413 373
77 487
321 245
93 185
90 121
415 58
94 452
406 464
135 385
153 203
41 308
431 350
5 192
25 91
42 361
205 404
331 74
87 208
118 370
13 249
58 42
327 288
173 122
204 389
322 188
113 426
157 415
495 74
455 97
339 273
300 206
219 380
281 216
174 414
196 113
151 92
102 300
283 101
454 204
62 31
242 58
156 375
11 16
378 71
422 326
130 327
217 136
432 397
63 6
321 316
379 301
263 99
60 290
269 51
344 383
14 218
398 164
149 34
324 358
418 409
119 486
43 204
114 383
8 165
451 30
246 308
221 56
430 180
395 173
309 463
227 215
441 301
385 162
61 221
166 1
443 260
40 152
389 268
177 83
433 125
228 52
199 85
6 412
128 458
226 157
223 262
206 45
93 145
379 82
182 283
341 399
210 149
93 422
33 355
416 379
461 50
304 495
112 314
36 320
243 347
38 460
478 64
150 369
463 228
347 443
63 213
149 108
392 277
430 493
264 63
296 216
236 268
43 407
42 372
162 151
356 410
363 228
41 462
189 301
339 220
116 26
450 314
196 261
286 279
455 118
424 18
324 146
130 332
191 475
53 311
284 64
262 315
143 480
10 86
306 176
40 485
258 207
379 301
264 152
455 28
252 435
387 284
61 414
229 148
170 32
79 245
317 226
397 358
157 326
248 139
255 279
232 163
265 426
262 405
195 244
168 206
493 279
86 71
333 428
412 419
132 111
429 492
295 218
299 426
74 71
208 469
57 35
132 347
316 487
199 116
3 13
485 184
343 129
235 206
353 89
304 62
236 351
62 362
432 499
440 105
238 88
188 390
215 39
233 249
273 47
19 86
252 143
43 209
223 170
171 330
165 233
58 31
173 20
368 193
50 109
176 385
261 53
16 151
421 492
315 193
294 295
93 324
90 243
256 67
470 156
390 230
191 432
389 123
499 29
145 399
403 413
267 412
427 373
339 73
452 322
232 344
183 59
305 136
76 74
195 324
173 463
3 500
282 191
411 79
425 86
258 99
363 51
368 425
90 375
132 374
16 451
410 2
269 176
413 203
97 344
439 374
228 264
46 232
237 321
197 152
47 168
78 15
199 88
290 28
499 66
389 343
308 193
399 58
386 302
177 386
475 111
458 465
325 454
279 52
427 350
104 459
322 89
73 324
389 22
340 32
201 430
295 151
141 492
206 192
266 425
164 31
418 46
411 211
302 228
305 422
381 65
373 315
431 424
454 21
120 462
279 312
109 275
326 244
424 54
246 262
476 244
382 257
111 137
135 322
28 132
225 226
381 302
282 325
188 19
279 124
312 425
118 328
155 444
354 375
320 227
1 17
10 57
55 22
318 417
109 262
338 347
305 134
316 207
241 194
372 308
41 160
473 113
290 225
17 215
384 303
425 179
209 311
5 27
417 358
235 160
414 54
441 61
84 10
79 336
98 100
31 310
117 234
274 78
376 10
255 14
93 294
219 87
58 40
232 232
49 43
13 425
218 458
81 260
144 228
303 260
492 262
155 378
439 117
156 389
265 10
383 208
255 331
12 281
198 158
311 136
115 199
27 456
464 47
447 192
183 238
337 203
108 287
331 149
402 402
350 249
238 368
122 491
423 122
273 223
446 30
166 260
498 152
458 248
243 350
51 167
231 108
205 457
338 281
74 125
234 146
271 286
208 358
2 280
482 195
473 286
419 91
215 156
463 351
251 381
474 205
330 54
217 421
128 217
162 109
323 83
458 306
320 450
494 301
89 66
390 249
210 455
400 272
436 208
445 92
366 41
289 251
50 355
376 20
422 30
241 106
494 124
68 5
332 47
450 16
442 346
38 342
393 14
256 15
290 381
153 156
137 180
298 21
472 307
110 409
375 198
236 369
363 181
140 381
219 265
38 174
416 73
496 135
387 347
110 425
104 421
100 424
344 46
223 108
172 350
25 209
13 123
325 286
405 406
423 141
196 153
22 496
300 344
410 247
84 193
366 324
369 210
153 165
204 116
101 123
499 12
401 445
360 403
403 291
129 104
126 13
87 473
492 71
217 430
497 427
327 74
7 365
43 445
64 64
348 184
2 430
244 453
201 142
457 399
92 14
3 362
295 426
223 153
476 283
365 1
90 83
371 254
198 152
474 489
446 146
177 95
5 287
246 261
330 95
269 299
79 19
142 367
450 10
335 203
155 173
439 292
135 58
65 500
343 256
309 96
104 184
457 192
442 110
224 85
308 251
305 206
246 261
305 364
186 15
474 0
404 33
211 21
443 45
66 152
419 262
383 471
184 315
281 47
141 401
139 241
435 481
291 421
362 298
204 333
114 61
373 140
216 22
335 107
1 191
297 56
9 475
212 432
435 478
303 101
286 260
0 35
352 367
280 201
328 286
7 317
57 70
464 270
351 448
260 82
18 475
154 11
98 109
292 36
42 215
124 211
171 215
425 155
437 30
290 287
305 499
57 489
489 388
159 154
497 139
90 151
383 400
357 393
411 99
214 15
49 447
60 427
107 350
481 378
130 58
266 156
155 398
303 300
451 359
170 133
426 47
407 465
78 376
363 168
18 370
53 44
325 467
474 486
62 494
471 86
248 102
353 169
337 64
452 459
447 210
173 376
140 423
364 362
79 16
246 349
372 289
262 438
414 463
467 122
34 91
386 48
436 16
463 193
193 491
290 206
454 29
152 156
381 453
95 414
343 24
324 442
424 398
185 39
27 47
399 7
407 321
438 211
150 160
182 268
44 68
442 251
306 316
34 318
233 151
95 237
369 247
313 24
217 184
393 67
170 480
345 177
21 135
137 310
448 145
315 21
5 51
47 388
414 27
405 346
452 396
58 264
179 497
121 17
165 118
250 331
390 265
419 273
24 256
312 278
81 245
191 38
460 293
347 116
492 89
358 140
276 368
471 417
243 120
276 173
143 460
394 447
291 147
140 279
52 466
316 168
467 33
230 19
194 208
61 436
276 356
257 323
244 477
225 134
233 46
449 174
422 485
462 340
92 487
372 438
482 464
371 349
457 281
34 87
480 182
172 107
481 210
118 282
391 49
214 407
18 294
370 207
438 448
222 258
382 455
469 373
401 140
4 11
31 493
408 394
110 325
224 165
62 387
180 145
288 335
479 251
492 300
237 245
3 373
248 415
253 333
29 34
404 500
403 379
11 5
179 163
354 392
124 486
187 152
486 377
126 298
368 186
448 229
273 152
190 186
213 24
59 67
360 10
130 494
291 223
309 138
247 265
88 224
184 481
183 107
234 51
337 307
181 342
305 282
418 86
43 154
237 20
148 414
496 193
21 393
475 135
260 114
281 26
366 452
198 464
408 361
277 435
157 129
484 355
138 63
283 319
371 212
240 56
147 165
173 201
457 420
243 470
323 247
103 475
291 1
226 435
295 245
25 25
75 212
20 462
169 38
67 255
45 301
272 466
410 297
259 344
237 445
460 427
385 444
499 72
34 212
387 121
209 283
260 100
339 445
451 122
92 69
375 156
31 273
202 345
311 25
260 403
324 11
256 269
256 190
398 61
262 107
429 141
437 201
337 180
360 88
500 355
458 331
197 399
91 310
387 225
452 141
136 372
232 407
50 309
496 238
430 277
333 325
5 207
435 331
427 349
314 482
489 195
314 499
257 203
96 259
22 240
101 174
129 421
454 121
337 353
323 316
378 65
87 116
499 255
211 263
102 308
340 151
489 300
233 494
356 245
330 26
118 367
184 37
99 272
306 352
479 486
350 244
320 469
283 322
299 330
15 196
258 300
211 258
16 9
240 369
56 138
247 185
202 446
447 68
415 354
144 164
139 75
322 200
311 154
310 216
71 13
11 9
7 180
191 324
24 378
288 212
220 69
315 327
232 400
364 95
133 9
381 395
473 405
359 197
211 212
364 277
201 372
496 192
186 74
13 164
494 131
21 9
376 473
213 315
44 309
200 452
81 27
112 176
236 488
324 195
18 391
414 141
149 336
427 46
451 224
215 464
405 495
18 203
6 178
251 452
375 396
343 88
480 311
445 221
326 105
361 76
443 396
457 278
124 430
49 18
308 418
239 402
439 164
490 161
414 461
175 232
99 355
485 20
168 400
480 377
7 332
369 335
499 324
233 185
399 18
294 188
400 314
227 330
452 401
473 10
197 52
64 481
266 475
39 448
228 97
111 96
306 48
248 141
96 62
408 389
264 373
251 57
279 379
278 414
480 171
474 135
236 447
402 31
476 427
51 29
363 195
52 190
139 446
200 399
91 416
364 374
239 203
51 55
245 84
63 196
200 297
358 362
166 380
65 413
239 342
284 395
93 120
29 252
498 388
42 238
472 394
79 444
105 262
214 202
108 225
304 31
306 289
82 332
442 206
368 427
24 211
425 157
106 260
458 497
40 452
476 232
473 211
471 16
481 4
239 431
238 284
456 186
324 378
259 246
196 278
193 301
157 86
67 295
459 476
300 11
418 122
51 337
251 122
278 256
342 370
38 341
477 227
89 319
405 171
172 435
326 323
488 188
332 252
308 43
278 309
252 440
32 445
181 296
500 120
352 245
462 205
267 152
297 373
82 393
330 392
208 251
101 191
312 111
132 356
125 237
320 218
128 304
468 270
163 264
293 319
17 450
234 342
157 81
436 26
403 169
201 97
42 445
436 222
367 443
268 279
96 44
272 458
433 453
440 101
76 313
151 194
154 128
264 211
289 400
486 114
93 353
482 167
287 177
236 438
138 465
486 380
329 263
233 329
353 182
466 216
359 180
156 52
382 282
305 82
482 222
15 348
32 10
7 424
451 472
485 205
185 194
310 482
492 54
474 23
311 320
379 60
167 57
494 459
41 479
271 356
185 426
289 339
259 247
175 210
191 307
298 159
306 118
174 270
166 97
334 218
157 32
300 209
94 421
252 209
500 50
106 225
385 370
420 66
102 55
18 335
198 366
485 101
75 250
194 22
174 181
429 378
413 142
112 152
446 7
430 466
488 98
203 483
355 350
326 172
312 46
401 69
390 406
415 105
477 240
454 138
71 309
139 355
356 365
365 292
94 291
387 280
139 392
125 56
269 202
37 135
27 369
298 304
398 435
341 382
169 311
432 32
171 159
320 227
281 404
454 290
280 296
419 289
6 83
141 246
381 254
203 349
295 176
125 248
381 12
331 139
431 56
26 264
251 311
495 46
420 358
492 417
199 382
109 450
216 484
125 289
430 139
63 489
267 63
328 409
319 310
72 19
210 467
193 53
229 401
462 373
136 164
136 194
116 373
334 435
399 493
305 166
120 100
121 62
272 298
92 133
97 294
22 255
305 463
40 36
293 279
436 279
162 136
442 374
409 86
314 152
19 184
326 35
470 367
61 24
360 162
227 168
498 384
214 264
114 357
403 272
34 74
242 2
215 429
149 113
387 30
193 81
389 479
211 330
427 465
111 363
134 289
439 78
494 97
244 318
331 465
171 464
39 472
497 30
408 330
14 122
475 171
467 344
193 253
54 413
213 34
329 274
81 482
90 168
399 193
311 377
407 496
204 229
143 377
315 232
485 64
341 426
397 152
189 81
80 31
189 299
355 17
285 120
270 240
203 323
486 8
282 346
125 187
223 274
127 459
151 37
0 168
9 287
88 185
235 342
252 310
460 127
186 349
353 236
294 372
32 480
443 340
317 114
400 151
138 346
371 188
418 291
185 24
77 375
13 139
339 343
297 28
298 259
138 139
197 183
308 450
453 207
280 451
39 97
328 378
117 268
28 290
54 258
311 460
189 239
324 327
121 490
232 446
148 34
174 281
63 202
64 467
388 11
46 24
331 112
223 264
461 485
209 35
235 360
439 341
359 303
259 423
378 402
408 376
405 97
107 478
370 234
46 364
21 347
401 358
59 189
417 122
5 17
63 67
207 486
443 164
308 302
473 308
102 374
67 227
403 406
482 241
223 408
51 444
314 203
17 159
362 36
464 478
404 32
437 81
95 310
433 72
117 365
318 431
98 195
430 73
218 165
150 327
142 37
490 334
138 152
413 105
82 236
218 342
84 343
298 290
154 125
8 117
452 365
251 157
465 299
180 458
372 327
161 140
418 282
357 482
482 368
229 99
216 230
237 184
189 457
188 232
381 42
189 252
133 88
357 380
221 456
364 250
498 438
392 104
262 297
460 150
301 346
307 25
276 25
411 147
326 365
106 222
350 452
157 205
162 115
476 214
446 259
315 399
15 374
304 274
495 454
294 126
413 109
10 227
174 263
250 457
234 105
450 212
159 221
464 48
396 275
497 261
140 265
193 372
317 471
0 268
206 203
479 482
456 44
257 302
183 20
95 464
408 348
301 93
148 432
164 154
206 393
184 216
6 359
449 263
435 416
305 193
350 486
253 367
500 251
405 391
54 340
126 357
361 50
394 195
89 273
73 498
409 85
277 319
360 71
274 59
13 211
14 51
456 441
482 42
478 141
428 19
65 258
36 396
158 70
311 71
414 119
200 453
305 123
465 396
249 326
436 308
171 461
496 493
195 450
17 498
214 258
28 480
186 67
180 169
290 496
148 259
85 407
428 119
273 269
455 205
189 212
458 453
92 47
209 134
401 365
77 299
114 156
265 352
125 69
247 83
89 435
452 396
193 390
401 175
79 388
378 223
329 118
120 114
306 246
475 53
341 31
312 45
102 260
86 273
245 289
204 182
25 474
332 62
55 254
94 10
281 286
385 442
358 20
417 174
120 159
78 225
200 333
406 22
490 268
272 306
281 134
120 205
453 492
270 336
323 123
498 384
418 446
203 153
364 149
373 227
41 120
66 355
365 261
203 230
338 229
39 28
471 186
492 327
356 435
228 78
227 71
269 267
297 300
325 51
384 108
352 142
107 482
321 270
92 77
15 47
338 222
4 80
477 491
317 48
163 30
496 196
440 365
60 102
344 500
397 49
251 304
204 402
151 463
148 128
103 242
316 314
250 385
408 14
167 232
42 347
374 136
137 52
443 261
399 341
60 102
231 160
168 357
245 253
173 402
320 244
141 307
199 47
81 162
164 486
163 299
89 149
200 252
196 3
297 38
191 328
293 265
321 247
48 440
486 130
266 362
290 448
102 497
455 463
259 179
231 174
216 180
84 443
304 120
406 112
468 100
457 302
407 1
321 298
139 500
340 466
267 101
117 84
154 234
214 159
58 92
350 177
90 212
213 409
272 79
385 78
78 399
359 418
296 289
98 235
323 206
15 22
118 364
325 357
297 45
299 86
370 458
448 236
374 290
104 58
397 211
233 345
234 497
101 316
29 116
147 485
13 248
132 465
230 149
100 177
447 190
215 472
442 279
219 219
132 461
470 286
434 319
458 96
65 387
281 279
301 242
423 374
85 268
72 278
107 195
102 196
337 89
388 229
407 354
278 86
253 389
246 40
7 130
168 364
179 74
300 262
394 159
400 168
134 382
378 49
308 222
78 63
99 322
460 266
193 45
339 148
206 214
70 470
216 117
88 63
270 55
8 316
470 45
134 46
280 411
200 365
145 407
66 77
244 146
352 242
71 204
298 107
195 123
89 46
120 339
1 302
249 166
376 258
484 198
152 47
258 135
448 246
343 56
467 297
410 500
297 97
351 88
402 105
360 181
488 41
77 178
289 378
166 368
0 43
94 328
56 418
180 432
17 216
485 174
170 311
51 449
155 87
393 196
264 32
383 270
297 177
195 114
350 303
456 255
134 472
167 30
335 292
173 161
33 428
186 169
68 400
295 363
121 298
92 343
435 101
181 431
199 498
342 409
496 226
269 156
375 353
195 379
190 113
181 271
189 149
167 1
285 154
121 256
203 173
431 357
362 296
190 247
393 113
315 156
175 64
335 33
347 329
214 227
59 277
233 297
449 369
394 238
57 61
228 334
481 449
368 449
259 289
390 160
414 329
368 261
448 387
50 7
326 372
256 423
122 46
64 319
451 354
65 425
140 272
500 141
346 246
327 474
273 475
362 327
436 262
330 390
261 302
498 302
223 212
283 328
210 480
180 319
219 28
219 358
354 413
210 465
37 462
292 88
271 87
195 321
492 174
53 368
270 53
291 66
473 451
259 232
343 404
473 62
487 134
484 34
196 141
288 385
407 125
338 55
235 13
322 345
476 237
67 30
12 21
269 279
200 100
265 484
117 381
18 381
419 221
471 60
181 116
425 15
393 9
103 446
51 206
279 293
108 229
18 217
182 54
416 64
272 457
62 200
386 118
14 290
351 456
445 198
153 28
80 477
466 338
484 315
41 365
433 36
498 98
375 155
324 246
181 302
238 89
183 95
115 485
459 368
42 214
309 319
302 188
246 127
15 323
423 269
345 194
383 349
204 225
31 418
319 167
122 252
406 73
212 106
112 430
376 446
126 465
412 229
61 197
148 78
39 302
299 8
123 350
251 182
112 416
442 291
80 167
311 94
204 172
17 385
300 323
204 478
123 196
29 163
354 422
391 492
383 168
36 360
302 42
312 492
499 444
81 328
493 112
281 273
470 462
335 474
353 339
158 396
43 287
445 143
43 419
57 243
26 347
253 400
10 82
331 454
73 429
258 46
69 47
183 449
25 321
405 475
341 394
237 12
157 142
333 366
201 400
492 358
111 416
467 363
472 172
465 428
231 144
264 77
210 109
484 468
201 246
108 84
341 20
365 480
411 223
262 405
122 60
266 341
480 257
331 37
294 465
0 196
27 364
434 16
344 451
488 146
403 51
84 250
48 256
46 357
470 351
67 187
340 381
378 193
360 161
307 461
362 500
496 312
107 153
321 241
210 374
247 210
303 260
416 82
80 260
226 405
51 379
300 483
58 443
237 452
346 77
243 178
330 180
328 469
366 328
159 152
67 3
334 129
180 56
43 17
396 479
188 150
174 492
342 393
392 154
155 383
271 477
268 403
383 81
171 259
218 423
298 182
303 437
219 285
315 61
245 59
347 469
142 16
36 386
228 398
476 45
271 170
60 284
14 490
53 390
416 457
215 417
390 27
320 184
287 166
325 153
463 64
350 144
230 183
486 418
454 17
197 88
114 154
424 214
447 365
256 174
93 160
167 177
316 63
362 498
60 174
32 2
61 310
419 232
7 106
35 322
25 135
230 116
316 425
284 1
293 132
91 151
212 260
109 450
155 348
289 2
449 206
343 268
279 114
32 133
412 310
292 142
453 313
447 120
427 402
44 384
384 348
191 53
217 236
435 333
271 323
321 390
9 112
157 484
320 116
99 361
209 12
165 490
393 434
244 40
316 179
269 227
300 306
226 415
390 46
165 264
187 92
85 451
344 370
286 157
204 245
112 154
151 152
181 31
321 325
198 244
224 465
277 200
214 66
474 66
124 223
390 228
348 357
62 93
268 387
24 106
70 168
359 361
437 176
413 247
149 422
452 289
96 31
109 310
172 496
243 153
215 128
198 40
61 147
129 162
70 148
68 414
371 1
263 445
147 93
416 6
425 189
38 3
331 411
27 77
47 434
29 46
335 408
80 132
295 114
401 118
367 281
218 285
386 24
435 200
447 362
203 167
3 227
0 224
378 73
70 246
291 428
153 21
285 143
138 203
183 309
95 305
214 490
106 17
464 487
273 85
96 458
94 115
70 183
326 404
33 103
444 161
283 462
139 30
375 468
112 256
40 12
398 295
137 430
431 346
7 312
87 215
490 496
77 397
170 368
474 110
291 124
114 25
431 393
239 72
453 347
93 20
110 225
113 95
439 333
254 453
496 293
370 456
383 216
117 90
484 364
138 22
230 500
67 219
354 353
198 154
467 110
171 477
124 0
49 345
319 500
489 199
199 457
86 160
33 108
434 37
78 312
158 92
458 311
242 179
187 35
485 382
410 394
358 432
461 230
265 437
142 348
265 467
138 493
391 437
107 241
157 193
189 159
448 407
250 358
306 224
298 12
249 229
470 431
375 81
159 176
407 240
25 250
303 350
58 252
216 454
332 91
44 50
383 116
376 57
209 148
495 32
210 1
472 498
70 287
96 309
216 497
294 295
283 237
1 60
61 267
212 125
98 363
335 388
342 371
88 65
475 295
178 443
30 414
222 417
201 355
428 405
479 415
63 104
277 24
498 92
37 290
123 190
349 363
107 481
362 197
271 373
392 383
103 165
307 500
419 305
365 380
415 233
421 386
26 284
398 2
494 196
251 320
458 219
116 300
184 390
223 43
464 240
266 92
385 156
10 332
191 420
52 191
22 219
465 113
149 39
488 260
260 144
249 314
6 383
160 336
336 94
379 441
307 248
497 173
493 145
464 371
277 469
390 202
29 186
196 276
171 89
76 340
150 341
307 46
350 216
118 287
223 304
136 0
45 204
29 363
352 411
446 315
418 140
74 491
274 179
122 444
289 93
111 303
248 92
379 316
142 99
123 87
494 237
375 425
140 356
208 360
351 431
129 390
201 237
245 253
126 339
348 172
52 430
498 257
89 138
381 116
75 354
236 192
457 285
186 385
21 24
464 479
62 83
423 247
377 426
490 391
191 301
287 472
343 393
268 134
78 398
92 58
113 290
444 255
395 223
187 176
66 146
132 348
452 350
500 161
139 148
263 253
65 428
262 418
309 186
94 405
224 282
103 479
102 399
442 124
65 291
266 216
120 438
131 222
321 31
425 365
69 269
207 236
389 104
375 215
68 185
294 486
439 237
55 334
314 39
410 159
12 319
172 87
285 425
157 447
130 97
321 490
397 468
425 354
454 78
389 211
485 334
304 332
22 455
454 283
463 344
307 231
173 241
84 248
264 3
385 277
147 419
345 100
251 220
424 332
309 462
491 342
116 497
331 110
369 499
269 30
62 145
291 32
408 29
345 101
242 383
169 275
209 3
348 371
482 77
222 53
103 105
123 181
213 263
115 354
162 268
196 500
440 216
237 162
473 32
326 221
441 312
119 248
146 378
185 446
49 210
459 298
448 162
473 136
69 31
360 476
194 125
58 164
18 24
336 368
51 254
45 229
51 73
361 272
452 102
297 194
264 406
484 422
215 443
380 258
206 345
25 335
271 105
355 77
46 56
361 294
494 412
456 20
461 189
445 374
331 165
147 188
250 370
454 347
298 438
431 349
425 130
349 345
428 384
123 269
147 168
167 494
439 461
157 487
435 18
470 373
227 29
228 57
191 203
253 103
76 166
249 204
331 117
147 43
244 385
472 41
202 484
422 99
87 34
494 410
315 163
271 383
321 97
262 12
188 184
158 446
216 160
445 137
308 358
455 218
224 70
37 22
381 457
135 124
8 36
240 170
397 18
217 443
417 318
233 267
498 19
293 139
394 478
199 278
483 110
109 18
170 201
332 229
347 432
395 409
11 136
59 499
136 122
127 270
301 340
266 157
486 320
409 356
219 418
378 321
17 42
393 496
357 102
117 80
72 136
354 352
448 206
238 94
168 495
341 43
213 380
276 284
108 376
308 308
273 229
30 114
485 304
74 351
105 250
404 431
99 362
52 404
288 366
325 208
248 499
50 436
265 394
189 343
491 295
62 167
249 36
376 82
4 171
253 147
116 129
427 435
0 468
10 66
277 94
485 180
269 494
402 316
212 338
421 96
390 122
98 390
446 163
20 407
237 22
124 231
458 177
460 216
40 269
107 12
332 431
400 348
268 315
47 269
491 461
242 365
480 396
147 344
497 286
271 46
366 74
146 427
301 227
430 28
460 459
264 232
95 110
403 283
102 430
463 377
289 33
166 178
147 33
341 117
176 499
306 255
108 357
178 460
486 271
19 323
471 98
220 461
376 62
97 19
51 26
149 473
155 465
172 101
303 277
391 52
498 439
83 276
246 365
194 171
496 449
449 49
137 17
246 414
350 335
348 433
104 185
361 331
213 492
359 256
117 265
491 158
152 249
342 368
6 170
238 415
62 360
213 387
149 300
420 343
79 443
67 305
205 229
21 228
217 488
150 89
230 488
379 380
339 173
174 385
190 83
211 164
12 177
125 289
451 11
7 337
177 2
476 357
285 78
201 80
84 227
316 238
14 314
309 420
329 312
480 452
457 417
358 225
76 149
67 155
167 88
442 63
103 306
36 282
266 34
379 240
85 48
110 266
180 297
293 215
136 47
47 411
457 235
208 391
259 89
352 9
124 139
144 5
259 50
247 311
2 257
370 205
16 318
70 473
377 479
400 443
125 137
453 219
271 200
135 82
458 463
338 372
283 164
409 34
241 317
287 359
297 30
106 416
120 211
464 113
146 298
450 206
275 101
207 108
115 121
194 8
80 85
0 124
427 28
106 415
232 429
178 421
132 394
28 311
498 288
70 461
373 471
128 142
139 401
420 204
29 54
191 213
341 15
351 14
61 335
298 111
105 64
453 500
4 26
216 491
309 133
322 158
328 8
237 18
1 327
484 469
445 319
257 395
115 265
71 436
125 131
411 158
436 18
126 463
372 305
113 452
352 261
437 357
179 309
299 480
136 226
155 117
457 361
116 119
489 177
185 117
184 219
253 356
349 352
457 166
108 358
171 47
487 378
402 44
42 308
149 310
158 58
295 26
436 320
420 394
186 94
389 476
45 131
110 301
60 460
346 452
479 465
373 317
465 427
463 189
263 425
278 426
379 113
59 80
134 64
253 66
396 370
217 483
251 497
493 273
357 186
81 114
56 183
29 465
8 274
322 437
326 188
309 387
123 484
239 421
56 424
292 120
120 404
469 37
0 220
1 78
33 452
418 154
37 187
295 467
103 346
405 360
215 106
225 303
181 334
450 369
310 398
84 423
157 446
453 33
491 106
398 356
143 245
409 224
172 371
142 214
448 123
401 461
466 61
78 82
213 105
370 98
386 232
167 35
499 441
66 369
377 398
440 400
372 108
30 299
373 202
481 175
250 445
390 486
285 91
327 226
191 471
1 171
38 281
200 27
336 50
393 435
84 155
204 342
309 163
479 355
482 92
480 499
416 296
337 263
56 217
133 38
33 197
229 60
384 280
381 104
420 469
156 113
329 234
116 421
257 229
488 252
402 45
331 77
46 381
435 445
260 41
278 455
112 360
11 416
219 142
381 35
60 467
499 158
351 462
443 460
244 22
19 72
392 279
298 349
104 99
381 257
382 412
498 299
59 456
463 122
167 8
321 256
420 436
28 316
10 361
317 178
343 16
240 30
427 235
52 260
432 31
178 217
490 446
300 79
281 88
399 460
465 413
495 130
349 99
386 386
311 456
140 125
496 412
300 194
439 85
77 148
163 60
378 36
126 249
311 22
419 389
358 350
98 104
391 99
123 320
99 316
383 259
73 126
87 91
189 261
393 136
500 160
223 327
187 357
357 142
413 74
108 36
124 423
483 390
264 88
294 151
121 70
132 453
294 130
121 411
340 253
83 57
436 310
418 223
197 362
486 228
445 401
387 83
6 175
490 105
484 83
298 381
252 428
450 28
232 58
112 346
313 33
366 371
327 281
301 129
144 295
216 387
290 397
142 228
310 198
408 5
276 134
88 323
468 164
159 304
415 108
281 293
128 402
368 187
152 245
396 297
96 170
310 224
184 137
315 169
295 194
122 438
248 374
484 247
195 385
110 384
251 378
142 355
194 342
230 400
181 36
435 484
381 269
86 133
400 398
174 456
32 387
202 222
389 300
224 450
454 335
420 269
192 482
421 283
310 26
474 126
309 213
103 60
117 421
142 383
474 346
98 307
470 426
375 374
467 440
176 336
223 419
4 454
458 82
63 457
296 316
142 392
478 333
236 212
219 92
327 479
496 72
256 173
461 197
382 172
380 216
136 228
456 174
111 276
260 188
160 295
271 40
397 137
353 59
294 91
297 314
276 39
54 198
421 360
291 369
358 350
489 166
177 183
104 293
340 304
145 351
171 74
423 25
373 218
198 315
114 294
46 174
397 362
441 38
105 467
358 243
18 115
419 92
297 354
303 403
159 466
248 433
41 333
294 287
465 239
429 47
165 230
232 417
434 33
385 331
278 268
98 139
466 425
211 132
496 202
131 339
430 73
320 147
194 278
500 457
309 423
43 440
82 482
189 469
265 450
125 239
449 376
403 360
320 106
457 465
139 316
7 172
37 476
90 250
200 231
194 379
220 440
449 499
406 252
172 214
358 38
455 23
206 83
414 488
429 103
354 135
170 406
277 469
107 23
497 167
360 139
61 110
52 121
255 432
253 328
451 488
295 356
279 431
309 499
255 325
250 448
300 362
442 329
486 481
344 333
426 392
197 461
91 389
271 394
127 173
306 63
484 228
475 312
394 237
343 345
490 90
299 185
77 392
228 15
9 99
382 253
373 226
342 271
472 431
305 9
400 7
152 217
494 268
472 111
493 30
473 150
443 187
479 108
368 272
237 469
445 206
24 217
85 337
320 482
25 40
284 264
113 472
359 294
422 261
363 440
27 62
354 101
116 426
418 377
486 218
206 70
153 374
40 252
409 386
403 212
354 183
300 71
361 34
430 68
232 32
295 143
282 52
195 40
91 22
293 85
207 263
71 454
125 396
408 224
436 65
330 128
377 495
448 32
29 146
218 191
172 49
378 495
196 44
456 117
304 379
81 308
62 365
340 293
120 98
438 400
184 120
88 40
328 394
224 27
392 222
283 340
266 240
466 415
272 253
216 9
87 299
500 323
181 27
364 384
124 376
16 128
246 40
146 62
219 369
264 308
498 202
56 65
214 128
132 438
371 251
449 317
349 461
349 441
35 400
53 122
106 449
288 337
448 408
333 332
394 380
134 450
87 178
405 373
149 384
61 299
252 190
253 369
500 90
495 140
472 152
350 305
289 131
431 56
156 119
207 162
298 411
68 488
95 221
100 46
178 429
360 223
222 172
431 271
141 52
324 338
245 336
129 100
97 296
225 112
413 166
488 94
118 309
389 402
495 311
164 100
261 74
318 88
483 62
57 140
480 475
442 457
111 313
460 330
449 47
12 196
109 72
384 126
181 82
215 6
336 225
420 363
242 499
79 303
456 437
224 124
250 479
203 385
139 280
422 477
107 331
339 494
318 452
379 61
108 150
356 485
124 237
69 454
333 69
14 253
131 442
486 487
213 285
55 234
224 137
27 53
7 306
177 108
319 194
110 331
210 353
338 171
320 230
328 362
324 329
184 255
357 78
231 356
446 253
212 371
103 167
165 145
407 443
248 66
159 31
91 486
491 185
365 406
50 340
497 176
15 144
332 164
343 339
423 346
131 15
216 303
57 137
386 82
428 230
287 404
393 240
54 288
155 463
442 130
198 129
454 372
176 466
289 153
456 337
418 253
199 74
372 13
46 212
150 414
467 486
486 277
467 205
79 19
270 58
473 480
78 109
425 375
354 16
26 388
194 79
202 180
2 425
431 266
439 0
495 335
439 362
92 7
60 465
115 476
97 151
409 328
249 425
127 488
31 155
382 49
388 117
371 321
52 484
335 254
328 455
132 11
55 268
32 169
250 479
338 84
450 130
89 214
288 320
157 484
199 119
102 497
233 128
307 184
478 226
218 157
445 112
361 204
322 273
393 438
192 225
202 430
295 444
308 247
142 91
258 104
450 373
262 326
124 274
478 78
135 169
428 469
383 224
216 168
451 275
149 465
273 394
441 159
400 125
68 150
13 452
367 4
254 486
47 250
237 159
432 290
187 309
179 108
127 73
343 302
223 140
245 127
420 75
141 142
460 69
303 29
482 436
485 18
200 435
334 188
25 118
461 316
131 89
13 439
59 155
184 265
344 220
91 266
108 412
146 34
97 85
151 161
492 70
193 262
233 93
84 351
3 174
176 427
199 408
351 242
317 328
112 69
31 224
86 380
169 480
274 212
399 318
422 445
65 364
67 262
50 325
48 143
417 196
149 173
113 493
357 251
240 92
58 150
406 156
404 179
180 214
398 156
264 413
147 69
220 131
208 24
145 213
54 187
146 412
469 106
449 348
388 67
75 288
234 407
67 131
339 428
270 176
331 384
357 191
92 95
423 133
376 72
245 327
340 5
334 71
111 436
342 470
471 273
490 41
383 3
422 150
412 353
274 67
306 161
75 250
404 270
491 429
222 472
295 139
154 479
325 378
301 52
391 2
311 368
131 408
37 478
411 307
452 188
197 240
328 235
36 13
315 240
239 101
333 445
157 490
340 356
114 109
268 165
157 320
296 499
294 255
324 156
378 305
104 21
379 124
431 243
421 411
300 30
322 427
31 8
93 353
274 341
417 225
288 254
424 425
459 198
140 334
328 291
440 469
125 414
94 215
12 418
292 66
25 87
41 256
139 23
18 496
83 171
157 112
144 142
3 92
166 473
187 187
323 34
110 11
401 159
162 62
468 3
67 140
195 171
369 411
269 188
246 235
266 141
417 366
464 290
347 271
418 48
376 266
121 135
336 11
47 177
40 468
373 17
164 97
98 289
209 101
412 357
235 198
215 443
477 365
1 90
258 422
56 238
373 418
361 245
242 75
73 50
31 382
104 295
101 9
183 249
274 494
173 482
442 24
457 148
176 1
70 379
239 137
2 442
374 303
136 428
129 136
95 152
426 3
387 111
138 359
16 177
6 70
378 125
339 185
196 108
274 378
228 128
314 151
218 257
106 242
145 89
486 144
244 325
49 380
290 34
361 315
301 71
0 258
0 396
153 291
220 145
309 373
285 66
449 77
238 67
378 126
113 301
63 329
244 113
219 405
79 222
346 400
346 191
171 322
303 41
80 212
127 377
47 323
344 174
325 85
52 81
196 86
121 473
455 435
171 276
251 403
472 481
33 156
330 370
462 467
10 27
206 56
3 482
424 186
152 194
148 494
203 33
121 125
161 260
233 387
210 53
492 388
31 104
62 217
6 157
297 426
411 235
452 44
415 457
210 142
81 462
261 98
400 51
346 252
289 141
286 176
144 150
208 264
348 290
13 104
400 371
227 258
385 284
323 81
376 373
199 146
469 187
417 444
137 279
34 158
396 59
268 500
416 50
57 192
246 264
281 272
388 337
223 101
454 355
239 190
157 438
132 387
385 2
269 403
47 351
402 230
190 483
145 238
497 16
234 86
138 295
346 138
421 419
84 335
105 240
373 110
2 333
71 12
455 355
76 339
492 65
455 224
307 168
373 108
227 303
481 350
174 102
179 273
87 19
54 460
331 329
16 65
0 154
13 86
410 294
226 472
374 353
114 202
425 299
493 287
471 94
105 260
225 284
433 240
139 132
473 444
328 486
342 321
388 311
254 76
339 44
43 235
310 373
31 204
352 157
479 48
48 382
124 119
118 133
43 461
183 14
42 132
68 175
42 197
274 67
266 191
231 93
448 217
212 29
443 366
209 310
369 142
176 239
3 396
373 108
139 399
349 482
118 497
375 359
164 222
450 453
442 265
330 354
239 18
411 399
13 182
423 437
471 150
285 377
336 271
89 70
473 178
407 301
321 352
125 86
3 222
147 305
182 42
16 467
166 412
186 398
120 379
461 431
449 128
158 138
189 266
103 45
89 472
98 144
91 481
151 348
186 77
348 463
211 178
251 238
111 104
223 290
420 65
370 7
126 405
35 187
239 308
430 69
211 178
135 171
357 278
214 316
499 13
352 279
25 431
317 38
101 262
67 247
301 258
491 81
58 112
59 42
211 414
5 297
172 131
416 139
142 31
227 260
7 437
357 31
205 160
396 114
327 202
283 398
253 256
311 38
58 139
398 471
403 420
159 172
407 156
288 128
401 139
338 162
268 480
279 68
249 38
117 91
459 0
409 138
213 41
188 350
377 28
222 259
270 199
473 258
38 30
321 459
267 206
481 185
147 92
16 148
47 365
125 413
414 262
202 296
259 362
112 125
276 480
105 3
361 242
325 142
243 411
486 100
268 470
107 453
448 196
144 129
213 76
285 500
464 341
150 4
355 322
404 341
268 83
127 194
61 57
326 273
453 439
285 40
463 174
253 387
284 281
307 354
492 99
27 5
140 48
423 181
158 5
273 244
281 458
421 39
404 489
36 132
390 135
466 305
323 158
97 130
120 307
360 216
462 154
336 416
212 499
100 323
141 319
454 119
223 163
100 291
166 433
458 152
369 352
434 258
193 65
441 302
373 400
442 193
127 14
251 190
410 55
435 451
97 18
196 191
495 406
395 122
99 109
417 344
367 146
472 315
415 23
475 99
94 364
425 89
128 386
198 231
132 192
203 10
419 188
163 387
136 6
211 101
349 155
185 102
389 380
199 330
388 136
222 271
104 224
110 409
366 337
286 252
354 72
131 384
24 85
53 249
472 46
403 418
329 69
98 32
435 191
342 382
301 273
258 72
238 131
320 318
58 113
304 225
251 197
163 58
171 320
220 422
454 417
269 387
426 165
163 428
68 442
129 89
282 130
401 282
265 402
207 127
19 483
421 101
282 397
49 341
7 325
420 330
429 428
4 452
141 275
261 430
230 285
136 180
426 328
280 103
16 111
447 78
0 325
253 397
423 451
70 219
79 183
28 375
357 417
485 481
373 312
154 377
254 52
314 87
187 452
453 175
223 400
161 434
307 108
46 189
469 48
27 165
282 382
342 292
31 208
251 483
15 494
250 36
385 239
267 146
155 201
76 17
428 493
362 413
374 287
180 34
454 492
354 16
71 109
66 402
279 13
308 245
258 88
382 350
454 65
257 85
461 237
229 477
150 232
170 111
351 118
94 96
339 445
167 308
48 340
85 451
295 348
142 167
64 465
291 370
215 187
23 476
466 495
216 86
430 307
478 79
420 22
214 147
85 369
480 77
220 387
252 35
39 449
431 40
336 167
136 61
87 393
380 333
152 223
479 366
464 55
462 280
154 341
111 338
447 55
385 60
90 166
177 194
159 264
199 387
175 254
468 320
239 369
345 219
450 133
339 242
245 99
279 206
462 39
346 232
115 181
347 351
118 438
313 77
263 348
497 181
209 267
228 475
131 434
243 203
77 407
204 490
222 224
262 83
185 339
493 107
40 175
470 452
237 180
143 353
463 5
25 193
114 3
482 426
180 420
369 349
181 344
263 487
196 158
82 56
88 165
382 272
444 33
385 59
131 199
399 13
374 32
64 171
369 87
150 233
212 163
338 346
291 75
156 239
394 420
141 204
51 275
225 111
257 64
401 27
447 324
288 433
282 364
135 389
122 12
168 426
198 149
466 425
164 175
411 182
175 349
483 256
413 223
416 295
310 179
190 298
410 272
436 368
489 483
246 473
128 483
207 194
373 331
284 82
247 206
9 236
108 321
92 240
87 11
388 447
111 357
346 429
249 450
192 133
211 398
415 68
31 428
461 226
289 52
415 41
343 124
455 113
319 368
476 117
322 41
215 241
91 53
121 74
341 121
70 354
24 9
321 233
94 44
309 488
290 198
170 480
454 396
165 304
462 366
120 375
380 376
360 321
33 74
54 402
83 381
277 337
313 480
475 44
23 172
115 12
381 200
168 494
190 232
6 137
31 219
444 69
359 259
367 133
30 226
297 324
186 64
192 164
321 183
347 294
158 275
107 215
34 444
308 349
190 188
54 209
246 398
277 475
492 481
121 17
291 6
13 410
308 85
462 53
283 143
399 312
340 447
424 483
382 252
426 69
235 175
324 178
310 473
368 60
245 313
381 157
375 467
322 233
428 475
316 251
476 215
382 403
22 246
445 377
114 306
373 451
317 457
364 261
444 375
380 478
32 124
84 407
36 49
430 290
7 181
371 35
213 7
233 242
347 14
296 440
148 226
371 73
213 228
422 406
213 484
293 89
300 27
48 224
98 135
68 340
150 426
218 178
372 230
293 368
192 373
463 475
282 363
392 438
496 419
95 212
236 437
148 183
33 101
100 454
241 279
277 400
304 207
455 394
282 89
366 446
82 256
134 321
47 479
399 139
95 492
12 333
196 162
173 426
411 288
235 355
447 234
478 362
295 468
190 475
443 129
101 228
138 280
69 241
277 312
249 94
319 105
334 493
436 328
207 383
240 16
315 2
366 201
380 281
475 48
148 53
113 443
74 355
328 254
364 219
397 16
250 368
311 349
175 487
476 231
494 275
125 467
268 461
416 76
413 286
449 7
243 457
213 371
238 314
218 403
316 82
308 193
255 297
269 120
382 112
223 288
378 141
226 215
496 325
386 309
135 77
288 284
314 226
210 491
33 294
231 93
21 497
200 307
480 364
62 134
189 471
67 269
221 297
428 351
336 22
246 338
446 485
404 5
121 110
309 293
118 147
294 117
194 322
69 14
379 401
14 39
376 224
204 290
250 125
438 364
448 400
459 257
69 126
393 377
176 84
390 27
205 132
114 72
85 116
349 351
13 464
203 472
390 369
477 335
382 3
415 478
312 465
63 352
14 147
489 195
236 318
282 51
144 252
72 481
454 221
216 73
77 354
205 429
190 109
325 101
356 318
166 472
355 20
199 64
109 306
149 165
320 11
237 73
72 491
486 379
244 173
482 19
464 341
254 413
366 397
455 414
247 91
364 456
367 44
84 44
329 374
58 209
195 207
31 250
344 257
222 466
437 484
427 446
73 265
432 95
490 357
171 198
17 210
245 452
81 100
344 80
222 44
92 50
389 463
441 393
435 114
119 333
360 137
358 186
75 341
118 187
174 166
19 227
390 446
307 139
148 463
187 73
254 426
494 364
130 256
311 41
208 191
19 326
275 12
223 134
153 7
386 350
483 153
138 285
329 356
224 62
419 168
493 161
2 453
35 44
470 411
1 495
497 92
27 100
92 428
123 170
206 251
475 474
377 326
227 441
409 412
86 464
54 326
93 233
244 115
147 304
51 179
383 32
65 108
349 461
109 396
51 187
336 47
183 38
370 33
424 231
6 458
223 152
40 349
334 39
391 256
7 431
194 265
185 497
281 61
248 360
392 20
352 203
314 413
400 237
320 149
357 127
73 392
2 329
329 49
387 409
235 18
257 288
139 294
98 348
269 165
314 203
404 324
434 457
301 87
295 468
405 114
263 86
129 112
216 468
203 227
192 495
445 292
35 408
42 204
232 388
258 491
298 9
302 181
7 350
488 81
302 28
184 266
332 270
234 134
297 436
298 133
46 112
469 95
133 157
413 34
323 213
318 221
285 147
24 59
68 142
290 398
335 445
479 257
235 94
282 109
83 466
425 422
268 337
279 254
61 374
178 168
38 451
484 51
448 256
336 474
191 165
74 165
384 454
284 7
263 13
431 378
444 323
203 221
424 278
232 91
384 87
369 133
200 346
121 421
139 395
4 490
5 486
74 140
67 216
258 128
135 273
201 200
494 383
410 353
423 42
228 433
202 22
395 306
280 255
71 20
72 9
389 386
330 380
161 496
221 258
133 432
260 49
282 368
496 296
171 386
121 403
314 42
456 180
221 255
389 202
64 43
302 28
36 404
396 40
491 218
488 499
270 375
120 311
157 66
487 263
163 489
230 312
435 152
31 250
111 7
5 107
52 114
308 400
275 450
133 301
7 206
475 338
49 239
69 335
251 90
457 322
302 322
386 184
182 445
330 334
296 447
118 20
63 300
413 425
209 472
155 172
144 46
11 282
234 66
262 95
352 159
322 127
216 405
15 168
25 13
307 455
346 217
265 273
423 185
8 245
476 476
445 317
5 259
320 319
194 460
249 112
362 444
200 12
369 202
20 408
264 356
404 243
427 396
138 217
245 441
70 73
319 310
447 178
442 350
370 137
350 480
315 495
397 21
17 246
119 240
182 241
286 488
434 500
429 392
134 79
461 13
289 16
243 351
18 227
452 468
265 312
217 162
483 213
401 11
66 366
253 134
80 144
409 459
242 221
465 324
64 378
410 7
404 21
249 350
430 417
258 64
274 228
37 52
6 331
344 220
369 334
17 392
248 254
447 8
446 189
219 226
93 28
411 277
183 472
262 149
90 444
370 141
87 35
327 75
154 94
357 472
340 410
18 350
431 135
437 462
200 246
340 178
336 453
413 188
318 237
469 383
360 301
260 418
308 88
415 466
224 490
70 326
325 223
346 238
186 395
472 184
417 100
418 470
197 12
373 446
130 210
423 344
291 407
216 480
280 124
217 444
435 418
216 299
426 151
56 398
442 448
386 256
152 257
42 290
1 345
279 342
175 132
97 121
40 305
447 155
103 71
15 477
99 454
314 58
445 419
445 117
126 131
357 439
258 64
152 61
357 356
317 369
395 36
448 448
218 5
130 60
348 343
350 400
79 432
76 9
182 220
12 462
498 135
22 273
399 97
84 357
322 202
213 406
400 220
97 162
72 383
134 427
346 277
67 299
291 418
375 218
326 99
343 223
394 293
354 42
39 317
256 42
376 66
67 414
206 345
57 285
76 389
280 76
338 275
115 120
242 366
64 404
99 378
493 329
155 388
394 108
485 488
27 413
369 490
143 168
320 470
135 315
314 318
261 258
400 489
249 391
225 335
463 451
386 257
354 160
166 47
337 37
416 40
390 180
160 106
151 499
162 59
417 309
191 248
9 396
210 480
48 486
179 133
212 383
429 392
139 411
367 209
419 304
112 413
497 241
184 69
451 221
212 147
494 348
138 457
419 103
478 26
104 488
443 248
222 328
431 261
329 287
72 295
233 488
212 222
81 358
436 176
244 240
344 313
90 301
131 34
330 299
313 174
435 367
184 32
22 151
63 303
71 153
127 427
488 481
406 91
203 12
452 332
38 416
177 271
325 376
436 0
483 227
160 391
51 351
143 242
401 436
65 39
377 326
162 245
82 468
362 68
46 289
392 128
327 123
243 6
264 491
441 147
492 463
435 107
46 174
204 379
335 317
142 130
68 425
422 300
434 21
189 140
438 108
250 429
21 163
138 199
1 76
237 303
413 138
120 79
142 368
88 438
191 102
172 403
283 113
38 456
51 213
90 459
389 97
285 96
277 21
398 419
69 11
100 116
68 7
385 25
297 486
75 117
327 338
136 339
86 403
255 425
69 123
295 279
139 232
339 241
117 296
189 227
79 82
115 408
407 349
423 34
306 138
140 275
426 363
70 391
183 91
470 483
336 483
324 384
247 451
497 38
132 147
170 456
330 387
333 160
410 11
148 85
19 85
138 13
200 139
258 251
13 408
421 37
293 382
469 410
433 204
294 477
495 188
31 213
315 489
125 470
328 181
285 96
40 74
339 178
395 99
115 355
209 75
343 396
437 165
32 183
189 147
362 442
3 454
79 113
397 175
413 211
110 311
330 485
20 317
181 39
360 201
278 433
131 373
62 219
166 184
485 457
59 414
211 65
24 349
171 426
198 290
276 157
136 140
461 33
101 196
10 37
202 306
234 364
249 143
437 28
462 14
205 408
33 94
482 52
337 140
251 7
176 308
229 158
288 248
374 100
144 109
319 342
34 250
4 470
202 461
487 88
72 313
115 271
348 410
291 292
484 51
21 219
118 241
8 345
372 126
217 269
421 470
140 191
398 358
98 272
407 311
182 253
386 142
57 241
290 454
443 284
75 233
317 459
205 324
156 457
204 497
135 104
229 106
385 436
330 444
29 469
80 498
59 454
496 91
50 116
316 318
171 319
260 86
257 296
16 422
37 309
130 31
389 45
96 167
286 345
472 332
193 221
496 159
327 493
371 453
32 105
37 379
74 326
490 110
378 100
159 465
108 192
277 32
18 477
338 464
305 24
444 170
243 302
192 449
324 345
318 450
238 216
480 393
329 449
27 344
156 45
199 461
238 478
366 186
124 54
456 178
418 136
454 156
417 281
350 29
114 216
442 273
103 276
285 26
95 14
126 476
66 85
44 443
216 183
466 362
54 315
260 0
217 421
80 383
485 424
392 139
415 157
492 35
452 107
162 98
378 289
264 170
242 483
172 412
134 132
421 431
478 301
205 251
373 57
274 295
291 270
162 79
217 167
235 39
474 77
295 52
396 316
462 302
46 494
100 259
109 254
398 142
392 163
42 450
45 285
322 364
249 410
419 50
319 443
384 281
414 86
163 452
85 54
197 468
97 431
456 367
367 323
96 420
47 426
495 214
495 212
230 382
248 1
139 23
236 188
56 309
87 497
488 439
80 132
466 171
14 239
57 405
1 260
423 499
81 36
162 250
106 144
405 303
471 418
495 58
450 407
48 12
34 23
131 123
334 144
52 207
433 238
261 254
273 110
44 347
343 308
204 126
17 146
371 327
493 453
230 171
424 197
452 212
488 490
320 456
108 254
207 301
228 11
498 119
70 335
343 392
287 181
243 175
67 241
391 94
45 303
128 46
365 228
172 428
195 302
276 317
300 3
179 24
202 478
40 78
384 51
463 82
337 234
79 415
333 241
261 454
227 367
415 253
320 443
429 123
385 143
192 371
66 201
306 93
297 481
202 20
311 467
281 453
237 32
401 496
88 87
252 145
241 462
185 117
103 113
430 259
20 166
7 85
483 284
308 407
416 194
464 31
123 379
36 83
42 264
37 104
212 414
455 115
351 220
180 221
34 399
495 158
382 81
242 395
281 43
362 99
210 457
207 352
144 27
131 40
41 233
204 151
276 18
258 134
334 196
186 428
4 389
32 458
13 94
413 166
2 69
254 444
81 247
233 185
214 241
55 218
61 394
337 378
359 474
480 359
436 258
42 102
45 255
125 192
160 473
200 178
65 493
34 94
348 118
488 492
455 393
1 497
281 1
166 425
391 21
434 100
126 422
94 366
276 323
1 456
267 243
297 113
142 467
164 202
147 434
477 159
196 66
118 17
224 459
445 75
446 446
488 341
373 229
491 496
123 443
334 219
318 271
355 441
488 283
296 25
383 235
465 127
24 209
72 427
60 28
81 202
18 430
403 450
97 317
90 361
192 119
417 445
319 300
494 453
298 259
303 80
298 37
212 125
396 402
333 416
449 61
342 353
377 454
138 252
142 96
352 115
165 184
473 242
391 54
220 392
151 313
351 297
313 323
491 439
150 45
57 380
220 374
422 252
209 498
498 482
95 350
246 71
242 322
341 339
81 451
435 332
221 132
150 450
439 345
356 153
476 319
225 178
390 455
399 61
287 389
426 43
397 94
150 299
359 256
80 287
208 342
118 274
409 74
398 387
309 83
399 427
82 59
343 437
341 342
375 453
454 46
381 448
135 121
309 378
165 358
335 172
495 135
73 84
73 160
320 436
231 186
86 245
472 467
205 72
122 205
229 206
224 226
37 292
344 496
231 431
101 115
356 59
333 151
443 100
149 49
75 103
497 255
185 107
164 128
347 339
315 358
145 385
299 103
142 330
98 109
146 343
417 438
287 451
197 470
247 273
70 105
387 79
49 452
30 10
417 137
64 54
339 22
97 412
60 466
337 404
68 100
190 115
387 466
480 398
238 83
325 106
416 31
270 165
305 444
67 53
330 383
191 37
41 213
260 413
345 295
453 263
53 104
219 108
250 98
354 452
40 210
397 102
69 193
464 239
31 417
73 20
380 234
433 28
232 434
211 429
300 285
395 10
245 332
366 11
224 150
443 364
181 97
109 70
79 234
391 293
313 467
254 69
84 110
229 275
374 227
396 160
204 39
104 384
354 13
143 492
110 74
302 422
62 171
419 77
337 11
157 385
219 160
362 75
237 352
241 73
309 205
100 82
396 18
199 385
286 491
252 480
144 72
470 156
326 461
436 475
233 475
388 209
275 227
259 89
74 393
96 160
336 159
237 21
314 23
145 209
16 102
57 39
430 162
92 25
41 354
170 38
116 131
49 232
463 276
43 204
130 146
281 375
328 401
374 191
340 380
45 125
263 68
222 396
179 181
432 327
155 443
250 220
255 438
254 193
219 23
444 310
146 369
166 303
460 111
69 246
285 71
321 61
309 369
45 251
404 373
319 53
288 354
103 445
313 183
179 424
227 265
42 426
382 85
359 187
80 444
279 72
63 236
424 398
206 130
45 15
13 268
311 239
497 181
185 89
484 131
384 93
471 386
428 247
71 156
423 117
273 329
50 125
16 10
436 379
266 64
337 282
128 170
5 321
208 105
353 345
335 65
273 399
408 403
351 305
26 84
253 82
345 127
339 239
277 400
126 393
187 288
491 76
227 340
368 329
161 31
307 227
200 468
338 422
462 86
181 333
229 458
183 346
437 336
16 153
214 493
282 237
45 178
165 412
405 230
81 203
146 373
4 238
350 423
359 66
300 200
98 135
71 294
172 348
130 254
20 3
374 329
166 269
441 73
274 270
375 280
239 429
163 55
97 238
436 394
395 99
422 33
244 202
184 173
57 285
446 101
133 453
32 82
366 30
162 320
149 218
405 83
59 434
261 180
444 124
384 322
1 343
314 89
391 89
463 357
229 26
162 46
19 481
218 22
199 22
78 436
184 259
248 270
195 138
198 282
52 336
337 422
62 466
155 394
228 164
271 137
158 489
32 70
61 24
2 415
267 286
49 74
338 320
239 241
170 491
277 32
174 5
364 427
376 38
182 88
228 191
273 468
478 76
111 326
123 161
97 3
260 31
263 45
361 157
424 324
36 299
370 11
279 280
412 104
122 320
368 93
433 330
316 180
101 98
106 276
122 118
39 350
497 218
483 285
237 449
390 362
415 452
330 32
473 115
217 421
388 399
360 14
80 476
391 426
25 417
335 125
163 476
175 57
356 470
185 162
51 156
128 207
373 136
195 387
369 66
253 259
178 410
88 244
434 144
120 45
352 384
170 83
230 301
413 133
399 189
233 481
179 84
308 44
490 267
255 17
332 286
103 176
388 354
47 468
177 464
151 55
272 146
174 92
226 366
381 65
190 121
96 116
264 182
472 39
462 101
400 110
48 16
398 86
452 240
260 278
164 27
86 301
389 34
53 302
21 464
480 4
62 377
471 53
226 182
377 342
205 239
353 352
352 131
214 293
371 42
457 348
256 235
431 366
334 349
238 465
403 2
352 466
74 437
357 495
236 53
161 440
38 43
242 345
135 390
84 230
344 46
387 79
25 416
432 422
81 426
427 59
426 161
205 129
222 462
11 217
280 304
441 163
368 71
327 420
97 339
420 214
18 191
469 282
360 268
394 443
55 432
284 88
242 274
86 176
33 326
425 278
472 31
397 478
133 90
238 395
492 260
274 63
323 440
342 227
254 220
344 211
328 128
55 270
313 345
82 422
227 10
281 303
126 297
258 300
133 253
439 0
405 281
219 369
250 378
475 23
257 211
484 100
217 266
260 266
282 100
150 400
325 120
8 417
158 366
36 375
222 258
107 131
264 159
189 49
165 327
239 479
420 205
126 128
394 458
24 360
313 248
311 362
493 130
166 288
176 237
435 81
296 385
405 143
281 311
71 215
347 224
420 161
217 14
1 88
456 336
144 367
191 199
133 114
205 341
483 176
305 77
336 457
41 103
226 195
417 347
448 194
429 403
443 452
409 209
173 386
97 59
41 159
44 333
218 456
386 293
0 298
381 478
46 203
89 128
210 298
50 379
180 439
3 117
413 307
295 22
87 386
379 298
361 10
368 332
387 253
410 375
121 197
245 14
63 96
390 44
411 59
162 284
249 395
179 258
204 304
355 435
127 112
346 485
257 30
24 113
151 75
236 103
136 236
86 361
145 195
43 135
251 312
48 33
203 315
305 479
341 217
1 12
307 462
466 104
303 435
162 267
289 199
95 324
163 129
27 417
424 11
436 455
365 459
7 434
417 108
303 123
281 93
63 363
408 330
202 472
303 168
120 28
190 69
209 469
245 233
480 106
292 409
457 22
119 184
52 130
292 380
113 330
79 155
276 390
236 392
450 135
420 134
212 138
111 480
22 312
88 466
239 176
155 478
398 183
494 494
173 241
5 486
486 163
230 351
218 381
470 55
56 153
358 84
14 366
211 267
348 205
60 130
353 69
341 374
403 72
343 200
356 37
130 237
383 295
343 206
316 344
338 101
418 311
244 178
65 308
233 327
454 55
244 499
207 191
314 168
496 422
495 173
448 490
372 114
67 459
270 366
252 107
328 347
346 197
90 67
432 323
412 197
86 39
91 121
86 109
191 375
174 443
126 354
485 443
57 482
309 488
305 432
59 145
108 447
75 323
342 325
460 207
119 158
452 36
106 299
106 338
418 21
405 330
333 97
26 392
279 73
107 370
289 96
393 14
479 494
339 350
132 349
157 51
269 260
169 68
189 79
458 110
220 102
308 168
389 126
127 22
301 95
18 75
42 373
147 308
294 5
110 37
190 81
147 392
26 344
100 292
209 346
297 320
464 51
383 23
58 433
329 308
336 283
49 0
96 470
159 409
158 436
25 447
170 141
425 422
6 144
13 134
469 236
255 177
363 432
448 285
347 479
78 17
91 225
52 149
111 138
207 130
139 198
3 489
112 90
274 186
147 26
113 414
70 140
63 339
213 125
235 381
392 219
310 56
165 160
445 230
26 183
76 427
322 268
35 460
98 152
269 419
310 153
482 41
294 499
119 371
361 257
233 218
218 220
223 23
293 213
397 131
443 417
418 209
378 263
233 260
393 303
169 204
412 166
278 205
386 430
17 136
19 85
123 36
154 391
344 83
120 471
442 138
228 183
392 173
310 480
374 141
196 220
48 388
227 360
283 296
358 464
259 13
406 91
405 449
320 191
346 234
155 295
188 490
425 136
45 324
483 108
312 341
214 336
197 235
109 491
461 105
328 300
263 171
65 379
139 163
235 337
490 178
438 30
276 500
4 238
457 151
30 406
69 64
437 312
134 296
422 30
268 66
242 112
57 77
129 283
85 395
340 453
148 132
208 227
263 79
124 263
246 191
184 334
430 391
347 85
119 416
37 350
362 472
226 441
84 178
214 216
332 357
82 454
260 393
189 320
416 385
127 405
277 304
447 155
483 115
402 242
181 227
40 56
313 412
323 191
460 333
489 207
186 122
40 89
59 298
499 74
244 96
120 292
172 208
464 193
193 173
307 273
54 127
159 434
484 225
408 72
28 191
346 289
306 387
391 119
415 64
138 149
145 126
223 452
353 403
113 272
216 220
99 309
110 411
291 393
434 472
485 437
69 451
378 21
406 415
436 284
445 99
322 490
34 465
368 132
368 100
106 428
439 324
308 368
34 420
325 209
476 149
111 103
366 134
66 120
472 80
229 370
35 460
375 388
386 164
382 310
85 79
137 73
371 332
355 475
343 435
180 432
10 73
227 368
450 33
467 84
361 240
386 82
224 274
292 422
164 470
403 217
438 496
135 238
218 114
112 16
389 3
0 203
2 343
92 189
12 277
304 293
306 267
51 393
199 87
414 284
345 60
136 450
254 218
431 357
29 181
480 296
275 377
258 91
135 102
171 493
51 211
129 385
481 10
117 216
135 236
373 353
143 435
206 169
469 25
29 430
349 454
429 114
197 154
9 78
255 223
348 392
356 348
86 475
371 346
298 359
357 151
32 192
307 210
350 438
312 322
285 231
136 217
391 464
138 498
378 124
474 130
338 81
395 458
40 85
206 319
381 35
368 8
4 210
214 268
205 147
61 258
343 385
431 239
248 56
339 186
161 295
295 335
71 20
171 400
14 294
491 427
433 417
99 138
487 460
262 405
261 230
73 55
333 126
134 283
462 443
114 192
76 308
149 75
7 235
57 489
388 462
273 249
183 186
332 431
478 289
126 71
15 316
419 338
372 461
188 72
295 415
215 445
438 75
209 12
171 34
23 488
263 244
341 47
297 326
415 51
36 266
449 463
290 428
305 380
92 274
430 166
230 78
281 329
444 196
189 189
494 152
373 50
148 221
459 373
394 176
349 109
222 302
0 208
397 425
369 180
181 404
11 498
123 202
324 333
202 332
241 267
403 17
128 142
113 298
211 119
239 203
359 181
421 139
0 451
143 33
417 463
65 130
24 263
164 411
467 36
163 473
59 496
208 400
207 295
98 320
19 377
73 466
214 338
90 224
124 275
486 250
334 183
0 342
41 146
0 28
254 133
429 328
57 320
491 349
463 461
246 197
112 366
183 473
403 142
370 241
217 485
60 341
154 333
365 310
290 438
391 355
6 474
82 187
422 159
447 219
170 8
113 36
199 256
378 322
494 122
22 209
31 457
157 181
310 413
281 253
257 1
338 430
119 450
49 89
31 376
71 352
243 141
332 62
42 314
183 445
18 202
302 27
239 338
429 406
495 134
359 494
431 73
431 306
412 217
184 233
315 248
491 296
12 50
385 121
48 327
231 9
62 155
19 431
496 420
91 217
75 453
430 333
333 412
215 117
135 98
124 441
398 468
320 402
48 329
421 309
200 325
245 169
72 432
64 58
447 31
71 50
379 312
335 176
15 11
366 81
396 485
68 216
79 248
340 460
72 285
107 482
330 445
73 117
18 193
36 227
311 184
181 429
351 352
46 210
87 356
495 149
182 416
288 35
329 404
178 254
364 223
309 307
343 250
166 23
12 493
452 138
132 405
245 223
209 214
126 207
430 297
357 79
246 447
318 312
226 64
64 85
9 40
220 253
178 334
447 353
82 4
130 330
303 50
220 180
341 234
129 454
64 403
83 476
85 472
161 156
165 415
308 40
114 302
261 184
12 496
332 9
298 418
331 54
168 444
358 482
244 401
254 229
124 374
453 287
231 218
50 312
53 400
107 369
246 188
397 220
16 342
177 429
89 411
402 300
314 401
276 468
257 215
12 94
143 67
21 377
182 437
121 13
257 325
80 121
240 172
282 231
443 131
312 109
20 239
328 201
303 244
144 59
355 286
22 444
476 76
197 227
152 11
274 350
421 4
217 208
5 315
338 454
407 433
417 155
410 272
103 328
201 18
166 448
491 139
67 72
301 205
120 140
150 359
167 60
155 459
209 74
307 9
274 17
150 138
155 169
300 341
206 164
152 473
467 195
107 492
190 481
220 148
468 120
37 237
368 446
122 438
323 474
379 23
71 342
78 445
382 79
58 269
461 117
219 152
237 274
212 136
15 205
60 400
18 409
156 209
253 395
422 483
416 407
103 227
331 99
150 41
371 179
186 194
450 59
55 172
436 299
151 120
238 187
481 254
13 312
157 113
166 389
354 385
408 467
192 227
297 408
145 77
120 366
86 110
236 280
111 46
76 155
65 142
72 184
168 75
362 212
268 359
341 144
496 53
4 21
264 78
374 48
156 346
398 123
475 196
97 192
482 4
299 142
116 164
470 462
491 265
467 85
288 240
257 56
191 283
125 420
385 361
341 423
316 495
29 446
198 144
256 395
283 170
292 416
22 23
270 45
314 38
457 250
477 265
99 274
196 114
214 177
120 4
414 317
65 491
464 108
91 17
170 212
495 383
377 193
122 188
322 107
299 295
465 230
239 43
42 152
8 426
422 427
61 380
379 207
398 151
390 200
375 422
340 347
10 232
71 481
341 228
201 193
81 105
304 477
77 476
302 295
313 267
389 381
100 371
42 303
232 56
249 71
402 243
145 84
94 202
186 22
218 379
91 362
34 108
302 128
391 145
198 209
386 484
16 393
335 26
30 477
248 403
111 327
344 433
46 325
20 446
458 143
166 193
83 356
384 445
483 314
88 234
113 192
339 48
193 321
257 14
142 260
132 130
436 341
41 301
228 242
355 224
446 66
357 428
192 457
328 99
331 462
485 34
5 224
439 129
143 205
262 253
333 453
337 186
297 137
342 299
206 344
303 313
421 414
375 489
461 57
404 394
125 368
128 117
97 428
128 488
137 498
460 397
156 217
453 259
475 293
105 107
299 192
500 85
121 175
315 192
63 260
102 411
281 68
103 299
237 78
373 140
244 0
160 0
371 432
424 479
98 219
432 292
184 404
4 142
78 454
38 437
298 21
56 399
415 211
167 347
474 152
451 233
188 109
250 44
247 136
246 139
198 194
407 78
53 453
33 18
38 375
427 419
23 50
246 154
287 406
349 389
398 176
27 238
68 392
355 391
57 219
74 127
346 133
261 142
161 40
430 318
44 196
401 473
432 218
380 437
7 149
205 92
256 416
149 361
104 471
261 346
113 229
134 462
200 161
413 310
384 51
256 151
358 150
183 198
153 317
264 73
145 457
318 158
171 485
31 26
50 181
130 500
11 373
289 95
159 399
183 220
57 409
342 63
151 51
331 478
388 262
497 322
398 248
208 203
80 257
97 121
118 115
228 49
296 467
289 374
364 39
121 445
41 285
319 231
353 245
286 453
203 260
482 413
149 53
423 183
85 341
368 448
19 58
419 187
383 435
94 499
2 79
323 193
411 291
87 207
330 33
444 410
351 188
365 240
352 356
415 202
473 151
219 234
92 30
432 403
248 362
76 42
340 493
246 186
486 122
86 447
249 460
329 141
474 300
165 224
361 126
121 325
120 299
413 76
27 286
228 225
11 282
199 193
349 126
122 7
57 13
441 188
159 88
497 463
216 390
433 100
176 172
186 310
192 296
311 357
62 331
383 489
125 270
436 372
83 442
113 435
273 367
99 28
188 301
165 310
0 278
430 183
480 202
344 189
343 309
139 183
337 146
154 159
293 334
203 66
467 19
336 18
347 281
431 214
63 388
206 393
349 152
493 140
301 363
222 18
269 240
474 259
14 221
441 475
346 186
386 113
336 235
384 146
324 181
373 266
109 388
477 133
14 158
41 270
333 100
196 93
130 247
329 219
347 139
200 34
304 228
427 179
38 218
468 127
457 342
69 274
51 470
294 51
240 122
25 404
176 249
343 130
180 214
68 241
376 111
130 182
0 438
181 422
50 324
44 258
310 432
427 281
380 174
434 31
294 338
326 459
229 352
352 374
10 354
56 445
318 333
221 11
341 7
106 248
445 9
91 250
111 9
392 211
66 450
22 72
299 181
500 277
117 47
199 312
411 18
13 460
434 269
339 361
464 2
391 10
364 339
477 213
372 449
74 78
86 152
178 324
18 2
213 104
457 37
401 339
128 189
155 156
138 87
407 29
202 98
101 395
291 394
40 363
121 165
343 118
283 232
150 348
273 412
293 28
310 478
85 199
322 318
427 103
464 435
249 207
81 47
452 12
66 54
85 232
420 87
234 76
500 334
93 488
437 473
477 165
463 459
266 320
467 80
47 368
158 143
43 13
345 220
219 399
151 106
372 377
310 331
288 110
254 196
230 479
52 133
196 57
473 49
266 270
231 158
179 328
112 426
382 103
477 497
127 96
247 483
395 396
398 108
209 405
252 97
457 117
431 84
376 405
111 314
182 432
274 425
118 321
364 366
219 248
337 378
191 245
459 290
284 371
129 352
269 350
359 338
326 327
388 336
481 165
409 85
312 126
237 196
71 388
218 190
80 147
369 146
237 486
191 233
424 307
181 23
96 206
333 203
388 440
423 136
360 29
257 200
205 63
402 417
323 125
393 492
181 127
271 383
372 458
491 76
303 93
86 468
281 436
104 426
292 332
221 34
73 497
409 277
220 337
220 148
155 415
283 118
375 322
32 328
444 88
256 280
287 141
491 275
472 189
396 168
262 382
413 414
277 499
233 178
124 150
338 213
470 486
495 165
458 129
37 303
500 26
31 80
207 372
442 244
110 299
122 202
290 187
305 105
95 25
271 417
234 202
242 205
409 251
363 403
200 324
346 54
339 128
475 454
235 348
494 7
215 90
65 473
9 55
241 496
158 202
135 365
21 5
317 150
392 304
225 390
73 167
49 52
320 279
216 433
343 8
353 170
461 153
291 75
175 470
444 426
428 50
444 367
174 8
39 408
381 404
148 78
50 131
430 420
204 148
94 457
226 64
168 441
30 171
468 18
248 378
312 82
245 33
309 89
296 118
264 477
259 270
284 35
493 146
83 25
494 340
281 189
209 22
393 123
238 183
289 344
204 189
165 144
291 385
467 50
424 331
402 343
15 83
154 408
433 291
410 217
35 418
30 338
287 452
318 316
471 49
136 4
434 381
94 361
253 283
229 473
65 477
163 430
468 275
2 400
465 352
215 486
24 254
287 258
139 2
337 160
251 351
104 497
367 296
264 261
149 375
34 169
33 490
355 19
55 366
288 174
195 453
493 431
207 335
372 150
243 485
280 8
308 104
78 476
113 294
422 98
440 271
30 74
240 386
286 203
394 159
279 277
103 366
188 438
301 171
106 230
454 18
35 261
182 355
368 311
487 350
494 38
138 463
266 201
339 61
300 48
38 136
182 136
53 364
268 60
340 192
240 200
244 395
490 373
496 306
173 366
222 59
225 138
258 143
63 90
239 260
448 402
218 387
302 264
479 74
471 355
235 461
415 368
134 336
349 209
181 333
499 372
411 463
203 280
117 131
217 52
452 161
20 291
247 268
155 289
373 426
254 455
401 412
189 209
151 123
325 67
361 58
209 412
288 301
313 368
231 174
398 208
150 61
150 360
328 387
189 407
495 382
409 18
78 93
1 468
59 297
239 169
123 458
371 423
130 70
471 159
300 116
146 297
108 402
433 360
242 235
246 459
7 253
36 273
400 153
110 304
324 357
371 112
399 157
200 426
119 195
284 348
319 78
416 215
324 465
17 109
463 207
5 187
153 62
109 208
372 175
48 354
102 406
87 468
39 58
432 403
283 398
382 311
435 203
467 324
488 331
446 100
329 487
243 306
470 357
267 169
439 140
338 63
484 273
45 424
146 417
161 49
393 241
40 104
144 431
67 443
488 158
418 414
445 207
146 460
171 318
236 303
15 166
463 452
2 215
387 159
433 270
286 415
7 364
18 362
201 75
235 437
286 252
445 135
138 78
368 471
40 251
108 420
96 375
401 463
152 231
415 36
111 241
238 330
413 495
50 40
13 19
282 126
76 424
201 350
266 499
322 417
368 374
295 498
295 303
353 428
357 16
144 356
390 150
155 380
231 322
322 113
106 437
287 203
213 190
153 434
78 206
440 439
426 175
14 119
33 431
440 45
237 297
306 139
144 58
4 103
219 256
116 323
468 53
415 364
203 67
11 363
343 67
218 416
276 451
263 477
191 22
490 81
290 424
268 348
154 479
407 64
426 265
9 240
41 44
228 287
14 178
402 49
364 30
98 242
496 364
179 377
283 147
363 440
103 289
390 480
103 70
215 55
469 158
64 489
85 106
4 88
490 181
111 83
483 404
492 470
385 141
159 209
378 91
412 315
285 170
91 457
54 212
120 64
436 478
472 432
395 459
361 377
202 335
23 224
380 451
98 144
422 122
401 274
276 178
188 425
302 180
411 72
40 32
249 476
357 497
256 297
36 45
219 394
74 369
320 466
128 451
280 468
366 499
13 294
111 366
248 40
70 32
183 91
489 184
287 163
92 41
279 254
271 313
164 461
326 72
183 463
32 64
27 113
213 50
321 136
203 479
14 159
384 380
152 153
198 312
46 434
467 115
119 170
251 12
111 193
227 357
296 371
184 178
294 29
290 492
337 157
196 142
196 417
207 39
331 282
114 487
414 50
279 156
283 109
183 165
390 455
261 106
331 227
108 4
286 439
465 440
285 116
114 482
311 361
154 123
296 183
432 150
25 327
210 158
374 208
414 385
45 136
462 188
253 433
346 171
464 199
135 129
68 70
39 204
472 253
293 90
451 311
119 480
337 423
74 337
172 341
21 150
200 222
380 325
400 126
354 394
54 212
433 147
36 240
234 199
428 436
345 231
425 76
236 10
117 228
187 127
120 409
463 238
389 128
195 15
140 474
318 148
379 187
304 278
400 281
381 78
60 407
261 227
46 244
126 156
265 50
465 147
333 393
319 229
96 128
353 26
314 37
26 163
428 29
259 10
448 69
498 320
492 167
125 167
233 66
464 39
276 205
482 346
484 208
87 498
407 365
415 366
92 164
456 421
58 265
118 372
136 204
400 425
319 469
158 330
343 416
376 264
462 360
195 488
231 36
68 474
353 106
386 207
394 296
382 474
287 348
311 245
216 338
100 197
54 98
494 209
94 281
355 349
145 353
343 181
171 64
479 367
437 321
230 365
262 31
231 364
53 113
55 478
255 134
372 353
164 257
471 16
22 128
417 224
261 60
470 193
110 141
64 227
421 47
303 411
1 97
105 484
236 76
298 489
203 354
429 299
416 211
105 380
218 18
320 181
